srok;zapros;nomer;data;inn_zakazchika;zakazchik;obekt;tip;inn_eo;ekspertnaya_org;vyvod;istochnik;istochnik_zakazchik
active;центробежный компрессор;41-ТУ-01483-2021;19.01.2021;0276053659;"ООО ""ГАЗПРОМ ТРАНСГАЗ УФА""";Корпус центробежного нагнетателя (компрессора) ЦБК тип Н-370-18-1 зав. № 5541 и ротор тип СПЧ 370-76-1,24 зав. № б/н, ст. № 6, инв. № 081088;ТУ;7805704098;"ООО ""МОНОЛИТ-СПБ""";не в полной мере;https://monitor-pb.ru/conclusion/41-%D0%A2%D0%A3-01483-2021;https://monitor-pb.ru/customer/0276053659
expiring;центробежный компрессор;13-ТУ-02820-2023;27.02.2023;4823006703;"ПАО ""НЛМК""";Центробежный кислородный компрессор 543ЦКК-400/40, инв. 94427, ст. 4;ТУ;4823073763;"ООО ""МЕЖРЕГИОНАЛЬНЫЙ ИНЖИНИРИНГОВЫЙ ЦЕНТР ЭКСПЕРТИЗЫ И ДИАГНОСТИКИ""";не в полной мере;https://monitor-pb.ru/conclusion/13-%D0%A2%D0%A3-02820-2023;https://monitor-pb.ru/customer/4823006703
expired;центробежный компрессор;53-ТУ-32100-2022;25.02.2022;6314006396;"АО ""КНПЗ""";компрессор центробежный 5ЦД-208/30-45М технологический индекс ЦК-1, зав. № 79002;ТУ;6312031510;"ООО ПФ ""ЭДТОН""";не в полной мере;https://monitor-pb.ru/conclusion/53-%D0%A2%D0%A3-32100-2022;https://monitor-pb.ru/customer/6314006396
expired;центробежный компрессор;13-ТУ-08357-2017;24.08.2017;4823006703;"ПАО ""НЛМК""";центробежный кислородный компрессор 543ЦКК-400/40 инв.№90264 ст.№2 кислородный цех;ТУ;4823073763;"ООО ""МЕЖРЕГИОНАЛЬНЫЙ ИНЖИНИРИНГОВЫЙ ЦЕНТР ЭКСПЕРТИЗЫ И ДИАГНОСТИКИ""";не в полной мере;https://monitor-pb.ru/conclusion/13-%D0%A2%D0%A3-08357-2017;https://monitor-pb.ru/customer/4823006703
expired;центробежный компрессор;53-ТУ-32612-2022;01.03.2022;6314006396;"АО ""КНПЗ""";компрессор центробежный 5ЦД-208/30-45М технологический индекс ЦК-1, зав. № 79002;ТУ;6312031510;"ООО ПФ ""ЭДТОН""";не в полной мере;https://monitor-pb.ru/conclusion/53-%D0%A2%D0%A3-32612-2022;https://monitor-pb.ru/customer/6314006396
expired;центробежный компрессор;51-ТУ-37135-2023;28.12.2023;6314006396;"АО ""КНПЗ""";компрессор центробежный 5(7)VR 200/490G технологический индекс ЦК-1, зав. № 430818,;ТУ;6315579093;"ООО ""ИЦ ""АЭ-СИСТЕМЫ""";не соответствует;https://monitor-pb.ru/conclusion/51-%D0%A2%D0%A3-37135-2023;https://monitor-pb.ru/customer/6314006396
expired;центробежный компрессор;13-ТУ-02138-2015;09.04.2015;4823006703;"ПАО ""НЛМК""";Центробежный кислородный компрессор 543 ЦКК 400/40, инв. № 94427, зав. № 82001, ст. № 4, площадка кислородной станции № 2 Кислородного цеха;ТУ;4826051944;"ООО ЛТД ""Монолит""";не в полной мере;https://monitor-pb.ru/conclusion/13-%D0%A2%D0%A3-02138-2015;https://monitor-pb.ru/customer/4823006703
expired;центробежный компрессор;70-ТУ-05454-2019;20.06.2019;8401005730;"ПАО ""ГМК ""НОРИЛЬСКИЙ НИКЕЛЬ""";компрессор центробежный ЦК-135/8 ст. № 3/38М, зав. № 78016, инв. № 30800017158;ТУ;7709842345;"ООО ""БЕЗОПАСНОСТЬ В ПРОМЫШЛЕННОСТИ""";не в полной мере;https://monitor-pb.ru/conclusion/70-%D0%A2%D0%A3-05454-2019;https://monitor-pb.ru/customer/8401005730
expired;центробежный компрессор;13-ТУ-02615-2023;22.02.2023;4823006703;"ПАО ""НЛМК""";Центробежный кислородный компрессор КТК-12,5/3,5, инв. 77980, ст. 6;ТУ;4823073763;"ООО ""МЕЖРЕГИОНАЛЬНЫЙ ИНЖИНИРИНГОВЫЙ ЦЕНТР ЭКСПЕРТИЗЫ И ДИАГНОСТИКИ""";не в полной мере;https://monitor-pb.ru/conclusion/13-%D0%A2%D0%A3-02615-2023;https://monitor-pb.ru/customer/4823006703
expired;центробежный компрессор;13-ТУ-03028-2023;01.03.2023;4823006703;"ПАО ""НЛМК""";Центробежный азотный компрессор КТК-12,5/3,5, инв. 45530, ст. 8;ТУ;4823073763;"ООО ""МЕЖРЕГИОНАЛЬНЫЙ ИНЖИНИРИНГОВЫЙ ЦЕНТР ЭКСПЕРТИЗЫ И ДИАГНОСТИКИ""";не в полной мере;https://monitor-pb.ru/conclusion/13-%D0%A2%D0%A3-03028-2023;https://monitor-pb.ru/customer/4823006703
expired;центробежный компрессор;70-ТУ-04496-2019;24.05.2019;8401005730;"ПАО ""ГМК ""НОРИЛЬСКИЙ НИКЕЛЬ""";компрессор центробежный кислородный КТК-12,5/35, № 14/45М, зав. № 88004, инв. № 30800024010;ТУ;7709842345;"ООО ""БЕЗОПАСНОСТЬ В ПРОМЫШЛЕННОСТИ""";не в полной мере;https://monitor-pb.ru/conclusion/70-%D0%A2%D0%A3-04496-2019;https://monitor-pb.ru/customer/8401005730
expired;центробежный компрессор;70-ТУ-04519-2019;26.05.2019;8401005730;"ПАО ""ГМК ""НОРИЛЬСКИЙ НИКЕЛЬ""";компрессор центробежный кислородный КТК-12,5/35, № 5/28М, зав. № 82008, инв. № 30800022398;ТУ;7709842345;"ООО ""БЕЗОПАСНОСТЬ В ПРОМЫШЛЕННОСТИ""";не в полной мере;https://monitor-pb.ru/conclusion/70-%D0%A2%D0%A3-04519-2019;https://monitor-pb.ru/customer/8401005730
expired;центробежный компрессор;70-ТУ-09726-2018;08.10.2018;8401005730;"ПАО ""ГМК ""НОРИЛЬСКИЙ НИКЕЛЬ""";компрессор центробежный, кислородный КТК-12,5/35, зав. № 78008,ст. № 9/32М, инв. № 24012;ТУ;7816374814;"ООО ""ГЦЭ - СЕВЕР""";не в полной мере;https://monitor-pb.ru/conclusion/70-%D0%A2%D0%A3-09726-2018;https://monitor-pb.ru/customer/8401005730
expired;центробежный компрессор;70-ТУ-09747-2018;08.10.2018;8401005730;"ПАО ""ГМК ""НОРИЛЬСКИЙ НИКЕЛЬ""";компрессор центробежный, кислородный КТК-12,5/35, зав. № 80005,ст. № 6/29М, инв. № 022399;ТУ;7816374814;"ООО ""ГЦЭ - СЕВЕР""";не в полной мере;https://monitor-pb.ru/conclusion/70-%D0%A2%D0%A3-09747-2018;https://monitor-pb.ru/customer/8401005730
expired;центробежный компрессор;70-ТУ-12423-2018;03.12.2018;8401005730;"ПАО ""ГМК ""НОРИЛЬСКИЙ НИКЕЛЬ""";компрессор центробежный, кислородный КТК-12,5/35, зав. № 87004,ст. № 15/46М, инв. № 24011;ТУ;7816374814;"ООО ""ГЦЭ - СЕВЕР""";не в полной мере;https://monitor-pb.ru/conclusion/70-%D0%A2%D0%A3-12423-2018;https://monitor-pb.ru/customer/8401005730
expired;центробежный компрессор;22-ТУ-19533-2016;29.12.2016;5321029508;"ПАО ""АКРОН""";центробежный компрессор поз. GB-732B, зав. № 22-0574. Место эксплуатации: ПАО «Акрон», агрегат № 3 производства нитроаммофоски, 173012, Россия, г. Великий Новгород;ТУ;7816374814;"ООО ""ГЦЭ - СЕВЕР""";не в полной мере;https://monitor-pb.ru/conclusion/22-%D0%A2%D0%A3-19533-2016;https://monitor-pb.ru/customer/5321029508
expired;центробежный компрессор;70-ТУ-05579-2019;24.06.2019;8401005730;"ПАО ""ГМК ""НОРИЛЬСКИЙ НИКЕЛЬ""";компрессор центробежный кислородный КТК-12,5/35 ст. №11/34М, зав. № 80006, инв. № 30800022220;ТУ;7709842345;"ООО ""БЕЗОПАСНОСТЬ В ПРОМЫШЛЕННОСТИ""";не в полной мере;https://monitor-pb.ru/conclusion/70-%D0%A2%D0%A3-05579-2019;https://monitor-pb.ru/customer/8401005730
expired;центробежный компрессор;70-ТУ-05581-2019;24.06.2019;8401005730;"ПАО ""ГМК ""НОРИЛЬСКИЙ НИКЕЛЬ""";компрессор центробежный кислородный КТК-12,5/35 ст. № 18/10М, зав. № 90006, инв. № 30800025313;ТУ;7709842345;"ООО ""БЕЗОПАСНОСТЬ В ПРОМЫШЛЕННОСТИ""";не в полной мере;https://monitor-pb.ru/conclusion/70-%D0%A2%D0%A3-05581-2019;https://monitor-pb.ru/customer/8401005730
expired;центробежный компрессор;70-ТУ-05910-2019;08.07.2019;8401005730;"ПАО ""ГМК ""НОРИЛЬСКИЙ НИКЕЛЬ""";компрессор центробежный кислородный КТК-12,5/35 ст. № 3/14М, зав. № 79008, инв. № 30800015020;ТУ;7709842345;"ООО ""БЕЗОПАСНОСТЬ В ПРОМЫШЛЕННОСТИ""";не в полной мере;https://monitor-pb.ru/conclusion/70-%D0%A2%D0%A3-05910-2019;https://monitor-pb.ru/customer/8401005730
expired;центробежный компрессор;70-ТУ-06010-2018;30.05.2018;8401005730;"ПАО ""ГМК ""НОРИЛЬСКИЙ НИКЕЛЬ""";компрессор центробежный, воздушный К-1700-62-2, ст. № 15/63М, зав. № 9320, инв. № 025010;ТУ;7709842345;"ООО ""БЕЗОПАСНОСТЬ В ПРОМЫШЛЕННОСТИ""";не в полной мере;https://monitor-pb.ru/conclusion/70-%D0%A2%D0%A3-06010-2018;https://monitor-pb.ru/customer/8401005730
expired;центробежный компрессор;13-ТУ-04958-2022;12.04.2022;4823006703;"ПАО ""НЛМК""";Центробежный кислородный компрессор 543ЦКК-400/40, ст. № 2, инв. № 90264, площадка воздухоразделительных установок № 2;ТУ;4823073763;"ООО ""МЕЖРЕГИОНАЛЬНЫЙ ИНЖИНИРИНГОВЫЙ ЦЕНТР ЭКСПЕРТИЗЫ И ДИАГНОСТИКИ""";не в полной мере;https://monitor-pb.ru/conclusion/13-%D0%A2%D0%A3-04958-2022;https://monitor-pb.ru/customer/4823006703
expired;центробежный компрессор;13-ТУ-06662-2022;17.05.2022;4823006703;"ПАО ""НЛМК""";Центробежный кислородный компрессор 543ЦКК-400/40, ст. № 5, инв. № 31583, площадка воздухоразделительных установок № 2;ТУ;4823073763;"ООО ""МЕЖРЕГИОНАЛЬНЫЙ ИНЖИНИРИНГОВЫЙ ЦЕНТР ЭКСПЕРТИЗЫ И ДИАГНОСТИКИ""";не в полной мере;https://monitor-pb.ru/conclusion/13-%D0%A2%D0%A3-06662-2022;https://monitor-pb.ru/customer/4823006703
expired;центробежный компрессор;53-ТУ-41480-2022;27.05.2022;6325004584;"АО ""СНПЗ""";Центробежный компрессор 5VR200-490G, техн. № ЦК-1, зав. № 430819, инв. № 012063, цех № 15, установка ЛГ 35/11-300;ТУ;6312031510;"ООО ПФ ""ЭДТОН""";не в полной мере;https://monitor-pb.ru/conclusion/53-%D0%A2%D0%A3-41480-2022;https://monitor-pb.ru/customer/6325004584
expired;центробежный компрессор;13-ТУ-03714-2022;22.03.2022;4823006703;"ПАО ""НЛМК""";Центробежный воздушный компрессор К-1500-62-2, ст. № 4, инв. № 87843, площадка воздухоразделительных установок № 2;ТУ;4823073763;"ООО ""МЕЖРЕГИОНАЛЬНЫЙ ИНЖИНИРИНГОВЫЙ ЦЕНТР ЭКСПЕРТИЗЫ И ДИАГНОСТИКИ""";не в полной мере;https://monitor-pb.ru/conclusion/13-%D0%A2%D0%A3-03714-2022;https://monitor-pb.ru/customer/4823006703
expired;центробежный компрессор;13-ТУ-06663-2022;17.05.2022;4823006703;"ПАО ""НЛМК""";Центробежный воздушный компрессор К-1500-62-2,ст. № 5, инв. № 62837, площадка воздухоразделительных установок № 2;ТУ;4823073763;"ООО ""МЕЖРЕГИОНАЛЬНЫЙ ИНЖИНИРИНГОВЫЙ ЦЕНТР ЭКСПЕРТИЗЫ И ДИАГНОСТИКИ""";не в полной мере;https://monitor-pb.ru/conclusion/13-%D0%A2%D0%A3-06663-2022;https://monitor-pb.ru/customer/4823006703
expired;центробежный компрессор;13-ТУ-10746-2021;07.10.2021;4823006703;"ПАО ""НЛМК""";центробежный азотный компрессор К-345-92-1, ст.№2, инв.№58727», площадка воздухоразделительных установок №1;ТУ;4823073763;"ООО ""МЕЖРЕГИОНАЛЬНЫЙ ИНЖИНИРИНГОВЫЙ ЦЕНТР ЭКСПЕРТИЗЫ И ДИАГНОСТИКИ""";не в полной мере;https://monitor-pb.ru/conclusion/13-%D0%A2%D0%A3-10746-2021;https://monitor-pb.ru/customer/4823006703
expired;центробежный компрессор;26-ТУ-01740-2020;05.02.2020;5191431170;"АО ""КОЛЬСКАЯ ГМК""";холодильник промежуточный центробежного компрессора К-250-61-2, № 1, инв.№ 20187, площадка цеха энерго и электроснабжения, АО «Кольская ГМК» (пл. Заполярный, Мурманской обл.).;ТУ;7811558423;"ООО ""ГТЭ""";не в полной мере;https://monitor-pb.ru/conclusion/26-%D0%A2%D0%A3-01740-2020;https://monitor-pb.ru/customer/5191431170
expired;центробежный компрессор;26-ТУ-04555-2020;25.03.2020;5191431170;"АО ""КОЛЬСКАЯ ГМК""";холодильник промежуточный центробежного компрессора К-250-61-2, № 2, инв.№ 64854, площадка цеха энерго и электроснабжения, АО «Кольская ГМК» (пл. Заполярный, Мурманской обл.).;ТУ;7811558423;"ООО ""ГТЭ""";не в полной мере;https://monitor-pb.ru/conclusion/26-%D0%A2%D0%A3-04555-2020;https://monitor-pb.ru/customer/5191431170
expired;центробежный компрессор;26-ТУ-09639-2020;15.07.2020;5191431170;"АО ""КОЛЬСКАЯ ГМК""";компрессор центробежный К-250-61-5 № 3, зав.№ 274, инв.№ 66508 площадка цеха энерго и электроснабжения, АО «Кольская ГМК» (пл. Заполярный, Мурманской обл.).;ТУ;7811558423;"ООО ""ГТЭ""";не в полной мере;https://monitor-pb.ru/conclusion/26-%D0%A2%D0%A3-09639-2020;https://monitor-pb.ru/customer/5191431170
expired;центробежный компрессор;66-ТУ-15352-2015;29.12.2015;2443000518;"АО ""АНПЗ ВНК""";центробежный компрессор 5ЦД-208/30-45М заводской номер 96001, технологический номер ЦК-201 АО «АНПЗ ВНК», цех №1, ГК;ТУ;7701027236;"ООО ""ИНТЕРЮНИС""";не в полной мере;https://monitor-pb.ru/conclusion/66-%D0%A2%D0%A3-15352-2015;https://monitor-pb.ru/customer/2443000518
expired;центробежный компрессор;13-ТУ-08083-2018;09.07.2018;4823006703;"ПАО ""НЛМК""";Центробежный воздушный компрессор К-1500-62-1, ст. № 3, инв. № 43548, площадка воздухоразделительных установок № 1 кислородного цеха.;ТУ;4823073763;"ООО ""МЕЖРЕГИОНАЛЬНЫЙ ИНЖИНИРИНГОВЫЙ ЦЕНТР ЭКСПЕРТИЗЫ И ДИАГНОСТИКИ""";не в полной мере;https://monitor-pb.ru/conclusion/13-%D0%A2%D0%A3-08083-2018;https://monitor-pb.ru/customer/4823006703
expired;центробежный компрессор;26-ТУ-00923-2020;23.01.2020;5191431170;"АО ""КОЛЬСКАЯ ГМК""";холодильник промежуточный II ступени центробежного компрессора К-250-61-2, № 3, инв.№ 66508, площадка цеха энерго и электроснабжения, АО «Кольская ГМК» (пл. Заполярный, Мурманской обл.).;ТУ;7811558423;"ООО ""ГТЭ""";не в полной мере;https://monitor-pb.ru/conclusion/26-%D0%A2%D0%A3-00923-2020;https://monitor-pb.ru/customer/5191431170
expired;центробежный компрессор;53-ТУ-32783-2022;02.03.2022;6314006396;"АО ""КНПЗ""";компрессор центробежный 5(7)VR 200/490G технологический индекс ЦК-1, зав. № 430818,установка ЛГ-35/11-300 №2 цеха №1;ТУ;6312031510;"ООО ПФ ""ЭДТОН""";не в полной мере;https://monitor-pb.ru/conclusion/53-%D0%A2%D0%A3-32783-2022;https://monitor-pb.ru/customer/6314006396
expired;центробежный компрессор;53-ТУ-39173-2022;29.04.2022;6330017980;"АО ""ННК""";Центробежный компрессор марки К-400-51-2, технологический индекс 3/3, заводской № 6008, АО «Новокуйбышевская нефтехимическая компания» цех №5, отделение 0502.;ТУ;6316081279;"ООО ""НПК ""СИНКО""";не в полной мере;https://monitor-pb.ru/conclusion/53-%D0%A2%D0%A3-39173-2022;https://monitor-pb.ru/customer/6330017980
expired;центробежный компрессор;59-ТУ-18640-2017;29.05.2017;7202116628;"АО ""СИБУРТЮМЕНЬГАЗ""";техническое устройство – Центробежный компрессор марки К-354-101-1, тех. № ТК-1, зав.№ 9628 (Площадка Вынгаяхинской компрессорной станции промысловой (Вынгапуровский ГПЗ) АО СибурТюменьГаз»);ТУ;7801082551;"АО НДЦ НПФ ""РУССКАЯ ЛАБОРАТОРИЯ""";не в полной мере;https://monitor-pb.ru/conclusion/59-%D0%A2%D0%A3-18640-2017;https://monitor-pb.ru/customer/7202116628
expired;центробежный компрессор;70-ТУ-08424-2020;03.07.2020;8401005730;"ПАО ""ГМК ""НОРИЛЬСКИЙ НИКЕЛЬ""";компрессор центробежный кислородный КТК-12,5/35 ст. 19/11М, зав. № 90004, инв. № 30800025314;ТУ;7709842345;"ООО ""БЕЗОПАСНОСТЬ В ПРОМЫШЛЕННОСТИ""";не в полной мере;https://monitor-pb.ru/conclusion/70-%D0%A2%D0%A3-08424-2020;https://monitor-pb.ru/customer/8401005730
expired;центробежный компрессор;43-ТУ-20669-2018;21.12.2018;1658008723;"ПАО ""КАЗАНЬОРГСИНТЕЗ""";"Компрессор центробежный марки К-210-62-1м, Зав. №3960; Техн. №В-6, эксплуатируемые в цехе №0771-0776, завода «Этилен» ПАО «Казаньоргсинтез», г. Казань, Республика Татарстан";ТУ;1658200184;"ООО ""ТЕХНОПРОМ"" (ИНН 1658200184)";не соответствует;https://monitor-pb.ru/conclusion/43-%D0%A2%D0%A3-20669-2018;https://monitor-pb.ru/customer/1658008723
expired;центробежный компрессор;68-ТУ-32520-2019;13.12.2019;4218000951;"АО ""ЕВРАЗ ЗСМК""";"техническое устройство: центробежный компрессор типа К-1500-62-2 станционный № 11, заводской № 4226, й АО ""ЕВРАЗ ЗСМК"" АЭ.16.00125.002";ТУ;4220024710;"ООО ""ЭНЕРГОПРОМ-М""";не в полной мере;https://monitor-pb.ru/conclusion/68-%D0%A2%D0%A3-32520-2019;https://monitor-pb.ru/customer/4218000951
expired;центробежный компрессор;70-ТУ-08422-2020;03.07.2020;8401005730;"ПАО ""ГМК ""НОРИЛЬСКИЙ НИКЕЛЬ""";компрессор центробежный кислородный КТК-12,5/35 ст. № 13/42 М, зав. № 83010, инв. № 30800023127;ТУ;7709842345;"ООО ""БЕЗОПАСНОСТЬ В ПРОМЫШЛЕННОСТИ""";не в полной мере;https://monitor-pb.ru/conclusion/70-%D0%A2%D0%A3-08422-2020;https://monitor-pb.ru/customer/8401005730
expired;центробежный компрессор;13-ТУ-12045-2015;16.11.2015;4823006703;"ПАО ""НЛМК""";Компрессор центробежный кислородный марки КТК-12.5/35, инв. №77980, зав. №74003, ст. № 3, эксплуатируемый на участке компрессии кислорода и азота, площадка кислородной станции №1;ТУ;1660016351;"АО ""НИИТУРБОКОМПРЕССОР ИМ.В.Б.ШНЕППА""";не в полной мере;https://monitor-pb.ru/conclusion/13-%D0%A2%D0%A3-12045-2015;https://monitor-pb.ru/customer/4823006703
expired;центробежный компрессор;57-ТУ-30283-2019;30.07.2019;7202116628;"АО ""СИБУРТЮМЕНЬГАЗ""";на техническое устройство - Центробежный компрессор марки К-890-121-1, техн. № КЦ-101/1, зав. № 8753 (Площадка переработки попутного нефтяного газа Няганьгазпереработка АО «СибурТюменьГаз», УПГ-2);ТУ;7801082551;"АО НДЦ НПФ ""РУССКАЯ ЛАБОРАТОРИЯ""";не в полной мере;https://monitor-pb.ru/conclusion/57-%D0%A2%D0%A3-30283-2019;https://monitor-pb.ru/customer/7202116628
expired;центробежный компрессор;28-ТУ-17576-2020;23.10.2020;3528000597;"ПАО ""СЕВЕРСТАЛЬ""";центробежный компрессор КТК - 12,5/35, ст. № 14 зав.№ 80002 «Северсталь», применяемое на ОПО «Площадка кислородного цеха»,свидетельство регистрации А28-00205-0049 от 06.08.2020г., класс опасности – I.;ТУ;7106071773;"ООО ""ЭКСПЕРТИЗА ПБИС""";не в полной мере;https://monitor-pb.ru/conclusion/28-%D0%A2%D0%A3-17576-2020;https://monitor-pb.ru/customer/3528000597
expired;центробежный компрессор;59-ТУ-03364-2018;30.01.2018;7202116628;"АО ""СИБУРТЮМЕНЬГАЗ""";техническое устройство - Центробежный компрессор марки К-890-122-1, техн. № КЦ-201/1, зав. № 9346 (Площадка переработки попутного нефтяного газа Губкинского ГПЗ АО «СибурТюменьГаз», ЦПГ, УПГ-2);ТУ;7801082551;"АО НДЦ НПФ ""РУССКАЯ ЛАБОРАТОРИЯ""";не в полной мере;https://monitor-pb.ru/conclusion/59-%D0%A2%D0%A3-03364-2018;https://monitor-pb.ru/customer/7202116628
expired;центробежный компрессор;13-ТУ-04977-2015;29.06.2015;4823006703;"ПАО ""НЛМК""";Компрессор центробежный кислородный марки КТК-12,5/35, зав. № 74008, ст. № 6, инв. № 77980, эксплуатируемый на участке компрессии кислорода и азота, площадка кислородной станции № 1 Кислородного цеха;ТУ;1660016351;"АО ""НИИТУРБОКОМПРЕССОР ИМ.В.Б.ШНЕППА""";не в полной мере;https://monitor-pb.ru/conclusion/13-%D0%A2%D0%A3-04977-2015;https://monitor-pb.ru/customer/4823006703
expired;центробежный компрессор;13-ТУ-06606-2015;03.08.2015;4823006703;"ПАО ""НЛМК""";Компрессор центробежный азотный марки КТК-12.5/35, зав. № 76008, ст. № 8, инв. № 45530, эксплуатируемый на участке компрессии кислорода и азота, площадка кислородной станции № 1 кислородного цеха;ТУ;1660016351;"АО ""НИИТУРБОКОМПРЕССОР ИМ.В.Б.ШНЕППА""";не в полной мере;https://monitor-pb.ru/conclusion/13-%D0%A2%D0%A3-06606-2015;https://monitor-pb.ru/customer/4823006703
expired;центробежный компрессор;13-ТУ-14483-2015;22.12.2015;4823006703;"ПАО ""НЛМК""";Компрессор центробежный азотный марки КТК-12.5/35, инв. № 45530, зав. № 76008, ст. № 8, эксплуатируемый на участке компрессии кислорода и азота, площадка кислородной станции № 1 кислородного цеха;ТУ;1660016351;"АО ""НИИТУРБОКОМПРЕССОР ИМ.В.Б.ШНЕППА""";не в полной мере;https://monitor-pb.ru/conclusion/13-%D0%A2%D0%A3-14483-2015;https://monitor-pb.ru/customer/4823006703
expired;центробежный компрессор;43-ЗС-02230-2021;20.02.2021;1658008723;"ПАО ""КАЗАНЬОРГСИНТЕЗ""";"«Фундамент центробежного компрессора марки К-605-182-1М, эксплуатируемого на опасном производственном объекте «Площадка производства этилена, завод «Этилена» (цеха №201-203; 204-205; 2021-2045; 771-776; 58-68; 65-76)»";ЗС;1650261026;"ООО ""Алгоритм НЧ""";не в полной мере;https://monitor-pb.ru/conclusion/43-%D0%97%D0%A1-02230-2021;https://monitor-pb.ru/customer/1658008723
expired;центробежный компрессор;28-ТУ-00739-2024;16.01.2024;3528000597;"ПАО ""СЕВЕРСТАЛЬ""";"центробежный компрессор КТК-12,5/35, ст.№ 14 зав.№80002, применяемый на ОПО I класса опасности, рег. № А28-00205-0049 «Площадка кислородного цеха» ПАО ""Северсталь"" г. Череповец Вологодская область";ТУ;6671344191;"ООО ""Промэнергобезопасность""";не соответствует;https://monitor-pb.ru/conclusion/28-%D0%A2%D0%A3-00739-2024;https://monitor-pb.ru/customer/3528000597
expired;центробежный компрессор;28-ТУ-21130-2021;13.12.2021;3528000597;"ПАО ""СЕВЕРСТАЛЬ""";"центробежный компрессор КТК-12,5/35, ст.№ 2 зав.№ 63001, применяемый на ОПО I класса опасности, рег. № А28-00205-0049 «Площадка кислородного цеха» ПАО ""Северсталь"" г. Череповец Вологодская область.";ТУ;6671344191;"ООО ""Промэнергобезопасность""";не в полной мере;https://monitor-pb.ru/conclusion/28-%D0%A2%D0%A3-21130-2021;https://monitor-pb.ru/customer/3528000597
expired;центробежный компрессор;28-ТУ-21131-2021;13.12.2021;3528000597;"ПАО ""СЕВЕРСТАЛЬ""";"центробежный компрессор КТК-12,5/35, ст.№ 3 зав.№ 63003, применяемый на ОПО I класса опасности, рег. № А28-00205-0049 «Площадка кислородного цеха» ПАО ""Северсталь"" г. Череповец Вологодская область.";ТУ;6671344191;"ООО ""Промэнергобезопасность""";не в полной мере;https://monitor-pb.ru/conclusion/28-%D0%A2%D0%A3-21131-2021;https://monitor-pb.ru/customer/3528000597
expired;центробежный компрессор;58-ТУ-21114-2021;24.06.2021;8602060555;"ПАО ""СУРГУТНЕФТЕГАЗ""";центробежный компрессор 2/2-С-102В 553В6, зав.№553-6-3844F, применяемый на опасном производственном объекте Площадка газоперерабатывающего завода Управления по переработке газа рег. №А58-70020-0341 (ЦПГ №1 УКПГ №1 КС-1) ПАО «Сургутнефтегаз»;ТУ;8605020617;"ООО ""АЛЬЯНСЭКСПЕРТ""";не в полной мере;https://monitor-pb.ru/conclusion/58-%D0%A2%D0%A3-21114-2021;https://monitor-pb.ru/customer/8602060555
expired;центробежный компрессор;28-ТУ-01390-2021;01.02.2021;3528000597;"ПАО ""СЕВЕРСТАЛЬ""";"Центробежный компрессор КТК-12,5/35, ст.№ 13 зав.№ 74018, применяемый на ОПО I класса опасности, рег. № А28-00205-0049 «Площадка кислородного цеха» ПАО ""Северсталь"" г. Череповец Вологодская область.";ТУ;6671344191;"ООО ""Промэнергобезопасность""";не в полной мере;https://monitor-pb.ru/conclusion/28-%D0%A2%D0%A3-01390-2021;https://monitor-pb.ru/customer/3528000597
expired;центробежный компрессор;28-ТУ-01392-2021;01.02.2021;3528000597;"ПАО ""СЕВЕРСТАЛЬ""";"Центробежный компрессор КТК-12,5/35, ст.№ 16 зав.№ 78011, применяемый на ОПО I класса опасности, рег. № А28-00205-0049 «Площадка кислородного цеха» ПАО ""Северсталь"" г. Череповец Вологодская область.";ТУ;6671344191;"ООО ""Промэнергобезопасность""";не в полной мере;https://monitor-pb.ru/conclusion/28-%D0%A2%D0%A3-01392-2021;https://monitor-pb.ru/customer/3528000597
expired;центробежный компрессор;28-ТУ-21088-2021;13.12.2021;3528000597;"ПАО ""СЕВЕРСТАЛЬ""";"на техническое устройство центробежный компрессор КТК-12,5/35, ст.№ 6 зав.№ 69011, применяемый на ОПО I класса опасности, рег. № А28-00205-0049 «Площадка кислородного цеха» ПАО ""Северсталь"" г. Череповец Вологодская область.";ТУ;6671344191;"ООО ""Промэнергобезопасность""";не в полной мере;https://monitor-pb.ru/conclusion/28-%D0%A2%D0%A3-21088-2021;https://monitor-pb.ru/customer/3528000597
expired;центробежный компрессор;68-ТУ-17993-2022;30.05.2022;4219000048;"АО  ""ЦОФ ""Абашевская""""";технические устройства: технологического оборудования цеха «ВШХ»: насос центробежный секционный НЦС180-340, инв. № 6661, поз. № 1914, зав. № 180053, технологического оборудования цеха «Сушки»: компрессор поршневой ЕСР 630-250, инв. № 6741, зав.№ 24318-7219752 , насос центробежный шламовый ШН250-34, инв. № 6559, поз. № 1038, зав. № 2301, технологического оборудования цеха «ПСХ»: насос центробежный двустороннего входа Д320-50, инв.№6668, поз.№1414, зав.№ 7У6, применяемые на опасном производственном объекте II класса опасности АО «ЦОФ «Абашевская»;ТУ;4216000113;"АО ""СШМНУ""";не в полной мере;https://monitor-pb.ru/conclusion/68-%D0%A2%D0%A3-17993-2022;https://monitor-pb.ru/customer/4219000048
expired;центробежный компрессор;35-ТУ-01529-2017;20.02.2017;2624022320;"ООО ""СТАВРОЛЕН""";Компрессор центробежный DELAVAL-STORK 1C52, поз:430/1301А, зав№9662, г/выпуска:1975г, рабочая среда: этилен, назначение: работа в технологической схеме, в составе ОПО: «Площадка цеха №3 полимиризации этилена производства углеводородов, их соединений» ООО «Ставролен» (А35-00154-0005);ТУ;2635042896;"ООО фирма ""Инженерный центр""";не в полной мере;https://monitor-pb.ru/conclusion/35-%D0%A2%D0%A3-01529-2017;https://monitor-pb.ru/customer/2624022320
expired;центробежный компрессор;35-ТУ-01530-2017;20.02.2017;2624022320;"ООО ""СТАВРОЛЕН""";Компрессор центробежный DELAVAL-STORK 1C52, поз:430/1301В, зав№9663, г/выпуска:1975г, рабочая среда: этилен, назначение: работа в технологической схеме, в составе ОПО: «Площадка цеха №3 полимиризации этилена производства углеводородов, их соединений» ООО «Ставролен» (А35-00154-0005);ТУ;2635042896;"ООО фирма ""Инженерный центр""";не в полной мере;https://monitor-pb.ru/conclusion/35-%D0%A2%D0%A3-01530-2017;https://monitor-pb.ru/customer/2624022320
expired;центробежный компрессор;43-ТУ-289820-2023;02.03.2023;1648032420;"АО ""ПОЗИС""";Заключение экспертизы промышленной безопасности 519-1-22ПБ-8 на техническое устройство, применяемое на опасном производственном объекте: компрессор центробежный ЦК-135/8, зав.34876, применяемый на ОПО Площадка организации компрессорной подачи сжатого воздуха (рег. А43-01138-0010, IV класс опасности), эксплуатируемый АО ПОЗиС, расположенный по адресу: Республика Татарстан;ТУ;9709004234;"АО ""ВО ""БЕЗОПАСНОСТЬ""";не в полной мере;https://monitor-pb.ru/conclusion/43-%D0%A2%D0%A3-289820-2023;https://monitor-pb.ru/customer/1648032420
expired;центробежный компрессор;53-ТУ-12407-2021;16.07.2021;6320004728;"АО ""ТОАЗ""";центробежный компрессор ЦВД тип 1М9, ЦНД тип 2М6, технологический индекс К-01А, заводской № 2-6-3399-F, 1-9-3401-F, опасный производственный объект (ОПО): Площадка цеха подготовки аммиака к транспортировке: № А53-01507-0004, класс опасности ОПО: I, эксплуатирующая организация: ПАО «ТОАЗ», место установки: цех №13, корп.401;ТУ;7731463536;"ООО ""ГАЗТЕХЭКСПЕРТ""";не в полной мере;https://monitor-pb.ru/conclusion/53-%D0%A2%D0%A3-12407-2021;https://monitor-pb.ru/customer/6320004728
expired;центробежный компрессор;43-ТУ-15536-2020;27.11.2020;1648032420;"АО ""ПОЗИС""";заключение экспертизы промышленной безопасности технических устройств (рег. № 1709-ТУ/20 от 09.09.2020) применяемых на опасном производственном объекте «Площадка организации компрессорной подачи сжатого воздуха» рег. № А43-01138-0010, IV класса опасности: - компрессор центробежный ЦК-135/8, зав.№36987, эксплуатирующийся в АО «Производственное объединение «Завод имени Серго» по адресу: РТ, г. Зеленодольск, ул. Привокзальная 4;ТУ;1650261026;"ООО ""Алгоритм НЧ""";не в полной мере;https://monitor-pb.ru/conclusion/43-%D0%A2%D0%A3-15536-2020;https://monitor-pb.ru/customer/1648032420
expired;центробежный компрессор;43-ТУ-15539-2020;27.11.2020;1648032420;"АО ""ПОЗИС""";заключение экспертизы промышленной безопасности технических устройств (рег. № 1708-ТУ/20 от 09.09.2020) применяемых на опасном производственном объекте «Площадка организации компрессорной подачи сжатого воздуха» рег. № А43-01138-0010, IV класса опасности: - компрессор центробежный ЦК-135/8, зав.№34876, эксплуатирующийся в АО «Производственное объединение «Завод имени Серго» по адресу: РТ, г. Зеленодольск, ул. Привокзальная 4;ТУ;1650261026;"ООО ""Алгоритм НЧ""";не в полной мере;https://monitor-pb.ru/conclusion/43-%D0%A2%D0%A3-15539-2020;https://monitor-pb.ru/customer/1648032420
expired;центробежный компрессор;25-ТУ-01877-2019;22.03.2019;1106014140;"ООО ""ЛУКОЙЛ-Коми"" (ИНН 1106014140)";"""Насосно-компрессорное оборудование: насос вихревой ВК 5/32А, компрессор воздушный поршневой 4ВУ1-5/9, насос шестеренный НМШ 5-25-4,0/4, насос шестеренный НМШ 5-25-4,0/4Б, насос вихревой ВК 4/24А, насос центробежный консольный КМ 100-65-200, насос центробежный консольный КМ 100-65-200, насос вихревой ВК 2/26, насос вихревой ВК 2/26, насос дозировочный НД 2,5 10/160 К14В, насос дозировочный НД 1,0 10/100 К14В, насос центробежный полупогружной FDRC 80-400, насос центробежный полупогружной FDRC 80-400, насос центробежный полупогружной FDRC 80-400, насос центробежный полупогружной FDRC 80-400, Зав. № 06С1, 88656, 3428, 10П171, 622, 02357, 02330, Р6502, Р6493, Г672, В1 107, 401435, 89405029, 405027, 405028, Рег.№ б/н, КВ-1, 1, 2, 1, Н-1/1, Н-1/2, Н-2/1, Н-2/2, БР-1/1, БР-1/2, Нп-1, Нп-2, Нп-3, Нп-4, УППН, Северо-Савиноборское месторождение, КЦДНГ-1 , ТПП ""ЛУКОЙЛ-Ухтанефтегаз""";ТУ;1102005592;"ООО ЦНИПР ""ТЕХБЕЗОПАСНОСТЬ""";не в полной мере;https://monitor-pb.ru/conclusion/25-%D0%A2%D0%A3-01877-2019;https://monitor-pb.ru/customer/1106014140
expired;центробежный компрессор;43-ТУ-289818-2023;02.03.2023;1648032420;"АО ""ПОЗИС""";Заключение экспертизы промышленной безопасности 520-1-22ПБ-8 на техническое устройство применяемое на опасном производственном объекте: компрессор центробежный ЦК-135/8, зав. 36987, применяемый на ОПО Площадка организации компрессорной подачи сжатого воздуха (рег. А43-01138-0010, IV класс опасности), эксплуатируемый АО ПОЗиС, расположенный по адресу : Республика Татарстан, г.Зеленодольск, ул. Привокзальная, д.4;ТУ;9709004234;"АО ""ВО ""БЕЗОПАСНОСТЬ""";не в полной мере;https://monitor-pb.ru/conclusion/43-%D0%A2%D0%A3-289818-2023;https://monitor-pb.ru/customer/1648032420
expired;центробежный компрессор;19-ТУ-05547-2022;29.03.2022;8401005730;"ПАО ""ГМК ""НОРИЛЬСКИЙ НИКЕЛЬ""";Компрессор воздушный центробежный К-1700-62-2 ст. № 15/63М, зав. № 9320, инв. № 30800025010. Эксплуатирующая организация: Заполярный филиал ПАО «ГМК «Норильский никель» Наименование ОПО: Площадка установки получения кислорода Надеждинского металлургического завода имени Б.И. Колесникова Заполярного филиала ПАО «ГМК «Норильский никель», рег. № А70-00001-0271, III класс опасности;ТУ;7816374814;"ООО ""ГЦЭ - СЕВЕР""";не в полной мере;https://monitor-pb.ru/conclusion/19-%D0%A2%D0%A3-05547-2022;https://monitor-pb.ru/customer/8401005730
expired;центробежный компрессор;43-ТУ-289998-2023;03.03.2023;1648032420;"АО ""ПОЗИС""";Заключение экспертизы промышленной безопасности 521-1-22ПБ-8 на техническое устройство, применяемое на опасном производственном объекте: компрессор центробежный К-250-61-2, зав.50390, применяемый на ОПО Площадка организации компрессорной подачи сжатого воздуха (рег. А43-01138-0010, IV класс опасности), эксплуатируемый АО ПОЗиС, расположенный по адресу: Республика Татарстан, г.Зеленодольск, ул. Привокзальная, д.4;ТУ;9709004234;"АО ""ВО ""БЕЗОПАСНОСТЬ""";не в полной мере;https://monitor-pb.ru/conclusion/43-%D0%A2%D0%A3-289998-2023;https://monitor-pb.ru/customer/1648032420
expired;центробежный компрессор;19-ТУ-15093-2022;22.08.2022;8401005730;"ПАО ""ГМК ""НОРИЛЬСКИЙ НИКЕЛЬ""";Техническое устройство: Компрессор центробежный кислородный КТК-12,5/35, ст. №8/31М, зав. №79005, инв. № 30800017165. Эксплуатирующая организация: Заполярный филиал ПАО «ГМК «Норильский никель» Наименование ОПО: Площадка установки получения кислорода Надеждинского металлургического завода имени Б.И. Колесникова Заполярного филиала ПАО «ГМК «Норильский никель», рег. № А70-00001-0271, III класс опасности;ТУ;7816374814;"ООО ""ГЦЭ - СЕВЕР""";не в полной мере;https://monitor-pb.ru/conclusion/19-%D0%A2%D0%A3-15093-2022;https://monitor-pb.ru/customer/8401005730
expired;центробежный компрессор;68-ТУ-12274-2022;11.04.2022;4205049090;"АО ""УК ""КУЗБАССРАЗРЕЗУГОЛЬ""";"Компрессор SCK-42/10 поз. №504, инв. №05/65022; Насос 150/100 С-MU поз. №121, инв. №05/60680; Насос 150/100 С-MU поз. №122, инв. №05/60471; Насос 150/100 С-MU поз. №122/1, инв. №05/60472; Насос 150/100 С-MU поз. №126, инв. №05/60473; Насос центробежный шламовый ШН 250-34 поз. №143, инв. №05/60324; Насос 8/6 E-АНЕ поз. №73, инв. №05/64747; Насос 65 QVSP поз. №75, инв. №05/60504; Насос 4/3 D-АНЕ поз. №145, инв. №05/64724; Насос 65 QVSP поз. №146, инв. №05/64753";ТУ;4220020338;"ООО ""ПКП БПС""";не в полной мере;https://monitor-pb.ru/conclusion/68-%D0%A2%D0%A3-12274-2022;https://monitor-pb.ru/customer/4205049090
active;нагнетатель;42-ТУ-456081-2025;18.11.2025;4218000951;"АО ""ЕВРАЗ ЗСМК""";техническое устройство нагнетатель коксового газа (НКГ) №2, с задвижками коксового газа Ш-362, Ш-379, и регулятором ДРЗ-2 (наименование объекта в SAP: Нагнетатель коксового газа Н-1200-27-2 N 2) инв. № 109000011425-00, отделения очистки коксового газа цеха химического улавливания и производства коксохимической продукции, КХП АО «ЕВРАЗ ЗСМК;ТУ;4218022962;"АЭ ""СПЧС""";не соответствует;https://monitor-pb.ru/conclusion/42-%D0%A2%D0%A3-456081-2025;https://monitor-pb.ru/customer/4218000951
active;нагнетатель;51-ТУ-13160-2016;25.07.2016;6453010110;"ООО ""ГАЗПРОМ ТРАНСГАЗ САРАТОВ""";технические устройства, применяемые на опасном производственном объекте: надземная трубопроводная обвязка центробежных нагнетателей компрессорного цеха №3. Инвентарный № 51122337.;ТУ;7725843681;"ООО ""ГАЗМАШПРОЕКТ""";не в полной мере;https://monitor-pb.ru/conclusion/51-%D0%A2%D0%A3-13160-2016;https://monitor-pb.ru/customer/6453010110
active;нагнетатель;68-ТУ-55243-2023;13.03.2023;4218000951;"АО ""ЕВРАЗ ЗСМК""";нагнетатель коксового газа (НКГ) №6 инв. № 109000005446-00 ООКГ ЦХУиПКХП, КХП АО «ЕВРАЗ ЗСМК;ТУ;4218022962;"АЭ ""СПЧС""";не в полной мере;https://monitor-pb.ru/conclusion/68-%D0%A2%D0%A3-55243-2023;https://monitor-pb.ru/customer/4218000951
active;нагнетатель;59-ТУ-60496-2025;10.09.2025;5920000593;"ООО ""ГАЗПРОМ ТРАНСГАЗ ЧАЙКОВСКИЙ""";Заключение экспертизы промышленной безопасности на техническое устройство, применяемое на опасном производственном объекте: Нагнетатель центробежный типа НЦ-12/56-1,44, зав.№1, ст.№11, ротор НЦ 00 НЦ12 0320-101, №140хН2МА, инв.№ 321215;ТУ;7813411480;"ООО ""НИИПГАЗА""";не соответствует;https://monitor-pb.ru/conclusion/59-%D0%A2%D0%A3-60496-2025;https://monitor-pb.ru/customer/5920000593
active;нагнетатель;27-ТУ-03871-2023;01.03.2023;1102024468;"ООО ""ГАЗПРОМ ТРАНСГАЗ УХТА""";"газоперекачивающий агрегат типа ГТК -10ИР зав.№244487, с нагнетателем типа PCL 802/24 зав.№9796, инв.№126400, ст.№34, применяемый на ОПО: ""Площадка компрессорной станции Приводинского ЛПУМГ"" рег. №А25-00261-0630";ТУ;7813411480;"ООО ""НИИПГАЗА""";не в полной мере;https://monitor-pb.ru/conclusion/27-%D0%A2%D0%A3-03871-2023;https://monitor-pb.ru/customer/1102024468
active;нагнетатель;66-ТУ-388680-2025;23.10.2025;6623000680;"ПАО ""ЕВРАЗ""";Заключение экспертизы промышленной безопасности технического устройства – нагнетатель коксового газа типа 1200-27-2, зав.№ 10, ст.№1, применяемый на опасном производственном объекте металлургической промышленности II класса опасности, рег.№А54-00438-0025 «Участок улавливания химических продуктов коксовых батарей №9, 10» ПАО «ЕВРАЗ НТМК» г. Нижний Тагил;ТУ;6671344191;"ООО ""Промэнергобезопасность""";не соответствует;https://monitor-pb.ru/conclusion/66-%D0%A2%D0%A3-388680-2025;https://monitor-pb.ru/customer/6623000680
active;нагнетатель;66-ТУ-388706-2025;23.10.2025;6623000680;"ПАО ""ЕВРАЗ""";Заключение экспертизы промышленной безопасности технического устройства – нагнетатель коксового газа типа 1200-27-2, зав.№ 70, ст.№2, применяемый на опасном производственном объекте металлургической промышленности II класса опасности, рег.№А54-00438-0025 «Участок улавливания химических продуктов коксовых батарей №9, 10» ПАО «ЕВРАЗ НТМК» г. Нижний Тагил;ТУ;6671344191;"ООО ""Промэнергобезопасность""";не соответствует;https://monitor-pb.ru/conclusion/66-%D0%A2%D0%A3-388706-2025;https://monitor-pb.ru/customer/6623000680
active;нагнетатель;51-ЗС-02768-2017;02.03.2017;6453010110;"ООО ""ГАЗПРОМ ТРАНСГАЗ САРАТОВ""";сооружение, применяемого на опасном производственном объекте: Надземная трубопроводная обвязка центробежных нагнетателей компрессорного цеха № 2, инвентарный № 139386, опасный производственный объект (ОПО): площадка компрессорных станций Балашовского ЛПУ МГ, регистрационный номер ОПО: А51-01028-0009, класс опасности ОПО: II, предприятие владелец: ООО «Газпром трансгаз Саратов», место установки: филиал ООО «Газпром трансгаз Саратов» Балашовское ЛПУ МГ, КС «Балашов», газопровод «Уренгой-Петровск-Новопсков»,;ЗС;7725843681;"ООО ""ГАЗМАШПРОЕКТ""";не в полной мере;https://monitor-pb.ru/conclusion/51-%D0%97%D0%A1-02768-2017;https://monitor-pb.ru/customer/6453010110
active;нагнетатель;51-ЗС-17076-2017;17.11.2017;6453010110;"ООО ""ГАЗПРОМ ТРАНСГАЗ САРАТОВ""";сооружение, применяемого на опасном производственном объекте: Надземная трубопроводная обвязка центробежных нагнетателей компрессорного цеха № 2, инвентарный № 139088, опасный производственный объект (ОПО): площадка компрессорных станций ЭКЦ – I, ЭКЦ – II, ТКЦ Петровского ЛПУ МГ, регистрационный номер ОПО: А51-01028-0069, класс опасности ОПО: II, предприятие владелец: ООО «Газпром трансгаз Саратов», место установки: филиал ООО «Газпром трансгаз Саратов» Петровское ЛПУ МГ, КС «Петровск», газопровод «Средняя Азия – Центр – 2».;ЗС;7725843681;"ООО ""ГАЗМАШПРОЕКТ""";не в полной мере;https://monitor-pb.ru/conclusion/51-%D0%97%D0%A1-17076-2017;https://monitor-pb.ru/customer/6453010110
active;нагнетатель;57-ТУ-41865-2021;08.12.2021;8617002073;"ООО ""ГАЗПРОМ ТРАНСГАЗ СУРГУТ""";техническое устройство, входящие в состав опасного производственного объекта.Техническое устройство: Центробежный нагнетатель типа Н-370-18-1.Инвентарный №: 128248.Опасный производственный объект (ОПО): Площадка компрессорной станции №10 Ярковского линейного производственного управления магистральных газопроводов.Регистрационный номер ОПО: А58-70004-0147.Класс опасности ОПО: II.Предприятие владелец: ООО «Газпром трансгаз Сургут».Место установки: КС-10, КЦ-2, ГПА-21 Ярковского ЛПУМГ;ТУ;7728370070;"ООО ""ПРОМГАЗИНЖИНИРИНГ""";не в полной мере;https://monitor-pb.ru/conclusion/57-%D0%A2%D0%A3-41865-2021;https://monitor-pb.ru/customer/8617002073
expiring;нагнетатель;48-ТУ-52631-2022;31.08.2022;7703647595;"АО ""ОХК ""УРАЛХИМ""";Байпасный холодильник нагнетателя 95-81-1 поз. 427, рег. № б/н;ТУ;5911057642;"ООО ""АПЭ""";не в полной мере;https://monitor-pb.ru/conclusion/48-%D0%A2%D0%A3-52631-2022;https://monitor-pb.ru/customer/7703647595
expiring;нагнетатель;43-ЗС-01411-2017;03.02.2017;1600000036;"ООО ""ГАЗПРОМ ТРАНСГАЗ КАЗАНЬ""";надземные технологические трубопроводы обвязки нагнетателя ГПА-1 инв.№900012495;ЗС;7736626819;"ООО ""МИПГУ ""НАУЧНО-ОБРАЗОВАТЕЛЬНЫЙ ЦЕНТР ""ЭНЕРГОСБЕРЕГАЮЩИЕ ТЕХНОЛОГИИ И ТЕХНИЧЕСКАЯ ДИАГНОСТИКА""";не в полной мере;https://monitor-pb.ru/conclusion/43-%D0%97%D0%A1-01411-2017;https://monitor-pb.ru/customer/1600000036
expiring;нагнетатель;68-ТУ-41295-2022;17.11.2022;4218000951;"АО ""ЕВРАЗ ЗСМК""";нагнетатель коксового газа (НКГ) № 1, инв. № 130536, ООКГ, ЦХУ и ПКХП, АО «ЕВРАЗ ЗСМК»;ТУ;4218022962;"АЭ ""СПЧС""";не в полной мере;https://monitor-pb.ru/conclusion/68-%D0%A2%D0%A3-41295-2022;https://monitor-pb.ru/customer/4218000951
expiring;нагнетатель;13-ТУ-02724-2023;22.02.2023;4823006703;"ПАО ""НЛМК""";Нагнетатель центробежный 2 Н-9000-11-5С, инв. 60142, зав. 6936, АГЦ;ТУ;4823073763;"ООО ""МЕЖРЕГИОНАЛЬНЫЙ ИНЖИНИРИНГОВЫЙ ЦЕНТР ЭКСПЕРТИЗЫ И ДИАГНОСТИКИ""";не в полной мере;https://monitor-pb.ru/conclusion/13-%D0%A2%D0%A3-02724-2023;https://monitor-pb.ru/customer/4823006703
expiring;нагнетатель;13-ТУ-02963-2023;01.03.2023;4823006703;"ПАО ""НЛМК""";Нагнетатель центробежный 1 Н-9000-11-5С, инв. 20855, зав. 7501, АГЦ;ТУ;4823073763;"ООО ""МЕЖРЕГИОНАЛЬНЫЙ ИНЖИНИРИНГОВЫЙ ЦЕНТР ЭКСПЕРТИЗЫ И ДИАГНОСТИКИ""";не в полной мере;https://monitor-pb.ru/conclusion/13-%D0%A2%D0%A3-02963-2023;https://monitor-pb.ru/customer/4823006703
expiring;нагнетатель;57-ЗС-34131-2017;10.10.2017;8904034777;"ООО ""ГАЗПРОМ ДОБЫЧА ЯМБУРГ""";«Выхлопная (дымовая) труба ГПА инв. № 303331 агрегата газоперекачивающего с нагнетателем КЦ ДКС УКПГ-1 (2-я очередь) ЯГКМ ООО «Газпром добыча Ямбург»;ЗС;7729700980;"ООО ""МИК - ИНЖИНИРИНГ""";не в полной мере;https://monitor-pb.ru/conclusion/57-%D0%97%D0%A1-34131-2017;https://monitor-pb.ru/customer/8904034777
expiring;нагнетатель;57-ЗС-34096-2017;10.10.2017;8904034777;"ООО ""ГАЗПРОМ ДОБЫЧА ЯМБУРГ""";«Выхлопная (дымовая) труба ГПА инв. № 316684 агрегата газоперекачивающего №5 с нагнетателем компрессорного цеха ДКС на УКПГ-4 (2-я очередь) ЯГКМ ООО «Газпром добыча Ямбург»;ЗС;7729700980;"ООО ""МИК - ИНЖИНИРИНГ""";не в полной мере;https://monitor-pb.ru/conclusion/57-%D0%97%D0%A1-34096-2017;https://monitor-pb.ru/customer/8904034777
expiring;нагнетатель;57-ЗС-34099-2017;10.10.2017;8904034777;"ООО ""ГАЗПРОМ ДОБЫЧА ЯМБУРГ""";«Выхлопная (дымовая) труба ГПА инв. № 316682 агрегата газоперекачивающего №3 с нагнетателем компрессорного цеха ДКС на УКПГ-4 (2-я очередь) ЯГКМ ООО «Газпром добыча Ямбург»;ЗС;7729700980;"ООО ""МИК - ИНЖИНИРИНГ""";не в полной мере;https://monitor-pb.ru/conclusion/57-%D0%97%D0%A1-34099-2017;https://monitor-pb.ru/customer/8904034777
expiring;нагнетатель;28-ТУ-06393-2021;28.04.2021;1102024468;"ООО ""ГАЗПРОМ ТРАНСГАЗ УХТА""";блок подготовки топливного (и пускового) газа ГПА ГТК-10И с нагнетателем PCL 802/24: Площадка компрессорной станции на территории Юбилейного ЛПУМГ, КЦ №3, инв.№126606.;ТУ;7728370070;"ООО ""ПРОМГАЗИНЖИНИРИНГ""";не в полной мере;https://monitor-pb.ru/conclusion/28-%D0%A2%D0%A3-06393-2021;https://monitor-pb.ru/customer/1102024468
expiring;нагнетатель;28-ТУ-06396-2021;28.04.2021;1102024468;"ООО ""ГАЗПРОМ ТРАНСГАЗ УХТА""";блок подготовки топливного (и пускового) газа ГПА ГТК-10И с нагнетателем PCL 802/24: Площадка компрессорной станции на территории Юбилейного ЛПУМГ, КЦ №3, инв.№126607;ТУ;7728370070;"ООО ""ПРОМГАЗИНЖИНИРИНГ""";не в полной мере;https://monitor-pb.ru/conclusion/28-%D0%A2%D0%A3-06396-2021;https://monitor-pb.ru/customer/1102024468
expiring;нагнетатель;28-ТУ-06398-2021;28.04.2021;1102024468;"ООО ""ГАЗПРОМ ТРАНСГАЗ УХТА""";блок подготовки топливного (и пускового) газа ГПА ГТК-10И с нагнетателем PCL 802/24: Площадка компрессорной станции на территории Юбилейного ЛПУМГ, КЦ №3, инв.№126608;ТУ;7728370070;"ООО ""ПРОМГАЗИНЖИНИРИНГ""";не в полной мере;https://monitor-pb.ru/conclusion/28-%D0%A2%D0%A3-06398-2021;https://monitor-pb.ru/customer/1102024468
expiring;нагнетатель;28-ТУ-06399-2021;28.04.2021;1102024468;"ООО ""ГАЗПРОМ ТРАНСГАЗ УХТА""";блок подготовки топливного (и пускового) газа ГПА ГТК-10И с нагнетателем PCL 802/24: Площадка компрессорной станции на территории Юбилейного ЛПУМГ, КЦ №3, инв.№126609;ТУ;7728370070;"ООО ""ПРОМГАЗИНЖИНИРИНГ""";не в полной мере;https://monitor-pb.ru/conclusion/28-%D0%A2%D0%A3-06399-2021;https://monitor-pb.ru/customer/1102024468
expiring;нагнетатель;28-ТУ-06400-2021;28.04.2021;1102024468;"ООО ""ГАЗПРОМ ТРАНСГАЗ УХТА""";блок подготовки топливного (и пускового) газа ГПА ГТК-10И с нагнетателем PCL 802/24: Площадка компрессорной станции на территории Юбилейного ЛПУМГ, КЦ №3, инв.№126610;ТУ;7728370070;"ООО ""ПРОМГАЗИНЖИНИРИНГ""";не в полной мере;https://monitor-pb.ru/conclusion/28-%D0%A2%D0%A3-06400-2021;https://monitor-pb.ru/customer/1102024468
expiring;нагнетатель;28-ТУ-06404-2021;28.04.2021;1102024468;"ООО ""ГАЗПРОМ ТРАНСГАЗ УХТА""";блок подготовки топливного (и пускового) газа ГПА ГТК-10И с нагнетателем PCL 802/24: Площадка компрессорной станции на территории Юбилейного ЛПУМГ, КЦ №3, инв.№126611;ТУ;7728370070;"ООО ""ПРОМГАЗИНЖИНИРИНГ""";не в полной мере;https://monitor-pb.ru/conclusion/28-%D0%A2%D0%A3-06404-2021;https://monitor-pb.ru/customer/1102024468
expiring;нагнетатель;43-ТУ-11411-2016;22.11.2016;1600000036;"ООО ""ГАЗПРОМ ТРАНСГАЗ КАЗАНЬ""";технические устройства, применяемые на опасном производственном объекте, в случаях, установленных статьей 7 Федерального закона №116-ФЗ «О промышленной безопасности опасных производственных объектов» - надземные технологические трубопроводы обвязки нагнетателя ГПА-2, КЦ №3, г/п Уренгой-Центр 2, ГКС-21-1, КС «Арская», инв. № 9000129557, Шеморданское ЛПУМГ ООО «Газпром трансгаз Казань», рег. № А43-00783-0001 II класс опасности, по адресу: РФ, Республика Татарстан, Сабинский район, с. Шемордан;ТУ;7736626819;"ООО ""МИПГУ ""НАУЧНО-ОБРАЗОВАТЕЛЬНЫЙ ЦЕНТР ""ЭНЕРГОСБЕРЕГАЮЩИЕ ТЕХНОЛОГИИ И ТЕХНИЧЕСКАЯ ДИАГНОСТИКА""";не в полной мере;https://monitor-pb.ru/conclusion/43-%D0%A2%D0%A3-11411-2016;https://monitor-pb.ru/customer/1600000036
expiring;нагнетатель;43-ТУ-11414-2016;22.11.2016;1600000036;"ООО ""ГАЗПРОМ ТРАНСГАЗ КАЗАНЬ""";технические устройства, применяемые на опасном производственном объекте, в случаях, установленных статьей 7 Федерального закона №116-ФЗ «О промышленной безопасности опасных производственных объектов» - надземные технологические трубопроводы обвязки нагнетателя ГПА-3, КЦ №3, г/п Уренгой-Центр 2, ГКС-21-1, КС «Арская», инв. № 9000129558, Шеморданское ЛПУМГ ООО «Газпром трансгаз Казань», рег. № А43-00783-0001 II класс опасности, по адресу: РФ, Республика Татарстан, Сабинский район, с. Шемордан;ТУ;7736626819;"ООО ""МИПГУ ""НАУЧНО-ОБРАЗОВАТЕЛЬНЫЙ ЦЕНТР ""ЭНЕРГОСБЕРЕГАЮЩИЕ ТЕХНОЛОГИИ И ТЕХНИЧЕСКАЯ ДИАГНОСТИКА""";не в полной мере;https://monitor-pb.ru/conclusion/43-%D0%A2%D0%A3-11414-2016;https://monitor-pb.ru/customer/1600000036
expiring;нагнетатель;43-ТУ-11416-2016;22.11.2016;1600000036;"ООО ""ГАЗПРОМ ТРАНСГАЗ КАЗАНЬ""";технические устройства, применяемые на опасном производственном объекте, в случаях, установленных статьей 7 Федерального закона №116-ФЗ «О промышленной безопасности опасных производственных объектов» - надземные технологические трубопроводы обвязки нагнетателя ГПА-1, КЦ №3, г/п Уренгой-Центр 2, ГКС-21-1, КС «Арская», инв. № 9000129556, Шеморданское ЛПУМГ ООО «Газпром трансгаз Казань», рег. № А43-00783-0001 II класс опасности, по адресу: РФ, Республика Татарстан, Сабинский район, с. Шемордан;ТУ;7736626819;"ООО ""МИПГУ ""НАУЧНО-ОБРАЗОВАТЕЛЬНЫЙ ЦЕНТР ""ЭНЕРГОСБЕРЕГАЮЩИЕ ТЕХНОЛОГИИ И ТЕХНИЧЕСКАЯ ДИАГНОСТИКА""";не в полной мере;https://monitor-pb.ru/conclusion/43-%D0%A2%D0%A3-11416-2016;https://monitor-pb.ru/customer/1600000036
expired;нагнетатель;28-ЗС-12937-2016;04.08.2016;3528000597;"ПАО ""СЕВЕРСТАЛЬ""";Здание нагнетателей (СП, ЦВКС) ПАО «Северсталь».;ЗС;3528043939;"АО ""Системэнерго""";не в полной мере;https://monitor-pb.ru/conclusion/28-%D0%97%D0%A1-12937-2016;https://monitor-pb.ru/customer/3528000597
expired;нагнетатель;28-ЗС-12979-2019;27.08.2019;3528000597;"ПАО ""СЕВЕРСТАЛЬ""";Здание нагнетателей СП, ЦВКС ПАО «Северсталь»;ЗС;3528043939;"АО ""Системэнерго""";не в полной мере;https://monitor-pb.ru/conclusion/28-%D0%97%D0%A1-12979-2019;https://monitor-pb.ru/customer/3528000597
expired;нагнетатель;68-ТУ-32295-2021;16.12.2021;4218000951;"АО ""ЕВРАЗ ЗСМК""";техническое устройство: нагнетатель коксового газа (НКГ) № 2, инв. № 109000011425-00 (нагнетатель коксового газа Н-1200-27-2 № 2) отделения очистки коксового газа (ООКГ) цеха химического улавливания и производства коксохимической продукции (ЦХУиПКХП) КАДП АО «ЕВРАЗ ЗСМК»;ТУ;4218022962;"АЭ ""СПЧС""";не в полной мере;https://monitor-pb.ru/conclusion/68-%D0%A2%D0%A3-32295-2021;https://monitor-pb.ru/customer/4218000951
expired;нагнетатель;28-ЗС-17365-2022;15.09.2022;3528000597;"ПАО ""СЕВЕРСТАЛЬ""";Здание нагнетателей МП участка энергооборудования СП ПАО «Северсталь»;ЗС;3528069493;"ООО ""ЦТД""";не в полной мере;https://monitor-pb.ru/conclusion/28-%D0%97%D0%A1-17365-2022;https://monitor-pb.ru/customer/3528000597
expired;нагнетатель;70-ТУ-08111-2016;16.12.2016;8401005730;"ПАО ""ГМК ""НОРИЛЬСКИЙ НИКЕЛЬ""";Нагнетатель Н-700-13-1 №3, инв. №13504;ТУ;7723561360;"АО НИЦ ""ГОРНЫЙ ЭКСПЕРТ""";не в полной мере;https://monitor-pb.ru/conclusion/70-%D0%A2%D0%A3-08111-2016;https://monitor-pb.ru/customer/8401005730
expired;нагнетатель;49-ТУ-46227-2018;19.11.2018;5607019523;"АО ""УРАЛЬСКАЯ СТАЛЬ""";нагнетатель коксового газа № 3 заводской № 85 цеха улавливания КХП АО «Уральская Сталь»;ТУ;5607014437;"ООО ""ПРОМТЭК""";не в полной мере;https://monitor-pb.ru/conclusion/49-%D0%A2%D0%A3-46227-2018;https://monitor-pb.ru/customer/5607019523
expired;нагнетатель;49-ТУ-46240-2018;19.11.2018;5607019523;"АО ""УРАЛЬСКАЯ СТАЛЬ""";нагнетатель коксового газа № 1 заводской № 88 цеха улавливания КХП АО «Уральская Сталь»;ТУ;5607014437;"ООО ""ПРОМТЭК""";не в полной мере;https://monitor-pb.ru/conclusion/49-%D0%A2%D0%A3-46240-2018;https://monitor-pb.ru/customer/5607019523
expired;нагнетатель;70-ТУ-14504-2020;20.10.2020;8401005730;"ПАО ""ГМК ""НОРИЛЬСКИЙ НИКЕЛЬ""";Нагнетатель ЦНТ-900 № 40, инв. № 30200001582;ТУ;7709842345;"ООО ""БЕЗОПАСНОСТЬ В ПРОМЫШЛЕННОСТИ""";не в полной мере;https://monitor-pb.ru/conclusion/70-%D0%A2%D0%A3-14504-2020;https://monitor-pb.ru/customer/8401005730
expired;нагнетатель;26-ЗС-04596-2017;14.04.2017;5191431170;"АО ""КОЛЬСКАЯ ГМК""";«Газоход обвязки нагнетателей», рафинировочного цеха, АО «Кольская ГМК» (пл. Мончегорск, Мурманской обл.), инв.№ 90035;ЗС;7816374814;"ООО ""ГЦЭ - СЕВЕР""";не в полной мере;https://monitor-pb.ru/conclusion/26-%D0%97%D0%A1-04596-2017;https://monitor-pb.ru/customer/5191431170
expired;нагнетатель;66-ТУ-07032-2021;27.05.2021;8401005730;"ПАО ""ГМК ""НОРИЛЬСКИЙ НИКЕЛЬ""";Нагнетатель CONTINENTAL 700-05 инв. № 39400177654, хоз. № 1;ТУ;7723561360;"АО НИЦ ""ГОРНЫЙ ЭКСПЕРТ""";не в полной мере;https://monitor-pb.ru/conclusion/66-%D0%A2%D0%A3-07032-2021;https://monitor-pb.ru/customer/8401005730
expired;нагнетатель;70-ТУ-14499-2020;20.10.2020;8401005730;"ПАО ""ГМК ""НОРИЛЬСКИЙ НИКЕЛЬ""";Нагнетатель Н-900-31-1 № 3, инв. № 30200001577;ТУ;7709842345;"ООО ""БЕЗОПАСНОСТЬ В ПРОМЫШЛЕННОСТИ""";не в полной мере;https://monitor-pb.ru/conclusion/70-%D0%A2%D0%A3-14499-2020;https://monitor-pb.ru/customer/8401005730
expired;нагнетатель;70-ТУ-13863-2018;24.12.2018;8401005730;"ПАО ""ГМК ""НОРИЛЬСКИЙ НИКЕЛЬ""";Нагнетатель Н-900, инв.№13470 техн.№8, принадлежащий Медному заводу;ТУ;7816374814;"ООО ""ГЦЭ - СЕВЕР""";не в полной мере;https://monitor-pb.ru/conclusion/70-%D0%A2%D0%A3-13863-2018;https://monitor-pb.ru/customer/8401005730
expired;нагнетатель;01-ТУ-13769-2021;23.08.2021;3623007578;"ООО ""ТД КМЗ""";"Заключение экспертизы промышленной безопасности № 162-21 на техническое устройство Ротационный нагнетатель ЗАФ-49 № 2629; Ротационный нагнетатель ЗАФ-53 № 1108, применяемое на опасном производственном объекте III класса опасности Цех по производству муки рег.№ А12-04186-0001, расположенном по адресу 397340, Воронежская область, Поворинский район, с. Пески, ул. 2-я Советская, д.1";ТУ;7718782029;"ООО ""ЕДИНЫЙ СТАНДАРТ""";не в полной мере;https://monitor-pb.ru/conclusion/01-%D0%A2%D0%A3-13769-2021;https://monitor-pb.ru/customer/3623007578
expired;нагнетатель;68-ТУ-17295-2019;07.08.2019;4218000951;"АО ""ЕВРАЗ ЗСМК""";"техническое устройство: нагнетатель центробежный Н9000-11-5с №2 инв. № 196902, АО ""ЕВРАЗ ЗСМК""";ТУ;4218022962;"АЭ ""СПЧС""";не соответствует;https://monitor-pb.ru/conclusion/68-%D0%A2%D0%A3-17295-2019;https://monitor-pb.ru/customer/4218000951
expired;нагнетатель;66-ТУ-09843-2021;26.07.2021;8401005730;"ПАО ""ГМК ""НОРИЛЬСКИЙ НИКЕЛЬ""";нагнетатель CONTINENTAL 700-05 инв. № 39400177655, хоз. № 3;ТУ;7723561360;"АО НИЦ ""ГОРНЫЙ ЭКСПЕРТ""";не в полной мере;https://monitor-pb.ru/conclusion/66-%D0%A2%D0%A3-09843-2021;https://monitor-pb.ru/customer/8401005730
expired;нагнетатель;66-ТУ-09869-2021;26.07.2021;8401005730;"ПАО ""ГМК ""НОРИЛЬСКИЙ НИКЕЛЬ""";нагнетатель CONTINENTAL 700-05 инв. № 39400177656, хоз. № 2;ТУ;7723561360;"АО НИЦ ""ГОРНЫЙ ЭКСПЕРТ""";не в полной мере;https://monitor-pb.ru/conclusion/66-%D0%A2%D0%A3-09869-2021;https://monitor-pb.ru/customer/8401005730
expired;нагнетатель;57-ЗС-29146-2015;25.08.2015;8622000931;"ООО ""ГАЗПРОМ ТРАНСГАЗ ЮГОРСК""";Корпус нагнетателя природного газа Н-235-21-1 зав. № 7288, ст. № 32, принадлежащий Комсомольскому ЛПУМГ (ГКС «Ужгородская», КЦ-3);ЗС;8606004424;"ООО ""ЮТАР""";не в полной мере;https://monitor-pb.ru/conclusion/57-%D0%97%D0%A1-29146-2015;https://monitor-pb.ru/customer/8622000931
expired;нагнетатель;57-ТУ-44687-2019;24.10.2019;8904034784;"ООО ""ГАЗПРОМ ДОБЫЧА УРЕНГОЙ""";Корпус центробежного нагнетателя и ротор газоперекачивающего агрегата ГПА-Ц-16/76, зав. № 423, рег. № ст. № 4, инв. № 210922;ТУ;7805704098;"ООО ""МОНОЛИТ-СПБ""";не в полной мере;https://monitor-pb.ru/conclusion/57-%D0%A2%D0%A3-44687-2019;https://monitor-pb.ru/customer/8904034784
expired;нагнетатель;68-ТУ-21446-2019;11.09.2019;4218000951;"АО ""ЕВРАЗ ЗСМК""";нагнетатель коксового газа (НКГ) № 5, инв. № 109000005447-00, ООКГ, ЦХУ и ПКХП, КАДП, АО «ЕВРАЗ ЗСМК»;ТУ;4218022962;"АЭ ""СПЧС""";не в полной мере;https://monitor-pb.ru/conclusion/68-%D0%A2%D0%A3-21446-2019;https://monitor-pb.ru/customer/4218000951
expired;нагнетатель;70-ТУ-04489-2019;24.05.2019;8401005730;"ПАО ""ГМК ""НОРИЛЬСКИЙ НИКЕЛЬ""";воздушный центробежный нагнетатель Н-900-31-4, № 3/23М, зав.№ 5283, инв. № 30800017157;ТУ;7709842345;"ООО ""БЕЗОПАСНОСТЬ В ПРОМЫШЛЕННОСТИ""";не в полной мере;https://monitor-pb.ru/conclusion/70-%D0%A2%D0%A3-04489-2019;https://monitor-pb.ru/customer/8401005730
expired;нагнетатель;70-ТУ-04503-2019;24.05.2019;8401005730;"ПАО ""ГМК ""НОРИЛЬСКИЙ НИКЕЛЬ""";воздушный центробежный нагнетатель Н-900-31-4, № 4/24М, зав. № 5373, инв. № 30800017159;ТУ;7709842345;"ООО ""БЕЗОПАСНОСТЬ В ПРОМЫШЛЕННОСТИ""";не в полной мере;https://monitor-pb.ru/conclusion/70-%D0%A2%D0%A3-04503-2019;https://monitor-pb.ru/customer/8401005730
expired;нагнетатель;70-ТУ-05911-2019;08.07.2019;8401005730;"ПАО ""ГМК ""НОРИЛЬСКИЙ НИКЕЛЬ""";нагнетатель воздушный Н-900-31-4 ст. № 1/1М, зав. № 4898, инв. № 30800015005;ТУ;7709842345;"ООО ""БЕЗОПАСНОСТЬ В ПРОМЫШЛЕННОСТИ""";не в полной мере;https://monitor-pb.ru/conclusion/70-%D0%A2%D0%A3-05911-2019;https://monitor-pb.ru/customer/8401005730
expired;нагнетатель;12-ТУ-05169-2017;06.06.2017;3623004866;"АО ""КМЗ"" (ИНН 3623004866)";"ротационные нагнетатели ЗАФ-49 № по тех. схеме 2629; ЗАФ-53 №№ по тех. схеме 1108, 5102, рег. № А12-00335-0002";ТУ;3661064143;"ООО ""Альянс Экспертов""";не в полной мере;https://monitor-pb.ru/conclusion/12-%D0%A2%D0%A3-05169-2017;https://monitor-pb.ru/customer/3623004866
expired;нагнетатель;66-ТУ-03021-2022;10.03.2022;8401005730;"ПАО ""ГМК ""НОРИЛЬСКИЙ НИКЕЛЬ""";техническое устройство - Нагнетатель Н-900-31-1 №6, инв. № 30200001572;ТУ;7709842345;"ООО ""БЕЗОПАСНОСТЬ В ПРОМЫШЛЕННОСТИ""";не в полной мере;https://monitor-pb.ru/conclusion/66-%D0%A2%D0%A3-03021-2022;https://monitor-pb.ru/customer/8401005730
expired;нагнетатель;68-ТУ-11554-2017;08.06.2017;7017368130;"ООО ""Завод углеродистых материалов""";техническое устройство: нагнетатель полукоксового газа Н-400-12-2 № 2 инв. № 508819, отделения конденсации, цеха полукоксования, ООО «Завод углеродистых материалов»;ТУ;4218022962;"АЭ ""СПЧС""";не в полной мере;https://monitor-pb.ru/conclusion/68-%D0%A2%D0%A3-11554-2017;https://monitor-pb.ru/customer/7017368130
expired;нагнетатель;26-ЗС-17135-2017;20.11.2017;5191431170;"АО ""КОЛЬСКАЯ ГМК""";газоход обвязки нагнетателей с запорной арматурой, инв.№ 90036, СКО рафинировочного цеха, АО «Кольская ГМК» (г. Мончегорск, Мурманской обл.);ЗС;1660081706;"ООО ""ИНЖЕНЕРНЫЙ ЦЕНТР ВЫСОТНЫЕ СПЕЦИАЛЬНЫЕ ТЕХНОЛОГИИ""";не в полной мере;https://monitor-pb.ru/conclusion/26-%D0%97%D0%A1-17135-2017;https://monitor-pb.ru/customer/5191431170
expired;нагнетатель;26-ТУ-00629-2016;20.01.2016;5191431170;"АО ""КОЛЬСКАЯ ГМК""";Нагнетатель Н-1200-26-1, Ст.№1, зав.№ 281, инв.№170288, эксплуатируемый на ВДС-1 КВО цеха энергообеспечения;ТУ;7808033715;"ЗАО ""Санкт-Петербургская Техническая экспертная компания""";не в полной мере;https://monitor-pb.ru/conclusion/26-%D0%A2%D0%A3-00629-2016;https://monitor-pb.ru/customer/5191431170
expired;нагнетатель;26-ТУ-00963-2018;22.01.2018;5191431170;"АО ""КОЛЬСКАЯ ГМК""";нагнетатель Н-1200-26-1, ст.№ 1, зав.№ 281, инв.№ 170288, КВО цеха энергообеспечения АО «Кольская ГМК» (пл. Мончегорск, Мурманской обл.);ТУ;7425003297;"АО НТЦ ""ДИАГНОСТИКА""";не в полной мере;https://monitor-pb.ru/conclusion/26-%D0%A2%D0%A3-00963-2018;https://monitor-pb.ru/customer/5191431170
expired;нагнетатель;26-ТУ-00967-2018;22.01.2018;5191431170;"АО ""КОЛЬСКАЯ ГМК""";нагнетатель Н-900-31-4, ст.№ 2, зав.№ 5515, инв.№ 170304, КВО цеха энергообеспечения АО «Кольская ГМК» (пл. Мончегорск, Мурманской обл.);ТУ;7425003297;"АО НТЦ ""ДИАГНОСТИКА""";не в полной мере;https://monitor-pb.ru/conclusion/26-%D0%A2%D0%A3-00967-2018;https://monitor-pb.ru/customer/5191431170
expired;нагнетатель;26-ТУ-08983-2022;20.05.2022;5191431170;"АО ""КОЛЬСКАЯ ГМК""";Нагнетатель газа НГ12, инв. № 833340, участок сернокислотного хозяйства рафинировочного цеха, АО «Кольская ГМК», Мурманская область, г. Мончегорск;ТУ;7841484948;"ООО ""ЭНЕРГОЭКСПЕРТ"" (ИНН 7841484948)";не в полной мере;https://monitor-pb.ru/conclusion/26-%D0%A2%D0%A3-08983-2022;https://monitor-pb.ru/customer/5191431170
expired;нагнетатель;66-ТУ-07054-2023;27.04.2023;8401005730;"ПАО ""ГМК ""НОРИЛЬСКИЙ НИКЕЛЬ""";Заключение № 399/2022-ЭПБ экспертизы промышленной безопасности на техническое устройство: Нагнетатель ЦНТ-900 №38, инв. № 30200001579;ТУ;7709842345;"ООО ""БЕЗОПАСНОСТЬ В ПРОМЫШЛЕННОСТИ""";не в полной мере;https://monitor-pb.ru/conclusion/66-%D0%A2%D0%A3-07054-2023;https://monitor-pb.ru/customer/8401005730
expired;нагнетатель;41-ЗС-64326-2021;07.12.2021;0277014204;"ПАО ""УФАОРГСИНТЕЗ""";Трубопровод масла (обвязка нагнетателей), рег. №354в-IV-8001-1/1 Местонахождение объекта: Площадка ПАО «Уфаоргсинтез», производство синтетического этилового спирта, объект 1/1, отделение 8001;ЗС;6315579093;"ООО ""ИЦ ""АЭ-СИСТЕМЫ""";не в полной мере;https://monitor-pb.ru/conclusion/41-%D0%97%D0%A1-64326-2021;https://monitor-pb.ru/customer/0277014204
expired;нагнетатель;54-ТУ-03697-2017;29.03.2017;6623029538;"АО ""НПК ""Уралвагонзавод""";нагнетатель пневмотранспорта, зав. № 4504, 2012 года выпуска, применяемое: площадка Уралвагонзавода, Акционерное общество «Научно-производственная корпорация «Уралвагонзавод» имени Ф.Э. Дзержинского», г. Нижний Тагил;ТУ;6623060834;"ООО ""РЕМСЕРВИС"" (ИНН 6623060834)";не в полной мере;https://monitor-pb.ru/conclusion/54-%D0%A2%D0%A3-03697-2017;https://monitor-pb.ru/customer/6623029538
expired;нагнетатель;66-ТУ-06311-2023;18.04.2023;8401005730;"ПАО ""ГМК ""НОРИЛЬСКИЙ НИКЕЛЬ""";Заключение № 307/2022-ЭПБ экспертизы промышленной безопасности на техническое устройство: Нагнетатель Н-900-31-1 № 6, инв. № 30200001572;ТУ;7709842345;"ООО ""БЕЗОПАСНОСТЬ В ПРОМЫШЛЕННОСТИ""";не в полной мере;https://monitor-pb.ru/conclusion/66-%D0%A2%D0%A3-06311-2023;https://monitor-pb.ru/customer/8401005730
expired;нагнетатель;66-ТУ-06345-2023;18.04.2023;8401005730;"ПАО ""ГМК ""НОРИЛЬСКИЙ НИКЕЛЬ""";Заключение № 306/2022-ЭПБ экспертизы промышленной безопасности на техническое устройство: Нагнетатель Н-1000-31-1 № 1, инв. № 30200001569;ТУ;7709842345;"ООО ""БЕЗОПАСНОСТЬ В ПРОМЫШЛЕННОСТИ""";не в полной мере;https://monitor-pb.ru/conclusion/66-%D0%A2%D0%A3-06345-2023;https://monitor-pb.ru/customer/8401005730
expired;нагнетатель;66-ТУ-06346-2023;18.04.2023;8401005730;"ПАО ""ГМК ""НОРИЛЬСКИЙ НИКЕЛЬ""";Заключение № 310/2022-ЭПБ экспертизы промышленной безопасности на техническое устройство: Нагнетатель Н-900-31-1 № 4, инв. № 30200001571;ТУ;7709842345;"ООО ""БЕЗОПАСНОСТЬ В ПРОМЫШЛЕННОСТИ""";не в полной мере;https://monitor-pb.ru/conclusion/66-%D0%A2%D0%A3-06346-2023;https://monitor-pb.ru/customer/8401005730
expired;нагнетатель;66-ТУ-06347-2023;18.04.2023;8401005730;"ПАО ""ГМК ""НОРИЛЬСКИЙ НИКЕЛЬ""";Заключение № 309/2022-ЭПБ экспертизы промышленной безопасности на техническое устройство: Нагнетатель Н-1000-31-1 № 5, инв. № 30200001573.;ТУ;7709842345;"ООО ""БЕЗОПАСНОСТЬ В ПРОМЫШЛЕННОСТИ""";не в полной мере;https://monitor-pb.ru/conclusion/66-%D0%A2%D0%A3-06347-2023;https://monitor-pb.ru/customer/8401005730
expired;нагнетатель;66-ТУ-07434-2023;05.05.2023;8401005730;"ПАО ""ГМК ""НОРИЛЬСКИЙ НИКЕЛЬ""";Заключение № 223/2022-ЭПБ экспертизы промышленной безопасности на техническое устройство: Нагнетатель Н-900-31-1 №3, инв. № 30200001577;ТУ;7709842345;"ООО ""БЕЗОПАСНОСТЬ В ПРОМЫШЛЕННОСТИ""";не в полной мере;https://monitor-pb.ru/conclusion/66-%D0%A2%D0%A3-07434-2023;https://monitor-pb.ru/customer/8401005730
expired;нагнетатель;26-ЗС-12616-2022;20.07.2022;5191431170;"АО ""КОЛЬСКАЯ ГМК""";Газоход обвязки нагнетателей с запорной арматурой, инв. № 90036, участок сернокислотного хозяйства рафинировочного цеха,, АО «Кольская ГМК» (г. Мончегорск, Мурманской обл.);ЗС;7841484948;"ООО ""ЭНЕРГОЭКСПЕРТ"" (ИНН 7841484948)";не в полной мере;https://monitor-pb.ru/conclusion/26-%D0%97%D0%A1-12616-2022;https://monitor-pb.ru/customer/5191431170
expired;нагнетатель;41-ТУ-31850-2021;01.07.2021;0274051582;"ПАО АНК ""БАШНЕФТЬ""";Нагнетатель марки 1200-25-3, поз. К-5 (зав. №104, инв. №142123), установка БОС, площадка участка биологических очистных сооружений, филиал ПАО АНК «Башнефть» «Башнефть-Уфанефтехим»;ТУ;7425003297;"АО НТЦ ""ДИАГНОСТИКА""";не в полной мере;https://monitor-pb.ru/conclusion/41-%D0%A2%D0%A3-31850-2021;https://monitor-pb.ru/customer/0274051582
expired;нагнетатель;56-ТУ-00991-2021;25.01.2021;7450001007;"ПАО ""ЧМК""";нагнетатель ст.№1 (тип Н-700-13-1) применяемый на опасном производственном объекте III класса опасности: «Площадка (участок) газового цеха» Публичного акционерного общества «Челябинский металлургический комбинат»;ТУ;7448158875;"ООО ИДЦ ""ОЛИМП""";не в полной мере;https://monitor-pb.ru/conclusion/56-%D0%A2%D0%A3-00991-2021;https://monitor-pb.ru/customer/7450001007
expired;нагнетатель;56-ТУ-00993-2021;25.01.2021;7450001007;"ПАО ""ЧМК""";Нагнетатель ст.№10 (тип Н-1100-12-1) применяемый на опасном производственном объекте III класса опасности: «Площадка (участок) газового цеха» Публичного акционерного общества «Челябинский металлургический комбинат»;ТУ;7448158875;"ООО ИДЦ ""ОЛИМП""";не в полной мере;https://monitor-pb.ru/conclusion/56-%D0%A2%D0%A3-00993-2021;https://monitor-pb.ru/customer/7450001007
expired;нагнетатель;56-ТУ-00995-2021;26.01.2021;7450001007;"ПАО ""ЧМК""";Нагнетатель ст.№13 (тип Н-1100-12-1) применяемый на опасном производственном объекте III класса опасности: «Площадка (участок) газового цеха» Публичного акционерного общества «Челябинский металлургический комбинат»;ТУ;7448158875;"ООО ИДЦ ""ОЛИМП""";не в полной мере;https://monitor-pb.ru/conclusion/56-%D0%A2%D0%A3-00995-2021;https://monitor-pb.ru/customer/7450001007
expired;нагнетатель;49-ЗС-28849-2018;08.08.2018;5607019523;"АО ""УРАЛЬСКАЯ СТАЛЬ""";сооружение, применяемое на ОПО:газопровод коксового газа всасывающей и нагнетающей сторон (для трех нагнетателей (наименование заключения экспертизы промышленной безопасности) машинного зала) цеха улавливания КХП АО «Уральская Сталь»;ЗС;5607014437;"ООО ""ПРОМТЭК""";не в полной мере;https://monitor-pb.ru/conclusion/49-%D0%97%D0%A1-28849-2018;https://monitor-pb.ru/customer/5607019523
expired;нагнетатель;56-ТУ-18218-2020;10.12.2020;7450043423;"ООО ""Мечел-Кокс""";Нагнетатель центробежный, инв. №0136051, применяемый на опасном производственном объекте II класса опасности: «Цех улавливания химических продуктов №2 (УЛ-2)» ООО «Челябинский завод по производству коксохимической продукции»;ТУ;7448158875;"ООО ИДЦ ""ОЛИМП""";не в полной мере;https://monitor-pb.ru/conclusion/56-%D0%A2%D0%A3-18218-2020;https://monitor-pb.ru/customer/7450043423
expired;нагнетатель;66-ТУ-07433-2023;05.05.2023;8401005730;"ПАО ""ГМК ""НОРИЛЬСКИЙ НИКЕЛЬ""";Заключение № 311/2022-ЭПБ экспертизы промышленной безопасности на техническое устройство: Нагнетатель ЦНТ-900 № 40, инв. № 30200001582;ТУ;7709842345;"ООО ""БЕЗОПАСНОСТЬ В ПРОМЫШЛЕННОСТИ""";не в полной мере;https://monitor-pb.ru/conclusion/66-%D0%A2%D0%A3-07433-2023;https://monitor-pb.ru/customer/8401005730
expired;нагнетатель;26-ТУ-27502-2022;23.12.2022;5191431170;"АО ""КОЛЬСКАЯ ГМК""";Нагнетатель воздушный Н-900-31-4, № 1, зав. № 5516, инв. № 170303, цех энергообеспечения, баллононаполнительная станция, АО «Кольская ГМК», Мурманская область, г. Мончегорск;ТУ;7841484948;"ООО ""ЭНЕРГОЭКСПЕРТ"" (ИНН 7841484948)";не в полной мере;https://monitor-pb.ru/conclusion/26-%D0%A2%D0%A3-27502-2022;https://monitor-pb.ru/customer/5191431170
expired;нагнетатель;43-ТУ-03276-2016;22.04.2016;1600000036;"ООО ""ГАЗПРОМ ТРАНСГАЗ КАЗАНЬ""";"надземные технологические трубопроводы обвязки нагнетателя ГПА-1, КЦ №2, г/п Уренгой-Центр 1, ГКС-21-1, КС Арская, Шеморданское ЛПУ МГ ООО ""Газпром трансгаз Казань""";ТУ;7701244745;"ООО ""ИНТЕРКОР РУС""";не в полной мере;https://monitor-pb.ru/conclusion/43-%D0%A2%D0%A3-03276-2016;https://monitor-pb.ru/customer/1600000036
expired;нагнетатель;56-ТУ-18208-2020;10.12.2020;7450043423;"ООО ""Мечел-Кокс""";Нагнетатель коксового газа, инв. №01160084, применяемый на опасном производственном объекте II класса опасности: «Цех улавливания химических продуктов №1 (УЛ-1)» ООО «Челябинский завод по производству коксохимической продукции»;ТУ;7448158875;"ООО ИДЦ ""ОЛИМП""";не в полной мере;https://monitor-pb.ru/conclusion/56-%D0%A2%D0%A3-18208-2020;https://monitor-pb.ru/customer/7450043423
expired;нагнетатель;56-ТУ-18372-2020;11.12.2020;7450043423;"ООО ""Мечел-Кокс""";Нагнетатель коксового газа, инв. №01160080, применяемый на опасном производственном объекте II класса опасности: «Цех улавливания химических продуктов №1 (УЛ-1)» ООО «Челябинский завод по производству коксохимической продукции»;ТУ;7448158875;"ООО ИДЦ ""ОЛИМП""";не в полной мере;https://monitor-pb.ru/conclusion/56-%D0%A2%D0%A3-18372-2020;https://monitor-pb.ru/customer/7450043423
expired;нагнетатель;56-ТУ-18380-2020;11.12.2020;7450043423;"ООО ""Мечел-Кокс""";Нагнетатель коксового газа, инв. №01160081, применяемый на опасном производственном объекте II класса опасности: «Цех улавливания химических продуктов №1 (УЛ-1)» ООО «Челябинский завод по производству коксохимической продукции»;ТУ;7448158875;"ООО ИДЦ ""ОЛИМП""";не в полной мере;https://monitor-pb.ru/conclusion/56-%D0%A2%D0%A3-18380-2020;https://monitor-pb.ru/customer/7450043423
expired;нагнетатель;56-ТУ-18393-2020;11.12.2020;7450043423;"ООО ""Мечел-Кокс""";Нагнетатель коксового газа, инв. №01160083, применяемый на опасном производственном объекте II класса опасности: «Цех улавливания химических продуктов №1 (УЛ-1)» ООО «Челябинский завод по производству коксохимической продукции»;ТУ;7448158875;"ООО ИДЦ ""ОЛИМП""";не в полной мере;https://monitor-pb.ru/conclusion/56-%D0%A2%D0%A3-18393-2020;https://monitor-pb.ru/customer/7450043423
expired;нагнетатель;43-ЗС-08929-2017;18.08.2017;1600000036;"ООО ""ГАЗПРОМ ТРАНСГАЗ КАЗАНЬ""";надземные технологические трубопроводы обвязки нагнетателя ГПА-1, КЦ №1, г/п Уренгой-Ужгород, ГКС-21-1, КС «Арская» инв. № 9000129567;ЗС;7736626819;"ООО ""МИПГУ ""НАУЧНО-ОБРАЗОВАТЕЛЬНЫЙ ЦЕНТР ""ЭНЕРГОСБЕРЕГАЮЩИЕ ТЕХНОЛОГИИ И ТЕХНИЧЕСКАЯ ДИАГНОСТИКА""";не в полной мере;https://monitor-pb.ru/conclusion/43-%D0%97%D0%A1-08929-2017;https://monitor-pb.ru/customer/1600000036
expired;нагнетатель;43-ТУ-10352-2016;31.10.2016;1600000036;"ООО ""ГАЗПРОМ ТРАНСГАЗ КАЗАНЬ""";надземные технологические трубопроводы обвязки нагнетателя ГПА-2, КЦ №1, г/п Уренгой-Ужгород, ГКС-21-1, КС «Арская», инв. № 9000129574;ТУ;7736626819;"ООО ""МИПГУ ""НАУЧНО-ОБРАЗОВАТЕЛЬНЫЙ ЦЕНТР ""ЭНЕРГОСБЕРЕГАЮЩИЕ ТЕХНОЛОГИИ И ТЕХНИЧЕСКАЯ ДИАГНОСТИКА""";не в полной мере;https://monitor-pb.ru/conclusion/43-%D0%A2%D0%A3-10352-2016;https://monitor-pb.ru/customer/1600000036
expired;нагнетатель;66-ТУ-03118-2022;14.03.2022;8401005730;"ПАО ""ГМК ""НОРИЛЬСКИЙ НИКЕЛЬ""";Заключение № 150/2021-ЭПБ экспертизы промышленной безопасности на техническое устройство: Нагнетатель Н-1000-31-1 №5, инв. № 30200001573;ТУ;7709842345;"ООО ""БЕЗОПАСНОСТЬ В ПРОМЫШЛЕННОСТИ""";не в полной мере;https://monitor-pb.ru/conclusion/66-%D0%A2%D0%A3-03118-2022;https://monitor-pb.ru/customer/8401005730
expired;нагнетатель;66-ТУ-03120-2022;14.03.2022;8401005730;"ПАО ""ГМК ""НОРИЛЬСКИЙ НИКЕЛЬ""";Заключение № 329/2021-ЭПБ экспертизы промышленной безопасности на техническое устройство: Нагнетатель Н-900-31-1 №4, инв. № 30200001571;ТУ;7709842345;"ООО ""БЕЗОПАСНОСТЬ В ПРОМЫШЛЕННОСТИ""";не в полной мере;https://monitor-pb.ru/conclusion/66-%D0%A2%D0%A3-03120-2022;https://monitor-pb.ru/customer/8401005730
expired;нагнетатель;43-ТУ-10547-2016;07.11.2016;1600000036;"ООО ""ГАЗПРОМ ТРАНСГАЗ КАЗАНЬ""";надземные технологические трубопроводы обвязки нагнетателя ГПА-5, КЦ №2, г/п Уренгой-Центр 1, ГКС-21-1, КС «Арская», инв. № 9000129547;ТУ;7736626819;"ООО ""МИПГУ ""НАУЧНО-ОБРАЗОВАТЕЛЬНЫЙ ЦЕНТР ""ЭНЕРГОСБЕРЕГАЮЩИЕ ТЕХНОЛОГИИ И ТЕХНИЧЕСКАЯ ДИАГНОСТИКА""";не в полной мере;https://monitor-pb.ru/conclusion/43-%D0%A2%D0%A3-10547-2016;https://monitor-pb.ru/customer/1600000036
expired;нагнетатель;43-ТУ-10548-2016;07.11.2016;1600000036;"ООО ""ГАЗПРОМ ТРАНСГАЗ КАЗАНЬ""";надземные технологические трубопроводы обвязки нагнетателя ГПА-6, КЦ №2, г/п Уренгой-Центр 1, ГКС-21-1, КС «Арская», инв. № 9000129555;ТУ;7736626819;"ООО ""МИПГУ ""НАУЧНО-ОБРАЗОВАТЕЛЬНЫЙ ЦЕНТР ""ЭНЕРГОСБЕРЕГАЮЩИЕ ТЕХНОЛОГИИ И ТЕХНИЧЕСКАЯ ДИАГНОСТИКА""";не в полной мере;https://monitor-pb.ru/conclusion/43-%D0%A2%D0%A3-10548-2016;https://monitor-pb.ru/customer/1600000036
expired;нагнетатель;56-ЗС-01724-2018;07.02.2018;7452027843;"ООО ""ЧТЗ - УРАЛТРАК""";здание термического цеха №8, цеха нагнетателей, расположенное на ОПО - Сеть газопотребления ЧТЗ (рег. №А56-02729-0017, III класс опасности) Цех использования газообразного аммиака (рег. №А56-0279-0041, III класс опасности);ЗС;2224144517;"ООО ""АЛТАЙТЕХНОИНЖИНИРИНГ""";не в полной мере;https://monitor-pb.ru/conclusion/56-%D0%97%D0%A1-01724-2018;https://monitor-pb.ru/customer/7452027843
expired;нагнетатель;26-ЗС-23274-2021;28.12.2021;5191431170;"АО ""КОЛЬСКАЯ ГМК""";Газоход обвязки нагнетателей, инв. № 90035, участок сернокислотного хозяйства рафинировочного цеха, АО «Кольская ГМК» (г.Мончегорск, Мурманской обл.).;ЗС;7841484948;"ООО ""ЭНЕРГОЭКСПЕРТ"" (ИНН 7841484948)";не в полной мере;https://monitor-pb.ru/conclusion/26-%D0%97%D0%A1-23274-2021;https://monitor-pb.ru/customer/5191431170
expired;нагнетатель;43-ТУ-10207-2016;26.10.2016;1600000036;"ООО ""ГАЗПРОМ ТРАНСГАЗ КАЗАНЬ""";надземные технологические трубопроводы обвязки нагнетателя ГПА-7, КЦ №7, г/п Тура-Пермь-Горький II, ГКС-4, КС «Арская», инв. № 9000129589,II класс опасности;ТУ;7736626819;"ООО ""МИПГУ ""НАУЧНО-ОБРАЗОВАТЕЛЬНЫЙ ЦЕНТР ""ЭНЕРГОСБЕРЕГАЮЩИЕ ТЕХНОЛОГИИ И ТЕХНИЧЕСКАЯ ДИАГНОСТИКА""";не в полной мере;https://monitor-pb.ru/conclusion/43-%D0%A2%D0%A3-10207-2016;https://monitor-pb.ru/customer/1600000036
expired;нагнетатель;28-ЗС-13877-2019;10.09.2019;5103070023;"АО ""АПАТИТ""";Здание производственного корпуса 1.46, 5.17 «Здание нагнетателей СК 600/3» на ОПО: площадка производства серной кислоты АО «Апатит»рег. № А28-02793-0038, расположенном по адресу: 162622, Вологодская обл., г. Череповец, Северное шоссе, 75;ЗС;7710867190;"ООО ""ЭКСПЕРТКОНТРОЛЬ""";не в полной мере;https://monitor-pb.ru/conclusion/28-%D0%97%D0%A1-13877-2019;https://monitor-pb.ru/customer/5103070023
expired;нагнетатель;47-ТУ-08697-2021;16.02.2021;7703647595;"АО ""ОХК ""УРАЛХИМ""";"нагнетатель НЦ-230/3-3,5 поз. 404, зав. № 77002 (АМ-70), ОПО ""Площадка цеха № 51. Производство аммиака"" (рег. № А01-12112-0048, I класс опасности). Филиал ""КЧХК"" АО ""ОХК ""УРАЛХИМ"" в г. Кирово-Чепецке,";ТУ;5911057642;"ООО ""АПЭ""";не в полной мере;https://monitor-pb.ru/conclusion/47-%D0%A2%D0%A3-08697-2021;https://monitor-pb.ru/customer/7703647595
expired;нагнетатель;56-ТУ-11628-2022;08.07.2022;7450001007;"ПАО ""ЧМК""";Нагнетатель ст. №1 (тип Н-700-13-1), применяемый на опасном производственном объекте III класса опасности: «Площадка (участок) газового цеха» Публичного акционерного общества «Челябинский металлургический комбинат»;ТУ;7714822136;"ООО ""ЦЕНТР ОХРАНЫ ТРУДА И ЭКОЛОГИЧЕСКОЙ БЕЗОПАСНОСТИ""";не в полной мере;https://monitor-pb.ru/conclusion/56-%D0%A2%D0%A3-11628-2022;https://monitor-pb.ru/customer/7450001007
expired;нагнетатель;57-ТУ-18993-2018;17.05.2018;8617002073;"ООО ""ГАЗПРОМ ТРАНСГАЗ СУРГУТ""";шаровые краны DN 700, PN 80 кгс/см2, инв. № 128117, техн. № 1 Т/А14, зав. № 22 Место установки: ЯНАО, Пуровский район, КС-00, КЦ-1, ТПО нагнетателя Т/А 14. ООО «Газпром трансгаз Сургут»;ТУ;7725843681;"ООО ""ГАЗМАШПРОЕКТ""";не в полной мере;https://monitor-pb.ru/conclusion/57-%D0%A2%D0%A3-18993-2018;https://monitor-pb.ru/customer/8617002073
expired;нагнетатель;43-ТУ-10512-2016;03.11.2016;1600000036;"ООО ""ГАЗПРОМ ТРАНСГАЗ КАЗАНЬ""";надземные технологические трубопроводы обвязки нагнетателя ГПА-2, КЦ №2, г/п Уренгой-Центр 1, ГКС-21-1, КС «Арская», инв. № 9000129552, Шеморданское ЛПУМГ ООО «Газпром трансгаз Казань»;ТУ;7736626819;"ООО ""МИПГУ ""НАУЧНО-ОБРАЗОВАТЕЛЬНЫЙ ЦЕНТР ""ЭНЕРГОСБЕРЕГАЮЩИЕ ТЕХНОЛОГИИ И ТЕХНИЧЕСКАЯ ДИАГНОСТИКА""";не в полной мере;https://monitor-pb.ru/conclusion/43-%D0%A2%D0%A3-10512-2016;https://monitor-pb.ru/customer/1600000036
expired;нагнетатель;54-ТУ-16011-2019;06.11.2019;6623000680;"ПАО ""ЕВРАЗ""";техническое устройство: нагнетатели коксового газа №1-4 машинного зала цеха улавливания №3 (участок КБ №№9, 10) АО «ЕВРАЗ НТМК», эксплуатируемое на ОПО «Участок улавливания химических продуктов коксовых батарей №9, 10», №А54-00438-0025 от 05.05.2005 (II класс опасности),;ТУ;6658399434;"ООО ""ЮИНКОМ""";не в полной мере;https://monitor-pb.ru/conclusion/54-%D0%A2%D0%A3-16011-2019;https://monitor-pb.ru/customer/6623000680
expired;нагнетатель;66-ЗС-02836-2020;10.03.2020;8401005730;"ПАО ""ГМК ""НОРИЛЬСКИЙ НИКЕЛЬ""";здание отделения нагнетателей и расходный склад ГСМ м/о «А-Б», м/р «1-16» (инв. №39400000018) Талнахской обогатительной фабрики ЗФ ПАО «ГМК «Норильский никель»;ЗС;7709842345;"ООО ""БЕЗОПАСНОСТЬ В ПРОМЫШЛЕННОСТИ""";не в полной мере;https://monitor-pb.ru/conclusion/66-%D0%97%D0%A1-02836-2020;https://monitor-pb.ru/customer/8401005730
expired;нагнетатель;43-ТУ-10204-2016;26.10.2016;1600000036;"ООО ""ГАЗПРОМ ТРАНСГАЗ КАЗАНЬ""";надземные технологические трубопроводы обвязки нагнетателя ГПА-8, КЦ №7, г/п Тура-Пермь-Горький II, ГКС-4, КС «Арская», инв. № 9000129590, Шеморданское ЛПУМГ ООО «Газпром трансгаз Казань», рег. № А43-00783-0001 II класс опасности;ТУ;7736626819;"ООО ""МИПГУ ""НАУЧНО-ОБРАЗОВАТЕЛЬНЫЙ ЦЕНТР ""ЭНЕРГОСБЕРЕГАЮЩИЕ ТЕХНОЛОГИИ И ТЕХНИЧЕСКАЯ ДИАГНОСТИКА""";не в полной мере;https://monitor-pb.ru/conclusion/43-%D0%A2%D0%A3-10204-2016;https://monitor-pb.ru/customer/1600000036
expired;нагнетатель;54-ТУ-18974-2022;14.10.2022;6623000680;"ПАО ""ЕВРАЗ""";нагнетатели коксового газа № 1, 2, 3, 4 (отделения конденсации), эксплуатируемые на опасном производственном объекте II класса опасности рег. № А54-00438-0025 «Участок улавливания химических продуктов коксовых батарей № 9, 10» АО «ЕВРАЗ НТМК», Свердловская область, г. Нижний Тагил, ул. Индустриальная, 51;ТУ;6671344191;"ООО ""Промэнергобезопасность""";не в полной мере;https://monitor-pb.ru/conclusion/54-%D0%A2%D0%A3-18974-2022;https://monitor-pb.ru/customer/6623000680
expired;нагнетатель;43-ТУ-10202-2016;26.10.2016;1600000036;"ООО ""ГАЗПРОМ ТРАНСГАЗ КАЗАНЬ""";надземные технологические трубопроводы обвязки нагнетателя ГПА-10, КЦ №7, г/п Н. Тура-Пермь-Горький II, ГКС-4, КС «Арская», инв. № 9000129592, Шеморданское ЛПУМГ ООО «Газпром трансгаз Казань», рег. № А43-00783-0001 II класс опасности;ТУ;7736626819;"ООО ""МИПГУ ""НАУЧНО-ОБРАЗОВАТЕЛЬНЫЙ ЦЕНТР ""ЭНЕРГОСБЕРЕГАЮЩИЕ ТЕХНОЛОГИИ И ТЕХНИЧЕСКАЯ ДИАГНОСТИКА""";не в полной мере;https://monitor-pb.ru/conclusion/43-%D0%A2%D0%A3-10202-2016;https://monitor-pb.ru/customer/1600000036
expired;нагнетатель;43-ТУ-10206-2016;26.10.2016;1600000036;"ООО ""ГАЗПРОМ ТРАНСГАЗ КАЗАНЬ""";надземные технологические трубопроводы обвязки нагнетателя ГПА-9, КЦ №7, г/п Н. Тура-Пермь-Горький II, ГКС-4, КС «Арская», инв. № 9000129591, Шеморданское ЛПУМГ ООО «Газпром трансгаз Казань», рег. № А43-00783-0001 II класс опасности;ТУ;7736626819;"ООО ""МИПГУ ""НАУЧНО-ОБРАЗОВАТЕЛЬНЫЙ ЦЕНТР ""ЭНЕРГОСБЕРЕГАЮЩИЕ ТЕХНОЛОГИИ И ТЕХНИЧЕСКАЯ ДИАГНОСТИКА""";не в полной мере;https://monitor-pb.ru/conclusion/43-%D0%A2%D0%A3-10206-2016;https://monitor-pb.ru/customer/1600000036
expired;нагнетатель;54-ТУ-22922-2021;21.12.2021;6623000680;"ПАО ""ЕВРАЗ""";технические устройства – нагнетатели коксового газа № 1, 3, применяемые на участке улавливания химических продуктов коксовых батарей № 5, 6 АО «ЕВРАЗ НТМК» г. Нижний Тагил Свердловской области, ОПО «Участок улавливания химических продуктов коксовых батарей № 5, 6» II класса опасности рег. № А54-00438-0024;ТУ;6671344191;"ООО ""Промэнергобезопасность""";не в полной мере;https://monitor-pb.ru/conclusion/54-%D0%A2%D0%A3-22922-2021;https://monitor-pb.ru/customer/6623000680
expired;нагнетатель;63-ТУ-26969-2020;03.11.2020;2205001753;"АО ""АЛТАЙ-КОКС""";"технические устройства, применяемые на опасном производственном объекте - маслобаки нагнетателей коксового газа машинного зала №1, инв.№№11310,11311, 11312, 11571, 14101 Цеха улавливания на опасном производственном объекте ""Площадка (комплекс коксовых батарей №1-4) по производству коксохимических продуктов и их складирования""";ТУ;4221027375;"ООО ""КУЗНЕЦК ЭКСПЕРТ""";не в полной мере;https://monitor-pb.ru/conclusion/63-%D0%A2%D0%A3-26969-2020;https://monitor-pb.ru/customer/2205001753
expired;нагнетатель;39-ТУ-03590-2017;22.03.2017;344603855649;ИП Семигук Юлия Александровна;Ротационный нагнетатель ЗАФ57Ю52Я инв. №15, применяемое на опасном производственном объекте III класса опасности Цех по производству муки Рег. №А39-04837-0001 от 26.11.2015 г. ИП Семигук Ю.А., расположенном по адресу 403020, Волгоградская область, Городищенский р-н, р.п. Новый Рогачик, ул. Промышленная, 2;ТУ;7106503857;"ООО ""Промтехэкспертиза"" (ИНН 7106503857)";не в полной мере;https://monitor-pb.ru/conclusion/39-%D0%A2%D0%A3-03590-2017;https://monitor-pb.ru/customer/344603855649
expired;нагнетатель;45-ТУ-04104-2021;09.08.2021;5214009264;"ООО ""МК ""Володарский""";техническое устройство: «Нагнетатель винтовой РЗ-БНВ поз. № 7702», применяемое на опасном производственном объекте «Цех по производству муки», рег. № А40-17011-0003, (класс опасности III), расположенное по адресу: 606070, Нижегородская область, Володарский район, г. Володарск, ул. Южная, д. 19 А;ТУ;5029124262;"ООО ""ПРОММАШ ТЕСТ"" (ИНН 5029124262)";не в полной мере;https://monitor-pb.ru/conclusion/45-%D0%A2%D0%A3-04104-2021;https://monitor-pb.ru/customer/5214009264
expired;нагнетатель;68-ТУ-30829-2019;03.12.2019;4218000951;"АО ""ЕВРАЗ ЗСМК""";газопровод прямого коксового газа от сепаратора КБ № 1 с коллекторами входа и выхода газа ПГХ 1 очереди и до коллектора всаса нагнетателей коксового газа, инв. № 109000000323-00, ЦХУ и ПКХП, КАДП, АО «ЕВРАЗ ЗСМК». АЭ.16.01971.001 АЭ.16.01963.001;ТУ;4218022962;"АЭ ""СПЧС""";не в полной мере;https://monitor-pb.ru/conclusion/68-%D0%A2%D0%A3-30829-2019;https://monitor-pb.ru/customer/4218000951
expired;нагнетатель;39-ТУ-17898-2019;08.10.2019;3445042160;"ООО ""ГАЗПРОМ ТРАНСГАЗ ВОЛГОГРАД""";техническое устройство, применяемое на опасном производственном объекте, в случаях, установленных статьей 7 Федерального закона о промышленной безопасности опасных производственных объектов №116-ФЗ – Кран шаровой обвязки центробежного нагнетателя Т/А № 35 DN 80 PN 75, зав. № б/н, тех. № 5, инв. № 204671 на опасном производственном объекте рег. № А39-00052-0045 «Площадка компрессорной станции Антиповского ЛПУМГ» II класса опасности Место установки: Волгоградская область, Камышинский район, с. Антиповка;ТУ;7805704098;"ООО ""МОНОЛИТ-СПБ""";не в полной мере;https://monitor-pb.ru/conclusion/39-%D0%A2%D0%A3-17898-2019;https://monitor-pb.ru/customer/3445042160
expired;нагнетатель;39-ТУ-17900-2019;08.10.2019;3445042160;"ООО ""ГАЗПРОМ ТРАНСГАЗ ВОЛГОГРАД""";техническое устройство, применяемое на опасном производственном объекте, в случаях, установленных статьей 7 Федерального закона о промышленной безопасности опасных производственных объектов №116-ФЗ – Кран клиновой обвязки центробежного нагнетателя Т/А № 35 DN 50 PN 75, зав. № б/н, тех. № 4, инв. № 204671 на опасном производственном объекте рег. № А39-00052-0045 «Площадка компрессорной станции Антиповского ЛПУМГ» II класса опасности Место установки: Волгоградская область, Камышинский район, с. Антиповка;ТУ;7805704098;"ООО ""МОНОЛИТ-СПБ""";не в полной мере;https://monitor-pb.ru/conclusion/39-%D0%A2%D0%A3-17900-2019;https://monitor-pb.ru/customer/3445042160
expired;нагнетатель;39-ТУ-17903-2019;08.10.2019;3445042160;"ООО ""ГАЗПРОМ ТРАНСГАЗ ВОЛГОГРАД""";техническое устройство, применяемое на опасном производственном объекте, в случаях, установленных статьей 7 Федерального закона о промышленной безопасности опасных производственных объектов №116-ФЗ – Кран шаровой обвязки центробежного нагнетателя Т/А № 34 DN 80 PN 75, зав. № б/н, тех. № 5, инв. № 204671 на опасном производственном объекте рег. № А39-00052-0045 «Площадка компрессорной станции Антиповского ЛПУМГ» II класса опасности Место установки: Волгоградская область, Камышинский район, с. Антиповка;ТУ;7805704098;"ООО ""МОНОЛИТ-СПБ""";не в полной мере;https://monitor-pb.ru/conclusion/39-%D0%A2%D0%A3-17903-2019;https://monitor-pb.ru/customer/3445042160
expired;нагнетатель;39-ТУ-17905-2019;08.10.2019;3445042160;"ООО ""ГАЗПРОМ ТРАНСГАЗ ВОЛГОГРАД""";техническое устройство, применяемое на опасном производственном объекте, в случаях, установленных статьей 7 Федерального закона о промышленной безопасности опасных производственных объектов №116-ФЗ – Кран клиновой обвязки центробежного нагнетателя Т/А № 34 DN 50 PN 75, зав. № б/н, тех. № 4, инв. № 204671 на опасном производственном объекте рег. № А39-00052-0045 «Площадка компрессорной станции Антиповского ЛПУМГ» II класса опасности Место установки: Волгоградская область, Камышинский район, с. Антиповка;ТУ;7805704098;"ООО ""МОНОЛИТ-СПБ""";не в полной мере;https://monitor-pb.ru/conclusion/39-%D0%A2%D0%A3-17905-2019;https://monitor-pb.ru/customer/3445042160
expired;нагнетатель;39-ТУ-17983-2019;09.10.2019;3445042160;"ООО ""ГАЗПРОМ ТРАНСГАЗ ВОЛГОГРАД""";техническое устройство, применяемое на опасном производственном объекте, в случаях, установленных статьей 7 Федерального закона о промышленной безопасности опасных производственных объектов №116-ФЗ – Кран клиновой обвязки центробежного нагнетателя Т/А № 33 DN 50 PN 75, зав. № б/н, тех. № 4, инв. № 204671 на опасном производственном объекте рег. № А39-00052-0045 «Площадка компрессорной станции Антиповского ЛПУМГ» II класса опасности Место установки: Волгоградская область, Камышинский район, с. Антиповка;ТУ;7805704098;"ООО ""МОНОЛИТ-СПБ""";не в полной мере;https://monitor-pb.ru/conclusion/39-%D0%A2%D0%A3-17983-2019;https://monitor-pb.ru/customer/3445042160
expired;нагнетатель;39-ТУ-17985-2019;09.10.2019;3445042160;"ООО ""ГАЗПРОМ ТРАНСГАЗ ВОЛГОГРАД""";техническое устройство, применяемое на опасном производственном объекте, в случаях, установленных статьей 7 Федерального закона о промышленной безопасности опасных производственных объектов №116-ФЗ – Кран шаровой обвязки центробежного нагнетателя Т/А № 33 DN 80 PN 75, зав. № б/н, тех. № 5, инв. № 204671 на опасном производственном объекте рег. № А39-00052-0045 «Площадка компрессорной станции Антиповского ЛПУМГ» II класса опасности Место установки: Волгоградская область, Камышинский район, с. Антиповка;ТУ;7805704098;"ООО ""МОНОЛИТ-СПБ""";не в полной мере;https://monitor-pb.ru/conclusion/39-%D0%A2%D0%A3-17985-2019;https://monitor-pb.ru/customer/3445042160
expired;нагнетатель;39-ТУ-17987-2019;09.10.2019;3445042160;"ООО ""ГАЗПРОМ ТРАНСГАЗ ВОЛГОГРАД""";техническое устройство, применяемое на опасном производственном объекте, в случаях, установленных статьей 7 Федерального закона о промышленной безопасности опасных производственных объектов №116-ФЗ – Кран клиновой обвязки центробежного нагнетателя Т/А № 32 DN 50 PN 75, зав. № б/н, тех. № 4, инв. № 204671 на опасном производственном объекте рег. № А39-00052-0045 «Площадка компрессорной станции Антиповского ЛПУМГ» II класса опасности Место установки: Волгоградская область, Камышинский район, с. Антиповка;ТУ;7805704098;"ООО ""МОНОЛИТ-СПБ""";не в полной мере;https://monitor-pb.ru/conclusion/39-%D0%A2%D0%A3-17987-2019;https://monitor-pb.ru/customer/3445042160
expired;нагнетатель;39-ТУ-17994-2019;10.10.2019;3445042160;"ООО ""ГАЗПРОМ ТРАНСГАЗ ВОЛГОГРАД""";техническое устройство, применяемое на опасном производственном объекте, в случаях, установленных статьей 7 Федерального закона о промышленной безопасности опасных производственных объектов №116-ФЗ – Кран клиновой обвязки центробежного нагнетателя Т/А № 31 DN 50 PN 75, зав. № б/н, тех. № 4, инв. № 204671 на опасном производственном объекте рег. № А39-00052-0045 «Площадка компрессорной станции Антиповского ЛПУМГ» II класса опасности Место установки: Волгоградская область, Камышинский район, с. Антиповка;ТУ;7805704098;"ООО ""МОНОЛИТ-СПБ""";не в полной мере;https://monitor-pb.ru/conclusion/39-%D0%A2%D0%A3-17994-2019;https://monitor-pb.ru/customer/3445042160
expired;нагнетатель;39-ТУ-17996-2019;10.10.2019;3445042160;"ООО ""ГАЗПРОМ ТРАНСГАЗ ВОЛГОГРАД""";техническое устройство, применяемое на опасном производственном объекте, в случаях, установленных статьей 7 Федерального закона о промышленной безопасности опасных производственных объектов №116-ФЗ – Кран шаровой обвязки центробежного нагнетателя Т/А № 31 DN 80 PN 75, зав. № б/н, тех. № 5, инв. № 204671 на опасном производственном объекте рег. № А39-00052-0045 «Площадка компрессорной станции Антиповского ЛПУМГ» II класса опасности Место установки: Волгоградская область, Камышинский район, с. Антиповка;ТУ;7805704098;"ООО ""МОНОЛИТ-СПБ""";не в полной мере;https://monitor-pb.ru/conclusion/39-%D0%A2%D0%A3-17996-2019;https://monitor-pb.ru/customer/3445042160
expired;нагнетатель;39-ТУ-17902-2019;08.10.2019;3445042160;"ООО ""ГАЗПРОМ ТРАНСГАЗ ВОЛГОГРАД""";техническое устройство, применяемое на опасном производственном объекте, в случаях, установленных статьей 7 Федерального закона о промышленной безопасности опасных производственных объектов №116-ФЗ – Поворотный клапан шаровой обвязки центробежного нагнетателя Т/А № 34 DN 200 PN 75, зав. № А-1009ТЕ, тех. № 6, инв. № 204671 на опасном производственном объекте рег. № А39-00052-0045 «Площадка компрессорной станции Антиповского ЛПУМГ» II класса опасности Место установки: Волгоградская область, Камышинский район, с. Антиповка;ТУ;7805704098;"ООО ""МОНОЛИТ-СПБ""";не в полной мере;https://monitor-pb.ru/conclusion/39-%D0%A2%D0%A3-17902-2019;https://monitor-pb.ru/customer/3445042160
expired;нагнетатель;39-ТУ-17980-2019;09.10.2019;3445042160;"ООО ""ГАЗПРОМ ТРАНСГАЗ ВОЛГОГРАД""";техническое устройство, применяемое на опасном производственном объекте, в случаях, установленных статьей 7 Федерального закона о промышленной безопасности опасных производственных объектов №116-ФЗ – Поворотный клапан шаровой обвязки центробежного нагнетателя Т/А № 33 DN 200 PN 75, зав. № А-1011ТЕ, тех. № 6, инв. № 204671 на опасном производственном объекте рег. № А39-00052-0045 «Площадка компрессорной станции Антиповского ЛПУМГ» II класса опасности Место установки: Волгоградская область, Камышинский район, с. Антиповка;ТУ;7805704098;"ООО ""МОНОЛИТ-СПБ""";не в полной мере;https://monitor-pb.ru/conclusion/39-%D0%A2%D0%A3-17980-2019;https://monitor-pb.ru/customer/3445042160
expired;нагнетатель;39-ТУ-17989-2019;09.10.2019;3445042160;"ООО ""ГАЗПРОМ ТРАНСГАЗ ВОЛГОГРАД""";техническое устройство, применяемое на опасном производственном объекте, в случаях, установленных статьей 7 Федерального закона о промышленной безопасности опасных производственных объектов №116-ФЗ – Поворотный клапан шаровой обвязки центробежного нагнетателя Т/А № 32 DN 200 PN 75, зав. № А-1006ТЕ, тех. № 6, инв. № 204671 на опасном производственном объекте рег. № А39-00052-0045 «Площадка компрессорной станции Антиповского ЛПУМГ» II класса опасности Место установки: Волгоградская область, Камышинский район, с. Антиповка;ТУ;7805704098;"ООО ""МОНОЛИТ-СПБ""";не в полной мере;https://monitor-pb.ru/conclusion/39-%D0%A2%D0%A3-17989-2019;https://monitor-pb.ru/customer/3445042160
expired;нагнетатель;39-ТУ-17998-2019;10.10.2019;3445042160;"ООО ""ГАЗПРОМ ТРАНСГАЗ ВОЛГОГРАД""";техническое устройство, применяемое на опасном производственном объекте, в случаях, установленных статьей 7 Федерального закона о промышленной безопасности опасных производственных объектов №116-ФЗ – Поворотный клапан шаровой обвязки центробежного нагнетателя Т/А № 31 DN 200 PN 75, зав. № А-1018ТЕ, тех. № 6, инв. № 204671 на опасном производственном объекте рег. № А39-00052-0045 «Площадка компрессорной станции Антиповского ЛПУМГ» II класса опасности Место установки: Волгоградская область, Камышинский район, с. Антиповка;ТУ;7805704098;"ООО ""МОНОЛИТ-СПБ""";не в полной мере;https://monitor-pb.ru/conclusion/39-%D0%A2%D0%A3-17998-2019;https://monitor-pb.ru/customer/3445042160
expired;нагнетатель;43-ТУ-10541-2016;05.11.2016;1600000036;"ООО ""ГАЗПРОМ ТРАНСГАЗ КАЗАНЬ""";технические устройства, применяемые на опасном производственном объекте, в случаях, установленных статьей 7 Федерального закона №116-ФЗ «О промышленной безопасности опасных производственных объектов» - надземные технологические трубопроводы обвязки нагнетателя ГПА-3, КЦ №2, г/п Уренгой-Центр 1, ГКС-21-1, КС «Арская», инв. № 9000129553, Шеморданское ЛПУМГ ООО «Газпром трансгаз Казань», рег. № А43-00783-0001 II класс опасности, по адресу: РФ, Республика Татарстан, Сабинский район, с. Шемордан;ТУ;7736626819;"ООО ""МИПГУ ""НАУЧНО-ОБРАЗОВАТЕЛЬНЫЙ ЦЕНТР ""ЭНЕРГОСБЕРЕГАЮЩИЕ ТЕХНОЛОГИИ И ТЕХНИЧЕСКАЯ ДИАГНОСТИКА""";не в полной мере;https://monitor-pb.ru/conclusion/43-%D0%A2%D0%A3-10541-2016;https://monitor-pb.ru/customer/1600000036
expired;нагнетатель;43-ТУ-10542-2016;05.11.2016;1600000036;"ООО ""ГАЗПРОМ ТРАНСГАЗ КАЗАНЬ""";технические устройства, применяемые на опасном производственном объекте, в случаях, установленных статьей 7 Федерального закона №116-ФЗ «О промышленной безопасности опасных производственных объектов» - надземные технологические трубопроводы обвязки нагнетателя ГПА-4, КЦ №2, г/п Уренгой-Центр 1, ГКС-21-1, КС «Арская», инв. № 9000129554, Шеморданское ЛПУМГ ООО «Газпром трансгаз Казань», рег. № А43-00783-0001 II класс опасности, по адресу: РФ, Республика Татарстан, Сабинский район, с. Шемордан;ТУ;7736626819;"ООО ""МИПГУ ""НАУЧНО-ОБРАЗОВАТЕЛЬНЫЙ ЦЕНТР ""ЭНЕРГОСБЕРЕГАЮЩИЕ ТЕХНОЛОГИИ И ТЕХНИЧЕСКАЯ ДИАГНОСТИКА""";не в полной мере;https://monitor-pb.ru/conclusion/43-%D0%A2%D0%A3-10542-2016;https://monitor-pb.ru/customer/1600000036
expired;нагнетатель;54-ЗС-09700-2019;31.07.2019;6623000680;"ПАО ""ЕВРАЗ""";"сооружения 1986 года изготовления: - Газопровод от газового сепаратора (к. б. № 9) до входного коллектора аппаратов воздушного охлаждения газа; - Газопровод от газового сепаратора (к. б. № 10) до входного коллектора аппаратов воздушного охлаждения газа; - Входной коллектор аппаратов воздушного охлаждения газа (к. б. № 9/к. б. № 10); - Газопровод от выходного коллектора аппаратов воздушного охлаждения газа до входного коллектора первичных газовых холодильников (1-я очередь) (к. б. № 9); - Газопровод от выходного коллектора аппаратов воздушного охлаждения газа до входного коллектора первичных газовых холодильников (2-я очередь) (к. б. № 10); - Входной коллектор первичных газовых холодильников (к. б. № 9/к. б. № 10); - Выходной коллектор первичных газовых холодильников (к. б. № 9/к. б. № 10); - Газопровод от выходного коллектора первичных газовых холодильников до входного коллектора газодувок (1) (к. б. № 9); - Газопровод от выходного коллектора первичных газовых холодильников до входного коллектора газодувок (2) (к. б. № 10); - Выходной коллектор нагнетателей коксового газа; - Входной коллектор нагнетателей коксового газа (к. б. № 9/к. б. № 10); - Газопровод от машинного зала до сульфатного отделения; - Газопроводы в машинном отделении; - Газопровод от сульфатного отделения до конечных газовых холодильников, применяемых на опасном производственном объекте: «Участок улавливания химических продуктов коксовых батарей № 9, 10», рег. № А54-00438-0025 (класс опасности II), Акционерное общество «ЕВРАЗ Нижнетагильский металлургический комбинат», г. Нижний Тагил";ЗС;6623060834;"ООО ""РЕМСЕРВИС"" (ИНН 6623060834)";не в полной мере;https://monitor-pb.ru/conclusion/54-%D0%97%D0%A1-09700-2019;https://monitor-pb.ru/customer/6623000680
active;воздуходувка;41-ЗС-09818-2021;20.02.2021;0266048970;"ООО ""ГАЗПРОМ НЕФТЕХИМ САЛАВАТ""";Заключение экспертизы промышленной безопасности на здания и сооружения Трубопровод сброса в атмосферу из эжектора главной воздуходувки ВВ-1101, рег. № 04-4595 (НПЗ, Цех № 4, установка каталитического крекинга флюид, ООО «Газпром нефтехим Салават»);ЗС;0274092236;"ООО ""НЕЗАВИСИМАЯ ЭКСПЕРТИЗА""";не в полной мере;https://monitor-pb.ru/conclusion/41-%D0%97%D0%A1-09818-2021;https://monitor-pb.ru/customer/0266048970
active;воздуходувка;56-ТУ-20771-2022;09.11.2022;7438015885;"АО ""МАКФА""";воздуходувка ROBUSСHI тип RBS_85/V-UNI/ANS тех. №М1230, являющегося частью «группы подачи аспирации линии Паван-4», применяемой на ОПО «Склад бестарного хранения муки (пл. п. Рощино)» (рег. № А01-14834-0002, IV класс опасности) АО «МАКФА», расположенном по адресу: 456513, Челябинская обл., Сосновский район, п. Рощино. Код местоположения 75652435;ТУ;7448184917;"ООО НТЦ ""КОМПЛЕКСНЫЕ РЕШЕНИЯ""";не в полной мере;https://monitor-pb.ru/conclusion/56-%D0%A2%D0%A3-20771-2022;https://monitor-pb.ru/customer/7438015885
expiring;воздуходувка;49-ЗС-74803-2022;30.11.2022;5606001611;"ООО ""ММСК""";здание воздуходувки «УСПиК» (инв. №11) Медеплавильный цех ООО «ММСК», эксплуатируемое на опасном производственном объекте «Цех плавильный (медеплавильный цех)», рег. № А49-00036-0001, по адресу: 462275 Оренбургская область, г. Медногорск, ул. Заводская, 1;ЗС;7455035793;"ООО ""КВК-ЭКСПЕРТ""";не в полной мере;https://monitor-pb.ru/conclusion/49-%D0%97%D0%A1-74803-2022;https://monitor-pb.ru/customer/5606001611
expiring;воздуходувка;38-ТУ-02817-2023;16.02.2023;1102054991;"ООО ""ГАЗПРОМ ПЕРЕРАБОТКА""";Воздуходувка марки VDR-100-0,55/1,2, поз. 4У251К01А, зав.№54003, с основными и вспомогательными маслянными винтовыми насосами типа SNH80-R-54U6-W22, поз.KU01AP01A/B применяемый на установке 4У-251, филиал Астраханский ГПЗ ООО «Газпром переработка» (опасный производственный объект «Площадка производства №2 Астраханского ГПЗ», рег. №А19-10619-0069);ТУ;7801082551;"АО НДЦ НПФ ""РУССКАЯ ЛАБОРАТОРИЯ""";не в полной мере;https://monitor-pb.ru/conclusion/38-%D0%A2%D0%A3-02817-2023;https://monitor-pb.ru/customer/1102054991
expired;воздуходувка;68-ТУ-06554-2018;11.05.2018;4223036696;"ООО ""ОФ ""ПРОКОПЬЕВСКУГОЛЬ""";"технические устройства, применяемые на опасном производственном объекте: воздуходувка GM-25S (поз. 803-1, инв. №7553); воздуходувка GM-25S (поз. 803-2, инв. №7554); воздуходувка GM-80L (поз. 801-2, инв. №7550) опасного производственного объекта - площадка обогащения угля №3 (фабрика «Зиминка»), №А68-01591-0003, II класса опасности ООО «ОФ «Прокопьевскуголь»";ТУ;4223060113;"ООО ""СИБЭО""";не в полной мере;https://monitor-pb.ru/conclusion/68-%D0%A2%D0%A3-06554-2018;https://monitor-pb.ru/customer/4223036696
expired;воздуходувка;68-ТУ-18119-2016;07.10.2016;4219000048;"АО  ""ЦОФ ""Абашевская""""";"технические устройства, применяемые на опасном производственном объекте II класса опасности: ротационную воздуходувку DT 90/552 поз. 560 инв. № 6185 зав. № CZL027908; ротационную воздуходувку DT 90/552 поз. 562 инв. № 6186 зав. № CZL119708, АО «ЦОФ «Абашевская»";ТУ;4205096501;"АНО ""РЕГИОНЦЕНТР""";не в полной мере;https://monitor-pb.ru/conclusion/68-%D0%A2%D0%A3-18119-2016;https://monitor-pb.ru/customer/4219000048
expired;воздуходувка;68-ТУ-22054-2019;17.09.2019;4203001617;"ПАО ""ЦОФ ""Березовская""""";технические устройства: Сепаратор ЭБМ-80/170 поз.210-II, воздуходувка BB 68C поз.417-II, воздуходувка BB 68C поз.418-II ПАО, применяемые на опасном производственном объекте II класса опасности ПАО «ЦОФ «Берёзовская»;ТУ;4205995812;"АССОЦИАЦИЯ ""КЦНТО ""ПРОМБЕЗОПАСНОСТЬ""";не в полной мере;https://monitor-pb.ru/conclusion/68-%D0%A2%D0%A3-22054-2019;https://monitor-pb.ru/customer/4203001617
expired;воздуходувка;08-ТУ-17543-2019;23.12.2019;3232000609;"ОАО ""Бежицкий хлебокомбинат""";Воздуходувка ЗАФ-49, технол. №ЗАФ 2;ТУ;3257048352;"ООО ""ПРОМТЕХЭКСПЕРТИЗА"" (ИНН 3257048352)";не в полной мере;https://monitor-pb.ru/conclusion/08-%D0%A2%D0%A3-17543-2019;https://monitor-pb.ru/customer/3232000609
expired;воздуходувка;08-ТУ-17549-2019;23.12.2019;3232000609;"ОАО ""Бежицкий хлебокомбинат""";Воздуходувка ЗАФ-49, технол. №ЗАФ 1;ТУ;3257048352;"ООО ""ПРОМТЕХЭКСПЕРТИЗА"" (ИНН 3257048352)";не в полной мере;https://monitor-pb.ru/conclusion/08-%D0%A2%D0%A3-17549-2019;https://monitor-pb.ru/customer/3232000609
expired;воздуходувка;49-ЗС-00740-2020;14.01.2020;0268036071;"ОАО ""Синтез-Каучук""";здание воздуходувки №2 цеха И-2 ОАО «Синтез-Каучук»;ЗС;7814384895;"ООО ""Эксперт-проект""";не в полной мере;https://monitor-pb.ru/conclusion/49-%D0%97%D0%A1-00740-2020;https://monitor-pb.ru/customer/0268036071
expired;воздуходувка;43-ТУ-08750-2022;20.04.2022;1658008723;"ПАО ""КАЗАНЬОРГСИНТЕЗ""";"Заключение экспертизы промышленной безопасности №1009-21 На технические устройства: компрессоры, принадлежащие ПАО «Казаньоргсинтез», цех НиОПСВ 1.Воздуходувка ТВ-175-1.6 техн.№3Б зав.№586; 2.Воздуходувка ТВ-175-1.6 техн.№3В зав.№589.";ТУ;1655106585;"ООО ""ИНЖЕНЕРНЫЙ ЦЕНТР ПО ЭКСПЕРТИЗЕ И ДИАГНОСТИКЕ""";не в полной мере;https://monitor-pb.ru/conclusion/43-%D0%A2%D0%A3-08750-2022;https://monitor-pb.ru/customer/1658008723
expired;воздуходувка;53-ТУ-49774-2022;24.08.2022;6320004615;"АО ""КРАЙ КАРАВАЙ""";Воздуходувка Robuschi ROBOX evolution ES 55/2V-RVV80;ТУ;6312086734;"ООО ""ПЭБ""";не в полной мере;https://monitor-pb.ru/conclusion/53-%D0%A2%D0%A3-49774-2022;https://monitor-pb.ru/customer/6320004615
expired;воздуходувка;50-ТУ-11773-2023;19.04.2023;7733338555;"ООО ""Сергиево-Посадский мукомольный комбинат""";Воздуходувка ВД-1 инв. №00-000143;ТУ;5837071503;"ООО ""НИЦ ИМПУЛЬС""";не в полной мере;https://monitor-pb.ru/conclusion/50-%D0%A2%D0%A3-11773-2023;https://monitor-pb.ru/customer/7733338555
expired;воздуходувка;57-ЗС-49246-2017;15.12.2017;7206025040;"ООО ""СИБУР Тобольск""";труба воздуходувки ВI-601 (производство «Бутадиен», установка дегидрирования бутана (ДБО-2/3)) ООО «СИБУР Тобольск»;ЗС;7801082551;"АО НДЦ НПФ ""РУССКАЯ ЛАБОРАТОРИЯ""";не в полной мере;https://monitor-pb.ru/conclusion/57-%D0%97%D0%A1-49246-2017;https://monitor-pb.ru/customer/7206025040
expired;воздуходувка;66-ТУ-12420-2017;26.10.2017;2455024746;"ООО ""КДВ Минусинск""";технические устройства применяемые на опасном производственном объекте: Склад бестарного хранения муки № 2, IV класса опасности (662605, Красноярский край, г. Минусинск, ул. Крекерная, д. 8): силос для хранения муки BRAMBATI V-30 тонн (техн. № 1), силос для хранения муки BRAMBATI V-30 тонн (техн. № 2), силос для хранения сахара BRAMBATI V-30 тонн (техн. № б/н), силос для хранения крахмала BRAMBATI V-5 тонн (техн. № б/н), микромельница сахарной пудры ММ-8 (техн. № б/н), центробежный бурат BRAMBATI ВG 250 (техн. № б/н), воздуходувка OMEGA 42P-60-6 (зав. № 0923), воздуходувка OMEGA 42P-60-6 (зав. № 0924), воздуходувка OMEGA 42P-60-6 (зав. № 0925);ТУ;5405959718;"ООО ""НЭКС""";не в полной мере;https://monitor-pb.ru/conclusion/66-%D0%A2%D0%A3-12420-2017;https://monitor-pb.ru/customer/2455024746
expired;воздуходувка;11-ТУ-08766-2014;25.11.2014;7101006354;"ООО ""Проктер энд Гэмбл-Новомосковск""";Воздуходувка центробежная зав. № 79-296-2, поз. В-E704-B цеха № 12 ООО «Проктер энд Гэмбл - Новомосковск», г. Новомосковск, Тульская обл.;ТУ;7107045430;"ООО ""ХИМЭКС""";не в полной мере;https://monitor-pb.ru/conclusion/11-%D0%A2%D0%A3-08766-2014;https://monitor-pb.ru/customer/7101006354
expired;воздуходувка;11-ТУ-09500-2014;25.11.2014;7101006354;"ООО ""Проктер энд Гэмбл-Новомосковск""";Воздуходувка центробежная зав. № 79-296-1, поз. В-E704-A цеха № 12 ООО «Проктер энд Гэмбл - Новомосковск», г. Новомосковск, Тульская обл.;ТУ;7107045430;"ООО ""ХИМЭКС""";не в полной мере;https://monitor-pb.ru/conclusion/11-%D0%A2%D0%A3-09500-2014;https://monitor-pb.ru/customer/7101006354
expired;воздуходувка;68-ТУ-22082-2018;31.10.2018;4219000048;"АО  ""ЦОФ ""Абашевская""""";воздуходувка DT 90/552 инв.№6186 поз.№561, эксплуатируемая на опасном производственном объекте II класса опасности АО «ЦОФ «Абашевская»;ТУ;4218021912;"ООО ПТП ""СИБЭНЕРГОЧЕРМЕТ""";не в полной мере;https://monitor-pb.ru/conclusion/68-%D0%A2%D0%A3-22082-2018;https://monitor-pb.ru/customer/4219000048
expired;воздуходувка;15-ТУ-11964-2016;19.07.2016;5044018861;"ЗАО ""ФЕРРЕРО РУССИЯ""";Воздуходувки Robuschi ROBOX ES 45/2V поз. № 1, № 2, № 3, применяемые на участке растаривания муки, принадлежащие ЗАО «Ферреро Руссия» с. Ворша Собинского района Владимирской области;ТУ;3328401520;"АО НПО ""ТЕХКРАНЭНЕРГО""";не в полной мере;https://monitor-pb.ru/conclusion/15-%D0%A2%D0%A3-11964-2016;https://monitor-pb.ru/customer/5044018861
expired;воздуходувка;17-ТУ-02718-2019;22.02.2019;4407006010;"ООО ""СВИСС КРОНО""";на техническое устройство, применяемое на опасном производственном объекте, воздуходувка S66LT/3P зав.№ 3692002, применяемое на участке подготовки сырой стружки цеха ДСП, принадлежащая ООО «СВИСС КРОНО».;ТУ;3328401520;"АО НПО ""ТЕХКРАНЭНЕРГО""";не в полной мере;https://monitor-pb.ru/conclusion/17-%D0%A2%D0%A3-02718-2019;https://monitor-pb.ru/customer/4407006010
expired;воздуходувка;17-ТУ-22650-2018;11.12.2018;4407006010;"ООО ""СВИСС КРОНО""";на технические устройства, применяемые на опасном производственном объекте, воздуходувки GM 80L зав.№ 893239, GM 80L зав.№ 990383, применяемые в цехе ЦПД МДФ, принадлежащий ООО «СВИСС КРОНО»;ТУ;3328401520;"АО НПО ""ТЕХКРАНЭНЕРГО""";не в полной мере;https://monitor-pb.ru/conclusion/17-%D0%A2%D0%A3-22650-2018;https://monitor-pb.ru/customer/4407006010
expired;воздуходувка;41-ЗС-43450-2022;18.07.2022;0274051582;"ПАО АНК ""БАШНЕФТЬ""";«Эстакада кабельная от здания операторной до здания насосной и воздуходувки, инв.№ 3172000 Установки сероочистки и производства серы» «Площадка газокаталитического производства филиала ПАО АНК «Башнефть» «Башнефть-Новойл»;ЗС;7425003297;"АО НТЦ ""ДИАГНОСТИКА""";не в полной мере;https://monitor-pb.ru/conclusion/41-%D0%97%D0%A1-43450-2022;https://monitor-pb.ru/customer/0274051582
expired;воздуходувка;17-ТУ-02777-2019;25.02.2019;4407006010;"ООО ""СВИСС КРОНО""";на техническое устройство, применяемое на опасном производственном объекте, воздуходувка GM-80L зав.№ 915963, применяемая в отдельно-стоящем сушильном участке древесной стружки цеха ДСП, принадлежащие ООО «СВИСС КРОНО»;ТУ;3328401520;"АО НПО ""ТЕХКРАНЭНЕРГО""";не в полной мере;https://monitor-pb.ru/conclusion/17-%D0%A2%D0%A3-02777-2019;https://monitor-pb.ru/customer/4407006010
expired;воздуходувка;68-ТУ-10888-2019;31.05.2019;5406766317;"ООО ""ГОФ Красногорская""";вентилятор ВД-13,5 (инв.№39039, поз.17), вентилятор ВД-13,5 (инв.№39039а, поз.17а), воздуходувка GM-130L (инв.№5848, поз.83-5),;ТУ;4205995812;"АССОЦИАЦИЯ ""КЦНТО ""ПРОМБЕЗОПАСНОСТЬ""";не в полной мере;https://monitor-pb.ru/conclusion/68-%D0%A2%D0%A3-10888-2019;https://monitor-pb.ru/customer/5406766317
expired;воздуходувка;48-ЗС-29963-2018;16.08.2018;7703647595;"АО ""ОХК ""УРАЛХИМ""";Здание корпуса воздуходувки 543а на опасном производственном объекте «Площадка №1 по производству аммиака и карбамида» №А01-12112-0057. Класс опасности – I. Филиал «ПМУ» АО «ОХК УРАЛХИМ» в городе Перми;ЗС;7709842345;"ООО ""БЕЗОПАСНОСТЬ В ПРОМЫШЛЕННОСТИ""";не в полной мере;https://monitor-pb.ru/conclusion/48-%D0%97%D0%A1-29963-2018;https://monitor-pb.ru/customer/7703647595
expired;воздуходувка;68-ТУ-09485-2017;11.05.2017;4202050996;"ООО ""ММК-УГОЛЬ""";технические устройства: воздуходувки AERZEN GM 60H поз. II А-34d инв. № 22137, поз. II А-34e инв. № 22138, применяемые на опасном производственном объекте фабрике обогащения угля ООО «ММК-УГОЛЬ»;ТУ;4205254853;"ООО ""ПРОМЭКС"" (ИНН 4205254853)";не в полной мере;https://monitor-pb.ru/conclusion/68-%D0%A2%D0%A3-09485-2017;https://monitor-pb.ru/customer/4202050996
expired;воздуходувка;68-ТУ-11826-2017;14.06.2017;4214000608;"ПАО ""ЮЖНЫЙ КУЗБАСС""";воздуходувки ТВ 50/1,6 поз.513Б-I, поз.513Б-II, эксплуатируемые в ЦОФ «Сибирь», г.Мыски-5, ул. Шоссейная 11, ОПО регистрационный №А68-00603-0009 площадка обогащения угля ( ЦОФ «Сибирь»);ТУ;4220024710;"ООО ""ЭНЕРГОПРОМ-М""";не в полной мере;https://monitor-pb.ru/conclusion/68-%D0%A2%D0%A3-11826-2017;https://monitor-pb.ru/customer/4214000608
expired;воздуходувка;68-ТУ-29312-2021;25.11.2021;4212024138;"АО ""СУЭК-КУЗБАСС""";техническое устройство: воздуходувка GM-80L (зав. №61-175349-00, поз. 366-2), применяемое на опасном производственном объекте – Площадка обогащения угля (шахта «Комсомолец»), №А68-01923-0086, II класса опасности АО «СУЭК-Кузбасс»;ТУ;4223060113;"ООО ""СИБЭО""";не в полной мере;https://monitor-pb.ru/conclusion/68-%D0%A2%D0%A3-29312-2021;https://monitor-pb.ru/customer/4212024138
expired;воздуходувка;41-ТУ-09882-2017;23.03.2017;0266048970;"ООО ""ГАЗПРОМ НЕФТЕХИМ САЛАВАТ""";Трубопровод тех. воздуха от воздуходувки поз. ВД-1÷3 до емкостей поз. Е-100/1÷4, Е-103/1,2, Е-113/1,2, Е-115/1,2 рег. 76312 Установка ХВО и ВОЦ, Цех №54;ТУ;7701027236;"ООО ""ИНТЕРЮНИС""";не в полной мере;https://monitor-pb.ru/conclusion/41-%D0%A2%D0%A3-09882-2017;https://monitor-pb.ru/customer/0266048970
expired;воздуходувка;67-ТУ-09390-2023;19.06.2023;3802008553;"АО ""ВЫСОЧАЙШИЙ""";Воздуходувка RRF-350, заводской номер RR06036, применяемая на опасном производственном объекте: «Фабрика обогатительная цветных металлов ЗИФ 2» ПАО «Высочайший» (регистрационный номер ОПО А67-00331-0004 от 13.07.2004 г., III класс опасности);ТУ;3849067709;"ООО ""ТЕХНИЧЕСКАЯ ЭКСПЕРТИЗА И ПРОЕКТИРОВАНИЕ""";не в полной мере;https://monitor-pb.ru/conclusion/67-%D0%A2%D0%A3-09390-2023;https://monitor-pb.ru/customer/3802008553
expired;воздуходувка;67-ТУ-09391-2023;19.06.2023;3802008553;"АО ""ВЫСОЧАЙШИЙ""";Воздуходувка RRF-350, заводской номер RR06037, применяемая на опасном производственном объекте: «Фабрика обогатительная цветных металлов ЗИФ 2» ПАО «Высочайший» (регистрационный номер ОПО А67-00331-0004 от 13.07.2004 г., III класс опасности);ТУ;3849067709;"ООО ""ТЕХНИЧЕСКАЯ ЭКСПЕРТИЗА И ПРОЕКТИРОВАНИЕ""";не в полной мере;https://monitor-pb.ru/conclusion/67-%D0%A2%D0%A3-09391-2023;https://monitor-pb.ru/customer/3802008553
expired;воздуходувка;01-ТУ-04979-2018;17.04.2018;7728060368;"ОАО ""КБК ""ЧЕРЕМУШКИ""";Центробежная воздуходувка марки ЭФ-106, технол. № 26, применяемое на опасном производственном объекте «Склад бестарного хранения муки», рег. № А01-00250-0002 (IV класс опасности), по адресу: 117420, г. Москва, ул. Наметкина, д. 10А, эксплуатируемое ОАО «КБК «Черемушки»;ТУ;7706807293;"ООО ""ЦПБ""ГЕФЕСТ""";не в полной мере;https://monitor-pb.ru/conclusion/01-%D0%A2%D0%A3-04979-2018;https://monitor-pb.ru/customer/7728060368
expired;воздуходувка;40-ТУ-01179-2020;27.03.2020;5243000185;"ЗАО ""Арзамасский хлеб""";"технические устройства: «Воздуходувки низкого давления моделей SAP 530 тех. № 1; SAH 505 тех. № 2», применяемые на опасном производственном объекте: «Склад бестарного хранения муки», рег. № А40-00227-0002 / IV класс опасности, расположенном по адресу: 607220, Нижегородская область, г. Арзамас, ул. Калинина, д. 48.";ТУ;7723561360;"АО НИЦ ""ГОРНЫЙ ЭКСПЕРТ""";не в полной мере;https://monitor-pb.ru/conclusion/40-%D0%A2%D0%A3-01179-2020;https://monitor-pb.ru/customer/5243000185
expired;воздуходувка;68-ТУ-00022-2019;09.01.2019;4223036696;"ООО ""ОФ ""ПРОКОПЬЕВСКУГОЛЬ""";"технические устройства: вакуум-фильтр ""Украина-80"" (поз. 245-4, инв. № 6187); вакуум-фильтр ""Украина-80"" (поз. 245-2, инв. № 6007); грохот ГИСЛ 62 (поз. 191-1, инв. № 49541); воздуходувка GM 130 L (поз. 156-6, инв. № 6631), ООО ""ОФ ""Прокопьевскуголь""";ТУ;4223060113;"ООО ""СИБЭО""";не в полной мере;https://monitor-pb.ru/conclusion/68-%D0%A2%D0%A3-00022-2019;https://monitor-pb.ru/customer/4223036696
expired;воздуходувка;01-ТУ-04981-2018;17.04.2018;7728060368;"ОАО ""КБК ""ЧЕРЕМУШКИ""";Вакуумная воздуходувка марки ELMO G-BH2 VELOCIS, инв. № 10426, технол. № 25, применяемое на опасном производственном объекте «Склад бестарного хранения муки», рег. № А01-00250-0002 (IV класс опасности), по адресу: 117420, г. Москва, ул. Наметкина, д. 10А, эксплуатируемое ОАО «КБК «Черемушки»;ТУ;7706807293;"ООО ""ЦПБ""ГЕФЕСТ""";не в полной мере;https://monitor-pb.ru/conclusion/01-%D0%A2%D0%A3-04981-2018;https://monitor-pb.ru/customer/7728060368
expired;воздуходувка;68-ТУ-20337-2020;04.09.2020;4203001617;"ПАО ""ЦОФ ""Березовская""""";"технические устройства: сепаратор колесный СКВП20 (инв.№29338 поз.109-1); центрифуга ФВШ-1.ООС-1 (инв.№31011101 поз.261-I); воздуходувка GM80L (инв.№09276 поз.285-1); компрессор EPC 840-250 (поз.392-I,393-I) №АЭ.16.02842.001";ТУ;4205995812;"АССОЦИАЦИЯ ""КЦНТО ""ПРОМБЕЗОПАСНОСТЬ""";не в полной мере;https://monitor-pb.ru/conclusion/68-%D0%A2%D0%A3-20337-2020;https://monitor-pb.ru/customer/4203001617
expired;воздуходувка;68-ТУ-38677-2022;02.11.2022;4223036696;"ООО ""ОФ ""ПРОКОПЬЕВСКУГОЛЬ""";технические устройства: воздуходувка GM 150 S (поз. 156-3 инв. № 5840), питатель ПК-1,2-10 (поз. 18-4 инв. № 5300), применяемые на опасном производственном объекте II класса опасности, Площадка обогащения угля № 3 (фабрика «Зиминка») рег.№ А68-01591-0003 ООО «ОФ «Прокопьевскуголь»;ТУ;4205995812;"АССОЦИАЦИЯ ""КЦНТО ""ПРОМБЕЗОПАСНОСТЬ""";не в полной мере;https://monitor-pb.ru/conclusion/68-%D0%A2%D0%A3-38677-2022;https://monitor-pb.ru/customer/4223036696
expired;воздуходувка;68-ТУ-07612-2020;17.04.2020;4223036696;"ООО ""ОФ ""ПРОКОПЬЕВСКУГОЛЬ""";технические устройства опасного производственного объекта II класса опасности: воздуходувки GM-80L (поз. 801-2, инв. №7550), GM-50L (поз. 802-1, инв. №7551), GM-50L (поз. 802-2, инв. №7552), GM-25S (поз. 803-2, инв. №7554) ООО «ОФ «Прокопьевскуголь» АЭ.16.02842.001;ТУ;4205995812;"АССОЦИАЦИЯ ""КЦНТО ""ПРОМБЕЗОПАСНОСТЬ""";не в полной мере;https://monitor-pb.ru/conclusion/68-%D0%A2%D0%A3-07612-2020;https://monitor-pb.ru/customer/4223036696
expired;воздуходувка;68-ТУ-10868-2019;31.05.2019;4223036696;"ООО ""ОФ ""ПРОКОПЬЕВСКУГОЛЬ""";воздуходувка GM 80L (инв.№7549. поз.801-1), лебедка БГ-800 (инв.№00745, отм.+4,5), лебедка ЛМГ-1 (инв.№4174, отм.+10), лебедка ЛПК-10Б (инв.№5929, отм.+0),насос GRUNDFOS SE1 (инв.№6019, поз.38), железоотделитель Ш100-80 (инв.№6952, поз.20-2);ТУ;4205995812;"АССОЦИАЦИЯ ""КЦНТО ""ПРОМБЕЗОПАСНОСТЬ""";не в полной мере;https://monitor-pb.ru/conclusion/68-%D0%A2%D0%A3-10868-2019;https://monitor-pb.ru/customer/4223036696
expired;воздуходувка;68-ТУ-10874-2019;31.05.2019;4223036696;"ООО ""ОФ ""ПРОКОПЬЕВСКУГОЛЬ""";воздуходувка GM 80L (инв.№7549. поз.801-1), лебедка БГ-800 (инв.№00745, отм.+4,5), лебедка ЛМГ-1 (инв.№4174, отм.+10), лебедка ЛПК-10Б (инв.№5929, отм.+0),насос GRUNDFOS SE1 (инв.№6019, поз.38), железоотделитель Ш100-80 (инв.№6952, поз.20-2);ТУ;4205995812;"АССОЦИАЦИЯ ""КЦНТО ""ПРОМБЕЗОПАСНОСТЬ""";не в полной мере;https://monitor-pb.ru/conclusion/68-%D0%A2%D0%A3-10874-2019;https://monitor-pb.ru/customer/4223036696
expired;воздуходувка;04-ТУ-03574-2020;25.02.2020;6704000505;"ПАО ""Дорогобуж""";на техническое устройство «Воздуходувка для подачи воздуха на блок осушки зав. № 1025, поз. S-GВ 740/3», применяемое на опасном производственном объекте «Площадка по производству минеральных удобрений (7)», рег. № А04-20001-0002 (I класс опасности) Эксплуатирующая организация: Публичное акционерное общество «Дорогобуж», 215753, Смоленская область, Дорогобужский район, г. Дорогобуж, территория Промплощадка ПАО «Дорогобуж»;ТУ;5029124262;"ООО ""ПРОММАШ ТЕСТ"" (ИНН 5029124262)";не в полной мере;https://monitor-pb.ru/conclusion/04-%D0%A2%D0%A3-03574-2020;https://monitor-pb.ru/customer/6704000505
expired;воздуходувка;67-ТУ-10942-2021;16.08.2021;3801046700;"АО ""АЗП""";Воздуходувка ТВ-150-1,12 поз. 360/В1, зав. № 797-659 место расположения «Площадка производства этилбензола, стирола, полистиролов» рег. № А67-00348-0003 от 13.02.2001г., I класс опасности, Иркутская область, г. Ангарск, Первый промышленный массив, квартал 37/47, АО «АЗП», цех 126/127, об. 1452;ТУ;3812010128;"АО ""ИРКУТСКИЙ НАУЧНО-ИССЛЕДОВАТЕЛЬСКИЙ И КОНСТРУКТОРСКИЙ ИНСТИТУТ ХИМИЧЕСКОГО И НЕФТЯНОГО МАШИНОСТРОЕНИЯ""";не в полной мере;https://monitor-pb.ru/conclusion/67-%D0%A2%D0%A3-10942-2021;https://monitor-pb.ru/customer/3801046700
expired;воздуходувка;66-ТУ-12423-2017;26.10.2017;2455024746;"ООО ""КДВ Минусинск""";технические устройства, применяемые на опасном производственном объекте: Склад бестарного хранения муки № 1 (662605, Красноярский край, г. Минусинск, ул. Крекерная, д. 8): силос для хранения муки BRAMBATI V-26 тонн (техн. № 1), силос для хранения муки BRAMBATI V-26 тонн (техн. № 2), силос для хранения сахара BRAMBATI V-5 тонн (техн. № б/н), силос для хранения муки BRAMBATI V-30 тонн (техн. № б/н), микромельница сахарной пудры ММ-8 (техн. № б/н), центробежный бурат BRAMBATI ВG 250 просеиватель муки (техн. № б/н), центробежный бурат BRAMBATI ВG 250 просеиватель сахара (техн. № б/н), воздуходувка OMEGA 42P-60-6 (зав. № 0928), воздуходувка OMEGA 42P-60-6 (зав. № 0927), бункерные весы АВБ-60(Э)-Ш165, конвейер винтовой БКВ-160 (техн. № 1), конвейер винтовой БКВ-160 (техн. № 2), конвейер винтовой БКВ-160 (техн. № 3), конвейер винтовой БКВ-160 (техн. № 4), конвейер винтовой БКВ-160 (техн. № 5);ТУ;5405959718;"ООО ""НЭКС""";не в полной мере;https://monitor-pb.ru/conclusion/66-%D0%A2%D0%A3-12423-2017;https://monitor-pb.ru/customer/2455024746
expired;воздуходувка;11-ТУ-08525-2018;13.08.2018;7101006354;"ООО ""Проктер энд Гэмбл-Новомосковск""";техническое устройство, применяемое на опасном производственном объекте: Объект экспертизы Воздуходувка поз. B-D404-01, зав. №78-870. Местонахождение объекта: 301650, РФ, г. Новомосковск, Тульская обл., Комсомольское шоссе, 64. Эксплуатирующая организация: ООО «Проктер энд Гэмбл-Новомосковск». Наименование ОПО: «Площадка цехов производства товаров бытовой химии», рег. № ОПО А11-00061-0001, I класс опасности;ТУ;7725768160;"ООО ""ПРОФЭКСП""";не в полной мере;https://monitor-pb.ru/conclusion/11-%D0%A2%D0%A3-08525-2018;https://monitor-pb.ru/customer/7101006354
expired;воздуходувка;11-ТУ-08535-2018;13.08.2018;7101006354;"ООО ""Проктер энд Гэмбл-Новомосковск""";техническое устройство, применяемое на опасном производственном объекте: Объект экспертизы Воздуходувка поз. B-D407-01, зав. №54-557. Местонахождение объекта: 301650, РФ, г. Новомосковск, Тульская обл., Комсомольское шоссе, 64. Эксплуатирующая организация: ООО «Проктер энд Гэмбл-Новомосковск». Наименование ОПО: «Площадка цехов производства товаров бытовой химии», рег. № ОПО А11-00061-0001, I класс опасности;ТУ;7725768160;"ООО ""ПРОФЭКСП""";не в полной мере;https://monitor-pb.ru/conclusion/11-%D0%A2%D0%A3-08535-2018;https://monitor-pb.ru/customer/7101006354
expired;воздуходувка;11-ТУ-08537-2018;13.08.2018;7101006354;"ООО ""Проктер энд Гэмбл-Новомосковск""";техническое устройство, применяемое на опасном производственном объекте: Объект экспертизы Воздуходувка поз. B-D401-01, зав. №78-869. Местонахождение объекта: 301650, РФ, г. Новомосковск, Тульская обл., Комсомольское шоссе, 64. Эксплуатирующая организация: ООО «Проктер энд Гэмбл-Новомосковск». Наименование ОПО: «Площадка цехов производства товаров бытовой химии», рег. № ОПО А11-00061-0001, I класс опасности;ТУ;7725768160;"ООО ""ПРОФЭКСП""";не в полной мере;https://monitor-pb.ru/conclusion/11-%D0%A2%D0%A3-08537-2018;https://monitor-pb.ru/customer/7101006354
expired;воздуходувка;11-ТУ-08543-2018;13.08.2018;7101006354;"ООО ""Проктер энд Гэмбл-Новомосковск""";техническое устройство, применяемое на опасном производственном объекте: Объект экспертизы Воздуходувка поз. B-D405-01, зав. №78-873. Местонахождение объекта: 301650, РФ, г. Новомосковск, Тульская обл., Комсомольское шоссе, 64. Эксплуатирующая организация: ООО «Проктер энд Гэмбл-Новомосковск». Наименование ОПО: «Площадка цехов производства товаров бытовой химии», рег. № ОПО А11-00061-0001, I класс опасности;ТУ;7725768160;"ООО ""ПРОФЭКСП""";не в полной мере;https://monitor-pb.ru/conclusion/11-%D0%A2%D0%A3-08543-2018;https://monitor-pb.ru/customer/7101006354
expired;воздуходувка;68-ТУ-14578-2019;09.07.2019;4203001617;"ПАО ""ЦОФ ""Березовская""""";"технические устройства: грохот ГИСЛ-62У (инв.№09075 поз.129-1), грохот ГИТ52 (инв.№31100958 поз.11), элеватор ЭБ10А-МК (инв.№31010641 поз.254-1), питатель качающийся ПК-2,6-12 (инв.№50407122 поз.3), питатель качающийся ПК-2,6-12 (инв.№31080696 поз.493-2), питатель Ш5-45 (инв.№4040528/1 сушка), питатель Ш5-45 (инв.№4040528 сушка), вибратор ВНДВ-3 (инв.№90201181 ЯПУ), вибратор ВНДВ-3 (инв.№90201182 ЯПУ), воздуходувка DT50/102МТ (инв.№09398 ПВС), привод шибера Ц2У (инв.№492041 поз.922-I), лебедка ЛМ-3,2 (инв.№492082 поз.953), лебедка ЛПК-10Б (инв.№31100605 поз.74-1), ПАО ""ЦОФ ""Берёзовская""";ТУ;4205995812;"АССОЦИАЦИЯ ""КЦНТО ""ПРОМБЕЗОПАСНОСТЬ""";не в полной мере;https://monitor-pb.ru/conclusion/68-%D0%A2%D0%A3-14578-2019;https://monitor-pb.ru/customer/4203001617
expired;турбовоздуходувка;70-ТУ-08099-2016;16.12.2016;8401005730;"ПАО ""ГМК ""НОРИЛЬСКИЙ НИКЕЛЬ""";Турбовоздуходувка ТВ-80-1,4 №4, инв. №15832;ТУ;7723561360;"АО НИЦ ""ГОРНЫЙ ЭКСПЕРТ""";не в полной мере;https://monitor-pb.ru/conclusion/70-%D0%A2%D0%A3-08099-2016;https://monitor-pb.ru/customer/8401005730
expired;турбовоздуходувка;66-ТУ-02505-2021;24.02.2021;8401005730;"ПАО ""ГМК ""НОРИЛЬСКИЙ НИКЕЛЬ""";на техническое устройство: Турбовоздуходувка ТВ-80-1.4 № 4, инв. № 30200015832.;ТУ;7709842345;"ООО ""БЕЗОПАСНОСТЬ В ПРОМЫШЛЕННОСТИ""";не в полной мере;https://monitor-pb.ru/conclusion/66-%D0%A2%D0%A3-02505-2021;https://monitor-pb.ru/customer/8401005730
expired;турбовоздуходувка;68-ТУ-28026-2018;17.12.2018;4214000608;"ПАО ""ЮЖНЫЙ КУЗБАСС""";"техническое устройство: турбовоздуходувка ТВ-80/1.4 поз. 513B-II, ПАО ""Южный Кузбасс""";ТУ;4220024710;"ООО ""ЭНЕРГОПРОМ-М""";не в полной мере;https://monitor-pb.ru/conclusion/68-%D0%A2%D0%A3-28026-2018;https://monitor-pb.ru/customer/4214000608
expired;турбовоздуходувка;41-ЗС-21799-2017;04.07.2017;0266048970;"ООО ""ГАЗПРОМ НЕФТЕХИМ САЛАВАТ""";«Воздухозаборная труба Вт-46 турбовоздуходувки ТВ-80-1,4 поз. 46, об. 349, цех № 5, ГХЗ» инв. № 250000429 ООО «Газпром нефтехим Салават»;ЗС;0266031896;"ООО ""АНТИКОРСЕРВИС""";не в полной мере;https://monitor-pb.ru/conclusion/41-%D0%97%D0%A1-21799-2017;https://monitor-pb.ru/customer/0266048970
expired;турбовоздуходувка;45-ТУ-00628-2019;07.02.2019;1316105019;"ОАО ""АПО Элеком""";Турбовоздуходувки ТВ-200 поз. №№ 701, 702, 703, применяемые на опасном производственном объекте: «Цех мукомольного производства», рег. № А45-00050-0008 / III класс опасности, расположенном по адресу:431600, Республика Мордовия, п. Ромоданово, Хлебное шоссе, д. 1, эксплуатирующая организация: Открытое акционерное общество «Агропромышленное объединение Элеком»;ТУ;7723561360;"АО НИЦ ""ГОРНЫЙ ЭКСПЕРТ""";не в полной мере;https://monitor-pb.ru/conclusion/45-%D0%A2%D0%A3-00628-2019;https://monitor-pb.ru/customer/1316105019
active;турбокомпрессор;48-ТУ-845161-2026;26.05.2026;4823006703;"ПАО ""НЛМК""";Кислородный цех- турбокомпрессор К-3000-61-1 СТ№4, инв.№77981;ТУ;4823073763;"ООО ""МЕЖРЕГИОНАЛЬНЫЙ ИНЖИНИРИНГОВЫЙ ЦЕНТР ЭКСПЕРТИЗЫ И ДИАГНОСТИКИ""";не соответствует;https://monitor-pb.ru/conclusion/48-%D0%A2%D0%A3-845161-2026;https://monitor-pb.ru/customer/4823006703
active;турбокомпрессор;38-ТУ-718834-2026;01.03.2026;3801009466;"АО ""АНХК""";Турбокомпрессор марки К-1500-62-1, поз. 35/3, зав. № 2854, ПНХ, цех 12/44, установка 44, объект 1721;ТУ;5001100952;"ООО ""ОРГЭНЕРГОНЕФТЬ""";не соответствует;https://monitor-pb.ru/conclusion/38-%D0%A2%D0%A3-718834-2026;https://monitor-pb.ru/customer/3801009466
expiring;турбокомпрессор;41-ТУ-43293-2022;18.07.2022;0268036071;"ОАО ""Синтез-Каучук""";Турбокомпрессор центробежный «Сильва» поз.301/1, зав.№ 805608, инв.№ 158426104 Цех И-3, отделение №3 (И-3/4), АО «Синтез-Каучук»;ТУ;0268052517;"ООО ""НХД""";не в полной мере;https://monitor-pb.ru/conclusion/41-%D0%A2%D0%A3-43293-2022;https://monitor-pb.ru/customer/0268036071
expiring;турбокомпрессор;58-ТУ-13270-2017;03.04.2017;8608048498;"ООО ""ЛУКОЙЛ-ЗАПАДНАЯ СИБИРЬ""";"Технологический трубопровод ""Обвязка турбокомпрессора ТК-2"" рег. № 3053194, эксплуатируемых ТПП ""Лангепаснефтегаз"" ООО ""ЛУКОЙЛ-Западная Сибирь""";ТУ;8608053410;"ООО ""Центр научно-исследовательских и производственных работ""";не в полной мере;https://monitor-pb.ru/conclusion/58-%D0%A2%D0%A3-13270-2017;https://monitor-pb.ru/customer/8608048498
expiring;турбокомпрессор;58-ТУ-13278-2017;03.04.2017;8608048498;"ООО ""ЛУКОЙЛ-ЗАПАДНАЯ СИБИРЬ""";"Технологический трубопровод ""Обвязка турбокомпрессора ТК-1"" рег. № 3053192, эксплуатируемых ТПП ""Лангепаснефтегаз"" ООО ""ЛУКОЙЛ-Западная Сибирь""";ТУ;8608053410;"ООО ""Центр научно-исследовательских и производственных работ""";не в полной мере;https://monitor-pb.ru/conclusion/58-%D0%A2%D0%A3-13278-2017;https://monitor-pb.ru/customer/8608048498
expiring;турбокомпрессор;41-ЗС-85425-2022;27.12.2022;7202116628;"АО ""СИБУРТЮМЕНЬГАЗ""";Заключение № 0471/12-22 экспертизы промышленной безопасности на здание «Укрытие под турбокомпрессор ТК-901/1» (инв. №Ю9241) «Южно-Балыкского ГПЗ» – филиала АО «СибурТюменьГаз»;ЗС;7801082551;"АО НДЦ НПФ ""РУССКАЯ ЛАБОРАТОРИЯ""";не в полной мере;https://monitor-pb.ru/conclusion/41-%D0%97%D0%A1-85425-2022;https://monitor-pb.ru/customer/7202116628
expiring;турбокомпрессор;41-ЗС-85445-2022;27.12.2022;7202116628;"АО ""СИБУРТЮМЕНЬГАЗ""";Заключение № 0470/12-22 экспертизы промышленной безопасности на здание «Укрытие под турбокомпрессор ТК-801/3» (инв. №Ю9222) «Южно-Балыкского ГПЗ» – филиала АО «СибурТюменьГаз»;ЗС;7801082551;"АО НДЦ НПФ ""РУССКАЯ ЛАБОРАТОРИЯ""";не в полной мере;https://monitor-pb.ru/conclusion/41-%D0%97%D0%A1-85445-2022;https://monitor-pb.ru/customer/7202116628
expiring;турбокомпрессор;41-ЗС-85449-2022;27.12.2022;7202116628;"АО ""СИБУРТЮМЕНЬГАЗ""";Заключение № 0472/12-22 экспертизы промышленной безопасности на здание «Укрытие под турбокомпрессор ТК-901/2» (инв. №Ю9242) «Южно-Балыкского ГПЗ» – филиала АО «СибурТюменьГаз»;ЗС;7801082551;"АО НДЦ НПФ ""РУССКАЯ ЛАБОРАТОРИЯ""";не в полной мере;https://monitor-pb.ru/conclusion/41-%D0%97%D0%A1-85449-2022;https://monitor-pb.ru/customer/7202116628
expiring;турбокомпрессор;68-ТУ-47488-2022;22.12.2022;4221000535;"АО ""РУСАЛ НОВОКУЗНЕЦК""";техническое устройство: турбокомпрессор типа К250-61-5, инв. № 520251, эксплуатируется на опасном производственном объекте II класса опасности (Цех электролиза алюминия, регистрационный номер в реестре ОПО А68-00343-0002 от 19.07.2000 г.) АО «РУСАЛ Новокузнецк» г. Новокузнецк;ТУ;4217150143;"ООО ""СИБЭКСПЕРТ"" (ИНН 4217150143)";не в полной мере;https://monitor-pb.ru/conclusion/68-%D0%A2%D0%A3-47488-2022;https://monitor-pb.ru/customer/4221000535
expired;турбокомпрессор;49-ТУ-19065-2021;14.04.2021;5607019523;"АО ""УРАЛЬСКАЯ СТАЛЬ""";Воздушный турбокомпрессор К-250 №4 ККЦ АО «Уральская Сталь»;ТУ;5607014437;"ООО ""ПРОМТЭК""";не в полной мере;https://monitor-pb.ru/conclusion/49-%D0%A2%D0%A3-19065-2021;https://monitor-pb.ru/customer/5607019523
expired;турбокомпрессор;69-ТУ-01236-2014;24.12.2014;7530000048;"ПАО ""ППГХО""";турбокомпрессор К-250, зав. №795 на ТКС №2;ТУ;7536055861;"АНО ""Забайкальский горно-технический центр""";не в полной мере;https://monitor-pb.ru/conclusion/69-%D0%A2%D0%A3-01236-2014;https://monitor-pb.ru/customer/7530000048
expired;турбокомпрессор;49-ТУ-20481-2020;15.06.2020;5607019523;"АО ""УРАЛЬСКАЯ СТАЛЬ""";Воздушный турбокомпрессор К-345-91-1 №2 ККЦ АО «Уральская Сталь»;ТУ;5607014437;"ООО ""ПРОМТЭК""";не в полной мере;https://monitor-pb.ru/conclusion/49-%D0%A2%D0%A3-20481-2020;https://monitor-pb.ru/customer/5607019523
expired;турбокомпрессор;11-ТУ-01325-2015;26.02.2015;7118004789;"ОАО ""Щекиноазот""";Техническое устройство: Турбокомпрессор ТК-2, зав. № 1387 цех компрессии и синтеза аммиака ОАО «Щекиноазот»;ТУ;7106063620;"ООО ""ЭЦТБ""";не в полной мере;https://monitor-pb.ru/conclusion/11-%D0%A2%D0%A3-01325-2015;https://monitor-pb.ru/customer/7118004789
expired;турбокомпрессор;11-ТУ-01339-2015;26.02.2015;7118004789;"ОАО ""Щекиноазот""";Техническое устройство: Кислородный турбокомпрессор КТК-12,5/35, зав. № 77005 кислородный цех ОАО «Щекиноазот»;ТУ;7106063620;"ООО ""ЭЦТБ""";не в полной мере;https://monitor-pb.ru/conclusion/11-%D0%A2%D0%A3-01339-2015;https://monitor-pb.ru/customer/7118004789
expired;турбокомпрессор;11-ТУ-01340-2015;26.02.2015;7118004789;"ОАО ""Щекиноазот""";Техническое устройство: Турбокомпрессор ТК-4, зав.№ 1385 цех компрессии и синтеза аммиака ОАО «Щекиноазот»;ТУ;7106063620;"ООО ""ЭЦТБ""";не в полной мере;https://monitor-pb.ru/conclusion/11-%D0%A2%D0%A3-01340-2015;https://monitor-pb.ru/customer/7118004789
expired;турбокомпрессор;11-ТУ-01345-2015;26.02.2015;7118004789;"ОАО ""Щекиноазот""";Техническое устройство: Турбокомпрессор ТК-3, зав.№ 1386 цех компрессии и синтеза аммиака ОАО «Щекиноазот»;ТУ;7106063620;"ООО ""ЭЦТБ""";не в полной мере;https://monitor-pb.ru/conclusion/11-%D0%A2%D0%A3-01345-2015;https://monitor-pb.ru/customer/7118004789
expired;турбокомпрессор;49-ТУ-38230-2016;29.11.2016;5607019523;"АО ""УРАЛЬСКАЯ СТАЛЬ""";Воздушный турбокомпрессор К-1500-61-2 №8 рег. №1500012667ККЦ АО «Уральская Сталь»;ТУ;560704351744;Индивидуальный предприниматель Иванов Алексей Владимирович;не в полной мере;https://monitor-pb.ru/conclusion/49-%D0%A2%D0%A3-38230-2016;https://monitor-pb.ru/customer/5607019523
expired;турбокомпрессор;66-ТУ-09265-2021;08.07.2021;2457061920;"ООО ""НОРИЛЬСКИЙ ОБЕСПЕЧИВАЮЩИЙ КОМПЛЕКС""";турбокомпрессор К250-61-5 (№ 1), зав. № 281, инв. № 989019;ТУ;7723561360;"АО НИЦ ""ГОРНЫЙ ЭКСПЕРТ""";не в полной мере;https://monitor-pb.ru/conclusion/66-%D0%A2%D0%A3-09265-2021;https://monitor-pb.ru/customer/2457061920
expired;турбокомпрессор;13-ТУ-14060-2023;21.09.2023;4823006703;"ПАО ""НЛМК""";Турбокомпрессор К-3000-61-1, инв. №77981, ст. №4;ТУ;4823073763;"ООО ""МЕЖРЕГИОНАЛЬНЫЙ ИНЖИНИРИНГОВЫЙ ЦЕНТР ЭКСПЕРТИЗЫ И ДИАГНОСТИКИ""";не в полной мере;https://monitor-pb.ru/conclusion/13-%D0%A2%D0%A3-14060-2023;https://monitor-pb.ru/customer/4823006703
expired;турбокомпрессор;68-ТУ-32572-2019;13.12.2019;4218000951;"АО ""ЕВРАЗ ЗСМК""";"техническое устройство: турбокомпрессор станционный № 5, АО ""ЕВРАЗ ЗСМК"" АЭ.16.00125.002";ТУ;4220024710;"ООО ""ЭНЕРГОПРОМ-М""";не в полной мере;https://monitor-pb.ru/conclusion/68-%D0%A2%D0%A3-32572-2019;https://monitor-pb.ru/customer/4218000951
expired;турбокомпрессор;13-ТУ-15371-2017;21.12.2017;4823006703;"ПАО ""НЛМК""";Турбокомпрессор К-3000-61-1, инв. № 45682, ст. № 6, Площадка кислородной станции № 1 кислородного цеха;ТУ;4823073763;"ООО ""МЕЖРЕГИОНАЛЬНЫЙ ИНЖИНИРИНГОВЫЙ ЦЕНТР ЭКСПЕРТИЗЫ И ДИАГНОСТИКИ""";не в полной мере;https://monitor-pb.ru/conclusion/13-%D0%A2%D0%A3-15371-2017;https://monitor-pb.ru/customer/4823006703
expired;турбокомпрессор;41-ТУ-57235-2021;08.11.2021;0268036071;"ОАО ""Синтез-Каучук""";Турбокомпрессор центробежный «Сильва» поз.301/4, зав.№ 805611, цех И-3, отделение №3 (И-3/4), ОАО «Синтез-Каучук»;ТУ;0268052517;"ООО ""НХД""";не в полной мере;https://monitor-pb.ru/conclusion/41-%D0%A2%D0%A3-57235-2021;https://monitor-pb.ru/customer/0268036071
expired;турбокомпрессор;26-ТУ-00962-2018;22.01.2018;5191431170;"АО ""КОЛЬСКАЯ ГМК""";всасывающий воздуховод турбокомпрессоров К-1500, ст.№№ 2,3, инв.№ 170005, КВО цеха энергообеспечения АО «Кольская ГМК» (пл. Мончегорск, Мурманской обл.);ТУ;7425003297;"АО НТЦ ""ДИАГНОСТИКА""";не в полной мере;https://monitor-pb.ru/conclusion/26-%D0%A2%D0%A3-00962-2018;https://monitor-pb.ru/customer/5191431170
expired;турбокомпрессор;41-ТУ-32729-2016;18.10.2016;0266008329;"ОАО ""Газпром нефтехим Салават""";Трубопровод оборотной воды на турбокомпрессоре К-500-61-1 поз. 5. Рег. № 5К500.ОВ, об. 264/2 цех № 5 «ГХЗ»;ТУ;0266031896;"ООО ""АНТИКОРСЕРВИС""";не в полной мере;https://monitor-pb.ru/conclusion/41-%D0%A2%D0%A3-32729-2016;https://monitor-pb.ru/customer/0266008329
expired;турбокомпрессор;49-ТУ-02455-2016;26.01.2016;5610058025;"ООО ""ГАЗПРОМ ДОБЫЧА ОРЕНБУРГ""";вентиляционное оборудование помещений турбокомпрессоров №101, 102, 103, 104, 105, 106 ДКС-1 ГПУ ООО «Газпром добыча Оренбург» г. Оренбург;ТУ;5612025057;АНОНТПОГУ «Технопарк ОГУ»;не в полной мере;https://monitor-pb.ru/conclusion/49-%D0%A2%D0%A3-02455-2016;https://monitor-pb.ru/customer/5610058025
expired;турбокомпрессор;63-ТУ-23282-2015;30.11.2015;2211005435;"ОАО ""Алтайский Химпром""";турбокомпрессор ТВ-80-1,6-М1-01(зав. №101, поз. Н53) корпуса 121 участка БОС и УХО ОАО «Алтайский Химпром»;ТУ;2221064239;"ООО НТЭЦ "" ТЕХНОЛОГИЯ """;не в полной мере;https://monitor-pb.ru/conclusion/63-%D0%A2%D0%A3-23282-2015;https://monitor-pb.ru/customer/2211005435
expired;турбокомпрессор;68-ТУ-02432-2018;20.02.2018;4218000951;"АО ""ЕВРАЗ ЗСМК""";техническое устройство: паропровод, регистрационный № 1497, от коллекторов перегретого пара ЦПП до турбокомпрессора станционный № 8, принадлежащий АО «ЕВРАЗ ЗСМК», ПВС, турбинный цех;ТУ;4220024710;"ООО ""ЭНЕРГОПРОМ-М""";не в полной мере;https://monitor-pb.ru/conclusion/68-%D0%A2%D0%A3-02432-2018;https://monitor-pb.ru/customer/4218000951
expired;турбокомпрессор;54-ТУ-02128-2016;15.02.2016;6623000708;"ОАО ""ВГОК"" (ИНН 6623000708)";турбокомпрессор К- 250-61-1, зав.№157, инв.№003744, цех.№7 ОАО «Высокогорский горно-обогатительный комбинат» Место установки: поверхность шахты «Магнетитовая».;ТУ;7816374814;"ООО ""ГЦЭ - СЕВЕР""";не в полной мере;https://monitor-pb.ru/conclusion/54-%D0%A2%D0%A3-02128-2016;https://monitor-pb.ru/customer/6623000708
expired;турбокомпрессор;54-ТУ-02129-2016;15.02.2016;6623000708;"ОАО ""ВГОК"" (ИНН 6623000708)";турбокомпрессор К- 250-61-1, зав.№156, инв.№003758, цех.№6 ОАО «Высокогорский горно-обогатительный комбинат» Место установки: поверхность шахты «Магнетитовая».;ТУ;7816374814;"ООО ""ГЦЭ - СЕВЕР""";не в полной мере;https://monitor-pb.ru/conclusion/54-%D0%A2%D0%A3-02129-2016;https://monitor-pb.ru/customer/6623000708
expired;турбокомпрессор;54-ТУ-02156-2016;15.02.2016;6623000708;"ОАО ""ВГОК"" (ИНН 6623000708)";турбокомпрессор К- 250-61-1, зав.№1039, инв.№50649, агрегатный №:2 ОАО «Высокогорский горно-обогатительный комбинат» Место установки: поверхность шахты «Южная».;ТУ;7816374814;"ООО ""ГЦЭ - СЕВЕР""";не в полной мере;https://monitor-pb.ru/conclusion/54-%D0%A2%D0%A3-02156-2016;https://monitor-pb.ru/customer/6623000708
expired;турбокомпрессор;66-ТУ-13606-2021;12.10.2021;8401005730;"ПАО ""ГМК ""НОРИЛЬСКИЙ НИКЕЛЬ""";кислородный турбокомпрессор КТК -12,5/35, ст. №4/15М, зав. №75010, инв. №30800015012;ТУ;7816374814;"ООО ""ГЦЭ - СЕВЕР""";не в полной мере;https://monitor-pb.ru/conclusion/66-%D0%A2%D0%A3-13606-2021;https://monitor-pb.ru/customer/8401005730
expired;турбокомпрессор;54-ТУ-07697-2017;21.06.2017;6623000680;"ПАО ""ЕВРАЗ""";трубопровода воздуха низкого давления от турбокомпрессоров К-1500 (Ду 1000, 800, 600, 500) отделения компрессии №2 кислородно-компрессорного цеха АО «ЕВРАЗ НТМК» , г.Нижний Тагил,;ТУ;6658399434;"ООО ""ЮИНКОМ""";не в полной мере;https://monitor-pb.ru/conclusion/54-%D0%A2%D0%A3-07697-2017;https://monitor-pb.ru/customer/6623000680
expired;турбокомпрессор;25-ТУ-06153-2019;05.12.2019;1103019252;"АО ""Воркутауголь""";"""Турбокомпрессор воздушный ТВ-80/1,4 заводской № 456, позиция № 356, УОФ «Воркутинская», применяемый на опасном производственном объекте - ОПО шахта угольная «Заполярная-2""";ТУ;7702333839;"ООО ""ГОРМАШ - ЮЛ""";не в полной мере;https://monitor-pb.ru/conclusion/25-%D0%A2%D0%A3-06153-2019;https://monitor-pb.ru/customer/1103019252
expired;турбокомпрессор;66-ТУ-13351-2023;29.08.2023;2457080792;"ООО ""МЕДВЕЖИЙ РУЧЕЙ""";Заключение № 1357/2022-ЭПБ экспертизы промышленной безопасности на техническое устройство: Турбокомпрессор №2 К-500-61-1 зав. №9825, инв. №33100006355;ТУ;7709842345;"ООО ""БЕЗОПАСНОСТЬ В ПРОМЫШЛЕННОСТИ""";не в полной мере;https://monitor-pb.ru/conclusion/66-%D0%A2%D0%A3-13351-2023;https://monitor-pb.ru/customer/2457080792
expired;турбокомпрессор;47-ТУ-39499-2019;13.09.2019;7703647595;"АО ""ОХК ""УРАЛХИМ""";"турбокомпрессор поз. М101/56 агрегата ГТТ-3М №5, зав.№ 165 цех 53 ОПО ""Площадка цеха № 53 Производство неконцентрированной азотной кислоты"" А01-12112-0055 I - класс опасности";ТУ;5905301934;"ООО ""РЦ ЭХО""";не в полной мере;https://monitor-pb.ru/conclusion/47-%D0%A2%D0%A3-39499-2019;https://monitor-pb.ru/customer/7703647595
expired;турбокомпрессор;68-ТУ-05627-2020;11.03.2020;4218000951;"АО ""ЕВРАЗ ЗСМК""";техническое устройство: паропровод от коллекторов перегретого пара к турбокомпрессору станционный № 7, регистрационный № 1488, принадлежащий АО «ЕВРАЗ ЗСМК», ПВС, турбинный цех АЭ.15.00104.004;ТУ;4220024710;"ООО ""ЭНЕРГОПРОМ-М""";не в полной мере;https://monitor-pb.ru/conclusion/68-%D0%A2%D0%A3-05627-2020;https://monitor-pb.ru/customer/4218000951
expired;турбокомпрессор;68-ТУ-15437-2017;02.08.2017;4214000608;"ПАО ""ЮЖНЫЙ КУЗБАСС""";турбокомпрессор ТВ-200-1,4 позиция № 2193 (ФК ФК1592/1), эксплуатируемый в ЦОФ «Кузбасская», пос. Распадный, АБК ЦОФ «Кузбасская» , ОПО регистрационный № А68-00603-0008 площадка обогащения угля (ЦОФ «Кузбасская»),;ТУ;4220024710;"ООО ""ЭНЕРГОПРОМ-М""";не в полной мере;https://monitor-pb.ru/conclusion/68-%D0%A2%D0%A3-15437-2017;https://monitor-pb.ru/customer/4214000608
expired;турбокомпрессор;54-ТУ-09208-2021;23.06.2021;6623000680;"ПАО ""ЕВРАЗ""";техническое устройство - турбокомпрессор К-1500 №2, зав.№4653 Здания отделения ком-прессии №2 (ОК №2) кислородно-компрессорного цеха АО «ЕВРАЗ НТМК», эксплуатируемого на ОПО «Станция возду-хоразделительная (кислородно-компрессорный цех)», №А54-00438-0016;ТУ;6658399434;"ООО ""ЮИНКОМ""";не в полной мере;https://monitor-pb.ru/conclusion/54-%D0%A2%D0%A3-09208-2021;https://monitor-pb.ru/customer/6623000680
expired;турбокомпрессор;68-ТУ-34811-2019;30.12.2019;4218000951;"АО ""ЕВРАЗ ЗСМК""";турбокомпрессор станционный № 2, принадлежащий АО «ЕВРАЗ ЗСМК», ПВС, турбинный цех, эксплуатируемый на ОПО регистрационный № А68-00341-0076 «Площадка главного корпуса ТЭЦ (ПВС)», III класс опасности АЭ.16.00125.002;ТУ;4220024710;"ООО ""ЭНЕРГОПРОМ-М""";не в полной мере;https://monitor-pb.ru/conclusion/68-%D0%A2%D0%A3-34811-2019;https://monitor-pb.ru/customer/4218000951
expired;турбокомпрессор;54-ТУ-07702-2021;02.06.2021;6623000680;"ПАО ""ЕВРАЗ""";техническое устройство, турбокомпрессор К-1500 №7, зав.№6205 Здания отделения компрессии №2 (ОК №2) кислородно-компрессорного цеха АО «ЕВРАЗ НТМК», эксплуатируемого на ОПО «Станция воздухоразделительная (кислородно-компрессорный цех)», №А54-00438-0016 от 05.05.2005г. (II класс опасности),;ТУ;6658399434;"ООО ""ЮИНКОМ""";не в полной мере;https://monitor-pb.ru/conclusion/54-%D0%A2%D0%A3-07702-2021;https://monitor-pb.ru/customer/6623000680
expired;турбокомпрессор;68-ТУ-17009-2020;03.08.2020;4218000951;"АО ""ЕВРАЗ ЗСМК""";воздухопровод от турбокомпрессора станционный № 3 регистрационный № 2, принадлежащий АО «ЕВРАЗ ЗСМК», ПВС, турбинный цех, эксплуатируемый на ОПО № А68-00341-0076, «Площадка главного корпуса ТЭЦ (ПВС)», III класс опасности АЭ.16.00125.002;ТУ;4220024710;"ООО ""ЭНЕРГОПРОМ-М""";не в полной мере;https://monitor-pb.ru/conclusion/68-%D0%A2%D0%A3-17009-2020;https://monitor-pb.ru/customer/4218000951
expired;турбокомпрессор;68-ТУ-20332-2021;24.08.2021;4214000608;"ПАО ""ЮЖНЫЙ КУЗБАСС""";турбокомпрессор ТВ-200-1,4 позиция № 2193, принадлежащий ПАО «Южный Кузбасс», эксплуатируемый в филиале ПАО «Южный Кузбасс» - Управление по обогащению и переработке угля ЦОФ «Кузбасская», на опасном производственном объекте II класса опасности,;ТУ;4220024710;"ООО ""ЭНЕРГОПРОМ-М""";не в полной мере;https://monitor-pb.ru/conclusion/68-%D0%A2%D0%A3-20332-2021;https://monitor-pb.ru/customer/4214000608
expired;турбокомпрессор;68-ТУ-23533-2020;05.10.2020;4218000951;"АО ""ЕВРАЗ ЗСМК""";техническое устройство: турбокомпрессор станционный № 7, установленный на АО «ЕВРАЗ ЗСМК», ПВС, турбинный цех, эксплуатируемый на ОПО «Площадка главного корпуса ТЭЦ (ПВС)», регистрационный № А68-00341-0076, III класс опасности АЭ.16.00125.002;ТУ;4220024710;"ООО ""ЭНЕРГОПРОМ-М""";не в полной мере;https://monitor-pb.ru/conclusion/68-%D0%A2%D0%A3-23533-2020;https://monitor-pb.ru/customer/4218000951
expired;турбокомпрессор;30-ТУ-00474-2021;19.01.2021;2631805988;"ООО МЭЗ ""РЕСУРС""";Воздушный турбокомпрессор ТВ-200-1,12 поз. №В533в Местонахождение объекта: 352900, Краснодарский край, г. Армавир, ул. Кирова, 128 Эксплуатирующая организация: ООО «Невинномысский маслоэкстракционный завод» Наименование ОПО: Площадка маслоэкстракционного производства Рег. № ОПО/Класс опасности: А35-02444-0015/III класс;ТУ;7723451304;"ООО ""ГК ""СИНЕРГИЯ""";не в полной мере;https://monitor-pb.ru/conclusion/30-%D0%A2%D0%A3-00474-2021;https://monitor-pb.ru/customer/2631805988
expired;турбокомпрессор;30-ТУ-00475-2021;19.01.2021;2631805988;"ООО МЭЗ ""РЕСУРС""";Воздушный турбокомпрессор ТВ-200-1,12 поз. №В533а Местонахождение объекта: 352900, Краснодарский край, г. Армавир, ул. Кирова, 128 Эксплуатирующая организация: ООО «Невинномысский маслоэкстракционный завод» Наименование ОПО: Площадка маслоэкстракционного производства Рег. № ОПО/Класс опасности: А35-02444-0015/III класс;ТУ;7723451304;"ООО ""ГК ""СИНЕРГИЯ""";не в полной мере;https://monitor-pb.ru/conclusion/30-%D0%A2%D0%A3-00475-2021;https://monitor-pb.ru/customer/2631805988
expired;турбокомпрессор;30-ТУ-00476-2021;19.01.2021;2631805988;"ООО МЭЗ ""РЕСУРС""";Воздушный турбокомпрессор ТВ-200-1,12 поз. №В533б Местонахождение объекта: 352900, Краснодарский край, г. Армавир, ул. Кирова, 128 Эксплуатирующая организация: ООО «Невинномысский маслоэкстракционный завод» Наименование ОПО: Площадка маслоэкстракционного производства Рег. № ОПО/Класс опасности: А35-02444-0015/III класс;ТУ;7723451304;"ООО ""ГК ""СИНЕРГИЯ""";не в полной мере;https://monitor-pb.ru/conclusion/30-%D0%A2%D0%A3-00476-2021;https://monitor-pb.ru/customer/2631805988
expired;турбокомпрессор;61-ТУ-25582-2019;22.10.2019;7728640182;"ООО ""ГАЗПРОМНЕФТЬ -СМ""";техническое устройство - Турбокомпрессор многоступенчатый ТВ-80-1,4 тех. № ВД-1а, зав. № 31674, применяемое на опасном производственном объекте («Площадка установки по производству инертного газа для сульфонатных присадок» № А01-10817-0010, II класса опасности) филиала ООО «Газпромнефть – СМ» «ОЗСМ»;ТУ;7710283356;"ООО ""ИКЦ ""ПРОМТЕХБЕЗОПАСНОСТЬ""";не в полной мере;https://monitor-pb.ru/conclusion/61-%D0%A2%D0%A3-25582-2019;https://monitor-pb.ru/customer/7728640182
expired;турбокомпрессор;61-ТУ-31814-2019;10.12.2019;7728640182;"ООО ""ГАЗПРОМНЕФТЬ -СМ""";техническое устройство - Турбокомпрессор многоступенчатый ТВ-50-1,6 тех. № ВД-1, зав. № 454, применяемое на опасном производственном объекте («Площадка установки по производству инертного газа для сульфонатных присадок» № А01-10817-0010, II класса опасности) филиала ООО «Газпромнефть – СМ» «ОЗСМ»;ТУ;7710283356;"ООО ""ИКЦ ""ПРОМТЕХБЕЗОПАСНОСТЬ""";не в полной мере;https://monitor-pb.ru/conclusion/61-%D0%A2%D0%A3-31814-2019;https://monitor-pb.ru/customer/7728640182
expired;турбокомпрессор;54-ТУ-16060-2022;06.09.2022;6623000708;"ОАО ""ВГОК"" (ИНН 6623000708)";турбокомпрессора К-250-61-1зав. № 156, инв. № 003758, эксплуатируемого в составе опасного производственного объекта «Рудник с подземным способом разработки (ш. «Магнетитовая»)»Рег. № А54-00882-0001, класс опасности IОткрытое акционерное общество «Высокогорский горно-обогатительный комбинат», шахта «Магнетитовая», г. Нижний Тагил;ТУ;6670122615;"ООО ""ИКЦ ПРОМАУДИТ"" (ИНН 6670122615)";не в полной мере;https://monitor-pb.ru/conclusion/54-%D0%A2%D0%A3-16060-2022;https://monitor-pb.ru/customer/6623000708
expired;турбокомпрессор;54-ТУ-16061-2022;06.09.2022;6623000708;"ОАО ""ВГОК"" (ИНН 6623000708)";турбокомпрессора К-250-61-5 зав. № 1039, инв. № 050649, эксплуатируемого в составе опасного производственного объекта «Рудник с подземным способом разработки (ш. «Южная»)» Рег. № А54-00882-0012, класс опасности I Открытое акционерное общество «Высокогорский горно-обогатительный комбинат», шахта «Южная», г. Кушва, Свердловская обл.;ТУ;6670122615;"ООО ""ИКЦ ПРОМАУДИТ"" (ИНН 6670122615)";не в полной мере;https://monitor-pb.ru/conclusion/54-%D0%A2%D0%A3-16061-2022;https://monitor-pb.ru/customer/6623000708
expired;турбокомпрессор;68-ТУ-20662-2017;26.09.2017;4219000048;"АО  ""ЦОФ ""Абашевская""""";"технические устройства: фильтр-пресс ленточный Andritz поз. 8-238 инв. № 148; вентилятор ВМЭ6 поз. 2454 (АС2) инв. № 3908; вентилятор ВМЭ6 поз. 2462 (АВ1) инв. № 3940; турбокомпрессор ТВ200-1.4 поз.558 инв. № 6480; машина проборазделочная МПЛ-1 поз.2341 инв. № 3611, эксплуатируемые на опасном производственном объекте АО «ЦОФ «Абашевская»";ТУ;4218021912;"ООО ПТП ""СИБЭНЕРГОЧЕРМЕТ""";не в полной мере;https://monitor-pb.ru/conclusion/68-%D0%A2%D0%A3-20662-2017;https://monitor-pb.ru/customer/4219000048
expired;турбокомпрессор;68-ТУ-28702-2019;14.11.2019;4219000048;"АО  ""ЦОФ ""Абашевская""""";"технические устройства: технологическое оборудование цеха «Углеприема и погрузки»: Питатель качающийся ПК-1,2-12 (зав.№ 22), поз. № 2385, инв.№ 6329; Питатель качающийся ПК-1,2-12 (зав.№ 26), поз. № 2388, инв.№ 6343. Технологическое оборудование цеха ""Обогащение"": Турбокомпрессор ТВ 200-1,4-01УЗ (зав.№1375), поз. № 558, инв.№ 6480. Технологическое оборудование участка ""РМУ"": Машина проборазделочная лабораторная МПЛ-1(зав.№ 931), поз.№ 2341, инв.№ 3611, АО ""ЦОФ ""Абашевская"" № АЭ.18.05343.002";ТУ;4216000113;"АО ""СШМНУ""";не в полной мере;https://monitor-pb.ru/conclusion/68-%D0%A2%D0%A3-28702-2019;https://monitor-pb.ru/customer/4219000048
expired;турбокомпрессор;68-ТУ-13531-2020;22.06.2020;4218000253;"АО ""ЦОФ ""КУЗНЕЦКАЯ""";"технические устройства: технологическое оборудование цеха «Обогащение»: ц ентрифуга шнековая фильтрующая EBW48HR, зав.№ 15-114, инв.№ 52164, поз.83-1; центрифуга шнековая фильтрующая EBW48HR, зав.№ 15-113, инв.№ 52163, поз.83-6; центрифуга шнековая фильтрующая EBW48HR, зав.№ 15-115, инв.№ 52165, поз.83-7; турбокомпрессор воздушный многоступенчатый ТВ-80-1,8, зав.№ 275, поз.51-2; элеватор ковшовый обезвоживающий ЭО10С, зав.№ 5, поз. 44-4, инв.№ 38006, применяемое на опасном производственном объекте II класса опасности АО «ЦОФ «Кузнецкая» АЭ.18.05343.002 АЭ.19.06066.001";ТУ;4216000113;"АО ""СШМНУ""";не в полной мере;https://monitor-pb.ru/conclusion/68-%D0%A2%D0%A3-13531-2020;https://monitor-pb.ru/customer/4218000253
active;ЦНД;01-ТУ-06829-2023;28.03.2023;7705035012;"ПАО ""Мосэнерго""";Перепускные трубы ЦНД бл. №1, рег.№10087, расположенный по адресу: г. Москва, ул. Генерала Дорохова, д.16, ТЭЦ-25 филиал ПАО «Мосэнерго».;ТУ;7801082551;"АО НДЦ НПФ ""РУССКАЯ ЛАБОРАТОРИЯ""";не в полной мере;https://monitor-pb.ru/conclusion/01-%D0%A2%D0%A3-06829-2023;https://monitor-pb.ru/customer/7705035012
active;ЦНД;58-ЗС-08838-2021;15.03.2021;8608048498;"ООО ""ЛУКОЙЛ-ЗАПАДНАЯ СИБИРЬ""";"технологический трубопровод ""Попутный нефтяной газ от ЦНД КЦ-101/4 до аппарата воздушного охлаждения Т-102/4"" рег. № 9-ГКС эксплуатируемый ТПП «Когалымнефтегаз» ООО «ЛУКОЙЛ-Западная Сибирь»,";ЗС;8608053410;"ООО ""Центр научно-исследовательских и производственных работ""";не в полной мере;https://monitor-pb.ru/conclusion/58-%D0%97%D0%A1-08838-2021;https://monitor-pb.ru/customer/8608048498
active;ЦНД;58-ЗС-08848-2021;15.03.2021;8608048498;"ООО ""ЛУКОЙЛ-ЗАПАДНАЯ СИБИРЬ""";"технологический трубопровод ""Попутный нефтяной газ от ЦНД КЦ-101/3 до аппарата воздушного охлаждения Т-102/3"" рег. № 8-ГКС эксплуатируемый ТПП «Когалымнефтегаз» ООО «ЛУКОЙЛ-Западная Сибирь»,";ЗС;8608053410;"ООО ""Центр научно-исследовательских и производственных работ""";не в полной мере;https://monitor-pb.ru/conclusion/58-%D0%97%D0%A1-08848-2021;https://monitor-pb.ru/customer/8608048498
active;ЦНД;58-ЗС-08670-2021;12.03.2021;8608048498;"ООО ""ЛУКОЙЛ-ЗАПАДНАЯ СИБИРЬ""";"технологический трубопровод ""Трубопровод Л.46/7(5) ""Попутный нефтяной газ от ЦНД КЦ-101/5 до аппарата воздушного охлаждения Т-102/5"""" рег. № 10-ГКС, эксплуатируемый ТПП «Когалымнефтегаз» ООО «ЛУКОЙЛ-Западная Сибирь»,";ЗС;8608053410;"ООО ""Центр научно-исследовательских и производственных работ""";не в полной мере;https://monitor-pb.ru/conclusion/58-%D0%97%D0%A1-08670-2021;https://monitor-pb.ru/customer/8608048498
active;ЦНД;58-ЗС-08718-2021;12.03.2021;8608048498;"ООО ""ЛУКОЙЛ-ЗАПАДНАЯ СИБИРЬ""";"технологический трубопровод ""Трубопровод Л.46/7(1) ""Попутный нефтяной газ от ЦНД КЦ-101/1 до аппарата воздушного охлаждения Т-102/1"" рег. № 6-ГКС, эксплуатируемый ТПП «Когалымнефтегаз» ООО «ЛУКОЙЛ-Западная Сибирь»,";ЗС;8608053410;"ООО ""Центр научно-исследовательских и производственных работ""";не в полной мере;https://monitor-pb.ru/conclusion/58-%D0%97%D0%A1-08718-2021;https://monitor-pb.ru/customer/8608048498
expiring;ЦНД;58-ТУ-18072-2017;23.05.2017;8608048498;"ООО ""ЛУКОЙЛ-ЗАПАДНАЯ СИБИРЬ""";"технологический трубопровод ""трубопровод Л.46/7 (3)"" Попутный нефтяной газ от ЦНД КЦ-101/3 до аппарата воздушного охлаждения Т-102/3"" (т.п.1-т.вр.3) зав. № 8 ГКС Эксплуатируемый ТПП ""Когалымнефтегаз"" ООО ""ЛУКОЙЛ-Западная Сибирь""";ТУ;8608053410;"ООО ""Центр научно-исследовательских и производственных работ""";не в полной мере;https://monitor-pb.ru/conclusion/58-%D0%A2%D0%A3-18072-2017;https://monitor-pb.ru/customer/8608048498
expiring;ЦНД;58-ТУ-18073-2017;23.05.2017;8608048498;"ООО ""ЛУКОЙЛ-ЗАПАДНАЯ СИБИРЬ""";"технологический трубопровод ""трубопровод Л.46/7 (4)"" Попутный нефтяной газ от ЦНД КЦ-101/4 до аппарата воздушного охлаждения Т-102/4» (т.п.1-т.вр.13) зав. №9 ГКС Эксплуатируемый ТПП ""Когалымнефтегаз"" ООО ""ЛУКОЙЛ-Западная Сибирь""";ТУ;8608053410;"ООО ""Центр научно-исследовательских и производственных работ""";не в полной мере;https://monitor-pb.ru/conclusion/58-%D0%A2%D0%A3-18073-2017;https://monitor-pb.ru/customer/8608048498
expired;ЦНД;71-ТУ-01533-2018;12.04.2018;1434031363;"АО ""ДГК"" (ИНН 1434031363)";пароперепускные трубы к ЦНД паровой турбины ст. № 6, регистрационный № Тр-176, СП «Хабаровская ТЭЦ-1»,;ТУ;2723136871;"ООО ""Востоктеплозащита""";не в полной мере;https://monitor-pb.ru/conclusion/71-%D0%A2%D0%A3-01533-2018;https://monitor-pb.ru/customer/1434031363
expired;ЦНД;25-ТУ-00460-2016;03.02.2016;1106014140;"ООО ""ЛУКОЙЛ-Коми"" (ИНН 1106014140)";Линия 46/10 (от ЦНД КЦ-101/1,2,3,5 до ЦВД) рег. №350 Усинский ГПЗ;ТУ;5948017558;"ООО ""НПД""";не в полной мере;https://monitor-pb.ru/conclusion/25-%D0%A2%D0%A3-00460-2016;https://monitor-pb.ru/customer/1106014140
expired;ЦНД;77-ТУ-00312-2016;25.10.2016;6500000024;"ПАО ""Сахалинэнерго""";"техническое устройство, применяемое на опасном производственном объекте: Пароперепускные трубы ЦНД ТГ №1, рег. № 166 Т, ОП ""Южно-Сахалинская ТЭЦ-1"" ОАО ""Сахалинэнерго""";ТУ;2723136871;"ООО ""Востоктеплозащита""";не в полной мере;https://monitor-pb.ru/conclusion/77-%D0%A2%D0%A3-00312-2016;https://monitor-pb.ru/customer/6500000024
expired;ЦНД;39-ТУ-07821-2017;20.06.2017;3448003962;"АО ""КАУСТИК""";«Площадка главного корпуса ТЭЦ», рег. № А39-00003-0019, III класса опасности Пароперепускные трубы из ЦВД в ЦНД ТА-2, эксплуатируемый: филиалом АО «Каустик» «Волгоградская ТЭЦ-3», установленный: г. Волгоград;ТУ;3444116394;"ООО ""НВЭК-ПБ """;не в полной мере;https://monitor-pb.ru/conclusion/39-%D0%A2%D0%A3-07821-2017;https://monitor-pb.ru/customer/3448003962
expired;ЦНД;39-ТУ-07219-2022;26.04.2022;3448003962;"АО ""КАУСТИК""";техническое устройство: Пароперепускные трубы из ЦВД в ЦНД ТА-1 ОПО «Площадка главного корпуса ТЭЦ» рег. № А39-00003-0019, III класс опасности;ТУ;3444116394;"ООО ""НВЭК-ПБ """;не в полной мере;https://monitor-pb.ru/conclusion/39-%D0%A2%D0%A3-07219-2022;https://monitor-pb.ru/customer/3448003962
expired;ЦНД;57-ТУ-50461-2017;19.12.2017;7203162698;"ПАО ""ФОРВАРД ЭНЕРГО""";техническое устройство: трубопровода подвода пара к коллектору уплотнения ЦНД, ЭБ ст. №4, Р=7,0 кгс/см2, Т=164С (IVкат.), применяемого на ОПО «Площадка главного корпуса Тюменской ТЭЦ–2», (рег. №А56–70847–0051), Тюменской ТЭЦ–2, ПАО «Фортум» филиал энергосистема «Западная Сибирь», г. Тюмень.;ТУ;6617007889;"ООО ""УРАЛЬСКИЙ ЦЕНТР ПРОМЫШЛЕННОЙ БЕЗОПАСНОСТИ""";не в полной мере;https://monitor-pb.ru/conclusion/57-%D0%A2%D0%A3-50461-2017;https://monitor-pb.ru/customer/7203162698
expired;ЦНД;68-ТУ-03920-2019;22.02.2019;4230020425;"ООО ""Юргинский машиностроительный завод""";техническое устройство - левый пароперепускной трубопровод от ЦВД к ЦНД турбины №3, рег. №б/н, эксплуатируемый ООО «Юргинский машиностроительный завод» в составе опасного производственного объекта III класса опасности «Площадка главного корпуса ТЭЦ» (рег.№ А68-01698-0003) по адресу: 622050, РФ, Кемеровская область, г. Юрга, ул. Шоссейная, 3,;ТУ;5406617851;"ООО ""РОС ""ПРОМЫШЛЕННАЯ БЕЗОПАСНОСТЬ""";не в полной мере;https://monitor-pb.ru/conclusion/68-%D0%A2%D0%A3-03920-2019;https://monitor-pb.ru/customer/4230020425
expired;ЦНД;68-ТУ-03922-2019;22.02.2019;4230020425;"ООО ""Юргинский машиностроительный завод""";техническое устройство - правый пароперепускной трубопровод от ЦВД к ЦНД турбины №3 , рег. №б/н, эксплуатируемый ООО «Юргинский машиностроительный завод» в составе опасного производственного объекта III класса опасности «Площадка главного корпуса ТЭЦ» (рег.№ А68-01698-0003) по адресу: 622050, РФ, Кемеровская область, г. Юрга, ул. Шоссейная, 3,;ТУ;5406617851;"ООО ""РОС ""ПРОМЫШЛЕННАЯ БЕЗОПАСНОСТЬ""";не в полной мере;https://monitor-pb.ru/conclusion/68-%D0%A2%D0%A3-03922-2019;https://monitor-pb.ru/customer/4230020425
