inn;fajl;prichina;imya;dolzhnost;telefon;pochta;podrazdelenie;adres
;gl_0276178778.html;контакт без имени, номер сохранён;;;+7 (347) 223-43-83;mail@sahufa.ru;Приемная;
;gl_0276178778.html;контакт без имени, номер сохранён;;;+7 (347) 222-45-06;;Контакт-центр;
;gl_0276178778.html;контакт без имени, номер сохранён;;;8 800 3478003;;Горячая линия;
;gl_0278039018.html;контакт без имени, номер сохранён;;;+7 (347) 279-25-25;tnural@ufa.transneft.ru;Общие контакты / Приёмная;
;gl_1216020386.html;контакт без имени, номер сохранён;;;8(83631)63826;;"Общий номер АО ""Водоканал""";
;gl_1216020386.html;контакт без имени, номер сохранён;;;8(83631)67067;;"Общий номер АО ""Водоканал""";
;gl_1434031363.html;контакт без имени, номер сохранён;;;+7 4212 30-49-14;;Факс;
;gl_1434031363.html;контакт без имени, номер сохранён;;;+7 495 785 09 37;;Линия доверия ПАО «РусГидро»;
;gl_1500004950.html;контакт без имени, номер сохранён;;;(856) 209-25-70;delo@in-pr.ru;Общий номер / Приёмная;
;gl_1500004950.html;контакт без имени, номер сохранён;;;+7 (949) 314-55-05;delo@in-pr.ru;Общий номер;
;gl_1650297657.html;контакт без имени, номер сохранён;;;+7 (8552) 53-44-80;;Горячая линия;
;gl_1650297657.html;контакт без имени, номер сохранён;;;;DRP@chvk.kamaz.net;Передать показания;
;gl_1650297657.html;контакт без имени, номер сохранён;;;+7 (8552) 53-44-71;;«Единое окно» (работа с потребителями);
;gl_1650297657.html;контакт без имени, номер сохранён;;;+7 (8552) 53-44-50;kanc@chvk.kamaz.net;Контакты для справок;
;gl_1650297657.html;контакт без имени, номер сохранён;;;+7 (8552) 53-46-03;kanc@chvk.kamaz.net;Контакты для справок;
;gl_1650297657.html;контакт без имени, номер сохранён;;;+7 (8552) 53-44-84;pr@chvk.kamaz.net;Контакты для СМИ;
;gl_1653006666.html;контакт без имени, номер сохранён;;;+7 (843) 231-62-60;;Аварийно-диспетчерская служба;
;gl_1900012160.html;контакт без имени, номер сохранён;;;8(39031) 35-0-30;;Передача показаний для населения;
;gl_1900012160.html;контакт без имени, номер сохранён;;;8(39031)2-33-23;;Диспетчерская служба;
;gl_1900012160.html;контакт без имени, номер сохранён;;;8(39031)3-50-29;;Диспетчерская служба;
;gl_2130017760.html;контакт без имени, номер сохранён;;;+7 (8352) 56-65-60;info.chvod@yandex.ru;Аварийная служба;
;gl_2209034485.html;контакт без имени, номер сохранён;;;+7 (38557) 4-26-42;rubvodok@mail.ru;Приемная;
;gl_2209034485.html;контакт без имени, номер сохранён;;;+7 (38557) 6-15-15;;Аварийная служба;
;gl_2209034485.html;контакт без имени, номер сохранён;;;(38557) 4-47-68;;Абонентский отдел;
;gl_2308101615.html;контакт без имени, номер сохранён;;;+7 861 205-44-07;kesk@kesk23.ru;Диспетчер 24/7;
;gl_2308101615.html;контакт без имени, номер сохранён;;;+7 861 205-05-07;kesk@kesk23.ru;Единый номер;
;gl_2365004375.html;контакт без имени, номер сохранён;;;+7 (86167) 77-7-14;secretary@rn-tnpz.ru;Contact Information;
;gl_2365004375.html;контакт без имени, номер сохранён;;;8 (499) 517-88-99;;Rosneft Contact Centre;
;gl_2365004375.html;контакт без имени, номер сохранён;;;8 (800) 500-25-45;;Hot line of safety Rosneft;
;gl_2365004375.html;контакт без имени, номер сохранён;;;8 (800) 775-75-88;;Gas station customers support Hotline;
;gl_2365004375.html;контакт без имени, номер сохранён;;;8 (800) 500-11-00;;Freephone for shareholders (from Russia);
;gl_2426003607.html;контакт без имени, номер сохранён;;;391 23-40-959;office@goknok.ru;Приемная;
;gl_2426003607.html;контакт без имени, номер сохранён;;;391 23-40-919;;Прямой телефон приемной;
;gl_2426003607.html;контакт без имени, номер сохранён;;;391 2-220-781;info@goknok.ru;Представительство в Красноярске;
;gl_2426003607.html;контакт без имени, номер сохранён;;;8-(391)-222-07-83;hohryakov@goknok.ru;ОМТС г. Красноярска;
;gl_2426003607.html;контакт без имени, номер сохранён;;;8-(391)-226-65-53;ok-nok@goknok.ru;Отдел кадров;
;gl_2450019630.html;контакт без имени, номер сохранён;;;8 (39161) 2-98-99;priem@ws124.ru;Приемная;
;gl_2450019630.html;контакт без имени, номер сохранён;;;8 (913) 170-05-36;priem@ws124.ru;Приемная;
;gl_2450019630.html;контакт без имени, номер сохранён;;;8 (39161) 2-99-91;;Диспетчерская;
;gl_2450019630.html;контакт без имени, номер сохранён;;;+7(913)-518-4159;;Диспетчерская управления;
;gl_2457061920.html;контакт без имени, номер сохранён;;;+7 (3919) 25-35-51;nok@nornik.ru;Общие контакты;
;gl_2631015563.html;контакт без имени, номер сохранён;;;8 800 201-01-01;;Единый контактный номер;
;gl_2709001590.html;контакт без имени, номер сохранён;;;8 (42137) 57-305;;Телефон горячей линии обращений граждан по вопросам охраны окружающей среды в круглосуточном режиме;
;gl_2709001590.html;контакт без имени, номер сохранён;;;(42137) 57-505;vcsp@vcsp.ru;Общие контакты предприятия;
;gl_3302000186.html;страница пустая;;;;;;
;gl_3327143997.html;контакт без имени, номер сохранён;;;+7 (492) 247-17-37;info@bmt-s.ru;Контакты;
;gl_3435900563.html;контакт без имени, номер сохранён;;;+7 (8443) 22-57-37;info@zos-v.ru;Справочная служба;
;gl_3460019060.html;контакт без имени, номер сохранён;;;+7 (8442) 606-600;;Общий номер / приёмная;
;gl_3526000898.html;контакт без имени, номер сохранён;;;2-11-94;;приёмная;
;gl_3526000898.html;контакт без имени, номер сохранён;;;2-20-27, 8-951-739-16-19;;диспетчерская служба;
;gl_3526000898.html;контакт без имени, номер сохранён;;;2-31-22, 2-86-31, 8-931-504-62-63;;абонентский отдел;
;gl_3661078386.html;контакт без имени, номер сохранён;;;8 (3466) 44-77-44;;Диспетчерская служба;
;gl_3661078386.html;контакт без имени, номер сохранён;;;8 (3466) 29-13-05;;Центр обслуживания клиентов НКС для физических лиц;
;gl_3661078386.html;контакт без имени, номер сохранён;;;+7 (3466) 44-78-10;nvcs@nvcs.ru;Общие контакты организации;
;gl_3801006828.html;контакт без имени, номер сохранён;;;8 (3955) 51-26-46;;Телефон поддержки абонентов;
;gl_3801079671.html;контакт без имени, номер сохранён;;;+7 (3953) 300-709;vp_vsmn@transneft.ru;Общий номер (Контакты);
;gl_3801079671.html;контакт без имени, номер сохранён;;;+7 (3953) 300-701;;Общий номер (Контакты);
;gl_3801079671.html;контакт без имени, номер сохранён;;;+7 (3953) 300-727;;Общий номер (Контакты);
;gl_3821005886.html;контакт без имени, номер сохранён;;;+79526261046;post@shelvoda.ru;Приемная;
;gl_3821005886.html;контакт без имени, номер сохранён;;;+79027624244;pto@shelvoda.ru;ПТО;
;gl_3821005886.html;контакт без имени, номер сохранён;;;8(39550) 6-30-99;;дежурная служба;
;gl_3834002314.html;контакт без имени, номер сохранён;;;8 (39566) 96-240;kgok-osa@korgok.ru;Обращения акционеров к членам Совета директоров и исполнительному органу;
;gl_3834002314.html;контакт без имени, номер сохранён;;;8 (39566) 3-26-05;office@korgok.ru;Телефон/факс приемной;
;gl_3834002314.html;контакт без имени, номер сохранён;;;8 (39566) 3-14-39;office@korgok.ru;Телефон/факс приемной;
;gl_4026000490.html;контакт без имени, номер сохранён;;;+7 (4842) 50-76-77;;Центральная диспетчерская служба / Диспетчер троллейбусного движения;
;gl_4026000490.html;контакт без имени, номер сохранён;;;+7 (4842) 50-76-77;;Центральная диспетчерская служба / Диспетчер автобусного движения;
;gl_4026000490.html;контакт без имени, номер сохранён;;;+7 (4842) 50-76-77;;Проездные билеты и пополнение карт;
;gl_4026000490.html;контакт без имени, номер сохранён;;;+7 (4842) 50-76-77;;Отдел кадров;
;gl_4026000490.html;контакт без имени, номер сохранён;;;8-953-328-00-23;;Реклама на транспорте;
;gl_4026000490.html;контакт без имени, номер сохранён;;;55-44-53;skorob-troll@yandex.ru;Аренда спецтехники;
;gl_4026000490.html;контакт без имени, номер сохранён;;;8-910-918-41-98;skorob-troll@yandex.ru;Аренда спецтехники;
;gl_4027068324.html;контакт без имени, номер сохранён;;;+7 (484) 394-55-88;;Общий номер (контакты);
;gl_4100000668.html;контакт без имени, номер сохранён;;;+7 (4152) 21-67-59;kamenergo@rushydro.ru;Приемная;
;gl_4102009338.html;контакт без имени, номер сохранён;;;8 (415-35) 3-11-85;svrc7@aosvrc.ru;Общие контакты / Факс;
;gl_4102009338.html;контакт без имени, номер сохранён;;;8(415-35) 3-21-34;;Общий телефон;
;gl_4218014305.html;контакт без имени, номер сохранён;;;8 (961) 861-81-03;;Анонимный телефон доверия экономической безопасности и противодействия коррупции;
;gl_4218014305.html;контакт без имени, номер сохранён;;;8 (961) 861-80-99;;Горячая линия по охране труда и промышленной безопасности;
;gl_4221011880.html;контакт без имени, номер сохранён;;;+7 (3843) 58-31-10;reception@sibelectro.com;Приемная;
;gl_4221011880.html;контакт без имени, номер сохранён;;;(3843) 58-38-10;sale@sibelectro.com;Отдел сбыта;
;gl_4221011880.html;контакт без имени, номер сохранён;;;(3843) 58-32-00;snab@sibelectro.com;Отдел снабжения;
;gl_4253019916.html;контакт без имени, номер сохранён;;;+7 (3843) 99-37-33;info@topprom.su;Общие контакты;
;gl_4307017925.html;контакт без имени, номер сохранён;;;8(83334)6-07-47;;"Телефон ""горячей линии"" по вопросам подключения";
;gl_4307017925.html;контакт без имени, номер сохранён;;;8 (83334) 6-24-82;vodootvedenie@inbox.ru;приемная директора, отдел кадров, юрист;
;gl_4307017925.html;контакт без имени, номер сохранён;;зам.директора;7-59-83;vodootvedenie@inbox.ru;зам.директора, бухгалтерия;
;gl_4307017925.html;контакт без имени, номер сохранён;;главный инженер, эколог, инженер;6-07-47;vodootvedenie@inbox.ru;;
;gl_4307017925.html;контакт без имени, номер сохранён;;снабжение;6-17-05;vodootvedenie@inbox.ru;экономисты, снабжение;
;gl_4307017925.html;контакт без имени, номер сохранён;;;7-52-62;vodootvedenie@inbox.ru;расчетная группа;
;gl_4345047310.html;контакт без имени, номер сохранён;;;+7 800 222-43-43;info@vmpavitec.ru;Общий номер;
;gl_4401000622.html;контакт без имени, номер сохранён;;;(4942) 31-37-68;info@vodokanal44.ru;Приемная;
;gl_4401000622.html;контакт без имени, номер сохранён;;;(4942) 46-20-01;;Абонентский отдел;
;gl_4401000622.html;контакт без имени, номер сохранён;;;(4942) 31-47-56;;Диспетчерская служба;
;gl_4703116542.html;контакт без имени, номер сохранён;;;+7 (813) 707-83-82;;Диспетчер;
;gl_4703116542.html;контакт без имени, номер сохранён;;;+7 (921) 438-40-58;;Диспетчер;
;gl_4703116542.html;контакт без имени, номер сохранён;;;+7 (812) 457-00-51;info@smeu-zanevka.spb.ru;Канцелярия;
;gl_4703116542.html;контакт без имени, номер сохранён;;;+7 (812) 457-00-52;;Отдел снабжения;
;gl_4703165123.html;контакт без имени, номер сохранён;;;8(813)7010212;;Аварийно-диспетчерская служба;
;gl_4703165123.html;контакт без имени, номер сохранён;;;8(813)7010212;ooov-kh@mail.ru;Приемная;
;gl_4705014708.html;контакт без имени, номер сохранён;;;8 (81371) 9-37-25, 8 (81371) 27-000;;Диспетчерская служба;
;gl_4705014708.html;контакт без имени, номер сохранён;;;;abok@vodokanal.gtn.ru;Абонентский отдел;
;gl_4705014708.html;контакт без имени, номер сохранён;;;3-77-31, +7 (921) 758-37-01;kc@vodokanal.gtn.ru;Контакт-центр;
;gl_4705014708.html;контакт без имени, номер сохранён;;;;office@vodokanal.gtn.ru;Приемная;
;gl_4705014708.html;контакт без имени, номер сохранён;;;9-38-47;pto@vodokanal.gtn.ru;Производственно-технический отдел;
;gl_4705014708.html;контакт без имени, номер сохранён;;;9-64-83, +7 (921) 443-12-08;ok@vodokanal.gtn.ru;Отдел кадров;
;gl_4803010370.html;контакт без имени, номер сохранён;;;+7 (47465) 6-50-64;dankov@rkvv.ru;Общий номер;
;gl_5005038631.html;контакт без имени, номер сохранён;;;8 (496) 44-55-282;;Контакты / Общий номер;
;gl_5009034660.html;контакт без имени, номер сохранён;;;8 (496) 792-41-94;;Диспетчерская служба;
;gl_5009034660.html;контакт без имени, номер сохранён;;;8 (496) 793-44-30;;Диспетчерская служба;
;gl_5009034660.html;контакт без имени, номер сохранён;;;8 (496) 793-02-53;;Приёмная секретаря;
;gl_5015011318.html;контакт без имени, номер сохранён;;;+7 (495) 727-94-54;zvenvoda@mail.ru;Общий номер;
;gl_5015011318.html;контакт без имени, номер сохранён;;;+7 (498) 690-30-60;;Диспетчерская;
;gl_5024022700.html;контакт без имени, номер сохранён;;;+7(495)562-02-08;vodokanal@krasvk.ru;Диспетчерская;
;gl_5024022700.html;контакт без имени, номер сохранён;;;+7 (495)562-00-63;vodokanal@krasvk.ru;Телефон секретаря;
;gl_5025017750.html;контакт без имени, номер сохранён;;;+7 (495) 139-63-25;info@lobnyavod.ru;Call-центр;
;gl_5025017750.html;контакт без имени, номер сохранён;;;+7 909 670 00 22;;Отдел кадров;
;gl_5040109194.html;контакт без имени, номер сохранён;;;(496)473-91-92;oaorvk@mail.ru;Многоканальный;
;gl_5040109194.html;контакт без имени, номер сохранён;;;(496)461-83-71;;Отдел сбыта коммунальных услуг;
;gl_5040109194.html;контакт без имени, номер сохранён;;;(496)461-22-01;;Аварийно-диспетчерская служба;
;gl_5040109194.html;контакт без имени, номер сохранён;;;+7(496) 473-91-92;aorvk-osku@mail.ru;Отдел сбыта коммунальных услуг;
;gl_5040109194.html;контакт без имени, номер сохранён;;;+7(496) 461-83-74;;Отдел сбыта коммунальных услуг;
;gl_5040109194.html;контакт без имени, номер сохранён;;;(496)461-74-71;;Производственно-техническая группа;
;gl_5047081156.html;контакт без имени, номер сохранён;;;+7 (495) 575-06-36;;Аварийная служба;
;gl_5047081156.html;контакт без имени, номер сохранён;;;+7 (495) 570-70-05;;Единый номер;
;gl_5048052077.html;контакт без имени, номер сохранён;;;8 (496) 72-775-10;priem@cgkh.ru;Телефон для записи и связи со специалистами офиса ГУП МО « Чеховское ЖКХ» «Наш дом»;
;gl_5048052077.html;контакт без имени, номер сохранён;;;8-985-385-80-28;;Диспетчерская служба ГУП МО « Чеховское ЖКХ»;
;gl_5078018370.html;контакт без имени, номер сохранён;;;8 (495) 021-14-49;;Диспетчерская;
;gl_5078018370.html;контакт без имени, номер сохранён;;;+7 (495) 021-14-49;info@ivvodokanal.ru;Общие контакты;
;gl_5214009264.html;контакт без имени, номер сохранён;;;+7 (831) 228-90-80;mkv@mkvolod.ru;Общий номер / Приёмная;
;gl_5247055210.html;контакт без имени, номер сохранён;;;+7(83177) 3-11-70;Stoki@mail.ru;телефон аварийной службы (диспетчер) / горячая линия;
;gl_5247055210.html;контакт без имени, номер сохранён;;;+7(83177) 3-54-33;;абонентский пункт (для физических лиц);
;gl_5247055210.html;контакт без имени, номер сохранён;;;+7(83177) 6-23-01;;абонентский пункт (для юридических лиц);
;gl_5260123469.html;контакт без имени, номер сохранён;;;+7(831)215-20-70;;Департамент продаж;
;gl_5260123469.html;контакт без имени, номер сохранён;;;+7 (831)282-33-72;mail@norchem.ru;По вопросам, предложениям и обращениям;
;gl_5260123469.html;контакт без имени, номер сохранён;;;+7(831)272-88-50;;Телефон / Факс;
;gl_5260900725.html;контакт без имени, номер сохранён;;;+7 (831) 438-22-00;VV-REFERENT@transneft.ru;Общие контакты / приёмная;
;gl_5405002407.html;контакт без имени, номер сохранён;;;+7 (3843) 56 18 26;office@enreng.net;Контакты (общий номер);
;gl_5405002407.html;контакт без имени, номер сохранён;;;+7 (983) 596 68 26;office@enreng.net;Контакты (общий номер);
;gl_5501023216.html;контакт без имени, номер сохранён;;;+7 (495) 627-72-82;post@titan-group.ru;Общий номер;
;gl_5501023216.html;контакт без имени, номер сохранён;;;+7 (3812) 29-95-55;post@titan-group.ru;Общий номер;
;gl_5501023216.html;контакт без имени, номер сохранён;;;+7 (3812) 67-61-40;post@titan-group.ru;Канцелярия;
;gl_5503109356.html;контакт без имени, номер сохранён;;;+7 (3812) 65-02-27;tgk.info@mail.ru;Приёмная;
;gl_5503109356.html;контакт без имени, номер сохранён;;;(3812) 628-838;;Абонентская служба;
;gl_5503109356.html;контакт без имени, номер сохранён;;;+7 (913) 623-55-39;;Абонентская служба;
;gl_5503109356.html;контакт без имени, номер сохранён;;;(3812) 409-588;;Диспетчерская служба;
;gl_5504097128.html;контакт без имени, номер сохранён;;;8 (3812) 53-00-11;;Круглосуточная справочная служба / Общий номер;
;gl_5504097128.html;контакт без имени, номер сохранён;;;8-800-250-17-47;etika@rosvodokanal.ru;Горячая линия (Безопасность и факты злоупотребления);
;gl_5504097128.html;контакт без имени, номер сохранён;;;;office_omsk@rosvodokanal.ru;Электронная почта для юридических лиц;
;gl_5610218014.html;контакт без имени, номер сохранён;;;+7 (3532) 91-37-53;orb-priemnaya@gazprom-neft.ru;Приёмная;
;gl_5610218014.html;контакт без имени, номер сохранён;;;+7 (3532) 91-37-53;orb_ukk@gazprom-neft.ru;Контакты для СМИ;
;gl_5615002700.html;контакт без имени, номер сохранён;;;+7 (3537) 34-21-11;;Общий номер / приёмная;
;gl_5906042295.html;контакт без имени, номер сохранён;;;+7(342) 260-65-00;teplo-m@mz.perm.ru;Общий номер / Приёмная;
;gl_5906042295.html;контакт без имени, номер сохранён;;;260-77-77;;диспетчерская служба;
;gl_5911013780.html;контакт без имени, номер сохранён;;;+7(3424) 28-43-00;;Горячая линия;
;gl_5911013780.html;контакт без имени, номер сохранён;;;+7(3424) 284-101;mail@bsz.ru;Общие контакты;
;gl_5920005217.html;контакт без имени, номер сохранён;;;+7 (34241) 6-31-64;chaivk@chaykovsky.permkrai.ru;Приемная директора;
;gl_5920005217.html;контакт без имени, номер сохранён;;;+7 (34241) 7-47-99;chaivk@chaykovsky.permkrai.ru;Приемная директора;
;gl_5920005217.html;контакт без имени, номер сохранён;;;+7 (34241) 6-31-58;chaivk@chaykovsky.permkrai.ru;Приемная (факс);
;gl_5920005217.html;контакт без имени, номер сохранён;;;+7 (34241) 2-14-13;;Диспетчер;
;gl_5920005217.html;контакт без имени, номер сохранён;;;+7 (34241) 6-13-54;;Абонентский отдел;
;gl_5920005217.html;контакт без имени, номер сохранён;;;+7 (34241) 7-41-10;;Абонентский отдел;
;gl_5920014645.html;контакт без имени, номер сохранён;;;+7 (34241) 7-14-00;uos@uos.ru;По всем интересующим вопросам;
;gl_5920014645.html;контакт без имени, номер сохранён;;;+7 (34241) 7-15-75;uos@uos.ru;По всем интересующим вопросам;
;gl_6025001060.html;контакт без имени, номер сохранён;;;+7 (81153) 7-88-10;vodokanal-vl@yandex.ru;МП «Водоканал» г. Великие Луки;
;gl_6167055777.html;контакт без имени, номер сохранён;;Руководитель Обособленного подразделения в г. Москва;+7 (984) 192-89-95;savchenko_vv@grain.ru;;
;gl_6167055777.html;контакт без имени, номер сохранён;;Руководитель Обособленного подразделения Золотое кольцо;+7 (984) 192-89-95;savchenko_vv@grain.ru;;
;gl_6167055777.html;контакт без имени, номер сохранён;;Руководитель обособленного подразделения;+7 (984) 192-89-95;savchenko_vv@grain.ru;;
;gl_6167055777.html;контакт без имени, номер сохранён;;Руководитель обособленного подразделения;+7 (910) 130-29-99;grudanov_aa@grain.ru;;
;gl_6167055777.html;контакт без имени, номер сохранён;;Руководитель обособленного подразделения;+7 (937) 793-84-86;chuikov_mv@grain.ru;;
;gl_6167055777.html;контакт без имени, номер сохранён;;Руководитель обособленного подразделения;+7 (913) 215-64-06;oleshko_dv@grain.ru;;
;gl_6167055777.html;контакт без имени, номер сохранён;;Руководитель обособленного подразделения;+7 (928) 602-69-67;sokolov_av@grain.ru;;
;gl_6167055777.html;контакт без имени, номер сохранён;;Руководитель обособленного подразделения;+7 (928) 602-69-67;sokolov_av@grain.ru;;
;gl_6167055777.html;контакт без имени, номер сохранён;;Руководитель обособленного подразделения;+7 (911) 811-74-68;dovger_va@grain.ru;;
;gl_6167055777.html;контакт без имени, номер сохранён;;;8 (800) 500-77-07;contact@grain.ru;Общий номер компании;
;gl_6315376946.html;контакт без имени, номер сохранён;;;+7 (495) 980-59-00;info@tplusgroup.ru;Телефон приемной;
;gl_6315376946.html;контакт без имени, номер сохранён;;;+7 (495) 740-00-00;;Телефон приемной;
;gl_6315376946.html;контакт без имени, номер сохранён;;;8 (800) 700-06-06;hotline@tplusgroup.ru;Горячая антикоррупционная линия;
;gl_6317024749.html;контакт без имени, номер сохранён;;;+7 (846) 250-02-41;privolga@sam.transneft.ru;Контакты;
;gl_6320002223.html;контакт без имени, номер сохранён;;;8 800 700 52 32;;Клиентская служба LADA;
;gl_6320002223.html;контакт без имени, номер сохранён;;;;zakupki@vaz.ru;По вопросам поставок на АО «АВТОВАЗ»;
;gl_6320002223.html;контакт без имени, номер сохранён;;;;personal@vaz.ru;По вопросам трудоустройства;
;gl_6321280368.html;контакт без имени, номер сохранён;;;(8482) 90-30-43;;Общий многоканальный номер;
;gl_6321280368.html;контакт без имени, номер сохранён;;;(8482) 90-30-42;;Отдел по работе с абонентами;
;gl_6321280368.html;контакт без имени, номер сохранён;;;;info@avkvoda.ru;Канцелярия;
;gl_6323049893.html;контакт без имени, номер сохранён;;;+7 (8482) 369-000;;Справочная;
;gl_6330017980.html;контакт без имени, номер сохранён;;;+7 495 641 58 58;mail@nnk.ru;Общие контакты;
;gl_6439053289.html;контакт без имени, номер сохранён;;;8(8453) 44-45-33;;Аварийно-диспетчерская служба;
;gl_6439053289.html;контакт без имени, номер сохранён;;;8(8453) 44-45-82;office@bal-vod.ru;Приемная;
;gl_6501281770.html;контакт без имени, номер сохранён;;;+7 (4242) 49-84-50;priem@sakhvodokanal.ru;Приёмная;
;gl_6604017216.html;контакт без имени, номер сохранён;;;8 (34369) 4-40-10;bervodokanal@bk.ru;Контакты;
;gl_6604017216.html;контакт без имени, номер сохранён;;;8 (34369) 4-84-76;bervodokanal@bk.ru;Контакты;
;gl_6604017216.html;контакт без имени, номер сохранён;;;+7(34369)4-89-02;ao@bervodokanal.ru;Абонентский отдел;
;gl_6625004271.html;контакт без имени, номер сохранён;;;+7 (3439) 262-007;info@tmk-group.com;Общие контакты предприятия;
;gl_7203258470.html;контакт без имени, номер сохранён;;;+7 (3452) 902800;;Диспечерская;
;gl_7203258470.html;контакт без имени, номер сохранён;;;+7 (3452) 593200;;Главный офис;
;gl_7203258470.html;контакт без имени, номер сохранён;;Менеджер по работе с клиентами;+7 908 875 48 00;vodokanalsevis72@gmail.com;;
;gl_7302040242.html;контакт без имени, номер сохранён;;;8 (84235) 9-83-83;niiar@niiar.ru;Общий номер организации / справочно-контактная информация;
;gl_7415060560.html;контакт без имени, номер сохранён;;;(3513) 53-03-65;;Секретарь;
;gl_7415060560.html;контакт без имени, номер сохранён;;;(3513) 53-37-89;;Оперативно-диспетчерская служба;
;gl_7417011270.html;контакт без имени, номер сохранён;;;+7(495) 232-61-00;msk@magnezit.com;Представительство в Москве;
;gl_7417011270.html;контакт без имени, номер сохранён;;;+7 (35161) 5-96-10, +7 (35161) 5-95-45;office@magnezit.com;Саткинская производственная площадка;
;gl_7701791321.html;контакт без имени, номер сохранён;;;+7 (495) 748-66-11;rvpetro@rvpetro.ru;Контакты;
;gl_7701984274.html;контакт без имени, номер сохранён;;;8 (499) 763-34-34;;Телефон единой приемной / Единая информационная справочная служба;
;gl_7701984274.html;контакт без имени, номер сохранён;;;8 (495) 676-46-31;;Телефон доверия по вопросам противодействия коррупции;
;gl_7701984274.html;контакт без имени, номер сохранён;;;8 (499) 735-05-11;;Телефон диспетчерской ПУ Зеленоградводоканал;
;gl_7701984274.html;контакт без имени, номер сохранён;;;8 (495) 435-66-98;;Телефон диспетчерской РЭВКС № 1 / РЭВКС № 2 / РЭВКС № 3;
;gl_7701984274.html;контакт без имени, номер сохранён;;;8 (499) 152-32-40;;Телефон диспетчерской РЭВС № 6 / РЭВС № 11;
;gl_7701984274.html;контакт без имени, номер сохранён;;;8 (495) 350-17-74;;Телефон диспетчерской РЭВС № 3 / РЭВС № 4;
;gl_7701984274.html;контакт без имени, номер сохранён;;;8 (495) 350-22-10;;Телефон диспетчерской РЭВС № 5;
;gl_7701984274.html;контакт без имени, номер сохранён;;;8 (499) 152-40-68;;Телефон диспетчерской РЭВС № 2 / РЭВС № 10;
;gl_7701984274.html;контакт без имени, номер сохранён;;;8 (499) 795-61-84;;Телефон диспетчерской РЭВС № 1;
;gl_7701984274.html;контакт без имени, номер сохранён;;;8 (499) 612-21-70;;Телефон диспетчерской РЭВС № 8 / РЭВС № 9;
;gl_7701984274.html;контакт без имени, номер сохранён;;;8 (499) 263-91-90;;Телефон диспетчерской РКС № 1 / РКС № 5 / РКС № 8 / РКС № 11;
;gl_7701984274.html;контакт без имени, номер сохранён;;;8 (499) 164-37-43;;Телефон диспетчерской РКС № 4 / РКС № 6 / РКС № 11;
;gl_7701984274.html;контакт без имени, номер сохранён;;;8 (495) 621-31-83;;Телефон диспетчерской РКС № 2 / РКС № 10;
;gl_7701984274.html;контакт без имени, номер сохранён;;;8 (499) 166-67-78;;Телефон диспетчерской РКС № 3 / РКС № 7 / РКС № 9;
;gl_7702352454.html;контакт без имени, номер сохранён;;;+7 (8182) 65-46-26;mail@ark.rosmorport.su;Общий телефон филиала;
;gl_7705551779.html;контакт без имени, номер сохранён;;;8 (3452) 53-23-99;info@tnpz.ri-invest.ru;Контакты;
;gl_7705551779.html;контакт без имени, номер сохранён;;;8 (800) 700-2397;hotline@tnpz.ri-invest.ru;Горячая линия безопасности;
;gl_7705739450.html;страница пустая;;;;;;
;gl_7718018279.html;контакт без имени, номер сохранён;;;+7 (495) 181-72-35;sales@muka-mks.ru;Контакты менеджеров;
;gl_7718018279.html;контакт без имени, номер сохранён;;;+7-965-242-36-49;sales@muka-mks.ru;Контакты менеджеров;
;gl_7718018279.html;контакт без имени, номер сохранён;;;+7-965-242-36-73;sales@muka-mks.ru;Контакты менеджеров;
;gl_7718018279.html;контакт без имени, номер сохранён;;;+7-965-242-36-78;sales@muka-mks.ru;Контакты менеджеров;
;gl_7718018279.html;контакт без имени, номер сохранён;;;+7-903-518-36-90;sales@muka-mks.ru;Контакты менеджеров;
;gl_7718018279.html;контакт без имени, номер сохранён;;;+7-965-242-36-88;;Продажа отрубей;
;gl_7721632827.html;контакт без имени, номер сохранён;;;(495) 647-41-50;info@rosenergoatom.ru;Контакты;
;gl_7721632827.html;контакт без имени, номер сохранён;;;;alberti-ay@rosenergoatom.ru;Для СМИ;
;gl_7723332561.html;контакт без имени, номер сохранён;;;+7 (495) 287-34-33;info@neftekhimia.ru;Общий телефон / Приёмная;
;gl_7728640182.html;контакт без имени, номер сохранён;;;+7 (812) 449-74-45;;Общий контактный телефон;
;gl_7728640182.html;контакт без имени, номер сохранён;;;+7 (812) 449-74-46;;Факс;
;gl_7805059786.html;контакт без имени, номер сохранён;;;+7 (812) 702-02-53;info@petrostal.spb.ru;Общие контакты / приёмная;
;gl_8606013108.html;контакт без имени, номер сохранён;;;8 (34676)2-10-92;vodokanal@uraivodokanal.ru;Общий номер;
;gl_8606013108.html;контакт без имени, номер сохранён;;;8 (34676)2-11-05;;Общий номер;
;gl_8606013108.html;контакт без имени, номер сохранён;;;8 (34676) 2-01-40;;Общий номер;
;gl_8606013108.html;контакт без имени, номер сохранён;;;8 (34676)2-85-05;;Общий номер;
;gl_8608053709.html;контакт без имени, номер сохранён;;;+7 (3462) 55 04 41;;контактный центр;
;gl_8608053709.html;контакт без имени, номер сохранён;;;+7 (3462) 45-65-44;;диспетчерская служба;
;gl_8608053709.html;контакт без имени, номер сохранён;;;+7 (3462) 55-01-18;;отдел по работе с юридическими лицами;
;gl_8608053709.html;контакт без имени, номер сохранён;;;+7 (3462) 55-03-58;info@gvk86.ru;Горячая линия безопасности;
;gl_8901014564.html;контакт без имени, номер сохранён;;;+7 (3499)50-24-20;yargeo@yargeo.novatek.ru;Телефон приемной;
;gl_9701011913.html;контакт без имени, номер сохранён;;;+7(495) 739-01-60;zndkh.info@nestro.ru;Контакты / Общий номер;
;kart_1434031363_225037727.html;контакт без имени, номер сохранён;;;+7 4212 30-49-14;;ФАКС;
;kart_1434031363_225037727.html;контакт без имени, номер сохранён;;;+7 495 785 09 37;;"Линия доверия ПАО ""РусГидро""";
;kart_7701984274_155561433.html;контакт без имени, номер сохранён;;;8 (499) 763-34-34;;Единая информационная справочная служба;
;kart_7701984274_155561433.html;контакт без имени, номер сохранён;;;8 (495) 676-46-31;;Телефон доверия по вопросам противодействия коррупции;
0268000188;lc_0268000188_1.html;контакт без имени, номер сохранён;;;8(3473) 24-01-15;priemnaya@vodokanal-str.ru;приемная;https://vodokanal-str.ru/contacts
0268000188;lc_0268000188_1.html;контакт без имени, номер сохранён;;;8(3473) 24-02-90;;Аварийно-диспетчерская служба;https://vodokanal-str.ru/contacts
0268000188;lc_0268000188_1.html;контакт без имени, номер сохранён;;Главный механик;8(3473) 24-01-15;;;https://vodokanal-str.ru/contacts
0268000188;lc_0268000188_1.html;контакт без имени, номер сохранён;;Главный энергетик;8(3473) 24-01-15;;;https://vodokanal-str.ru/contacts
0268000188;lc_0268000188_1.html;контакт без имени, номер сохранён;;Начальник производственно –технического отдела;8(3473) 24-01-15;;производственно –технический отдел;https://vodokanal-str.ru/contacts
0268000188;lc_0268000188_1.html;контакт без имени, номер сохранён;;Начальник отдела материально-технического снабжения;8(3473) 24-01-15;;отдел материально-технического снабжения;https://vodokanal-str.ru/contacts
0268000188;lc_0268000188_1.html;контакт без имени, номер сохранён;;Начальник цеха водоснабжения;8(3473) 24-01-15;;цех водоснабжения;https://vodokanal-str.ru/contacts
0268000188;lc_0268000188_1.html;контакт без имени, номер сохранён;;Начальник цеха водоотведения;8(3473) 24-01-15;;цех водоотведения;https://vodokanal-str.ru/contacts
0268000188;lc_0268000188_1.html;контакт без имени, номер сохранён;;Начальник цеха БОС;8(3473) 24-01-15;;цех БОС;https://vodokanal-str.ru/contacts
0268000188;lc_0268000188_1.html;контакт без имени, номер сохранён;;Начальник автотранспортного цеха;8(3473) 24-01-15;;автотранспортный цех;https://vodokanal-str.ru/contacts
0268000188;lc_0268000188_1.html;контакт без имени, номер сохранён;;Начальник лаборатории;8(3473) 24-01-15;;лаборатория;https://vodokanal-str.ru/contacts
0268000188;lc_0268000188_1.html;контакт без имени, номер сохранён;;Начальник отдела информационных технологий;8(3473) 24-01-15;;отдел информационных технологий;https://vodokanal-str.ru/contacts
0268000188;lc_0268000188_1.html;контакт без имени, номер сохранён;;Главный бухгалтер;8(3473) 24-01-15;;бухгалтерия;https://vodokanal-str.ru/contacts
0268000188;lc_0268000188_1.html;контакт без имени, номер сохранён;;Начальник планово-экономического отдела;8(3473) 24-01-15;;планово-экономический отдел;https://vodokanal-str.ru/contacts
0268000188;lc_0268000188_1.html;контакт без имени, номер сохранён;;Инженер по ГО и ЧС;8(3473) 24-01-15;;;https://vodokanal-str.ru/contacts
0268000188;lc_0268000188_1.html;контакт без имени, номер сохранён;;Специалист по охране труда;8(3473) 24-01-15;;;https://vodokanal-str.ru/contacts
0268000188;lc_0268000188_1.html;контакт без имени, номер сохранён;;Ведущий инженер по охране окружающей среды;8(3473) 24-01-15;;;https://vodokanal-str.ru/contacts
0268000188;lc_0268000188_1.html;контакт без имени, номер сохранён;;Начальник абонентского отдела;8(3473) 24-01-15;;абонентский отдел;https://vodokanal-str.ru/contacts
0276178778;lc_0276178778_0.html;контакт без имени, номер сохранён;;;+7 (347) 223-43-83;mup-sah@yandex.ru;Приемная;https://sahufa.ru/o-predpriyatii/rukovodstvo/
0276178778;lc_0276178778_0.html;контакт без имени, номер сохранён;;;+7 (347) 222-45-06;mail@sahufa.ru;Контакт-центр;https://sahufa.ru/o-predpriyatii/rukovodstvo/
0276178778;lc_0276178778_0.html;контакт без имени, номер сохранён;;;8 800 3478003;;Горячая линия;https://sahufa.ru/o-predpriyatii/rukovodstvo/
0276178778;lc_0276178778_1.html;контакт без имени, номер сохранён;;;+7 (347) 223-43-83;mup-sah@yandex.ru;приемная;https://sahufa.ru/kontakty/
0276178778;lc_0276178778_1.html;контакт без имени, номер сохранён;;;+7 (347) 222-45-06;mail@sahufa.ru;контакт-центр;https://sahufa.ru/kontakty/
0276178778;lc_0276178778_1.html;контакт без имени, номер сохранён;;;8 800 3478003;;горячая линия;https://sahufa.ru/kontakty/
0276178778;lc_0276178778_1.html;контакт без имени, номер сохранён;;;(347) 223-43-83;;Отдел безопасности и охраны предприятия;https://sahufa.ru/kontakty/
0276178778;lc_0276178778_1.html;контакт без имени, номер сохранён;;;(347) 223-43-83;;Отдел торгов и закупок;https://sahufa.ru/kontakty/
0276178778;lc_0276178778_1.html;контакт без имени, номер сохранён;;;(347) 223-43-83;;Отдел охраны труда;https://sahufa.ru/kontakty/
0276178778;lc_0276178778_1.html;контакт без имени, номер сохранён;;;(347) 223-43-83;;Отдел охраны окружающей среды (экологи);https://sahufa.ru/kontakty/
0276178778;lc_0276178778_1.html;контакт без имени, номер сохранён;;;8 (347) 222-45-06;;Отдел по работе с обращениями (контакт-центр);https://sahufa.ru/kontakty/
0276178778;lc_0276178778_1.html;контакт без имени, номер сохранён;;;8 (347) 222-45-06;;Абонентский отдел по работе с физическими лицами;https://sahufa.ru/kontakty/
0276178778;lc_0276178778_1.html;контакт без имени, номер сохранён;;;(347) 223-54-80;;Юридический отдел;https://sahufa.ru/kontakty/
0276178778;lc_0276178778_1.html;контакт без имени, номер сохранён;;;(347) 223-43-94;;Диспетчер (Автотранспортный цех);https://sahufa.ru/kontakty/
0276178778;lc_0276178778_1.html;контакт без имени, номер сохранён;;;(347) 223-37-42;;Отдел эксплуатации (специалисты);https://sahufa.ru/kontakty/
0276178778;lc_0276178778_1.html;контакт без имени, номер сохранён;;;282-05-35;;Отдел эксплуатации (специалисты);https://sahufa.ru/kontakty/
0276178778;lc_0276178778_1.html;контакт без имени, номер сохранён;;;(347)223-43-83;;Служба раздельной сортировки отходов и оборота контейнеров;https://sahufa.ru/kontakty/
0276178778;lc_0276178778_1.html;контакт без имени, номер сохранён;;;8 (347) 222-45-06;;Бухгалтерия;https://sahufa.ru/kontakty/
0276178778;lc_0276178778_1.html;контакт без имени, номер сохранён;;;(347) 223-54-74;;Отдел по управлению персоналом и социальной политике;https://sahufa.ru/kontakty/
0276178778;lc_0276178778_1.html;контакт без имени, номер сохранён;;;(347) 223-43-83;;Отдел по работе с операторами перевозки и полигонами;https://sahufa.ru/kontakty/
0276178778;lc_0276178778_1.html;контакт без имени, номер сохранён;;;(347) 223-43-83;;Отдел материально-технического снабжения;https://sahufa.ru/kontakty/
0276178778;lc_0276178778_1.html;контакт без имени, номер сохранён;;;(347) 223-43-83;;Отдел взаимодействия с органами власти и контроля систем мониторинга техники;https://sahufa.ru/kontakty/
0276178778;lc_0276178778_1.html;контакт без имени, номер сохранён;;;(347) 223-43-83;;Профсоюз;https://sahufa.ru/kontakty/
0276178778;lc_0276178778_1.html;контакт без имени, номер сохранён;;;(347) 223-43-83;;Отдел документооборота;https://sahufa.ru/kontakty/
0276178778;lc_0276178778_2.html;контакт без имени, номер сохранён;;;+7 (347) 222-45-06;;контакт-центр;https://sahufa.ru/dogovory-dlya-fiz-lits/kontakty-territorialnyh-predstavitelej-v-munitsipalnyh-rajonah/
0276178778;lc_0276178778_2.html;контакт без имени, номер сохранён;;;8 800 3478003;;горячая линия;https://sahufa.ru/dogovory-dlya-fiz-lits/kontakty-territorialnyh-predstavitelej-v-munitsipalnyh-rajonah/
0276178778;lc_0276178778_2.html;контакт без имени, номер сохранён;;;+7 (347) 223-43-83;mail@sahufa.ru, mup-sah@yandex.ru;приемная;https://sahufa.ru/dogovory-dlya-fiz-lits/kontakty-territorialnyh-predstavitelej-v-munitsipalnyh-rajonah/
0276178778;lc_0276178778_3.html;контакт без имени, номер сохранён;;;+7 (347) 222-45-06;mail@sahufa.ru;Контакт-центр;https://sahufa.ru/nocat/2020/04/2441/
0276178778;lc_0276178778_3.html;контакт без имени, номер сохранён;;;8 800 3478003;;Горячая линия;https://sahufa.ru/nocat/2020/04/2441/
0276178778;lc_0276178778_3.html;контакт без имени, номер сохранён;;;+7 (347) 223-43-83;mup-sah@yandex.ru;Приемная;https://sahufa.ru/nocat/2020/04/2441/
0276178778;lc_0276178778_4.html;контакт без имени, номер сохранён;;;+7 (347) 222-45-06;;Контакт-центр;https://sahufa.ru/karta-partnera-mup-spetsavtohozyajstvo/
0276178778;lc_0276178778_4.html;контакт без имени, номер сохранён;;;8 800 3478003;;Горячая линия;https://sahufa.ru/karta-partnera-mup-spetsavtohozyajstvo/
0276178778;lc_0276178778_4.html;контакт без имени, номер сохранён;;;+7 (347) 223-43-83;mail@sahufa.ru;Приемная;https://sahufa.ru/karta-partnera-mup-spetsavtohozyajstvo/
0276178778;lc_0276178778_5.html;контакт без имени, номер сохранён;;;+7 (347) 222-45-06;;Контакт-центр;https://sahufa.ru/o-predpriyatii/obshhie-svedeniya/
0276178778;lc_0276178778_5.html;контакт без имени, номер сохранён;;;8 800 3478003;;Горячая линия;https://sahufa.ru/o-predpriyatii/obshhie-svedeniya/
0276178778;lc_0276178778_5.html;контакт без имени, номер сохранён;;;+7 (347) 223-43-83;mail@sahufa.ru;Приемная;https://sahufa.ru/o-predpriyatii/obshhie-svedeniya/
0278039018;lc_0278039018_0.html;контакт без имени, номер сохранён;;;+7 (347) 279-25-25;tnural@ufa.transneft.ru;Общие контакты;https://ural.transneft.ru/about/management/
0278039018;lc_0278039018_1.html;контакт без имени, номер сохранён;;;+7 (347) 279-25-25;tnural@ufa.transneft.ru;Общий номер / Контакты;https://ural.transneft.ru/contact/
0278039018;lc_0278039018_1.html;контакт без имени, номер сохранён;;;;confidence@ufa.transneft.ru;Управление безопасности;https://ural.transneft.ru/contact/
0278039018;lc_0278039018_1.html;контакт без имени, номер сохранён;;;+7 (347) 279-25-31;NikolaevaKA@ufa.transneft.ru;Служба общественных коммуникаций (пресс-служба);https://ural.transneft.ru/contact/
0278039018;lc_0278039018_2.html;контакт без имени, номер сохранён;;;+7 (347) 279-25-25;tnural@ufa.transneft.ru;Общие контакты организации;https://ural.transneft.ru/information/affiliates/
0278039018;lc_0278039018_3.html;контакт без имени, номер сохранён;;;+7 (347) 279-25-39;;Отдел подготовки и проведения торгов АО «Транснефть – Урал»;https://ural.transneft.ru/tenders/contact/
0278039018;lc_0278039018_3.html;контакт без имени, номер сохранён;;;+7 (347) 279-25-25;tnural@ufa.transneft.ru;Контакты (общий номер);https://ural.transneft.ru/tenders/contact/
0278039018;lc_0278039018_4.html;контакт без имени, номер сохранён;;;+7 (347) 279-25-31;;Служба общественных коммуникаций;https://ural.transneft.ru/media-center/newspress/contact/
0278039018;lc_0278039018_4.html;контакт без имени, номер сохранён;;;+7 (347) 279-25-25;tnural@ufa.transneft.ru;Общие контакты;https://ural.transneft.ru/media-center/newspress/contact/
0278039018;lc_0278039018_5.html;контакт без имени, номер сохранён;;;+7 (347) 279-25-25;tnural@ufa.transneft.ru;Общие контакты;https://ural.transneft.ru/kontakty
1434031363;lc_1434031363_0.html;контакт без имени, номер сохранён;;;+7 4212 30-49-14;;Факс;https://dvgk.ru/company/corporate/generalnyy-direktor/
1434031363;lc_1434031363_0.html;контакт без имени, номер сохранён;;;+7 495 785 09 37;;"Линия доверия ПАО ""РусГидро""";https://dvgk.ru/company/corporate/generalnyy-direktor/
1434031363;lc_1434031363_1.html;контакт без имени, номер сохранён;;;+7 4212 30-49-14;;Факс;https://dvgk.ru/company/corporate/sovet-direktorov/
1434031363;lc_1434031363_1.html;контакт без имени, номер сохранён;;;+7 495 785 09 37;;Многоканальный телефон / Линия доверия ПАО «РусГидро»;https://dvgk.ru/company/corporate/sovet-direktorov/
1434031363;lc_1434031363_2.html;контакт без имени, номер сохранён;;;+7 4212 30-49-14;;Общий факс;https://dvgk.ru/company/corporate/apparat-upravleniya/
1434031363;lc_1434031363_2.html;контакт без имени, номер сохранён;;;+7 495 785 09 37;;Линия доверия ПАО «РусГидро»;https://dvgk.ru/company/corporate/apparat-upravleniya/
1434031363;lc_1434031363_3.html;контакт без имени, номер сохранён;;;8(42142) 3-46-82;secretar-ATEC1@dgk.ru;Приемная;https://dvgk.ru/company/contacts/strukturnye-podrazdeleniya/
1434031363;lc_1434031363_3.html;контакт без имени, номер сохранён;;;(4216) 398-339;doc-ats@dgk.ru;Приемная;https://dvgk.ru/company/contacts/strukturnye-podrazdeleniya/
1434031363;lc_1434031363_3.html;контакт без имени, номер сохранён;;;8-42337-45055;artec@dgk.ru;Приемная;https://dvgk.ru/company/contacts/strukturnye-podrazdeleniya/
1434031363;lc_1434031363_3.html;контакт без имени, номер сохранён;;;(426622) 9-27-03;priemnaya-btec@dgk.ru;Приемная;https://dvgk.ru/company/contacts/strukturnye-podrazdeleniya/
1434031363;lc_1434031363_3.html;контакт без имени, номер сохранён;;;8(4162) 39-83-59;doc-btec@dgk.ru;Приемная;https://dvgk.ru/company/contacts/strukturnye-podrazdeleniya/
1434031363;lc_1434031363_3.html;контакт без имени, номер сохранён;;;8(423) 262-96-59;referent-vtec2@dgk.ru;Приемная;https://dvgk.ru/company/contacts/strukturnye-podrazdeleniya/
1434031363;lc_1434031363_3.html;контакт без имени, номер сохранён;;;+7 (4217) 23-33-59;ktec-2@dgk.ru;Приемная;https://dvgk.ru/company/contacts/strukturnye-podrazdeleniya/
1434031363;lc_1434031363_3.html;контакт без имени, номер сохранён;;;+7 (4217) 54-19-44;ktec-2@dgk.ru;Приемная;https://dvgk.ru/company/contacts/strukturnye-podrazdeleniya/
1434031363;lc_1434031363_3.html;контакт без имени, номер сохранён;;;8(4217) 54-12-07;priemnaya-ktec3@dgk.ru;Приемная;https://dvgk.ru/company/contacts/strukturnye-podrazdeleniya/
1434031363;lc_1434031363_3.html;контакт без имени, номер сохранён;;;(4217) 23-32-10;priemnaya-kts@dgk.ru;Приемная;https://dvgk.ru/company/contacts/strukturnye-podrazdeleniya/
1434031363;lc_1434031363_3.html;контакт без имени, номер сохранён;;;(411-47) 7-98-22;postmaster-ngres@dgk.ru;Приемная;https://dvgk.ru/company/contacts/strukturnye-podrazdeleniya/
1434031363;lc_1434031363_3.html;контакт без имени, номер сохранён;;;(42135) 2-39-62;priem-ntec@dgk.ru;Приемная;https://dvgk.ru/company/contacts/strukturnye-podrazdeleniya/
1434031363;lc_1434031363_3.html;контакт без имени, номер сохранён;;;(42363) 6-53-59;aho-pgres@dgk.ru;Приемная;https://dvgk.ru/company/contacts/strukturnye-podrazdeleniya/
1434031363;lc_1434031363_3.html;контакт без имени, номер сохранён;;;8(423) 262-98-88;priemnaya-pts@dgk.ru;Приемная;https://dvgk.ru/company/contacts/strukturnye-podrazdeleniya/
1434031363;lc_1434031363_3.html;контакт без имени, номер сохранён;;;8 (41647) 4-49-06;doc-rgres@dgk.ru;Приемная;https://dvgk.ru/company/contacts/strukturnye-podrazdeleniya/
1434031363;lc_1434031363_3.html;контакт без имени, номер сохранён;;;8(4213) 8-642-59;priemnaya-SGTEC@dgk.ru;Приемная;https://dvgk.ru/company/contacts/strukturnye-podrazdeleniya/
1434031363;lc_1434031363_3.html;контакт без имени, номер сохранён;;;(423) 2-62-99-59;priemnaya-vostok@dgk.ru;Приемная;https://dvgk.ru/company/contacts/strukturnye-podrazdeleniya/
1434031363;lc_1434031363_3.html;контакт без имени, номер сохранён;;;(4212) 26-15-59;Priemnaya-htec1@dgk.ru;Приемная;https://dvgk.ru/company/contacts/strukturnye-podrazdeleniya/
1434031363;lc_1434031363_3.html;контакт без имени, номер сохранён;;;(4212) 26-52-59;priemnaya-xtec2@dgk.ru;Приемная;https://dvgk.ru/company/contacts/strukturnye-podrazdeleniya/
1434031363;lc_1434031363_3.html;контакт без имени, номер сохранён;;;(4212) 26-53-59;priemnaya-xt3@dgk.ru;Приемная;https://dvgk.ru/company/contacts/strukturnye-podrazdeleniya/
1434031363;lc_1434031363_3.html;контакт без имени, номер сохранён;;;(4212) 26-56-59;priemnaya-xtc@dgk.ru;Приемная;https://dvgk.ru/company/contacts/strukturnye-podrazdeleniya/
1434031363;lc_1434031363_3.html;контакт без имени, номер сохранён;;;(4212) 26-48-02;kazantceva-ma@dgk.ru;Приемная;https://dvgk.ru/company/contacts/strukturnye-podrazdeleniya/
1434031363;lc_1434031363_3.html;контакт без имени, номер сохранён;;;(423-37) 9-55-09;priemnaya-shtec@dgk.ru;Приемная;https://dvgk.ru/company/contacts/strukturnye-podrazdeleniya/
1434031363;lc_1434031363_3.html;контакт без имени, номер сохранён;;;+7 495 785 09 37;;Многоканальный телефон;https://dvgk.ru/company/contacts/strukturnye-podrazdeleniya/
1434031363;lc_1434031363_4.html;контакт без имени, номер сохранён;;;(4212) 30-49-14, (4212) 26-43-59;dgk@dgk.ru;"Приёмная Исполнительного аппарата АО ""ДГК""";https://dvgk.ru/company/contacts/
1434031363;lc_1434031363_5.html;контакт без имени, номер сохранён;;;+7 4212 30-49-14;;Многоканальный телефон / факс;https://dvgk.ru/company/corporate/revizionnaya-komissiya-auditor/
1434031363;lc_1434031363_5.html;контакт без имени, номер сохранён;;;+7 495 785 09 37;;"Линия доверия ПАО ""РусГидро""";https://dvgk.ru/company/corporate/revizionnaya-komissiya-auditor/
1500004950;lc_1500004950_0.html;страница пустая;;;;;;https://in-pr.ru/about
1500004950;lc_1500004950_1.html;контакт без имени, номер сохранён;;;(856) 209-25-70, +7 (949) 314-55-05;delo@in-pr.ru;Общие контакты;https://in-pr.ru/filial-specenergoremont
1500004950;lc_1500004950_2.html;контакт без имени, номер сохранён;;;(856) 209-25-70;delo@in-pr.ru;Общие контакты;https://in-pr.ru/proizvodstvo
1500004950;lc_1500004950_2.html;контакт без имени, номер сохранён;;;+7 (949) 314-55-05;;Общие контакты;https://in-pr.ru/proizvodstvo
1500004950;lc_1500004950_3.html;страница пустая;;;;;;https://in-pr.ru/ohrana-truda
1500004950;lc_1500004950_5.html;контакт без имени, номер сохранён;;;(856) 209-25-70;delo@in-pr.ru;Общие контакты компании;https://in-pr.ru/
1500004950;lc_1500004950_5.html;контакт без имени, номер сохранён;;;+7 (949) 314-55-05;;Общие контакты компании;https://in-pr.ru/
2310040800;lc_2310040800_1.html;контакт без имени, номер сохранён;;;+7 (861) 216-60-00;Krasnodar.Reception@cpcpipe.ru;Телефон приёмной (КТК-Р, Западный регион);https://cpc.ru/RU/about/Pages/contacts.aspx
2310040800;lc_2310040800_1.html;контакт без имени, номер сохранён;;;+7 (861) 216-60-00;Krasnodar.Reception@cpcpipe.ru;Телефон приёмной (КТК-Р, Западный регион);https://cpc.ru/RU/about/Pages/contacts.aspx
2310040800;lc_2310040800_1.html;контакт без имени, номер сохранён;;;+7 (8512) 271389;Elista.reception@cpcpipe.ru;Телефон приёмной (КТК-Р, Центральный регион);https://cpc.ru/RU/about/Pages/contacts.aspx
2310040800;lc_2310040800_1.html;контакт без имени, номер сохранён;;;+7 (8512) 31-14-00, 31-14-99;Astrakhan.reception@cpcpipe.ru;Телефон приёмной (КТК-Р, Центральный регион);https://cpc.ru/RU/about/Pages/contacts.aspx
2310040800;lc_2310040800_1.html;контакт без имени, номер сохранён;;;+7 (8617) 29-43-00;Novorossiysk.Reception@cpcpipe.ru;Телефон приёмной (КТК-Р, Новороссийск);https://cpc.ru/RU/about/Pages/contacts.aspx
2310040800;lc_2310040800_1.html;контакт без имени, номер сохранён;;;+7 (8617) 29-40-00;MarineTerminal.Reception@cpcpipe.ru;Телефон приёмной (Морской терминал КТК-Р);https://cpc.ru/RU/about/Pages/contacts.aspx
2310040800;lc_2310040800_1.html;контакт без имени, номер сохранён;;;+7 (495) 966-50-00;Moscow.reception@cpcpipe.ru;Телефон приёмной (КТК-Р, Московский офис);https://cpc.ru/RU/about/Pages/contacts.aspx
2310040800;lc_2310040800_1.html;контакт без имени, номер сохранён;;;+7 (7172) 79-17-00;;Общий телефон (КТК-К, Астана);https://cpc.ru/RU/about/Pages/contacts.aspx
2310040800;lc_2310040800_1.html;контакт без имени, номер сохранён;;;+7 (7122) 76-15-00, 76-15-99;;Общий телефон (КТК-К, Восточный регион);https://cpc.ru/RU/about/Pages/contacts.aspx
2310040800;lc_2310040800_5.html;контакт без имени, номер сохранён;;;+7 (495) 966-50-00;Moscow.reception@cpcpipe.ru;Приёмная московского офиса;https://www.cpc.ru/ru/about/pages/default.aspx
2310040800;lc_2310040800_5.html;контакт без имени, номер сохранён;;;+7 (8617) 29-43-00;Novorossiysk.reception@cpcpipe.ru;Приёмная офиса в Новороссийске;https://www.cpc.ru/ru/about/pages/default.aspx
2426003607;lc_2426003607_0.html;контакт без имени, номер сохранён;;;391 23-40-959;office@goknok.ru;Приемная;https://nokgroup.ru/nok/contacts
2426003607;lc_2426003607_0.html;контакт без имени, номер сохранён;;;391 23-40-919;;Приемная;https://nokgroup.ru/nok/contacts
2426003607;lc_2426003607_0.html;контакт без имени, номер сохранён;;;391 2-220-781;info@goknok.ru;Представительство в Красноярске;https://nokgroup.ru/nok/contacts
2426003607;lc_2426003607_0.html;контакт без имени, номер сохранён;;;8-(391)-222-07-83;hohryakov@goknok.ru;ОМТС г. Красноярска;https://nokgroup.ru/nok/contacts
2426003607;lc_2426003607_0.html;контакт без имени, номер сохранён;;;8-(391)-226-65-53;ok-nok@goknok.ru;Отдел кадров;https://nokgroup.ru/nok/contacts
2426003607;lc_2426003607_1.html;контакт без имени, номер сохранён;;;391 23-40-959;;Телефон (многоканальный, c доб.);https://nokgroup.ru/nok/about
2426003607;lc_2426003607_1.html;контакт без имени, номер сохранён;;;391 23-40-919;office@goknok.ru;Приемная;https://nokgroup.ru/nok/about
2426003607;lc_2426003607_1.html;контакт без имени, номер сохранён;;;391 2-220-781;info@goknok.ru;Представительство в Красноярске;https://nokgroup.ru/nok/about
2426003607;lc_2426003607_1.html;контакт без имени, номер сохранён;;;8-(391)-222-07-83;hohryakov@goknok.ru;ОМТС г. Красноярска;https://nokgroup.ru/nok/about
2426003607;lc_2426003607_1.html;контакт без имени, номер сохранён;;;8-(391)-226-65-53;ok-nok@goknok.ru;Отдел кадров;https://nokgroup.ru/nok/about
2426003607;lc_2426003607_2.html;контакт без имени, номер сохранён;;;391 23-40-959;office@goknok.ru;Телефон (многоканальный, c доб.);https://nokgroup.ru/nok/investoram
2426003607;lc_2426003607_2.html;контакт без имени, номер сохранён;;;391 23-40-919;;Прямой телефон приемной;https://nokgroup.ru/nok/investoram
2426003607;lc_2426003607_2.html;контакт без имени, номер сохранён;;;391 2-220-781;info@goknok.ru;Представительство в Красноярске;https://nokgroup.ru/nok/investoram
2426003607;lc_2426003607_2.html;контакт без имени, номер сохранён;;;8-(391)-222-07-83;hohryakov@goknok.ru;ОМТС г. Красноярска;https://nokgroup.ru/nok/investoram
2426003607;lc_2426003607_2.html;контакт без имени, номер сохранён;;;8-(391)-226-65-53;ok-nok@goknok.ru;Отдел кадров;https://nokgroup.ru/nok/investoram
2426003607;lc_2426003607_3.html;контакт без имени, номер сохранён;;;8-(391)-222-07-83;hohryakov@goknok.ru;ОМТС г. Красноярска;https://nokgroup.ru/nok/ot-i-pb
2426003607;lc_2426003607_3.html;контакт без имени, номер сохранён;;;391 23-40-959;office@goknok.ru;Телефон (многоканальный, c доб.);https://nokgroup.ru/nok/ot-i-pb
2426003607;lc_2426003607_3.html;контакт без имени, номер сохранён;;;391 23-40-919;office@goknok.ru;Прямой телефон приемной;https://nokgroup.ru/nok/ot-i-pb
2426003607;lc_2426003607_3.html;контакт без имени, номер сохранён;;;391 2-220-781;info@goknok.ru;Представительство в Красноярске;https://nokgroup.ru/nok/ot-i-pb
2426003607;lc_2426003607_3.html;контакт без имени, номер сохранён;;;8-(391)-226-65-53;ok-nok@goknok.ru;Отдел кадров;https://nokgroup.ru/nok/ot-i-pb
2426003607;lc_2426003607_4.html;контакт без имени, номер сохранён;;;391 23-40-959;;Телефон (многоканальный, c доб.);https://nokgroup.ru/nok/os
2426003607;lc_2426003607_4.html;контакт без имени, номер сохранён;;;391 23-40-919;office@goknok.ru;Прямой телефон приемной;https://nokgroup.ru/nok/os
2426003607;lc_2426003607_4.html;контакт без имени, номер сохранён;;;391 2-220-781;info@goknok.ru;Представительство в Красноярске;https://nokgroup.ru/nok/os
2426003607;lc_2426003607_4.html;контакт без имени, номер сохранён;;;8-(391)-222-07-83;hohryakov@goknok.ru;ОМТС г. Красноярска;https://nokgroup.ru/nok/os
2426003607;lc_2426003607_4.html;контакт без имени, номер сохранён;;;8-(391)-226-65-53;ok-nok@goknok.ru;Отдел кадров;https://nokgroup.ru/nok/os
2426003607;lc_2426003607_5.html;контакт без имени, номер сохранён;;;391 23-40-959;;Телефон (многоканальный, c доб.);https://nokgroup.ru/
2426003607;lc_2426003607_5.html;контакт без имени, номер сохранён;;;391 23-40-919;;Прямой телефон приемной;https://nokgroup.ru/
2426003607;lc_2426003607_5.html;контакт без имени, номер сохранён;;;391 2-220-781;info@goknok.ru;Представительство в Красноярске;https://nokgroup.ru/
2426003607;lc_2426003607_5.html;контакт без имени, номер сохранён;;;8-(391)-222-07-83;hohryakov@goknok.ru;ОМТС г. Красноярска;https://nokgroup.ru/
2426003607;lc_2426003607_5.html;контакт без имени, номер сохранён;;;8-(391)-226-65-53;ok-nok@goknok.ru;Отдел кадров;https://nokgroup.ru/
2457061920;lc_2457061920_1.html;контакт без имени, номер сохранён;;;+7 (3919) 25-35-51;nok@nornik.ru;ООО «Норильский обеспечивающий комплекс» (Приёмная);https://norilskcomplex.ru/contacts/
2457061920;lc_2457061920_1.html;контакт без имени, номер сохранён;;;+7 (3919) 25-35-35;;Производственное управление;https://norilskcomplex.ru/contacts/
2457061920;lc_2457061920_1.html;контакт без имени, номер сохранён;;;+7 (3919) 25-40-49;;Отдел экономической безопасности и режима;https://norilskcomplex.ru/contacts/
2457061920;lc_2457061920_1.html;контакт без имени, номер сохранён;;;+7 (3919) 25-30-00;;Отдел экономической безопасности и режима;https://norilskcomplex.ru/contacts/
2457061920;lc_2457061920_1.html;контакт без имени, номер сохранён;;;+7 (3919) 26-40-64;PostnikovaML@nornik.ru;Управление по персоналу Общества;https://norilskcomplex.ru/contacts/
2457061920;lc_2457061920_1.html;контакт без имени, номер сохранён;;;+7 (3919) 25-68-82;PereverzevaSV@nornik.ru;Управление по персоналу Завода строительных материалов;https://norilskcomplex.ru/contacts/
2457061920;lc_2457061920_1.html;контакт без имени, номер сохранён;;;+7 (3919) 26-76-06;TunikMS@nornik.ru;Управление по персоналу Завода строительных материалов;https://norilskcomplex.ru/contacts/
2457061920;lc_2457061920_1.html;контакт без имени, номер сохранён;;;+7 (3919) 26-17-00;;Управление по персоналу Рудника «Кайерканский»;https://norilskcomplex.ru/contacts/
2457061920;lc_2457061920_1.html;контакт без имени, номер сохранён;;;+7 (3919) 26-16-99;IvanovaYuE@nornik.ru;Управление по персоналу Рудника «Кайерканский»;https://norilskcomplex.ru/contacts/
2457061920;lc_2457061920_5.html;контакт без имени, номер сохранён;;;+7 (3919) 25-35-51;nok@nornik.ru;Контакты / Приёмная;https://norilskcomplex.ru/contacts
2457061920;lc_2457061920_5.html;контакт без имени, номер сохранён;;;+7 (3919) 25-35-35;;Производственное управление;https://norilskcomplex.ru/contacts
2457061920;lc_2457061920_5.html;контакт без имени, номер сохранён;;;+7 (3919) 25-40-49;;Отдел экономической безопасности и режима;https://norilskcomplex.ru/contacts
2457061920;lc_2457061920_5.html;контакт без имени, номер сохранён;;;+7 (3919) 25-30-00;;Отдел экономической безопасности и режима;https://norilskcomplex.ru/contacts
2457061920;lc_2457061920_5.html;контакт без имени, номер сохранён;;;+7 (3919) 26-40-64;PostnikovaML@nornik.ru;Управление по персоналу Общества;https://norilskcomplex.ru/contacts
2457061920;lc_2457061920_5.html;контакт без имени, номер сохранён;;;+7 (3919) 25-68-82;PereverzevaSV@nornik.ru;Управление по персоналу Завода строительных материалов;https://norilskcomplex.ru/contacts
2457061920;lc_2457061920_5.html;контакт без имени, номер сохранён;;;+7 (3919) 26-76-06;TunikMS@nornik.ru;Управление по персоналу Завода строительных материалов;https://norilskcomplex.ru/contacts
2457061920;lc_2457061920_5.html;контакт без имени, номер сохранён;;;+7 (3919) 26-17-00;;Управление по персоналу Рудника «Кайерканский»;https://norilskcomplex.ru/contacts
2457061920;lc_2457061920_5.html;контакт без имени, номер сохранён;;;+7 (3919) 26-16-99;IvanovaYuE@nornik.ru;Управление по персоналу Рудника «Кайерканский»;https://norilskcomplex.ru/contacts
2465102746;lc_2465102746_5.html;контакт без имени, номер сохранён;;Гл. энергетик;+7 (391) 62 27-555;;;https://boaz-zavod.ru/contacts
2465102746;lc_2465102746_5.html;контакт без имени, номер сохранён;;Гл. механик;+7 (391) 62 27-907;;;https://boaz-zavod.ru/contacts
2465102746;lc_2465102746_5.html;контакт без имени, номер сохранён;;;+7 (391) 62 27-621;;Коммерческая дирекция / Отдел оборудования;https://boaz-zavod.ru/contacts
2465102746;lc_2465102746_5.html;контакт без имени, номер сохранён;;;+7 (391) 62 45-400;zaoboaz@rusal.com;Приемная;https://boaz-zavod.ru/contacts
2465102746;lc_2465102746_5.html;контакт без имени, номер сохранён;;;+7 (391) 62 27-619;;Коммерческая дирекция / Группа учета сырья;https://boaz-zavod.ru/contacts
2465102746;lc_2465102746_5.html;контакт без имени, номер сохранён;;;+7 (391) 62 27-611;;Коммерческая дирекция / Транспортный отдел;https://boaz-zavod.ru/contacts
2465102746;lc_2465102746_5.html;контакт без имени, номер сохранён;;;+7 (391) 62 27-531;;Финансовая дирекция;https://boaz-zavod.ru/contacts
2465102746;lc_2465102746_5.html;контакт без имени, номер сохранён;;;+7 (391) 62 27-505;;Канцелярия;https://boaz-zavod.ru/contacts
2465102746;lc_2465102746_5.html;контакт без имени, номер сохранён;;;+7 (391) 62 45-471;;Отдел кадров;https://boaz-zavod.ru/contacts
2465102746;lc_2465102746_5.html;контакт без имени, номер сохранён;;;+7 (391) 62 45-476;;Отдел кадров;https://boaz-zavod.ru/contacts
2503022413;lc_2503022413_0.html;страница пустая;;;;;;https://primvoda.ru/kontakty
2503022413;lc_2503022413_2.html;страница пустая;;;;;;https://primvoda.ru/rukovodstvo
2503022413;lc_2503022413_3.html;страница пустая;;;;;;https://primvoda.ru/management
2503022413;lc_2503022413_4.html;страница пустая;;;;;;https://primvoda.ru/struktura
2503022413;lc_2503022413_5.html;страница пустая;;;;;;https://primvoda.ru/structure
2631015563;lc_2631015563_0.html;страница пустая;;;;;;https://www.eurochem.ru/corporate-governance/
2631015563;lc_2631015563_3.html;страница пустая;;;;;;https://www.eurochem.ru/about-us/
2631015563;lc_2631015563_4.html;страница пустая;;;;;;https://www.eurochem.ru/proteh-lab/
2631015563;lc_2631015563_5.html;страница пустая;;;;;;https://www.eurochem.ru/sustainability/health-safety-environment/
2709001590;lc_2709001590_0.html;контакт без имени, номер сохранён;;;(42137) 57-505;vcsp@vcsp.ru;Общие контакты / Приёмная;https://www.vaninoport.ru/address.html
2709001590;lc_2709001590_0.html;контакт без имени, номер сохранён;;;(42137) 57-305;;Отдел производственного планирования;https://www.vaninoport.ru/address.html
2709001590;lc_2709001590_2.html;контакт без имени, номер сохранён;;;(42137) 57-4-84;;Телефон для справок;https://www.vaninoport.ru/openinfo.html
2709001590;lc_2709001590_2.html;контакт без имени, номер сохранён;;;(42137) 57-505;vcsp@vcsp.ru;Общие контакты;https://www.vaninoport.ru/openinfo.html
2709001590;lc_2709001590_3.html;контакт без имени, номер сохранён;;;(42137) 57-505;vcsp@vcsp.ru;Общий номер / Приёмная;https://www.vaninoport.ru/poryadok-oformleniya-propuskov
2709001590;lc_2709001590_4.html;контакт без имени, номер сохранён;;;(42137) 57-505;vcsp@vcsp.ru;Общие контакты / приёмная;https://vaninoport.ru/sitemap.html
2722010040;lc_2722010040_0.html;контакт без имени, номер сохранён;;;+7 (4212) 79-50-80;;Горячая линия по экологии;https://web.archive.org/web/20221001125633/https://www.khab-npz.ru/obrazovatelnaya-deyatelnost/rukovodstvo.-ped.sostav.html
2723188252;lc_2723188252_0.html;контакт без имени, номер сохранён;;;+7 (4217) 529-502;info@amurstal.com;Приемная генерального директора;https://amurstal.com/contacts/
2723188252;lc_2723188252_0.html;контакт без имени, номер сохранён;;Директор по коммуникациям;+7 (4217) 529-504;media@amurstal.com;Взаимодействие со СМИ;https://amurstal.com/contacts/
2723188252;lc_2723188252_0.html;контакт без имени, номер сохранён;;Ведущий специалист по связям с общественностью;+7 (4217) 529-463;;Взаимодействие со СМИ;https://amurstal.com/contacts/
2723188252;lc_2723188252_0.html;контакт без имени, номер сохранён;;Специалист по связям с общественностью;+7 (4217) 529-352;;Взаимодействие со СМИ;https://amurstal.com/contacts/
2723188252;lc_2723188252_0.html;контакт без имени, номер сохранён;;;;infosb@amurstal.com;Горячая линия безопасности;https://amurstal.com/contacts/
2723188252;lc_2723188252_0.html;контакт без имени, номер сохранён;;Директор по снабжению - начальник управления;;zakupki@amurstal.com;Закупки;https://amurstal.com/contacts/
2723188252;lc_2723188252_0.html;контакт без имени, номер сохранён;;Начальник отдела сырьевых материалов;;zakupkiOSM@amurstal.com;Закупки;https://amurstal.com/contacts/
2723188252;lc_2723188252_0.html;контакт без имени, номер сохранён;;Начальник отдела оборудования;;zakupkiOO@amurstal.com;Закупки;https://amurstal.com/contacts/
2723188252;lc_2723188252_0.html;контакт без имени, номер сохранён;;Начальник отдела вспомогательных материалов;;zakupkiOVM@amurstal.com;Закупки;https://amurstal.com/contacts/
2723188252;lc_2723188252_0.html;контакт без имени, номер сохранён;;Начальник отдела промышленных услуг;;zakupkiOU@amurstal.com;Закупки;https://amurstal.com/contacts/
2723188252;lc_2723188252_0.html;контакт без имени, номер сохранён;;;+7 (4217) 529-567;;Управление снабжения;https://amurstal.com/contacts/
2723188252;lc_2723188252_0.html;контакт без имени, номер сохранён;;;+7 (4217) 529-527;BorisovaSE@amurstal.com;Реализация металлопроката и прочей продукции;https://amurstal.com/contacts/
2723188252;lc_2723188252_0.html;контакт без имени, номер сохранён;;;+7 (4217) 529-639;ShlomovaAA@amurstal.com;Реализация металлопроката и прочей продукции;https://amurstal.com/contacts/
2723188252;lc_2723188252_0.html;контакт без имени, номер сохранён;;;+7 (4217) 529-401;SamsonovaAK@amurstal.com;Реализация металлопроката и прочей продукции;https://amurstal.com/contacts/
2723188252;lc_2723188252_0.html;контакт без имени, номер сохранён;;;+7 984 139 94 94;PetrikovDYu@amurstal.com;;https://amurstal.com/contacts/
2723188252;lc_2723188252_0.html;контакт без имени, номер сохранён;;;+7 962 580 43 74;LoginovAV@amurstal.com;;https://amurstal.com/contacts/
2723188252;lc_2723188252_0.html;контакт без имени, номер сохранён;;;+7 968 170 02 74;KushnarevEV@amurstal.com;;https://amurstal.com/contacts/
2723188252;lc_2723188252_0.html;контакт без имени, номер сохранён;;;+7 968 170 02 73;SukhachevAA@amurstal.com;;https://amurstal.com/contacts/
2723188252;lc_2723188252_0.html;контакт без имени, номер сохранён;;;+7 924 249 59 83;PoseryaevaLP@amurstal.com;;https://amurstal.com/contacts/
2723188252;lc_2723188252_0.html;контакт без имени, номер сохранён;;;+7 924 241 08 12;PonomarenkoVG@amurstal.com;;https://amurstal.com/contacts/
2723188252;lc_2723188252_0.html;контакт без имени, номер сохранён;;;+7 914 373 0462;PermyakovaEV@amurstal.com;;https://amurstal.com/contacts/
2723188252;lc_2723188252_0.html;контакт без имени, номер сохранён;;;+7 962 297 9564;tsyganovdv@amurstal.com;;https://amurstal.com/contacts/
2723188252;lc_2723188252_0.html;контакт без имени, номер сохранён;;Ведущий инженер по работе с неликвидными товарно-материальными ценностями;+7 (4217) 529-688, +7 (901) 462-87-93;nelikvid@amurstal.com;Реализация неликвидов г. Комсомольск-на-Амуре;https://amurstal.com/contacts/
2723188252;lc_2723188252_0.html;контакт без имени, номер сохранён;;Начальник отдела кадров;+7 (4217) 529-514;BaranovskiyPV@amurstal.com;Подбор персонала;https://amurstal.com/contacts/
2723188252;lc_2723188252_0.html;контакт без имени, номер сохранён;;Специалисты по кадрам (подбор персонала);+7 (4217) 529-315, +7 (4217) 529-444, +7 909 827 60 56;kadr@amurstal.com;Подбор персонала;https://amurstal.com/contacts/
2723188252;lc_2723188252_0.html;контакт без имени, номер сохранён;;;+7 (4217) 529-354;SorokoumovDI@amurstal.com;Транспортные перевозки;https://amurstal.com/contacts/
2723188252;lc_2723188252_0.html;контакт без имени, номер сохранён;;;+7 (4217) 529-502;;Общий номер;https://amurstal.com/contacts/
2723188252;lc_2723188252_1.html;контакт без имени, номер сохранён;;;+7 (4217) 529-502;;Общий номер;https://amurstal.com/about/
2723188252;lc_2723188252_3.html;контакт без имени, номер сохранён;;Директор по снабжению - начальник управления;;zakupki@amurstal.com;Управление снабжения;https://amurstal.com/suppliers/
2723188252;lc_2723188252_3.html;контакт без имени, номер сохранён;;Начальник отдела сырьевых материалов;;zakupkiOSM@amurstal.com;Отдел сырьевых материалов;https://amurstal.com/suppliers/
2723188252;lc_2723188252_3.html;контакт без имени, номер сохранён;;Начальник отдела оборудования;;zakupkiOO@amurstal.com;Отдел оборудования;https://amurstal.com/suppliers/
2723188252;lc_2723188252_3.html;контакт без имени, номер сохранён;;Начальник отдела вспомогательных материалов;;zakupkiOVM@amurstal.com;Отдел вспомогательных материалов;https://amurstal.com/suppliers/
2723188252;lc_2723188252_3.html;контакт без имени, номер сохранён;;Начальник отдела промышленных услуг;;zakupkiOU@amurstal.com;Отдел промышленных услуг;https://amurstal.com/suppliers/
2723188252;lc_2723188252_3.html;контакт без имени, номер сохранён;;;+7(4217) 529-567;;Управление снабжения;https://amurstal.com/suppliers/
2723188252;lc_2723188252_3.html;контакт без имени, номер сохранён;;;;info@amurstal.com;Общие коммерческие предложения и презентации;https://amurstal.com/suppliers/
2723188252;lc_2723188252_3.html;контакт без имени, номер сохранён;;;+7 (4217) 529-502;;Общий номер;https://amurstal.com/suppliers/
2723188252;lc_2723188252_4.html;контакт без имени, номер сохранён;;;+7 (4217) 529-502;;Общий номер;https://amurstal.com/customers/
2723188252;lc_2723188252_5.html;контакт без имени, номер сохранён;;;+7 (4217) 529-369;;Литейный цех;https://amurstal.com/production/
3302000186;lc_3302000186_1.html;страница пустая;;;;;;https://mukomol.com/contacts
3302000186;lc_3302000186_2.html;страница пустая;;;;;;https://mukomol.com/rukovodstvo
3435000932;lc_3435000932_0.html;контакт без имени, номер сохранён;;;29-22-54;ok@vkanal.ru;Отдел кадров;https://www.vkanal.ru/about/structure/depart_manager/
3435000932;lc_3435000932_0.html;контакт без имени, номер сохранён;;;29-23-33, 31-81-73;;Аварийная служба;https://www.vkanal.ru/about/structure/depart_manager/
3435900563;lc_3435900563_0.html;контакт без имени, номер сохранён;;;+7 (8443) 22-57-37;info@zos-v.ru;Телефон справочной службы;https://www.zos-v.ru/contacts
3435900563;lc_3435900563_1.html;контакт без имени, номер сохранён;;;+7 (8443) 22-57-37;info@zos-v.ru;Телефон справочной службы;https://www.zos-v.ru/about
3435900563;lc_3435900563_2.html;контакт без имени, номер сохранён;;;+7 (8443) 22-57-37;info@zos-v.ru;Справочная служба;https://www.zos-v.ru
3460019060;lc_3460019060_0.html;контакт без имени, номер сохранён;;;+7 (8442) 333-134;;Единый диспетчерский центр ЖКХ Волгограда;https://investvoda.ru/?page_id=11
3460019060;lc_3460019060_0.html;контакт без имени, номер сохранён;;;+7 (8442) 99-67-96;;Клиентский центр;https://investvoda.ru/?page_id=11
3460019060;lc_3460019060_0.html;контакт без имени, номер сохранён;;;+7 (8442) 60-66-00;info@investvoda.ru;Центральная диспетчерская служба;https://investvoda.ru/?page_id=11
3460019060;lc_3460019060_1.html;контакт без имени, номер сохранён;;;+7 (8442) 606-600;;Общий номер;https://investvoda.ru/?page_id=9
3460019060;lc_3460019060_2.html;контакт без имени, номер сохранён;;;+7 (8442) 606-600;;Общий номер организации;https://investvoda.ru/?page_id=11018
3627000397;lc_3627000397_0.html;контакт без имени, номер сохранён;;;8(473)206-65-69;ao@minudo.ru;Единый номер информационной службы АО «Минудобрения»;https://minudo.ru/./?cid=6
3627000397;lc_3627000397_0.html;контакт без имени, номер сохранён;;;;priem_id@minudo.ru;Приемная Исполнительного директора;https://minudo.ru/./?cid=6
3627000397;lc_3627000397_0.html;контакт без имени, номер сохранён;;;+7 (47396) 9-64-03;egl@minudo.ru;Единая Горячая Линия;https://minudo.ru/./?cid=6
3801079671;lc_3801079671_0.html;контакт без имени, номер сохранён;;;+7 (3953) 300-709;vp_vsmn@transneft.ru;Общие контакты;https://vostok.transneft.ru/about/management/
3801079671;lc_3801079671_0.html;контакт без имени, номер сохранён;;;+7 (3953) 300-701;;Общие контакты;https://vostok.transneft.ru/about/management/
3801079671;lc_3801079671_0.html;контакт без имени, номер сохранён;;;+7 (3953) 300-727;;Общие контакты;https://vostok.transneft.ru/about/management/
3801079671;lc_3801079671_1.html;контакт без имени, номер сохранён;;;+7 (3953) 300-701, +7 (3953) 300-709, +7 (3953) 300-727;vp_vsmn@transneft.ru;Отдел делопроизводства;https://vostok.transneft.ru/contact/
3801079671;lc_3801079671_1.html;контакт без имени, номер сохранён;;;+7 (3953) 300-774, +7 (3953) 300-639;press@vsmn.transneft.ru;Служба общественных коммуникаций (пресс-служба);https://vostok.transneft.ru/contact/
3801079671;lc_3801079671_1.html;контакт без имени, номер сохранён;;;+7(3953) 300-745, +7(3953) 300-746;resume@vsmn.transneft.ru;Отдел кадров;https://vostok.transneft.ru/contact/
3801079671;lc_3801079671_2.html;контакт без имени, номер сохранён;;;+7 (3953) 33-25-67;;Аппарат управления (по финансово-экономическим вопросам);https://vostok.transneft.ru/tenders/contact/
3801079671;lc_3801079671_2.html;контакт без имени, номер сохранён;;;+7 (3953) 33-25-40;;Аппарат управления (по финансово-экономическим вопросам);https://vostok.transneft.ru/tenders/contact/
3801079671;lc_3801079671_2.html;контакт без имени, номер сохранён;;;+7 (3955) 699-548;;По финансово-экономическим вопросам;https://vostok.transneft.ru/tenders/contact/
3801079671;lc_3801079671_2.html;контакт без имени, номер сохранён;;;+7 (41137)2-11-34;;По финансово-экономическим вопросам;https://vostok.transneft.ru/tenders/contact/
3801079671;lc_3801079671_2.html;контакт без имени, номер сохранён;;;+7 (41147) 2-13-30;;По финансово-экономическим вопросам;https://vostok.transneft.ru/tenders/contact/
3801079671;lc_3801079671_2.html;контакт без имени, номер сохранён;;;+7 (3953) 300-709;vp_vsmn@transneft.ru;Общие контакты;https://vostok.transneft.ru/tenders/contact/
3801079671;lc_3801079671_2.html;контакт без имени, номер сохранён;;;+7 (3953) 300-701;;Общие контакты;https://vostok.transneft.ru/tenders/contact/
3801079671;lc_3801079671_2.html;контакт без имени, номер сохранён;;;+7 (3953) 300-727;;Общие контакты;https://vostok.transneft.ru/tenders/contact/
3801079671;lc_3801079671_3.html;контакт без имени, номер сохранён;;;+7 (3953) 300-639;;Пресс-служба;https://vostok.transneft.ru/media-center/newspress/contact/
3801079671;lc_3801079671_3.html;контакт без имени, номер сохранён;;;+7 (3953) 300-774;;Пресс-служба;https://vostok.transneft.ru/media-center/newspress/contact/
3801079671;lc_3801079671_3.html;контакт без имени, номер сохранён;;;+7 (3953) 300-709;vp_vsmn@transneft.ru;Общие контакты ООО «Транснефть – Восток»;https://vostok.transneft.ru/media-center/newspress/contact/
3801079671;lc_3801079671_3.html;контакт без имени, номер сохранён;;;+7 (3953) 300-701;vp_vsmn@transneft.ru;Общие контакты ООО «Транснефть – Восток»;https://vostok.transneft.ru/media-center/newspress/contact/
3801079671;lc_3801079671_3.html;контакт без имени, номер сохранён;;;+7 (3953) 300-727;vp_vsmn@transneft.ru;Общие контакты ООО «Транснефть – Восток»;https://vostok.transneft.ru/media-center/newspress/contact/
3801079671;lc_3801079671_4.html;контакт без имени, номер сохранён;;;8 (3953) 300-634;vp_vsmn@transneft.ru;Отдел транспортных средств и специальной техники (по вопросам проезда юридических лиц);https://vostok.transneft.ru/roads/all/contacts/
3801079671;lc_3801079671_4.html;контакт без имени, номер сохранён;;;8 (3953) 300-641;vp_vsmn@transneft.ru;Отдел транспортных средств и специальной техники (по вопросам проезда физических лиц);https://vostok.transneft.ru/roads/all/contacts/
3801079671;lc_3801079671_4.html;контакт без имени, номер сохранён;;;8 (3953) 300-709;vp_vsmn@transneft.ru;Отдел контроля и делопроизводства (по вопросам регистрации писем);https://vostok.transneft.ru/roads/all/contacts/
3801079671;lc_3801079671_4.html;контакт без имени, номер сохранён;;;8 (3953) 300-727;vp_vsmn@transneft.ru;Отдел контроля и делопроизводства (по вопросам регистрации писем);https://vostok.transneft.ru/roads/all/contacts/
3801079671;lc_3801079671_4.html;контакт без имени, номер сохранён;;;8 (3953) 300-728;vp_vsmn@transneft.ru;Отдел контроля и делопроизводства (по вопросам регистрации писем);https://vostok.transneft.ru/roads/all/contacts/
3801079671;lc_3801079671_4.html;контакт без имени, номер сохранён;;;+7 (3953) 300-701;vp_vsmn@transneft.ru;Справочная служба / общий телефон компании;https://vostok.transneft.ru/roads/all/contacts/
3808229774;lc_3808229774_0.html;контакт без имени, номер сохранён;;;8 (395) 279-02-01;;Общий номер;https://bec-company.ru/kontakty/
3834002314;lc_3834002314_2.html;страница пустая;;;;;;https://korgok.com/kontakty
3834002314;lc_3834002314_3.html;страница пустая;;;;;;https://korgok.com/contacts
3834002314;lc_3834002314_4.html;страница пустая;;;;;;https://korgok.com/rukovodstvo
3834002314;lc_3834002314_5.html;страница пустая;;;;;;https://korgok.com/management
4026000490;lc_4026000490_0.html;контакт без имени, номер сохранён;;;8 (4842) 50-76-77;mupukt_kaluga@adm.kaluga.ru;Единый телефон УКТ / Центральная диспетчерская служба;https://ukt40.ru/index.php?id=7
4026000490;lc_4026000490_0.html;контакт без имени, номер сохранён;;;8 (4842) 27-72-33;;Единый телефон УКТ;https://ukt40.ru/index.php?id=7
4026000490;lc_4026000490_0.html;контакт без имени, номер сохранён;;;8 (919) 030-04-51;;Единый телефон УКТ (для абонентов МТС);https://ukt40.ru/index.php?id=7
4026000490;lc_4026000490_0.html;контакт без имени, номер сохранён;;;8 (4842) 50-76-77;;Отдел снабжения и закупок;https://ukt40.ru/index.php?id=7
4026000490;lc_4026000490_0.html;контакт без имени, номер сохранён;;;8-953-328-00-23;;Реклама на транспорте;https://ukt40.ru/index.php?id=7
4026000490;lc_4026000490_2.html;контакт без имени, номер сохранён;;;+7 (4842) 50-76-77;;Диспетчер троллейбусного движения, Центральная диспетчерская служба;https://ukt40.ru/index.php?id=42
4026000490;lc_4026000490_2.html;контакт без имени, номер сохранён;;;+7 (4842) 50-76-77;;Диспетчер автобусного движения, Центральная диспетчерская служба;https://ukt40.ru/index.php?id=42
4026000490;lc_4026000490_2.html;контакт без имени, номер сохранён;;;+7 (4842) 50-76-77;;Проездные билеты и пополнение карт;https://ukt40.ru/index.php?id=42
4026000490;lc_4026000490_2.html;контакт без имени, номер сохранён;;;+7 (4842) 50-76-77;;Отдел кадров;https://ukt40.ru/index.php?id=42
4026000490;lc_4026000490_2.html;контакт без имени, номер сохранён;;;8-953-328-00-23;;Реклама на транспорте;https://ukt40.ru/index.php?id=42
4026000490;lc_4026000490_3.html;контакт без имени, номер сохранён;;;+7 (4842) 50-76-77;;Центральная диспетчерская служба / Единый телефон УКТ;https://ukt40.ru/index.php?id=95
4026000490;lc_4026000490_4.html;контакт без имени, номер сохранён;;Диспетчер троллейбусного движения;+7 (4842) 50-76-77;;Центральная диспетчерская служба;https://ukt40.ru/index.php?id=5
4026000490;lc_4026000490_4.html;контакт без имени, номер сохранён;;Диспетчер автобусного движения;+7 (4842) 50-76-77;;Центральная диспетчерская служба;https://ukt40.ru/index.php?id=5
4026000490;lc_4026000490_4.html;контакт без имени, номер сохранён;;;+7 (4842) 50-76-77;;Проездные билеты и пополнение карт;https://ukt40.ru/index.php?id=5
4026000490;lc_4026000490_4.html;контакт без имени, номер сохранён;;;+7 (4842) 50-76-77;;Отдел кадров;https://ukt40.ru/index.php?id=5
4026000490;lc_4026000490_4.html;контакт без имени, номер сохранён;;;8-953-328-00-23;;Реклама на транспорте;https://ukt40.ru/index.php?id=5
4100000668;lc_4100000668_0.html;контакт без имени, номер сохранён;;;8 (800) 234-29-39;kamenergo@rushydro.ru;Горячая линия;https://kamenergo.ru/aboutus/organy-upravleniya-i-kontrolya/generalnyy-direktor/
4100000668;lc_4100000668_0.html;контакт без имени, номер сохранён;;;+7 (495) 780-73-63;;«Горячая линия» для акционеров;https://kamenergo.ru/aboutus/organy-upravleniya-i-kontrolya/generalnyy-direktor/
4100000668;lc_4100000668_0.html;контакт без имени, номер сохранён;;;+7 (495) 989-76-50;;«Горячая линия» для акционеров;https://kamenergo.ru/aboutus/organy-upravleniya-i-kontrolya/generalnyy-direktor/
4100000668;lc_4100000668_1.html;контакт без имени, номер сохранён;;;8 (800) 234-29-39;kamenergo@rushydro.ru;Горячая линия;https://kamenergo.ru/aboutus/organy-upravleniya-i-kontrolya/pravlenie/
4100000668;lc_4100000668_1.html;контакт без имени, номер сохранён;;;+7 (495) 780-73-63;;«Горячая линия» для акционеров;https://kamenergo.ru/aboutus/organy-upravleniya-i-kontrolya/pravlenie/
4100000668;lc_4100000668_1.html;контакт без имени, номер сохранён;;;+7 (495) 989-76-50;;«Горячая линия» для акционеров;https://kamenergo.ru/aboutus/organy-upravleniya-i-kontrolya/pravlenie/
4100000668;lc_4100000668_2.html;контакт без имени, номер сохранён;;;8 (800) 234-29-39;kamenergo@rushydro.ru;Горячая линия;https://kamenergo.ru/aboutus/organy-upravleniya-i-kontrolya/sovet-direktorov/
4100000668;lc_4100000668_2.html;контакт без имени, номер сохранён;;;+7 (495) 780-73-63;;«Горячая линия» для акционеров;https://kamenergo.ru/aboutus/organy-upravleniya-i-kontrolya/sovet-direktorov/
4100000668;lc_4100000668_2.html;контакт без имени, номер сохранён;;;+7 (495) 989-76-50;;«Горячая линия» для акционеров;https://kamenergo.ru/aboutus/organy-upravleniya-i-kontrolya/sovet-direktorov/
4100000668;lc_4100000668_3.html;контакт без имени, номер сохранён;;;8(800) 234-29-39;kamenergo@rushydro.ru;Общий телефон / Горячая линия;https://kamenergo.ru/aboutus/obshchaya-informatsiya/kontakty/
4100000668;lc_4100000668_3.html;контакт без имени, номер сохранён;;;+7 (495) 780-73-63;;«Горячая линия» для акционеров;https://kamenergo.ru/aboutus/obshchaya-informatsiya/kontakty/
4100000668;lc_4100000668_3.html;контакт без имени, номер сохранён;;;+7 (495) 989-76-50;;«Горячая линия» для акционеров;https://kamenergo.ru/aboutus/obshchaya-informatsiya/kontakty/
4100000668;lc_4100000668_4.html;контакт без имени, номер сохранён;;;8 (800) 234-29-39;kamenergo@rushydro.ru;Горячая линия;https://kamenergo.ru/aboutus/organy-upravleniya-i-kontrolya/revizionnaya-komissiya/
4100000668;lc_4100000668_4.html;контакт без имени, номер сохранён;;;+7 (495) 780-73-63;;«Горячая линия» для акционеров;https://kamenergo.ru/aboutus/organy-upravleniya-i-kontrolya/revizionnaya-komissiya/
4100000668;lc_4100000668_4.html;контакт без имени, номер сохранён;;;+7 (495) 989-76-50;;«Горячая линия» для акционеров;https://kamenergo.ru/aboutus/organy-upravleniya-i-kontrolya/revizionnaya-komissiya/
4102009338;lc_4102009338_0.html;страница пустая;;;;;;https://сврц.рф/kontakty
4102009338;lc_4102009338_1.html;страница пустая;;;;;;https://сврц.рф/contacts
4102009338;lc_4102009338_2.html;страница пустая;;;;;;https://сврц.рф/rukovodstvo
4102009338;lc_4102009338_3.html;страница пустая;;;;;;https://сврц.рф/management
4102009338;lc_4102009338_4.html;страница пустая;;;;;;https://сврц.рф/struktura
4102009338;lc_4102009338_5.html;страница пустая;;;;;;https://сврц.рф/structure
4218014305;lc_4218014305_2.html;контакт без имени, номер сохранён;;;8 (3843) 46-42-33;office@new-mmc.com;Общий номер / Приёмная;https://new-mmc.com/kompaniya/
4218014305;lc_4218014305_2.html;контакт без имени, номер сохранён;;;8 (3843) 58-30-13;;Дирекция по снабжению;https://new-mmc.com/kompaniya/
4218014305;lc_4218014305_2.html;контакт без имени, номер сохранён;;;8 (3843) 58-30-13;;Отдел закупок работ и услуг;https://new-mmc.com/kompaniya/
4218014305;lc_4218014305_2.html;контакт без имени, номер сохранён;;;8 (3843) 58-30-13;;Отдел закупок шахт;https://new-mmc.com/kompaniya/
4218014305;lc_4218014305_2.html;контакт без имени, номер сохранён;;;8 (3843) 58-30-13;;Отдел закупок фабрик;https://new-mmc.com/kompaniya/
4218014305;lc_4218014305_2.html;контакт без имени, номер сохранён;;;8 (38475) 44411;office-aom@new-mmc.com;Общий номер / Приёмная;https://new-mmc.com/kompaniya/
4218014305;lc_4218014305_2.html;контакт без имени, номер сохранён;;;8 (38475) 47293;office-ukiu@new-mmc.com;Общий номер / Приёмная;https://new-mmc.com/kompaniya/
4218014305;lc_4218014305_2.html;контакт без имени, номер сохранён;;;8 (3843) 573-211;office-bol@new-mmc.com;Общий номер / Приёмная;https://new-mmc.com/kompaniya/
4218014305;lc_4218014305_2.html;контакт без имени, номер сохранён;;;8 (3843) 573-732;office-ant@new-mmc.com;Общий номер / Приёмная;https://new-mmc.com/kompaniya/
4218014305;lc_4218014305_2.html;контакт без имени, номер сохранён;;;8 (3847) 560-579;office-ofm@new-mmc.com;Общий номер / Приёмная;https://new-mmc.com/kompaniya/
4218014305;lc_4218014305_2.html;контакт без имени, номер сохранён;;;8 (3843) 993461;office-ofa@new-mmc.com;Общий номер / Приёмная;https://new-mmc.com/kompaniya/
4218014305;lc_4218014305_2.html;контакт без имени, номер сохранён;;;8 (38475) 47503;office-pvv@new-mmc.com;Общий номер / Приёмная;https://new-mmc.com/kompaniya/
4218014305;lc_4218014305_2.html;контакт без имени, номер сохранён;;;8 (961) 861-81-03;;Анонимный телефон доверия экономической безопасности и противодействия коррупции;https://new-mmc.com/kompaniya/
4218014305;lc_4218014305_2.html;контакт без имени, номер сохранён;;;8 (961) 861-80-99;;Горячая линия по охране труда и промышленной безопасности;https://new-mmc.com/kompaniya/
4218014305;lc_4218014305_4.html;контакт без имени, номер сохранён;;;8 (961) 861-81-03;;Анонимный телефон доверия экономической безопасности и противодействия коррупции;https://new-mmc.com/map/
4218014305;lc_4218014305_4.html;контакт без имени, номер сохранён;;;8 (961) 861-80-99;;Горячая линия по охране труда и промышленной безопасности;https://new-mmc.com/map/
4218014305;lc_4218014305_5.html;контакт без имени, номер сохранён;;;8 (3843) 58-30-13;office@new-mmc.com;Дирекция по снабжению, Отдел закупок шахт;https://new-mmc.com/kontakty
4218014305;lc_4218014305_5.html;контакт без имени, номер сохранён;;;8 (3843) 58-30-13;office@new-mmc.com;Дирекция по снабжению, Отдел закупок фабрик;https://new-mmc.com/kontakty
4218014305;lc_4218014305_5.html;контакт без имени, номер сохранён;;Исполнительный директор;8 (3843) 46-42-33;office@new-mmc.com;Приемная Исполнительного директора;https://new-mmc.com/kontakty
4218014305;lc_4218014305_5.html;контакт без имени, номер сохранён;;;+7 (495) 502 97 17;info@new-mmc.ru;Департамент продаж;https://new-mmc.com/kontakty
4218014305;lc_4218014305_5.html;контакт без имени, номер сохранён;;;8 (38475) 44-411;office-aom@new-mmc.com;Приемная / общий номер;https://new-mmc.com/kontakty
4218014305;lc_4218014305_5.html;контакт без имени, номер сохранён;;;+7 (38475) 2-16-45, +7 (38475) 2-59-11, +7 (38475) 2-60-19, +7 (38475) 6-47-40;office-aom@new-mmc.com;Дирекция по снабжению, отдел закупок разреза;https://new-mmc.com/kontakty
4218014305;lc_4218014305_5.html;контакт без имени, номер сохранён;;;8 (38475) 47-293;office-ukiu@new-mmc.com;Приемная / общий номер;https://new-mmc.com/kontakty
4218014305;lc_4218014305_5.html;контакт без имени, номер сохранён;;;8 (3843) 57-32-11;office-bol@new-mmc.com;Приемная / общий номер;https://new-mmc.com/kontakty
4218014305;lc_4218014305_5.html;контакт без имени, номер сохранён;;;8 (3843) 57-37-32;office-ant@new-mmc.com;Приемная / общий номер;https://new-mmc.com/kontakty
4218014305;lc_4218014305_5.html;контакт без имени, номер сохранён;;;8 (3847) 56-05-79;office-ofm@new-mmc.com;Приемная / общий номер;https://new-mmc.com/kontakty
4218014305;lc_4218014305_5.html;контакт без имени, номер сохранён;;;8 (3843) 99-34-61;office-ofa@new-mmc.com;Приемная / общий номер;https://new-mmc.com/kontakty
4218014305;lc_4218014305_5.html;контакт без имени, номер сохранён;;;8 (38475) 47-503;office-pvv@new-mmc.com;Приемная / общий номер;https://new-mmc.com/kontakty
4218014305;lc_4218014305_5.html;контакт без имени, номер сохранён;;;8 (961) 861-81-03;;Анонимный телефон доверия экономической безопасности и противодействия коррупции;https://new-mmc.com/kontakty
4218014305;lc_4218014305_5.html;контакт без имени, номер сохранён;;;8 (961) 861-80-99;;Горячая линия по охране труда и промышленной безопасности;https://new-mmc.com/kontakty
4221000133;lc_4221000133_1.html;контакт без имени, номер сохранён;;;+7 (3843) 343-029;;Торговый Дом «Универсал»;https://zavoduniversal.ru/contacts.html
4221000133;lc_4221000133_1.html;контакт без имени, номер сохранён;;;8 (800) 600-47-09;;Линия контроля качества;https://zavoduniversal.ru/contacts.html
4221000133;lc_4221000133_1.html;контакт без имени, номер сохранён;;;+7 (3843) 34-30-29;;Общий телефон;https://zavoduniversal.ru/contacts.html
4221000133;lc_4221000133_2.html;контакт без имени, номер сохранён;;;+7 (3843) 343-029;;Торговый Дом «Универсал»;https://zavoduniversal.ru/about/
4221000133;lc_4221000133_2.html;контакт без имени, номер сохранён;;;8 (800) 600-47-09;;Линия контроля качества;https://zavoduniversal.ru/about/
4221000133;lc_4221000133_3.html;контакт без имени, номер сохранён;;;+7 (3843) 343-029;;Торговый Дом «Универсал»;https://zavoduniversal.ru/disclosure/
4221000133;lc_4221000133_3.html;контакт без имени, номер сохранён;;;8 (800) 600-47-09;;Линия контроля качества;https://zavoduniversal.ru/disclosure/
4221000133;lc_4221000133_3.html;контакт без имени, номер сохранён;;;+7 (3843) 34-30-29;;Контакты;https://zavoduniversal.ru/disclosure/
4221000133;lc_4221000133_5.html;контакт без имени, номер сохранён;;;8-906-938-50-57;kazancev@zavoduniversal.ru;Отдел сбыта горно-шахтного оборудования;https://zavoduniversal.ru/about/contacts/
4221000133;lc_4221000133_5.html;контакт без имени, номер сохранён;;менеджер по сбыту, Кемеровская обл.;8 (3843) 34-07-59;td.universal@mail.ru;ООО «Торговый дом «Универсал»;https://zavoduniversal.ru/about/contacts/
4221000133;lc_4221000133_5.html;контакт без имени, номер сохранён;;;8 (3843) 34-30-29;td.universal@mail.ru;приёмная;https://zavoduniversal.ru/about/contacts/
4221000133;lc_4221000133_5.html;контакт без имени, номер сохранён;;;8 (3843) 34-39-07;td.universal@mail.ru;коммерческий отдел;https://zavoduniversal.ru/about/contacts/
4221000133;lc_4221000133_5.html;контакт без имени, номер сохранён;;;8 (3843) 34-46-96;shop@zavoduniversal.ru;Магазин («Торговый центр», розничные продажи);https://zavoduniversal.ru/about/contacts/
4221000133;lc_4221000133_5.html;контакт без имени, номер сохранён;;;8 (3842) 90-02-27;Unikem@bk.ru;;https://zavoduniversal.ru/about/contacts/
4221000133;lc_4221000133_5.html;контакт без имени, номер сохранён;;;8 (3822) 257-347;unitom@mail.ru;;https://zavoduniversal.ru/about/contacts/
4221000133;lc_4221000133_5.html;контакт без имени, номер сохранён;;;8-991-507-28-77;omsk@universal-sibir.ru;;https://zavoduniversal.ru/about/contacts/
4221000133;lc_4221000133_5.html;контакт без имени, номер сохранён;;;8 (391) 268-30-54;universal-kras@mail.ru;;https://zavoduniversal.ru/about/contacts/
4221000133;lc_4221000133_5.html;контакт без имени, номер сохранён;;;8 (383) 304-95-98;nsk@universal-sibir.ru;;https://zavoduniversal.ru/about/contacts/
4221000133;lc_4221000133_5.html;контакт без имени, номер сохранён;;;8 (343) 379-09-15;universal-ekb@mail.ru;;https://zavoduniversal.ru/about/contacts/
4221000133;lc_4221000133_5.html;контакт без имени, номер сохранён;;;8-913-250-06-72;barnaul@universal-sibir.ru;;https://zavoduniversal.ru/about/contacts/
4221000133;lc_4221000133_5.html;контакт без имени, номер сохранён;;;(3843) 34–56–68;oao@zavoduniversal.ru;приемная;https://zavoduniversal.ru/about/contacts/
4221000133;lc_4221000133_5.html;контакт без имени, номер сохранён;;;(3843) 34–58–28;kadri@zavoduniversal.ru;отдел кадров;https://zavoduniversal.ru/about/contacts/
4221000133;lc_4221000133_5.html;контакт без имени, номер сохранён;;;8-800-600-47-09;ap.danilenko@zavoduniversal.ru;по вопросам качества;https://zavoduniversal.ru/about/contacts/
4221000133;lc_4221000133_5.html;контакт без имени, номер сохранён;;;;y.kurmaeva@inbox.ru;отдел материально-технического снабжения;https://zavoduniversal.ru/about/contacts/
4221011880;lc_4221011880_1.html;контакт без имени, номер сохранён;;;(3843) 58-31-10;reception@sibelectro.com;Приемная;http://sibelectro.com/kontakty/
4221011880;lc_4221011880_1.html;контакт без имени, номер сохранён;;;(3843) 58-32-00;snab@sibelectro.com;Отдел снабжения;http://sibelectro.com/kontakty/
4221011880;lc_4221011880_1.html;контакт без имени, номер сохранён;;;(3843) 58-38-10;sale@sibelectro.com;Отдел сбыта;http://sibelectro.com/kontakty/
4221011880;lc_4221011880_1.html;контакт без имени, номер сохранён;;Директор по ГШО;8 960 907 5770;sale@sibelectro.com;;http://sibelectro.com/kontakty/
4221011880;lc_4221011880_1.html;контакт без имени, номер сохранён;;;8 904 375 6265;sale@sibelectro.com;Конвейерное направление;http://sibelectro.com/kontakty/
4221011880;lc_4221011880_1.html;контакт без имени, номер сохранён;;;8 906 979 0248;sale@sibelectro.com;Комбайновое направление;http://sibelectro.com/kontakty/
4221011880;lc_4221011880_2.html;контакт без имени, номер сохранён;;;+7 (3843) 58-31-10;reception@sibelectro.com;Приемная;https://sibelectro.com/about/
4221011880;lc_4221011880_2.html;контакт без имени, номер сохранён;;;(3843) 58-32-00;snab@sibelectro.com;Отдел снабжения;https://sibelectro.com/about/
4221011880;lc_4221011880_2.html;контакт без имени, номер сохранён;;;(3843) 58-38-10;sale@sibelectro.com;Отдел сбыта;https://sibelectro.com/about/
4221011880;lc_4221011880_3.html;контакт без имени, номер сохранён;;;+7 (3843) 58-31-10;reception@sibelectro.com;Приемная;http://sibelectro.com/about/
4221011880;lc_4221011880_3.html;контакт без имени, номер сохранён;;;(3843) 58-38-10;sale@sibelectro.com;Отдел сбыта;http://sibelectro.com/about/
4221011880;lc_4221011880_3.html;контакт без имени, номер сохранён;;;(3843) 58-32-00;snab@sibelectro.com;Отдел снабжения;http://sibelectro.com/about/
4221011880;lc_4221011880_4.html;контакт без имени, номер сохранён;;;+7 (3843) 58-31-10;reception@sibelectro.com;Приемная;https://sibelectro.com/information/
4221011880;lc_4221011880_4.html;контакт без имени, номер сохранён;;;(3843) 58-38-10;sale@sibelectro.com;Отдел сбыта;https://sibelectro.com/information/
4221011880;lc_4221011880_4.html;контакт без имени, номер сохранён;;;(3843) 58-32-00;snab@sibelectro.com;Отдел снабжения;https://sibelectro.com/information/
4221011880;lc_4221011880_5.html;контакт без имени, номер сохранён;;Директор по ГШО;8 960 907 5770;sale@sibelectro.com;;https://sibelectro.com/kontakty
4221011880;lc_4221011880_5.html;контакт без имени, номер сохранён;;;(3843) 58-32-00;snab@sibelectro.com;Отдел снабжения;https://sibelectro.com/kontakty
4221011880;lc_4221011880_5.html;контакт без имени, номер сохранён;;;(3843) 58-38-10;sale@sibelectro.com;Отдел сбыта;https://sibelectro.com/kontakty
4221011880;lc_4221011880_5.html;контакт без имени, номер сохранён;;;(3843) 58-31-10;reception@sibelectro.com;Приемная;https://sibelectro.com/kontakty
4221011880;lc_4221011880_5.html;контакт без имени, номер сохранён;;;8 904 375 6265;sale@sibelectro.com;Конвейерное направление;https://sibelectro.com/kontakty
4221011880;lc_4221011880_5.html;контакт без имени, номер сохранён;;;8 906 979 0248;sale@sibelectro.com;Комбайновое направление;https://sibelectro.com/kontakty
4253019916;lc_4253019916_0.html;контакт без имени, номер сохранён;;;+7 (3843) 99-37-33;info@topprom.su;Общие контакты;https://top-prom.ru/contacts/
4253019916;lc_4253019916_0.html;контакт без имени, номер сохранён;;;+7 (3843) 99-37-57;;По вопросам сбыта угля;https://top-prom.ru/contacts/
4253019916;lc_4253019916_0.html;контакт без имени, номер сохранён;;;+7 (3843) 99-37-18;;По вопросам поставки оборудования;https://top-prom.ru/contacts/
4253019916;lc_4253019916_0.html;контакт без имени, номер сохранён;;;+7 (3843) 99-37-07;cpp.info@topprom.su;Общие контакты;https://top-prom.ru/contacts/
4253019916;lc_4253019916_0.html;контакт без имени, номер сохранён;;;+7 (3846) 43-40-11;info.tayb@topprom.su;Общие контакты;https://top-prom.ru/contacts/
4253019916;lc_4253019916_0.html;контакт без имени, номер сохранён;;;+7 (3846) 63-11-81;koks.info@topprom.su;Общие контакты;https://top-prom.ru/contacts/
4253019916;lc_4253019916_0.html;контакт без имени, номер сохранён;;;+7 (3843) 99-37-19;mining.info@topprom.su;Общие контакты;https://top-prom.ru/contacts/
4253019916;lc_4253019916_0.html;контакт без имени, номер сохранён;;;+7-960-901-77-34;transavto@topprom.su;Общие контакты;https://top-prom.ru/contacts/
4253019916;lc_4253019916_0.html;контакт без имени, номер сохранён;;;+7 (3843) 910-762;ubil.info@topprom.su;Общие контакты;https://top-prom.ru/contacts/
4253019916;lc_4253019916_0.html;контакт без имени, номер сохранён;;;+7(3843) 91-09-41;abash.info@topprom.su;Общие контакты;https://top-prom.ru/contacts/
4253019916;lc_4253019916_1.html;контакт без имени, номер сохранён;;;+7 (3843) 99-37-33;info@topprom.su;Общий номер / Приёмная;https://top-prom.ru/contacts/obwie_kontakty/
4253019916;lc_4253019916_1.html;контакт без имени, номер сохранён;;;+7 (3843) 99-37-57;;По вопросам сбыта угля;https://top-prom.ru/contacts/obwie_kontakty/
4253019916;lc_4253019916_1.html;контакт без имени, номер сохранён;;;+7 (3843) 99-37-18;;По вопросам поставки оборудования;https://top-prom.ru/contacts/obwie_kontakty/
4253019916;lc_4253019916_1.html;контакт без имени, номер сохранён;;;+7 (3843) 99-37-07;cpp.info@topprom.su;Общий номер;https://top-prom.ru/contacts/obwie_kontakty/
4253019916;lc_4253019916_1.html;контакт без имени, номер сохранён;;;+7 (3846) 43-40-11;info.tayb@topprom.su;Общий номер;https://top-prom.ru/contacts/obwie_kontakty/
4253019916;lc_4253019916_1.html;контакт без имени, номер сохранён;;;+7 (3846) 63-11-81;koks.info@topprom.su;Общий номер;https://top-prom.ru/contacts/obwie_kontakty/
4253019916;lc_4253019916_1.html;контакт без имени, номер сохранён;;;+7 (3843) 99-37-19;mining.info@topprom.su;Общий номер;https://top-prom.ru/contacts/obwie_kontakty/
4253019916;lc_4253019916_1.html;контакт без имени, номер сохранён;;;+7-960-901-77-34;transavto@topprom.su;Общий номер;https://top-prom.ru/contacts/obwie_kontakty/
4253019916;lc_4253019916_1.html;контакт без имени, номер сохранён;;;+7 (3843) 910-762;ubil.info@topprom.su;Общий номер;https://top-prom.ru/contacts/obwie_kontakty/
4253019916;lc_4253019916_1.html;контакт без имени, номер сохранён;;;+7(3843) 91-09-41;abash.info@topprom.su;Общий номер;https://top-prom.ru/contacts/obwie_kontakty/
4253019916;lc_4253019916_3.html;контакт без имени, номер сохранён;;;+7 (3843) 99-37-33;info@topprom.su;Приёмная / общий номер;https://top-prom.ru/factory/
4253019916;lc_4253019916_5.html;контакт без имени, номер сохранён;;;+7 (3843) 99-37-33;info@topprom.su;Общие контакты;https://top-prom.ru/maps/
4345000249;lc_4345000249_0.html;контакт без имени, номер сохранён;;;8 (8332) 699-500;;Круглосуточная диспетчерская служба МУП «Водоканал»;https://www.vdkanal.ru/about/structure
4345000249;lc_4345000249_0.html;контакт без имени, номер сохранён;;;8 (8332) 254-888;;Консультации по расчетам с физическими лицами;https://www.vdkanal.ru/about/structure
4345000249;lc_4345000249_0.html;контакт без имени, номер сохранён;;;8 (8332) 254-777;;Консультации по расчетам с юридическими лицами;https://www.vdkanal.ru/about/structure
4345000249;lc_4345000249_1.html;контакт без имени, номер сохранён;;;8 (8332) 699-500;support@vdkanal.ru;Круглосуточная диспетчерская служба МУП «Водоканал»;https://vdkanal.ru/kontakty
4345000249;lc_4345000249_1.html;контакт без имени, номер сохранён;;;8 (8332) 254-888;;Консультации по расчетам с физическими лицами;https://vdkanal.ru/kontakty
4345000249;lc_4345000249_1.html;контакт без имени, номер сохранён;;;8 (8332) 254-777;;Консультации по расчетам с юридическими лицами;https://vdkanal.ru/kontakty
4345000249;lc_4345000249_1.html;контакт без имени, номер сохранён;;;8 (8332) 256-256;support@vdkanal.ru;Общая справочная служба;https://vdkanal.ru/kontakty
4345000249;lc_4345000249_2.html;контакт без имени, номер сохранён;;;8 (8332) 699-500;support@vdkanal.ru;Круглосуточная диспетчерская служба МУП «Водоканал»;https://vdkanal.ru/contacts
4345000249;lc_4345000249_2.html;контакт без имени, номер сохранён;;;8 (8332) 254-888;;Консультации по расчетам с физическими лицами;https://vdkanal.ru/contacts
4345000249;lc_4345000249_2.html;контакт без имени, номер сохранён;;;8 (8332) 254-777;;Консультации по расчетам с юридическими лицами;https://vdkanal.ru/contacts
4345000249;lc_4345000249_2.html;контакт без имени, номер сохранён;;;8 (8332) 256-256;;Общий справочный номер;https://vdkanal.ru/contacts
4345000249;lc_4345000249_3.html;контакт без имени, номер сохранён;;;8 (8332) 699-500;;Круглосуточная диспетчерская служба МУП «Водоканал»;https://vdkanal.ru/rukovodstvo
4345000249;lc_4345000249_3.html;контакт без имени, номер сохранён;;;8 (8332) 254-888;;Консультации по расчетам с физическими лицами;https://vdkanal.ru/rukovodstvo
4345000249;lc_4345000249_3.html;контакт без имени, номер сохранён;;;8 (8332) 254-777;;Консультации по расчетам с юридическими лицами;https://vdkanal.ru/rukovodstvo
4345000249;lc_4345000249_3.html;контакт без имени, номер сохранён;;;8 (8332) 256-256;support@vdkanal.ru;Общая справочная служба;https://vdkanal.ru/rukovodstvo
4345000249;lc_4345000249_4.html;контакт без имени, номер сохранён;;;8 (8332) 699-500;support@vdkanal.ru;Круглосуточная диспетчерская служба МУП «Водоканал»;https://vdkanal.ru/management
4345000249;lc_4345000249_4.html;контакт без имени, номер сохранён;;;8 (8332) 254-888;;Консультации по расчетам с физическими лицами;https://vdkanal.ru/management
4345000249;lc_4345000249_4.html;контакт без имени, номер сохранён;;;8 (8332) 254-777;;Консультации по расчетам с юридическими лицами;https://vdkanal.ru/management
4345000249;lc_4345000249_4.html;контакт без имени, номер сохранён;;;8 (8332) 256-256;;Общий номер МУП «Водоканал»;https://vdkanal.ru/management
4345047310;lc_4345047310_0.html;контакт без имени, номер сохранён;;Первый заместитель генерального директора - главный инженер;+7 8332 23-12-65;;Приемные заместителей генерального директора;https://vmpavitec.ru/contacts/
4345047310;lc_4345047310_0.html;контакт без имени, номер сохранён;;Заместитель генерального директора по энергетике и капитальному строительству;+7 8332 23-56-33;;Приемные заместителей генерального директора;https://vmpavitec.ru/contacts/
4345047310;lc_4345047310_0.html;контакт без имени, номер сохранён;;Заместитель генерального директора по производству;+7 8332 74-04-09;;Приемные заместителей генерального директора;https://vmpavitec.ru/contacts/
4345047310;lc_4345047310_0.html;контакт без имени, номер сохранён;;Заместитель генерального директора по качеству;+7 8332 66-40-99;;Приемные заместителей генерального директора;https://vmpavitec.ru/contacts/
4345047310;lc_4345047310_0.html;контакт без имени, номер сохранён;;Заместитель генерального директора по информационным технологиям;+7 8332 64-40-80;;Приемные заместителей генерального директора;https://vmpavitec.ru/contacts/
4345047310;lc_4345047310_0.html;контакт без имени, номер сохранён;;Заместитель генерального директора по коммерческим вопросам;+7 8332 23-13-10;;Приемные заместителей генерального директора;https://vmpavitec.ru/contacts/
4345047310;lc_4345047310_0.html;контакт без имени, номер сохранён;;Заместитель генерального директора по экономическим вопросам;+7 8332 23-60-65;;Приемные заместителей генерального директора;https://vmpavitec.ru/contacts/
4345047310;lc_4345047310_0.html;контакт без имени, номер сохранён;;Заместитель генерального директора по правовым вопросам;+7 8332 66-40-50;;Приемные заместителей генерального директора;https://vmpavitec.ru/contacts/
4345047310;lc_4345047310_0.html;контакт без имени, номер сохранён;;Заместитель генерального директора по внешнеэкономической деятельности;+7 8332 23-77-29;;Приемные заместителей генерального директора;https://vmpavitec.ru/contacts/
4345047310;lc_4345047310_0.html;контакт без имени, номер сохранён;;Заместитель генерального директора по режиму и безопасности;+7 8332 66-40-68;;Приемные заместителей генерального директора;https://vmpavitec.ru/contacts/
4345047310;lc_4345047310_0.html;контакт без имени, номер сохранён;;Заместитель генерального директора по управлению персоналом;+7 8332 66-40-30;;Приемные заместителей генерального директора;https://vmpavitec.ru/contacts/
4345047310;lc_4345047310_0.html;контакт без имени, номер сохранён;;Начальник Управления материально-технического снабжения;+7 8332 74-04-58;info@vmpavitec.ru;Управление материально-технического снабжения;https://vmpavitec.ru/contacts/
4345047310;lc_4345047310_0.html;контакт без имени, номер сохранён;;Начальник отдела гражданской продукции;+7 8332 74-05-42;market@vmpavitec.ru;Отдел гражданской продукции;https://vmpavitec.ru/contacts/
4345047310;lc_4345047310_0.html;контакт без имени, номер сохранён;;;+7 800 222-43-43;info@vmpavitec.ru;Заводской телефон;https://vmpavitec.ru/contacts/
4345047310;lc_4345047310_0.html;контакт без имени, номер сохранён;;;+7 8332 58-61-22;;Заводской факс;https://vmpavitec.ru/contacts/
4345047310;lc_4345047310_0.html;контакт без имени, номер сохранён;;;+7 8332 74-00-55;info@vmpavitec.ru;Управление продаж;https://vmpavitec.ru/contacts/
4345047310;lc_4345047310_0.html;контакт без имени, номер сохранён;;;+7 8332 74-07-33;;Бюро маркетинга и сбыта гражданской продукции;https://vmpavitec.ru/contacts/
4345047310;lc_4345047310_0.html;контакт без имени, номер сохранён;;;+7 8332 74-00-55;;Бюро продаж АТ и СТ;https://vmpavitec.ru/contacts/
4345047310;lc_4345047310_0.html;контакт без имени, номер сохранён;;;+7 8332 74-00-59;umts@vmpavitec.ru;Управление покупных комплектующих изделий;https://vmpavitec.ru/contacts/
4345047310;lc_4345047310_0.html;контакт без имени, номер сохранён;;;+7 8332 74-07-10, +7 8332 66-40-55;;Отдел по работе с персоналом (вакансии);https://vmpavitec.ru/contacts/
4345047310;lc_4345047310_0.html;контакт без имени, номер сохранён;;;+7 8332 23-63-65;smi@vmpavitec.ru;Пресс-служба;https://vmpavitec.ru/contacts/
4345047310;lc_4345047310_0.html;контакт без имени, номер сохранён;;;+7 8332 740-130, +7 8332 664-117;doverie@kmp43.ru;Телефон доверия;https://vmpavitec.ru/contacts/
4345047310;lc_4345047310_5.html;контакт без имени, номер сохранён;;;+7 800 222-43-43;info@vmpavitec.ru;Общие контакты / Справочная служба;https://vmpavitec.ru/social/youth-council/
4714004270;lc_4714004270_1.html;контакт без имени, номер сохранён;;;8 800 444 91 90;support.fgisopvk@rosatom.ru;Круглосуточная служба технической поддержки по работе с отходами I и II классов;https://rosfeo.ru/predpriyatie/kontaktyi-i-obratnaya-svyaz.html
4714004270;lc_4714004270_1.html;контакт без имени, номер сохранён;;;+7 495 710 76 48;info@rosfeo.ru;Канцелярия;https://rosfeo.ru/predpriyatie/kontaktyi-i-obratnaya-svyaz.html
5005038631;lc_5005038631_0.html;контакт без имени, номер сохранён;;;8 (496) 44-55-282;;Контакты организации;https://bgkh.ru/o-kompanii/rukovodstvo/
5005038631;lc_5005038631_1.html;контакт без имени, номер сохранён;;;8 (496) 44-55-282;bgkh@bgkh.ru;"Общий номер МУП ""Белоозерское ЖКХ"" РСО";https://bgkh.ru/kontakty/
5005038631;lc_5005038631_1.html;контакт без имени, номер сохранён;;;8 (496) 44-51-244;;Диспетчерская служба по вопросам Водоснабжения и водоотведения в ЧАСТНОМ СЕКТОРЕ;https://bgkh.ru/kontakty/
5005038631;lc_5005038631_1.html;контакт без имени, номер сохранён;;;8-800-775-00-60;;Диспетчерская служба по вопросам УПРАВЛЯЮЩЕЙ ОРГАНИЗАЦИИ;https://bgkh.ru/kontakty/
5005038631;lc_5005038631_1.html;контакт без имени, номер сохранён;;;8-499-605-25-60;;Диспетчерская служба по вопросам УПРАВЛЯЮЩЕЙ ОРГАНИЗАЦИИ;https://bgkh.ru/kontakty/
5005038631;lc_5005038631_2.html;контакт без имени, номер сохранён;;;8 (496) 44-55-282;;Административный центр Воскресенский;https://bgkh.ru/contacts/index.html
5005038631;lc_5005038631_3.html;контакт без имени, номер сохранён;;;8 (496) 44-55-282;;Административный центр;https://bgkh.ru/o-kompanii/
5005038631;lc_5005038631_5.html;контакт без имени, номер сохранён;;;8 (496) 44-55-282;bgkh@bgkh.ru;Общий номер;https://bgkh.ru/kontakty
5005038631;lc_5005038631_5.html;контакт без имени, номер сохранён;;;8 (496) 44-51-244;;Диспетчерская служба по вопросам Водоснабжения и водоотведения в ЧАСТНОМ СЕКТОРЕ;https://bgkh.ru/kontakty
5005038631;lc_5005038631_5.html;контакт без имени, номер сохранён;;;8-800-775-00-60;;Диспетчерская служба по вопросам УПРАВЛЯЮЩЕЙ ОРГАНИЗАЦИИ;https://bgkh.ru/kontakty
5005038631;lc_5005038631_5.html;контакт без имени, номер сохранён;;;8-499-605-25-60;;Диспетчерская служба по вопросам УПРАВЛЯЮЩЕЙ ОРГАНИЗАЦИИ;https://bgkh.ru/kontakty
5020051845;lc_5020051845_0.html;контакт без имени, номер сохранён;;;+7(905)586-81-03;mailbox@klinvodokanal.ru;Секретарь;https://klinvodokanal.ru/contact
5020051845;lc_5020051845_0.html;контакт без имени, номер сохранён;;;+7 49624 2-71-45;mailbox@klinvodokanal.ru;Секретарь;https://klinvodokanal.ru/contact
5020051845;lc_5020051845_0.html;контакт без имени, номер сохранён;;;+7(903) 566-72-55;mailbox@klinvodokanal.ru;Производственно-технический отдел;https://klinvodokanal.ru/contact
5020051845;lc_5020051845_0.html;контакт без имени, номер сохранён;;;+7(903) 251-59-94;mailbox@klinvodokanal.ru;Абонентский отдел (физ. лица);https://klinvodokanal.ru/contact
5020051845;lc_5020051845_0.html;контакт без имени, номер сохранён;;;+7(903) 566-73-93;mailbox@klinvodokanal.ru;Абонентский отдел (юр. лица);https://klinvodokanal.ru/contact
5020051845;lc_5020051845_0.html;контакт без имени, номер сохранён;;;+7(903) 566-58-74;mailbox@klinvodokanal.ru;Бухгалтерия;https://klinvodokanal.ru/contact
5020051845;lc_5020051845_0.html;контакт без имени, номер сохранён;;;+7(903) 566-74-35;mailbox@klinvodokanal.ru;Аварийно-диспетчерская служба;https://klinvodokanal.ru/contact
5020051845;lc_5020051845_0.html;контакт без имени, номер сохранён;;;+7(903) 170-28-78;mailbox@klinvodokanal.ru;Аварийно-диспетчерская служба;https://klinvodokanal.ru/contact
5020051845;lc_5020051845_0.html;контакт без имени, номер сохранён;;;+7 49624 2-42-77;mailbox@klinvodokanal.ru;Диспетчер;https://klinvodokanal.ru/contact
5020051845;lc_5020051845_1.html;контакт без имени, номер сохранён;;;+7 49624 2-71-45;;Секретарь;https://klinvodokanal.ru/about
5020051845;lc_5020051845_1.html;контакт без имени, номер сохранён;;;+7 49624 2-42-77;;Диспетчер;https://klinvodokanal.ru/about
5020051845;lc_5020051845_1.html;контакт без имени, номер сохранён;;;+7(905)586-81-03;;Секретарь;https://klinvodokanal.ru/about
5020051845;lc_5020051845_1.html;контакт без имени, номер сохранён;;;+7(903) 566-74-35;;Диспетчерская служба;https://klinvodokanal.ru/about
5020051845;lc_5020051845_1.html;контакт без имени, номер сохранён;;;+7(903) 251-59-94;;Абонентский отдел;https://klinvodokanal.ru/about
5020051845;lc_5020051845_1.html;контакт без имени, номер сохранён;;;+7(903) 566-73-93;;Юр. лица;https://klinvodokanal.ru/about
5020051845;lc_5020051845_2.html;контакт без имени, номер сохранён;;;+7(905)586-81-03;mailbox@klinvodokanal.ru;Секретарь;https://klinvodokanal.ru/
5020051845;lc_5020051845_2.html;контакт без имени, номер сохранён;;;+7 49624 2-71-45;mailbox@klinvodokanal.ru;Секретарь;https://klinvodokanal.ru/
5020051845;lc_5020051845_2.html;контакт без имени, номер сохранён;;;+7(903) 566-72-55;mailbox@klinvodokanal.ru;Производственно-технический отдел;https://klinvodokanal.ru/
5020051845;lc_5020051845_2.html;контакт без имени, номер сохранён;;;+7(903) 251-59-94;mailbox@klinvodokanal.ru;Абонентский отдел (физ. лица);https://klinvodokanal.ru/
5020051845;lc_5020051845_2.html;контакт без имени, номер сохранён;;;+7(903) 566-73-93;mailbox@klinvodokanal.ru;Абонентский отдел (юр. лица);https://klinvodokanal.ru/
5020051845;lc_5020051845_2.html;контакт без имени, номер сохранён;;;+7(903) 566-58-74;mailbox@klinvodokanal.ru;Бухгалтерия;https://klinvodokanal.ru/
5020051845;lc_5020051845_2.html;контакт без имени, номер сохранён;;;+7(903) 566-74-35;mailbox@klinvodokanal.ru;Аварийно-диспетчерская служба;https://klinvodokanal.ru/
5020051845;lc_5020051845_2.html;контакт без имени, номер сохранён;;;+7(903) 170-28-78;mailbox@klinvodokanal.ru;Аварийно-диспетчерская служба;https://klinvodokanal.ru/
5020051845;lc_5020051845_2.html;контакт без имени, номер сохранён;;;+7 49624 2-42-77;mailbox@klinvodokanal.ru;Диспетчер;https://klinvodokanal.ru/
5034065171;lc_5034065171_0.html;контакт без имени, номер сохранён;;;+7 496 423-03-65;;Телефон приёмной;https://mosoblvodokanal.ru/about/structure/
5034065171;lc_5034065171_0.html;контакт без имени, номер сохранён;;;8 (800) 222-02-05;info@mosoblvodokanal.ru;Единая диспетчерская / Телефон горячей линии;https://mosoblvodokanal.ru/about/structure/
5034065171;lc_5034065171_1.html;контакт без имени, номер сохранён;;;8 (496) 423-03-65;;Телефон приёмной;https://mosoblvodokanal.ru/contacts/
5034065171;lc_5034065171_1.html;контакт без имени, номер сохранён;;;8 (800) 222-02-05;info@mosoblvodokanal.ru;Единая диспетчерская / Горячая линия;https://mosoblvodokanal.ru/contacts/
5034065171;lc_5034065171_1.html;контакт без имени, номер сохранён;;;;odc@mosoblvodokanal.ru;Информация об аварийных работах;https://mosoblvodokanal.ru/contacts/
5034065171;lc_5034065171_3.html;контакт без имени, номер сохранён;;;8 (800) 222-02-05;info@mosoblvodokanal.ru;Единая диспетчерская / Телефон горячей линии;https://mosoblvodokanal.ru/about/
5034065171;lc_5034065171_4.html;контакт без имени, номер сохранён;;;8 (496) 423-03-65;;Телефон единой приемной ГУП МО «МосОблВодоканал»;https://mosoblvodokanal.ru/about/anti-corruption/
5034065171;lc_5034065171_4.html;контакт без имени, номер сохранён;;;8 (496) 423-03-65;;Телефон доверия по вопросам противодействия коррупции;https://mosoblvodokanal.ru/about/anti-corruption/
5034065171;lc_5034065171_4.html;контакт без имени, номер сохранён;;Оперативный дежурный;8 (498) 602-01-45;mingkh@mosreg.ru;Министерство жилищно-коммунального хозяйства Московской области;https://mosoblvodokanal.ru/about/anti-corruption/
5034065171;lc_5034065171_4.html;контакт без имени, номер сохранён;;;8 (800) 222-02-05;info@mosoblvodokanal.ru;Единая диспетчерская / Телефон горячей линии;https://mosoblvodokanal.ru/about/anti-corruption/
5034065171;lc_5034065171_5.html;контакт без имени, номер сохранён;;;8 (800) 222-02-05;info@mosoblvodokanal.ru;Единая диспетчерская;https://mosoblvodokanal.ru/kontakty
5038004331;lc_5038004331_0.html;контакт без имени, номер сохранён;;;8 800 100 94 00;;Горячая линия лесной охраны;https://mosoblles.ru/about/
5038004331;lc_5038004331_0.html;контакт без имени, номер сохранён;;;+7(498)602-00-32;gkumol_info@mosreg.ru;Многоканальный телефон;https://mosoblles.ru/about/
5038004331;lc_5038004331_1.html;контакт без имени, номер сохранён;;;+7(498)602-00-32;gkumol_info@mosreg.ru;Многоканальный телефон;https://mosoblles.ru/kontakty
5038004331;lc_5038004331_2.html;продолжение списка: адрес чужого домена;https://docs.google.com/spreadsheets/d/1nFpPw9vjUAxnbKCvdRB-cuF1N6V-zyMmGF-vr-Bk;;;;;https://mosoblles.ru/contacts
5038004331;lc_5038004331_2.html;контакт без имени, номер сохранён;;;+7 (498) 602-00-32;gkumol_info@mosreg.ru;Отдел делопроизводства;https://mosoblles.ru/contacts
5038004331;lc_5038004331_3.html;контакт без имени, номер сохранён;;;+7(498)602-00-32;gkumol_info@mosreg.ru;Многоканальный телефон (общие контакты);https://mosoblles.ru/rukovodstvo
5038004331;lc_5038004331_3.html;контакт без имени, номер сохранён;;;8 800 100 94 00;;Горячая линия лесной охраны;https://mosoblles.ru/rukovodstvo
5038004331;lc_5038004331_4.html;контакт без имени, номер сохранён;;;+7(498)602-00-32;gkumol_info@mosreg.ru;Многоканальный телефон / Приемная;https://mosoblles.ru/management
5038004331;lc_5038004331_5.html;контакт без имени, номер сохранён;;;+7(498)602-00-32;gkumol_info@mosreg.ru;Многоканальный телефон;https://mosoblles.ru/struktura
5040109194;lc_5040109194_0.html;контакт без имени, номер сохранён;;;(496) 47 3-91-92;;Отдел материально-технического обеспечения;https://ram-vk.ru/kontakty
5040109194;lc_5040109194_0.html;контакт без имени, номер сохранён;;;+7(496) 4739192;oaorvk@mail.ru;Многоканальный телефон / Приёмная АО «Раменский водоканал»;https://ram-vk.ru/kontakty
5040109194;lc_5040109194_0.html;контакт без имени, номер сохранён;;;(496) 46 1-22-01;aorvk-ads@mail.ru;Аварийно-диспетчерская служба;https://ram-vk.ru/kontakty
5040109194;lc_5040109194_1.html;контакт без имени, номер сохранён;;;(496)473-91-92;;Многоканальный;https://ram-vk.ru/contacts
5040109194;lc_5040109194_1.html;контакт без имени, номер сохранён;;;(496)461-83-71;;Отдел сбыта коммунальных услуг;https://ram-vk.ru/contacts
5040109194;lc_5040109194_1.html;контакт без имени, номер сохранён;;;+7(496) 473-91-92;;Отдел сбыта коммунальных услуг;https://ram-vk.ru/contacts
5040109194;lc_5040109194_1.html;контакт без имени, номер сохранён;;;+7(496) 461-83-74;;Отдел сбыта коммунальных услуг;https://ram-vk.ru/contacts
5040109194;lc_5040109194_1.html;контакт без имени, номер сохранён;;;(496)461-22-01;;Аварийно-диспетчерская служба;https://ram-vk.ru/contacts
5040109194;lc_5040109194_1.html;контакт без имени, номер сохранён;;;(496)46 1-74-71;;Производственно-техническая группа;https://ram-vk.ru/contacts
5040109194;lc_5040109194_1.html;контакт без имени, номер сохранён;;;;oaorvk@mail.ru;Контакты;https://ram-vk.ru/contacts
5040109194;lc_5040109194_3.html;контакт без имени, номер сохранён;;;(496)473-91-92;oaorvk@mail.ru;Многоканальный;https://ram-vk.ru/management
5040109194;lc_5040109194_3.html;контакт без имени, номер сохранён;;;(496)461-22-01;;Аварийно-диспетчерская служба;https://ram-vk.ru/management
5040109194;lc_5040109194_3.html;контакт без имени, номер сохранён;;;(496)461-83-71;;Отдел сбыта коммунальных услуг;https://ram-vk.ru/management
5040109194;lc_5040109194_3.html;контакт без имени, номер сохранён;;;+7(496) 473-91-92;aorvk-osku@mail.ru;Отдел сбыта коммунальных услуг;https://ram-vk.ru/management
5040109194;lc_5040109194_3.html;контакт без имени, номер сохранён;;;+7(496) 461-83-74;;Отдел сбыта коммунальных услуг;https://ram-vk.ru/management
5040109194;lc_5040109194_3.html;контакт без имени, номер сохранён;;;(496)461-74-71;;Производственно-техническая группа;https://ram-vk.ru/management
5040109194;lc_5040109194_4.html;контакт без имени, номер сохранён;;;(496)473-91-92;;Многоканальный;https://ram-vk.ru/struktura
5040109194;lc_5040109194_4.html;контакт без имени, номер сохранён;;;(496)461-83-71;;Отдел сбыта коммунальных услуг;https://ram-vk.ru/struktura
5040109194;lc_5040109194_4.html;контакт без имени, номер сохранён;;;(496)461-22-01;;Аварийно-диспетчерская служба;https://ram-vk.ru/struktura
5040109194;lc_5040109194_4.html;контакт без имени, номер сохранён;;;+7(496) 473-91-92;;Отдел сбыта коммунальных услуг;https://ram-vk.ru/struktura
5040109194;lc_5040109194_4.html;контакт без имени, номер сохранён;;;+7(496) 461-83-74;;Отдел сбыта коммунальных услуг;https://ram-vk.ru/struktura
5040109194;lc_5040109194_4.html;контакт без имени, номер сохранён;;;(496)46 1-74-71;;Производственно-техническая группа;https://ram-vk.ru/struktura
5040109194;lc_5040109194_4.html;контакт без имени, номер сохранён;;;;aorvk-osku@mail.ru;Абонентский отдел / Отдел сбыта коммунальных услуг;https://ram-vk.ru/struktura
5040109194;lc_5040109194_4.html;контакт без имени, номер сохранён;;;;oaorvk@mail.ru;Общая почта предприятия;https://ram-vk.ru/struktura
5048052077;lc_5048052077_0.html;контакт без имени, номер сохранён;;Главный инженер Предприятия технической эксплуатации жилищного фонда;723-55-72;;ПТЭЖФ;"https://cgkh.ru/index.php?option=com_content&amp;view=article&amp;id=52&amp;Itemid=4"
5048052077;lc_5048052077_0.html;контакт без имени, номер сохранён;;;8-496-722-18-95;aup@cgkh.ru;Приемная МП «ЖКХ Чеховского района»;"https://cgkh.ru/index.php?option=com_content&amp;view=article&amp;id=52&amp;Itemid=4"
5048052077;lc_5048052077_0.html;контакт без имени, номер сохранён;;;8-496-722-26-23;;Диспетчерская СП «ТЕПЛОСЕТЬ»;"https://cgkh.ru/index.php?option=com_content&amp;view=article&amp;id=52&amp;Itemid=4"
5048052077;lc_5048052077_0.html;контакт без имени, номер сохранён;;;8-496-726-79-35;;Диспетчерская СП «ВОДОКАНАЛ»;"https://cgkh.ru/index.php?option=com_content&amp;view=article&amp;id=52&amp;Itemid=4"
5048052077;lc_5048052077_1.html;контакт без имени, номер сохранён;;;8-496-722-18-95;aup@cgkh.ru;Приёмная;"https://cgkh.ru/index.php?option=com_qcontacts&amp;view=contact&amp;id=1&amp;Itemid=111"
5048052077;lc_5048052077_2.html;контакт без имени, номер сохранён;;;8 (496) 72-775-10;priem@cgkh.ru;Офис ГУП МО «Чеховское ЖКХ» «Наш дом» (телефон для записи и связи со специалистами);"https://cgkh.ru/index.php?option=com_content&amp;view=article&amp;id=1280&amp;Itemid=2"
5048052077;lc_5048052077_2.html;контакт без имени, номер сохранён;;;8-985-385-80-28;;Диспетчерская служба ГУП МО «Чеховское ЖКХ»;"https://cgkh.ru/index.php?option=com_content&amp;view=article&amp;id=1280&amp;Itemid=2"
5214009264;lc_5214009264_0.html;контакт без имени, номер сохранён;;;+7 (831) 228-90-80;mkv@mkvolod.ru;Основной телефон;https://mkvolod.com/kontaktyi/
5214009264;lc_5214009264_0.html;контакт без имени, номер сохранён;;;+7(831)2289080;i.yakovleva@mkvolod.ru;Снабжение ТМЦ;https://mkvolod.com/kontaktyi/
5214009264;lc_5214009264_0.html;контакт без имени, номер сохранён;;;+7(831)2289080;snab@mkvolod.ru;Снабжение зерно;https://mkvolod.com/kontaktyi/
5214009264;lc_5214009264_1.html;контакт без имени, номер сохранён;;;+7 (831) 228-90-80;mkv@mkvolod.ru;Общие контакты;https://mkvolod.com/kontaktyi/buxgalteriya.html
5214009264;lc_5214009264_2.html;контакт без имени, номер сохранён;;;+7 (831) 228-90-80;mkv@mkvolod.ru;Общие контакты / Приёмная;https://mkvolod.com/kontaktyi/otdel-prodazh.html
5214009264;lc_5214009264_3.html;контакт без имени, номер сохранён;;;+7 (831) 228-90-80;mkv@mkvolod.ru;Общие контакты предприятия;https://mkvolod.com/kontaktyi/otdel-snabzheniya.html
5214009264;lc_5214009264_4.html;контакт без имени, номер сохранён;;;+7 (831) 228-90-80;mkv@mkvolod.ru;Общий номер;https://mkvolod.com/kontaktyi/snabzhenie-tmcz.html
5214009264;lc_5214009264_5.html;контакт без имени, номер сохранён;;;+7 (831) 228-90-80;mkv@mkvolod.ru;Общий номер / Приёмная;https://mkvolod.com/o-kompanii/
5214009264;lc_5214009264_5.html;контакт без имени, номер сохранён;;;+7(831)2289080;sale@mkvolod.ru;Отдел продаж;https://mkvolod.com/o-kompanii/
5214009264;lc_5214009264_5.html;контакт без имени, номер сохранён;;;+7(831)2289080;snab@mkvolod.ru;Снабжение зерно;https://mkvolod.com/o-kompanii/
5214009264;lc_5214009264_5.html;контакт без имени, номер сохранён;;;+7(831)2289080;i.yakovleva@mkvolod.ru;Снабжение ТМЦ;https://mkvolod.com/o-kompanii/
5214009264;lc_5214009264_5.html;контакт без имени, номер сохранён;;;+7(831)2289080;buh@mkvolod.ru;Бухгалтерия;https://mkvolod.com/o-kompanii/
5243027892;lc_5243027892_0.html;контакт без имени, номер сохранён;;;+7 (83147) 6-06-44;;Горячая линия;https://www.vodokanal-arz.ru/o-kompanii/rukovodstvo
5243027892;lc_5243027892_0.html;контакт без имени, номер сохранён;;;+7 (83147) 6-32-82;info@vodokanal-arz.ru;Главный офис;https://www.vodokanal-arz.ru/o-kompanii/rukovodstvo
5254001230;lc_5254001230_0.html;контакт без имени, номер сохранён;;;8 (83130) 2-48-02;staff@vniief.ru;Общий телефон / приёмная;https://vniief.ru/vniief/nuclear-center/management/
5254001230;lc_5254001230_1.html;контакт без имени, номер сохранён;;;8 (83130) 2-15-59;;Управление документационного обеспечения ФГУП «РФЯЦ-ВНИИЭФ» / Справочная информация по документам, поступающим в адрес директора РФЯЦ-ВНИИЭФ и главного инженера РФЯЦ-ВНИИЭФ;https://vniief.ru/vniief/nuclear-center/contacts/
5254001230;lc_5254001230_1.html;контакт без имени, номер сохранён;;;8 (83130) 2-15-47;;Управление документационного обеспечения ФГУП «РФЯЦ-ВНИИЭФ» / Приказной участок;https://vniief.ru/vniief/nuclear-center/contacts/
5254001230;lc_5254001230_1.html;контакт без имени, номер сохранён;;;8 (83130) 2-54-21;;Управление документационного обеспечения ФГУП «РФЯЦ-ВНИИЭФ» / ViРNet (РФЯЦ-ВНИИЭФ Саров 0195);https://vniief.ru/vniief/nuclear-center/contacts/
5254001230;lc_5254001230_1.html;контакт без имени, номер сохранён;;;8 (83130) 2-14-16;staff@vniief.ru;Управление документационного обеспечения ФГУП «РФЯЦ-ВНИИЭФ»;https://vniief.ru/vniief/nuclear-center/contacts/
5254001230;lc_5254001230_1.html;контакт без имени, номер сохранён;;;8 (83130) 2-54-41;;Управление документационного обеспечения ФГУП «РФЯЦ-ВНИИЭФ» / Входящий участок (прием бумажной корреспонденции);https://vniief.ru/vniief/nuclear-center/contacts/
5254001230;lc_5254001230_1.html;контакт без имени, номер сохранён;;;8 (83130) 2-14-23;;Управление документационного обеспечения ФГУП «РФЯЦ-ВНИИЭФ» / Исходящий участок (отправка бумажной корреспонденции);https://vniief.ru/vniief/nuclear-center/contacts/
5254001230;lc_5254001230_2.html;контакт без имени, номер сохранён;;;8 (83130) 2-48-02;staff@vniief.ru;Общие контакты / Приёмная;https://vniief.ru/vniief/nuclear-center/corporate-management/
5254001230;lc_5254001230_3.html;контакт без имени, номер сохранён;;;8 (83130) 2-48-02;staff@vniief.ru;Общие контакты;https://vniief.ru/vniief/social-responsibility/trade-union/soc-structure/
5254001230;lc_5254001230_4.html;контакт без имени, номер сохранён;;;8 (83130) 2-48-02;staff@vniief.ru;Общие контакты / справочная;https://vniief.ru/vniief/nuclear-center/history/vniief-management/
5254001230;lc_5254001230_5.html;контакт без имени, номер сохранён;;;8 (83130) 2-48-02;staff@vniief.ru;Общий номер контактов;https://vniief.ru/vniief/activity/TK700/
5257086827;lc_5257086827_0.html;контакт без имени, номер сохранён;;;+7 831 277-22-22;office@teploenergo-nn.ru;Центр по работе с абонентами / круглосуточная линия;https://www.vodokanal-nn.ru/company/rukovodstvo/
5257086827;lc_5257086827_0.html;контакт без имени, номер сохранён;;;+7 831 261-00-09;office@alesp.ru;Основной номер;https://www.vodokanal-nn.ru/company/rukovodstvo/
5257086827;lc_5257086827_1.html;контакт без имени, номер сохранён;;;+7 (831) 277-22-22;cra@vodokanal-nn.ru;Центр по работе с абонентами (ЦРА);https://vodokanal-nn.ru/kontakty
5257086827;lc_5257086827_1.html;контакт без имени, номер сохранён;;;+7 (831) 277-22-22;office@teploenergo-nn.ru;Круглосуточная линия по вопросам холодного водоснабжения и водоотведения / Центр проектно-технических согласований;https://vodokanal-nn.ru/kontakty
5257086827;lc_5257086827_1.html;контакт без имени, номер сохранён;;;+7 (831) 277-79-48;press@vodokanal-nn.ru;Пресс-служба;https://vodokanal-nn.ru/kontakty
5260123469;lc_5260123469_0.html;контакт без имени, номер сохранён;;;+7(831)215-20-70;sales@norchem.ru;Департамент продаж;https://norchem.ru/kontakty/
5260123469;lc_5260123469_0.html;контакт без имени, номер сохранён;;;+7(831)214-10-60;;Объединенная бухгалтерия;https://norchem.ru/kontakty/
5260123469;lc_5260123469_0.html;контакт без имени, номер сохранён;;Секретарь;+7(831)272-88-63;y.zotova@norchem.ru;"ООО ""Завод синтанолов""";https://norchem.ru/kontakty/
5260123469;lc_5260123469_0.html;контакт без имени, номер сохранён;;Секретарь;+7(831)282-33-72;t.gerasimova@norchem.ru;"ООО ""Норкем-Полиэфиры""";https://norchem.ru/kontakty/
5260123469;lc_5260123469_0.html;контакт без имени, номер сохранён;;Секретарь;+7(812)346-55-25, +7(831)282-33-72;lo7@norchem.ru;"ООО ""Ланитекс-Оптима 7""";https://norchem.ru/kontakty/
5260123469;lc_5260123469_1.html;контакт без имени, номер сохранён;;;+7(831)215-20-70;;Департамент продаж;https://norchem.ru/o-kompanii/
5260123469;lc_5260123469_1.html;контакт без имени, номер сохранён;;;+7 (831)282-33-72;mail@norchem.ru;По вопросам, предложениям и обращениям;https://norchem.ru/o-kompanii/
5260123469;lc_5260123469_1.html;контакт без имени, номер сохранён;;;+7(831)272-88-50;;Телефон / Факс;https://norchem.ru/o-kompanii/
5260123469;lc_5260123469_2.html;контакт без имени, номер сохранён;;;+7(831)215-20-70;;Департамент продаж;https://www.norchem.ru/
5260123469;lc_5260123469_2.html;контакт без имени, номер сохранён;;;+7 (831)282-33-72;mail@norchem.ru;По вопросам, предложениям и обращениям;https://www.norchem.ru/
5260123469;lc_5260123469_2.html;контакт без имени, номер сохранён;;;+7(831)272-88-50;mail@norchem.ru;Телефон / Факс;https://www.norchem.ru/
5260123469;lc_5260123469_3.html;контакт без имени, номер сохранён;;;+7(831)215-20-70;sales@norchem.ru;Департамент продаж;https://norchem.ru/kontakty
5260123469;lc_5260123469_3.html;контакт без имени, номер сохранён;;;+7(831)214-10-60;;Объединенная бухгалтерия;https://norchem.ru/kontakty
5260123469;lc_5260123469_3.html;контакт без имени, номер сохранён;;Секретарь;+7(831)272-88-63;y.zotova@norchem.ru;;https://norchem.ru/kontakty
5260123469;lc_5260123469_3.html;контакт без имени, номер сохранён;;Секретарь;+7(831)282-33-72;t.gerasimova@norchem.ru;;https://norchem.ru/kontakty
5260123469;lc_5260123469_3.html;контакт без имени, номер сохранён;;Секретарь;+7(812)346-55-25, +7(831)282-33-72;lo7@norchem.ru;;https://norchem.ru/kontakty
5260123469;lc_5260123469_3.html;контакт без имени, номер сохранён;;;+7(996)066-81-02;mail@norchem.ru;Телефон доверия;https://norchem.ru/kontakty
5260900725;lc_5260900725_0.html;контакт без имени, номер сохранён;;;+7 (831) 438-22-00;VV-REFERENT@transneft.ru;Контакты;https://uppervolga.transneft.ru/about/management/
5260900725;lc_5260900725_2.html;контакт без имени, номер сохранён;;;+7 (831) 438-22-00;VV-REFERENT@transneft.ru;Общий номер / Приёмная АО «Транснефть – Верхняя Волга»;https://uppervolga.transneft.ru/contact/
5260900725;lc_5260900725_2.html;контакт без имени, номер сохранён;;;+7 (831) 438-22-65;;Отдел делопроизводства и контроля;https://uppervolga.transneft.ru/contact/
5260900725;lc_5260900725_2.html;контакт без имени, номер сохранён;;;+7 (831) 438-72-34;;Отдел делопроизводства и контроля;https://uppervolga.transneft.ru/contact/
5260900725;lc_5260900725_2.html;контакт без имени, номер сохранён;;;+7 (831) 438-17-63;;Отдел делопроизводства и контроля;https://uppervolga.transneft.ru/contact/
5260900725;lc_5260900725_2.html;контакт без имени, номер сохранён;;;+7 (831) 438-65-63;;Отдел делопроизводства и контроля;https://uppervolga.transneft.ru/contact/
5260900725;lc_5260900725_4.html;контакт без имени, номер сохранён;;Секретарь руководителя;+7 (81153) 9-26-67;referent-tnm@tvv.transneft.ru;;https://uppervolga.transneft.ru/customers/factory/contact/
5260900725;lc_5260900725_4.html;контакт без имени, номер сохранён;;;+7 (81153) 9-62-50;;Отдел материально-технического снабжения;https://uppervolga.transneft.ru/customers/factory/contact/
5260900725;lc_5260900725_4.html;контакт без имени, номер сохранён;;;+7 (81153) 9-26-77;;Служба сбыта;https://uppervolga.transneft.ru/customers/factory/contact/
5260900725;lc_5260900725_4.html;контакт без имени, номер сохранён;;Начальник отдела;+7 (81153) 9-71-40;;Отдел кадров;https://uppervolga.transneft.ru/customers/factory/contact/
5260900725;lc_5260900725_4.html;контакт без имени, номер сохранён;;;+7 (81153) 9-27-15;;Отдел обеспечения качества;https://uppervolga.transneft.ru/customers/factory/contact/
5260900725;lc_5260900725_4.html;контакт без имени, номер сохранён;;Начальник отдела;+7 (81153) 9-62-63;;Группа ведомственной охраны завода;https://uppervolga.transneft.ru/customers/factory/contact/
5260900725;lc_5260900725_4.html;контакт без имени, номер сохранён;;;+7 (831) 438-22-00;VV-REFERENT@transneft.ru;Приёмная АО «Транснефть – Верхняя Волга»;https://uppervolga.transneft.ru/customers/factory/contact/
5260900725;lc_5260900725_5.html;контакт без имени, номер сохранён;;;8 (831) 438-20-45;vv-pressa@transneft.ru;Служба общественных коммуникаций;https://uppervolga.transneft.ru/media-center/newspress/contact/
5260900725;lc_5260900725_5.html;контакт без имени, номер сохранён;;;+7 (831) 438-22-00;VV-REFERENT@transneft.ru;Общий номер / Приемная;https://uppervolga.transneft.ru/media-center/newspress/contact/
5405002407;lc_5405002407_3.html;контакт без имени, номер сохранён;;;+7 (3843) 56 18 26;office@enreng.net;Общий номер / Контакты;https://enreng.net/kontakty
5405002407;lc_5405002407_3.html;контакт без имени, номер сохранён;;;+7 (983) 596 68 26;;Общий номер / Контакты;https://enreng.net/kontakty
5501023216;lc_5501023216_1.html;контакт без имени, номер сохранён;;;+7 (495) 627-72-82;post@titan-group.ru;Общий номер (г. Москва);https://titan-group.ru/about
5501023216;lc_5501023216_1.html;контакт без имени, номер сохранён;;;+7 (3812) 29-95-55;post@titan-group.ru;Общий номер (г. Омск);https://titan-group.ru/about
5501023216;lc_5501023216_1.html;контакт без имени, номер сохранён;;;+7 (3812) 67-61-40;post@titan-group.ru;Канцелярия (г. Омск);https://titan-group.ru/about
5501023216;lc_5501023216_2.html;контакт без имени, номер сохранён;;;+7 (495) 627-72-82;post@titan-group.ru;г. Москва;https://titan-group.ru/engineering-center
5501023216;lc_5501023216_2.html;контакт без имени, номер сохранён;;;+7 (3812) 29-95-55;post@titan-group.ru;Инжиниринговый центр ГК «Титан»;https://titan-group.ru/engineering-center
5501023216;lc_5501023216_2.html;контакт без имени, номер сохранён;;;+7 (3812) 67-61-40;post@titan-group.ru;канцелярия;https://titan-group.ru/engineering-center
5501023216;lc_5501023216_3.html;контакт без имени, номер сохранён;;;+7 (495) 627-72-82;post@titan-group.ru;Общий номер (Москва);https://titan-group.ru/factory/omsky-kauchuk
5501023216;lc_5501023216_3.html;контакт без имени, номер сохранён;;;+7 (3812) 29-95-55;post@titan-group.ru;Общий номер (Омск);https://titan-group.ru/factory/omsky-kauchuk
5501023216;lc_5501023216_3.html;контакт без имени, номер сохранён;;;+7 (3812) 67-61-40;post@titan-group.ru;Канцелярия;https://titan-group.ru/factory/omsky-kauchuk
5501023216;lc_5501023216_3.html;контакт без имени, номер сохранён;;;+7 (3812) 69-72-00;info.ok@titan-group.ru;Контакты АО «Омский каучук»;https://titan-group.ru/factory/omsky-kauchuk
5501023216;lc_5501023216_5.html;контакт без имени, номер сохранён;;;+7 (3812) 21-79-49;info.ta@titan-group.ru;Общий телефон / контакты ООО «Титан-Агро»;https://titan-group.ru/factory/titan-argo
5501023216;lc_5501023216_5.html;контакт без имени, номер сохранён;;;+7 (495) 627-72-82;post@titan-group.ru;Офис ГК «Титан» в Москве;https://titan-group.ru/factory/titan-argo
5501023216;lc_5501023216_5.html;контакт без имени, номер сохранён;;;+7 (3812) 29-95-55;post@titan-group.ru;Офис ГК «Титан» в Омске;https://titan-group.ru/factory/titan-argo
5501023216;lc_5501023216_5.html;контакт без имени, номер сохранён;;;+7 (3812) 67-61-40;post@titan-group.ru;Канцелярия ГК «Титан» в Омске;https://titan-group.ru/factory/titan-argo
5503109356;lc_5503109356_0.html;фамилии нет на странице (заслон против выдумки);Орлова Олеся Андреевна;секретарь приёмной руководителя;65-02-27;;;https://tgk55.ru/personnel-policy/leaders/
5503109356;lc_5503109356_0.html;контакт без имени, номер сохранён;;;+7 (3812) 65-02-27;tgk.info@mail.ru;Телефон приёмной;https://tgk55.ru/personnel-policy/leaders/
5503109356;lc_5503109356_1.html;контакт без имени, номер сохранён;;;+7 (3812) 65-02-27;tgk.info@mail.ru;Телефон приёмной;https://tgk55.ru/personnel-policy/company-structure/
5503109356;lc_5503109356_2.html;контакт без имени, номер сохранён;;;+7 (3812) 65-02-27;tgk.info@mail.ru;Телефон приёмной;https://tgk55.ru/contacts/
5503109356;lc_5503109356_3.html;фамилии нет на странице (заслон против выдумки);Орлова Олеся Андреевна;секретарь приёмной руководителя;;;;https://tgk55.ru/for-clients/shedule/
5503109356;lc_5503109356_3.html;контакт без имени, номер сохранён;;;+7 (3812) 65-02-27;tgk.info@mail.ru;Приёмная;https://tgk55.ru/for-clients/shedule/
5503109356;lc_5503109356_4.html;контакт без имени, номер сохранён;;;+7 (3812) 65-02-27;tgk.info@mail.ru;Телефон приёмной;https://tgk55.ru/personnel-policy/
5503109356;lc_5503109356_5.html;контакт без имени, номер сохранён;;;+7 (3812) 65-02-27;tgk.info@mail.ru;Приёмная;https://tgk55.ru/kontakty
5610218014;lc_5610218014_1.html;контакт без имени, номер сохранён;;;+7 (3532) 91-37-53;orb-priemnaya@gazprom-neft.ru;Приёмная;https://orb.gazprom-neft.ru/company/
5610218014;lc_5610218014_1.html;контакт без имени, номер сохранён;;;+7 (3532) 91-37-53;orb_ukk@gazprom-neft.ru;Контакты для СМИ;https://orb.gazprom-neft.ru/company/
5610218014;lc_5610218014_2.html;контакт без имени, номер сохранён;;;+7 (3532) 91-37-53;orb-priemnaya@gazprom-neft.ru;Приёмная;https://orb.gazprom-neft.ru/company/about/
5610218014;lc_5610218014_2.html;контакт без имени, номер сохранён;;;+7 (3532) 91-37-53;orb_ukk@gazprom-neft.ru;Контакты для СМИ;https://orb.gazprom-neft.ru/company/about/
5610218014;lc_5610218014_3.html;контакт без имени, номер сохранён;;;+7 (3532) 91-37-53;orb-priemnaya@gazprom-neft.ru;Приёмная;https://orb.gazprom-neft.ru/sitemap/
5610218014;lc_5610218014_3.html;контакт без имени, номер сохранён;;;+7 (3532) 91-37-53;orb_ukk@gazprom-neft.ru;Контакты для СМИ;https://orb.gazprom-neft.ru/sitemap/
5610218014;lc_5610218014_5.html;контакт без имени, номер сохранён;;;+7 (3532) 91-37-53;orb-priemnaya@gazprom-neft.ru;Приёмная;https://orb.gazprom-neft.ru/contacts
5610218014;lc_5610218014_5.html;контакт без имени, номер сохранён;;;+7 (3532) 91-37-53;orb_ukk@gazprom-neft.ru;Контакты для СМИ;https://orb.gazprom-neft.ru/contacts
5612002437;lc_5612002437_0.html;контакт без имени, номер сохранён;;Главный инженер;+7 (3532) 34-32-71;;;https://ak1825.ru/контакты/
5612002437;lc_5612002437_0.html;контакт без имени, номер сохранён;;Зам. директора по эксплуатации;+7 (3532) 34-32-74;;;https://ak1825.ru/контакты/
5612002437;lc_5612002437_0.html;контакт без имени, номер сохранён;;Главный экономист;+7 (3532) 34-32-65;;;https://ak1825.ru/контакты/
5612002437;lc_5612002437_0.html;контакт без имени, номер сохранён;;Председатель профкома;+7 (3532) 34-32-56;;;https://ak1825.ru/контакты/
5612002437;lc_5612002437_0.html;контакт без имени, номер сохранён;;Главный бухгалтер;+7 (3532) 34-32-64;;;https://ak1825.ru/контакты/
5612002437;lc_5612002437_0.html;контакт без имени, номер сохранён;;;+7 (3532) 34-32-50;main@ak1825.ru;приемная;https://ak1825.ru/контакты/
5612002437;lc_5612002437_0.html;контакт без имени, номер сохранён;;;+7 (3532) 34-32-62;;Служба эксплуатации;https://ak1825.ru/контакты/
5612002437;lc_5612002437_0.html;контакт без имени, номер сохранён;;;+7 (3532) 34-32-55;;Диспетчерская службы эксплуатации;https://ak1825.ru/контакты/
5612002437;lc_5612002437_0.html;контакт без имени, номер сохранён;;;+7 (3532) 34-32-72;;Отдел кадров;https://ak1825.ru/контакты/
5612002437;lc_5612002437_0.html;контакт без имени, номер сохранён;;;+7 (3532) 34-32-70;;Техническая служба;https://ak1825.ru/контакты/
5612002437;lc_5612002437_0.html;контакт без имени, номер сохранён;;;+7 (3532) 34-32-52;;Производственно-технический отдел;https://ak1825.ru/контакты/
5615002700;lc_5615002700_0.html;контакт без имени, номер сохранён;;;+7 (3537) 34-21-11;mail@ornpz.ru;Справочная служба завода;https://ornpz.ru/o-zavode/contacts.html
5615002700;lc_5615002700_1.html;контакт без имени, номер сохранён;;;+7 (3537) 34-21-11;;Общий номер;https://ornpz.ru/o-zavode/
5615002700;lc_5615002700_3.html;контакт без имени, номер сохранён;;;+7 (3537) 34-21-11;;Общий номер компании;https://ornpz.ru/
5911013780;lc_5911013780_0.html;контакт без имени, номер сохранён;;;+7(3424) 28-43-00;;Горячая линия;https://bsz.ru/kontakty/
5911013780;lc_5911013780_0.html;контакт без имени, номер сохранён;;;8 (3424) 28-41-01;;Приёмная №1;https://bsz.ru/kontakty/
5911013780;lc_5911013780_0.html;контакт без имени, номер сохранён;;;8 (3424) 28-41-10;;Приёмная №2;https://bsz.ru/kontakty/
5911013780;lc_5911013780_1.html;контакт без имени, номер сохранён;;;+7(3424) 28-43-00;;Горячая линия;https://bsz.ru/kontakty
5911013780;lc_5911013780_1.html;контакт без имени, номер сохранён;;;8 (3424) 28-41-01;;Приёмная №1;https://bsz.ru/kontakty
5911013780;lc_5911013780_1.html;контакт без имени, номер сохранён;;;8 (3424) 28-41-10;;Приёмная №2;https://bsz.ru/kontakty
5911013780;lc_5911013780_2.html;контакт без имени, номер сохранён;;;+7(3424) 28-43-00;;Горячая линия;https://bsz.ru/about
5911013780;lc_5911013780_2.html;контакт без имени, номер сохранён;;;+7(3424) 284-101;mail@bsz.ru;Общий номер;https://bsz.ru/about
5911013780;lc_5911013780_3.html;контакт без имени, номер сохранён;;;+7(3424) 28-43-00;;Горячая линия;https://bsz.ru/akcioneram/
5911013780;lc_5911013780_3.html;контакт без имени, номер сохранён;;;(34 24) 28-42-16;;Юридический отдел;https://bsz.ru/akcioneram/
5911013780;lc_5911013780_3.html;контакт без имени, номер сохранён;;;+7(3424) 284-101;mail@bsz.ru;Общие контакты предприятия;https://bsz.ru/akcioneram/
5913001268;lc_5913001268_1.html;контакт без имени, номер сохранён;;;+7 (342) 484 08 98;info@metafrax.ru;Общий номер / Приёмная (Метафракс Кемикалс);https://metafrax.ru/contacts
5913001268;lc_5913001268_1.html;контакт без имени, номер сохранён;;;+7 (342) 484 13 02;sale@metafrax.ru;Отдел сбыта;https://metafrax.ru/contacts
5913001268;lc_5913001268_1.html;контакт без имени, номер сохранён;;;+7 (342) 489 28 00;sale@metafrax.ru;Отдел сбыта;https://metafrax.ru/contacts
5913001268;lc_5913001268_1.html;контакт без имени, номер сохранён;;;+7 (342) 218 33 70;mft@metafrax.ru;Метафракс Трейдинг Россия;https://metafrax.ru/contacts
5913001268;lc_5913001268_1.html;контакт без имени, номер сохранён;;;+7 (342) 218 33 80;mft@metafrax.ru;Метафракс Трейдинг Россия;https://metafrax.ru/contacts
5920005217;lc_5920005217_1.html;продолжение списка: адрес чужого домена;https://xn----7sbbahbo3ahcibfq2aggb3c4g.xn--p1ai/glavnaja/rukovodstvo/;;;;;https://chaikvk.ru/contacts
5920005217;lc_5920005217_1.html;продолжение списка: адрес чужого домена;https://xn----7sbbahbo3ahcibfq2aggb3c4g.xn--p1ai/glavnaja/kontakty/;;;;;https://chaikvk.ru/contacts
5920005217;lc_5920005217_1.html;продолжение списка: адрес чужого домена;https://xn----7sbbahbo3ahcibfq2aggb3c4g.xn--p1ai/glavnaja/struktura/;;;;;https://chaikvk.ru/contacts
5920005217;lc_5920005217_2.html;продолжение списка: адрес чужого домена;https://xn----7sbbahbo3ahcibfq2aggb3c4g.xn--p1ai/glavnaja/rukovodstvo/;;;;;https://chaikvk.ru/rukovodstvo
5920005217;lc_5920005217_2.html;продолжение списка: адрес чужого домена;https://xn----7sbbahbo3ahcibfq2aggb3c4g.xn--p1ai/glavnaja/kontakty/;;;;;https://chaikvk.ru/rukovodstvo
5920005217;lc_5920005217_2.html;продолжение списка: адрес чужого домена;https://xn----7sbbahbo3ahcibfq2aggb3c4g.xn--p1ai/glavnaja/struktura/;;;;;https://chaikvk.ru/rukovodstvo
5920005217;lc_5920005217_2.html;контакт без имени, номер сохранён;;;+7 (34241) 2-14-13;;Телефон диспетчера;https://chaikvk.ru/rukovodstvo
5920005217;lc_5920005217_2.html;контакт без имени, номер сохранён;;;+7 (34241) 6-13-54;;Абонентский отдел;https://chaikvk.ru/rukovodstvo
5920005217;lc_5920005217_2.html;контакт без имени, номер сохранён;;;+7 (34241) 7-41-10;;Абонентский отдел;https://chaikvk.ru/rukovodstvo
5920005217;lc_5920005217_3.html;контакт без имени, номер сохранён;;;+7 (34241) 2-14-13;;Телефон диспетчера;https://chaikvk.ru/management
5920005217;lc_5920005217_3.html;контакт без имени, номер сохранён;;;+7 (34241) 6-13-54;;Абонентский отдел;https://chaikvk.ru/management
5920005217;lc_5920005217_3.html;контакт без имени, номер сохранён;;;+7 (34241) 7-41-10;;Абонентский отдел;https://chaikvk.ru/management
5920014645;lc_5920014645_0.html;контакт без имени, номер сохранён;;;+7 (34241) 7-14-00, +7 (34241) 7-15-75;uos@uos.ru;По всем интересующим вопросам;https://uos.ru/kontakty/
5920014645;lc_5920014645_0.html;контакт без имени, номер сохранён;;;+7 (34241) 7-15-30;SBUOS@uos.ru;Телефон доверия;https://uos.ru/kontakty/
5920014645;lc_5920014645_2.html;контакт без имени, номер сохранён;;;+7 (34241) 7-14-00;uos@uos.ru;Общие контакты (По всем интересующим вопросам);https://uos.ru/raskryitie_informatsii/
5920014645;lc_5920014645_2.html;контакт без имени, номер сохранён;;;+7 (34241) 7-15-75;;Общие контакты (По всем интересующим вопросам);https://uos.ru/raskryitie_informatsii/
5920014645;lc_5920014645_2.html;контакт без имени, номер сохранён;;;8-932-332-38-76;gunbinve@uos.ru;Информация для потребителей услуг (уведомления об ограничении режима потребления);https://uos.ru/raskryitie_informatsii/
5920014645;lc_5920014645_2.html;контакт без имени, номер сохранён;;;8-922-644-06-08;milovidovmi@uos.ru;Информация для потребителей услуг (уведомления об ограничении режима потребления);https://uos.ru/raskryitie_informatsii/
5920014645;lc_5920014645_2.html;контакт без имени, номер сохранён;;;;disp@uos.ru;Информация для потребителей услуг (диспетчерская служба);https://uos.ru/raskryitie_informatsii/
5920014645;lc_5920014645_3.html;контакт без имени, номер сохранён;;;+7 (34241) 7-14-00;uos@uos.ru;По всем интересующим вопросам;https://uos.ru/kontakty
5920014645;lc_5920014645_3.html;контакт без имени, номер сохранён;;;+7 (34241) 7-15-30;SBUOS@uos.ru;Телефон доверия;https://uos.ru/kontakty
5920014645;lc_5920014645_5.html;контакт без имени, номер сохранён;;;+7 (34241) 7-14-00;uos@uos.ru;По всем интересующим вопросам;https://uos.ru/rukovodstvo
5920014645;lc_5920014645_5.html;контакт без имени, номер сохранён;;;+7 (34241) 7-15-75;uos@uos.ru;По всем интересующим вопросам;https://uos.ru/rukovodstvo
5921002508;lc_5921002508_0.html;контакт без имени, номер сохранён;;;8 (34256) 5-33-61;ch_meln@mail.ru;Офис/Секретарь;http://chusmill.ru/kontakty/
5921002508;lc_5921002508_0.html;контакт без имени, номер сохранён;;;8 (34256) 5-33-60;ch_meln@mail.ru;Офис/Секретарь;http://chusmill.ru/kontakty/
5921002508;lc_5921002508_0.html;контакт без имени, номер сохранён;;;8 (34256) 5-40-57;ch_meln@mail.ru;Отдел продаж;http://chusmill.ru/kontakty/
5921002508;lc_5921002508_0.html;контакт без имени, номер сохранён;;;8 (34256) 5-34-01;ch_meln@mail.ru;Отдел продаж;http://chusmill.ru/kontakty/
5921002508;lc_5921002508_0.html;контакт без имени, номер сохранён;;;8 (982) 240-09-00;ch_meln@mail.ru;Отдел продаж;http://chusmill.ru/kontakty/
5921002508;lc_5921002508_0.html;контакт без имени, номер сохранён;;;8 (34256) 5-34-11;ch_meln@mail.ru;Бухгалтерия;http://chusmill.ru/kontakty/
5944202327;lc_5944202327_0.html;контакт без имени, номер сохранён;;начальник участка;89519292432;;;https://uraltranscom.com/about/nasha-komanda/
5944202327;lc_5944202327_0.html;контакт без имени, номер сохранён;;начальник участка;+79223037758;;;https://uraltranscom.com/about/nasha-komanda/
5944202327;lc_5944202327_0.html;контакт без имени, номер сохранён;;начальник колонны;+79397089878;;;https://uraltranscom.com/about/nasha-komanda/
5944202327;lc_5944202327_0.html;контакт без имени, номер сохранён;;начальник участка;89397090262;;;https://uraltranscom.com/about/nasha-komanda/
5944202327;lc_5944202327_0.html;контакт без имени, номер сохранён;;начальник участка;+7 9323389430;;;https://uraltranscom.com/about/nasha-komanda/
5944202327;lc_5944202327_0.html;контакт без имени, номер сохранён;;начальник участка;+79194600863;;;https://uraltranscom.com/about/nasha-komanda/
5944202327;lc_5944202327_0.html;контакт без имени, номер сохранён;;начальник участка;+7 9194601067;;;https://uraltranscom.com/about/nasha-komanda/
5944202327;lc_5944202327_0.html;контакт без имени, номер сохранён;;начальник участка;+7 9323376514;;;https://uraltranscom.com/about/nasha-komanda/
5944202327;lc_5944202327_0.html;контакт без имени, номер сохранён;;;+7 34291 4-66-66;;Общий номер / дежурный;https://uraltranscom.com/about/nasha-komanda/
5944202327;lc_5944202327_0.html;контакт без имени, номер сохранён;;;+7(34291)4-83-00;ural-transcom@mail.ru;Приёмная / общий номер;https://uraltranscom.com/about/nasha-komanda/
5944202327;lc_5944202327_1.html;контакт без имени, номер сохранён;;начальник участка;89519292432;;;https://uraltranscom.com/kontakty
5944202327;lc_5944202327_1.html;контакт без имени, номер сохранён;;начальник участка;+79223037758;;;https://uraltranscom.com/kontakty
5944202327;lc_5944202327_1.html;контакт без имени, номер сохранён;;начальник колонны;+79397089878;;;https://uraltranscom.com/kontakty
5944202327;lc_5944202327_1.html;контакт без имени, номер сохранён;;начальник участка;89397090262;;;https://uraltranscom.com/kontakty
5944202327;lc_5944202327_1.html;контакт без имени, номер сохранён;;начальник участка;+7 9323389430;;;https://uraltranscom.com/kontakty
5944202327;lc_5944202327_1.html;контакт без имени, номер сохранён;;начальник участка;+79194600863;;;https://uraltranscom.com/kontakty
5944202327;lc_5944202327_1.html;контакт без имени, номер сохранён;;начальник участка;+7 9194601067;;;https://uraltranscom.com/kontakty
5944202327;lc_5944202327_1.html;контакт без имени, номер сохранён;;начальник участка;+7 9323376514;;;https://uraltranscom.com/kontakty
5944202327;lc_5944202327_1.html;контакт без имени, номер сохранён;;;+7 34291 4-66-66;ural-transcom@mail.ru;Общий телефон (ежедневно с 05:00 до 22:00);https://uraltranscom.com/kontakty
5944202327;lc_5944202327_1.html;контакт без имени, номер сохранён;;;+7(34291)4-83-00;;Общий телефон;https://uraltranscom.com/kontakty
5944202327;lc_5944202327_1.html;контакт без имени, номер сохранён;;;+79125882166;;Филиал;https://uraltranscom.com/kontakty
5944202327;lc_5944202327_1.html;контакт без имени, номер сохранён;;;+79125882185;;Филиал;https://uraltranscom.com/kontakty
5944202327;lc_5944202327_1.html;контакт без имени, номер сохранён;;;+79619126400;;Филиал;https://uraltranscom.com/kontakty
5944202327;lc_5944202327_2.html;контакт без имени, номер сохранён;;начальник участка;89519292432;;;https://uraltranscom.com/contacts
5944202327;lc_5944202327_2.html;контакт без имени, номер сохранён;;начальник участка;+79223037758;;;https://uraltranscom.com/contacts
5944202327;lc_5944202327_2.html;контакт без имени, номер сохранён;;начальник колонны;+79397089878;;;https://uraltranscom.com/contacts
5944202327;lc_5944202327_2.html;контакт без имени, номер сохранён;;начальник участка;89397090262;;;https://uraltranscom.com/contacts
5944202327;lc_5944202327_2.html;контакт без имени, номер сохранён;;начальник участка;+7 9323389430;;;https://uraltranscom.com/contacts
5944202327;lc_5944202327_2.html;контакт без имени, номер сохранён;;начальник участка;+79194600863;;;https://uraltranscom.com/contacts
5944202327;lc_5944202327_2.html;контакт без имени, номер сохранён;;начальник участка;+7 9194601067;;;https://uraltranscom.com/contacts
5944202327;lc_5944202327_2.html;контакт без имени, номер сохранён;;начальник участка;+7 9323376514;;;https://uraltranscom.com/contacts
5944202327;lc_5944202327_2.html;контакт без имени, номер сохранён;;;+7 34291 4-66-66;ural-transcom@mail.ru;Общие контакты компании;https://uraltranscom.com/contacts
5944202327;lc_5944202327_2.html;контакт без имени, номер сохранён;;;+7(34291)4-83-00;;Общий телефон;https://uraltranscom.com/contacts
5944202327;lc_5944202327_2.html;контакт без имени, номер сохранён;;;+79125882166;;Телефон филиала;https://uraltranscom.com/contacts
5944202327;lc_5944202327_2.html;контакт без имени, номер сохранён;;;+79125882185;;Телефон филиала;https://uraltranscom.com/contacts
5944202327;lc_5944202327_2.html;контакт без имени, номер сохранён;;;+79619126400;;Телефон филиала;https://uraltranscom.com/contacts
6162015019;lc_6162015019_1.html;контакт без имени, номер сохранён;;;+7 (863) 261-81-00;;Секретариат;https://aston.ru/business-ethics-and-compliance
6162015019;lc_6162015019_1.html;контакт без имени, номер сохранён;;;+7 (800) 505-21-39;;Телефон доверия;https://aston.ru/business-ethics-and-compliance
6162015019;lc_6162015019_1.html;контакт без имени, номер сохранён;;;+7 (800) 550-01-03;zakupka@aston.ru;Департамент закупок сельхозпродукции;https://aston.ru/business-ethics-and-compliance
6162015019;lc_6162015019_1.html;контакт без имени, номер сохранён;;;;comm@aston.ru;;https://aston.ru/business-ethics-and-compliance
6162015019;lc_6162015019_1.html;контакт без имени, номер сохранён;;;;press@aston.ru;;https://aston.ru/business-ethics-and-compliance
6162015019;lc_6162015019_2.html;контакт без имени, номер сохранён;;;+7 (863) 261-81-00;;Секретариат;https://aston.ru/
6162015019;lc_6162015019_2.html;контакт без имени, номер сохранён;;;+7 (800) 505-21-39;;Телефон доверия;https://aston.ru/
6162015019;lc_6162015019_2.html;контакт без имени, номер сохранён;;;+7 (800) 550-01-03;zakupka@aston.ru;Департамент закупок сельхозпродукции;https://aston.ru/
6162015019;lc_6162015019_3.html;контакт без имени, номер сохранён;;;+7 (863) 261-81-00;;Секретариат;https://aston.ru/kontakty
6162015019;lc_6162015019_3.html;контакт без имени, номер сохранён;;;+7 (800) 505-21-39;;Телефон доверия;https://aston.ru/kontakty
6162015019;lc_6162015019_3.html;контакт без имени, номер сохранён;;;+7 (800) 550-01-03;zakupka@aston.ru;Департамент закупок сельхозпродукции;https://aston.ru/kontakty
6162015019;lc_6162015019_4.html;контакт без имени, номер сохранён;;;+7 (863) 261-81-00;;Секретариат;https://aston.ru/contacts
6162015019;lc_6162015019_4.html;контакт без имени, номер сохранён;;;+7 (800) 505-21-39;;Телефон доверия;https://aston.ru/contacts
6162015019;lc_6162015019_4.html;контакт без имени, номер сохранён;;;+7 (800) 550-01-03;zakupka@aston.ru;Департамент закупок сельхозпродукции;https://aston.ru/contacts
6167055777;lc_6167055777_0.html;контакт без имени, номер сохранён;;;8 (800) 500-77-07;contact@grain.ru;Общие контакты;https://goldenseed.ru/contacts
6167055777;lc_6167055777_1.html;контакт без имени, номер сохранён;;;8 (800) 500-77-07;contact@grain.ru;Общий контакт;https://goldenseed.ru/about
6167055777;lc_6167055777_3.html;контакт без имени, номер сохранён;;;8 (800) 500-77-07;contact@grain.ru;Общий номер;https://goldenseed.ru/rukovodstvo
6315376946;lc_6315376946_0.html;контакт без имени, номер сохранён;;;+7 (495) 980-59-00;info@tplusgroup.ru;Телефон приемной;https://tplusgroup.ru/contacts/
6315376946;lc_6315376946_0.html;контакт без имени, номер сохранён;;;+7 (495) 740-00-00;info@tplusgroup.ru;Телефон приемной;https://tplusgroup.ru/contacts/
6315376946;lc_6315376946_0.html;контакт без имени, номер сохранён;;;8 (800) 700-06-06;hotline@tplusgroup.ru;Горячая антикоррупционная линия;https://tplusgroup.ru/contacts/
6315376946;lc_6315376946_1.html;контакт без имени, номер сохранён;;;+7 (495) 980-59-00;info@tplusgroup.ru;Телефон приемной;https://tplusgroup.ru/ir/governance/auditor-actuary/
6315376946;lc_6315376946_1.html;контакт без имени, номер сохранён;;;+7 (495) 740-00-00;info@tplusgroup.ru;Телефон приемной;https://tplusgroup.ru/ir/governance/auditor-actuary/
6315376946;lc_6315376946_1.html;контакт без имени, номер сохранён;;;8 (800) 700-06-06;hotline@tplusgroup.ru;Горячая антикоррупционная линия;https://tplusgroup.ru/ir/governance/auditor-actuary/
6315376946;lc_6315376946_2.html;контакт без имени, номер сохранён;;;+7 (495) 980-59-00;press-center@tplusgroup.ru;"Пресс-служба ПАО ""Т Плюс""";https://tplusgroup.ru/press/contacts/
6315376946;lc_6315376946_2.html;контакт без имени, номер сохранён;;;+7 (495) 980-59-00;info@tplusgroup.ru;Телефон приемной;https://tplusgroup.ru/press/contacts/
6315376946;lc_6315376946_2.html;контакт без имени, номер сохранён;;;8 (800) 700-06-06;hotline@tplusgroup.ru;Горячая антикоррупционная линия;https://tplusgroup.ru/press/contacts/
6315376946;lc_6315376946_3.html;контакт без имени, номер сохранён;;;+7 (495) 980-59-00;info@tplusgroup.ru;Приемная;https://tplusgroup.ru/company/about/
6315376946;lc_6315376946_3.html;контакт без имени, номер сохранён;;;+7 (495) 740-00-00;info@tplusgroup.ru;Приемная;https://tplusgroup.ru/company/about/
6315376946;lc_6315376946_3.html;контакт без имени, номер сохранён;;;8 (800) 700-06-06;hotline@tplusgroup.ru;Горячая антикоррупционная линия;https://tplusgroup.ru/company/about/
6315376946;lc_6315376946_4.html;контакт без имени, номер сохранён;;;+7 (495) 980-59-00;info@tplusgroup.ru;Телефон приемной;https://tplusgroup.ru/org/
6315376946;lc_6315376946_4.html;контакт без имени, номер сохранён;;;+7 (495) 740-00-00;info@tplusgroup.ru;Телефон приемной;https://tplusgroup.ru/org/
6315376946;lc_6315376946_4.html;контакт без имени, номер сохранён;;;8 (800) 700-06-06;hotline@tplusgroup.ru;Горячая антикоррупционная линия;https://tplusgroup.ru/org/
6315376946;lc_6315376946_5.html;контакт без имени, номер сохранён;;;+7 (495) 980-59-00;info@tplusgroup.ru;Телефон приемной;https://tplusgroup.ru/hotline/
6315376946;lc_6315376946_5.html;контакт без имени, номер сохранён;;;+7 (495) 740-00-00;;Телефон приемной;https://tplusgroup.ru/hotline/
6315376946;lc_6315376946_5.html;контакт без имени, номер сохранён;;;8 (800) 700-0606;hotline@tplusgroup.ru;Горячая линия;https://tplusgroup.ru/hotline/
6315376946;lc_6315376946_5.html;контакт без имени, номер сохранён;;;8(800)700-10-32;;Центр поддержки клиентов;https://tplusgroup.ru/hotline/
6317024749;lc_6317024749_0.html;контакт без имени, номер сохранён;;;+7 (846) 250-02-41;privolga@sam.transneft.ru;Контакты;https://volga.transneft.ru/about/management/
6317024749;lc_6317024749_1.html;контакт без имени, номер сохранён;;;+7 (846) 250-02-41;;Отдел делопроизводства;https://volga.transneft.ru/contact/
6317024749;lc_6317024749_1.html;контакт без имени, номер сохранён;;;+7 (846) 250-02-39;;Отдел делопроизводства;https://volga.transneft.ru/contact/
6317024749;lc_6317024749_1.html;контакт без имени, номер сохранён;;;+7 (846) 250-02-26;;Отдел кадров;https://volga.transneft.ru/contact/
6317024749;lc_6317024749_1.html;контакт без имени, номер сохранён;;;+7 (846) 999-86-78;torg@sam.transneft.ru;Служба подготовки и проведения торгов;https://volga.transneft.ru/contact/
6317024749;lc_6317024749_1.html;контакт без имени, номер сохранён;;;+7 (846) 999-82-27;;Служба общественных коммуникаций;https://volga.transneft.ru/contact/
6317024749;lc_6317024749_1.html;контакт без имени, номер сохранён;;;+7 (846) 999-41-71;smr@smr.sam.transneft.ru;;https://volga.transneft.ru/contact/
6317024749;lc_6317024749_1.html;контакт без имени, номер сохранён;;;+7 (8452) 356-462;srnu@sar.sam.transneft.ru;;https://volga.transneft.ru/contact/
6317024749;lc_6317024749_1.html;контакт без имени, номер сохранён;;;+7 (8442) 36-31-35;vol@vol.sam.transneft.ru;;https://volga.transneft.ru/contact/
6317024749;lc_6317024749_1.html;контакт без имени, номер сохранён;;;+7 (35352) 6-52-40;bgr@bgr.sam.transneft.ru;;https://volga.transneft.ru/contact/
6317024749;lc_6317024749_1.html;контакт без имени, номер сохранён;;;+7 (84635) 79-2-65;;;https://volga.transneft.ru/contact/
6317024749;lc_6317024749_1.html;контакт без имени, номер сохранён;;;+7 (846) 999-85-67;;;https://volga.transneft.ru/contact/
6317024749;lc_6317024749_2.html;контакт без имени, номер сохранён;;;+7 (846) 250-02-41;privolga@sam.transneft.ru;Общий номер компании;https://volga.transneft.ru/tenders/contact/
6317024749;lc_6317024749_4.html;контакт без имени, номер сохранён;;;+7 (846) 250-02-41;privolga@sam.transneft.ru;Общий контактной номер / Приемная;https://volga.transneft.ru/customers/filial-ao-transneft-privolga-tsbpo/
6320002223;lc_6320002223_0.html;контакт без имени, номер сохранён;;;;personal@vaz.ru;По вопросам трудоустройства;https://info.avtovaz.ru/about
6320002223;lc_6320002223_0.html;контакт без имени, номер сохранён;;;8 800 700 52 32;;Клиентская служба LADA;https://info.avtovaz.ru/about
6320002223;lc_6320002223_0.html;контакт без имени, номер сохранён;;;;zakupki@vaz.ru;По вопросам поставок на АО «АВТОВАЗ»;https://info.avtovaz.ru/about
6320002223;lc_6320002223_1.html;контакт без имени, номер сохранён;;;8 800 700 52 32;;Клиентская служба LADA;https://info.avtovaz.ru/engineering
6320002223;lc_6320002223_1.html;контакт без имени, номер сохранён;;;;zakupki@vaz.ru;По вопросам поставок на АО «АВТОВАЗ»;https://info.avtovaz.ru/engineering
6320002223;lc_6320002223_1.html;контакт без имени, номер сохранён;;;;personal@vaz.ru;По вопросам трудоустройства;https://info.avtovaz.ru/engineering
6320002223;lc_6320002223_2.html;контакт без имени, номер сохранён;;;8 800 700 52 32;;Клиентская служба LADA;https://info.avtovaz.ru/pto
6320002223;lc_6320002223_4.html;контакт без имени, номер сохранён;;;8 800 700 52 32;;Клиентская служба LADA;https://info.avtovaz.ru/info
6320002223;lc_6320002223_4.html;контакт без имени, номер сохранён;;;;zakupki@vaz.ru;По вопросам поставок на АО «АВТОВАЗ»;https://info.avtovaz.ru/info
6320002223;lc_6320002223_4.html;контакт без имени, номер сохранён;;;;personal@vaz.ru;По вопросам трудоустройства;https://info.avtovaz.ru/info
6323049893;lc_6323049893_1.html;контакт без имени, номер сохранён;;;+7 (8482) 369-000;officeTK@tatneft.tatar;Справочная;https://togliatti.tatneft.ru/kontakti/?lang=ru
6323049893;lc_6323049893_1.html;контакт без имени, номер сохранён;;;+7 (8553) 30-71-23;urnin@tatneft.ru;Управление по реализации нефти и нефтепродуктов ПАО «Татнефть»;https://togliatti.tatneft.ru/kontakti/?lang=ru
6323049893;lc_6323049893_1.html;контакт без имени, номер сохранён;;;+7 (8482) 369-000;tlt-podborpersonala@tatneft.tatar;Отдел подбора, обучения и развития персонала;https://togliatti.tatneft.ru/kontakti/?lang=ru
6323049893;lc_6323049893_1.html;контакт без имени, номер сохранён;;;;tlt-press@tatneft.tatar;Взаимодействие со СМИ;https://togliatti.tatneft.ru/kontakti/?lang=ru
6323049893;lc_6323049893_1.html;контакт без имени, номер сохранён;;;+7(962) 61 40 253, +7(8482) 36 88 00;tlt-hotline@tatneft.tatar;Отдел экономической безопасности и защиты бизнеса;https://togliatti.tatneft.ru/kontakti/?lang=ru
6323049893;lc_6323049893_2.html;контакт без имени, номер сохранён;;;+7 (8482) 369-000;tlt-press@tatneft.tatar;Отдел региональных коммуникаций Центр обслуживания бизнеса Медиацентр Татнефти;https://togliatti.tatneft.ru/press-tsentr/kontakti/?lang=ru
6323049893;lc_6323049893_4.html;контакт без имени, номер сохранён;;;+7 (8482) 369-000;officeTK@tatneft.tatar;Справочная;https://togliatti.tatneft.ru/kontakti
6323049893;lc_6323049893_4.html;контакт без имени, номер сохранён;;;+7 (8553) 30-71-23;urnin@tatneft.ru;Управление по реализации нефти и нефтепродуктов ПАО «Татнефть»;https://togliatti.tatneft.ru/kontakti
6323049893;lc_6323049893_4.html;контакт без имени, номер сохранён;;;+7 (8482) 369-000;tlt-podborpersonala@tatneft.tatar;Отдел подбора, обучения и развития персонала;https://togliatti.tatneft.ru/kontakti
6323049893;lc_6323049893_4.html;контакт без имени, номер сохранён;;;+7 (8482) 369-000;tlt-podborpersonala@tatneft.tatar;Отдел подбора, обучения и развития персонала;https://togliatti.tatneft.ru/kontakti
6323049893;lc_6323049893_4.html;контакт без имени, номер сохранён;;;;tlt-press@tatneft.tatar;Взаимодействие со СМИ;https://togliatti.tatneft.ru/kontakti
6323049893;lc_6323049893_4.html;контакт без имени, номер сохранён;;;+7(962) 61 40 253;tlt-hotline@tatneft.tatar;Отдел экономической безопасности и защиты бизнеса;https://togliatti.tatneft.ru/kontakti
6323049893;lc_6323049893_4.html;контакт без имени, номер сохранён;;;+7(8482) 36 88 00;tlt-hotline@tatneft.tatar;Отдел экономической безопасности и защиты бизнеса;https://togliatti.tatneft.ru/kontakti
6323049893;lc_6323049893_5.html;контакт без имени, номер сохранён;;;+7 (8482) 369-000;tlt-press@tatneft.tatar;Отдел региональных коммуникаций Центр обслуживания бизнеса Медиацентр Татнефти;https://togliatti.tatneft.ru/press-tsentr/kontakti?lang=ru
6330017980;lc_6330017980_0.html;контакт без имени, номер сохранён;;;+ 7 (495) 641 58 58;mail@nnk.ru;Центральный офис;https://nnk.ru/contacts/general-contacts/
6330017980;lc_6330017980_0.html;контакт без имени, номер сохранён;;;+7 (35159) 2 20 73;;Предприятия группы;https://nnk.ru/contacts/general-contacts/
6330017980;lc_6330017980_0.html;контакт без имени, номер сохранён;;;+7 351 933-08-10;;Предприятия группы;https://nnk.ru/contacts/general-contacts/
6330017980;lc_6330017980_0.html;контакт без имени, номер сохранён;;;+7 (38343) 9 22 29;;Предприятия группы;https://nnk.ru/contacts/general-contacts/
6330017980;lc_6330017980_0.html;контакт без имени, номер сохранён;;;+7 (38340) 5 00 73;;Предприятия группы;https://nnk.ru/contacts/general-contacts/
6330017980;lc_6330017980_0.html;контакт без имени, номер сохранён;;;+7 (38340) 5 00 73;;Предприятия группы;https://nnk.ru/contacts/general-contacts/
6330017980;lc_6330017980_0.html;контакт без имени, номер сохранён;;;+7 (38340) 5 00 73;;Предприятия группы;https://nnk.ru/contacts/general-contacts/
6330017980;lc_6330017980_0.html;контакт без имени, номер сохранён;;;+7 (34376) 5 44 00;;Предприятия группы;https://nnk.ru/contacts/general-contacts/
6330017980;lc_6330017980_0.html;контакт без имени, номер сохранён;;;+7 (38345) 6 92 38;;Предприятия группы;https://nnk.ru/contacts/general-contacts/
6330017980;lc_6330017980_0.html;контакт без имени, номер сохранён;;;+7 (38349) 53 213;;Предприятия группы;https://nnk.ru/contacts/general-contacts/
6330017980;lc_6330017980_0.html;контакт без имени, номер сохранён;;;+7 (3537) 64 91 14;;Предприятия группы;https://nnk.ru/contacts/general-contacts/
6330017980;lc_6330017980_0.html;контакт без имени, номер сохранён;;;+7 (81839) 3 04 30;;Предприятия группы;https://nnk.ru/contacts/general-contacts/
6330017980;lc_6330017980_0.html;контакт без имени, номер сохранён;;;+7 (3537) 28 73 58;;Предприятия группы;https://nnk.ru/contacts/general-contacts/
6330017980;lc_6330017980_0.html;контакт без имени, номер сохранён;;;+7 (47362) 9 20 00;;Предприятия группы;https://nnk.ru/contacts/general-contacts/
6330017980;lc_6330017980_0.html;контакт без имени, номер сохранён;;;+7 (34791) 4 99 66;;Предприятия группы;https://nnk.ru/contacts/general-contacts/
6330017980;lc_6330017980_0.html;контакт без имени, номер сохранён;;;+7 (81430) 4 47 17;;Предприятия группы;https://nnk.ru/contacts/general-contacts/
6330017980;lc_6330017980_0.html;контакт без имени, номер сохранён;;;+7 (903) 531 27 17;;Предприятия группы;https://nnk.ru/contacts/general-contacts/
6330017980;lc_6330017980_0.html;контакт без имени, номер сохранён;;;+7 (49341) 22 898;;Предприятия группы;https://nnk.ru/contacts/general-contacts/
6330017980;lc_6330017980_0.html;контакт без имени, номер сохранён;;;+7 (38346) 4 62 49;;Предприятия группы;https://nnk.ru/contacts/general-contacts/
6330017980;lc_6330017980_4.html;контакт без имени, номер сохранён;;;+ 7 (495) 641 58 58;sb@nnk.ru;Служба безопасности;https://nnk.ru/contacts/security/
6453054397;lc_6453054397_0.html;контакт без имени, номер сохранён;;;+7 (3476) 37-71-55;info@salstek.ru;Общий номер компании АО «Салаватстекло»;https://salstek.ru/contacts/
6453054397;lc_6453054397_0.html;контакт без имени, номер сохранён;;;+7 (8452) 305-929;head@sar-steklo.ru;Общий номер компании АО «Салаватстекло Волга»;https://salstek.ru/contacts/
6453054397;lc_6453054397_0.html;контакт без имени, номер сохранён;;;+7 (499) 681-06-23;info@flatglass.ru;Общий номер компании ООО «Салаватстекло Каспий»;https://salstek.ru/contacts/
6453054397;lc_6453054397_2.html;контакт без имени, номер сохранён;;;+7 (3476) 37-71-55;;АО «Салаватстекло»;https://salstek.ru/o-kompanii/management/
6453054397;lc_6453054397_2.html;контакт без имени, номер сохранён;;;+7 (8452) 305-929;;АО «Салаватстекло Волга»;https://salstek.ru/o-kompanii/management/
6453054397;lc_6453054397_2.html;контакт без имени, номер сохранён;;;8 800 770 02 08;;ООО «Салаватстекло Каспий»;https://salstek.ru/o-kompanii/management/
6453054397;lc_6453054397_3.html;контакт без имени, номер сохранён;;;+7 (3476) 37-71-55;;Общий телефон АО «Салаватстекло»;https://salstek.ru/o-kompanii/
6453054397;lc_6453054397_3.html;контакт без имени, номер сохранён;;;+7 (8452) 305-929;;Общий телефон АО «Салаватстекло Волга»;https://salstek.ru/o-kompanii/
6453054397;lc_6453054397_3.html;контакт без имени, номер сохранён;;;8 800 770 02 08;;Общий телефон ООО «Салаватстекло Каспий»;https://salstek.ru/o-kompanii/
6453054397;lc_6453054397_4.html;контакт без имени, номер сохранён;;;+7 (3476) 37-70-55;civ091@salstek.ru;Производственная и испытательная лаборатория;https://salstek.ru/service-support/laboratory/
6453054397;lc_6453054397_4.html;контакт без имени, номер сохранён;;;+7 (3476) 37-71-55;;Общий номер;https://salstek.ru/service-support/laboratory/
6453054397;lc_6453054397_4.html;контакт без имени, номер сохранён;;;+7 (8452) 305-929;;Общий номер;https://salstek.ru/service-support/laboratory/
6453054397;lc_6453054397_4.html;контакт без имени, номер сохранён;;;8 800 770 02 08;;Общий номер;https://salstek.ru/service-support/laboratory/
6454003331;lc_6454003331_0.html;контакт без имени, номер сохранён;;;8 (8452) 32-00-00, 8 (8452) 30-40-00;info@saratovvodokanal.ru;Круглосуточная диспетчерская служба;https://saratovvodokanal.ru/o-vodokanale/Management/
6454003331;lc_6454003331_2.html;контакт без имени, номер сохранён;;;8 (8452) 32-00-00, 8 (8452) 30-40-00;info@saratovvodokanal.ru;Круглосуточная диспетчерская служба;https://saratovvodokanal.ru/contacts
6454003331;lc_6454003331_3.html;контакт без имени, номер сохранён;;;8 (8452) 32-00-00;info@saratovvodokanal.ru;Круглосуточная диспетчерская служба;https://saratovvodokanal.ru/rukovodstvo
6454003331;lc_6454003331_3.html;контакт без имени, номер сохранён;;;8 (8452) 30-40-00;;Круглосуточная диспетчерская служба;https://saratovvodokanal.ru/rukovodstvo
6454003331;lc_6454003331_4.html;контакт без имени, номер сохранён;;;8 (8452) 32-00-00;info@saratovvodokanal.ru;Круглосуточная диспетчерская служба;https://saratovvodokanal.ru/management
6454003331;lc_6454003331_4.html;контакт без имени, номер сохранён;;;8 (8452) 30-40-00;info@saratovvodokanal.ru;Круглосуточная диспетчерская служба;https://saratovvodokanal.ru/management
6454003331;lc_6454003331_5.html;контакт без имени, номер сохранён;;;8 (8452) 32-00-00;info@saratovvodokanal.ru;Круглосуточная диспетчерская служба;https://saratovvodokanal.ru/struktura
6454003331;lc_6454003331_5.html;контакт без имени, номер сохранён;;;8 (8452) 30-40-00;info@saratovvodokanal.ru;Круглосуточная диспетчерская служба;https://saratovvodokanal.ru/struktura
6608001915;lc_6608001915_0.html;контакт без имени, номер сохранён;;;+7 (343) 229-01-51;info@vodokanalekb.ru;Общие контакты / Приёмная;https://водоканалекб.рф/rukovodstvo-vodokanala/
6608001915;lc_6608001915_0.html;контакт без имени, номер сохранён;;;+7 343 371 50 95;info@vodokanalekb.ru;Блок директоров;https://водоканалекб.рф/rukovodstvo-vodokanala/
6608001915;lc_6608001915_0.html;контакт без имени, номер сохранён;;;+7 343 229 01 23;info@vodokanalekb.ru;Блок директоров;https://водоканалекб.рф/rukovodstvo-vodokanala/
6608001915;lc_6608001915_1.html;продолжение списка: адрес чужого домена;https://xn--80aadbki6adhshb.xn--p1ai/rukovodstvo-vodokanala/;;;;;https://водоканалекб.рф/kontakty
6608001915;lc_6608001915_1.html;контакт без имени, номер сохранён;;;+7 (343) 229-01-51;info@vodokanalekb.ru;Единый многоканальный номер МУП «Водоканал» / Управление предприятия;https://водоканалекб.рф/kontakty
6608001915;lc_6608001915_1.html;контакт без имени, номер сохранён;;НАЧАЛЬНИК ДЕПАРТАМЕНТА;+7 343 229-01-53;LVDmitrieva@vodokanalekb.ru, LPZolotareva@vodokanalekb.ru;Департамент по перспективному развитию;https://водоканалекб.рф/kontakty
6608001915;lc_6608001915_1.html;контакт без имени, номер сохранён;;Начальник отдела;+7 343 229–01–53;;Отдел технологических присоединений;https://водоканалекб.рф/kontakty
6608001915;lc_6608001915_1.html;контакт без имени, номер сохранён;;Инженеры;+7 343 229–01–53;;Отдел технологических присоединений;https://водоканалекб.рф/kontakty
6608001915;lc_6608001915_1.html;контакт без имени, номер сохранён;;Начальник отдела;+7 343 229–01–53;;Отдел технического надзора;https://водоканалекб.рф/kontakty
6608001915;lc_6608001915_1.html;контакт без имени, номер сохранён;;Инженеры;+7 343 229–01–53;;Отдел технического надзора;https://водоканалекб.рф/kontakty
6608001915;lc_6608001915_1.html;контакт без имени, номер сохранён;;Начальник отдела;+7 343 229–01–53;;Отдел актов разграничения;https://водоканалекб.рф/kontakty
6608001915;lc_6608001915_1.html;контакт без имени, номер сохранён;;Начальник отдела;+7 343 229–01–53;;Отдел договоров о подключении;https://водоканалекб.рф/kontakty
6608001915;lc_6608001915_1.html;контакт без имени, номер сохранён;;Начальник отдела;+7 343 229–01–53;;Отдел сопровождения договоров о подключении;https://водоканалекб.рф/kontakty
6608001915;lc_6608001915_1.html;контакт без имени, номер сохранён;;;+7 343 222-22-70;;Диспетчерская служба;https://водоканалекб.рф/kontakty
6608001915;lc_6608001915_1.html;контакт без имени, номер сохранён;;Начальник департамента;+7 343 229-01-53;;Департамент по контролю водохозяйственной деятельности;https://водоканалекб.рф/kontakty
6608001915;lc_6608001915_1.html;контакт без имени, номер сохранён;;Руководитель направления инспекционного контроля;+7 343 229-01-53;;Департамент по контролю водохозяйственной деятельности / Направление по контролю за составом и свойствами сточных вод абонентов;https://водоканалекб.рф/kontakty
6608001915;lc_6608001915_1.html;контакт без имени, номер сохранён;;Руководитель направления нормирования и начисления платы;+7 343 229-01-53;;Департамент по контролю водохозяйственной деятельности / Направление нормирования и начисления платы;https://водоканалекб.рф/kontakty
6608001915;lc_6608001915_1.html;контакт без имени, номер сохранён;;Ведущий инженер-технолог;+7 343 229-01-53;;Департамент по контролю водохозяйственной деятельности / Направление нормирования и начисления платы;https://водоканалекб.рф/kontakty
6608001915;lc_6608001915_2.html;продолжение списка: адрес чужого домена;https://xn--80aadbki6adhshb.xn--p1ai/rukovodstvo-vodokanala/;;;;;https://водоканалекб.рф/contacts
6608001915;lc_6608001915_2.html;продолжение списка: адрес чужого домена;https://xn--80aadbki6adhshb.xn--p1ai/kontakty/;;;;;https://водоканалекб.рф/contacts
6608001915;lc_6608001915_2.html;контакт без имени, номер сохранён;;;+7 (343) 229-01-51;info@vodokanalekb.ru;Общий номер;https://водоканалекб.рф/contacts
6608001915;lc_6608001915_3.html;продолжение списка: адрес чужого домена;https://xn--80aadbki6adbshb.xn--p1ai/rukovodstvo-vodokanala/;;;;;https://водоканалекб.рф/rukovodstvo
6608001915;lc_6608001915_3.html;продолжение списка: адрес чужого домена;https://xn--80aadbki6adbshb.xn--p1ai/kontakty/;;;;;https://водоканалекб.рф/rukovodstvo
6608001915;lc_6608001915_3.html;контакт без имени, номер сохранён;;;+7 (343) 229-01-51;info@vodokanalekb.ru;Общий контакты / справочная служба;https://водоканалекб.рф/rukovodstvo
6608001915;lc_6608001915_4.html;продолжение списка: адрес чужого домена;https://xn--80aadbki6adhshb.xn--p1ai/rukovodstvo-vodokanala/;;;;;https://водоканалекб.рф/management
6608001915;lc_6608001915_4.html;продолжение списка: адрес чужого домена;https://xn--80aadbki6adhshb.xn--p1ai/kontakty/;;;;;https://водоканалекб.рф/management
6608001915;lc_6608001915_4.html;контакт без имени, номер сохранён;;;+7 (343) 229-01-51;info@vodokanalekb.ru;Общий контакт предприятия;https://водоканалекб.рф/management
6608001915;lc_6608001915_5.html;продолжение списка: адрес чужого домена;https://xn--80aadbki6adhshb.xn--p1ai/rukovodstvo-vodokanala/;;;;;https://водоканалекб.рф/struktura
6608001915;lc_6608001915_5.html;продолжение списка: адрес чужого домена;https://xn--80aadbki6adhshb.xn--p1ai/kontakty/;;;;;https://водоканалекб.рф/struktura
6625004271;lc_6625004271_0.html;контакт без имени, номер сохранён;;;+7 (3439) 262-007;info@tmk-group.com;Общий номер / Приёмная;https://pntz.tmk-group.ru/pntz_plant_contacts
6625004271;lc_6625004271_0.html;контакт без имени, номер сохранён;;;+7 (3439) 262-007;pntz_pr@tmk-group.com;Контакты для СМИ;https://pntz.tmk-group.ru/pntz_plant_contacts
6625004271;lc_6625004271_0.html;контакт без имени, номер сохранён;;;;promturism-pntz@tmk-group.com;Служба проведения экскурсий;https://pntz.tmk-group.ru/pntz_plant_contacts
6625004271;lc_6625004271_1.html;контакт без имени, номер сохранён;;;+7 (3439) 262-007;info@tmk-group.com;Первоуральский новотрубный завод;https://pntz.tmk-group.ru/pntz_people
6625004271;lc_6625004271_2.html;контакт без имени, номер сохранён;;;+7 (3439) 262-007;info@tmk-group.com;Общий номер предприятия;https://pntz.tmk-group.ru/pntz_about
6625004271;lc_6625004271_4.html;контакт без имени, номер сохранён;;;8-800-700-8072;8072@tmk-group.com;Горячая линия (Телефон доверия / Комитет по регулированию комплаенс-рисков);https://pntz.tmk-group.ru/pntz_hotline
6625004271;lc_6625004271_4.html;контакт без имени, номер сохранён;;;+7 (3439) 262-007;info@tmk-group.com;Общий контакт завода;https://pntz.tmk-group.ru/pntz_hotline
6625004271;lc_6625004271_5.html;контакт без имени, номер сохранён;;;+7 (3439) 262-007;info@tmk-group.com;Общий номер и электронная почта Первоуральского новотрубного завода;https://pntz.tmk-group.ru/pntz_management
6726024309;lc_6726024309_0.html;контакт без имени, номер сохранён;;;+7 (495) 363-5527, +7 (495) 363-5529;info@arlan.ru;Общий номер / Приёмная;https://arlan.ru/company/contacts/
6829007922;lc_6829007922_0.html;страница пустая;;;;;;https://знаменское-мясо.рф/kontakty
6829007922;lc_6829007922_1.html;страница пустая;;;;;;https://знаменское-мясо.рф/contacts
6829007922;lc_6829007922_2.html;страница пустая;;;;;;https://знаменское-мясо.рф/rukovodstvo
6829007922;lc_6829007922_3.html;страница пустая;;;;;;https://знаменское-мясо.рф/management
6829007922;lc_6829007922_4.html;страница пустая;;;;;;https://знаменское-мясо.рф/struktura
6829007922;lc_6829007922_5.html;страница пустая;;;;;;https://знаменское-мясо.рф/structure
6829012231;lc_6829012231_0.html;контакт без имени, номер сохранён;;;8 4752 75-63-30;;Для физ. лиц;https://tsktmb.ru/about/rukovodstvo/
6829012231;lc_6829012231_0.html;контакт без имени, номер сохранён;;;8 4752 55-97-06;;Для юр. лиц и ИП;https://tsktmb.ru/about/rukovodstvo/
6829012231;lc_6829012231_0.html;контакт без имени, номер сохранён;;;8-800-550-04-14;;Диспетчерская служба;https://tsktmb.ru/about/rukovodstvo/
6829012231;lc_6829012231_1.html;контакт без имени, номер сохранён;;;8 4752 75-63-30;;Для физ. лиц;https://tsktmb.ru/kontakty
6829012231;lc_6829012231_1.html;контакт без имени, номер сохранён;;;8 4752 55-97-06;;Для юр. лиц и ИП;https://tsktmb.ru/kontakty
6829012231;lc_6829012231_1.html;контакт без имени, номер сохранён;;;8-800-550-04-14;;Диспетчерская служба;https://tsktmb.ru/kontakty
6829012231;lc_6829012231_2.html;контакт без имени, номер сохранён;;;8 4752 71-97-08;priem@oaotsk.ru;Приемная Аппарата управления;https://tsktmb.ru/contacts
6829012231;lc_6829012231_2.html;контакт без имени, номер сохранён;;;8 4752 55-97-06;priem@tmb.oaotsk.ru;Приемная;https://tsktmb.ru/contacts
6829012231;lc_6829012231_2.html;контакт без имени, номер сохранён;;;8 47531 3-90-01;priem@ras.oaotsk.ru;Приемная;https://tsktmb.ru/contacts
6829012231;lc_6829012231_2.html;контакт без имени, номер сохранён;;;8 47537 3-21-85;kirs@ras.oaotsk.ru;Приемная;https://tsktmb.ru/contacts
6829012231;lc_6829012231_2.html;контакт без имени, номер сохранён;;;8 47541 4-56-80;priem@ktv.oaotsk.ru;Приемная;https://tsktmb.ru/contacts
6829012231;lc_6829012231_2.html;контакт без имени, номер сохранён;;;8 47533 4-31-92;secretar@mor.oaotsk.ru;Приемная;https://tsktmb.ru/contacts
6829012231;lc_6829012231_2.html;контакт без имени, номер сохранён;;;8 47545 5-83-00;priem1@mich.oaotsk.ru;Приемная;https://tsktmb.ru/contacts
6829012231;lc_6829012231_2.html;контакт без имени, номер сохранён;;;8 47558 4-28-46;priem@uvr.oaotsk.ru;Приемная;https://tsktmb.ru/contacts
6829012231;lc_6829012231_2.html;контакт без имени, номер сохранён;;;8 47535 5-32-42;priem@zher.oaotsk.ru;Приемная;https://tsktmb.ru/contacts
6829012231;lc_6829012231_3.html;контакт без имени, номер сохранён;;;8 4752 75-63-30;;Для физ. лиц;https://tsktmb.ru/rukovodstvo
6829012231;lc_6829012231_3.html;контакт без имени, номер сохранён;;;8 4752 55-97-06;;Для юр. лиц и ИП;https://tsktmb.ru/rukovodstvo
6829012231;lc_6829012231_3.html;контакт без имени, номер сохранён;;;8-800-550-04-14;;Диспетчерская служба;https://tsktmb.ru/rukovodstvo
6829012231;lc_6829012231_4.html;контакт без имени, номер сохранён;;;8 4752 75-63-30;;Для физ. лиц;https://tsktmb.ru/management
6829012231;lc_6829012231_4.html;контакт без имени, номер сохранён;;;8 4752 55-97-06;;Для юр. лиц и ИП;https://tsktmb.ru/management
6829012231;lc_6829012231_4.html;контакт без имени, номер сохранён;;;8-800-550-04-14;;Диспетчерская служба;https://tsktmb.ru/management
6829012231;lc_6829012231_5.html;контакт без имени, номер сохранён;;;8 4752 75-63-30;;Для физ. лиц;https://tsktmb.ru/struktura
6829012231;lc_6829012231_5.html;контакт без имени, номер сохранён;;;8 4752 55-97-06;;Для юр. лиц и ИП;https://tsktmb.ru/struktura
6829012231;lc_6829012231_5.html;контакт без имени, номер сохранён;;;8-800-550-04-14;;Диспетчерская служба;https://tsktmb.ru/struktura
7105504223;lc_7105504223_2.html;контакт без имени, номер сохранён;;;(4872) 25-49-47;info@tulavodokanal.ru;Единый номер телефона;https://tulagorvodokanal.ru/contacts
7105504223;lc_7105504223_2.html;контакт без имени, номер сохранён;;;(4872) 42-53-34, (4872) 42-53-26;;Диспетчерская;https://tulagorvodokanal.ru/contacts
7105504223;lc_7105504223_2.html;контакт без имени, номер сохранён;;;(4872) 79-35-24;;Производственный отдел по работе с юридическими и физическими лицами и исполнению коммерческих работ;https://tulagorvodokanal.ru/contacts
7105504223;lc_7105504223_2.html;контакт без имени, номер сохранён;;;(4872) 79-35-41;;Управление по работе с физическими лицами;https://tulagorvodokanal.ru/contacts
7105504223;lc_7105504223_2.html;контакт без имени, номер сохранён;;;(4872) 79-35-50, 79-35-58, 79-35-42, 79-35-22;;Управление по работе с юридическими лицами;https://tulagorvodokanal.ru/contacts
7105504223;lc_7105504223_2.html;контакт без имени, номер сохранён;;;(4872) 79-35-28, (4872) 25-01-50, (4872) 25-02-08;;Технический отдел;https://tulagorvodokanal.ru/contacts
7105504223;lc_7105504223_2.html;контакт без имени, номер сохранён;;;(4872) 79-35-07;;Отдел капитального строительства;https://tulagorvodokanal.ru/contacts
7105504223;lc_7105504223_2.html;контакт без имени, номер сохранён;;;(4872) 79-35-40;;Проектный отдел;https://tulagorvodokanal.ru/contacts
7105504223;lc_7105504223_2.html;контакт без имени, номер сохранён;;;(4872) 25-02-07;;Отдел кадров;https://tulagorvodokanal.ru/contacts
7105504223;lc_7105504223_2.html;контакт без имени, номер сохранён;;;(4872) 79-35-49;;Канцелярия;https://tulagorvodokanal.ru/contacts
7302040242;lc_7302040242_0.html;контакт без имени, номер сохранён;;;8 (84235) 9-83-83;niiar@niiar.ru;Общие контакты;https://niiar.ru/location
7302040242;lc_7302040242_0.html;контакт без имени, номер сохранён;;;8 (84235) 9-00-69;niiar@niiar.ru;Отдел документационного обеспечения;https://niiar.ru/location
7302040242;lc_7302040242_1.html;продолжение списка: адрес чужого домена;https://zakupki.rosatom.ru/Web.aspx?node=contacts;;;;;https://niiar.ru/about
7302040242;lc_7302040242_1.html;контакт без имени, номер сохранён;;;8 (84235) 9-83-83;niiar@niiar.ru;Общий номер;https://niiar.ru/about
7302040242;lc_7302040242_2.html;контакт без имени, номер сохранён;;;(84235) 7-97-30;;Телефон для справок (Речное шоссе 6, каб. №224);https://energy.niiar.ru
7302040242;lc_7302040242_2.html;контакт без имени, номер сохранён;;;(84235) 7-96-01;;Телефон для справок (Речное шоссе 6, каб. №224);https://energy.niiar.ru
7302040242;lc_7302040242_2.html;контакт без имени, номер сохранён;;;(84235) 7-94-23;;Круглосуточная диспетчерская служба;https://energy.niiar.ru
7302040242;lc_7302040242_2.html;контакт без имени, номер сохранён;;;8 (84235) 9-83-83;niiar@niiar.ru;Общие контакты АО «ГНЦ НИИАР»;https://energy.niiar.ru
7302040242;lc_7302040242_3.html;страница пустая;;;;;;https://niiar.ru/info_energetics
7302040242;lc_7302040242_4.html;страница пустая;;;;;;https://niiar.ru/node/9029
7302040242;lc_7302040242_5.html;продолжение списка: адрес чужого домена;https://zakupki.rosatom.ru/Web.aspx?node=contacts;;;;;https://niiar.ru/support_centre
7302040242;lc_7302040242_5.html;контакт без имени, номер сохранён;;;+7 (842 35) 7-91-38;niiar@niiar.ru, imsmirnova@niiar.ru;Контактная информация ЦКП «ОМВИЦ»;https://niiar.ru/support_centre
7302040242;lc_7302040242_5.html;контакт без имени, номер сохранён;;;8 (84235) 9-83-83;niiar@niiar.ru;Общие контакты АО «ГНЦ НИИАР»;https://niiar.ru/support_centre
7404052938;lc_7404052938_0.html;контакт без имени, номер сохранён;;;+7 (3513) 67-11-11;info@zlatmash.ru;Корпоративные контакты;https://zlatmash.ru/contacts/
7404052938;lc_7404052938_0.html;контакт без имени, номер сохранён;;;+7 (3513) 67-11-11;;Телефон доверия;https://zlatmash.ru/contacts/
7404052938;lc_7404052938_1.html;контакт без имени, номер сохранён;;;+7 (3513) 67-11-11;info@zlatmash.ru;Общий телефон / Справочная;https://zlatmash.ru/profsoyuz/sostav.php
7404052938;lc_7404052938_2.html;контакт без имени, номер сохранён;;;+7 (3513) 67-11-11;info@zlatmash.ru;Общий номер / Справочная;https://zlatmash.ru/press/kontakty-sluzhby-po-svyazyam-s-obshchestvennostyu.php
7404052938;lc_7404052938_3.html;контакт без имени, номер сохранён;;;+7 (3513) 67-11-11;info@zlatmash.ru;Общий номер / приёмная;https://zlatmash.ru/o-kompanii/
7404052938;lc_7404052938_5.html;контакт без имени, номер сохранён;;;+7 (3513) 67-11-11;info@zlatmash.ru;Общий номер;https://zlatmash.ru/contacts/obratnaya-svyaz.php/
7417011270;lc_7417011270_0.html;контакт без имени, номер сохранён;;;+7(495) 232-61-00;msk@magnezit.com;Представительство в Москве;https://magnezit.ru/about/contacts/
7417011270;lc_7417011270_0.html;контакт без имени, номер сохранён;;;+7 (812) 326-07-90;spb@magnezit.com;Представительство в Санкт-Петербурге;https://magnezit.ru/about/contacts/
7417011270;lc_7417011270_0.html;контакт без имени, номер сохранён;;;+7 (35161) 5-96-10;office@magnezit.com;Саткинская производственная площадка / Офис в Сатке;https://magnezit.ru/about/contacts/
7417011270;lc_7417011270_0.html;контакт без имени, номер сохранён;;;+7(39198) 74–550;sibmag@magnezit.com;Нижне-Приангарская производственная площадка;https://magnezit.ru/about/contacts/
7417011270;lc_7417011270_1.html;контакт без имени, номер сохранён;;;+7(495) 232-61-00;msk@magnezit.com;Представительство в Москве;https://magnezit.ru/people/
7417011270;lc_7417011270_1.html;контакт без имени, номер сохранён;;;+7 (35161) 5-96-10;office@magnezit.com;Саткинская производственная площадка;https://magnezit.ru/people/
7417011270;lc_7417011270_1.html;контакт без имени, номер сохранён;;;+7 (35161) 5-95-45;office@magnezit.com;Саткинская производственная площадка;https://magnezit.ru/people/
7417011270;lc_7417011270_2.html;контакт без имени, номер сохранён;;;+7(495) 232-61-00;msk@magnezit.com;Представительство в Москве;https://magnezit.ru/about/group/
7417011270;lc_7417011270_2.html;контакт без имени, номер сохранён;;;+7 (35161) 5-96-10;office@magnezit.com;Саткинская производственная площадка;https://magnezit.ru/about/group/
7417011270;lc_7417011270_2.html;контакт без имени, номер сохранён;;;+7 (35161) 5-95-45;office@magnezit.com;Саткинская производственная площадка;https://magnezit.ru/about/group/
7417011270;lc_7417011270_3.html;контакт без имени, номер сохранён;;;+7(495) 232-61-00;msk@magnezit.com;Представительство в Москве;https://magnezit.ru/about/
7417011270;lc_7417011270_3.html;контакт без имени, номер сохранён;;;+7 (35161) 5-96-10, +7 (35161) 5-95-45;office@magnezit.com;Саткинская производственная площадка;https://magnezit.ru/about/
7417011270;lc_7417011270_4.html;контакт без имени, номер сохранён;;;+7(495) 232-61-00;msk@magnezit.com;Представительство в Москве;https://magnezit.ru/activity/services/
7417011270;lc_7417011270_4.html;контакт без имени, номер сохранён;;;+7 (35161) 5-96-10;office@magnezit.com;Саткинская производственная площадка;https://magnezit.ru/activity/services/
7417011270;lc_7417011270_4.html;контакт без имени, номер сохранён;;;+7 (35161) 5-95-45;office@magnezit.com;Саткинская производственная площадка;https://magnezit.ru/activity/services/
7417011270;lc_7417011270_5.html;контакт без имени, номер сохранён;;;+7(495) 232-61-00;msk@magnezit.com;Представительство в Москве;https://magnezit.ru/kontakty
7417011270;lc_7417011270_5.html;контакт без имени, номер сохранён;;;+7 (35161) 5-96-10, +7 (35161) 5-95-45;office@magnezit.com;Саткинская производственная площадка;https://magnezit.ru/kontakty
7536064538;lc_7536064538_0.html;контакт без имени, номер сохранён;;;8 (3022) 26-62-69;;Аварийно-диспетчерская служба;https://vodokanalchita.ru/kontakty
7536064538;lc_7536064538_0.html;контакт без имени, номер сохранён;;;8 (3022) 205-205;;Абонентский отдел;https://vodokanalchita.ru/kontakty
7536064538;lc_7536064538_0.html;контакт без имени, номер сохранён;;;8 (3022) 35-58-97;priem@vodokanalchita.ru;Приёмная;https://vodokanalchita.ru/kontakty
7536064538;lc_7536064538_0.html;контакт без имени, номер сохранён;;;8 (3022) 32-18-44;sup@vodokanalchita.ru;Отдел кадров;https://vodokanalchita.ru/kontakty
7536064538;lc_7536064538_1.html;контакт без имени, номер сохранён;;;8 (3022) 35-58-97;priem@vodokanalchita.ru;Приёмная;https://vodokanalchita.ru/contacts
7536064538;lc_7536064538_1.html;контакт без имени, номер сохранён;;;8 (3022) 26-62-69;;Аварийно-диспетчерская служба;https://vodokanalchita.ru/contacts
7536064538;lc_7536064538_1.html;контакт без имени, номер сохранён;;;8 (3022) 205-205;;Абонентский отдел;https://vodokanalchita.ru/contacts
7536064538;lc_7536064538_1.html;контакт без имени, номер сохранён;;;8 (3022) 32-18-44;sup@vodokanalchita.ru;Отдел кадров;https://vodokanalchita.ru/contacts
7536064538;lc_7536064538_2.html;контакт без имени, номер сохранён;;;8 (3022) 26-62-69;;Аварийно-диспетчерская служба;https://vodokanalchita.ru/rukovodstvo
7536064538;lc_7536064538_2.html;контакт без имени, номер сохранён;;;8 (3022) 205-205;;Абонентский отдел;https://vodokanalchita.ru/rukovodstvo
7536064538;lc_7536064538_2.html;контакт без имени, номер сохранён;;;8 (3022) 35-58-97;priem@vodokanalchita.ru;Приёмная;https://vodokanalchita.ru/rukovodstvo
7536064538;lc_7536064538_2.html;контакт без имени, номер сохранён;;;8 (3022) 32-18-44;sup@vodokanalchita.ru;Отдел кадров;https://vodokanalchita.ru/rukovodstvo
7536064538;lc_7536064538_3.html;контакт без имени, номер сохранён;;;8 (3022) 26-62-69;;Аварийно-диспетчерская служба;https://vodokanalchita.ru/management
7536064538;lc_7536064538_3.html;контакт без имени, номер сохранён;;;8 (3022) 205-205;;Абонентский отдел;https://vodokanalchita.ru/management
7536064538;lc_7536064538_3.html;контакт без имени, номер сохранён;;;8 (3022) 35-58-97;priem@vodokanalchita.ru;Приёмная;https://vodokanalchita.ru/management
7536064538;lc_7536064538_3.html;контакт без имени, номер сохранён;;;8 (3022) 32-18-44;sup@vodokanalchita.ru;Отдел кадров;https://vodokanalchita.ru/management
7536064538;lc_7536064538_4.html;контакт без имени, номер сохранён;;;8 (3022) 26-62-69;;Аварийно-диспетчерская служба;https://vodokanalchita.ru/struktura
7536064538;lc_7536064538_4.html;контакт без имени, номер сохранён;;;8 (3022) 205-205;;Абонентский отдел;https://vodokanalchita.ru/struktura
7536064538;lc_7536064538_4.html;контакт без имени, номер сохранён;;;8 (3022) 35-58-97;priem@vodokanalchita.ru;Приёмная;https://vodokanalchita.ru/struktura
7536064538;lc_7536064538_4.html;контакт без имени, номер сохранён;;;8 (3022) 32-18-44;sup@vodokanalchita.ru;Отдел кадров;https://vodokanalchita.ru/struktura
7536064538;lc_7536064538_5.html;контакт без имени, номер сохранён;;;8 (3022) 26-62-69;;Аварийно-диспетчерская служба;https://vodokanalchita.ru/structure
7536064538;lc_7536064538_5.html;контакт без имени, номер сохранён;;;8 (3022) 205-205;;Абонентский отдел;https://vodokanalchita.ru/structure
7536064538;lc_7536064538_5.html;контакт без имени, номер сохранён;;;8 (3022) 35-58-97;priem@vodokanalchita.ru;Приёмная;https://vodokanalchita.ru/structure
7536064538;lc_7536064538_5.html;контакт без имени, номер сохранён;;;8 (3022) 32-18-44;sup@vodokanalchita.ru;Отдел кадров;https://vodokanalchita.ru/structure
7701791321;lc_7701791321_1.html;контакт без имени, номер сохранён;;;+7(495) 748-66-11;;Общий номер;https://rvpetro.ru/about/
7701791321;lc_7701791321_2.html;контакт без имени, номер сохранён;;;+7(495) 748-66-11;;Общий номер;https://rvpetro.ru/anti-corruption/
7701791321;lc_7701791321_3.html;контакт без имени, номер сохранён;;;+7(495) 748-66-11;;Общий номер;https://rvpetro.ru/kontakty
7701791321;lc_7701791321_4.html;контакт без имени, номер сохранён;;;+7 (495) 748-66-11;rvpetro@rvpetro.ru;Головной офис;https://rvpetro.ru/contacts
7701791321;lc_7701791321_4.html;контакт без имени, номер сохранён;;;+7 (82144) 53-200;usinsk@rvpus.ru;Филиал в Усинске;https://rvpetro.ru/contacts
7701791321;lc_7701791321_4.html;контакт без имени, номер сохранён;;;+7 (81853) 46-978;;Филиал в Нарьян-Маре;https://rvpetro.ru/contacts
7701791321;lc_7701791321_4.html;контакт без имени, номер сохранён;;;+7 (495) 748-66-20;osb@rvpetro.ru;Горячая линия безопасности;https://rvpetro.ru/contacts
7701791321;lc_7701791321_5.html;контакт без имени, номер сохранён;;;+7(495) 748-66-11;;Общий номер;https://rvpetro.ru/rukovodstvo
7701984274;lc_7701984274_0.html;контакт без имени, номер сохранён;;;8 (499) 763-34-34;;Единая информационная справочная служба;https://mosvodokanal.ru/about/leadership/
7701984274;lc_7701984274_0.html;контакт без имени, номер сохранён;;;8 (495) 676-46-31;;Телефон доверия по вопросам противодействия коррупции;https://mosvodokanal.ru/about/leadership/
7701984274;lc_7701984274_1.html;контакт без имени, номер сохранён;;;8 (499) 263-93-38;;Управление по закупкам;https://mosvodokanal.ru/about/structure.php
7701984274;lc_7701984274_1.html;контакт без имени, номер сохранён;;;8 (499) 263-91-91;;Управление новой техники и технологий;https://mosvodokanal.ru/about/structure.php
7701984274;lc_7701984274_1.html;контакт без имени, номер сохранён;;;8 (495) 365-11-58;;Производственное управление эксплуатации и ремонта энергомеханического оборудования;https://mosvodokanal.ru/about/structure.php
7701984274;lc_7701984274_1.html;контакт без имени, номер сохранён;;Главный инженер Управления канализации;8 (499) 261-02-02;;Управление канализации;https://mosvodokanal.ru/about/structure.php
7701984274;lc_7701984274_1.html;контакт без имени, номер сохранён;;Заместитель главного инженера;8 (499) 263-93-51;;Управление канализации;https://mosvodokanal.ru/about/structure.php
7701984274;lc_7701984274_1.html;контакт без имени, номер сохранён;;Главный инженер Управления водоснабжения;8 (499) 261-65-32;;Управление водоснабжения;https://mosvodokanal.ru/about/structure.php
7701984274;lc_7701984274_1.html;контакт без имени, номер сохранён;;Заместитель главного инженера;8 (499) 261-65-32;;Управление водоснабжения;https://mosvodokanal.ru/about/structure.php
7701984274;lc_7701984274_2.html;контакт без имени, номер сохранён;;;8 (499) 763-34-34;;Единая информационная справочная служба;https://mosvodokanal.ru/forinvestors/directors/
7701984274;lc_7701984274_2.html;контакт без имени, номер сохранён;;;8 (495) 676-46-31;;Телефон доверия по вопросам противодействия коррупции;https://mosvodokanal.ru/forinvestors/directors/
7701984274;lc_7701984274_3.html;контакт без имени, номер сохранён;;;8 (499) 763-34-34;;Единая информационная справочная служба;https://mosvodokanal.ru/contacts/
7701984274;lc_7701984274_3.html;контакт без имени, номер сохранён;;;8 (499) 265-47-28;;"Профсоюзный комитет АО ""Мосводоканал""";https://mosvodokanal.ru/contacts/
7701984274;lc_7701984274_3.html;контакт без имени, номер сохранён;;;8 (495) 676-46-31;;Телефон доверия по вопросам противодействия коррупции;https://mosvodokanal.ru/contacts/
7701984274;lc_7701984274_4.html;контакт без имени, номер сохранён;;;8 (499) 763-34-34;;Единая информационная справочная служба;https://mosvodokanal.ru/press/smi-contacts/
7701984274;lc_7701984274_4.html;контакт без имени, номер сохранён;;;8 (499) 263-92-41;;Пресс-служба;https://mosvodokanal.ru/press/smi-contacts/
7701984274;lc_7701984274_4.html;контакт без имени, номер сохранён;;;8 (495) 676-46-31;;Телефон доверия по вопросам противодействия коррупции;https://mosvodokanal.ru/press/smi-contacts/
7701984274;lc_7701984274_5.html;контакт без имени, номер сохранён;;;8 (499) 763-34-34;;Единая информационная справочная служба;https://mosvodokanal.ru/forexperts/itc/
7701984274;lc_7701984274_5.html;контакт без имени, номер сохранён;;;8 (495) 676-46-31;;Телефон доверия по вопросам противодействия коррупции;https://mosvodokanal.ru/forexperts/itc/
7702352454;lc_7702352454_1.html;контакт без имени, номер сохранён;;;+7 (495) 626-14-25;mail@rosmorport.ru;Контактные телефоны;https://rosmorport.ru/contact/
7702352454;lc_7702352454_1.html;контакт без имени, номер сохранён;;;+7 (495) 411-77-59;mail@rosmorport.ru;Контактные телефоны;https://rosmorport.ru/contact/
7702352454;lc_7702352454_1.html;контакт без имени, номер сохранён;;;+7 (495) 401-52-89;mail@rosmorport.ru;Контактные телефоны;https://rosmorport.ru/contact/
7702352454;lc_7702352454_1.html;контакт без имени, номер сохранён;;;+7 (495) 411-63-42;mail@rosmorport.ru;Справки по документам;https://rosmorport.ru/contact/
7702352454;lc_7702352454_1.html;контакт без имени, номер сохранён;;;+7 (495) 401-52-86;mail@rosmorport.ru;Справки по документам;https://rosmorport.ru/contact/
7702352454;lc_7702352454_1.html;контакт без имени, номер сохранён;;;+7 (495) 221-30-82;mail@rosmorport.ru;Горячая линия (телефон доверия);https://rosmorport.ru/contact/
7702352454;lc_7702352454_1.html;контакт без имени, номер сохранён;;;+7 (495) 401-52-87;mail@rosmorport.ru;Горячая линия (телефон доверия);https://rosmorport.ru/contact/
7702352454;lc_7702352454_2.html;контакт без имени, номер сохранён;;;+7 (8182) 65-46-26;mail@ark.rosmorport.su;Общий телефон и e-mail филиала;https://www.rosmorport.ru/filials/
7702352454;lc_7702352454_3.html;контакт без имени, номер сохранён;;;;press@rosmorport.ru;Электронный адрес для запросов СМИ;https://rosmorport.ru/news/presscentrecontact/
7705002602;lc_7705002602_1.html;контакт без имени, номер сохранён;;;8 (800) 220-22-02;;Центр подбора персонала Транспортного комплекса (бесплатный номер для регионов РФ);https://mosgortrans.ru/contacts
7705002602;lc_7705002602_1.html;контакт без имени, номер сохранён;;;8 (495) 622-22-22;;Центр подбора персонала Транспортного комплекса (для Москвы);https://mosgortrans.ru/contacts
7705002602;lc_7705002602_1.html;контакт без имени, номер сохранён;;;8 (495) 951-66-53;;Телефон ГУП «Мосгортранс»;https://mosgortrans.ru/contacts
7705002602;lc_7705002602_4.html;контакт без имени, номер сохранён;;;8 (800) 220-22-02;;Центр подбора персонала Транспортного комплекса (бесплатный номер для регионов РФ);https://mosgortrans.ru/struktura
7705002602;lc_7705002602_4.html;контакт без имени, номер сохранён;;;8 (495) 622-22-22;;Центр подбора персонала Транспортного комплекса (для Москвы);https://mosgortrans.ru/struktura
7705002602;lc_7705002602_4.html;контакт без имени, номер сохранён;;;8 (495) 951-66-53;;Общий телефон организации;https://mosgortrans.ru/struktura
7705551779;lc_7705551779_0.html;контакт без имени, номер сохранён;;;+7 (495) 223-65-39;info@ri-invest.ru;Общий телефон ООО «РИ-ИНВЕСТ»;https://rusinvest.ru/495-kontakti
7705551779;lc_7705551779_0.html;контакт без имени, номер сохранён;;;+7 (3452) 53-23-99;info@tnpz.ri-invest.ru;Общий телефон филиала;https://rusinvest.ru/495-kontakti
7705551779;lc_7705551779_0.html;контакт без имени, номер сохранён;;;8 (800) 700-2397;hotline@tnpz.ri-invest.ru;Горячая линия безопасности;https://rusinvest.ru/495-kontakti
7705551779;lc_7705551779_1.html;контакт без имени, номер сохранён;;;8 (3452) 53-23-99;info@tnpz.ri-invest.ru;Общий телефон / приёмная;https://rusinvest.ru/company
7705551779;lc_7705551779_1.html;контакт без имени, номер сохранён;;;8 (800) 700-2397;hotline@tnpz.ri-invest.ru;Горячая линия безопасности;https://rusinvest.ru/company
7705551779;lc_7705551779_2.html;контакт без имени, номер сохранён;;;8 (3452) 53-23-99;info@tnpz.ri-invest.ru;Общие контакты;https://rusinvest.ru/press-tsentr/625-kontakty
7705551779;lc_7705551779_2.html;контакт без имени, номер сохранён;;;8 (800) 700-2397;hotline@tnpz.ri-invest.ru;Горячая линия безопасности;https://rusinvest.ru/press-tsentr/625-kontakty
7705551779;lc_7705551779_3.html;контакт без имени, номер сохранён;;;8 (3452) 53-23-99;info@tnpz.ri-invest.ru;Общие контакты;https://rusinvest.ru/pokupatelyam/620-rekvizity
7705551779;lc_7705551779_3.html;контакт без имени, номер сохранён;;;8 (800) 700-2397;hotline@tnpz.ri-invest.ru;Горячая линия безопасности;https://rusinvest.ru/pokupatelyam/620-rekvizity
7705551779;lc_7705551779_4.html;контакт без имени, номер сохранён;;;8 (3452) 53-23-99;info@tnpz.ri-invest.ru;Контакты (общий номер);https://rusinvest.ru/company/583-goryachaya-liniya-bezopasnosti
7705551779;lc_7705551779_4.html;контакт без имени, номер сохранён;;;+7 800 700-23-97;hotline@tnpz.ri-invest.ru;Горячая линия безопасности;https://rusinvest.ru/company/583-goryachaya-liniya-bezopasnosti
7705551779;lc_7705551779_4.html;контакт без имени, номер сохранён;;;+7 345 253-23-97;hotline@tnpz.ri-invest.ru;Горячая линия безопасности (городской телефон);https://rusinvest.ru/company/583-goryachaya-liniya-bezopasnosti
7705551779;lc_7705551779_5.html;контакт без имени, номер сохранён;;;8 (3452) 53-23-99;info@tnpz.ri-invest.ru;Общие контакты / Приёмная филиала «Тюменский НПЗ»;https://rusinvest.ru/ustoychivoye-razvitiye/616-informatsiya-dlya-podryadnykh-organizatsiy
7705551779;lc_7705551779_5.html;контакт без имени, номер сохранён;;;8 (800) 700-2397;hotline@tnpz.ri-invest.ru;Горячая линия безопасности;https://rusinvest.ru/ustoychivoye-razvitiye/616-informatsiya-dlya-podryadnykh-organizatsiy
7705739450;lc_7705739450_0.html;страница пустая;;;;;;https://nestle.ru/kontakty
7705739450;lc_7705739450_1.html;страница пустая;;;;;;https://nestle.ru/contacts
7705739450;lc_7705739450_2.html;страница пустая;;;;;;https://nestle.ru/rukovodstvo
7705739450;lc_7705739450_3.html;страница пустая;;;;;;https://nestle.ru/management
7705739450;lc_7705739450_4.html;страница пустая;;;;;;https://nestle.ru/struktura
7705739450;lc_7705739450_5.html;страница пустая;;;;;;https://nestle.ru/structure
7707049388;lc_7707049388_2.html;контакт без имени, номер сохранён;;;+7 (499) 999-82-83;rostelecom@rt.ru;Общий телефон ПАО «Ростелеком»;https://company.rt.ru/contacts
7707049388;lc_7707049388_2.html;контакт без имени, номер сохранён;;;8-800-200-09-33;;Согласование земляных работ (территории Юг, Северо-Запад, Волга, Центр);https://company.rt.ru/contacts
7707049388;lc_7707049388_2.html;контакт без имени, номер сохранён;;;8-800-300-02-34;;Согласование земляных работ (территории Урал, Сибирь, Дальний Восток);https://company.rt.ru/contacts
7707049388;lc_7707049388_2.html;контакт без имени, номер сохранён;;;8-800-100-08-99;;Согласование земляных работ (г. Москва и Московская область);https://company.rt.ru/contacts
7714972558;lc_7714972558_2.html;контакт без имени, номер сохранён;;;(499) 257-09-11;;Центральный офис;https://mggt.ru/rukovodstvo
7714972558;lc_7714972558_4.html;фамилии нет на странице (заслон против выдумки);Серов Александр Юрьевич;Управляющий ГБУ «Мосгоргеотрест»;+7 (499) 257-09-11;;;https://mggt.ru/struktura
7714972558;lc_7714972558_4.html;фамилии нет на странице (заслон против выдумки);Серов Александр Юрьевич;Управляющий ГБУ «Мосгоргеотрест»;+7 (499) 257-10-83;;;https://mggt.ru/struktura
7716182080;lc_7716182080_0.html;контакт без имени, номер сохранён;;;+7 (8452) 309-139;hr@diall.ru;Отдел привлечения, развития и оценки персонала;https://diall.ru/company/contacts/
7716182080;lc_7716182080_0.html;контакт без имени, номер сохранён;;;+7 (8452) 309-139;info@diall.ru;Отдел МТО и логистики;https://diall.ru/company/contacts/
7716182080;lc_7716182080_0.html;контакт без имени, номер сохранён;;;+7 (8452) 309-139;info@diall.ru;Информационные технологии;https://diall.ru/company/contacts/
7716182080;lc_7716182080_0.html;контакт без имени, номер сохранён;;;+7 (8452) 309-114;office-manager.saratov@diall.ru;Приёмная;https://diall.ru/company/contacts/
7716182080;lc_7716182080_1.html;контакт без имени, номер сохранён;;;+7 (8452) 309-139;info@diall.ru;Отдел МТО и логистики;https://diall.ru/company/
7716182080;lc_7716182080_1.html;контакт без имени, номер сохранён;;;+7 (8452) 309-139;hr@diall.ru;Отдел привлечения, развития и оценки персонала;https://diall.ru/company/
7716182080;lc_7716182080_1.html;контакт без имени, номер сохранён;;;+7 (8452) 309-139;info@diall.ru;Информационные технологии;https://diall.ru/company/
7716182080;lc_7716182080_1.html;контакт без имени, номер сохранён;;;+7 (8452) 309-114;office-manager.saratov@diall.ru;Приёмная;https://diall.ru/company/
7716182080;lc_7716182080_3.html;контакт без имени, номер сохранён;;;+7 (8452) 309-115;office-manager.saratov@diall.ru;Общие контакты / Приёмная;https://diall.ru/feedback/
7716182080;lc_7716182080_3.html;контакт без имени, номер сохранён;;;+7 (8452) 309-114;;Общие контакты / Приёмная;https://diall.ru/feedback/
7716182080;lc_7716182080_4.html;контакт без имени, номер сохранён;;;+7 (8452) 309-115;office-manager.saratov@diall.ru;Общие контакты / офис;https://diall.ru/
7716182080;lc_7716182080_4.html;контакт без имени, номер сохранён;;;+7 (8452) 309-114;office-manager.saratov@diall.ru;Общие контакты / офис;https://diall.ru/
7716182080;lc_7716182080_5.html;контакт без имени, номер сохранён;;;+7 (8452) 309-115;;Общий телефон;https://diall.ru/company/history/
7716182080;lc_7716182080_5.html;контакт без имени, номер сохранён;;;+7 (8452) 309-114;office-manager.saratov@diall.ru;Приёмная / Офис-менеджер;https://diall.ru/company/history/
7718018279;lc_7718018279_0.html;контакт без имени, номер сохранён;;;+7 (495) 181-72-35;info@muka-mks.ru;Контактная информация;https://mksokolniki.ru/contact/
7718018279;lc_7718018279_0.html;контакт без имени, номер сохранён;;;+7 (495) 181-72-35;sales@muka-mks.ru;Контакты менеджеров;https://mksokolniki.ru/contact/
7718018279;lc_7718018279_0.html;контакт без имени, номер сохранён;;;+7-965-242-36-49;sales@muka-mks.ru;Контакты менеджеров;https://mksokolniki.ru/contact/
7718018279;lc_7718018279_0.html;контакт без имени, номер сохранён;;;+7-965-242-36-73;sales@muka-mks.ru;Контакты менеджеров;https://mksokolniki.ru/contact/
7718018279;lc_7718018279_0.html;контакт без имени, номер сохранён;;;+7-965-242-36-78;sales@muka-mks.ru;Контакты менеджеров;https://mksokolniki.ru/contact/
7718018279;lc_7718018279_0.html;контакт без имени, номер сохранён;;;+7-903-518-36-90;sales@muka-mks.ru;Контакты менеджеров;https://mksokolniki.ru/contact/
7718018279;lc_7718018279_0.html;контакт без имени, номер сохранён;;;+7-965-242-36-88;;Продажа отрубей;https://mksokolniki.ru/contact/
7718018279;lc_7718018279_1.html;контакт без имени, номер сохранён;;;+7 (495) 181-72-35;sales@muka-mks.ru;Контакты менеджеров;https://mksokolniki.ru/about/
7718018279;lc_7718018279_1.html;контакт без имени, номер сохранён;;;+7-965-242-36-49;sales@muka-mks.ru;Контакты менеджеров;https://mksokolniki.ru/about/
7718018279;lc_7718018279_1.html;контакт без имени, номер сохранён;;;+7-965-242-36-73;sales@muka-mks.ru;Контакты менеджеров;https://mksokolniki.ru/about/
7718018279;lc_7718018279_1.html;контакт без имени, номер сохранён;;;+7-965-242-36-78;sales@muka-mks.ru;Контакты менеджеров;https://mksokolniki.ru/about/
7718018279;lc_7718018279_1.html;контакт без имени, номер сохранён;;;+7-903-518-36-90;sales@muka-mks.ru;Контакты менеджеров;https://mksokolniki.ru/about/
7718018279;lc_7718018279_1.html;контакт без имени, номер сохранён;;;+7-965-242-36-88;;Продажа отрубей;https://mksokolniki.ru/about/
7718018279;lc_7718018279_2.html;контакт без имени, номер сохранён;;;+7 (495) 181-72-35;sales@muka-mks.ru;Контакты менеджеров;https://mksokolniki.ru/
7718018279;lc_7718018279_2.html;контакт без имени, номер сохранён;;;+7-965-242-36-88;;Продажа отрубей;https://mksokolniki.ru/
7721427433;lc_7721427433_0.html;страница пустая;;;;;;https://premikorm.clients.site/kontakty
7721427433;lc_7721427433_1.html;страница пустая;;;;;;https://premikorm.clients.site/contacts
7721427433;lc_7721427433_2.html;страница пустая;;;;;;https://premikorm.clients.site/rukovodstvo
7721427433;lc_7721427433_3.html;страница пустая;;;;;;https://premikorm.clients.site/management
7721427433;lc_7721427433_4.html;страница пустая;;;;;;https://premikorm.clients.site/struktura
7721427433;lc_7721427433_5.html;страница пустая;;;;;;https://premikorm.clients.site/structure
7721632827;lc_7721632827_0.html;контакт без имени, номер сохранён;;;+7 (495) 783-01-43;;Общий телефон компании;https://rosenergoatom.ru/about/sistema-upravleniya/
7721632827;lc_7721632827_1.html;контакт без имени, номер сохранён;;;+7 (495) 783-01-43;;Общий телефон компании;https://rosenergoatom.ru/about/struktura/
7721632827;lc_7721632827_2.html;контакт без имени, номер сохранён;;;(495) 783-01-43;info@rosenergoatom.ru;Общие контакты / Приёмная;https://rosenergoatom.ru/about/kontakty/
7721632827;lc_7721632827_2.html;контакт без имени, номер сохранён;;;;alberti-ay@rosenergoatom.ru;Для СМИ;https://rosenergoatom.ru/about/kontakty/
7721632827;lc_7721632827_4.html;контакт без имени, номер сохранён;;;+7 (495) 783-01-43;;Общий телефон компании;https://rosenergoatom.ru/about/blok-razvitiya-biznesa/
7721632827;lc_7721632827_5.html;контакт без имени, номер сохранён;;;+7 (495) 783-01-43;;Общий телефон компании;https://rosenergoatom.ru/stations_projects/tekhnologicheskiy-filial/
7722220390;lc_7722220390_5.html;контакт без имени, номер сохранён;;;+7 (4132) 699-500;magoffice@pavlik-gold.ru;Офис в Магадане;https://pavlik-gold.ru/contacts
7722220390;lc_7722220390_5.html;контакт без имени, номер сохранён;;;+7 (495) 783-31-95;;Офис в Москве;https://pavlik-gold.ru/contacts
7723332561;lc_7723332561_0.html;контакт без имени, номер сохранён;;;+7 (495) 287-34-33;info@neftekhimia.ru;Для вопросов, предложений и обращений;https://neftekhimia.ru/contacts/
7723332561;lc_7723332561_0.html;контакт без имени, номер сохранён;;;+7 (495) 287-34-33;zakupki@neftekhimia.ru;Реализация невостребованного имущества;https://neftekhimia.ru/contacts/
7723332561;lc_7723332561_0.html;контакт без имени, номер сохранён;;;+7 (495) 287-34-33;;Пресс-служба;https://neftekhimia.ru/contacts/
7723332561;lc_7723332561_1.html;контакт без имени, номер сохранён;;;+7 (495) 287-34-33;info@neftekhimia.ru;Приёмная / Общий номер;https://neftekhimia.ru/about/
7723332561;lc_7723332561_3.html;контакт без имени, номер сохранён;;;+7 (495) 287-34-33;info@neftekhimia.ru;Общие контакты / Приёмная;https://neftekhimia.ru/career/union/
7723332561;lc_7723332561_5.html;контакт без имени, номер сохранён;;;+7 (495) 287-34-33;info@neftekhimia.ru;Общий номер / Контакты компании;https://neftekhimia.ru/safety/
7728171283;lc_7728171283_1.html;контакт без имени, номер сохранён;;;+7 (495) 535-39-68;info@npcap.ru;Канцелярия;https://npcap.ru/kontakty
7728171283;lc_7728171283_1.html;контакт без имени, номер сохранён;;;+7 (495) 535-36-33;;Управление кадров;https://npcap.ru/kontakty
7728171283;lc_7728171283_1.html;контакт без имени, номер сохранён;;;+7 (495) 335-48-88;;Подготовка персонала;https://npcap.ru/kontakty
7728171283;lc_7728171283_1.html;контакт без имени, номер сохранён;;;+7 (495) 535-38-24;;Пресс-служба;https://npcap.ru/kontakty
7728171283;lc_7728171283_1.html;контакт без имени, номер сохранён;;;+7 (48235) 51-884;star37@ostashkov.tver.ru;;https://npcap.ru/kontakty
7728171283;lc_7728171283_1.html;контакт без имени, номер сохранён;;;+7 (8452) 64-84-85;po_korpus@npcap.ru;;https://npcap.ru/kontakty
7728171283;lc_7728171283_1.html;контакт без имени, номер сохранён;;;+7 (48442) 452-85;spz@kaluga.ru;;https://npcap.ru/kontakty
7728171283;lc_7728171283_2.html;контакт без имени, номер сохранён;;;+7 (495) 535-39-68;;Канцелярия;https://npcap.ru/contacts
7728171283;lc_7728171283_2.html;контакт без имени, номер сохранён;;;+7 (495) 535-36-33;;Управление кадров;https://npcap.ru/contacts
7728171283;lc_7728171283_2.html;контакт без имени, номер сохранён;;;+7 (495) 335-48-88;;Подготовка персонала;https://npcap.ru/contacts
7728171283;lc_7728171283_2.html;контакт без имени, номер сохранён;;;+7 (495) 535-38-24;info@npcap.ru;Пресс-служба;https://npcap.ru/contacts
7728171283;lc_7728171283_4.html;контакт без имени, номер сохранён;;;+7 (495) 535-39-68;;Канцелярия;https://npcap.ru/management
7728171283;lc_7728171283_4.html;контакт без имени, номер сохранён;;;+7 (495) 535-36-33;;Управление кадров;https://npcap.ru/management
7728171283;lc_7728171283_4.html;контакт без имени, номер сохранён;;;+7 (495) 335-48-88;;Подготовка персонала;https://npcap.ru/management
7728171283;lc_7728171283_4.html;контакт без имени, номер сохранён;;;+7 (495) 535-38-24;info@npcap.ru;Пресс-служба;https://npcap.ru/management
7728171283;lc_7728171283_5.html;контакт без имени, номер сохранён;;;+7 (495) 535-39-68;;Канцелярия;https://npcap.ru/struktura
7728171283;lc_7728171283_5.html;контакт без имени, номер сохранён;;;+7 (495) 535-36-33;;Управление кадров;https://npcap.ru/struktura
7728171283;lc_7728171283_5.html;контакт без имени, номер сохранён;;;+7 (495) 335-48-88;;Подготовка персонала;https://npcap.ru/struktura
7728171283;lc_7728171283_5.html;контакт без имени, номер сохранён;;;+7 (495) 535-38-24;info@npcap.ru;Пресс-служба;https://npcap.ru/struktura
7728640182;lc_7728640182_0.html;контакт без имени, номер сохранён;;;+7 (812) 449-74-45;gazpromneft-cm@gazprom-neft.ru;ООО «Газпромнефть – смазочные материалы»;https://gazpromneft-sm.ru/contacts
7728640182;lc_7728640182_0.html;контакт без имени, номер сохранён;;;8 (812) 449-74-45;pr_sm@gazprom-neft.ru;Пресс-служба;https://gazpromneft-sm.ru/contacts
7728640182;lc_7728640182_0.html;контакт без имени, номер сохранён;;;8 (800) 700-65-00;hot-line@gazprom-neft.biz;Горячая линия системы противодействия мошенничеству и коррупции;https://gazpromneft-sm.ru/contacts
7728640182;lc_7728640182_2.html;контакт без имени, номер сохранён;;;+7 495 642 99 69;PR_SM@gazprom-neft.ru;Пресс-служба «Газпромнефть-СМ»;https://gazpromneft-sm.ru/press-center/kont_smi
7728640182;lc_7728640182_2.html;контакт без имени, номер сохранён;;;+7 (812) 449-74-45;;Общий телефон;https://gazpromneft-sm.ru/press-center/kont_smi
7728640182;lc_7728640182_3.html;контакт без имени, номер сохранён;;;+7 (812) 449-74-45;;Общий номер / Приёмная;https://gazpromneft-sm.ru/about/production
7728640182;lc_7728640182_4.html;контакт без имени, номер сохранён;;;+7 (812) 449-74-45;;Общий телефон компании;https://gazpromneft-sm.ru/sitemap.html
7728640182;lc_7728640182_4.html;контакт без имени, номер сохранён;;;+7 (812) 449-74-46;;Факс;https://gazpromneft-sm.ru/sitemap.html
7728640182;lc_7728640182_5.html;контакт без имени, номер сохранён;;;+7 (812) 449-74-45;;Общий номер / приёмная;https://gazpromneft-sm.ru/kontakty
7805059786;lc_7805059786_0.html;контакт без имени, номер сохранён;;;+7 (812) 702-02-53;info@petrostal.spb.ru;Приемная ДИРЕКТОРА;https://petrostal.spb.ru/pages/contacts/
7805059786;lc_7805059786_2.html;контакт без имени, номер сохранён;;;+7 (812) 702-02-53;info@petrostal.spb.ru;Контакты;https://petrostal.spb.ru/pages/clients/info
7805059786;lc_7805059786_2.html;контакт без имени, номер сохранён;;;;Oleg.Degtyarnikov@petrostal.spb.ru;Отгрузка в контейнеры;https://petrostal.spb.ru/pages/clients/info
7805059786;lc_7805059786_5.html;контакт без имени, номер сохранён;;;+7 (812) 702-02-53;info@petrostal.spb.ru;Общие контакты / Приёмная;https://petrostal.spb.ru/rukovodstvo
7806151791;lc_7806151791_0.html;контакт без имени, номер сохранён;;;+7 (812) 372-58-81;reph@reph.ru;Общие контакты / Приёмная;https://www.reph.ru/about/management/
7806151791;lc_7806151791_2.html;контакт без имени, номер сохранён;;;+7 (812) 372-58-81;reph@reph.ru;Общий номер;https://reph.ru/kontakty
7806151791;lc_7806151791_3.html;контакт без имени, номер сохранён;;;+7 (812) 372-58-80;reph@reph.ru;Приемная;https://reph.ru/contacts
7806151791;lc_7806151791_3.html;контакт без имени, номер сохранён;;;+7 (812) 372-58-81;reph@reph.ru;Коммутатор;https://reph.ru/contacts
7806151791;lc_7806151791_4.html;контакт без имени, номер сохранён;;;+7 (812) 372-58-81;reph@reph.ru;Общие контакты;https://reph.ru/rukovodstvo
7806151791;lc_7806151791_5.html;контакт без имени, номер сохранён;;;+7 (812) 372-58-81;reph@reph.ru;Общие контакты компании (футер);https://reph.ru/management
7817315385;lc_7817315385_0.html;контакт без имени, номер сохранён;;;+7 (812) 648-30-50;office@snsz.ru;Общие контакты / Приёмная;https://snsz.ru/kontakty
7817315385;lc_7817315385_0.html;контакт без имени, номер сохранён;;;+7 (812) 648-30-51;office@snsz.ru;Общие контакты / Приёмная;https://snsz.ru/kontakty
7817315385;lc_7817315385_1.html;контакт без имени, номер сохранён;;;+7 (812) 648-30-50;office@snsz.ru;Общий номер / Приёмная;https://snsz.ru/contacts
7817315385;lc_7817315385_1.html;контакт без имени, номер сохранён;;;+7 (812) 648-30-51;office@snsz.ru;Общий номер / Приёмная;https://snsz.ru/contacts
7817315385;lc_7817315385_1.html;контакт без имени, номер сохранён;;;+7 (812) 648-30-70;office@snsz.ru;Факс;https://snsz.ru/contacts
7817315385;lc_7817315385_2.html;контакт без имени, номер сохранён;;;+7 (812) 648-30-50;office@snsz.ru;Общие телефоны / Приёмная;https://snsz.ru/rukovodstvo
7817315385;lc_7817315385_2.html;контакт без имени, номер сохранён;;;+7 (812) 648-30-51;office@snsz.ru;Общие телефоны / Приёмная;https://snsz.ru/rukovodstvo
7817315385;lc_7817315385_3.html;контакт без имени, номер сохранён;;;+7 (812) 648-30-50;office@snsz.ru;Общие контакты / Приёмная;https://snsz.ru/management
7817315385;lc_7817315385_4.html;контакт без имени, номер сохранён;;;+7 (812) 648-30-50, +7 (812) 648-30-51;office@snsz.ru;Общий номер / Приёмная;https://snsz.ru/struktura
7817315385;lc_7817315385_5.html;контакт без имени, номер сохранён;;;+7 (812) 648-30-50;office@snsz.ru;Общие контакты предприятия;https://snsz.ru/structure
7817315385;lc_7817315385_5.html;контакт без имени, номер сохранён;;;+7 (812) 648-30-51;;Общие контакты предприятия;https://snsz.ru/structure
7817315385;lc_7817315385_5.html;контакт без имени, номер сохранён;;;+7 (812) 648-30-70;;Факс;https://snsz.ru/structure
7838024362;lc_7838024362_0.html;контакт без имени, номер сохранён;;;+7 (800) 222-57-50;;Контактный центр;https://ptenergo.ru/about/management.php
7838024362;lc_7838024362_0.html;контакт без имени, номер сохранён;;;+7 (812) 334-50-60;office@ptenergo.ru;Общие контакты;https://ptenergo.ru/about/management.php
8604048754;lc_8604048754_0.html;контакт без имени, номер сохранён;;;+7(3463) 23-12-03;;Приемная;https://www.uganskteplo.ru/контакты/телефоны/
8604048754;lc_8604048754_4.html;контакт без имени, номер сохранён;;;8 (3463) 23-12-03;;Общий телефон организации;https://uganskteplo.ru/management
8605003932;lc_8605003932_1.html;контакт без имени, номер сохранён;;;;odo.sn-mng@gazprom-neft.ru;Контакты (официальный ящик ПАО «СН-МНГ»);https://sn-mng.ru/contacts
8605003932;lc_8605003932_1.html;контакт без имени, номер сохранён;;;+7 (34643) 4-92-97;ukk-snmng@gazprom-neft.ru;Контакты для СМИ;https://sn-mng.ru/contacts
8605003932;lc_8605003932_3.html;контакт без имени, номер сохранён;;;;odo.sn-mng@gazprom-neft.ru;Контакты (официальный ящик ПАО «СН-МНГ»);https://sn-mng.ru/management
8605003932;lc_8605003932_3.html;контакт без имени, номер сохранён;;;+7 (34643) 4-92-97;ukk-snmng@gazprom-neft.ru;Контакты для СМИ;https://sn-mng.ru/management
8605003932;lc_8605003932_4.html;контакт без имени, номер сохранён;;;;odo.sn-mng@gazprom-neft.ru;Контакты (официальный ящик ПАО «СН-МНГ»);https://sn-mng.ru/struktura
8605003932;lc_8605003932_4.html;контакт без имени, номер сохранён;;;+7 (34643) 4-92-97;ukk-snmng@gazprom-neft.ru;Контакты для СМИ;https://sn-mng.ru/struktura
9701011913;lc_9701011913_0.html;контакт без имени, номер сохранён;;;+7(495) 739-01-60;zndkh.info@nestro.ru;Московский офис «ЗАРУБЕЖНЕФТЬ-добыча Харьяга»;https://zndkh.ru/contacts/
9701011913;lc_9701011913_0.html;контакт без имени, номер сохранён;;;+7 (915) 049-17-86;ZNDKH.hotline@nestro.ru;Горячая линия безопасности (Управление собственной безопасности);https://zndkh.ru/contacts/
9701011913;lc_9701011913_0.html;контакт без имени, номер сохранён;;;+7 (800) 101-08-00;security_hotline@nestro.ru;Горячая линия безопасности АО «Зарубежнефть»;https://zndkh.ru/contacts/
9701011913;lc_9701011913_0.html;контакт без имени, номер сохранён;;;+7 (495) 748-20-84;;Горячая линия безопасности АО «Зарубежнефть»;https://zndkh.ru/contacts/
9701011913;lc_9701011913_0.html;контакт без имени, номер сохранён;;;+7 (985) 874-15-87;;Горячая линия безопасности АО «Зарубежнефть» (WhatsApp и Telegram);https://zndkh.ru/contacts/
9701011913;lc_9701011913_3.html;контакт без имени, номер сохранён;;;+7(495) 739-01-60;zndkh.info@nestro.ru;Московский офис «ЗАРУБЕЖНЕФТЬ-добыча Харьяга»;https://zndkh.ru/contacts
9701011913;lc_9701011913_3.html;контакт без имени, номер сохранён;;;+7 (915) 049-17-86;ZNDKH.hotline@nestro.ru;Горячая линия безопасности ООО «ЗАРУБЕЖНЕФТЬ-добыча Харьяга»;https://zndkh.ru/contacts
9701011913;lc_9701011913_3.html;контакт без имени, номер сохранён;;;+7 (800) 101-08-00;security_hotline@nestro.ru;Горячая линия безопасности АО «Зарубежнефть»;https://zndkh.ru/contacts
9701011913;lc_9701011913_3.html;контакт без имени, номер сохранён;;;+7 (495) 748-20-84;security_hotline@nestro.ru;Горячая линия безопасности АО «Зарубежнефть»;https://zndkh.ru/contacts
9701011913;lc_9701011913_3.html;контакт без имени, номер сохранён;;;+7 (985) 874-15-87;;Горячая линия безопасности АО «Зарубежнефть» (WhatsApp и Telegram);https://zndkh.ru/contacts
9701011913;lc_9701011913_4.html;контакт без имени, номер сохранён;;;+7(495) 739-01-60;;Общий телефон;https://zndkh.ru/rukovodstvo
9701011913;lc_9701011913_5.html;контакт без имени, номер сохранён;;;+7(495) 739-01-60;;Общий номер;https://zndkh.ru/management
;prod_0276178778_246790797.html;контакт без имени, номер сохранён;;;+7 (347) 222-45-06;;Контакт-центр;
;prod_0276178778_246790797.html;контакт без имени, номер сохранён;;;8 800 3478003;;Горячая линия;
;prod_0276178778_246790797.html;контакт без имени, номер сохранён;;;+7 (347) 223-43-83;mail@sahufa.ru, mup-sah@yandex.ru;Приемная;
;prod_0276178778_736281257.html;контакт без имени, номер сохранён;;;+7 (347) 223-43-83;mup-sah@yandex.ru;Телефон приёмной;
;prod_0276178778_736281257.html;контакт без имени, номер сохранён;;;+7 (347) 222-45-06;mail@sahufa.ru;Телефон контакт-центра;
;prod_0276178778_736281257.html;контакт без имени, номер сохранён;;;8 800 3478003;;Горячая линия;
;prod_0276178778_871303988.html;контакт без имени, номер сохранён;;;+7 (347) 223-43-83;mail@sahufa.ru;приемная;
;prod_0276178778_871303988.html;контакт без имени, номер сохранён;;;+7 (347) 222-45-06;;контакт-центр;
;prod_0276178778_871303988.html;контакт без имени, номер сохранён;;;8 800 3478003;;горячая линия;
;prod_0276178778_95911504.html;контакт без имени, номер сохранён;;;+7 (347) 222-45-06;;контакт-центр;
;prod_0276178778_95911504.html;контакт без имени, номер сохранён;;;8 800 3478003;;горячая линия;
;prod_0276178778_95911504.html;контакт без имени, номер сохранён;;;+7 (347) 223-43-83;mail@sahufa.ru;приемная;
;prod_0278039018_435974693.html;контакт без имени, номер сохранён;;;+7 (347) 279-25-39;;Отдел подготовки и проведения торгов;
;prod_0278039018_435974693.html;контакт без имени, номер сохранён;;;+7 (347) 279-25-25;tnural@ufa.transneft.ru;Общие контакты организации;
;prod_0278039018_47616503.html;контакт без имени, номер сохранён;;;+7 (347) 279-25-25;tnural@ufa.transneft.ru;Общий номер / Контакты;
;prod_0278039018_656091366.html;контакт без имени, номер сохранён;;;+7 (347) 279-25-25;tnural@ufa.transneft.ru;Контакты АО «Транснефть – Урал» (общий номер);
;prod_0278039018_656091366.html;контакт без имени, номер сохранён;;;;confidence@ufa.transneft.ru;Управление безопасности;
;prod_0278039018_656091366.html;контакт без имени, номер сохранён;;;+7 (347) 279-25-31;NikolaevaKA@ufa.transneft.ru;Служба общественных коммуникаций (пресс-служба);
;prod_1434031363_246660137.html;контакт без имени, номер сохранён;;;+7 4212 30-49-14;;Факс;
;prod_1434031363_246660137.html;контакт без имени, номер сохранён;;;+7 495 785 09 37;;"Линия доверия ПАО ""РусГидро""";
;prod_1434031363_483323894.html;контакт без имени, номер сохранён;;;+7 4212 30-49-14;;Факс;
;prod_1434031363_483323894.html;контакт без имени, номер сохранён;;;+7 495 785 09 37;;"Линия доверия ПАО ""РусГидро""";
;prod_1434031363_557486709.html;контакт без имени, номер сохранён;;;(4212) 30-49-14, (4212) 26-43-59;dgk@dgk.ru;Приёмная Исполнительного аппарата АО «ДГК»;
;prod_1434031363_557486709.html;контакт без имени, номер сохранён;;;+7 495 785 09 37;;Линия доверия ПАО «РусГидро»;
;prod_1434031363_592404413.html;контакт без имени, номер сохранён;;;+7 4212 30-49-14;;Факс;
;prod_1434031363_592404413.html;контакт без имени, номер сохранён;;;+7 495 785 09 37;;"Линия доверия ПАО ""РусГидро""";
;prod_1434031363_781179125.html;контакт без имени, номер сохранён;;;+7 4212 30-49-14;;Факс;
;prod_1434031363_781179125.html;контакт без имени, номер сохранён;;;+7 495 785 09 37;;"Линия доверия ПАО ""РусГидро""";
;prod_1434031363_967970836.html;контакт без имени, номер сохранён;;;8(42142) 3-46-82;secretar-ATEC1@dgk.ru;Приемная;
;prod_1434031363_967970836.html;контакт без имени, номер сохранён;;;(4216) 398-339;doc-ats@dgk.ru;Приемная;
;prod_1434031363_967970836.html;контакт без имени, номер сохранён;;;8-42337-45055;artec@dgk.ru;Приемная;
;prod_1434031363_967970836.html;контакт без имени, номер сохранён;;;(426622) 9-27-03;priemnaya-btec@dgk.ru;Приемная;
;prod_1434031363_967970836.html;контакт без имени, номер сохранён;;;8(4162) 39-83-59;doc-btec@dgk.ru;Приемная;
;prod_1434031363_967970836.html;контакт без имени, номер сохранён;;;8(423) 262-96-59;referent-vtec2@dgk.ru;Приемная;
;prod_1434031363_967970836.html;контакт без имени, номер сохранён;;;+7 (4217) 23-33-59, +7 (4217) 54-19-44;ktec-2@dgk.ru;Приемная;
;prod_1434031363_967970836.html;контакт без имени, номер сохранён;;;8(4217) 54-12-07;priemnaya-ktec3@dgk.ru;Приемная;
;prod_1434031363_967970836.html;контакт без имени, номер сохранён;;;(4217) 23-32-10;priemnaya-kts@dgk.ru;Приемная;
;prod_1434031363_967970836.html;контакт без имени, номер сохранён;;;(411-47) 7-98-22;postmaster-ngres@dgk.ru;Приемная;
;prod_1434031363_967970836.html;контакт без имени, номер сохранён;;;(42135) 2-39-62;priem-ntec@dgk.ru;Приемная;
;prod_1434031363_967970836.html;контакт без имени, номер сохранён;;;(42363) 6-53-59;aho-pgres@dgk.ru;Приемная;
;prod_1434031363_967970836.html;контакт без имени, номер сохранён;;;8(423) 262-98-88;priemnaya-pts@dgk.ru;Приемная;
;prod_1434031363_967970836.html;контакт без имени, номер сохранён;;;8 (41647) 4-49-06;doc-rgres@dgk.ru;Приемная;
;prod_1434031363_967970836.html;контакт без имени, номер сохранён;;;8(4213) 8-642-59;priemnaya-SGTEC@dgk.ru;Приемная;
;prod_1434031363_967970836.html;контакт без имени, номер сохранён;;;(423) 2-62-99-59;priemnaya-vostok@dgk.ru;Приемная;
;prod_1434031363_967970836.html;контакт без имени, номер сохранён;;;(4212) 26-15-59;Priemnaya-htec1@dgk.ru;Приемная;
;prod_1434031363_967970836.html;контакт без имени, номер сохранён;;;(4212) 26-52-59;priemnaya-xtec2@dgk.ru;Приемная;
;prod_1434031363_967970836.html;контакт без имени, номер сохранён;;;(4212) 26-53-59;priemnaya-xt3@dgk.ru;Приемная;
;prod_1434031363_967970836.html;контакт без имени, номер сохранён;;;(4212) 26-56-59;priemnaya-xtc@dgk.ru;Приемная;
;prod_1434031363_967970836.html;контакт без имени, номер сохранён;;;(4212) 26-48-02;kazantceva-ma@dgk.ru;Приемная;
;prod_1434031363_967970836.html;контакт без имени, номер сохранён;;;(423-37) 9-55-09;priemnaya-shtec@dgk.ru;Приемная;
;prod_1434031363_967970836.html;контакт без имени, номер сохранён;;;+7 4212 30-49-14;;Общий факс;
;prod_1434031363_967970836.html;контакт без имени, номер сохранён;;;+7 495 785 09 37;;Многоканальный телефон;
;prod_2310040800_163713883.html;контакт без имени, номер сохранён;;;+7 (861) 216-60-00;Krasnodar.Reception@cpcpipe.ru;Общий номер / Приёмная;
;prod_2310040800_163713883.html;контакт без имени, номер сохранён;;;+7 (861) 216-60-00;Krasnodar.Reception@cpcpipe.ru;Общий номер / Приёмная;
;prod_2310040800_163713883.html;контакт без имени, номер сохранён;;;+7 (8512) 271389;Elista.reception@cpcpipe.ru;Общий номер / Приёмная;
;prod_2310040800_163713883.html;контакт без имени, номер сохранён;;;+7 (8512) 31-14-00, 31-14-99;Astrakhan.reception@cpcpipe.ru;Общий номер / Приёмная;
;prod_2310040800_163713883.html;контакт без имени, номер сохранён;;;+7 (8617) 29-43-00;Novorossiysk.Reception@cpcpipe.ru;Общий номер / Приёмная;
;prod_2310040800_163713883.html;контакт без имени, номер сохранён;;;+7 (8617) 29-40-00;MarineTerminal.Reception@cpcpipe.ru;Общий номер / Приёмная;
;prod_2310040800_163713883.html;контакт без имени, номер сохранён;;;+7 (495) 966-50-00;Moscow.reception@cpcpipe.ru;Общий номер / Приёмная;
;prod_2310040800_163713883.html;контакт без имени, номер сохранён;;;+7 (7172) 79-17-00;;Общий номер / Приёмная;
;prod_2310040800_163713883.html;контакт без имени, номер сохранён;;;+7 (7122) 76-15-00, 76-15-99;;Общий номер / Приёмная;
;prod_2426003607_653541718.html;контакт без имени, номер сохранён;;;391 23-40-919;office@goknok.ru;Прямой телефон приемной;
;prod_2426003607_653541718.html;контакт без имени, номер сохранён;;;8-(391)-222-07-83;hohryakov@goknok.ru;ОМТС г. Красноярска;
;prod_2426003607_653541718.html;контакт без имени, номер сохранён;;;391 2-220-781;info@goknok.ru;Представительство в Красноярске;
;prod_2426003607_653541718.html;контакт без имени, номер сохранён;;;8-(391)-226-65-53;ok-nok@goknok.ru;Отдел кадров;
;prod_2426003607_774165197.html;контакт без имени, номер сохранён;;;391 23-40-959;office@goknok.ru;Многоканальный телефон / Приемная;
;prod_2426003607_774165197.html;контакт без имени, номер сохранён;;;391 23-40-919;;Прямой телефон приемной;
;prod_2426003607_774165197.html;контакт без имени, номер сохранён;;;391 2-220-781;info@goknok.ru;Представительство в Красноярске;
;prod_2426003607_774165197.html;контакт без имени, номер сохранён;;;8-(391)-222-07-83;hohryakov@goknok.ru;ОМТС г. Красноярска;
;prod_2426003607_774165197.html;контакт без имени, номер сохранён;;;8-(391)-226-65-53;ok-nok@goknok.ru;Отдел кадров;
;prod_2426003607_996676978.html;контакт без имени, номер сохранён;;;391 23-40-919;office@goknok.ru;Приемная;
;prod_2426003607_996676978.html;контакт без имени, номер сохранён;;;391 2-220-781;info@goknok.ru;Представительство в Красноярске;
;prod_2426003607_996676978.html;контакт без имени, номер сохранён;;;8-(391)-222-07-83;hohryakov@goknok.ru;ОМТС г. Красноярска;
;prod_2426003607_996676978.html;контакт без имени, номер сохранён;;;8-(391)-226-65-53;ok-nok@goknok.ru;Отдел кадров;
;prod_2723188252_794114561.html;контакт без имени, номер сохранён;;;+7 (4217) 529-502;info@amurstal.com;Приемная генерального директора;
;prod_2723188252_794114561.html;контакт без имени, номер сохранён;;Директор по коммуникациям;+7(4217) 529-504;media@amurstal.com;Взаимодействие со СМИ;
;prod_2723188252_794114561.html;контакт без имени, номер сохранён;;Ведущий специалист по связям с общественностью;+7(4217) 529-463;;Взаимодействие со СМИ;
;prod_2723188252_794114561.html;контакт без имени, номер сохранён;;Специалист по связям с общественностью;+7(4217) 529-352;;Взаимодействие со СМИ;
;prod_2723188252_794114561.html;контакт без имени, номер сохранён;;;;infosb@amurstal.com;Горячая линия безопасности;
;prod_2723188252_794114561.html;контакт без имени, номер сохранён;;Директор по снабжению - начальник управления;;zakupki@amurstal.com;Закупки;
;prod_2723188252_794114561.html;контакт без имени, номер сохранён;;Начальник отдела сырьевых материалов;;zakupkiOSM@amurstal.com;Закупки;
;prod_2723188252_794114561.html;контакт без имени, номер сохранён;;Начальник отдела оборудования;;zakupkiOO@amurstal.com;Закупки;
;prod_2723188252_794114561.html;контакт без имени, номер сохранён;;Начальник отдела вспомогательных материалов;;zakupkiOVM@amurstal.com;Закупки;
;prod_2723188252_794114561.html;контакт без имени, номер сохранён;;Начальник отдела промышленных услуг;;zakupkiOU@amurstal.com;Закупки;
;prod_2723188252_794114561.html;контакт без имени, номер сохранён;;;+7(4217) 529-567;;Управление снабжения;
;prod_2723188252_794114561.html;контакт без имени, номер сохранён;;;+7(4217) 529-527;BorisovaSE@amurstal.com;Реализация металлопроката и прочей продукции;
;prod_2723188252_794114561.html;контакт без имени, номер сохранён;;;+7(4217) 529-639;ShlomovaAA@amurstal.com;Реализация металлопроката и прочей продукции;
;prod_2723188252_794114561.html;контакт без имени, номер сохранён;;;+7(4217) 529-401;SamsonovaAK@amurstal.com;Реализация металлопроката и прочей продукции;
;prod_2723188252_794114561.html;контакт без имени, номер сохранён;;;+7 984 139 94 94;PetrikovDYu@amurstal.com;;
;prod_2723188252_794114561.html;контакт без имени, номер сохранён;;;+7 962 580 43 74;LoginovAV@amurstal.com;;
;prod_2723188252_794114561.html;контакт без имени, номер сохранён;;;+7 968 170 02 74;KushnarevEV@amurstal.com;;
;prod_2723188252_794114561.html;контакт без имени, номер сохранён;;;+7 968 170 02 73;SukhachevAA@amurstal.com;;
;prod_2723188252_794114561.html;контакт без имени, номер сохранён;;;+7 924 249 59 83;PoseryaevaLP@amurstal.com;;
;prod_2723188252_794114561.html;контакт без имени, номер сохранён;;;+7 924 241 08 12;PonomarenkoVG@amurstal.com;;
;prod_2723188252_794114561.html;контакт без имени, номер сохранён;;;+7 914 373 0462;PermyakovaEV@amurstal.com;;
;prod_2723188252_794114561.html;контакт без имени, номер сохранён;;;+7 962 297 9564;tsyganovdv@amurstal.com;;
;prod_2723188252_794114561.html;контакт без имени, номер сохранён;;Ведущий инженер по работе с неликвидными товарно-материальными ценностями;+7(4217) 529-688, +7(901) 462-87-93;nelikvid@amurstal.com;Реализация неликвидов;
;prod_2723188252_794114561.html;контакт без имени, номер сохранён;;Начальник отдела кадров;+7 (4217) 529-514;BaranovskiyPV@amurstal.com;Подбор персонала;
;prod_2723188252_794114561.html;контакт без имени, номер сохранён;;Специалисты по кадрам (подбор персонала);+7 (4217) 529-315, +7 (4217) 529-444, +7 909 827 60 56;kadr@amurstal.com;Подбор персонала;
;prod_2723188252_794114561.html;контакт без имени, номер сохранён;;;+7 (4217) 529-354;SorokoumovDI@amurstal.com;Транспортные перевозки;
;prod_2723188252_794114561.html;контакт без имени, номер сохранён;;;+7 (4217) 529-502;;Общий номер;
;prod_3435900563_223048200.html;контакт без имени, номер сохранён;;;+7 (8443) 22-57-37;info@zos-v.ru;Телефон справочной службы;
;prod_3627000397_489916131.html;контакт без имени, номер сохранён;;;8 (47396) 9-64-98, 8 (47396) 9-64-99;;Продажа на внутренний рынок;
;prod_3627000397_489916131.html;контакт без имени, номер сохранён;;;8 (47396) 9-64-72;commerce@minudo.ru;Продажа на внешний рынок;
;prod_3627000397_656520420.html;контакт без имени, номер сохранён;;;8(473)206-65-69;ao@minudo.ru;Единый номер информационной службы АО «Минудобрения»;
;prod_3627000397_656520420.html;контакт без имени, номер сохранён;;;;priem_id@minudo.ru;Приемная Исполнительного директора;
;prod_3627000397_656520420.html;контакт без имени, номер сохранён;;;+7 (47396) 9-64-03;egl@minudo.ru;Единая Горячая Линия;
;prod_3801079671_206349745.html;контакт без имени, номер сохранён;;;+7 (3953) 300-639;;Пресс-служба;
;prod_3801079671_206349745.html;контакт без имени, номер сохранён;;;+7 (3953) 300-774;;Пресс-служба;
;prod_3801079671_206349745.html;контакт без имени, номер сохранён;;;+7 (3953) 300-709;vp_vsmn@transneft.ru;Общие контакты;
;prod_3801079671_206349745.html;контакт без имени, номер сохранён;;;+7 (3953) 300-701;;Общие контакты;
;prod_3801079671_206349745.html;контакт без имени, номер сохранён;;;+7 (3953) 300-727;;Общие контакты;
;prod_3801079671_531099696.html;контакт без имени, номер сохранён;;;+7 (3953) 300-701, +7 (3953) 300-709, +7 (3953) 300-727;vp_vsmn@transneft.ru;Отдел делопроизводства;
;prod_3801079671_531099696.html;контакт без имени, номер сохранён;;;+7 (3953) 300-774, +7 (3953) 300-639;press@vsmn.transneft.ru;Служба общественных коммуникаций (пресс-служба);
;prod_3801079671_531099696.html;контакт без имени, номер сохранён;;;+7 (3953) 300-745, +7 (3953) 300-746;resume@vsmn.transneft.ru;Отдел кадров;
;prod_3801079671_571287010.html;контакт без имени, номер сохранён;;;+7 (3953) 300-709;vp_vsmn@transneft.ru;Общий номер компании / приёмная;
;prod_3801079671_571287010.html;контакт без имени, номер сохранён;;;+7 (3953) 300-701;;Общий номер компании / приёмная;
;prod_3801079671_571287010.html;контакт без имени, номер сохранён;;;+7 (3953) 300-727;;Общий номер компании / приёмная;
;prod_3801079671_971397716.html;контакт без имени, номер сохранён;;;+7 (3953) 33-25-67;;По финансово-экономическим вопросам: Аппарат управления;
;prod_3801079671_971397716.html;контакт без имени, номер сохранён;;;+7 (3953) 33-25-40;;По финансово-экономическим вопросам: Аппарат управления;
;prod_3801079671_971397716.html;контакт без имени, номер сохранён;;;+7 (3955) 699-548;;По финансово-экономическим вопросам: Иркутское РНУ;
;prod_3801079671_971397716.html;контакт без имени, номер сохранён;;;+7 (41137)2-11-34;;По финансово-экономическим вопросам: Ленское РНУ;
;prod_3801079671_971397716.html;контакт без имени, номер сохранён;;;+7 (41147) 2-13-30;;По финансово-экономическим вопросам: Нерюнгринское РНУ;
;prod_3801079671_971397716.html;контакт без имени, номер сохранён;;;+7 (3953) 300-709;vp_vsmn@transneft.ru;Общие контакты;
;prod_3801079671_971397716.html;контакт без имени, номер сохранён;;;+7 (3953) 300-701;;Общие контакты;
;prod_3801079671_971397716.html;контакт без имени, номер сохранён;;;+7 (3953) 300-727;;Общие контакты;
;prod_3808229774_592751900.html;контакт без имени, номер сохранён;;;8 (395) 279-02-01;;Контакты;
;prod_4100000668_107499435.html;контакт без имени, номер сохранён;;;8 (800) 234-29-39;kamenergo@rushydro.ru;Горячая линия;
;prod_4100000668_107499435.html;контакт без имени, номер сохранён;;;+7 (495) 780-73-63;;«Горячая линия» для акционеров;
;prod_4100000668_107499435.html;контакт без имени, номер сохранён;;;+7 (495) 989-76-50;;«Горячая линия» для акционеров;
;prod_4100000668_20399478.html;контакт без имени, номер сохранён;;;(4152) 21-48-49;;Приемная;
;prod_4100000668_20399478.html;контакт без имени, номер сохранён;;;8 (800) 234-29-39;kamenergo@rushydro.ru;Горячая линия;
;prod_4100000668_20399478.html;контакт без имени, номер сохранён;;;+7 (495) 780-73-63;;Горячая линия для акционеров;
;prod_4100000668_20399478.html;контакт без имени, номер сохранён;;;+7 (495) 989-76-50;;Горячая линия для акционеров;
;prod_4100000668_291810095.html;контакт без имени, номер сохранён;;;8 (800) 234-29-39;kamenergo@rushydro.ru;Горячая линия;
;prod_4100000668_291810095.html;контакт без имени, номер сохранён;;;+7 (495) 780-73-63;;«Горячая линия» для акционеров;
;prod_4100000668_291810095.html;контакт без имени, номер сохранён;;;+7 (495) 989-76-50;;«Горячая линия» для акционеров;
;prod_4100000668_388451461.html;контакт без имени, номер сохранён;;;8 (800) 234-29-39;kamenergo@rushydro.ru;Горячая линия;
;prod_4100000668_388451461.html;контакт без имени, номер сохранён;;;+7 (495) 780-73-63;;«Горячая линия» для акционеров;
;prod_4100000668_388451461.html;контакт без имени, номер сохранён;;;+7 (495) 989-76-50;;«Горячая линия» для акционеров;
;prod_4100000668_439747870.html;контакт без имени, номер сохранён;;;8 (800) 234-29-39;;Горячая линия;
;prod_4100000668_439747870.html;контакт без имени, номер сохранён;;;;kamenergo@rushydro.ru;Общий email компании;
;prod_4100000668_439747870.html;контакт без имени, номер сохранён;;;+7 (495) 780-73-63;;Общий телефон;
;prod_4100000668_439747870.html;контакт без имени, номер сохранён;;;+7 (495) 989-76-50;;«Горячая линия» для акционеров;
;prod_4100000668_472958707.html;контакт без имени, номер сохранён;;;8 (800) 234-29-39;kamenergo@rushydro.ru;Горячая линия;
;prod_4100000668_472958707.html;контакт без имени, номер сохранён;;;+7 (495) 780-73-63;;«Горячая линия» для акционеров;
;prod_4100000668_472958707.html;контакт без имени, номер сохранён;;;+7 (495) 989-76-50;;«Горячая линия» для акционеров;
;prod_4100000668_637597655.html;контакт без имени, номер сохранён;;;8(4152)49-09-00;Priemnaya@kamch.dvec.ru;Приемная;
;prod_4100000668_668699231.html;контакт без имени, номер сохранён;;;8 (800) 234-29-39;kamenergo@rushydro.ru;Горячая линия;
;prod_4100000668_668699231.html;контакт без имени, номер сохранён;;;+7 (495) 780-73-63;;«Горячая линия» для акционеров;
;prod_4100000668_668699231.html;контакт без имени, номер сохранён;;;+7 (495) 989-76-50;;«Горячая линия» для акционеров;
;prod_4100000668_95413686.html;контакт без имени, номер сохранён;;;(4152) 307-459;;Приемная;
;prod_4100000668_95413686.html;контакт без имени, номер сохранён;;;8 (800) 234-29-39;kamenergo@rushydro.ru;Горячая линия;
;prod_4100000668_95413686.html;контакт без имени, номер сохранён;;;+7 (495) 780-73-63;;Горячая линия для акционеров;
;prod_4100000668_95413686.html;контакт без имени, номер сохранён;;;+7 (495) 989-76-50;;Горячая линия для акционеров;
;prod_4100000668_989395550.html;контакт без имени, номер сохранён;;;(4152) 201-999;;Приемная;
;prod_4100000668_989395550.html;контакт без имени, номер сохранён;;;8 (800) 234-29-39;kamenergo@rushydro.ru;Горячая линия;
;prod_4100000668_989395550.html;контакт без имени, номер сохранён;;;+7 (495) 780-73-63;;«Горячая линия» для акционеров;
;prod_4100000668_989395550.html;контакт без имени, номер сохранён;;;+7 (495) 989-76-50;;«Горячая линия» для акционеров;
;prod_5005038631_269388916.html;контакт без имени, номер сохранён;;;8 (496) 44-55-282;;Административный центр Воскресенский;
;prod_5005038631_384091270.html;контакт без имени, номер сохранён;;;8 (496) 44-55-282;bgkh@bgkh.ru;Общий номер / Контакты организации;
;prod_5005038631_384091270.html;контакт без имени, номер сохранён;;;8 (496) 44-51-244;;Телефон диспетчерской службы по вопросам Водоснабжения и водоотведения в ЧАСТНОМ СЕКТОРЕ;
;prod_5005038631_384091270.html;контакт без имени, номер сохранён;;;8-800-775-00-60;;Телефон диспетчерской службы по вопросам УПРАВЛЯЮЩЕЙ ОРГАНИЗАЦИИ;
;prod_5005038631_384091270.html;контакт без имени, номер сохранён;;;8-499-605-25-60;;Телефон диспетчерской службы по вопросам УПРАВЛЯЮЩЕЙ ОРГАНИЗАЦИИ;
;prod_5005038631_596345638.html;контакт без имени, номер сохранён;;;8 (496) 44-55-282;;Общий номер / Контакты;
;prod_5048052077_752968266.html;контакт без имени, номер сохранён;;Генеральный директор МП «ЖКХ Чеховского района»;722-18-95;;МП «ЖКХ Чеховского района»;
;prod_5048052077_752968266.html;контакт без имени, номер сохранён;;Директор «Теплосеть»;726-64-76;;Теплосеть;
;prod_5048052077_752968266.html;контакт без имени, номер сохранён;;Директор «Водоканал»;722-13-72;;Водоканал;
;prod_5048052077_752968266.html;контакт без имени, номер сохранён;;Директор ПТЭЖФ;726-53-58;;Предприятие технической эксплуатации жилищного фонда;
;prod_5048052077_752968266.html;контакт без имени, номер сохранён;;Главный инженер Предприятия технической эксплуатации жилищного фонда;723-55-72;;Предприятие технической эксплуатации жилищного фонда;
;prod_5048052077_752968266.html;контакт без имени, номер сохранён;;начальник ЖРЭУ-1;722-42-75;;ЖРЭУ-1;
;prod_5048052077_752968266.html;контакт без имени, номер сохранён;;начальник ЖРЭУ-2;726-86-56;;ЖРЭУ-2;
;prod_5048052077_752968266.html;контакт без имени, номер сохранён;;начальник ЖРЭУ-3;722-36-93;;ЖРЭУ-3;
;prod_5048052077_752968266.html;контакт без имени, номер сохранён;;начальник;724-51-40;;ЖРЭУ-4;
;prod_5048052077_752968266.html;контакт без имени, номер сохранён;;начальник ЖРЭУ-5;723-11-84;;ЖРЭУ-5;
;prod_5048052077_752968266.html;контакт без имени, номер сохранён;;Начальник;8 985-385-79-27;;ПТУ-1;
;prod_5048052077_752968266.html;контакт без имени, номер сохранён;;начальник;8 499-270-90-54;;ПТУ-2;
;prod_5048052077_752968266.html;контакт без имени, номер сохранён;;начальник;726-97-06;;ПТУ-3;
;prod_5048052077_752968266.html;контакт без имени, номер сохранён;;начальник;724-41-40;;ПТУ-4;
;prod_5048052077_752968266.html;контакт без имени, номер сохранён;;начальник;725-92-38;;ПТУ-5;
;prod_5048052077_752968266.html;контакт без имени, номер сохранён;;начальник;724-93-41;;ПТУ-6;
;prod_5048052077_752968266.html;контакт без имени, номер сохранён;;начальник;723-60-25;;ПТУ-7;
;prod_5048052077_752968266.html;контакт без имени, номер сохранён;;начальник;8-499-270-97-06;;ПТУ-8;
;prod_5048052077_752968266.html;контакт без имени, номер сохранён;;начальник;727-52-70;;ПТУ-9;
;prod_5048052077_752968266.html;контакт без имени, номер сохранён;;начальник;724-13-60;;ПТУ-10;
;prod_5048052077_752968266.html;контакт без имени, номер сохранён;;начальник;72-6-97-06;;ПТУ-11;
;prod_5048052077_752968266.html;контакт без имени, номер сохранён;;начальник;72;;ПТУ-12;
;prod_5048052077_752968266.html;контакт без имени, номер сохранён;;начальник;8-985-126-14-27;;ПТУ-13;
;prod_5048052077_752968266.html;контакт без имени, номер сохранён;;;8-496-722-18-95;aup@cgkh.ru;Приемная;
;prod_5048052077_752968266.html;контакт без имени, номер сохранён;;;8495-108-73-86;;ЦАДС Колл-Центр;
;prod_5048052077_752968266.html;контакт без имени, номер сохранён;;;726-64-73;;АДС «Теплосеть»;
;prod_5048052077_752968266.html;контакт без имени, номер сохранён;;;722-13-72;;Диспетчер «Водоканал»;
;prod_5048052077_752968266.html;контакт без имени, номер сохранён;;;8-496-722-26-23;;Диспетчерская СП «ТЕПЛОСЕТЬ»;
;prod_5048052077_752968266.html;контакт без имени, номер сохранён;;;8-496-726-79-35;;Диспетчерская СП «ВОДОКАНАЛ»;
;prod_5048052077_937773537.html;контакт без имени, номер сохранён;;;8-496-722-18-95;aup@cgkh.ru;Приёмная;
;prod_5214009264_193562970.html;контакт без имени, номер сохранён;;;+7 (831) 228-90-80;mkv@mkvolod.ru;Общие контакты;
;prod_5214009264_704413253.html;контакт без имени, номер сохранён;;;+7 (831) 228-90-80;mkv@mkvolod.ru;Общий номер / Приёмная;
;prod_5214009264_741254458.html;контакт без имени, номер сохранён;;;+7 (831) 228-90-80;mkv@mkvolod.ru;Общие контакты / Приёмная;
;prod_5214009264_900049292.html;контакт без имени, номер сохранён;;;+7 (831) 228-90-80;mkv@mkvolod.ru;Общий номер контактов предприятия;
;prod_5254001230_269440869.html;фамилии нет на странице (заслон против выдумки);Соловьев Вячеслав Петрович;Научный руководитель – директор ИТМФ;;;ИТМФ;
;prod_5254001230_269440869.html;контакт без имени, номер сохранён;;;8 (83130) 2-48-02;staff@vniief.ru;Общий номер / приёмная;
;prod_5254001230_666687427.html;контакт без имени, номер сохранён;;;8 (83130) 2-15-59;;Управление документационного обеспечения ФГУП «РФЯЦ-ВНИИЭФ» (Справочная информация по документам, поступающим в адрес директора РФЯЦ-ВНИИЭФ и главного инженера РФЯЦ-ВНИИЭФ);
;prod_5254001230_666687427.html;контакт без имени, номер сохранён;;;8 (83130) 2-15-47;;Управление документационного обеспечения ФГУП «РФЯЦ-ВНИИЭФ» (Приказной участок);
;prod_5254001230_666687427.html;контакт без имени, номер сохранён;;;8 (83130) 2-54-21;;Управление документационного обеспечения ФГУП «РФЯЦ-ВНИИЭФ» (ViРNet);
;prod_5254001230_666687427.html;контакт без имени, номер сохранён;;;8 (83130) 2-14-16;staff@vniief.ru;Управление документационного обеспечения ФГУП «РФЯЦ-ВНИИЭФ» (Электронная почта / Факс);
;prod_5254001230_666687427.html;контакт без имени, номер сохранён;;;8 (83130) 2-54-41;;Управление документационного обеспечения ФГУП «РФЯЦ-ВНИИЭФ» (Входящий участок);
;prod_5254001230_666687427.html;контакт без имени, номер сохранён;;;8 (83130) 2-14-23;;Управление документационного обеспечения ФГУП «РФЯЦ-ВНИИЭФ» (Исходящий участок);
;prod_5260123469_335809615.html;контакт без имени, номер сохранён;;;+7(831)215-20-70;sales@norchem.ru;Департамент продаж;
;prod_5260123469_335809615.html;контакт без имени, номер сохранён;;;+7 (831)282-33-72;mail@norchem.ru;Телефон приёмной / общие вопросы;
;prod_5260123469_335809615.html;контакт без имени, номер сохранён;;;+7(831)214-10-60;;Объединенная бухгалтерия;
;prod_5260123469_335809615.html;контакт без имени, номер сохранён;;Секретарь;+7(831)272-88-63;y.zotova@norchem.ru;Секретариат;
;prod_5260123469_335809615.html;контакт без имени, номер сохранён;;Секретарь;+7(831)282-33-72;t.gerasimova@norchem.ru;Секретариат;
;prod_5260123469_335809615.html;контакт без имени, номер сохранён;;Секретарь;+7(812)346-55-25;lo7@norchem.ru;Секретариат;
;prod_5501023216_101352008.html;контакт без имени, номер сохранён;;;+7 (495) 627-72-82;post@titan-group.ru;Общий номер;
;prod_5501023216_101352008.html;контакт без имени, номер сохранён;;;+7 (3812) 29-95-55;post@titan-group.ru;Общий номер;
;prod_5501023216_101352008.html;контакт без имени, номер сохранён;;;+7 (3812) 67-61-40;post@titan-group.ru;Канцелярия;
;prod_5501023216_101352008.html;контакт без имени, номер сохранён;;;+7 (8635) 21-22-54;info.ms.sm@titan-group.ru;Контакты ООО «Титан-СМ»;
;prod_5501023216_641545373.html;контакт без имени, номер сохранён;;;+7 (495) 627-72-82;post@titan-group.ru;Контакты в г. Москва;
;prod_5501023216_641545373.html;контакт без имени, номер сохранён;;;+7 (3812) 29-95-55;post@titan-group.ru;Контакты в г. Омск;
;prod_5501023216_641545373.html;контакт без имени, номер сохранён;;;+7 (3812) 67-61-40;post@titan-group.ru;Канцелярия в г. Омск;
;prod_5501023216_794098421.html;контакт без имени, номер сохранён;;;+7 (3812) 69-72-00;info.ok@titan-group.ru;Общий телефон АО «Омский каучук»;
;prod_5501023216_794098421.html;контакт без имени, номер сохранён;;;+7 (3812) 67-61-40;post@titan-group.ru;Канцелярия;
;prod_5501023216_794098421.html;контакт без имени, номер сохранён;;;+7 (3812) 29-95-55;post@titan-group.ru;Общий телефон офиса в г. Омск;
;prod_5501023216_794098421.html;контакт без имени, номер сохранён;;;+7 (495) 627-72-82;post@titan-group.ru;Общий телефон офиса в г. Москва;
;prod_5503109356_539483636.html;фамилии нет на странице (заслон против выдумки);Орлова Олеся Андреевна;секретарь приёмной руководителя;;;Приёмная руководителя;
;prod_5503109356_539483636.html;контакт без имени, номер сохранён;;;+7 (3812) 65-02-27;tgk.info@mail.ru;Телефон приёмной;
;prod_5503109356_56328511.html;контакт без имени, номер сохранён;;;+7 (3812) 65-02-27;tgk.info@mail.ru;Телефон приёмной;
;prod_5503109356_70637041.html;контакт без имени, номер сохранён;;;+7 (3812) 65-02-27;tgk.info@mail.ru;Телефон приёмной;
;prod_5610218014_719135227.html;контакт без имени, номер сохранён;;;+7 (3532) 91-37-53;orb-priemnaya@gazprom-neft.ru;Приёмная;
;prod_5610218014_719135227.html;контакт без имени, номер сохранён;;;+7 (3532) 91-37-53;;Документационный отдел;
;prod_5610218014_719135227.html;контакт без имени, номер сохранён;;;+7 (3532) 91-37-53;orb_ukk@gazprom-neft.ru;Контакты для СМИ;
;prod_5615002700_422255872.html;контакт без имени, номер сохранён;;;+7 (3537) 34-21-11;mail@ornpz.ru;Справочная служба завода;
;prod_5615002700_666224848.html;контакт без имени, номер сохранён;;;+7 (3537) 34-21-11;mail@ornpz.ru;Общий номер;
;prod_5911013780_1080493.html;контакт без имени, номер сохранён;;;8 (3424) 28-41-01;;Приёмная №1;
;prod_5911013780_1080493.html;контакт без имени, номер сохранён;;;8 (3424) 28-41-10;;Приёмная №2;
;prod_5911013780_1080493.html;контакт без имени, номер сохранён;;;+7(3424) 28-43-00;;Горячая линия;
;prod_5911013780_665989031.html;контакт без имени, номер сохранён;;;+7(3424) 28-43-00;;Горячая линия;
;prod_5911013780_665989031.html;контакт без имени, номер сохранён;;;+7(3424) 284-101;mail@bsz.ru;Общий телефон предприятия;
;prod_5911013780_91905800.html;контакт без имени, номер сохранён;;;+7(3424) 28-43-00;;Горячая линия;
;prod_5911013780_91905800.html;контакт без имени, номер сохранён;;;+7(3424) 284-101;mail@bsz.ru;Общий номер;
;prod_5920014645_548017032.html;контакт без имени, номер сохранён;;;+7 (34241) 7-15-75;uos@uos.ru;По всем интересующим вопросам;
;prod_6167055777_274275674.html;контакт без имени, номер сохранён;;;8 (800) 500-77-07;contact@grain.ru;Общий номер;
;prod_6167055777_900938410.html;контакт без имени, номер сохранён;;;8 (800) 500-77-07;contact@grain.ru;Общий контакт компании;
;prod_6315376946_17562045.html;контакт без имени, номер сохранён;;;+7 (495) 980-59-00;info@tplusgroup.ru;Телефон приемной;
;prod_6315376946_17562045.html;контакт без имени, номер сохранён;;;+7 (495) 740-00-00;info@tplusgroup.ru;Телефон приемной;
;prod_6315376946_17562045.html;контакт без имени, номер сохранён;;;8 (800) 700-06-06;hotline@tplusgroup.ru;Горячая антикоррупционная линия;
;prod_6315376946_178710561.html;контакт без имени, номер сохранён;;;+7 (495) 980-59-00;press-center@tplusgroup.ru;"Пресс-служба ПАО ""Т Плюс""";
;prod_6315376946_178710561.html;контакт без имени, номер сохранён;;;+7 (495) 980-59-00;info@tplusgroup.ru;Телефон приемной ПАО «Т Плюс»;
;prod_6315376946_178710561.html;контакт без имени, номер сохранён;;;+7 (495) 740-00-00;info@tplusgroup.ru;Телефон приемной ПАО «Т Плюс»;
;prod_6315376946_178710561.html;контакт без имени, номер сохранён;;;8 (800) 700-06-06;hotline@tplusgroup.ru;Горячая антикоррупционная линия;
;prod_6315376946_24568661.html;контакт без имени, номер сохранён;;;+7 (495) 980-59-00;info@tplusgroup.ru;Приемная;
;prod_6315376946_24568661.html;контакт без имени, номер сохранён;;;+7 (495) 740-00-00;;Приемная;
;prod_6315376946_24568661.html;контакт без имени, номер сохранён;;;8 (800) 700-06-06;hotline@tplusgroup.ru;Горячая антикоррупционная линия;
;prod_6315376946_288582884.html;контакт без имени, номер сохранён;;;+7 (495) 980-59-00;info@tplusgroup.ru;Приемная;
;prod_6315376946_288582884.html;контакт без имени, номер сохранён;;;+7 (495) 740-00-00;info@tplusgroup.ru;Приемная;
;prod_6315376946_288582884.html;контакт без имени, номер сохранён;;;8 (800) 700-06-06;hotline@tplusgroup.ru;Горячая антикоррупционная линия;
;prod_6315376946_294898281.html;контакт без имени, номер сохранён;;;+7 (495) 980-59-00;info@tplusgroup.ru;Приемная;
;prod_6315376946_294898281.html;контакт без имени, номер сохранён;;;+7 (495) 740-00-00;info@tplusgroup.ru;Приемная;
;prod_6315376946_294898281.html;контакт без имени, номер сохранён;;;8 (800) 700-06-06;hotline@tplusgroup.ru;Горячая линия;
;prod_6315376946_294898281.html;контакт без имени, номер сохранён;;;8 (800) 700-10-32;;Центр поддержки клиентов;
;prod_6315376946_303861740.html;контакт без имени, номер сохранён;;;+7 (495) 980-59-00;press-center@tplusgroup.ru;Пресс-служба;
;prod_6315376946_303861740.html;контакт без имени, номер сохранён;;;+7 (495) 980-59-00, +7 (495) 740-00-00;info@tplusgroup.ru;Приемная;
;prod_6315376946_303861740.html;контакт без имени, номер сохранён;;;8 (800) 700-06-06;hotline@tplusgroup.ru;Горячая антикоррупционная линия;
;prod_6315376946_31013275.html;контакт без имени, номер сохранён;;;+7 (495) 980-59-00;press-center@tplusgroup.ru;Пресс-служба ПАО «Т Плюс»;
;prod_6315376946_31013275.html;контакт без имени, номер сохранён;;;+7 (495) 980-59-00;info@tplusgroup.ru;Телефон приемной ПАО «Т Плюс»;
;prod_6315376946_31013275.html;контакт без имени, номер сохранён;;;+7 (495) 740-00-00;info@tplusgroup.ru;Телефон приемной ПАО «Т Плюс»;
;prod_6315376946_31013275.html;контакт без имени, номер сохранён;;;8 (800) 700-06-06;hotline@tplusgroup.ru;Горячая антикоррупционная линия;
;prod_6315376946_338699802.html;контакт без имени, номер сохранён;;;+7 (495) 980-59-00, +7 (495) 740-00-00;info@tplusgroup.ru;Телефон приемной;
;prod_6315376946_338699802.html;контакт без имени, номер сохранён;;;8 (800) 700-06-06;hotline@tplusgroup.ru;Горячая антикоррупционная линия;
;prod_6315376946_365389693.html;контакт без имени, номер сохранён;;;+7 (495) 980-59-00;press-center@tplusgroup.ru;Пресс-служба ПАО «Т Плюс»;
;prod_6315376946_365389693.html;контакт без имени, номер сохранён;;;+7 (495) 980-59-00;info@tplusgroup.ru;Приемная ПАО «Т Плюс»;
;prod_6315376946_365389693.html;контакт без имени, номер сохранён;;;+7 (495) 740-00-00;info@tplusgroup.ru;Приемная ПАО «Т Плюс»;
;prod_6315376946_365389693.html;контакт без имени, номер сохранён;;;8 (800) 700-06-06;hotline@tplusgroup.ru;Горячая антикоррупционная линия;
;prod_6315376946_382413225.html;контакт без имени, номер сохранён;;;+7 (495) 980-59-00;info@tplusgroup.ru;Телефон приемной;
;prod_6315376946_382413225.html;контакт без имени, номер сохранён;;;+7 (495) 740-00-00;info@tplusgroup.ru;Телефон приемной;
;prod_6315376946_382413225.html;контакт без имени, номер сохранён;;;8 (800) 700-06-06;hotline@tplusgroup.ru;Горячая антикоррупционная линия;
;prod_6315376946_446870765.html;контакт без имени, номер сохранён;;;+7 (495) 980-59-00;info@tplusgroup.ru;Телефон приемной;
;prod_6315376946_446870765.html;контакт без имени, номер сохранён;;;+7 (495) 740-00-00;info@tplusgroup.ru;Телефон приемной;
;prod_6315376946_446870765.html;контакт без имени, номер сохранён;;;8 (800) 700-06-06;hotline@tplusgroup.ru;Горячая антикоррупционная линия;
;prod_6315376946_497661611.html;контакт без имени, номер сохранён;;;+7 (495) 980-59-00;info@tplusgroup.ru;Телефон приемной;
;prod_6315376946_497661611.html;контакт без имени, номер сохранён;;;+7 (495) 740-00-00;info@tplusgroup.ru;Телефон приемной;
;prod_6315376946_497661611.html;контакт без имени, номер сохранён;;;8 (800) 700-06-06;hotline@tplusgroup.ru;Горячая антикоррупционная линия;
;prod_6315376946_503873284.html;контакт без имени, номер сохранён;;;+7 (495) 980-59-00, +7 (495) 740-00-00;info@tplusgroup.ru;Приемная;
;prod_6315376946_503873284.html;контакт без имени, номер сохранён;;;8 (800) 700-06-06;hotline@tplusgroup.ru;Горячая антикоррупционная линия;
;prod_6315376946_51402738.html;контакт без имени, номер сохранён;;;+7 (495) 980-59-00;press-center@tplusgroup.ru;"Пресс-служба ПАО ""Т Плюс""";
;prod_6315376946_51402738.html;контакт без имени, номер сохранён;;;+7 (495) 980-59-00;info@tplusgroup.ru;Приемная ПАО «Т Плюс»;
;prod_6315376946_51402738.html;контакт без имени, номер сохранён;;;+7 (495) 740-00-00;info@tplusgroup.ru;Приемная ПАО «Т Плюс»;
;prod_6315376946_51402738.html;контакт без имени, номер сохранён;;;8 (800) 700-06-06;hotline@tplusgroup.ru;Горячая антикоррупционная линия;
;prod_6315376946_544272868.html;контакт без имени, номер сохранён;;;+7 (495) 980-59-00;info@tplusgroup.ru;Телефон приемной;
;prod_6315376946_544272868.html;контакт без имени, номер сохранён;;;+7 (495) 740-00-00;info@tplusgroup.ru;Телефон приемной;
;prod_6315376946_544272868.html;контакт без имени, номер сохранён;;;8 (800) 700-06-06;hotline@tplusgroup.ru;Горячая антикоррупционная линия;
;prod_6315376946_556151046.html;контакт без имени, номер сохранён;;;+7 (495) 980-59-00;info@tplusgroup.ru;Телефон приемной;
;prod_6315376946_556151046.html;контакт без имени, номер сохранён;;;+7 (495) 740-00-00;;Телефон приемной;
;prod_6315376946_556151046.html;контакт без имени, номер сохранён;;;8 (800) 700-06-06;hotline@tplusgroup.ru;Горячая антикоррупционная линия;
;prod_6315376946_57806560.html;контакт без имени, номер сохранён;;;8 (800) 700-0606;hotline@tplusgroup.ru;Горячая линия;
;prod_6315376946_57806560.html;контакт без имени, номер сохранён;;;8(800)700-10-32;;Центр поддержки клиентов;
;prod_6315376946_57806560.html;контакт без имени, номер сохранён;;;+7 (495) 980-59-00;info@tplusgroup.ru;Телефон приемной;
;prod_6315376946_57806560.html;контакт без имени, номер сохранён;;;+7 (495) 740-00-00;;Телефон приемной;
;prod_6315376946_592820086.html;контакт без имени, номер сохранён;;;8 (800) 700-0606;hotline@tplusgroup.ru;Горячая линия;
;prod_6315376946_592820086.html;контакт без имени, номер сохранён;;;8(800)700-10-32;;Центр поддержки клиентов;
;prod_6315376946_592820086.html;контакт без имени, номер сохранён;;;+7 (495) 980-59-00;info@tplusgroup.ru;Приёмная;
;prod_6315376946_592820086.html;контакт без имени, номер сохранён;;;+7 (495) 740-00-00;info@tplusgroup.ru;Приёмная;
;prod_6315376946_59608839.html;контакт без имени, номер сохранён;;;+7 (495) 980-59-00;info@tplusgroup.ru;Телефон приемной;
;prod_6315376946_59608839.html;контакт без имени, номер сохранён;;;+7 (495) 740-00-00;info@tplusgroup.ru;Телефон приемной;
;prod_6315376946_59608839.html;контакт без имени, номер сохранён;;;8 (800) 700-06-06;hotline@tplusgroup.ru;Горячая антикоррупционная линия;
;prod_6315376946_624575365.html;контакт без имени, номер сохранён;;;8 (800) 700-0606;hotline@tplusgroup.ru;Горячая линия;
;prod_6315376946_624575365.html;контакт без имени, номер сохранён;;;8(800)700-10-32;;Центр поддержки клиентов;
;prod_6315376946_624575365.html;контакт без имени, номер сохранён;;;+7 (495) 980-59-00, +7 (495) 740-00-00;info@tplusgroup.ru;Телефон приемной;
;prod_6315376946_688524133.html;контакт без имени, номер сохранён;;;+7 (495) 980-59-00, +7 (495) 740-00-00;info@tplusgroup.ru;Приемная;
;prod_6315376946_688524133.html;контакт без имени, номер сохранён;;;8 (800) 700-06-06;hotline@tplusgroup.ru;Горячая антикоррупционная линия;
;prod_6315376946_735687066.html;контакт без имени, номер сохранён;;;+7 (495) 980-59-00;info@tplusgroup.ru;Приемная;
;prod_6315376946_735687066.html;контакт без имени, номер сохранён;;;+7 (495) 740-00-00;info@tplusgroup.ru;Приемная;
;prod_6315376946_735687066.html;контакт без имени, номер сохранён;;;8 (800) 700-06-06;hotline@tplusgroup.ru;Горячая антикоррупционная линия;
;prod_6315376946_735687066.html;контакт без имени, номер сохранён;;;8(800)700-10-32;;Центр поддержки клиентов;
;prod_6315376946_801019268.html;контакт без имени, номер сохранён;;;+7 (495) 980-59-00;info@tplusgroup.ru;Телефон приемной;
;prod_6315376946_801019268.html;контакт без имени, номер сохранён;;;+7 (495) 740-00-00;;Телефон приемной;
;prod_6315376946_801019268.html;контакт без имени, номер сохранён;;;8 (800) 700-06-06;hotline@tplusgroup.ru;Горячая антикоррупционная линия;
;prod_6315376946_831479235.html;контакт без имени, номер сохранён;;;+7 (495) 980-59-00;info@tplusgroup.ru;Приемная;
;prod_6315376946_831479235.html;контакт без имени, номер сохранён;;;+7 (495) 740-00-00;info@tplusgroup.ru;Приемная;
;prod_6315376946_831479235.html;контакт без имени, номер сохранён;;;8 (800) 700-06-06;hotline@tplusgroup.ru;Горячая антикоррупционная линия;
;prod_6315376946_880489430.html;контакт без имени, номер сохранён;;;+7 (495) 980-59-00;info@tplusgroup.ru;Приемная ПАО «Т Плюс»;
;prod_6315376946_880489430.html;контакт без имени, номер сохранён;;;+7 (495) 740-00-00;info@tplusgroup.ru;Приемная ПАО «Т Плюс»;
;prod_6315376946_880489430.html;контакт без имени, номер сохранён;;;8 (800) 700-06-06;hotline@tplusgroup.ru;Горячая антикоррупционная линия;
;prod_6315376946_900697857.html;контакт без имени, номер сохранён;;;+7 (495) 980-59-00;press-center@tplusgroup.ru;Пресс-служба;
;prod_6315376946_900697857.html;контакт без имени, номер сохранён;;;+7 (495) 980-59-00;info@tplusgroup.ru;Приемная;
;prod_6315376946_900697857.html;контакт без имени, номер сохранён;;;+7 (495) 740-00-00;info@tplusgroup.ru;Приемная;
;prod_6315376946_900697857.html;контакт без имени, номер сохранён;;;8 (800) 700-06-06;hotline@tplusgroup.ru;Горячая антикоррупционная линия;
;prod_6315376946_942317926.html;контакт без имени, номер сохранён;;;8 (800) 700-0606;hotline@tplusgroup.ru;Горячая линия;
;prod_6315376946_942317926.html;контакт без имени, номер сохранён;;;8(800)700-10-32;;Центр поддержки клиентов;
;prod_6315376946_942317926.html;контакт без имени, номер сохранён;;;+7 (495) 980-59-00;info@tplusgroup.ru;Телефон приемной;
;prod_6315376946_942317926.html;контакт без имени, номер сохранён;;;+7 (495) 740-00-00;info@tplusgroup.ru;Телефон приемной;
;prod_6315376946_971363987.html;контакт без имени, номер сохранён;;;+7 (495) 980-59-00;info@tplusgroup.ru;Телефон приемной;
;prod_6315376946_971363987.html;контакт без имени, номер сохранён;;;+7 (495) 740-00-00;;Телефон приемной;
;prod_6315376946_971363987.html;контакт без имени, номер сохранён;;;8 (800) 700-06-06;hotline@tplusgroup.ru;Горячая антикоррупционная линия;
;prod_6317024749_481496352.html;контакт без имени, номер сохранён;;;+7 (846) 250-02-41;privolga@sam.transneft.ru;Общий номер / Контакты;
;prod_6317024749_637431925.html;контакт без имени, номер сохранён;;;+7 (846) 250-02-41;privolga@sam.transneft.ru;Общие контакты;
;prod_6317024749_780206755.html;контакт без имени, номер сохранён;;;+7 (846) 250-02-41;privolga@sam.transneft.ru;Общие контакты;
;prod_6330017980_863400335.html;контакт без имени, номер сохранён;;;+ 7 (495) 641 58 58;mail@nnk.ru;Общий номер (Центральный офис);
;prod_6330017980_863400335.html;контакт без имени, номер сохранён;;;+7 (35159) 2 20 73;;Общий номер;
;prod_6330017980_863400335.html;контакт без имени, номер сохранён;;;+7 351 933-08-10;;Общий номер;
;prod_6330017980_863400335.html;контакт без имени, номер сохранён;;;+7 (38343) 9 22 29;;Общий номер;
;prod_6330017980_863400335.html;контакт без имени, номер сохранён;;;+7 (38340) 5 00 73;;Общий номер;
;prod_6330017980_863400335.html;контакт без имени, номер сохранён;;;+7 (38340) 5 00 73;;Общий номер;
;prod_6330017980_863400335.html;контакт без имени, номер сохранён;;;+7 (38340) 5 00 73;;Общий номер;
;prod_6330017980_863400335.html;контакт без имени, номер сохранён;;;+7 (34376) 5 44 00;;Общий номер;
;prod_6330017980_863400335.html;контакт без имени, номер сохранён;;;+7 (38345) 6 92 38;;Общий номер;
;prod_6330017980_863400335.html;контакт без имени, номер сохранён;;;+7 (38349) 53 213;;Общий номер;
;prod_6330017980_863400335.html;контакт без имени, номер сохранён;;;+7 (3537) 64 91 14;;Общий номер;
;prod_6330017980_863400335.html;контакт без имени, номер сохранён;;;+7 (81839) 3 04 30;;Общий номер;
;prod_6330017980_863400335.html;контакт без имени, номер сохранён;;;+7 (3537) 28 73 58;;Общий номер;
;prod_6330017980_863400335.html;контакт без имени, номер сохранён;;;+7 (47362) 9 20 00;;Общий номер;
;prod_6330017980_863400335.html;контакт без имени, номер сохранён;;;+7 (34791) 4 99 66;;Общий номер;
;prod_6330017980_863400335.html;контакт без имени, номер сохранён;;;+7 (81430) 4 47 17;;Общий номер;
;prod_6330017980_863400335.html;контакт без имени, номер сохранён;;;+7 (903) 531 27 17;;Общий номер;
;prod_6330017980_863400335.html;контакт без имени, номер сохранён;;;+7 (49341) 22 898;;Общий номер;
;prod_6330017980_863400335.html;контакт без имени, номер сохранён;;;+7 (38346) 4 62 49;;Общий номер;
;prod_6625004271_115760721.html;контакт без имени, номер сохранён;;;+7 (3439) 262-007;info@tmk-group.com;Общие контакты;
;prod_6625004271_237322912.html;контакт без имени, номер сохранён;;;+7 (3439) 262-007;info@tmk-group.com;Общие контакты предприятия;
;prod_6625004271_496402509.html;контакт без имени, номер сохранён;;;+7 (3439) 262-007;info@tmk-group.com;Предприятие;
;prod_6625004271_496402509.html;контакт без имени, номер сохранён;;;+7 (3439) 262-007;pntz_pr@tmk-group.com;Контакты для СМИ;
;prod_6625004271_638526681.html;контакт без имени, номер сохранён;;;+7 (3439) 262-007;info@tmk-group.com;Общие контакты / приёмная;
;prod_6625004271_638526681.html;контакт без имени, номер сохранён;;;+7 (3439) 262-007;pntz_pr@tmk-group.com;Контакты для СМИ;
;prod_6625004271_638526681.html;контакт без имени, номер сохранён;;;+7 (3439) 262-007;pntz_pr@tmk-group.com;Контакты для СМИ;
;prod_6625004271_851522111.html;контакт без имени, номер сохранён;;;+7 (3439) 262-007;info@tmk-group.com;Общий номер / приёмная;
;prod_7302040242_529437012.html;контакт без имени, номер сохранён;;;(84235) 7-97-30;;Телефон для справок;
;prod_7302040242_529437012.html;контакт без имени, номер сохранён;;;(84235) 7-94-23;;Телефон круглосуточной диспетчерской службы;
;prod_7302040242_529437012.html;контакт без имени, номер сохранён;;;8 (84235) 9-83-83;niiar@niiar.ru;АО «ГНЦ НИИАР» (общий номер);
;prod_7302040242_826605168.html;контакт без имени, номер сохранён;;;8 (84235) 9-83-83;niiar@niiar.ru;Общий телефон;
;prod_7302040242_826605168.html;контакт без имени, номер сохранён;;;8 (84235) 9-00-69;niiar@niiar.ru;Отдел документационного обеспечения;
;prod_7302040242_960454602.html;контакт без имени, номер сохранён;;;8 (84235) 9-83-83;niiar@niiar.ru;Общий номер и E-mail организации;
;prod_7701984274_298810023.html;контакт без имени, номер сохранён;;;8 (499) 763-34-34;;Единая информационная справочная служба;
;prod_7701984274_298810023.html;контакт без имени, номер сохранён;;;8 (495) 676-46-31;;Телефон доверия по вопросам противодействия коррупции;
;prod_7701984274_488438128.html;контакт без имени, номер сохранён;;;8 (499) 763-34-34;;Единая информационная справочная служба;
;prod_7701984274_488438128.html;контакт без имени, номер сохранён;;;8 (499) 263-92-41;;Пресс-служба;
;prod_7701984274_488438128.html;контакт без имени, номер сохранён;;;8 (495) 676-46-31;;Телефон доверия по вопросам противодействия коррупции;
;prod_7701984274_591287369.html;контакт без имени, номер сохранён;;;8 499 763-34-34;;Единая информационная справочная служба;
;prod_7701984274_591287369.html;контакт без имени, номер сохранён;;;8 (495) 676-46-31;;Телефон доверия по вопросам противодействия коррупции;
;prod_7701984274_690757907.html;контакт без имени, номер сохранён;;;8 (499) 763-34-34;;Единая информационная справочная служба;
;prod_7701984274_690757907.html;контакт без имени, номер сохранён;;;8 (495) 676-46-31;;Телефон доверия по вопросам противодействия коррупции;
;prod_7701984274_969042801.html;контакт без имени, номер сохранён;;;8 (499) 763-34-34;;Единая информационная справочная служба;
;prod_7701984274_969042801.html;контакт без имени, номер сохранён;;;8 (499) 265-47-28;;"Профсоюзный комитет АО ""Мосводоканал""";
;prod_7701984274_969042801.html;контакт без имени, номер сохранён;;;8 (495) 676-46-31;;Телефон доверия по вопросам противодействия коррупции;
;prod_7701984274_974312905.html;контакт без имени, номер сохранён;;;8 (499) 763-34-34;;Единая информационная справочная служба;
;prod_7701984274_974312905.html;контакт без имени, номер сохранён;;;8 (495) 676-46-31;;Телефон доверия по вопросам противодействия коррупции;
;prod_7702352454_185399678.html;контакт без имени, номер сохранён;;;+7 (8182) 65-46-26;mail@ark.rosmorport.su;Общий контакт филиала;
;prod_7702352454_46475300.html;контакт без имени, номер сохранён;;;;press@rosmorport.ru;ФГУП «Росморпорт» (для запросов СМИ);
;prod_7702352454_75172915.html;контакт без имени, номер сохранён;;;+7 (8512) 58-57-53;mail@ast.rosmorport.ru;Контактный телефон Астраханского филиала;
;prod_7702352454_87418031.html;контакт без имени, номер сохранён;;;+7 (8617) 67-64-01;mail@nvr.rosmorport.ru;Азово-Черноморский бассейновый филиал;
;prod_7702352454_87418031.html;контакт без имени, номер сохранён;;;+7 (863) 287-00-20;mail@azv.rosmorport.ru;Азовское управление Азово-Черноморского бассейнового филиала;
;prod_7702352454_87418031.html;контакт без имени, номер сохранён;;;+7 (862) 266-98-00;mail@soc.rosmorport.ru;Сочинское управление Азово-Черноморского бассейнового филиала;
;prod_7702352454_87418031.html;контакт без имени, номер сохранён;;;+7 (86148) 605-05;office@tmn.rosmorport.ru;Таманское управление Азово-Черноморского бассейнового филиала;
;prod_7702352454_87418031.html;контакт без имени, номер сохранён;;;+7 (86167) 766-20;mail@tps.rosmorport.ru;Туапсинское управление Азово-Черноморского бассейнового филиала;
;prod_7702352454_87418031.html;контакт без имени, номер сохранён;;;+7 (86141) 590-44;mail@nvr.rosmorport.ru;Обособленное подразделение Азово-Черноморского бассейнового филиала в морском порту Геленджик;
;prod_7702352454_87418031.html;контакт без имени, номер сохранён;;;+7 (8617) 67-62-26;a.kalistratov@nvr.rosmorport.ru;Дирекция по строительству объекта «Комплекс береговой и морской инфраструктуры в морском порту Геленджик»;
;prod_7702352454_905618457.html;фамилии нет на странице (заслон против выдумки);Брагина Ольга Андреевна;Заместитель Генерального директора по управлению государственным имуществом ФГУП «Росморпорт»;;;;
;prod_7702352454_905618457.html;фамилии нет на странице (заслон против выдумки);Симонов Сергей Владимирович;Заместитель Генерального директора ФГУП «Росморпорт»;;;;
;prod_7702352454_98838443.html;фамилии нет на странице (заслон против выдумки);Королевский Егор Борисович;Заместитель директора по эксплуатации Дальневосточного бассейнового филиала ФГУП «Росморпорт»;;;;
;prod_7728640182_305793954.html;контакт без имени, номер сохранён;;;+7 (812) 449-74-45;gazpromneft-cm@gazprom-neft.ru;ООО «Газпромнефть – смазочные материалы»;
;prod_7728640182_305793954.html;контакт без имени, номер сохранён;;;8 (812) 449-74-45;pr_sm@gazprom-neft.ru;Пресс-служба;
;prod_7728640182_305793954.html;контакт без имени, номер сохранён;;;;Techservice@gazprom-neft.ru;Информационно-техническая поддержка;
;prod_7728640182_305793954.html;контакт без имени, номер сохранён;;;8 (800) 700-65-00;hot-line@gazprom-neft.biz;Горячая линия системы противодействия мошенничеству и коррупции;
;prod__11779342.html;контакт без имени, номер сохранён;;;+7 (495) 642-99-69;gazpromneft-cm@gazprom-neft.ru;ООО «Газпромнефть – смазочные материалы»;
;prod__11779342.html;контакт без имени, номер сохранён;;;+7 (495) 642-99-69;pr_sm@gazprom-neft.ru;Пресс-служба;
;prod__11779342.html;контакт без имени, номер сохранён;;;;Techservice@gazprom-neft.ru;Информационно-техническая поддержка;
;prod__11779342.html;контакт без имени, номер сохранён;;;8 (800) 700-65-00;hot-line@gazprom-neft.biz;Горячая линия системы противодействия мошенничеству и коррупции;
;prod__11779342.html;контакт без имени, номер сохранён;;;+7 (812) 449-74-45;;Контакты;
;prod__121753439.html;контакт без имени, номер сохранён;;;(856) 209-25-70;delo@in-pr.ru;Общий номер АО «Инфраструктурные Проекты»;
;prod__121753439.html;контакт без имени, номер сохранён;;;+7 (949) 314-55-05;delo@in-pr.ru;Общий номер АО «Инфраструктурные Проекты»;
;prod__121753439.html;контакт без имени, номер сохранён;;;+7 (856) 537-73-63;delo_sbtes@in-pr.ru;Общий номер;
;prod__121753439.html;контакт без имени, номер сохранён;;;+7 (856) 575-03-59;delo_zutes@in-pr.ru;Общий номер;
;prod__121753439.html;контакт без имени, номер сохранён;;;(856) 312-72-04;Delo_SER@in-pr.ru;Общий номер;
;prod__121753439.html;контакт без имени, номер сохранён;;;+7 (949) 346 98 16;Delo_SER@in-pr.ru;Общий номер;
;prod__121753439.html;контакт без имени, номер сохранён;;;+7 (949) 346-98-42;delo_tep@in-pr.ru;Общий номер;
;prod__121753439.html;контакт без имени, номер сохранён;;;+7 (949) 346-98-30;delo_et@in-pr.ru;Общий номер;
;prod__200991983.html;контакт без имени, номер сохранён;;;8 (39161) 2-98-99, 8 (913) 170-05-36;priem@ws124.ru;Приемная;
;prod__200991983.html;контакт без имени, номер сохранён;;;8 (39161) 2-99-91;;Диспетчерская;
;prod__221129837.html;контакт без имени, номер сохранён;;;+7(342) 260-65-00;teplo-m@mzperm.ru;Секретарь;
;prod__226099490.html;контакт без имени, номер сохранён;;;+7 (81371) 9-37-25;office@vodokanal.gtn.ru;Общие контакты / Приёмная;
;prod__226310769.html;контакт без имени, номер сохранён;;;(4942) 31-37-68;info@vodokanal44.ru;Приемная;
;prod__226310769.html;контакт без имени, номер сохранён;;;(4942) 31-47-56;;Диспетчерская служба;
;prod__226310769.html;контакт без имени, номер сохранён;;;(4942) 31-40-89;;Служба управления персоналом;
;prod__226310769.html;контакт без имени, номер сохранён;;;(4942) 31-28-91;;Канцелярия;
;prod__226310769.html;контакт без имени, номер сохранён;;;(4942) 31-78-49;;Бухгалтерия по работе с абонентами водоснабжения, водоотведения;
;prod__226310769.html;контакт без имени, номер сохранён;;;(4942) 46-20-01;;Абонентский отдел(ул. Советская, 55-б);
;prod__226310769.html;контакт без имени, номер сохранён;;;(4942) 44-03-26, 44-03-22, (4942) 31-44-70, 44-03-21;;Технический отдел (ул. Депутатская, 8);
;prod__226310769.html;контакт без имени, номер сохранён;;Инженер по ливневой канализации К;(4942) 37-04-31;;УПРАВЛЕНИЕ МУП г.КОСТРОМЫ «КОСТРОМАГОРВОДОКАНАЛ»;
;prod__226310769.html;контакт без имени, номер сохранён;;;(4942) 44-03-39;;Отдел капитального строительства (ул. Депутатская, 8);
;prod__226310769.html;контакт без имени, номер сохранён;;;(4942) 31-60-65, 31-02-78;;Юридический отдел;
;prod__242888144.html;контакт без имени, номер сохранён;;;+7 (8442) 606-600;info@investvoda.ru;Общий контакт;
;prod__242888144.html;контакт без имени, номер сохранён;;;+7 (8442) 333-134;;Единый диспетчерский центр ЖКХ Волгограда;
;prod__242888144.html;контакт без имени, номер сохранён;;;+7 (8442) 99-67-96;;Клиентский центр;
;prod__242888144.html;контакт без имени, номер сохранён;;;+7 (8442) 60-66-00;info@investvoda.ru;Центральная диспетчерская служба;
;prod__242888144.html;контакт без имени, номер сохранён;;;+7 (8442) 60-66-00;info@teplovolgograd.ru;Контактная информация;
;prod__24981959.html;контакт без имени, номер сохранён;;;+7 (34241) 2-14-13;;Телефон диспетчера;
;prod__24981959.html;контакт без имени, номер сохранён;;;+7 (34241) 6-13-54;;Абонентский отдел;
;prod__24981959.html;контакт без имени, номер сохранён;;;+7 (34241) 7-41-10;;Абонентский отдел;
;prod__264343364.html;контакт без имени, номер сохранён;;;+7 (495) 727-94-54;zvenvoda@mail.ru;Общий номер;
;prod__264343364.html;контакт без имени, номер сохранён;;;8(495) 727-94-54;;Договорной отдел;
;prod__264343364.html;контакт без имени, номер сохранён;;;+7 (916) 366-92-26;zvenvoda@mail.ru;Диспетчерская;
;prod__264343364.html;контакт без имени, номер сохранён;;;+7 (498) 690-30-60;zvenvoda@mail.ru;Диспетчерская;
;prod__290598005.html;контакт без имени, номер сохранён;;;8 (415-35) 3-11-85;svrc7@aosvrc.ru;Общие контакты;
;prod__290598005.html;контакт без имени, номер сохранён;;;8(415-35) 3-21-34;;Общие контакты;
;prod__344663180.html;контакт без имени, номер сохранён;;;8 (496) 793-02-53;;Секретарь;
;prod__344663180.html;контакт без имени, номер сохранён;;;8 (496) 792-41-94;;Диспетчерская служба;
;prod__344663180.html;контакт без имени, номер сохранён;;;8 (496) 793-44-30;;Диспетчерская служба;
;prod__354046639.html;контакт без имени, номер сохранён;;;(42137) 57-505;vcsp@vcsp.ru;Общий номер / приёмная;
;prod__354046639.html;контакт без имени, номер сохранён;;;(42137) 57-305;;Отдел производственного планирования;
;prod__411647658.html;фамилии нет на странице (заслон против выдумки);Пылев Павел Евгеньевич;ДИРЕКТОР ПРЕДПРИЯТИЯ;;;;
;prod__411647658.html;фамилии нет на странице (заслон против выдумки);Нечаев Игорь Николаевич;ГЛАВНЫЙ ИНЖЕНЕР ПРЕДПРИЯТИЯ;;;;
;prod__411647658.html;контакт без имени, номер сохранён;;;(4942) 31-37-68;info@vodokanal44.ru;Приемная;
;prod__411647658.html;контакт без имени, номер сохранён;;;(4942) 46-20-01;;Абонентский отдел;
;prod__411647658.html;контакт без имени, номер сохранён;;;(4942) 31-47-56;;Диспетчерская служба;
;prod__490782063.html;контакт без имени, номер сохранён;;Главный инженер;;;;
;prod__490782063.html;контакт без имени, номер сохранён;;Начальник ПТО;+7(39161)2-96-99;;ПТО;
;prod__490782063.html;контакт без имени, номер сохранён;;;8 (39161) 2-98-99;priem@ws124.ru;Приемная;
;prod__490782063.html;контакт без имени, номер сохранён;;;8 (913) 170-05-36;;Приемная;
;prod__490782063.html;контакт без имени, номер сохранён;;;8 (39161) 2-99-91;;Диспетчерская;
;prod__490782063.html;контакт без имени, номер сохранён;;;+7(923)-579-06-87;;Приемная. секретарь;
;prod__496627428.html;контакт без имени, номер сохранён;;;+7 (34241) 2-14-13;;Телефон диспетчера;
;prod__496627428.html;контакт без имени, номер сохранён;;;+7 (34241) 6-13-54;;Абонентский отдел;
;prod__496627428.html;контакт без имени, номер сохранён;;;+7 (34241) 7-41-10;;Абонентский отдел;
;prod__497174995.html;контакт без имени, номер сохранён;;;8 (496) 44-55-282;;Административный центр;
;prod__569745578.html;контакт без имени, номер сохранён;;;(856) 209-25-70;delo@in-pr.ru;Общие контакты компании;
;prod__569745578.html;контакт без имени, номер сохранён;;;+7 (949) 314-55-05;delo@in-pr.ru;Общие контакты компании;
;prod__621447116.html;контакт без имени, номер сохранён;;;+7 (34241) 2-14-13;;Телефон диспетчера;
;prod__621447116.html;контакт без имени, номер сохранён;;;+7 (34241) 6-13-54, +7 (34241) 7-41-10;;Абонентский отдел;
;prod__621447116.html;контакт без имени, номер сохранён;;;+7 (34241) 7-47-99;;Бухгалтерия;
;prod__625605959.html;контакт без имени, номер сохранён;;;8 (496) 792-41-94;;Диспетчерская служба;
;prod__625605959.html;контакт без имени, номер сохранён;;;8 (496) 793-44-30;;Диспетчерская служба;
;prod__625605959.html;контакт без имени, номер сохранён;;;8 (496) 793-02-53;;Секретарь;
;prod__632933385.html;контакт без имени, номер сохранён;;;8 (496) 792-41-94, 8 (496) 793-44-30;;Диспетчерская служба;
;prod__632933385.html;контакт без имени, номер сохранён;;;8 (496) 793-02-53;;Секретарь;
;prod__680463785.html;контакт без имени, номер сохранён;;;+7 (4242) 49-84-50;priem@sakhvodokanal.ru;Приёмная;
;prod__704530973.html;контакт без имени, номер сохранён;;Диспетчер;9-37-25;;Дежурно-диспетчерская служба;
;prod__743891332.html;контакт без имени, номер сохранён;;;+7(342) 260-65-00;teplo-m@mz.perm.ru;Общий номер / приёмная;
;prod__762610036.html;контакт без имени, номер сохранён;;;8 (496) 792-41-94;;Диспетчерская служба;
;prod__762610036.html;контакт без имени, номер сохранён;;;8 (496) 793-44-30;;Диспетчерская служба;
;prod__762610036.html;контакт без имени, номер сохранён;;;8 (496) 793-02-53;;Секретарь;
;prod__800541008.html;контакт без имени, номер сохранён;;;8 (496) 44-55-282;;Административный центр;
;prod__817574991.html;контакт без имени, номер сохранён;;;8 (415-35) 3-11-85;svrc7@aosvrc.ru;Общий номер / Телефон / Факс Учебного центра;
;prod__817574991.html;контакт без имени, номер сохранён;;;8(415-35) 3-21-34;svrc7@aosvrc.ru;Общий номер Учебного центра;
;prod__863617398.html;контакт без имени, номер сохранён;;;8(415-35) 3-21-34;svrc7@aosvrc.ru;Общие контакты;
;prod__863617398.html;контакт без имени, номер сохранён;;;8 (415-35) 3-11-85;;Телефон / Факс;
;prod__871925666.html;контакт без имени, номер сохранён;;;8(49679) 3-83-37;;Испытательная лаборатория сточной воды;
;prod__871925666.html;контакт без имени, номер сохранён;;;8(916) 597-49-15;;Испытательная лаборатория сточной воды;
;prod__871925666.html;контакт без имени, номер сохранён;;;8 (496) 793-02-53;;Секретарь;
;prod__871925666.html;контакт без имени, номер сохранён;;;8 (496) 792-41-94;;Диспетчерская служба;
;prod__871925666.html;контакт без имени, номер сохранён;;;8 (496) 793-44-30;;Диспетчерская служба;
;prod__886925344.html;контакт без имени, номер сохранён;;;8(8453)39 00 34;;ГОРОДСКАЯ ЕДИНАЯ ДЕЖУРНО - ДИСПЕТЧЕРСКАЯ СЛУЖБА;
;prod__886925344.html;контакт без имени, номер сохранён;;;8 937 020 31 01;;ПЕРЕДАЧА ПОКАЗАНИЙ;
;prod__886925344.html;контакт без имени, номер сохранён;;;8(8453) 44-45-32;;АБОНЕНТСКИЙ ОТДЕЛ;
;prod__891134197.html;контакт без имени, номер сохранён;;;8 (496) 792-41-94;;Диспетчерская служба;
;prod__891134197.html;контакт без имени, номер сохранён;;;8 (496) 793-44-30;;Диспетчерская служба;
;prod__891134197.html;контакт без имени, номер сохранён;;Секретарь;8 (496) 793-02-53;;Секретарь;
;prod__894597559.html;контакт без имени, номер сохранён;;;(856) 209-25-70;delo@in-pr.ru;Общий номер / Приемная;
;prod__894597559.html;контакт без имени, номер сохранён;;;+7 (949) 314-55-05;delo@in-pr.ru;Общий номер / Приемная;
;prod__894690403.html;контакт без имени, номер сохранён;;;8 (41535) 3-11-85;;Секретарь руководителя;
;prod__894690403.html;контакт без имени, номер сохранён;;;8(415-35) 3-21-34;svrc7@aosvrc.ru;Контакты;
;prod__91562376.html;контакт без имени, номер сохранён;;Директор по ГШО;8 960 907 5770;sale@sibelectro.com;;
;prod__91562376.html;контакт без имени, номер сохранён;;;(3843) 58-32-00;snab@sibelectro.com;Отдел снабжения;
;prod__91562376.html;контакт без имени, номер сохранён;;;(3843) 58-38-10, 8 905 914 1030;sale@sibelectro.com;Отдел сбыта;
;prod__91562376.html;контакт без имени, номер сохранён;;;(3843) 58-31-10;reception@sibelectro.com;Приемная;
;prod__91562376.html;контакт без имени, номер сохранён;;;8 904 375 6265;sale@sibelectro.com;Конвейерное направление;
;prod__91562376.html;контакт без имени, номер сохранён;;;8 906 979 0248;sale@sibelectro.com;Комбайновое направление;
