inn;predpriyatie;nomer;predmet;zakazchik;summa;data;stadiya;ssylka
2130230898;ТД Транспортное машиностроение;;"Выполнение технического обслуживания камер видеонаблюдения в ЛЦ-2 ООО ""Промлит""";;;;;https://www.roseltorg.ru/procedure/B0308261513341/1
2130230898;ТД Транспортное машиностроение;;B0308261513341 (Лот 1);;;;;https://www.roseltorg.ru/procedure/B0308261513341/1
2130230898;ТД Транспортное машиностроение;;Калиброванный металлопрокат;;;;;https://www.roseltorg.ru/procedure/B0308261403057/1
2130230898;ТД Транспортное машиностроение;;B0308261403057 (Лот 1);;;;;https://www.roseltorg.ru/procedure/B0308261403057/1
2130230898;ТД Транспортное машиностроение;;Калиброванный металлопрокат;;;;;https://www.roseltorg.ru/procedure/B0308261353319/1
2130230898;ТД Транспортное машиностроение;;B0308261353319 (Лот 1);;;;;https://www.roseltorg.ru/procedure/B0308261353319/1
2130230898;ТД Транспортное машиностроение;;Выполнение работ по оказанию услуг по стирке спецодежды;;;;;https://www.roseltorg.ru/procedure/B0806261015265/1
2130230898;ТД Транспортное машиностроение;;B0806261015265 (Лот 1);;;;;https://www.roseltorg.ru/procedure/B0806261015265/1
2130230898;ТД Транспортное машиностроение;;"Оказание услуг по профессиональному выполнению комплекса уборочных работ во внутренних помещениях и на прилегающих территориях, расположенных в ООО ""ПК ""Промтрактор"" и ООО ""ПК ""ЧАЗ""";;;;;https://www.roseltorg.ru/procedure/B2704261517439/1
2130230898;ТД Транспортное машиностроение;;B2704261517439 (Лот 1);;;;;https://www.roseltorg.ru/procedure/B2704261517439/1
2130230898;ТД Транспортное машиностроение;;Монтаж узлов учета тепловой энергии и теплоносителя;;;;;https://www.roseltorg.ru/procedure/B2304251315315/1
2130230898;ТД Транспортное машиностроение;;B2304251315315 (Лот 1);;;;;https://www.roseltorg.ru/procedure/B2304251315315/1
2130230898;ТД Транспортное машиностроение;;Выполнение работ по ремонту кранового пути козловых кранов ЦПХМ в ООО «ПК «Промтрактор»;;;;;https://www.roseltorg.ru/procedure/B2003251418174/1
2130230898;ТД Транспортное машиностроение;;B2003251418174 (Лот 1);;;;;https://www.roseltorg.ru/procedure/B2003251418174/1
2130230898;ТД Транспортное машиностроение;;"Выполнение работ по ремонту душевых в АБК ТОЦ АО ПО ""Бежицкая сталь""";;;;;https://www.roseltorg.ru/procedure/B1612241015582/1
2130230898;ТД Транспортное машиностроение;;B1612241015582 (Лот 1);;;;;https://www.roseltorg.ru/procedure/B1612241015582/1
2130230898;ТД Транспортное машиностроение;;"Реконструкция систем ливневой канализации в производственных корпусах ООО ""Промлит""";;;;;https://www.roseltorg.ru/procedure/B0811241427494/1
2130230898;ТД Транспортное машиностроение;;B0811241427494 (Лот 1);;;;;https://www.roseltorg.ru/procedure/B0811241427494/1
2130230898;ТД Транспортное машиностроение;;"Разработка и реализация дизайн-проекта помещения музея АО ""ПО ""Бежицкая сталь""";;;;;https://www.roseltorg.ru/procedure/B1410241308439/1
2130230898;ТД Транспортное машиностроение;;B1410241308439 (Лот 1);;;;;https://www.roseltorg.ru/procedure/B1410241308439/1
2130230898;ТД Транспортное машиностроение;;Выполнение ремонта гардеробов, душевых и туалетов КПЦ;;;;;https://www.roseltorg.ru/procedure/B1110241040555/1
2130230898;ТД Транспортное машиностроение;;B1110241040555 (Лот 1);;;;;https://www.roseltorg.ru/procedure/B1110241040555/1
2130230898;ТД Транспортное машиностроение;;Выполнение ремонта туалетов на механическом участке МЦ-3 корпус 1 и АБК ИЦ;;;;;https://www.roseltorg.ru/procedure/B1110241040555/2
2130230898;ТД Транспортное машиностроение;;B1110241040555 (Лот 2);;;;;https://www.roseltorg.ru/procedure/B1110241040555/2
2130230898;ТД Транспортное машиностроение;;Выполнение ремонта санузлов на участке обработки тяжелых замков в МЦ-1 корпус 2 (бывший участок запчастей РМЦ);;;;;https://www.roseltorg.ru/procedure/B1110241040555/3
2130230898;ТД Транспортное машиностроение;;B1110241040555 (Лот 3);;;;;https://www.roseltorg.ru/procedure/B1110241040555/3
2130230898;ТД Транспортное машиностроение;;Выполнение работ по прочистке фекальной канализации и бака канализационной станции;;;;;https://www.roseltorg.ru/procedure/B2609241453251/1
2130230898;ТД Транспортное машиностроение;;B2609241453251 (Лот 1);;;;;https://www.roseltorg.ru/procedure/B2609241453251/1
2130230898;ТД Транспортное машиностроение;;Выполнение работ по ремонту приточно-вытяжной вентиляции помещений пультовых электропечей ДПС-15 №1, №2, №3 в ЛЦЗ;;;;;https://www.roseltorg.ru/procedure/B2609241448372/1
2130230898;ТД Транспортное машиностроение;;B2609241448372 (Лот 1);;;;;https://www.roseltorg.ru/procedure/B2609241448372/1
2130230898;ТД Транспортное машиностроение;;"Выполнение работ по восстановлению участка трубопровода холодного водоснабжения ООО ""ПК ""ЧАЗ""";;;;;https://www.roseltorg.ru/procedure/B1309241126134/1
2130230898;ТД Транспортное машиностроение;;B1309241126134 (Лот 1);;;;;https://www.roseltorg.ru/procedure/B1309241126134/1
2130230898;ТД Транспортное машиностроение;;"Выполнение работ по ремонту кровельного покрытия здания ТОЦ АО ПО ""Бежицкая сталь""";;;;;https://www.roseltorg.ru/procedure/B1209241249181/1
2130230898;ТД Транспортное машиностроение;;B1209241249181 (Лот 1);;;;;https://www.roseltorg.ru/procedure/B1209241249181/1
2130230898;ТД Транспортное машиностроение;;"Выполнение комплекса работ по замене оконных блоков в ООО ""ПК ""Промтрактор"" (блок Б, ПССК, блок Г гардеробные)";;;;;https://www.roseltorg.ru/procedure/B2908240902567/1
2130230898;ТД Транспортное машиностроение;;B2908240902567 (Лот 1);;;;;https://www.roseltorg.ru/procedure/B2908240902567/1
2130230898;ТД Транспортное машиностроение;;"Выполнение комплекса работ по замене оконных блоков в ООО ""ПК ""Промтрактор"" (блок Б, ПССК, блок Г гардеробные)";;;;;https://www.roseltorg.ru/procedure/B2808241153214/1
2130230898;ТД Транспортное машиностроение;;B2808241153214 (Лот 1);;;;;https://www.roseltorg.ru/procedure/B2808241153214/1
2130230898;ТД Транспортное машиностроение;;Радиально-сверлильный станок;;;;;https://www.roseltorg.ru/procedure/B0811231022537/1
2130230898;ТД Транспортное машиностроение;;B0811231022537 (Лот 1);;;;;https://www.roseltorg.ru/procedure/B0811231022537/1
2130230898;ТД Транспортное машиностроение;;Пресс листогибочный с гибридным серво-гидравлическим приводом с ЧПУ;;;;;https://www.roseltorg.ru/procedure/B0811231008456/1
2130230898;ТД Транспортное машиностроение;;B0811231008456 (Лот 1);;;;;https://www.roseltorg.ru/procedure/B0811231008456/1
2130230898;ТД Транспортное машиностроение;;Кругло-шлифовальный станок;;;;;https://www.roseltorg.ru/procedure/B0811230955463/1
2130230898;ТД Транспортное машиностроение;;B0811230955463 (Лот 1);;;;;https://www.roseltorg.ru/procedure/B0811230955463/1
2130230898;ТД Транспортное машиностроение;;2-х колонный ленточнопильный станок;;;;;https://www.roseltorg.ru/procedure/B0811230943244/1
2130230898;ТД Транспортное машиностроение;;B0811230943244 (Лот 1);;;;;https://www.roseltorg.ru/procedure/B0811230943244/1
2130230898;ТД Транспортное машиностроение;;Сварочный полуавтомат;;;;;https://www.roseltorg.ru/procedure/B0711231650024/1
2130230898;ТД Транспортное машиностроение;;B0711231650024 (Лот 1);;;;;https://www.roseltorg.ru/procedure/B0711231650024/1
2130230898;ТД Транспортное машиностроение;;Сварочный полуавтомат;;;;;https://www.roseltorg.ru/procedure/B0711231622084/1
2130230898;ТД Транспортное машиностроение;;B0711231622084 (Лот 1);;;;;https://www.roseltorg.ru/procedure/B0711231622084/1
2130230898;ТД Транспортное машиностроение;;"выполнение работ по замене участков покрытия кровли прессово-сварочного сборочного корпуса ООО ""ПК ""Промтрактор"" в осях 20-22/Ю-Я и С-Т/47-48 с усилением межферменного пространства";;;;;https://www.roseltorg.ru/procedure/B0607261640244/1
2130230898;ТД Транспортное машиностроение;;B0607261640244 (Лот 1);;;;;https://www.roseltorg.ru/procedure/B0607261640244/1
2130230898;ТД Транспортное машиностроение;;"Выполнение работ по техническому обслуживанию и ремонту бытовых кондиционеров и холодильного оборудования в ООО ""ПК ""ЧАЗ""";;;;;https://www.roseltorg.ru/procedure/B2906261255491/1
2130230898;ТД Транспортное машиностроение;;B2906261255491 (Лот 1);;;;;https://www.roseltorg.ru/procedure/B2906261255491/1
2130230898;ТД Транспортное машиностроение;;"Выполнение работ по приведению узла учета газа АО ""Трансмаш"" к требованиям действующих нормативных документов";;;;;https://www.roseltorg.ru/procedure/B2206261610509/1
2130230898;ТД Транспортное машиностроение;;B2206261610509 (Лот 1);;;;;https://www.roseltorg.ru/procedure/B2206261610509/1
2130230898;ТД Транспортное машиностроение;;"выполнение работ по восстановлению конструкции покрытия кровли на складе главных узлов ООО ""ПК ""Промтрактор""";;;;;https://www.roseltorg.ru/procedure/B2303261627024/1
2130230898;ТД Транспортное машиностроение;;B2303261627024 (Лот 1);;;;;https://www.roseltorg.ru/procedure/B2303261627024/1
2130230898;ТД Транспортное машиностроение;;"Выполнение ремонта асфальтового покрытия на железнодорожном переезде подъездных путей АО ""Трансмаш""";;;;;https://www.roseltorg.ru/procedure/B2005251427071/1
2130230898;ТД Транспортное машиностроение;;B2005251427071 (Лот 1);;;;;https://www.roseltorg.ru/procedure/B2005251427071/1
2130230898;ТД Транспортное машиностроение;;Выполнение ремонта кирпичных стен и карнизов КПЦ, ОСЛ в 2025 году;;;;;https://www.roseltorg.ru/procedure/B0204250946218/1
2130230898;ТД Транспортное машиностроение;;B0204250946218 (Лот 1);;;;;https://www.roseltorg.ru/procedure/B0204250946218/1
2130230898;ТД Транспортное машиностроение;;Выполнение ремонта кровельного покрытия здания в 2025 году;;;;;https://www.roseltorg.ru/procedure/B0204250922115/1
2130230898;ТД Транспортное машиностроение;;B0204250922115 (Лот 1);;;;;https://www.roseltorg.ru/procedure/B0204250922115/1
2130230898;ТД Транспортное машиностроение;;"Выполнение работ по ремонту фасада, остекления, отмостки здания склада огнеупоров АО ""ПО ""Бежицкая сталь""";;;;;https://www.roseltorg.ru/procedure/B0702251058323/1
2130230898;ТД Транспортное машиностроение;;B0702251058323 (Лот 1);;;;;https://www.roseltorg.ru/procedure/B0702251058323/1
2130230898;ТД Транспортное машиностроение;;"Выполнение работ по ремонту кровли склада огнеупоров в АО ""ПО ""Бежицкая сталь""";;;;;https://www.roseltorg.ru/procedure/B0702251044274/1
2130230898;ТД Транспортное машиностроение;;B0702251044274 (Лот 1);;;;;https://www.roseltorg.ru/procedure/B0702251044274/1
2130230898;ТД Транспортное машиностроение;;"Выполнение работ по очистке металлоконструкций от отходов литейного производства ЛЦ-2 в АО ""ПО ""Бежицкая сталь""";;;;;https://www.roseltorg.ru/procedure/B0702251020463/1
2130230898;ТД Транспортное машиностроение;;B0702251020463 (Лот 1);;;;;https://www.roseltorg.ru/procedure/B0702251020463/1
2130230898;ТД Транспортное машиностроение;;"Выполнение работ по монтажу автоматических установок пожаротушения и системы пожарной сигнализации в зданиях ООО ""ПК ""ЧАЗ""";;;;;https://www.roseltorg.ru/procedure/B2401251102521/1
2130230898;ТД Транспортное машиностроение;;B2401251102521 (Лот 1);;;;;https://www.roseltorg.ru/procedure/B2401251102521/1
2124009521;"ПАО ""ХИМПРОМ""";;Выполнение замены участка трубопровода рассола в корпусе 370.;;;;;https://www.roseltorg.ru/procedure/COM12032400018/1
2124009521;"ПАО ""ХИМПРОМ""";;COM12032400018 (Лот 1);;;;;https://www.roseltorg.ru/procedure/COM12032400018/1
2124009521;"ПАО ""ХИМПРОМ""";;Выполнение проектно-изыскательских работ по объекту: Модернизация участка приема готовой продукции в силосный склад с последующей подачей на фасовку для ООО «Перкарбонат» корпус 560;;;;;https://www.roseltorg.ru/procedure/COM11032400090/1
2124009521;"ПАО ""ХИМПРОМ""";;COM11032400090 (Лот 1);;;;;https://www.roseltorg.ru/procedure/COM11032400090/1
2124009521;"ПАО ""ХИМПРОМ""";;Работы по демонтажу и монтажу абсорбера поз.62/2 в цехе № 56. Предмет и объем закупки 1. Замена абсорбера поз. 62/2 (монтаж) Перечень работ согласно приложенной дефектной ведомости № 47210. Цех № 56 ТЕПЛООБМЕННИК АБСОРБЕР ГРАФИТОВЫЙ АГ-КТ 1000/1В 2. Замена абсорбера поз. 62/2 (демонтаж) АБСОРБЕР АГ ;;;;;https://www.roseltorg.ru/procedure/COM11032400087/1
2124009521;"ПАО ""ХИМПРОМ""";;COM11032400087 (Лот 1);;;;;https://www.roseltorg.ru/procedure/COM11032400087/1
2124009521;"ПАО ""ХИМПРОМ""";;Выполнение проектно-изыскательских работ по объекту: Система отвода и грунтовых вод вокруг ограждения периметра ПАО «Химпром»;;;;;https://www.roseltorg.ru/procedure/COM07032400052/1
2124009521;"ПАО ""ХИМПРОМ""";;COM07032400052 (Лот 1);;;;;https://www.roseltorg.ru/procedure/COM07032400052/1
2124009521;"ПАО ""ХИМПРОМ""";;Комплекс работ согласно дефектным ведомостям №№45696, 45695, 47204 по замене задвижек на трубопроводе рассола, запорной арматуры на трубопроводе воздуха КИПиА, участка трубопровода оборотной воды, провести необходимые испытания, восстановить дорожное и тротуарное покрытие в 2024 году;;;;;https://www.roseltorg.ru/procedure/COM07032400049/1
2124009521;"ПАО ""ХИМПРОМ""";;COM07032400049 (Лот 1);;;;;https://www.roseltorg.ru/procedure/COM07032400049/1
2124009521;"ПАО ""ХИМПРОМ""";;Работы по устройству переливного трубопровода для баков поз. 1(1,2,4) и антикоррозионной защите баков поз. 1(1,2,4) цеха №110 ПАО «Химпром» в 2024 году;;;;;https://www.roseltorg.ru/procedure/COM07032400034/1
2124009521;"ПАО ""ХИМПРОМ""";;COM07032400034 (Лот 1);;;;;https://www.roseltorg.ru/procedure/COM07032400034/1
2124009521;"ПАО ""ХИМПРОМ""";;Комплекс работ согласно дефектной ведомости №45683 по замене задвижки в колодце №24 на трубопроводе РВ, провести необходимые испытания, восстановить дорожное и тротуарное покрытие. Для сдачи работ необходимо предоставить: 1. Акты освидетельствования скрытых работ. 2. Сертификаты качества используемы;;;;;https://www.roseltorg.ru/procedure/COM07032400032/1
2124009521;"ПАО ""ХИМПРОМ""";;COM07032400032 (Лот 1);;;;;https://www.roseltorg.ru/procedure/COM07032400032/1
2124009521;"ПАО ""ХИМПРОМ""";;Комплекс работ согласно дефектным ведомостям №№45606, 45677 по замене задвижек на трубопроводе в колодце и устройство заплаток на трубопроводе оборотной воды, провести необходимые испытания, восстановить дорожное и тротуарное покрытие.;;;;;https://www.roseltorg.ru/procedure/COM06032400072/1
2124009521;"ПАО ""ХИМПРОМ""";;COM06032400072 (Лот 1);;;;;https://www.roseltorg.ru/procedure/COM06032400072/1
2124009521;"ПАО ""ХИМПРОМ""";;Выполнение проектно-изыскательских работ по объекту: Реконструкция полигона промышленных отходов ПАО «Химпром» в 2024 году;;;;;https://www.roseltorg.ru/procedure/COM04032400097/1
2124009521;"ПАО ""ХИМПРОМ""";;COM04032400097 (Лот 1);;;;;https://www.roseltorg.ru/procedure/COM04032400097/1
2124009521;"ПАО ""ХИМПРОМ""";;Работы по вентсистемам в цехе №56;;;;;https://www.roseltorg.ru/procedure/COM29022400077/1
2124009521;"ПАО ""ХИМПРОМ""";;COM29022400077 (Лот 1);;;;;https://www.roseltorg.ru/procedure/COM29022400077/1
2124009521;"ПАО ""ХИМПРОМ""";;COM28022400070 (Лот 1);;;;;https://www.roseltorg.ru/procedure/COM28022400070/1
2124009521;"ПАО ""ХИМПРОМ""";;Проведение работы по реконструкции эстакады у ГУП «БОС» г. Новочебоксарска;;;;;https://www.roseltorg.ru/procedure/COM27022400053/1
2124009521;"ПАО ""ХИМПРОМ""";;COM27022400053 (Лот 1);;;;;https://www.roseltorg.ru/procedure/COM27022400053/1
2124009521;"ПАО ""ХИМПРОМ""";;Переоборудование крытого вагона в вагон-теплушку для проезда проводников по сопровождению опасных грузов – 6шт. ц.36 к.837;;;;;https://www.roseltorg.ru/procedure/COM21022400060/1
2124009521;"ПАО ""ХИМПРОМ""";;COM21022400060 (Лот 1);;;;;https://www.roseltorg.ru/procedure/COM21022400060/1
2124009521;"ПАО ""ХИМПРОМ""";;Переоборудование крытого вагона в вагон-теплушку для проезда проводников по сопровождению опасных грузов – 6шт. ц.36 к.837 ПАО «Химпром» в 2024 году.;;;;;https://www.roseltorg.ru/procedure/COM20022400105/1
2124009521;"ПАО ""ХИМПРОМ""";;COM20022400105 (Лот 1);;;;;https://www.roseltorg.ru/procedure/COM20022400105/1
2124009521;"ПАО ""ХИМПРОМ""";;Проведение технических обследований зданий и сооружений по 11 объектам для цехов №16, 23, 45, 50, 56, 61 ПАО «Химпром»;;;;;https://www.roseltorg.ru/procedure/COM12022400061/1
2124009521;"ПАО ""ХИМПРОМ""";;COM12022400061 (Лот 1);;;;;https://www.roseltorg.ru/procedure/COM12022400061/1
2124009521;"ПАО ""ХИМПРОМ""";;Оказание услуг по настройке и адаптации системы управления инженерными данными Pilot-ICE;;;;;https://www.roseltorg.ru/procedure/COM01022400101/1
2124009521;"ПАО ""ХИМПРОМ""";;COM01022400101 (Лот 1);;;;;https://www.roseltorg.ru/procedure/COM01022400101/1
2124009521;"ПАО ""ХИМПРОМ""";;Выполнение проектно-изыскательских работ по 4 объектам ПАО «Химпром» в 2024 году;;;;;https://www.roseltorg.ru/procedure/COM31012400144/1
2124009521;"ПАО ""ХИМПРОМ""";;COM31012400144 (Лот 1);;;;;https://www.roseltorg.ru/procedure/COM31012400144/1
2124009521;"ПАО ""ХИМПРОМ""";;Выполнение работ по разделению схемы производства присадки ЦД-7, ЦД-7 НЧ от ЦД-7 Новадит в корпусе 614 цеха № 50 ПАО «Химпром;;;;;https://www.roseltorg.ru/procedure/COM31012400110/1
2124009521;"ПАО ""ХИМПРОМ""";;COM31012400110 (Лот 1);;;;;https://www.roseltorg.ru/procedure/COM31012400110/1
2124009521;"ПАО ""ХИМПРОМ""";;Выполнение работ по монтажу пилотной установки вывода сульфатов в обратном рассоле;;;;;https://www.roseltorg.ru/procedure/COM30012400119/1
2124009521;"ПАО ""ХИМПРОМ""";;COM30012400119 (Лот 1);;;;;https://www.roseltorg.ru/procedure/COM30012400119/1
2124009521;"ПАО ""ХИМПРОМ""";;Проведение работ по экспертизе промышленной безопасности контейнеров (бочек) для перевозки жидкого хлора цеха №110 ПАО «Химпром»;;;;;https://www.roseltorg.ru/procedure/COM29012400021/1
2124009521;"ПАО ""ХИМПРОМ""";;COM29012400021 (Лот 1);;;;;https://www.roseltorg.ru/procedure/COM29012400021/1
2124009521;"ПАО ""ХИМПРОМ""";;Работы по выполнению дополнительного сетчатого ограждения на периметре ПАО «Химпром», граничащего с ООО «Хевел»;;;;;https://www.roseltorg.ru/procedure/COM24012400083/1
2124009521;"ПАО ""ХИМПРОМ""";;COM24012400083 (Лот 1);;;;;https://www.roseltorg.ru/procedure/COM24012400083/1
2124009521;"ПАО ""ХИМПРОМ""";;Закупка вертикального резервуара с понтоном в 2024 году;;;;;https://www.roseltorg.ru/procedure/COM19012400024/1
2124009521;"ПАО ""ХИМПРОМ""";;COM19012400024 (Лот 1);;;;;https://www.roseltorg.ru/procedure/COM19012400024/1
2124009521;"ПАО ""ХИМПРОМ""";;Заключение экспертизы промышленной безопасности ПД № 24345-609В «Схема выделения бензола на ректификационной колонне поз. К 017» – 1 ед.;;;;;https://www.roseltorg.ru/procedure/COM15012400056/1
2124009521;"ПАО ""ХИМПРОМ""";;COM15012400056 (Лот 1);;;;;https://www.roseltorg.ru/procedure/COM15012400056/1
2124009521;"ПАО ""ХИМПРОМ""";;Работы по восстановлению помещений лабораторий в корпусах 609Д, 609Б цеха №16 и в корпусе №102Д цеха №56ПАО «Химпром» в 2024 г.;;;;;https://www.roseltorg.ru/procedure/COM29122300033/1
2124009521;"ПАО ""ХИМПРОМ""";;COM29122300033 (Лот 1);;;;;https://www.roseltorg.ru/procedure/COM29122300033/1
2124009521;"ПАО ""ХИМПРОМ""";;Выполнение работ по устройству специальной канализации в корпусе 724 ПАО «Химпром».;;;;;https://www.roseltorg.ru/procedure/COM25122300046/1
2124009521;"ПАО ""ХИМПРОМ""";;COM25122300046 (Лот 1);;;;;https://www.roseltorg.ru/procedure/COM25122300046/1
2124009521;"ПАО ""ХИМПРОМ""";;Работы по демонтажу и установке насосов отделения №51, установке дехлоратора отделения №51 и теплообменников отделения №52. Согласно Тех. заданию на выполнение работ по демонтажу и установке насосов отделения №51, установке дехлоратора отделения №51 и теплообменников отделения №52.;;;;;https://www.roseltorg.ru/procedure/COM19122300057/1
2124009521;"ПАО ""ХИМПРОМ""";;COM19122300057 (Лот 1);;;;;https://www.roseltorg.ru/procedure/COM19122300057/1
2124009521;"ПАО ""ХИМПРОМ""";;Монтаж колонны поз.566 Б в цехе № 56.;;;;;https://www.roseltorg.ru/procedure/COM19122300050/1
2124009521;"ПАО ""ХИМПРОМ""";;COM19122300050 (Лот 1);;;;;https://www.roseltorg.ru/procedure/COM19122300050/1
2124009521;"ПАО ""ХИМПРОМ""";;Выполнение работ на трубопроводе стоков в цехе № 22;;;;;https://www.roseltorg.ru/procedure/COM19122300020/1
2124009521;"ПАО ""ХИМПРОМ""";;COM19122300020 (Лот 1);;;;;https://www.roseltorg.ru/procedure/COM19122300020/1
2124009521;"ПАО ""ХИМПРОМ""";;"Работа по замене реактора V=10м3 в цехе №16 ПАО ""Химпром""";;;;;https://www.roseltorg.ru/procedure/COM18122300074/1
2124009521;"ПАО ""ХИМПРОМ""";;COM18122300074 (Лот 1);;;;;https://www.roseltorg.ru/procedure/COM18122300074/1
2124009521;"ПАО ""ХИМПРОМ""";;"Восстановление теплосберегающих свойств оборудования и трубопроводов в цехах ПАО ""Химпром""";;;;;https://www.roseltorg.ru/procedure/COM18122300023/1
2124009521;"ПАО ""ХИМПРОМ""";;COM18122300023 (Лот 1);;;;;https://www.roseltorg.ru/procedure/COM18122300023/1
2124009521;"ПАО ""ХИМПРОМ""";;"Работы по экспертизе промышленной безопасности технологических трубопроводов и трубопроводов пара и горячей воды в цехах ПАО «Химпром» - 29 ед. (Приложение №1 к ТЗ); Работы по техническому освидетельствованию трубопроводов пара и горячей воды в цехах ПАО «Химпром» - 3 ед. (Приложение №2 к ТЗ).";;;;;https://www.roseltorg.ru/procedure/COM12122300050/1
2124009521;"ПАО ""ХИМПРОМ""";;COM12122300050 (Лот 1);;;;;https://www.roseltorg.ru/procedure/COM12122300050/1
2124009521;"ПАО ""ХИМПРОМ""";;Работы по экспертизе промышленной безопасности газопроводов и ГРУ в цехе №22 ПАО «Химпром» - 17 ед. (Приложение №1 к ТЗ).;;;;;https://www.roseltorg.ru/procedure/COM12122300046/1
2124009521;"ПАО ""ХИМПРОМ""";;COM12122300046 (Лот 1);;;;;https://www.roseltorg.ru/procedure/COM12122300046/1
2124009521;"ПАО ""ХИМПРОМ""";;Закупка емкостного оборудования свыше 50м3 (согласно приложения №1);;;;;https://www.roseltorg.ru/procedure/COM11122300062/1
2124009521;"ПАО ""ХИМПРОМ""";;COM11122300062 (Лот 1);;;;;https://www.roseltorg.ru/procedure/COM11122300062/1
2124009521;"ПАО ""ХИМПРОМ""";;Выполнение работ по восстановлению химзащиты аппарата поз.Е-8А V= 16 v3;;;;;https://www.roseltorg.ru/procedure/COM11122300028/1
2124009521;"ПАО ""ХИМПРОМ""";;COM11122300028 (Лот 1);;;;;https://www.roseltorg.ru/procedure/COM11122300028/1
2124009521;"ПАО ""ХИМПРОМ""";;Выполнение проектно-изыскательских работ по объекту: Замена аппарата поз. 160 в производстве ДФГ цеха 61;;;;;https://www.roseltorg.ru/procedure/COM08122300004/1
2124009521;"ПАО ""ХИМПРОМ""";;COM08122300004 (Лот 1);;;;;https://www.roseltorg.ru/procedure/COM08122300004/1
2124009521;"ПАО ""ХИМПРОМ""";;Выполнение комплекса работ для снижения вибрации системы обвязки компрессора 205ГП-30/8 120/5 - 1 ед.;;;;;https://www.roseltorg.ru/procedure/COM07122300093/1
2124009521;"ПАО ""ХИМПРОМ""";;COM07122300093 (Лот 1);;;;;https://www.roseltorg.ru/procedure/COM07122300093/1
2124009521;"ПАО ""ХИМПРОМ""";;Проведение работ по обследованию подъемных сооружений в цехах ПАО «Химпром»: 1) экспертиза промышленной безопасности подъемных сооружений, зарегистрированных в Ростехнадзоре – 5 ед. 2) комплексное обследование крановых путей - 29 ед. 3) экспертное обследование (техническая диагностика) подъемных соо;;;;;https://www.roseltorg.ru/procedure/COM07122300062/1
2124009521;"ПАО ""ХИМПРОМ""";;COM07122300062 (Лот 1);;;;;https://www.roseltorg.ru/procedure/COM07122300062/1
2124009521;"ПАО ""ХИМПРОМ""";;Работы по экспертизе промышленной безопасности технологических сосудов, - 367 ед., из них 8 ед. с составлением паспортов сосуда, и освидетельствованию технологических сосудов, - 23 ед.;;;;;https://www.roseltorg.ru/procedure/COM07122300058/1
2124009521;"ПАО ""ХИМПРОМ""";;COM07122300058 (Лот 1);;;;;https://www.roseltorg.ru/procedure/COM07122300058/1
2124009521;"ПАО ""ХИМПРОМ""";;Строительно-монтажные работы по выполнению работ по восстановлению колодцев №9380, №177, №179. (Техническое задание на выполнение работ по восстановлению колодцев №9380, №177, №179);;;;;https://www.roseltorg.ru/procedure/COM07122300052/1
2124009521;"ПАО ""ХИМПРОМ""";;COM07122300052 (Лот 1);;;;;https://www.roseltorg.ru/procedure/COM07122300052/1
2124009521;"ПАО ""ХИМПРОМ""";;Работы по экспертизе промышленной безопасности технологических трубопроводов в цехах ПАО «Химпром» - 180 ед. (Приложение №1 к ТЗ).;;;;;https://www.roseltorg.ru/procedure/COM07122300014/1
2124009521;"ПАО ""ХИМПРОМ""";;COM07122300014 (Лот 1);;;;;https://www.roseltorg.ru/procedure/COM07122300014/1
2124009521;"ПАО ""ХИМПРОМ""";;Работы по техническому обслуживанию и восстановлению работоспособности воздушного компрессорного оборудования Hertz Freсon 75Р cер. № 1011860, Hertz Freсon 75Р cер. № 1011861 Оборудование подлежащее техническому обслуживанию и восстановлению работоспособности: 1. Воздушный компрессор Hertz Freсon 75;;;;;https://www.roseltorg.ru/procedure/COM07122300013/1
2124009521;"ПАО ""ХИМПРОМ""";;COM07122300013 (Лот 1);;;;;https://www.roseltorg.ru/procedure/COM07122300013/1
2124009521;"ПАО ""ХИМПРОМ""";;Выполнение работ по экспертизе промышленной безопасности динамического оборудования (насосы, компрессоры, центрифуги) в цехах ПАО «Химпром»;;;;;https://www.roseltorg.ru/procedure/COM07122300007/1
2124009521;"ПАО ""ХИМПРОМ""";;COM07122300007 (Лот 1);;;;;https://www.roseltorg.ru/procedure/COM07122300007/1
2124009521;"ПАО ""ХИМПРОМ""";;Разработка проектной и рабочей документации по объекту “ Система стабилизации токовой нагрузки на электролизе производства хлора и каустика ПАО “Химпром ”;;;;;https://www.roseltorg.ru/procedure/COM01122300050/1
2124009521;"ПАО ""ХИМПРОМ""";;COM01122300050 (Лот 1);;;;;https://www.roseltorg.ru/procedure/COM01122300050/1
2124009521;"ПАО ""ХИМПРОМ""";;Проведение ЭПБ проектов № 26671-ВТМП, 26673-ВТМП «Реконструкция 1,2 участков магистральных теплосетей»;;;;;https://www.roseltorg.ru/procedure/COM30112300069/1
2124009521;"ПАО ""ХИМПРОМ""";;COM30112300069 (Лот 1);;;;;https://www.roseltorg.ru/procedure/COM30112300069/1
2124009521;"ПАО ""ХИМПРОМ""";;Устройство дорог на территории порта;;;;;https://www.roseltorg.ru/procedure/COM24112300069/1
2124009521;"ПАО ""ХИМПРОМ""";;COM24112300069 (Лот 1);;;;;https://www.roseltorg.ru/procedure/COM24112300069/1
2124009521;"ПАО ""ХИМПРОМ""";;Оказание услуг по разработке проектной документации и строительству установки очистки ливневых стоков;;;;;https://www.roseltorg.ru/procedure/COM21112300053/1
2124009521;"ПАО ""ХИМПРОМ""";;COM21112300053 (Лот 1);;;;;https://www.roseltorg.ru/procedure/COM21112300053/1
2124009521;"ПАО ""ХИМПРОМ""";;Оказание услуг по техническому диагностированию локомотива модели ТГМ4 №15673783 с целью продления назначенного срока службы на максимально допустимый срок;;;;;https://www.roseltorg.ru/procedure/COM16112300015/1
2124009521;"ПАО ""ХИМПРОМ""";;COM16112300015 (Лот 1);;;;;https://www.roseltorg.ru/procedure/COM16112300015/1
2124009521;"ПАО ""ХИМПРОМ""";;Взаимодействие по выполнению нормативов утилизации товаров, упаковки товаров, подлежащих утилизации после утраты ими потребительских свойств;;;;;https://www.roseltorg.ru/procedure/COM13112300039/1
2124009521;"ПАО ""ХИМПРОМ""";;COM13112300039 (Лот 1);;;;;https://www.roseltorg.ru/procedure/COM13112300039/1
2124009521;"ПАО ""ХИМПРОМ""";;"Выполнение работ по строительству первого участка минеральной канализации. II этап. ПАО Химпром в 2023-2024 г.г. Работы выполнить в соответствии с Локальными сметами (ЛС) № 02-01-02-2 – Строительство первого участка минеральной канализации. II этап.; № 02-01-03-2 – Строительство первого участка мине";;;;;https://www.roseltorg.ru/procedure/COM10112300007/1
2124009521;"ПАО ""ХИМПРОМ""";;COM10112300007 (Лот 1);;;;;https://www.roseltorg.ru/procedure/COM10112300007/1
2124009521;"ПАО ""ХИМПРОМ""";;"Реконструкция градирни № 816Б ПАО «Химпром» Работы выполнить в соответствии с Проектом № 26737-816Б-КР; Локальной сметы (ЛС) № 23-26737-816Б – Реконструкция градирни № 816Б До начала работ обязателен выход на объект для определения технологии выполнения работ, для ознакомления с объемом выполняемых ";;;;;https://www.roseltorg.ru/procedure/COM09112300080/1
2124009521;"ПАО ""ХИМПРОМ""";;COM09112300080 (Лот 1);;;;;https://www.roseltorg.ru/procedure/COM09112300080/1
2124009521;"ПАО ""ХИМПРОМ""";;Выполнение услуг по экспертизе промышленной безопасности зданий и сооружений ПАО «Химпром»;;;;;https://www.roseltorg.ru/procedure/COM07112300073/1
2124009521;"ПАО ""ХИМПРОМ""";;COM07112300073 (Лот 1);;;;;https://www.roseltorg.ru/procedure/COM07112300073/1
2124009521;"ПАО ""ХИМПРОМ""";;Комплекс работ согласно дефектной ведомости №№45098 на установку ЗРА Ду500 (Ду500 Ру1,6 Труба Ø530х9 L=1,5м) в колодце №25, провести необходимые испытания, восстановить дорожное покрытие;;;;;https://www.roseltorg.ru/procedure/COM31102300083/1
2124009521;"ПАО ""ХИМПРОМ""";;COM31102300083 (Лот 1);;;;;https://www.roseltorg.ru/procedure/COM31102300083/1
2124009521;"ПАО ""ХИМПРОМ""";;Усиление строительных конструкций корпусов №№ 636, 502 ПАО «Химпром»;;;;;https://www.roseltorg.ru/procedure/COM30102300096/1
2124009521;"ПАО ""ХИМПРОМ""";;COM30102300096 (Лот 1);;;;;https://www.roseltorg.ru/procedure/COM30102300096/1
2124009521;"ПАО ""ХИМПРОМ""";;Реконструкция трубопровода сырого рассола в цехе № 22;;;;;https://www.roseltorg.ru/procedure/COM30102300059/1
2124009521;"ПАО ""ХИМПРОМ""";;COM30102300059 (Лот 1);;;;;https://www.roseltorg.ru/procedure/COM30102300059/1
2124009521;"ПАО ""ХИМПРОМ""";;Выполнение работ по реконструкции узла залива ГХН в автоцистерны корпус 722А цеха 110 ПАО «Химпром» (согласно ТЗ на выполнение работ по организации узла залива ГХН в автоцистерны корпус 722А цеха 110 ПАО «Химпром»).;;;;;https://www.roseltorg.ru/procedure/COM27102300053/1
2124009521;"ПАО ""ХИМПРОМ""";;COM27102300053 (Лот 1);;;;;https://www.roseltorg.ru/procedure/COM27102300053/1
2124009521;"ПАО ""ХИМПРОМ""";;Выполнение проектно-изыскательских работ по объекту: Технологическая схема утилизации вторичных кубовых остатков производства ФТХС;;;;;https://www.roseltorg.ru/procedure/COM26102300020/1
2124009521;"ПАО ""ХИМПРОМ""";;COM26102300020 (Лот 1);;;;;https://www.roseltorg.ru/procedure/COM26102300020/1
2124009521;"ПАО ""ХИМПРОМ""";;Выполнение проектно-изыскательских работ по объекту: Двухэтапная замена стальных трубопроводов на пластиковые трубопроводы спец.пожаротушения;;;;;https://www.roseltorg.ru/procedure/COM25102300094/1
2124009521;"ПАО ""ХИМПРОМ""";;COM25102300094 (Лот 1);;;;;https://www.roseltorg.ru/procedure/COM25102300094/1
2124009521;"ПАО ""ХИМПРОМ""";;"Проведение работ в цехе №22 ПАО «Химпром» по: 1. экспертизе промышленной безопасности трубопроводов пара и горячей воды; 2. экспертизе промышленной безопасности газопроводов; 3. экспертизе промышленной безопасности газораспределительных устройств. 4. техническому освидетельствованию трубопроводов па";;;;;https://www.roseltorg.ru/procedure/COM25102300063/1
2124009521;"ПАО ""ХИМПРОМ""";;COM25102300063 (Лот 1);;;;;https://www.roseltorg.ru/procedure/COM25102300063/1
2124009521;"ПАО ""ХИМПРОМ""";;Проведение ЭПБ проекта № 220-19684 «Производство полиметилфенилсилоксановой смолы»;;;;;https://www.roseltorg.ru/procedure/COM20102300075/1
2124009521;"ПАО ""ХИМПРОМ""";;COM20102300075 (Лот 1);;;;;https://www.roseltorg.ru/procedure/COM20102300075/1
2124009521;"ПАО ""ХИМПРОМ""";;Проведение ЭПБ проекта № 25014-220 «Схема приема метилтрихлорсилана из бочек и из железнодорожной цистерны»;;;;;https://www.roseltorg.ru/procedure/COM20102300044/1
2124009521;"ПАО ""ХИМПРОМ""";;COM20102300044 (Лот 1);;;;;https://www.roseltorg.ru/procedure/COM20102300044/1
2124009521;"ПАО ""ХИМПРОМ""";;Выполнение работ по восстановлению рампы ц.№45 к.661;;;;;https://www.roseltorg.ru/procedure/COM18102300062/1
2124009521;"ПАО ""ХИМПРОМ""";;COM18102300062 (Лот 1);;;;;https://www.roseltorg.ru/procedure/COM18102300062/1
2124009521;"ПАО ""ХИМПРОМ""";;Выполнение работ по организации узла залива гипохлорита натрия в автоцистерны ПАО «Химпром»;;;;;https://www.roseltorg.ru/procedure/COM18102300033/1
2124009521;"ПАО ""ХИМПРОМ""";;COM18102300033 (Лот 1);;;;;https://www.roseltorg.ru/procedure/COM18102300033/1
2124009521;"ПАО ""ХИМПРОМ""";;Выполнение работ по восстановлению склада трифосгена в корпусе 739 ПАО «Химпром»;;;;;https://www.roseltorg.ru/procedure/COM17102300065/1
2124009521;"ПАО ""ХИМПРОМ""";;COM17102300065 (Лот 1);;;;;https://www.roseltorg.ru/procedure/COM17102300065/1
2124009521;"ПАО ""ХИМПРОМ""";;Работы по площадке с навесом для накопления отработанных покрышек цеха № 26;;;;;https://www.roseltorg.ru/procedure/COM17102300038/1
2124009521;"ПАО ""ХИМПРОМ""";;COM17102300038 (Лот 1);;;;;https://www.roseltorg.ru/procedure/COM17102300038/1
2124009521;"ПАО ""ХИМПРОМ""";;Строительно-монтажные работы по перекладке трубопровода минеральной канализации промстоков от корп.412 вдоль а/д№3 в ПАО «Химпром».;;;;;https://www.roseltorg.ru/procedure/COM17102300006/1
2124009521;"ПАО ""ХИМПРОМ""";;COM17102300006 (Лот 1);;;;;https://www.roseltorg.ru/procedure/COM17102300006/1
2124009521;"ПАО ""ХИМПРОМ""";;Выполнение работ по монтажу полиэтиленового трубопровода Ф40х3 от корпуса 411 до технологической галереи корпуса 101 ПАО «Химпром»;;;;;https://www.roseltorg.ru/procedure/COM16102300069/1
2124009521;"ПАО ""ХИМПРОМ""";;COM16102300069 (Лот 1);;;;;https://www.roseltorg.ru/procedure/COM16102300069/1
2124009521;"ПАО ""ХИМПРОМ""";;Проведение работ на технологическом трубопроводе плава;;;;;https://www.roseltorg.ru/procedure/COM09102300077/1
2124009521;"ПАО ""ХИМПРОМ""";;COM09102300077 (Лот 1);;;;;https://www.roseltorg.ru/procedure/COM09102300077/1
2124009521;"ПАО ""ХИМПРОМ""";;Услуги по испытанию наружных маршевых пожарных лестниц и ограждений крыш зданий ПАО «Химпром»;;;;;https://www.roseltorg.ru/procedure/COM09102300018/1
2124009521;"ПАО ""ХИМПРОМ""";;COM09102300018 (Лот 1);;;;;https://www.roseltorg.ru/procedure/COM09102300018/1
2124009521;"ПАО ""ХИМПРОМ""";;Проведение ЭПБ проекта № 25008-370И «Перевод на микропроцессорную технику технологического процесса в корпусе 370И»;;;;;https://www.roseltorg.ru/procedure/COM05102300068/1
2124009521;"ПАО ""ХИМПРОМ""";;COM05102300068 (Лот 1);;;;;https://www.roseltorg.ru/procedure/COM05102300068/1
2124009521;"ПАО ""ХИМПРОМ""";;Проведение ЭПБ проектной документации (6 проектов);;;;;https://www.roseltorg.ru/procedure/COM05102300047/1
2124009521;"ПАО ""ХИМПРОМ""";;COM05102300047 (Лот 1);;;;;https://www.roseltorg.ru/procedure/COM05102300047/1
2124009521;"ПАО ""ХИМПРОМ""";;Проведение ЭПБ проектов № 24373-370 Подключение насоса АВЗ-180 поз.11683» и № 24346-370 Подключение резервных насосов п.913, 603»;;;;;https://www.roseltorg.ru/procedure/COM05102300019/1
2124009521;"ПАО ""ХИМПРОМ""";;COM05102300019 (Лот 1);;;;;https://www.roseltorg.ru/procedure/COM05102300019/1
2124009521;"ПАО ""ХИМПРОМ""";;Выполнение работ по замене реактора поз.112/1 в цехе № 56;;;;;https://www.roseltorg.ru/procedure/COM03102300035/1
2124009521;"ПАО ""ХИМПРОМ""";;COM03102300035 (Лот 1);;;;;https://www.roseltorg.ru/procedure/COM03102300035/1
2124009521;"ПАО ""ХИМПРОМ""";;Работы по ремонту кровель к.203 ц.16, к.232 ц.113,к.824 ц.27,к.832 ц.26, к.843Д ц.114 ПАО «Химпром»;;;;;https://www.roseltorg.ru/procedure/COM03102300007/1
2124009521;"ПАО ""ХИМПРОМ""";;COM03102300007 (Лот 1);;;;;https://www.roseltorg.ru/procedure/COM03102300007/1
2124009521;"ПАО ""ХИМПРОМ""";;Работы по ремонту кровель к.833В ц.26, к.909А ц.24, к.601В ц.114, к.220 ц.16, к.609Б ц.16 ПАО «Химпром»;;;;;https://www.roseltorg.ru/procedure/COM02102300058/1
2124009521;"ПАО ""ХИМПРОМ""";;COM02102300058 (Лот 1);;;;;https://www.roseltorg.ru/procedure/COM02102300058/1
2124009521;"ПАО ""ХИМПРОМ""";;Проведение работ по ремонту кровель к.726 ц.45 ПАО «Химпром»;;;;;https://www.roseltorg.ru/procedure/COM02102300044/1
2124009521;"ПАО ""ХИМПРОМ""";;COM02102300044 (Лот 1);;;;;https://www.roseltorg.ru/procedure/COM02102300044/1
2124009521;"ПАО ""ХИМПРОМ""";;Выполнение работ по сбору исходных данных и подготовке проектной документации для прохождения экспертизы промышленной безопасности;;;;;https://www.roseltorg.ru/procedure/COM02102300009/1
2124009521;"ПАО ""ХИМПРОМ""";;COM02102300009 (Лот 1);;;;;https://www.roseltorg.ru/procedure/COM02102300009/1
2124009521;"ПАО ""ХИМПРОМ""";;Выполнение проектно-изыскательских работ по объекту: Монтаж аварийной вентиляции в корпусе 412 цеха №110;;;;;https://www.roseltorg.ru/procedure/COM29092300121/1
2124009521;"ПАО ""ХИМПРОМ""";;COM29092300121 (Лот 1);;;;;https://www.roseltorg.ru/procedure/COM29092300121/1
2124009521;"ПАО ""ХИМПРОМ""";;Работы по приведению «Реконструкции трубопровода оборотной воды»;;;;;https://www.roseltorg.ru/procedure/COM29092300107/1
2124009521;"ПАО ""ХИМПРОМ""";;COM29092300107 (Лот 1);;;;;https://www.roseltorg.ru/procedure/COM29092300107/1
2124009521;"ПАО ""ХИМПРОМ""";;Выполнение работ по реконструкции воздушных холодильников;;;;;https://www.roseltorg.ru/procedure/COM20092300059/1
2124009521;"ПАО ""ХИМПРОМ""";;COM20092300059 (Лот 1);;;;;https://www.roseltorg.ru/procedure/COM20092300059/1
2124009521;"ПАО ""ХИМПРОМ""";;Закупка окон алюминиевых, решеток металлических в октябре 2023 года;;;;;https://www.roseltorg.ru/procedure/COM20092300009/1
2124009521;"ПАО ""ХИМПРОМ""";;COM20092300009 (Лот 1);;;;;https://www.roseltorg.ru/procedure/COM20092300009/1
2124009521;"ПАО ""ХИМПРОМ""";;Закупка ворот распашных, дверей в октябре 2023 года;;;;;https://www.roseltorg.ru/procedure/COM20092300007/1
2124009521;"ПАО ""ХИМПРОМ""";;COM20092300007 (Лот 1);;;;;https://www.roseltorg.ru/procedure/COM20092300007/1
2124009521;"ПАО ""ХИМПРОМ""";;Работы по восстановлению противофильтрационного экрана карты 2 полигона захоронения ПАО «Химпром»;;;;;https://www.roseltorg.ru/procedure/COM19092300036/1
2124009521;"ПАО ""ХИМПРОМ""";;COM19092300036 (Лот 1);;;;;https://www.roseltorg.ru/procedure/COM19092300036/1
2124009521;"ПАО ""ХИМПРОМ""";;Работы по приведению к нормам убежища корпуса № 918 ПАО «Химпром»;;;;;https://www.roseltorg.ru/procedure/COM18092300019/1
2124009521;"ПАО ""ХИМПРОМ""";;COM18092300019 (Лот 1);;;;;https://www.roseltorg.ru/procedure/COM18092300019/1
2124009521;"ПАО ""ХИМПРОМ""";;Проведение работ по реконструкции линий наружного освещения: монтаж провода СИП, замена старых светильников на светодиодные;;;;;https://www.roseltorg.ru/procedure/COM18092300012/1
2124009521;"ПАО ""ХИМПРОМ""";;COM18092300012 (Лот 1);;;;;https://www.roseltorg.ru/procedure/COM18092300012/1
2124009521;"ПАО ""ХИМПРОМ""";;Работы по приведению к нормам бытовых помещений цеха №110 корп.100 ПАО «Химпром»;;;;;https://www.roseltorg.ru/procedure/COM15092300055/1
2124009521;"ПАО ""ХИМПРОМ""";;COM15092300055 (Лот 1);;;;;https://www.roseltorg.ru/procedure/COM15092300055/1
2124009521;"ПАО ""ХИМПРОМ""";;Клапан ленточный АО-1200-ЦСБ08-7А;;;;;https://www.roseltorg.ru/procedure/COM15092300022/1
2124009521;"ПАО ""ХИМПРОМ""";;COM15092300022 (Лот 1);;;;;https://www.roseltorg.ru/procedure/COM15092300022/1
2124009521;"ПАО ""ХИМПРОМ""";;"Аккредитация Лаборатории механических испытаний ПАО ""Химпром""";;;;;https://www.roseltorg.ru/procedure/COM13092300054/1
2124009521;"ПАО ""ХИМПРОМ""";;COM13092300054 (Лот 1);;;;;https://www.roseltorg.ru/procedure/COM13092300054/1
2124009521;"ПАО ""ХИМПРОМ""";;Работы по ремонту кровель к.726 ц.45, к.833В ц.26, к.843Д ц.114, к.909А ц.26 ПАО «Химпром»;;;;;https://www.roseltorg.ru/procedure/COM13092300033/1
2124009521;"ПАО ""ХИМПРОМ""";;COM13092300033 (Лот 1);;;;;https://www.roseltorg.ru/procedure/COM13092300033/1
2124009521;"ПАО ""ХИМПРОМ""";;Усиление строительных конструкций корпусов №№ 636, 502 ПАО «Химпром»;;;;;https://www.roseltorg.ru/procedure/COM12092300029/1
2124009521;"ПАО ""ХИМПРОМ""";;COM12092300029 (Лот 1);;;;;https://www.roseltorg.ru/procedure/COM12092300029/1
2124009521;"ПАО ""ХИМПРОМ""";;Восстановление строительных конструкций в корпусах №530А и 530Б цеха №50 ПАО«Химпром»;;;;;https://www.roseltorg.ru/procedure/COM11092300020/1
2124009521;"ПАО ""ХИМПРОМ""";;COM11092300020 (Лот 1);;;;;https://www.roseltorg.ru/procedure/COM11092300020/1
2124009521;"ПАО ""ХИМПРОМ""";;Выполнение работ по приему анилина по обогреваемому трубопроводу из цеха 45 в цех 50 корпус 637 ПАО «Химпром».;;;;;https://www.roseltorg.ru/procedure/COM06092300027/1
2124009521;"ПАО ""ХИМПРОМ""";;COM06092300027 (Лот 1);;;;;https://www.roseltorg.ru/procedure/COM06092300027/1
2124009521;"ПАО ""ХИМПРОМ""";;Установка перегрузочной площадки с уравнительной платформой ALUTECH в производственной части корпуса 560, в осях 30-31/И-К, отм. 0.0000 (ООО «Перкарбонат»);;;;;https://www.roseltorg.ru/procedure/COM30082300092/1
2124009521;"ПАО ""ХИМПРОМ""";;COM30082300092 (Лот 1);;;;;https://www.roseltorg.ru/procedure/COM30082300092/1
2124009521;"ПАО ""ХИМПРОМ""";;Работы по разработке конструкции логотипа ПАО «Химпром» с размещением на вертикальную поверхность причальной стены в Порту цеха № 110;;;;;https://www.roseltorg.ru/procedure/COM30082300062/1
2124009521;"ПАО ""ХИМПРОМ""";;COM30082300062 (Лот 1);;;;;https://www.roseltorg.ru/procedure/COM30082300062/1
2124009521;"ПАО ""ХИМПРОМ""";;Проведение ЭПБ проектной документации № 26637-502 «Монтаж цепного транспортера Технокон»;;;;;https://www.roseltorg.ru/procedure/COM25082300014/1
2124009521;"ПАО ""ХИМПРОМ""";;COM25082300014 (Лот 1);;;;;https://www.roseltorg.ru/procedure/COM25082300014/1
2124009521;"ПАО ""ХИМПРОМ""";;Восстановление причальной стенки в порту цеха 110 (Сваи-оболочки)» ПАО «Химпром»;;;;;https://www.roseltorg.ru/procedure/COM22082300021/1
2124009521;"ПАО ""ХИМПРОМ""";;COM22082300021 (Лот 1);;;;;https://www.roseltorg.ru/procedure/COM22082300021/1
2124009521;"ПАО ""ХИМПРОМ""";;Работы по обследованию, ремонту и настройке предохранительных клапанов высокого давления в цехе №23;;;;;https://www.roseltorg.ru/procedure/COM18082300023/1
2124009521;"ПАО ""ХИМПРОМ""";;COM18082300023 (Лот 1);;;;;https://www.roseltorg.ru/procedure/COM18082300023/1
2124009521;"ПАО ""ХИМПРОМ""";;Выполнение работ по замене переходных мостиков на сливоналивной эстакаде каустика;;;;;https://www.roseltorg.ru/procedure/COM18082300011/1
2124009521;"ПАО ""ХИМПРОМ""";;COM18082300011 (Лот 1);;;;;https://www.roseltorg.ru/procedure/COM18082300011/1
2124009521;"ПАО ""ХИМПРОМ""";;"Замена трубопроводов спецпожаротушения ""П"" от к.708А до к.709А (ЛВЖ) (ДВ 44677)";;;;;https://www.roseltorg.ru/procedure/COM17082300009/1
2124009521;"ПАО ""ХИМПРОМ""";;COM17082300009 (Лот 1);;;;;https://www.roseltorg.ru/procedure/COM17082300009/1
2124009521;"ПАО ""ХИМПРОМ""";;Проведение работы по реконструкции системы управления портального крана № 3 (11) КПП-16 (20), перевод на частотное регулирование с установкой кондиционера в кабине управления.;;;;;https://www.roseltorg.ru/procedure/COM16082300051/1
2124009521;"ПАО ""ХИМПРОМ""";;COM16082300051 (Лот 1);;;;;https://www.roseltorg.ru/procedure/COM16082300051/1
2124009521;"ПАО ""ХИМПРОМ""";;Проектирование систем пожарной сигнализации, систем оповещения и управления эвакуацией, систем автоматического пожаротушения;;;;;https://www.roseltorg.ru/procedure/COM16082300025/1
2124009521;"ПАО ""ХИМПРОМ""";;COM16082300025 (Лот 1);;;;;https://www.roseltorg.ru/procedure/COM16082300025/1
2124009521;"ПАО ""ХИМПРОМ""";;Гуммировка ж.д. цистерн 15-1230 для транспортировки соляной кислоты;;;;;https://www.roseltorg.ru/procedure/COM15082300053/1
2124009521;"ПАО ""ХИМПРОМ""";;COM15082300053 (Лот 1);;;;;https://www.roseltorg.ru/procedure/COM15082300053/1
2124009521;"ПАО ""ХИМПРОМ""";;Восстановление теплосберегающих свойств оборудования и трубопроводов в цехах ПАО «Химпром»;;;;;https://www.roseltorg.ru/procedure/COM14082300087/1
2124009521;"ПАО ""ХИМПРОМ""";;COM14082300087 (Лот 1);;;;;https://www.roseltorg.ru/procedure/COM14082300087/1
2124009521;"ПАО ""ХИМПРОМ""";;Выполнение работ по реконструкции бака поз.201/1 (демонтаж бака, демонтаж/устройство фундамента), бака п.1/4 (обвязка) цеха №110 ПАО «Химпром»;;;;;https://www.roseltorg.ru/procedure/COM14082300064/1
2124009521;"ПАО ""ХИМПРОМ""";;COM14082300064 (Лот 1);;;;;https://www.roseltorg.ru/procedure/COM14082300064/1
2124009521;"ПАО ""ХИМПРОМ""";;Монтаж автоматической пожарной сигнализации и системы оповещения в корпусах 202, 411, 412, 702;;;;;https://www.roseltorg.ru/procedure/COM14082300033/1
2124009521;"ПАО ""ХИМПРОМ""";;COM14082300033 (Лот 1);;;;;https://www.roseltorg.ru/procedure/COM14082300033/1
2124009521;"ПАО ""ХИМПРОМ""";;Выполнение проектно-изыскательских работ по объекту «Реконструкция участка ЛВЖ цеха № 45»;;;;;https://www.roseltorg.ru/procedure/COM14082300011/1
2124009521;"ПАО ""ХИМПРОМ""";;COM14082300011 (Лот 1);;;;;https://www.roseltorg.ru/procedure/COM14082300011/1
2124009521;"ПАО ""ХИМПРОМ""";;Монтаж автоматической пожарной сигнализации и системы оповещения в корпусах 301б, 453, 609и, 914а;;;;;https://www.roseltorg.ru/procedure/COM11082300055/1
2124009521;"ПАО ""ХИМПРОМ""";;COM11082300055 (Лот 1);;;;;https://www.roseltorg.ru/procedure/COM11082300055/1
2124009521;"ПАО ""ХИМПРОМ""";;Строительство 1-го участка минеральной канализации ПАО «Химпром»;;;;;https://www.roseltorg.ru/procedure/COM10082300063/1
2124009521;"ПАО ""ХИМПРОМ""";;COM10082300063 (Лот 1);;;;;https://www.roseltorg.ru/procedure/COM10082300063/1
2124009521;"ПАО ""ХИМПРОМ""";;Работы по замене оконных переплетов корп.520 цеха №62 ПАО «Химпром» в 2023г.;;;;;https://www.roseltorg.ru/procedure/COM09082300004/1
2124009521;"ПАО ""ХИМПРОМ""";;COM09082300004 (Лот 1);;;;;https://www.roseltorg.ru/procedure/COM09082300004/1
2124009521;"ПАО ""ХИМПРОМ""";;"Выполнение работ по замене энергопроводов к.709А (замена трубопровода отопления Ø89 на эстакаде; Ø57, Ø32, 5 регистров в помещении) в ПАО «Химпром».";;;;;https://www.roseltorg.ru/procedure/COM08082300069/1
2124009521;"ПАО ""ХИМПРОМ""";;COM08082300069 (Лот 1);;;;;https://www.roseltorg.ru/procedure/COM08082300069/1
2124009521;"ПАО ""ХИМПРОМ""";;"Работы по вентиляционным системам поз.В-17, В-25, В-30, В-43, П-5, П10, П-30/2 в корпусе 520 цех 62 ПАО ""Химпром""";;;;;https://www.roseltorg.ru/procedure/COM08082300022/1
2124009521;"ПАО ""ХИМПРОМ""";;COM08082300022 (Лот 1);;;;;https://www.roseltorg.ru/procedure/COM08082300022/1
2124009521;"ПАО ""ХИМПРОМ""";;Оказание услуг по разработке дизайн-проекта зимнего сада;;;;;https://www.roseltorg.ru/procedure/COM07082300041/1
2124009521;"ПАО ""ХИМПРОМ""";;COM07082300041 (Лот 1);;;;;https://www.roseltorg.ru/procedure/COM07082300041/1
2124009521;"ПАО ""ХИМПРОМ""";;Реконструкция эстакад ПАО «Химпром» в 2023г.;;;;;https://www.roseltorg.ru/procedure/COM07082300038/1
2124009521;"ПАО ""ХИМПРОМ""";;COM07082300038 (Лот 1);;;;;https://www.roseltorg.ru/procedure/COM07082300038/1
2124009521;"ПАО ""ХИМПРОМ""";;Выполнение работ про проекту «Реконструкция трубопровода хозпитьевой воды»;;;;;https://www.roseltorg.ru/procedure/COM07082300009/1
2124009521;"ПАО ""ХИМПРОМ""";;COM07082300009 (Лот 1);;;;;https://www.roseltorg.ru/procedure/COM07082300009/1
2124009521;"ПАО ""ХИМПРОМ""";;Работы по демонтажу корпусов №№ 317,321,522,527,911,858Б ПАО «Химпром»;;;;;https://www.roseltorg.ru/procedure/COM04082300013/1
2124009521;"ПАО ""ХИМПРОМ""";;COM04082300013 (Лот 1);;;;;https://www.roseltorg.ru/procedure/COM04082300013/1
2124009521;"ПАО ""ХИМПРОМ""";;Работы по разработке проекта капитального ремонта и капитальному ремонту трубчатой печи синтеза в цехе № 016 в корп.609В;;;;;https://www.roseltorg.ru/procedure/COM03082300091/1
2124009521;"ПАО ""ХИМПРОМ""";;COM03082300091 (Лот 1);;;;;https://www.roseltorg.ru/procedure/COM03082300091/1
2124009521;"ПАО ""ХИМПРОМ""";;Проведение ЭПБ проектной документации № 26426-520 «Узел выдачи водорода для установки MAHLER»;;;;;https://www.roseltorg.ru/procedure/COM02082300015/1
2124009521;"ПАО ""ХИМПРОМ""";;COM02082300015 (Лот 1);;;;;https://www.roseltorg.ru/procedure/COM02082300015/1
2124009521;"ПАО ""ХИМПРОМ""";;Реконструкция керамического трубопровода минеральной канализации промстоков от корпуса 412 вдоль а/д №13 до а/д №3;;;;;https://www.roseltorg.ru/procedure/COM27072300026/1
2124009521;"ПАО ""ХИМПРОМ""";;COM27072300026 (Лот 1);;;;;https://www.roseltorg.ru/procedure/COM27072300026/1
2124009521;"ПАО ""ХИМПРОМ""";;Выполнение работ по восстановлению водоснабжения и установка раковины и двух аварийных душей самопомощи в узле перекачки пероксида водорода и пассивации оборудования в корпусе 735 ПАО «Химпром» и на выполнение работ по реконструкции узла обогрева танк-контейнеров;;;;;https://www.roseltorg.ru/procedure/COM25072300043/1
2124009521;"ПАО ""ХИМПРОМ""";;COM25072300043 (Лот 1);;;;;https://www.roseltorg.ru/procedure/COM25072300043/1
2124009521;"ПАО ""ХИМПРОМ""";;Выполнение работ по строительству 1-го участка минеральной канализации ПАО «Химпром»;;;;;https://www.roseltorg.ru/procedure/COM25072300016/1
2124009521;"ПАО ""ХИМПРОМ""";;COM25072300016 (Лот 1);;;;;https://www.roseltorg.ru/procedure/COM25072300016/1
2124009521;"ПАО ""ХИМПРОМ""";;Выполнение работ по реконструкции дымовой трубы и дымососа;;;;;https://www.roseltorg.ru/procedure/COM21072300017/1
2124009521;"ПАО ""ХИМПРОМ""";;COM21072300017 (Лот 1);;;;;https://www.roseltorg.ru/procedure/COM21072300017/1
2124009521;"ПАО ""ХИМПРОМ""";;Выполнение работ по сбору исходных данных и подготовке проектной документации для прохождения экспертизы промышленной безопасности;;;;;https://www.roseltorg.ru/procedure/COM20072300021/1
2124009521;"ПАО ""ХИМПРОМ""";;COM20072300021 (Лот 1);;;;;https://www.roseltorg.ru/procedure/COM20072300021/1
2124009521;"ПАО ""ХИМПРОМ""";;Очистка усреднителя от осадка поз.1 корпус 843 цех 114 и очистка резервуара от осадка корпус 817 цех 114;;;;;https://www.roseltorg.ru/procedure/COM14072300012/1
2124009521;"ПАО ""ХИМПРОМ""";;COM14072300012 (Лот 1);;;;;https://www.roseltorg.ru/procedure/COM14072300012/1
2124009521;"ПАО ""ХИМПРОМ""";;Выполнение геодезических и геологических инженерных изысканий по объекту «Замена бака рассола поз. 8/10 с фундаментами, обвалкой т/п обвязки, уровнемером, освещением, площадками обслуживания V с 1000 м3 на 1250 м3»;;;;;https://www.roseltorg.ru/procedure/COM13072300054/1
2124009521;"ПАО ""ХИМПРОМ""";;COM13072300054 (Лот 1);;;;;https://www.roseltorg.ru/procedure/COM13072300054/1
2124009521;"ПАО ""ХИМПРОМ""";;Строительно-монтажные работы по замене трубопроводов водорода на Ду250 с теплоспутниками (2 трубопровода 38х3,5) от корпуса 101 до корпуса 660 ПАО «Химпром».;;;;;https://www.roseltorg.ru/procedure/COM12072300020/1
2124009521;"ПАО ""ХИМПРОМ""";;COM12072300020 (Лот 1);;;;;https://www.roseltorg.ru/procedure/COM12072300020/1
2124009521;"ПАО ""ХИМПРОМ""";;Работы по восстановлению работоспособности компрессора АА-108/7,5 п.88/6 в 2023г.;;;;;https://www.roseltorg.ru/procedure/COM06072300066/1
2124009521;"ПАО ""ХИМПРОМ""";;COM06072300066 (Лот 1);;;;;https://www.roseltorg.ru/procedure/COM06072300066/1
2124009521;"ПАО ""ХИМПРОМ""";;Выполнение комплекса работ по техническому обслуживанию и ремонту компрессорного оборудования цехов № 23, 50, 110 ПАО «Химпром»;;;;;https://www.roseltorg.ru/procedure/COM06072300044/1
2124009521;"ПАО ""ХИМПРОМ""";;COM06072300044 (Лот 1);;;;;https://www.roseltorg.ru/procedure/COM06072300044/1
2124009521;"ПАО ""ХИМПРОМ""";;"Работа по реконструкции холодильных машин поз.Х4А/В, поз.Х5А/В производство ГХК цех №70 ПАО ""Химпром""";;;;;https://www.roseltorg.ru/procedure/COM03072300016/1
2124009521;"ПАО ""ХИМПРОМ""";;COM03072300016 (Лот 1);;;;;https://www.roseltorg.ru/procedure/COM03072300016/1
2124009521;"ПАО ""ХИМПРОМ""";;Работы по емкостям соляной кислоты поз.251/8,9;;;;;https://www.roseltorg.ru/procedure/COM28062300121/1
2124009521;"ПАО ""ХИМПРОМ""";;COM28062300121 (Лот 1);;;;;https://www.roseltorg.ru/procedure/COM28062300121/1
2124009521;"ПАО ""ХИМПРОМ""";;Выполнение проектно-изыскательских работ по объекту «Организация сбора хозяйственно-бытовых стоков в порту ПАО «Химпром»»;;;;;https://www.roseltorg.ru/procedure/COM28062300033/1
2124009521;"ПАО ""ХИМПРОМ""";;COM28062300033 (Лот 1);;;;;https://www.roseltorg.ru/procedure/COM28062300033/1
2124009521;"ПАО ""ХИМПРОМ""";;Работы по огнезащитному покрытию несущих метал. ветровых связей в осях А-Д/7-8, Г/14-15 (к.609б, ц.16), огнезащитному покрытию несущих метал. ветровых связей к.370, ц.71 (В осях В, Е, К/14-15, 19-20, 29-30 21 шт.), огнезащитному покрытию несущих метал. ветровых связей на отм.+6.000м в осях А-Д/21-22;;;;;https://www.roseltorg.ru/procedure/COM09062300113/1
2124009521;"ПАО ""ХИМПРОМ""";;COM09062300113 (Лот 1);;;;;https://www.roseltorg.ru/procedure/COM09062300113/1
2124009521;"ПАО ""ХИМПРОМ""";;Работы по реконструкции кабельной галереи 3 (Опоры 104,105,106) доп.№2 к проекту 26540-302-КР ПАО «Химпром»;;;;;https://www.roseltorg.ru/procedure/COM09062300091/1
2124009521;"ПАО ""ХИМПРОМ""";;COM09062300091 (Лот 1);;;;;https://www.roseltorg.ru/procedure/COM09062300091/1
2124009521;"ПАО ""ХИМПРОМ""";;Работы по усилению и восстановлению конструкций корпуса 601В в осях 1-2 и А-Д, 2-5 и А-Б ПАО «Химпром»;;;;;https://www.roseltorg.ru/procedure/COM09062300073/1
2124009521;"ПАО ""ХИМПРОМ""";;COM09062300073 (Лот 1);;;;;https://www.roseltorg.ru/procedure/COM09062300073/1
2124009521;"ПАО ""ХИМПРОМ""";;Работы по восстановлению строительных конструкций в осях 1-10_А-Б корпуса 715 ц. №46 ПАО «Химпром»;;;;;https://www.roseltorg.ru/procedure/COM08062300024/1
2124009521;"ПАО ""ХИМПРОМ""";;COM08062300024 (Лот 1);;;;;https://www.roseltorg.ru/procedure/COM08062300024/1
2124009521;"ПАО ""ХИМПРОМ""";;Выполнение работ по замене трубопровода соляной кислоты стадии нейтрализации очищенного рассола в корпусе 411 и 101 ПАО «Химпром»;;;;;https://www.roseltorg.ru/procedure/COM06062300060/1
2124009521;"ПАО ""ХИМПРОМ""";;COM06062300060 (Лот 1);;;;;https://www.roseltorg.ru/procedure/COM06062300060/1
2124009521;"ПАО ""ХИМПРОМ""";;Проведение капитального ремонта редуктора изолирующего дыхательного аппарата AirGoFix;;;;;https://www.roseltorg.ru/procedure/COM31052300077/1
2124009521;"ПАО ""ХИМПРОМ""";;COM31052300077 (Лот 1);;;;;https://www.roseltorg.ru/procedure/COM31052300077/1
2124009521;"ПАО ""ХИМПРОМ""";;Проведение ЭПБ проектной документации № 26422-412 «Производство натра едкого технического упариванием электротехнических щелоков. Узел нейтрализации водоборотного цикла»;;;;;https://www.roseltorg.ru/procedure/COM31052300049/1
2124009521;"ПАО ""ХИМПРОМ""";;COM31052300049 (Лот 1);;;;;https://www.roseltorg.ru/procedure/COM31052300049/1
2124009521;"ПАО ""ХИМПРОМ""";;Проведение работ по монтажу кабельной трассы 6 кВ от ТП-135 до ТП-188;;;;;https://www.roseltorg.ru/procedure/COM30052300050/1
2124009521;"ПАО ""ХИМПРОМ""";;COM30052300050 (Лот 1);;;;;https://www.roseltorg.ru/procedure/COM30052300050/1
2124009521;"ПАО ""ХИМПРОМ""";;Выполнение монтажа водородопровода от ООО «Волжская перекись» до цеха №50 ПАО «Химпром» и выполнение монтажа трубопровода приёма перекиси водорода с производства ООО «Волжская перекись» в ёмкости позиции 300-9 и 300-10 цеха 50;;;;;https://www.roseltorg.ru/procedure/COM25052300029/1
2124009521;"ПАО ""ХИМПРОМ""";;COM25052300029 (Лот 1);;;;;https://www.roseltorg.ru/procedure/COM25052300029/1
2124009521;"ПАО ""ХИМПРОМ""";;Хроматографический комплекс № 1 с модулем 2 ПИД;;;;;https://www.roseltorg.ru/procedure/COM10042300061/1
2124009521;"ПАО ""ХИМПРОМ""";;COM10042300061 (Лот 1);;;;;https://www.roseltorg.ru/procedure/COM10042300061/1
2124009521;"ПАО ""ХИМПРОМ""";;Хроматографический комплекс № 2 с модулем ДТП;;;;;https://www.roseltorg.ru/procedure/COM10042300061/2
2124009521;"ПАО ""ХИМПРОМ""";;COM10042300061 (Лот 2);;;;;https://www.roseltorg.ru/procedure/COM10042300061/2
2124009521;"ПАО ""ХИМПРОМ""";;Хроматографический комплекс № 3 с модулем 2 ПИД;;;;;https://www.roseltorg.ru/procedure/COM10042300061/3
2124009521;"ПАО ""ХИМПРОМ""";;COM10042300061 (Лот 3);;;;;https://www.roseltorg.ru/procedure/COM10042300061/3
2124009521;"ПАО ""ХИМПРОМ""";;Работы по проведению режимно – наладочных работ на двухступенчатых установках натрий - катионитовых фильтрах ФИПа1-1,6-0,6, ФИПа1-2,0-0,6 и деаэрационных установках атмосферного типа ДА – 25/8, ДА – 50/15, режимно – наладочных испытаний водно - химических режимов паровых котлов БЭМ-10-1,3-210Г, ДЕ-6;;;;;https://www.roseltorg.ru/procedure/COM28032300069/1
2124009521;"ПАО ""ХИМПРОМ""";;COM28032300069 (Лот 1);;;;;https://www.roseltorg.ru/procedure/COM28032300069/1
2124009521;"ПАО ""ХИМПРОМ""";;Разработка проектной и рабочей документации объекта «Строительство 2-й нитки откачки сточных вод от ПАО «Химпром» до ГУП «БОС»;;;;;https://www.roseltorg.ru/procedure/COM28032300007/1
2124009521;"ПАО ""ХИМПРОМ""";;COM28032300007 (Лот 1);;;;;https://www.roseltorg.ru/procedure/COM28032300007/1
2124009521;"ПАО ""ХИМПРОМ""";;"Проведение работ по обследованию подъемных сооружений в цехах ПАО «Химпром»: 1) экспертиза промышленной безопасности подъемных сооружений, зарегистрированных в Ростехнадзоре; 2) комплексное обследование крановых путей. Составление паспорта на крановый путь по результатам обследования. 3) экспертное ";;;;;https://www.roseltorg.ru/procedure/COM27032300076/1
2124009521;"ПАО ""ХИМПРОМ""";;COM27032300076 (Лот 1);;;;;https://www.roseltorg.ru/procedure/COM27032300076/1
2124009521;"ПАО ""ХИМПРОМ""";;«Строительство минеральной канализации ПАО «Химпром»» Ду-500мм L=1000м.;;;;;https://www.roseltorg.ru/procedure/COM27032300030/1
2124009521;"ПАО ""ХИМПРОМ""";;COM27032300030 (Лот 1);;;;;https://www.roseltorg.ru/procedure/COM27032300030/1
2124009521;"ПАО ""ХИМПРОМ""";;Реконструкции тепловых сетей ПАО «Химпром»» Ду-600 от т. 9 до т.36 эстакад №№9,11;;;;;https://www.roseltorg.ru/procedure/COM27032300030/2
2124009521;"ПАО ""ХИМПРОМ""";;COM27032300030 (Лот 2);;;;;https://www.roseltorg.ru/procedure/COM27032300030/2
2124009521;"ПАО ""ХИМПРОМ""";;Разработка проектной и рабочей документации по: ЛОТ 1 На модернизацию противоточной двухсекционной вентиляторной градирни к. 844А размерами секции 16х12м производительностью 2500м3/ч.(1секция);;;;;https://www.roseltorg.ru/procedure/COM27032300011/1
2124009521;"ПАО ""ХИМПРОМ""";;COM27032300011 (Лот 1);;;;;https://www.roseltorg.ru/procedure/COM27032300011/1
2124009521;"ПАО ""ХИМПРОМ""";;Разработка проектной и рабочей документации по: ЛОТ 2 3На модернизацию противоточной двухсекционной вентиляторной градирни к. 844А размерами секции 16х12м производительностью 2500м3/ч.(2 секция);;;;;https://www.roseltorg.ru/procedure/COM27032300011/2
2124009521;"ПАО ""ХИМПРОМ""";;COM27032300011 (Лот 2);;;;;https://www.roseltorg.ru/procedure/COM27032300011/2
2124009521;"ПАО ""ХИМПРОМ""";;Работы по обследованию и разработке проектной документации по объекту «Склад временного хранения ГХК» цеха 70 ПАО «Химпром»;;;;;https://www.roseltorg.ru/procedure/COM24032300073/1
2124009521;"ПАО ""ХИМПРОМ""";;COM24032300073 (Лот 1);;;;;https://www.roseltorg.ru/procedure/COM24032300073/1
2124009521;"ПАО ""ХИМПРОМ""";;Проектирование системы отвода талых и грунтовых вод вдоль внутренней стороны наружного ограждения периметра ПАО «Химпром»;;;;;https://www.roseltorg.ru/procedure/COM24032300051/1
2124009521;"ПАО ""ХИМПРОМ""";;COM24032300051 (Лот 1);;;;;https://www.roseltorg.ru/procedure/COM24032300051/1
2124009521;"ПАО ""ХИМПРОМ""";;Обследование технического состояния строительных конструкций эстакад № 3-4 и №11 цеха №22 ПАО «Химпром» с выдачей рекомендаций по их восстановлению;;;;;https://www.roseltorg.ru/procedure/COM13032300036/1
2124009521;"ПАО ""ХИМПРОМ""";;COM13032300036 (Лот 1);;;;;https://www.roseltorg.ru/procedure/COM13032300036/1
2124009521;"ПАО ""ХИМПРОМ""";;Работы на монтаж средств тревожно-вызывной сигнализации (тревожной кнопки) в центральных щитовых цехов ПАО «Химпром» с выводом сигнала тревоги на ПЦН в корпусе №925;;;;;https://www.roseltorg.ru/procedure/COM10032300009/1
2124009521;"ПАО ""ХИМПРОМ""";;COM10032300009 (Лот 1);;;;;https://www.roseltorg.ru/procedure/COM10032300009/1
2124009521;"ПАО ""ХИМПРОМ""";;Выполнение работ по монтажу трубопровода хлора с 2-мя т/спутниками около корпуса №101 по эстакаде 3/4 ПАО «Химпром»;;;;;https://www.roseltorg.ru/procedure/COM09032300073/1
2124009521;"ПАО ""ХИМПРОМ""";;COM09032300073 (Лот 1);;;;;https://www.roseltorg.ru/procedure/COM09032300073/1
2124009521;"ПАО ""ХИМПРОМ""";;Разработка проектной и рабочей документации по объекту “Переработка кубовых остатков фенилтрихлорсилана цеха №16 ПАО “Химпром”;;;;;https://www.roseltorg.ru/procedure/COM09032300020/1
2124009521;"ПАО ""ХИМПРОМ""";;COM09032300020 (Лот 1);;;;;https://www.roseltorg.ru/procedure/COM09032300020/1
2124009521;"ПАО ""ХИМПРОМ""";;Проведение ЭПБ проектной документации № 26593-ВТМП «Перекладка трубопровода Ду300 газообразного хлора на цеха-потребители по эстакаде 3,4 вдоль корпуса 101»;;;;;https://www.roseltorg.ru/procedure/COM09032300008/1
2124009521;"ПАО ""ХИМПРОМ""";;COM09032300008 (Лот 1);;;;;https://www.roseltorg.ru/procedure/COM09032300008/1
2124009521;"ПАО ""ХИМПРОМ""";;Реконструкция трубопровода сточных вод на БОС ( дефектная ведомость № 42818 );;;;;https://www.roseltorg.ru/procedure/COM07032300027/1
2124009521;"ПАО ""ХИМПРОМ""";;COM07032300027 (Лот 1);;;;;https://www.roseltorg.ru/procedure/COM07032300027/1
2124009521;"ПАО ""ХИМПРОМ""";;Реконструкция трубопровода сточных вод на БОС ( дефектная ведомость № 42836 );;;;;https://www.roseltorg.ru/procedure/COM07032300027/2
2124009521;"ПАО ""ХИМПРОМ""";;COM07032300027 (Лот 2);;;;;https://www.roseltorg.ru/procedure/COM07032300027/2
2124009521;"ПАО ""ХИМПРОМ""";;Услуга по проектированию системы ПАЗ и системы газового анализа производства хлорметанов цеха №56 ПАО «Химпром»;;;;;https://www.roseltorg.ru/procedure/COM03032300029/1
2124009521;"ПАО ""ХИМПРОМ""";;COM03032300029 (Лот 1);;;;;https://www.roseltorg.ru/procedure/COM03032300029/1
2124009521;"ПАО ""ХИМПРОМ""";;Проектирование системы ПАЗ и системы газового анализа производства Мягчителя-2 цеха №62 ПАО «Химпром»;;;;;https://www.roseltorg.ru/procedure/COM02032300032/1
2124009521;"ПАО ""ХИМПРОМ""";;COM02032300032 (Лот 1);;;;;https://www.roseltorg.ru/procedure/COM02032300032/1
2124009521;"ПАО ""ХИМПРОМ""";;Проведение работы по реконструкции системы управления портального крана № 2 (10) КПП-10 (12,5), перевод на частотное регулирование с установкой кондиционера в кабине управления.;;;;;https://www.roseltorg.ru/procedure/COM22022300055/1
2124009521;"ПАО ""ХИМПРОМ""";;COM22022300055 (Лот 1);;;;;https://www.roseltorg.ru/procedure/COM22022300055/1
2124009521;"ПАО ""ХИМПРОМ""";;Проведение ЭПБ проектной документации № 26542-411 «Производство хлора и каустика. Оснащение электролизеров устройством прерывания тока утечки»;;;;;https://www.roseltorg.ru/procedure/COM15022300039/1
2124009521;"ПАО ""ХИМПРОМ""";;COM15022300039 (Лот 1);;;;;https://www.roseltorg.ru/procedure/COM15022300039/1
2124009521;"ПАО ""ХИМПРОМ""";;Реконструкция коллекторов 1 и 2 перекачки стоков на БОС;;;;;https://www.roseltorg.ru/procedure/COM07022300027/1
2124009521;"ПАО ""ХИМПРОМ""";;COM07022300027 (Лот 1);;;;;https://www.roseltorg.ru/procedure/COM07022300027/1
2124009521;"ПАО ""ХИМПРОМ""";;Работы по техническому обслуживанию компрессоров Hertz Freсon 75Р cер. № 1011860, Hertz Freсon 75Р cер. № 1011861, осушителя воздуха Hertz HDA850 сер. №1217MDA00018 ( 1 услуга);;;;;https://www.roseltorg.ru/procedure/COM30012300094/1
2124009521;"ПАО ""ХИМПРОМ""";;COM30012300094 (Лот 1);;;;;https://www.roseltorg.ru/procedure/COM30012300094/1
2124009521;"ПАО ""ХИМПРОМ""";;Проведение ЭПБ проектной документации № 26579-ГГС-СС «Проект системы громкоговорящей связи ПАО «Химпром»;;;;;https://www.roseltorg.ru/procedure/COM30012300045/1
2124009521;"ПАО ""ХИМПРОМ""";;COM30012300045 (Лот 1);;;;;https://www.roseltorg.ru/procedure/COM30012300045/1
2124009521;"ПАО ""ХИМПРОМ""";;Строительно-монтажные и пуско-наладочные работы по установке сигнализации о загазованности рабочих зон производства соляной кислоты в корпусе 724 цеха №56, газоанализаторов в насосном отделении и в отделении этерификации в корпусе №102В цеха №56;;;;;https://www.roseltorg.ru/procedure/COM27012300093/1
2124009521;"ПАО ""ХИМПРОМ""";;COM27012300093 (Лот 1);;;;;https://www.roseltorg.ru/procedure/COM27012300093/1
2124009521;"ПАО ""ХИМПРОМ""";;Монтаж автоматической пожарной сигнализации и системы оповещения в корпусах 220, 311, 520а, 538, 609д, 833з, 861 и 926а;;;;;https://www.roseltorg.ru/procedure/COM27012300014/1
2124009521;"ПАО ""ХИМПРОМ""";;COM27012300014 (Лот 1);;;;;https://www.roseltorg.ru/procedure/COM27012300014/1
2124009521;"ПАО ""ХИМПРОМ""";;Разработка проектной и рабочей документации объекта «Трубопроводы канализации ПАО «Химпром».;;;;;https://www.roseltorg.ru/procedure/COM26012300014/1
2124009521;"ПАО ""ХИМПРОМ""";;COM26012300014 (Лот 1);;;;;https://www.roseltorg.ru/procedure/COM26012300014/1
2124009521;"ПАО ""ХИМПРОМ""";;Разработка проектной и рабочей документации объекта «Прокладка трубопроводов рассола -100С, -200С ПАО «Химпром»;;;;;https://www.roseltorg.ru/procedure/COM25012300045/1
2124009521;"ПАО ""ХИМПРОМ""";;COM25012300045 (Лот 1);;;;;https://www.roseltorg.ru/procedure/COM25012300045/1
2124009521;"ПАО ""ХИМПРОМ""";;Разработка проектной и рабочей документации объекта «Прокладка трубопровода пара 1,3Мпа Dy600» ПАО «Химпром»;;;;;https://www.roseltorg.ru/procedure/COM25012300033/1
2124009521;"ПАО ""ХИМПРОМ""";;COM25012300033 (Лот 1);;;;;https://www.roseltorg.ru/procedure/COM25012300033/1
2124009521;"ПАО ""ХИМПРОМ""";;Запрос предложений на аренду 20 комплектов 2 КОНТЕЙНЕР-ЦИСТЕРНЫ не ниже класса Т11 под перевозку перекиси водорода концентрации не более 60% (не менее 24 кубов) на платформе (с 01.06.23г. по 15.06.23г);;;;;https://www.roseltorg.ru/procedure/COM25012300031/1
2124009521;"ПАО ""ХИМПРОМ""";;COM25012300031 (Лот 1);;;;;https://www.roseltorg.ru/procedure/COM25012300031/1
2124009521;"ПАО ""ХИМПРОМ""";;Запрос предложений на аренду 20 комплектов 2 КОНТЕЙНЕР-ЦИСТЕРНЫ не ниже класса Т11 под перевозку перекиси водорода концентрации не более 60% (не менее 24 кубов) на платформе (с 01.07.23г. по 15.07.23г);;;;;https://www.roseltorg.ru/procedure/COM25012300031/2
2124009521;"ПАО ""ХИМПРОМ""";;COM25012300031 (Лот 2);;;;;https://www.roseltorg.ru/procedure/COM25012300031/2
2124009521;"ПАО ""ХИМПРОМ""";;Запрос предложений на аренду 20 комплектов 2 КОНТЕЙНЕР-ЦИСТЕРНЫ не ниже класса Т11 под перевозку перекиси водорода концентрации не более 60% (не менее 24 кубов) на платформе (с 01.08.23г. по 15.08.23г);;;;;https://www.roseltorg.ru/procedure/COM25012300031/3
2124009521;"ПАО ""ХИМПРОМ""";;COM25012300031 (Лот 3);;;;;https://www.roseltorg.ru/procedure/COM25012300031/3
2124009521;"ПАО ""ХИМПРОМ""";;Запрос предложений на аренду 20 комплектов 2 КОНТЕЙНЕР-ЦИСТЕРНЫ не ниже класса Т11 под перевозку перекиси водорода концентрации не более 60% (не менее 24 кубов) на платформе (с 01.09.23г. по 15.09.23г.);;;;;https://www.roseltorg.ru/procedure/COM25012300031/4
2124009521;"ПАО ""ХИМПРОМ""";;COM25012300031 (Лот 4);;;;;https://www.roseltorg.ru/procedure/COM25012300031/4
2124009521;"ПАО ""ХИМПРОМ""";;Запрос предложений на аренду 20 комплектов 2 КОНТЕЙНЕР-ЦИСТЕРНЫ не ниже класса Т11 под перевозку перекиси водорода концентрации не более 60% (не менее 24 кубов) на платформе (с 01.10.23г. по 15.10.23г.);;;;;https://www.roseltorg.ru/procedure/COM25012300031/5
2124009521;"ПАО ""ХИМПРОМ""";;COM25012300031 (Лот 5);;;;;https://www.roseltorg.ru/procedure/COM25012300031/5
2124009521;"ПАО ""ХИМПРОМ""";;Запрос предложений на аренду 20 комплектов 2 КОНТЕЙНЕР-ЦИСТЕРНЫ не ниже класса Т11 под перевозку перекиси водорода концентрации не более 60% (не менее 24 кубов) на платформе (с 01.11.23г. по 15.11.23г.);;;;;https://www.roseltorg.ru/procedure/COM25012300031/6
2124009521;"ПАО ""ХИМПРОМ""";;COM25012300031 (Лот 6);;;;;https://www.roseltorg.ru/procedure/COM25012300031/6
2124009521;"ПАО ""ХИМПРОМ""";;Запрос предложений на аренду 20 комплектов 2 КОНТЕЙНЕР-ЦИСТЕРНЫ не ниже класса Т11 под перевозку перекиси водорода концентрации не более 60% (не менее 24 кубов) на платформе (с 01.12.23г. по 15.12.23г.);;;;;https://www.roseltorg.ru/procedure/COM25012300031/7
2124009521;"ПАО ""ХИМПРОМ""";;COM25012300031 (Лот 7);;;;;https://www.roseltorg.ru/procedure/COM25012300031/7
2124009521;"ПАО ""ХИМПРОМ""";;Разработка проектной и рабочей документации по объекту “Реконструкция участка приема и отгрузки сырья корпусов 709, 709А и 709Б цеха №45 ПАО “Химпром”;;;;;https://www.roseltorg.ru/procedure/COM24012300011/1
2124009521;"ПАО ""ХИМПРОМ""";;COM24012300011 (Лот 1);;;;;https://www.roseltorg.ru/procedure/COM24012300011/1
2124009521;"ПАО ""ХИМПРОМ""";;Реконструкция коллекторов 1и 2 перекачки стоков на БОС ПАО «Химпром», г. Новочебоксарск, Чувашская Республика;;;;;https://www.roseltorg.ru/procedure/COM28122200085/1
2124009521;"ПАО ""ХИМПРОМ""";;COM28122200085 (Лот 1);;;;;https://www.roseltorg.ru/procedure/COM28122200085/1
2124009521;"ПАО ""ХИМПРОМ""";;Обследование технического состояния строительных конструкций корпусов 636, 636А цеха №61 и наружной установки корпуса 102В (отделение абсорбции) цеха №56 ПАО «Химпром»;;;;;https://www.roseltorg.ru/procedure/COM28122200069/1
2124009521;"ПАО ""ХИМПРОМ""";;COM28122200069 (Лот 1);;;;;https://www.roseltorg.ru/procedure/COM28122200069/1
2124009521;"ПАО ""ХИМПРОМ""";;Монтаж автоматической пожарной сигнализации и системы оповещения в корпусах 311, 520а, 833з и 926а;;;;;https://www.roseltorg.ru/procedure/COM14122200014/1
2124009521;"ПАО ""ХИМПРОМ""";;COM14122200014 (Лот 1);;;;;https://www.roseltorg.ru/procedure/COM14122200014/1
2124009521;"ПАО ""ХИМПРОМ""";;Капитальный ремонт компрессора КТК12,5/35 поз. 1/2;;;;;https://www.roseltorg.ru/procedure/COM13122200055/1
2124009521;"ПАО ""ХИМПРОМ""";;COM13122200055 (Лот 1);;;;;https://www.roseltorg.ru/procedure/COM13122200055/1
2124009521;"ПАО ""ХИМПРОМ""";;Услуги самосвалов, экскаватора/погрузчика. Вывоз шлама от зачистки емкостей от поваренной соли на полигон. Отход IV класса опасности. Объем – 1200 тонн.;;;;;https://www.roseltorg.ru/procedure/COM07122200115/1
2124009521;"ПАО ""ХИМПРОМ""";;COM07122200115 (Лот 1);;;;;https://www.roseltorg.ru/procedure/COM07122200115/1
2124009521;"ПАО ""ХИМПРОМ""";;Услуги самосвалов, экскаватора/погрузчика. Вывоз шлама от зачистки емкостей от поваренной соли на полигон. Отход IV класса опасности. Объем – 1200 тонн.;;;;;https://www.roseltorg.ru/procedure/COM07122200115/2
2124009521;"ПАО ""ХИМПРОМ""";;COM07122200115 (Лот 2);;;;;https://www.roseltorg.ru/procedure/COM07122200115/2
2124009521;"ПАО ""ХИМПРОМ""";;Проведение работ по экспертизе промышленной безопасности хлорных компрессоров цеха № 110 ПАО «Химпром»;;;;;https://www.roseltorg.ru/procedure/COM07122200013/1
2124009521;"ПАО ""ХИМПРОМ""";;COM07122200013 (Лот 1);;;;;https://www.roseltorg.ru/procedure/COM07122200013/1
2124009521;"ПАО ""ХИМПРОМ""";;Реконструкции градирни к.536а (3-4 секция);;;;;https://www.roseltorg.ru/procedure/COM06122200027/1
2124009521;"ПАО ""ХИМПРОМ""";;COM06122200027 (Лот 1);;;;;https://www.roseltorg.ru/procedure/COM06122200027/1
2124009521;"ПАО ""ХИМПРОМ""";;Восстановление строительных конструкций корпуса №370 цеха №71 ПАО «Химпром», г. Новочебоксарск, Республика Чувашии;;;;;https://www.roseltorg.ru/procedure/COM02122200024/1
2124009521;"ПАО ""ХИМПРОМ""";;COM02122200024 (Лот 1);;;;;https://www.roseltorg.ru/procedure/COM02122200024/1
2124009521;"ПАО ""ХИМПРОМ""";;Заключение экспертизы промышленной безопасности проектной документации;;;;;https://www.roseltorg.ru/procedure/COM01122200070/1
2124009521;"ПАО ""ХИМПРОМ""";;COM01122200070 (Лот 1);;;;;https://www.roseltorg.ru/procedure/COM01122200070/1
2124009521;"ПАО ""ХИМПРОМ""";;Выполнение работ по восстановлению остекления в корпусах цехов №№62, 16, 24, 26, 45, 71, 110 ПАО «Химпром»;;;;;https://www.roseltorg.ru/procedure/COM18112200033/1
2124009521;"ПАО ""ХИМПРОМ""";;COM18112200033 (Лот 1);;;;;https://www.roseltorg.ru/procedure/COM18112200033/1
2124009521;"ПАО ""ХИМПРОМ""";;Проведение работ по реконструкции кабельной галереи №3;;;;;https://www.roseltorg.ru/procedure/COM16112200035/1
2124009521;"ПАО ""ХИМПРОМ""";;COM16112200035 (Лот 1);;;;;https://www.roseltorg.ru/procedure/COM16112200035/1
2124009521;"ПАО ""ХИМПРОМ""";;Разработка проектной документации «Техническое перевооружение. Восстановление несущей способности этажерки корпуса 102В цеха № 56 производства хлорметанов ПАО «Химпром»;;;;;https://www.roseltorg.ru/procedure/COM15112200038/1
2124009521;"ПАО ""ХИМПРОМ""";;COM15112200038 (Лот 1);;;;;https://www.roseltorg.ru/procedure/COM15112200038/1
2124009521;"ПАО ""ХИМПРОМ""";;Проведение работ по демонтажу надземной части административно-бытового корпуса «Порт» цеха № 110;;;;;https://www.roseltorg.ru/procedure/COM11112200134/1
2124009521;"ПАО ""ХИМПРОМ""";;COM11112200134 (Лот 1);;;;;https://www.roseltorg.ru/procedure/COM11112200134/1
2124009521;"ПАО ""ХИМПРОМ""";;Проведение ЭПБ проектной документации № 26500-полигон «Водоснабжение и водоотведения полигона захоронения»;;;;;https://www.roseltorg.ru/procedure/COM11112200123/1
2124009521;"ПАО ""ХИМПРОМ""";;COM11112200123 (Лот 1);;;;;https://www.roseltorg.ru/procedure/COM11112200123/1
2124009521;"ПАО ""ХИМПРОМ""";;Услуги по аренде тепляков на 35 работников;;;;;https://www.roseltorg.ru/procedure/COM11112200074/1
2124009521;"ПАО ""ХИМПРОМ""";;COM11112200074 (Лот 1);;;;;https://www.roseltorg.ru/procedure/COM11112200074/1
2124009521;"ПАО ""ХИМПРОМ""";;Запрос предложений на проектирование, изготовление, поставку и монтаж колонны сернокислотной осушки хлоргаза;;;;;https://www.roseltorg.ru/procedure/COM03112200053/1
2124009521;"ПАО ""ХИМПРОМ""";;COM03112200053 (Лот 1);;;;;https://www.roseltorg.ru/procedure/COM03112200053/1
2124009521;"ПАО ""ХИМПРОМ""";;Оказание услуг по техническому диагностированию локомотива модели ТГМ4 №15679624 с целью продления назначенного срока службы на максимально допустимый срок;;;;;https://www.roseltorg.ru/procedure/COM09112200106/1
2124009521;"ПАО ""ХИМПРОМ""";;COM09112200106 (Лот 1);;;;;https://www.roseltorg.ru/procedure/COM09112200106/1
2124009521;"ПАО ""ХИМПРОМ""";;Комплекс работ по модернизации АИИС КУЭ ПАО «Химпром»;;;;;https://www.roseltorg.ru/procedure/COM09112200062/1
2124009521;"ПАО ""ХИМПРОМ""";;COM09112200062 (Лот 1);;;;;https://www.roseltorg.ru/procedure/COM09112200062/1
2124009521;"ПАО ""ХИМПРОМ""";;Проведение ЭПБ проектной документации № 26507-724 «Сигнализация о загазованности рабочих зон производства соляной кислоты» № 26516-102В «Установка газоанализаторов в отделении этерификации ц.56»;;;;;https://www.roseltorg.ru/procedure/COM08112200117/1
2124009521;"ПАО ""ХИМПРОМ""";;COM08112200117 (Лот 1);;;;;https://www.roseltorg.ru/procedure/COM08112200117/1
2124009521;"ПАО ""ХИМПРОМ""";;"Ремонт крана автомобильного, 14 т., на шасси МАЗ-5337с гидравлическим приводом КС-3577-4, зав. №5737 рег. №6866: - Работы по ремонту гидроцилиндра подъема стрелы; - Работы по ремонту гидроцилиндра выдвижения стрелы; - Работы по ремонту гидроцилиндра левой передней опоры; - Работы по ремонту шарнирно";;;;;https://www.roseltorg.ru/procedure/COM03112200072/1
2124009521;"ПАО ""ХИМПРОМ""";;COM03112200072 (Лот 1);;;;;https://www.roseltorg.ru/procedure/COM03112200072/1
2124009521;"ПАО ""ХИМПРОМ""";;"Ремонт подъемника автомобильного гидравлического АГП-18, зав. №989, рег. №6789А: - Работы по ремонту гидроцилиндров аутригеров (2 ед.); - Работы по замене опорно-поворотного устройства; - Работы по устранению люфта в подшипниковом узле выходного вала редуктора механизма поворота: - Работы по ремонту";;;;;https://www.roseltorg.ru/procedure/COM03112200072/2
2124009521;"ПАО ""ХИМПРОМ""";;COM03112200072 (Лот 2);;;;;https://www.roseltorg.ru/procedure/COM03112200072/2
2124009521;"ПАО ""ХИМПРОМ""";;Реконструкция сливо-наливного стока для залива каустика в танк-контейнера проект 2516-722И, К;;;;;https://www.roseltorg.ru/procedure/COM02112200136/1
2124009521;"ПАО ""ХИМПРОМ""";;COM02112200136 (Лот 1);;;;;https://www.roseltorg.ru/procedure/COM02112200136/1
2124009521;"ПАО ""ХИМПРОМ""";;"1) Аренда снегоуборочной техники: - работа в зимний период на территории предприятия, по заявкам ПАО; - протяженность автодорог – 23км; 2) Количество смен в сутках – 1 смена; 3) Количество часов в смене – 8ч; 4) Виды работ: - перемещение, погрузка снега в самосвалы; - чистка автодорог, тротуаров; - ";;;;;https://www.roseltorg.ru/procedure/COM26102200037/1
2124009521;"ПАО ""ХИМПРОМ""";;COM26102200037 (Лот 1);;;;;https://www.roseltorg.ru/procedure/COM26102200037/1
2124009521;"ПАО ""ХИМПРОМ""";;административно блочное-здание (модульное)1 вариант включая п.33 ОЛ;;;;;https://www.roseltorg.ru/procedure/COM25102200024/1
2124009521;"ПАО ""ХИМПРОМ""";;COM25102200024 (Лот 1);;;;;https://www.roseltorg.ru/procedure/COM25102200024/1
2124009521;"ПАО ""ХИМПРОМ""";;административно блочное-здание (модульное) II вариант исключая п.33 ОЛ;;;;;https://www.roseltorg.ru/procedure/COM25102200024/2
2124009521;"ПАО ""ХИМПРОМ""";;COM25102200024 (Лот 2);;;;;https://www.roseltorg.ru/procedure/COM25102200024/2
2124009521;"ПАО ""ХИМПРОМ""";;Разработка проектной документации «Ликвидация оборудования в корпусах 609б. и цеха № 16».;;;;;https://www.roseltorg.ru/procedure/COM21102200033/1
2124009521;"ПАО ""ХИМПРОМ""";;COM21102200033 (Лот 1);;;;;https://www.roseltorg.ru/procedure/COM21102200033/1
2124009521;"ПАО ""ХИМПРОМ""";;Запрос предложений на предоставление в арендное пользование цистерн для перевозки натрия гидроксида;;;;;https://www.roseltorg.ru/procedure/COM18102200013/1
2124009521;"ПАО ""ХИМПРОМ""";;COM18102200013 (Лот 1);;;;;https://www.roseltorg.ru/procedure/COM18102200013/1
2124009521;"ПАО ""ХИМПРОМ""";;Компьютерная регистрирующая система (КРС) испытательного стенда для гидравлических и пневматических испытаний запорной трубопроводной арматуры DN10-400 ИГП 11-26-3, цех 21, корпус 701, ПАО «Химпром».;;;;;https://www.roseltorg.ru/procedure/COM17102200078/1
2124009521;"ПАО ""ХИМПРОМ""";;COM17102200078 (Лот 1);;;;;https://www.roseltorg.ru/procedure/COM17102200078/1
2124009521;"ПАО ""ХИМПРОМ""";;Работы по реконструкции. Замена керамических трубопроводов минеральной канализации промстоков от корп.412 вдоль а/д№13 до а/д№3 Ø300мм (L=334м.п. PE-RT+Корсис) на ПАО «Химпром». «Устройство защитного кожуха Ø530мм под ж/д путями при замене керамических трубопроводов минеральной канализации промстоко;;;;;https://www.roseltorg.ru/procedure/COM17102200024/1
2124009521;"ПАО ""ХИМПРОМ""";;COM17102200024 (Лот 1);;;;;https://www.roseltorg.ru/procedure/COM17102200024/1
2124009521;"ПАО ""ХИМПРОМ""";;Проведение работ по электрическим испытаниям кранов ПАО «Химпром»;;;;;https://www.roseltorg.ru/procedure/COM13102200075/1
2124009521;"ПАО ""ХИМПРОМ""";;COM13102200075 (Лот 1);;;;;https://www.roseltorg.ru/procedure/COM13102200075/1
2124009521;"ПАО ""ХИМПРОМ""";;Проведение работ по монтажу автоматической пожарной сигнализации и системы оповещения в корпусах 370в, 832а, 913 и 709а;;;;;https://www.roseltorg.ru/procedure/COM13102200030/1
2124009521;"ПАО ""ХИМПРОМ""";;COM13102200030 (Лот 1);;;;;https://www.roseltorg.ru/procedure/COM13102200030/1
2124009521;"ПАО ""ХИМПРОМ""";;Реконструкция трубопровода рассола от речпорта до ПАО «Химпром» (2 нитка);;;;;https://www.roseltorg.ru/procedure/COM04102200086/1
2124009521;"ПАО ""ХИМПРОМ""";;COM04102200086 (Лот 1);;;;;https://www.roseltorg.ru/procedure/COM04102200086/1
2124009521;"ПАО ""ХИМПРОМ""";;Монтаж системы пожарной сигнализации и системы оповещения и управления эвакуацией людей при пожаре в корпусах 371, 804а, 851 и 860 ПАО «Химпром» по адресу: Чувашская Республика, г. Новочебоксарск, ул. Промышленная, д. 101.;;;;;https://www.roseltorg.ru/procedure/COM27092200017/1
2124009521;"ПАО ""ХИМПРОМ""";;COM27092200017 (Лот 1);;;;;https://www.roseltorg.ru/procedure/COM27092200017/1
2124009521;"ПАО ""ХИМПРОМ""";;Услуги по теплоизоляции трубопроводов в цехах ПАО «Химпром»;;;;;https://www.roseltorg.ru/procedure/COM09092200096/1
2124009521;"ПАО ""ХИМПРОМ""";;COM09092200096 (Лот 1);;;;;https://www.roseltorg.ru/procedure/COM09092200096/1
2124009521;"ПАО ""ХИМПРОМ""";;"Запрос цен, предложений на демонтаж, монтаж ТРК, пуско-наладка ТРК на АЗС 1) Демонтаж ТРК, монтаж ТРК ТОПАЗ-111-55-2000/00(В)М; 2) Пуско-наладочные работы ТРК (ТОПАЗ-111-55-2000/00(В)М.";;;;;https://www.roseltorg.ru/procedure/COM25082200107/1
2124009521;"ПАО ""ХИМПРОМ""";;COM25082200107 (Лот 1);;;;;https://www.roseltorg.ru/procedure/COM25082200107/1
2124009521;"ПАО ""ХИМПРОМ""";;Выполнение работ по реконструкции крана портального КПП 16-20 поз. 11, цех № 110, корпус 100, порт;;;;;https://www.roseltorg.ru/procedure/COM16082200073/1
2124009521;"ПАО ""ХИМПРОМ""";;COM16082200073 (Лот 1);;;;;https://www.roseltorg.ru/procedure/COM16082200073/1
2124009521;"ПАО ""ХИМПРОМ""";;Проведение работ по реконструкции кабельной галереи № 3;;;;;https://www.roseltorg.ru/procedure/COM16082200077/1
2124009521;"ПАО ""ХИМПРОМ""";;COM16082200077 (Лот 1);;;;;https://www.roseltorg.ru/procedure/COM16082200077/1
2124009521;"ПАО ""ХИМПРОМ""";;Работы по реконструкции градирни 311А секция №1цеха №23 и по замене водораспределительной системы градирни секции №1;;;;;https://www.roseltorg.ru/procedure/COM16082200076/1
2124009521;"ПАО ""ХИМПРОМ""";;COM16082200076 (Лот 1);;;;;https://www.roseltorg.ru/procedure/COM16082200076/1
2124009521;"ПАО ""ХИМПРОМ""";;Реконструкция бака стального V-1250 м3 поз 2/2;;;;;https://www.roseltorg.ru/procedure/COM16082200051/1
2124009521;"ПАО ""ХИМПРОМ""";;COM16082200051 (Лот 1);;;;;https://www.roseltorg.ru/procedure/COM16082200051/1
2124009521;"ПАО ""ХИМПРОМ""";;Реконструкция бака-хранилища каустика п.249/3. Демонтаж бака, монтаж бака, изготовление и монтаж барботера, АКЗ бака снаружи, АКЗ ограждения и трубопроводов, демонтаж и монтаж запорной арматуры, демонтаж и монтаж поплавкового устройства, изготовление и монтаж фланцевых штуцеров, изготовление и монта;;;;;https://www.roseltorg.ru/procedure/COM16082200049/1
2124009521;"ПАО ""ХИМПРОМ""";;COM16082200049 (Лот 1);;;;;https://www.roseltorg.ru/procedure/COM16082200049/1
2124009521;"ПАО ""ХИМПРОМ""";;Диагностика холодильной машины (установки) поз.Х5А с целью определения её неисправностей и мероприятий по восстановлению её работоспособности до проектных технических параметров.;;;;;https://www.roseltorg.ru/procedure/COM16082200047/1
2124009521;"ПАО ""ХИМПРОМ""";;COM16082200047 (Лот 1);;;;;https://www.roseltorg.ru/procedure/COM16082200047/1
2124009521;"ПАО ""ХИМПРОМ""";;Работы по техническому перевооружению производства нейтрального гипохлорита кальция с содержанием активного хлора не менее 70% с целью увеличения мощности до 21,5 тыс. т/год. 1 этап – квалификационный отбор участников;;;;;https://www.roseltorg.ru/procedure/COM27122400032/1
2124009521;"ПАО ""ХИМПРОМ""";;COM27122400032 (Лот 1);;;;;https://www.roseltorg.ru/procedure/COM27122400032/1
2124009521;"ПАО ""ХИМПРОМ""";;Установка дозирования реагентов (насосная станция в сборе);;;;;https://www.roseltorg.ru/procedure/COM06082400069/1
2124009521;"ПАО ""ХИМПРОМ""";;COM06082400069 (Лот 1);;;;;https://www.roseltorg.ru/procedure/COM06082400069/1
2124009521;"ПАО ""ХИМПРОМ""";;Вагоны-цистерны модели 15-1404, 15-1525, 15-1556, 15-1614, 15-1614-01, 15-1548-16, 15-1404-80, 15-1613-05, 15-6900, 15-6900-01 Справочник модель-груз СМГР-2 В ком. предложении указать: Арендная ставка Количество Модель Условия по ремонтам (плановый, текущий) Условия по ж.д. тарифу в аренду/из аренды;;;;;https://www.roseltorg.ru/procedure/COM18042400106/1
2124009521;"ПАО ""ХИМПРОМ""";;COM18042400106 (Лот 1);;;;;https://www.roseltorg.ru/procedure/COM18042400106/1
2124009521;"ПАО ""ХИМПРОМ""";;Выполнение комплекса работ по реинжинирингу и разработке РКД клапанов на компрессор 205ГП-30/8;;;;;https://www.roseltorg.ru/procedure/COM08042400017/1
2124009521;"ПАО ""ХИМПРОМ""";;COM08042400017 (Лот 1);;;;;https://www.roseltorg.ru/procedure/COM08042400017/1
2124009521;"ПАО ""ХИМПРОМ""";;Закупка клапанов на компрессор 205ГП-30/8;;;;;https://www.roseltorg.ru/procedure/COM04042400110/1
2124009521;"ПАО ""ХИМПРОМ""";;COM04042400110 (Лот 1);;;;;https://www.roseltorg.ru/procedure/COM04042400110/1
2124009521;"ПАО ""ХИМПРОМ""";;Запрос цен, предложений на предоставление в арендное пользование цистерн для перевозки кальция хлорида (485407ЕТСНГ) в модели 15-1404, 15-1525, 15-1556, 15-1614, 15-1614-01, 15-1548-16, 15-1404-80, 15-1613-05, 15-6900, 15-6900-01;;;;;https://www.roseltorg.ru/procedure/COM28032400072/1
2124009521;"ПАО ""ХИМПРОМ""";;COM28032400072 (Лот 1);;;;;https://www.roseltorg.ru/procedure/COM28032400072/1
2124009521;"ПАО ""ХИМПРОМ""";;Запрос цен, предложений на предоставление в арендное пользование цистерн для перевозки натрия гидроксида (482146 ЕТСНГ) в модели 15-1412, 15-1482, 15-1487-01, 15-1487-10, 15-1487-11, 15-1525-01, 15-1525-С, 15-1548, 15-1548-15, 15-1548-16, 15-1601, 15-6900-01;;;;;https://www.roseltorg.ru/procedure/COM28032400054/1
2124009521;"ПАО ""ХИМПРОМ""";;COM28032400054 (Лот 1);;;;;https://www.roseltorg.ru/procedure/COM28032400054/1
2124009521;"ПАО ""ХИМПРОМ""";;"Проведение в цехах ПАО «Химпром» оценки соответствия лифтов и устройств безопасности лифтов в форме технического освидетельствования в период назначенного срока службы и в форме обследования по истечении назначенного срока службы в 2024 году Проведение технического освидетельствования – 14 лифтов; П";;;;;https://www.roseltorg.ru/procedure/COM12032400020/1
2124009521;"ПАО ""ХИМПРОМ""";;COM12032400020 (Лот 1);;;;;https://www.roseltorg.ru/procedure/COM12032400020/1
2124009521;"ПАО ""ХИМПРОМ""";;Работы по восстановлению работоспособного состояния трубопроводов и оборудования в цехе № 56,110 в 2024 году;;;;;https://www.roseltorg.ru/procedure/COM11032400075/1
2124009521;"ПАО ""ХИМПРОМ""";;COM11032400075 (Лот 1);;;;;https://www.roseltorg.ru/procedure/COM11032400075/1
2124009521;"ПАО ""ХИМПРОМ""";;Работы на трубопроводах реакционного газа ,абгазов в цехе № 56 с целью восстановления работоспособного состояния трубопроводов. 1.Замена тр-да РГ от п.71/1-3 до п.101/1,2 (кат.1АА) Перечень работ согласно приложенной дефектной ведомости № 447391. Цех № 56 Ø325 Cт20 2.Замена тр-да РГ от п.57/1-3 до п;;;;;https://www.roseltorg.ru/procedure/COM11032400068/1
2124009521;"ПАО ""ХИМПРОМ""";;COM11032400068 (Лот 1);;;;;https://www.roseltorg.ru/procedure/COM11032400068/1
2124009521;"ПАО ""ХИМПРОМ""";;Выполнение работы на трубопроводах электрохлоргаза, абгазов и испаренного хлора;;;;;https://www.roseltorg.ru/procedure/COM11032400054/1
2124009521;"ПАО ""ХИМПРОМ""";;COM11032400054 (Лот 1);;;;;https://www.roseltorg.ru/procedure/COM11032400054/1
2124009521;"ПАО ""ХИМПРОМ""";;Реконструкция наружной этажерки корпуса №102В в ц.56 Согласно проекту 26543-102В-АС/2;;;;;https://www.roseltorg.ru/procedure/COM11032400030/1
2124009521;"ПАО ""ХИМПРОМ""";;COM11032400030 (Лот 1);;;;;https://www.roseltorg.ru/procedure/COM11032400030/1
2124009521;"ПАО ""ХИМПРОМ""";;Комплекс работ согласно дефектной ведомости №47192 по замене участка трубопровода рассола, провести необходимые испытания, восстановить дорожное и тротуарное покрытие. Для сдачи работ необходимо предоставить: 1. Акты освидетельствования скрытых работ. 2. Сертификаты качества используемых основных и ;;;;;https://www.roseltorg.ru/procedure/COM07032400086/1
2124009521;"ПАО ""ХИМПРОМ""";;COM07032400086 (Лот 1);;;;;https://www.roseltorg.ru/procedure/COM07032400086/1
2124009521;"ПАО ""ХИМПРОМ""";;Выполнение работ по замене участков трубопроводов, задвижек в колодцах и на трубопроводах.;;;;;https://www.roseltorg.ru/procedure/COM06032400086/1
2124009521;"ПАО ""ХИМПРОМ""";;COM06032400086 (Лот 1);;;;;https://www.roseltorg.ru/procedure/COM06032400086/1
2124009521;"ПАО ""ХИМПРОМ""";;Проведение работы по замене электропроводки, светильников, розеток, выключателей корпуса 824 цеха №27;;;;;https://www.roseltorg.ru/procedure/COM01032400090/1
2124009521;"ПАО ""ХИМПРОМ""";;COM01032400090 (Лот 1);;;;;https://www.roseltorg.ru/procedure/COM01032400090/1
2124009521;"ПАО ""ХИМПРОМ""";;Работы по установке 5 стремянок, опор трубопроводов и обвязке емкостей поз.Е1/1-3 и Е2/2 корпуса 100В в 2024 году Предмет и объем закупки Разделы АС (опоры трубопроводов), МЧ (в полном объеме), КМ(монтаж 5 стремянок) проекта 26617-100В;;;;;https://www.roseltorg.ru/procedure/COM28022400092/1
2124009521;"ПАО ""ХИМПРОМ""";;COM28022400092 (Лот 1);;;;;https://www.roseltorg.ru/procedure/COM28022400092/1
2124009521;"ПАО ""ХИМПРОМ""";;COM27022400105 (Лот 1);;;;;https://www.roseltorg.ru/procedure/COM27022400105/1
2124009521;"ПАО ""ХИМПРОМ""";;Выполнение проектно-изыскательских работ по объекту: Монтаж компрессоров подачи технологического воздуха и воздуха КИПиА в ц.№70 ПАО «Химпром»;;;;;https://www.roseltorg.ru/procedure/COM26022400055/1
2124009521;"ПАО ""ХИМПРОМ""";;COM26022400055 (Лот 1);;;;;https://www.roseltorg.ru/procedure/COM26022400055/1
2124009521;"ПАО ""ХИМПРОМ""";;Восстановление антикоррозионных свойств контейнеров V=0,8м³ для транспортировки жидкого хлора цеха №110 ПАО «Химпром» в 2024 -2025 г.г. - 500 штук;;;;;https://www.roseltorg.ru/procedure/COM22022400052/1
2124009521;"ПАО ""ХИМПРОМ""";;COM22022400052 (Лот 1);;;;;https://www.roseltorg.ru/procedure/COM22022400052/1
2124009521;"ПАО ""ХИМПРОМ""";;Выполнение работ по «Монтажу и подключению нового гранулятора TMQ производства Китай в к.370-И ц.71 в 2024 году;;;;;https://www.roseltorg.ru/procedure/COM20022400125/1
2124009521;"ПАО ""ХИМПРОМ""";;COM20022400125 (Лот 1);;;;;https://www.roseltorg.ru/procedure/COM20022400125/1
2124009521;"ПАО ""ХИМПРОМ""";;Выполнение экспертизы промышленной безопасности зданий и сооружений ПАО «Химпром» в 2024 году;;;;;https://www.roseltorg.ru/procedure/COM15022400164/1
2124009521;"ПАО ""ХИМПРОМ""";;COM15022400164 (Лот 1);;;;;https://www.roseltorg.ru/procedure/COM15022400164/1
2124009521;"ПАО ""ХИМПРОМ""";;Оклейка бронирующей пленкой окон, стеклянных дверей 1-го этажа трехэтажной части корпуса 921 ПАО «Химпром» в 2024 году;;;;;https://www.roseltorg.ru/procedure/COM15022400071/1
2124009521;"ПАО ""ХИМПРОМ""";;COM15022400071 (Лот 1);;;;;https://www.roseltorg.ru/procedure/COM15022400071/1
2124009521;"ПАО ""ХИМПРОМ""";;COM14022400107 (Лот 1);;;;;https://www.roseltorg.ru/procedure/COM14022400107/1
2124009521;"ПАО ""ХИМПРОМ""";;Выполнение проектно-изыскательских работ по объекту: Модернизация инженерных систем и отделка помещений корпуса №924 ПАО «Химпром»;;;;;https://www.roseltorg.ru/procedure/COM12022400133/1
2124009521;"ПАО ""ХИМПРОМ""";;COM12022400133 (Лот 1);;;;;https://www.roseltorg.ru/procedure/COM12022400133/1
2124009521;"ПАО ""ХИМПРОМ""";;Выполнение проектно-изыскательских работ по объекту: Монтаж нового хлорного компрессора в корпусе 411 ПАО «Химпром» в 2024 году;;;;;https://www.roseltorg.ru/procedure/COM06022400020/1
2124009521;"ПАО ""ХИМПРОМ""";;COM06022400020 (Лот 1);;;;;https://www.roseltorg.ru/procedure/COM06022400020/1
2124009521;"ПАО ""ХИМПРОМ""";;COM02022400021 (Лот 1);;;;;https://www.roseltorg.ru/procedure/COM02022400021/1
2124009521;"ПАО ""ХИМПРОМ""";;Выполнение проектно-изыскательских работ по объекту «Техническое перевооружение участка ЛВЖ цеха № 45» в 2024 году (в соответствии с Техническим заданием);;;;;https://www.roseltorg.ru/procedure/COM01022400112/1
2124009521;"ПАО ""ХИМПРОМ""";;COM01022400112 (Лот 1);;;;;https://www.roseltorg.ru/procedure/COM01022400112/1
2124009521;"ПАО ""ХИМПРОМ""";;Выполнение проектно-изыскательских работ по 10 объектам цеха №56 ПАО «Химпром» в 2024 году;;;;;https://www.roseltorg.ru/procedure/COM01022400044/1
2124009521;"ПАО ""ХИМПРОМ""";;COM01022400044 (Лот 1);;;;;https://www.roseltorg.ru/procedure/COM01022400044/1
2124009521;"ПАО ""ХИМПРОМ""";;Выполнение проектно-изыскательских работ по 16 объектам для цехов №16, 23, 45, 50/2, 70, 110, 114 ПАО «Химпром» в 2024 г.(16 объектов) Объем разработанной документации должен быть достаточен для прохождения экспертиз проектной документации, промышленной безопасности и т.д. Вид и необходимость экспер;;;;;https://www.roseltorg.ru/procedure/COM01022400038/1
2124009521;"ПАО ""ХИМПРОМ""";;COM01022400038 (Лот 1);;;;;https://www.roseltorg.ru/procedure/COM01022400038/1
2124009521;"ПАО ""ХИМПРОМ""";;Выполнение работ по «Монтажу и подключению нового гранулятора TMQ производства Китай в к.370-И ц.71 (АТХ,ЭМ) (монтаж и подключение кабелей, кабеленесущих конструкций, электротехнической аппаратуры, приборов КИПиА) в 2024 году;;;;;https://www.roseltorg.ru/procedure/COM31012400135/1
2124009521;"ПАО ""ХИМПРОМ""";;COM31012400135 (Лот 1);;;;;https://www.roseltorg.ru/procedure/COM31012400135/1
2124009521;"ПАО ""ХИМПРОМ""";;"Восстановление полов и частичное покрытие полов резиновыми плитами в корпусе 202 цеха 56. (Техническое задание на выполнение работ по восстановлению полов и частичное покрытие полов резиновыми плитами в корпусе 202 цеха 56; Проектная документация: 266242-202-КР Проект новый – 1 шт; 266242-202-ЭМ.С –";;;;;https://www.roseltorg.ru/procedure/COM31012400134/1
2124009521;"ПАО ""ХИМПРОМ""";;COM31012400134 (Лот 1);;;;;https://www.roseltorg.ru/procedure/COM31012400134/1
2124009521;"ПАО ""ХИМПРОМ""";;Выполнение работ по «Монтажу и подключению нового гранулятора TMQ производства Китай в к.370-И ц.71 (КР,ТХ) (Монтаж, обвязка и подключение гранулятора, бункера, масляной станции, трубопровода, вентилятора) в 2024 году;;;;;https://www.roseltorg.ru/procedure/COM31012400121/1
2124009521;"ПАО ""ХИМПРОМ""";;COM31012400121 (Лот 1);;;;;https://www.roseltorg.ru/procedure/COM31012400121/1
2124009521;"ПАО ""ХИМПРОМ""";;Выполнение работ по демонтажу и монтажу рукавного фильтра поз.V1017С в корпусе 870 цех 70 ПАО «Химпром» Предмет и объем закупки: Приложение 1 Проект 26839-870-ЭМ Приложение 2 Проект 26839-870-ТХ Приложение 3 Проект 26839-870-ОВ Приложение 4 Проект 26839-870-КМ;;;;;https://www.roseltorg.ru/procedure/COM31012400056/1
2124009521;"ПАО ""ХИМПРОМ""";;COM31012400056 (Лот 1);;;;;https://www.roseltorg.ru/procedure/COM31012400056/1
2124009521;"ПАО ""ХИМПРОМ""";;Выполнение проектно-изыскательских работ по 4 объектам ПАО «Химпром»;;;;;https://www.roseltorg.ru/procedure/COM25012400082/1
2124009521;"ПАО ""ХИМПРОМ""";;COM25012400082 (Лот 1);;;;;https://www.roseltorg.ru/procedure/COM25012400082/1
2124009521;"ПАО ""ХИМПРОМ""";;Работы по демонтажу корпусов 355,355А, 359,379,638,306,302А,520А,520Б,301Л,371Д, 363,720,415 градирня,369А(труба),858А, 869,869Б,869Д;;;;;https://www.roseltorg.ru/procedure/COM12012400008/1
2124009521;"ПАО ""ХИМПРОМ""";;COM12012400008 (Лот 1);;;;;https://www.roseltorg.ru/procedure/COM12012400008/1
2124009521;"ПАО ""ХИМПРОМ""";;Работы по расчистке от растительности территории ПАО «Химпром»;;;;;https://www.roseltorg.ru/procedure/COM11012400052/1
2124009521;"ПАО ""ХИМПРОМ""";;COM11012400052 (Лот 1);;;;;https://www.roseltorg.ru/procedure/COM11012400052/1
2124009521;"ПАО ""ХИМПРОМ""";;Выполнение работ по разработке проектной документации по объекту «Перевалочный комплекс по погрузке жидкой химии на причале порта Новочебоксарск ПАО «Химпром»;;;;;https://www.roseltorg.ru/procedure/COM11012400020/1
2124009521;"ПАО ""ХИМПРОМ""";;COM11012400020 (Лот 1);;;;;https://www.roseltorg.ru/procedure/COM11012400020/1
2124009521;"ПАО ""ХИМПРОМ""";;Выполнение проектно-изыскательских работ по 18 объектам ПАО «Химпром»;;;;;https://www.roseltorg.ru/procedure/COM10012400088/1
2124009521;"ПАО ""ХИМПРОМ""";;COM10012400088 (Лот 1);;;;;https://www.roseltorg.ru/procedure/COM10012400088/1
2124009521;"ПАО ""ХИМПРОМ""";;Работы по восстановлению работоспособности компрессора АА-108/7,5 п.88/5;;;;;https://www.roseltorg.ru/procedure/COM10012400035/1
2124009521;"ПАО ""ХИМПРОМ""";;COM10012400035 (Лот 1);;;;;https://www.roseltorg.ru/procedure/COM10012400035/1
2124009521;"ПАО ""ХИМПРОМ""";;Работы по ограждению к.414А ПАО «Химпром»;;;;;https://www.roseltorg.ru/procedure/COM26122300045/1
2124009521;"ПАО ""ХИМПРОМ""";;COM26122300045 (Лот 1);;;;;https://www.roseltorg.ru/procedure/COM26122300045/1
2124009521;"ПАО ""ХИМПРОМ""";;Закупка теплообменного оборудования;;;;;https://www.roseltorg.ru/procedure/COM18122300088/1
2124009521;"ПАО ""ХИМПРОМ""";;COM18122300088 (Лот 1);;;;;https://www.roseltorg.ru/procedure/COM18122300088/1
2124009521;"ПАО ""ХИМПРОМ""";;Реконструкция воздушного холодильника поз.57/3 в цехе № 56.;;;;;https://www.roseltorg.ru/procedure/COM18122300025/1
2124009521;"ПАО ""ХИМПРОМ""";;COM18122300025 (Лот 1);;;;;https://www.roseltorg.ru/procedure/COM18122300025/1
2124009521;"ПАО ""ХИМПРОМ""";;Заключение экспертизы промышленной безопасности 23692-609В «Установка объемных испарителей поз.Т019А».;;;;;https://www.roseltorg.ru/procedure/COM15122300075/1
2124009521;"ПАО ""ХИМПРОМ""";;COM15122300075 (Лот 1);;;;;https://www.roseltorg.ru/procedure/COM15122300075/1
2124009521;"ПАО ""ХИМПРОМ""";;Закупка фильтровального вакуумного оборудования;;;;;https://www.roseltorg.ru/procedure/COM15122300042/1
2124009521;"ПАО ""ХИМПРОМ""";;COM15122300042 (Лот 1);;;;;https://www.roseltorg.ru/procedure/COM15122300042/1
2124009521;"ПАО ""ХИМПРОМ""";;Ремонт фасада в корпусах №356, №919 цеха 113;;;;;https://www.roseltorg.ru/procedure/COM13122300056/1
2124009521;"ПАО ""ХИМПРОМ""";;COM13122300056 (Лот 1);;;;;https://www.roseltorg.ru/procedure/COM13122300056/1
2124009521;"ПАО ""ХИМПРОМ""";;Выполнение работ по экспертизе промышленной безопасности, сосудов, работающих под давлением в цехе №23 ПАО «Химпром».;;;;;https://www.roseltorg.ru/procedure/COM11122300041/1
2124009521;"ПАО ""ХИМПРОМ""";;COM11122300041 (Лот 1);;;;;https://www.roseltorg.ru/procedure/COM11122300041/1
2124009521;"ПАО ""ХИМПРОМ""";;Закупка емкостного оборудования до 50м3 (Согласно Приложению №1);;;;;https://www.roseltorg.ru/procedure/COM08122300039/1
2124009521;"ПАО ""ХИМПРОМ""";;COM08122300039 (Лот 1);;;;;https://www.roseltorg.ru/procedure/COM08122300039/1
2124009521;"ПАО ""ХИМПРОМ""";;Проведение ЭПБ проектов № 26778-411 «Пилотная установка вывода сульфатов»;;;;;https://www.roseltorg.ru/procedure/COM08122300006/1
2124009521;"ПАО ""ХИМПРОМ""";;COM08122300006 (Лот 1);;;;;https://www.roseltorg.ru/procedure/COM08122300006/1
2124009521;"ПАО ""ХИМПРОМ""";;Выполнение проектно-изыскательских работ по объекту: Замена погружных насосов 411/1 а,б на мембранные электоронасосы на емкостях поз 411/1-2 для откачки сточных вод производства ДФГ цеха 61;;;;;https://www.roseltorg.ru/procedure/COM07122300084/1
2124009521;"ПАО ""ХИМПРОМ""";;COM07122300084 (Лот 1);;;;;https://www.roseltorg.ru/procedure/COM07122300084/1
2124009521;"ПАО ""ХИМПРОМ""";;Обвязка бака рассола поз. 8/10. (Тех. задание на выполнение работ по обвязке бака рассола поз. 8/10 цех 110.);;;;;https://www.roseltorg.ru/procedure/COM07122300066/1
2124009521;"ПАО ""ХИМПРОМ""";;COM07122300066 (Лот 1);;;;;https://www.roseltorg.ru/procedure/COM07122300066/1
2124009521;"ПАО ""ХИМПРОМ""";;Оказание услуг по реконструкции первой выпарной системы электрощелоков производства хлора и каустика (корпус 412, цех 110). Согласно ТЗ и приложений.;;;;;https://www.roseltorg.ru/procedure/COM06122300043/1
2124009521;"ПАО ""ХИМПРОМ""";;COM06122300043 (Лот 1);;;;;https://www.roseltorg.ru/procedure/COM06122300043/1
2124009521;"ПАО ""ХИМПРОМ""";;Заключения экспертизы промышленной безопасности ПД № 26472-601В Замена емкостей приема гипохлорита натрия поз. 14а, 14б, 16а Заключение экспертизы промышленной безопасности проектной документации – 1 ед.;;;;;https://www.roseltorg.ru/procedure/COM01122300059/1
2124009521;"ПАО ""ХИМПРОМ""";;COM01122300059 (Лот 1);;;;;https://www.roseltorg.ru/procedure/COM01122300059/1
2124009521;"ПАО ""ХИМПРОМ""";;Работы на выполнение верхового осмотра и капитального ремонта ВЛ-35кВ «ПОРТ-1» и ВЛ-35кВ «Порт-2» ПАО Химпром. Приложение 1: Техническое задание Приложение 2: Дефектная ведомость;;;;;https://www.roseltorg.ru/procedure/COM01122300055/1
2124009521;"ПАО ""ХИМПРОМ""";;COM01122300055 (Лот 1);;;;;https://www.roseltorg.ru/procedure/COM01122300055/1
2124009521;"ПАО ""ХИМПРОМ""";;Заключения экспертизы промышленной безопасности ПД № 26761-601В «Усреднитель приема сточных вод поз.16» ПД № 266763-601В «Замена емкости соляной кислоты поз.7Б». Заключения экспертизы промышленной безопасности проектной документации – 2 ед.;;;;;https://www.roseltorg.ru/procedure/COM01122300031/1
2124009521;"ПАО ""ХИМПРОМ""";;COM01122300031 (Лот 1);;;;;https://www.roseltorg.ru/procedure/COM01122300031/1
2124009521;"ПАО ""ХИМПРОМ""";;Заключения экспертизы промышленной безопасности ПД № 26729-614 Разделение схемы производства присадок ЦД-7, ЦД-7НЧ, от схемы ЦД-7 Новадит в корпусе 614 цеха № 50 (Заключение экспертизы промышленной безопасности проектной документации – 1 ед.);;;;;https://www.roseltorg.ru/procedure/COM30112300059/1
2124009521;"ПАО ""ХИМПРОМ""";;COM30112300059 (Лот 1);;;;;https://www.roseltorg.ru/procedure/COM30112300059/1
2124009521;"ПАО ""ХИМПРОМ""";;COM28112300030 (Лот 1);;;;;https://www.roseltorg.ru/procedure/COM28112300030/1
2124009521;"ПАО ""ХИМПРОМ""";;Заключение экспертизы промышленной безопасности ПД № 26531-370И «Монтаж и подключение нового гранулятора ТМQ производства Китай» Заключение экспертизы промышленной безопасности проектной документации – 1 ед.;;;;;https://www.roseltorg.ru/procedure/COM24112300064/1
2124009521;"ПАО ""ХИМПРОМ""";;COM24112300064 (Лот 1);;;;;https://www.roseltorg.ru/procedure/COM24112300064/1
2124009521;"ПАО ""ХИМПРОМ""";;Заключения экспертизы промышленной безопасности проектной документации: 1) № 24093-370 Реконструкция узла приема и выдачи соляной кислоты и азеотропа 2) № 24116-370 Узел приготовления реакционной смеси 3) № 25067-370 Установка емкости азеотропа соляной кислоты 4) № 25306-370 Получение оксанола-агро ;;;;;https://www.roseltorg.ru/procedure/COM23112300105/1
2124009521;"ПАО ""ХИМПРОМ""";;COM23112300105 (Лот 1);;;;;https://www.roseltorg.ru/procedure/COM23112300105/1
2124009521;"ПАО ""ХИМПРОМ""";;Восстановление теплосберегающих свойств оборудования и трубопроводов в цехах ПАО Химпром;;;;;https://www.roseltorg.ru/procedure/COM21112300095/1
2124009521;"ПАО ""ХИМПРОМ""";;COM21112300095 (Лот 1);;;;;https://www.roseltorg.ru/procedure/COM21112300095/1
2124009521;"ПАО ""ХИМПРОМ""";;"Реконструкция второго участка минеральной канализации. Работы выполнить в соответствии с Локальными сметами (ЛС) № 02-01-03 –Реконструкция второго участка минеральной канализации; № 07-01-03 . Вертикальная планировка и благоустройство. До начала работ обязателен выход на объект для определения техно";;;;;https://www.roseltorg.ru/procedure/COM21112300079/1
2124009521;"ПАО ""ХИМПРОМ""";;COM21112300079 (Лот 1);;;;;https://www.roseltorg.ru/procedure/COM21112300079/1
2124009521;"ПАО ""ХИМПРОМ""";;Работы на отмостках и фасада к-с 815, восстановление отмостки к. 370В, работы на отмостках к-с 839, восстановление отмостки к.834, ремонт отмостки корп. №829 цеха №36, ремонт отмостки корп. №837 цеха №36, ремонт отмосток корп. №840 цеха №36, ремонт отмосток корп. №715 цеха №36, ремонт отмосток корп.;;;;;https://www.roseltorg.ru/procedure/COM21112300064/1
2124009521;"ПАО ""ХИМПРОМ""";;COM21112300064 (Лот 1);;;;;https://www.roseltorg.ru/procedure/COM21112300064/1
2124009521;"ПАО ""ХИМПРОМ""";;Заключение экспертизы промышленной безопасности ПД № 21023-220 «Прием орто-ксилола из автоконтейнера» и ПД № 20388-220 «Производство ГКЖ-11-Н» (Заключение экспертизы промышленной безопасности проектной документации – 2 ед.);;;;;https://www.roseltorg.ru/procedure/COM20112300091/1
2124009521;"ПАО ""ХИМПРОМ""";;COM20112300091 (Лот 1);;;;;https://www.roseltorg.ru/procedure/COM20112300091/1
2124009521;"ПАО ""ХИМПРОМ""";;"Работы выполнить в соответствии с Локальными сметами (ЛС) № 02-01-02-4 – Реконструкция трубопровода хозфекальной канализации.; № 07-01-04 –Вертикальная планировка и благоустройство сетей канализации ПАО «Химпром».";;;;;https://www.roseltorg.ru/procedure/COM15112300076/1
2124009521;"ПАО ""ХИМПРОМ""";;COM15112300076 (Лот 1);;;;;https://www.roseltorg.ru/procedure/COM15112300076/1
2124009521;"ПАО ""ХИМПРОМ""";;Заключение экспертизы промышленной безопасности ПД № 26618-530Г «Техническое перевооружение. Замена теплообменников поз.87А и поз. 87Б» ЭПБ ПД в соответствии с требованиями - п.1 ст. 13 Федерального закона от 21.07.1997г. № 116-ФЗ «О промышленной безопасности опасных производственных объектов» - п. ;;;;;https://www.roseltorg.ru/procedure/COM09112300098/1
2124009521;"ПАО ""ХИМПРОМ""";;COM09112300098 (Лот 1);;;;;https://www.roseltorg.ru/procedure/COM09112300098/1
2124009521;"ПАО ""ХИМПРОМ""";;Заключение экспертизы промышленной безопасности ПД № 26571-520 «Обвязка электроприводов ВАГЖ реакторов поз.Р260/2,3,5,8»;;;;;https://www.roseltorg.ru/procedure/COM03112300079/1
2124009521;"ПАО ""ХИМПРОМ""";;COM03112300079 (Лот 1);;;;;https://www.roseltorg.ru/procedure/COM03112300079/1
2124009521;"ПАО ""ХИМПРОМ""";;Выполнение проектно-изыскательских работ по объекту: Строительство парковки для транспортных средств цеха № 29 корпуса 921 ПАО «Химпром» Разработанная документация должна соответствовать заданию на проектирование. Документация должна соответствовать актуальной нормативной документации РФ.;;;;;https://www.roseltorg.ru/procedure/COM03112300039/1
2124009521;"ПАО ""ХИМПРОМ""";;COM03112300039 (Лот 1);;;;;https://www.roseltorg.ru/procedure/COM03112300039/1
2124009521;"ПАО ""ХИМПРОМ""";;"Работы выполнить в соответствии с Проект № 26710-636А-КР; Локальная смета (ЛС) № 61-26710-636А-КР – Работы по поддону под емкостной парк жидкого аммиака п. 1/1, 1/2, 1/3. До начала работ обязателен выход на объект для определения технологии выполнения работ, для ознакомления с объемом выполняемых ра";;;;;https://www.roseltorg.ru/procedure/COM02112300074/1
2124009521;"ПАО ""ХИМПРОМ""";;COM02112300074 (Лот 1);;;;;https://www.roseltorg.ru/procedure/COM02112300074/1
2124009521;"ПАО ""ХИМПРОМ""";;Строительно-монтажные работы по разделам НВК, АС узла олеума в корпусе 724 цеха 56 ПАО «Химпром» Объём выполняемых работ, включённых в ТЗ за исключением: Раздел 1 абзац 8, в разделе 2 абзац 10;;;;;https://www.roseltorg.ru/procedure/COM01112300073/1
2124009521;"ПАО ""ХИМПРОМ""";;COM01112300073 (Лот 1);;;;;https://www.roseltorg.ru/procedure/COM01112300073/1
2124009521;"ПАО ""ХИМПРОМ""";;Проведение ЭПБ проекта № 26681-412 «Перенос теплообменника поз.8/3»;;;;;https://www.roseltorg.ru/procedure/COM30102300019/1
2124009521;"ПАО ""ХИМПРОМ""";;COM30102300019 (Лот 1);;;;;https://www.roseltorg.ru/procedure/COM30102300019/1
2124009521;"ПАО ""ХИМПРОМ""";;Проведение ЭПБ проекта № 22950-609В «Узел нейтрализации кислого хлорбензола»;;;;;https://www.roseltorg.ru/procedure/COM19102300084/1
2124009521;"ПАО ""ХИМПРОМ""";;COM19102300084 (Лот 1);;;;;https://www.roseltorg.ru/procedure/COM19102300084/1
2124009521;"ПАО ""ХИМПРОМ""";;Проведение реконструкции и модернизации ж. д. пути протяженностью 98 м.;;;;;https://www.roseltorg.ru/procedure/COM17102300090/1
2124009521;"ПАО ""ХИМПРОМ""";;COM17102300090 (Лот 1);;;;;https://www.roseltorg.ru/procedure/COM17102300090/1
2124009521;"ПАО ""ХИМПРОМ""";;Выполнение работ по ремонту кровель в корпусах №203 и 609Б (ц.16), №232 (ц.113), №641 (ц.112), №833В (ц.26), №843Д (ц.114) ПАО «Химпром»;;;;;https://www.roseltorg.ru/procedure/COM16102300051/1
2124009521;"ПАО ""ХИМПРОМ""";;COM16102300051 (Лот 1);;;;;https://www.roseltorg.ru/procedure/COM16102300051/1
2124009521;"ПАО ""ХИМПРОМ""";;"Проведение в цехах ПАО «Химпром» работ: - по экспертизе промышленной безопасности (ЭПБ) сосудов, работающих под давлением; - техническому освидетельствованию (ТО) сосудов, работающих под давлением; - ЭПБ-насосно-компрессорного оборудования; - ЭПБ технических устройств (шнеки, сепаратор) с выдачей за";;;;;https://www.roseltorg.ru/procedure/COM16102300047/1
2124009521;"ПАО ""ХИМПРОМ""";;COM16102300047 (Лот 1);;;;;https://www.roseltorg.ru/procedure/COM16102300047/1
2124009521;"ПАО ""ХИМПРОМ""";;"Проведение работ в цехе №22 ПАО «Химпром» по: 1. экспертизе промышленной безопасности трубопроводов пара и горячей воды; 2. экспертизе промышленной безопасности газопроводов; 3. экспертизе промышленной безопасности газораспределительных устройств. 4. техническому освидетельствованию трубопроводов па";;;;;https://www.roseltorg.ru/procedure/COM12102300031/1
2124009521;"ПАО ""ХИМПРОМ""";;COM12102300031 (Лот 1);;;;;https://www.roseltorg.ru/procedure/COM12102300031/1
2124009521;"ПАО ""ХИМПРОМ""";;Проведение ЭПБ проекта № 23191-370И «Обвязка рукавного фильтра на узел фасовки» в 2023г.;;;;;https://www.roseltorg.ru/procedure/COM05102300079/1
2124009521;"ПАО ""ХИМПРОМ""";;COM05102300079 (Лот 1);;;;;https://www.roseltorg.ru/procedure/COM05102300079/1
2124009521;"ПАО ""ХИМПРОМ""";;Проведение ЭПБ проектной документации: 1) № 23575-370 «Резервный узел стриппинга соляной кислоты» 2) № 23512-370 «Установка графитового теплообменника»;;;;;https://www.roseltorg.ru/procedure/COM05102300061/1
2124009521;"ПАО ""ХИМПРОМ""";;COM05102300061 (Лот 1);;;;;https://www.roseltorg.ru/procedure/COM05102300061/1
2124009521;"ПАО ""ХИМПРОМ""";;Выполнение работ по экспертизе промышленной безопасности кранов, комплексному обследованию крановых путей, экспертному обследованию (технической диагностике) подъемных сооружений;;;;;https://www.roseltorg.ru/procedure/COM26092300039/1
2124009521;"ПАО ""ХИМПРОМ""";;COM26092300039 (Лот 1);;;;;https://www.roseltorg.ru/procedure/COM26092300039/1
2124009521;"ПАО ""ХИМПРОМ""";;Выполнение работ по замене дверей и ворот в корпусе 722Б;;;;;https://www.roseltorg.ru/procedure/COM20092300031/1
2124009521;"ПАО ""ХИМПРОМ""";;COM20092300031 (Лот 1);;;;;https://www.roseltorg.ru/procedure/COM20092300031/1
2124009521;"ПАО ""ХИМПРОМ""";;Проведение ЭПБ проектов № 25457-614 «Установка патронного фильтра дополнительной фильтрации (корпус 614)» и № 25787-614 «Монтаж трубопровода н-бутанола от поз.102 к поз.313А,Б (корпус 614)».;;;;;https://www.roseltorg.ru/procedure/COM15092300040/1
2124009521;"ПАО ""ХИМПРОМ""";;COM15092300040 (Лот 1);;;;;https://www.roseltorg.ru/procedure/COM15092300040/1
2124009521;"ПАО ""ХИМПРОМ""";;Закупка друк-фильтров;;;;;https://www.roseltorg.ru/procedure/COM14092300012/1
2124009521;"ПАО ""ХИМПРОМ""";;COM14092300012 (Лот 1);;;;;https://www.roseltorg.ru/procedure/COM14092300012/1
2124009521;"ПАО ""ХИМПРОМ""";;Проведение ЭПБ проектной документации № 26703-ВТМП и № 26720-637 «Прием анилина по обогреваемому трубопроводу из ц.45 в ц.50 корп.637»;;;;;https://www.roseltorg.ru/procedure/COM12092300041/1
2124009521;"ПАО ""ХИМПРОМ""";;COM12092300041 (Лот 1);;;;;https://www.roseltorg.ru/procedure/COM12092300041/1
2124009521;"ПАО ""ХИМПРОМ""";;Проведение ЭПБ проектной документации №26574-869В «Переработка промежуточных продуктов производства гипохлорита кальция. Дехлорирование стоков производства ГХК мочевиной»;;;;;https://www.roseltorg.ru/procedure/COM11092300008/1
2124009521;"ПАО ""ХИМПРОМ""";;COM11092300008 (Лот 1);;;;;https://www.roseltorg.ru/procedure/COM11092300008/1
2124009521;"ПАО ""ХИМПРОМ""";;Работы по главному фасаду к-са №845 (напротив 921 к-са) с заменой стекол цеха №22 ПАО Химпром;;;;;https://www.roseltorg.ru/procedure/COM08092300063/1
2124009521;"ПАО ""ХИМПРОМ""";;COM08092300063 (Лот 1);;;;;https://www.roseltorg.ru/procedure/COM08092300063/1
2124009521;"ПАО ""ХИМПРОМ""";;"Выполнение проектно-изыскательских работ по объекту «Ремонт корпуса 869А» ПАО ""Химпром""";;;;;https://www.roseltorg.ru/procedure/COM08092300009/1
2124009521;"ПАО ""ХИМПРОМ""";;COM08092300009 (Лот 1);;;;;https://www.roseltorg.ru/procedure/COM08092300009/1
2124009521;"ПАО ""ХИМПРОМ""";;Остекление корпусов ПАО «Химпром» Общая площадь остекления – 686,38м2.;;;;;https://www.roseltorg.ru/procedure/COM07092300031/1
2124009521;"ПАО ""ХИМПРОМ""";;COM07092300031 (Лот 1);;;;;https://www.roseltorg.ru/procedure/COM07092300031/1
2124009521;"ПАО ""ХИМПРОМ""";;Восстановление строительных конструкций корпусов №№ 609И, 609Б ПАО «Химпром»;;;;;https://www.roseltorg.ru/procedure/COM28082300008/1
2124009521;"ПАО ""ХИМПРОМ""";;COM28082300008 (Лот 1);;;;;https://www.roseltorg.ru/procedure/COM28082300008/1
2124009521;"ПАО ""ХИМПРОМ""";;Выполнение работ по фундаменту бака 8/10 (демонтаж/устройство фундамента) цеха №110 корп.411 ПАО «Химпром»;;;;;https://www.roseltorg.ru/procedure/COM24082300033/1
2124009521;"ПАО ""ХИМПРОМ""";;COM24082300033 (Лот 1);;;;;https://www.roseltorg.ru/procedure/COM24082300033/1
2124009521;"ПАО ""ХИМПРОМ""";;Работы по восстановлению строительных конструкций ц.№16 корп.609В ПАО «Химпром» в 2023г.;;;;;https://www.roseltorg.ru/procedure/COM21082300113/1
2124009521;"ПАО ""ХИМПРОМ""";;COM21082300113 (Лот 1);;;;;https://www.roseltorg.ru/procedure/COM21082300113/1
2124009521;"ПАО ""ХИМПРОМ""";;Разработка проектной документации «Ликвидация мерника ацетона поз. 196а в корпусе 220 цеха № 16 ПАО «Химпром» в 2023г.;;;;;https://www.roseltorg.ru/procedure/COM21082300059/1
2124009521;"ПАО ""ХИМПРОМ""";;COM21082300059 (Лот 1);;;;;https://www.roseltorg.ru/procedure/COM21082300059/1
2124009521;"ПАО ""ХИМПРОМ""";;Работа по схеме откачки остатков соляной кислоты из ж. д. цистерн в 2023г.;;;;;https://www.roseltorg.ru/procedure/COM21082300033/1
2124009521;"ПАО ""ХИМПРОМ""";;COM21082300033 (Лот 1);;;;;https://www.roseltorg.ru/procedure/COM21082300033/1
2124009521;"ПАО ""ХИМПРОМ""";;Работы по монтажу гранулятора.;;;;;https://www.roseltorg.ru/procedure/COM04082300035/1
2124009521;"ПАО ""ХИМПРОМ""";;COM04082300035 (Лот 1);;;;;https://www.roseltorg.ru/procedure/COM04082300035/1
2124009521;"ПАО ""ХИМПРОМ""";;Проведение ЭПБ проектной документации № 200623-102В «Техническое перевооружение. Восстановление несущей способности этажерки корпуса 102В» Заключение экспертизы промышленной безопасности проектной документации – 1 ед.;;;;;https://www.roseltorg.ru/procedure/COM02082300024/1
2124009521;"ПАО ""ХИМПРОМ""";;COM02082300024 (Лот 1);;;;;https://www.roseltorg.ru/procedure/COM02082300024/1
2124009521;"ПАО ""ХИМПРОМ""";;Заключение экспертизы промышленной безопасности проектной документации № 26625-520 «Техническое перевооружение производства мягчителя- 2»;;;;;https://www.roseltorg.ru/procedure/COM01082300051/1
2124009521;"ПАО ""ХИМПРОМ""";;COM01082300051 (Лот 1);;;;;https://www.roseltorg.ru/procedure/COM01082300051/1
2124009521;"ПАО ""ХИМПРОМ""";;Капитальный ремонт автодороги ПАО «Химпром»;;;;;https://www.roseltorg.ru/procedure/COM28072300036/1
2124009521;"ПАО ""ХИМПРОМ""";;COM28072300036 (Лот 1);;;;;https://www.roseltorg.ru/procedure/COM28072300036/1
2124009521;"ПАО ""ХИМПРОМ""";;Разработка проектной документации «Ликвидация корпуса 638 и оборудования склада кислот и олеума цеха № 50 ПАО «Химпром»;;;;;https://www.roseltorg.ru/procedure/COM27072300011/1
2124009521;"ПАО ""ХИМПРОМ""";;COM27072300011 (Лот 1);;;;;https://www.roseltorg.ru/procedure/COM27072300011/1
2124009521;"ПАО ""ХИМПРОМ""";;Проведение ЭПБ проектной документации № 26565-637 «Техническое перевооружение производства антиоксиданта 8 ПФДА»;;;;;https://www.roseltorg.ru/procedure/COM27072300003/1
2124009521;"ПАО ""ХИМПРОМ""";;COM27072300003 (Лот 1);;;;;https://www.roseltorg.ru/procedure/COM27072300003/1
2124009521;"ПАО ""ХИМПРОМ""";;Разработка проектной и рабочей документации по объектам: Реконструкция участка кабельной эстакады №2 ПАО «Химпром»;;;;;https://www.roseltorg.ru/procedure/COM26072300042/1
2124009521;"ПАО ""ХИМПРОМ""";;COM26072300042 (Лот 1);;;;;https://www.roseltorg.ru/procedure/COM26072300042/1
2124009521;"ПАО ""ХИМПРОМ""";;Работы по замене трубопровода захоложенной воды от арматурной №4 до теплообменника поз. 49/2;;;;;https://www.roseltorg.ru/procedure/COM25072300061/1
2124009521;"ПАО ""ХИМПРОМ""";;COM25072300061 (Лот 1);;;;;https://www.roseltorg.ru/procedure/COM25072300061/1
2124009521;"ПАО ""ХИМПРОМ""";;Разделы АС (опоры трубопроводов), МЧ (в полном объеме), КМ(монтаж 5 стремянок) проекта 26617-100В;;;;;https://www.roseltorg.ru/procedure/COM21072300012/1
2124009521;"ПАО ""ХИМПРОМ""";;COM21072300012 (Лот 1);;;;;https://www.roseltorg.ru/procedure/COM21072300012/1
2124009521;"ПАО ""ХИМПРОМ""";;Работы по восстановлению убежища ц.№50 корп.№614;;;;;https://www.roseltorg.ru/procedure/COM13072300007/1
2124009521;"ПАО ""ХИМПРОМ""";;COM13072300007 (Лот 1);;;;;https://www.roseltorg.ru/procedure/COM13072300007/1
2124009521;"ПАО ""ХИМПРОМ""";;Работы по вентсистеме В-6/1, В-11/2;;;;;https://www.roseltorg.ru/procedure/COM12072300011/1
2124009521;"ПАО ""ХИМПРОМ""";;COM12072300011 (Лот 1);;;;;https://www.roseltorg.ru/procedure/COM12072300011/1
2124009521;"ПАО ""ХИМПРОМ""";;Строительно-монтажные работы по замене трубопроводов водорода на Ду250 с теплоспутниками (2 трубопровода 38х3,5) от корпуса 101 до корпуса 660 ПАО «Химпром».;;;;;https://www.roseltorg.ru/procedure/COM04072300062/1
2124009521;"ПАО ""ХИМПРОМ""";;COM04072300062 (Лот 1);;;;;https://www.roseltorg.ru/procedure/COM04072300062/1
2124009521;"ПАО ""ХИМПРОМ""";;Проведение ЭПБ проектной документации №26632-ВТМП «Замена трубопроводов водорода на Ду250 с теплоспутниками (2 трубопровода 38х3,5) от корпуса 101 до корпуса 660»;;;;;https://www.roseltorg.ru/procedure/COM03072300035/1
2124009521;"ПАО ""ХИМПРОМ""";;COM03072300035 (Лот 1);;;;;https://www.roseltorg.ru/procedure/COM03072300035/1
2124009521;"ПАО ""ХИМПРОМ""";;Работы по фасаду с заменой оконных переплетов корп.№413 цеха 110 ПАО «Химпром»;;;;;https://www.roseltorg.ru/procedure/COM09062300033/1
2124009521;"ПАО ""ХИМПРОМ""";;COM09062300033 (Лот 1);;;;;https://www.roseltorg.ru/procedure/COM09062300033/1
2124009521;"ПАО ""ХИМПРОМ""";;Потребность в обеспечении спецтехникой на условиях согласно приложению №1;;;;;https://www.roseltorg.ru/procedure/COM08062300011/1
2124009521;"ПАО ""ХИМПРОМ""";;COM08062300011 (Лот 1);;;;;https://www.roseltorg.ru/procedure/COM08062300011/1
2124009521;"ПАО ""ХИМПРОМ""";;Проведение ЭПБ проектной документации № 26655-530-АТХ «Водородопровод от ООО «Волжская перекись до цеха № 50 ПАО «Химпром»;;;;;https://www.roseltorg.ru/procedure/COM07062300130/1
2124009521;"ПАО ""ХИМПРОМ""";;COM07062300130 (Лот 1);;;;;https://www.roseltorg.ru/procedure/COM07062300130/1
2124009521;"ПАО ""ХИМПРОМ""";;Проведение ЭПБ проектной документации № 26677-ВТМП «Монтаж трубопровода приема перекиси водорода с производства ООО «Волжская перекись» в емкости поз.300/9, 300/10 цеха № 50»;;;;;https://www.roseltorg.ru/procedure/COM07062300105/1
2124009521;"ПАО ""ХИМПРОМ""";;COM07062300105 (Лот 1);;;;;https://www.roseltorg.ru/procedure/COM07062300105/1
2124009521;"ПАО ""ХИМПРОМ""";;Проведение ЭПБ проектной документации № 26641-709 «Реконструкция узла обогрева танк-контейнеров»;;;;;https://www.roseltorg.ru/procedure/COM05062300043/1
2124009521;"ПАО ""ХИМПРОМ""";;COM05062300043 (Лот 1);;;;;https://www.roseltorg.ru/procedure/COM05062300043/1
2124009521;"ПАО ""ХИМПРОМ""";;"Установка горизонтальных страховочных систем ( для подсоединения страховочной привязи ) в цехе № 45 ( участок ЛВЖ ) корпуса 709,710 ПАО ""Химпром""";;;;;https://www.roseltorg.ru/procedure/COM05062300027/1
2124009521;"ПАО ""ХИМПРОМ""";;COM05062300027 (Лот 1);;;;;https://www.roseltorg.ru/procedure/COM05062300027/1
2124009521;"ПАО ""ХИМПРОМ""";;Реконструкция 1 участка магистральных тепловых сетей (L= 4000 м и эстакады L=2000м);;;;;https://www.roseltorg.ru/procedure/COM05062300006/1
2124009521;"ПАО ""ХИМПРОМ""";;COM05062300006 (Лот 1);;;;;https://www.roseltorg.ru/procedure/COM05062300006/1
2124009521;"ПАО ""ХИМПРОМ""";;Проведение работы по замене пассажирского лифта зав.№5015мо-82, установленного в корпусе 609В цеха №16;;;;;https://www.roseltorg.ru/procedure/COM01062300040/1
2124009521;"ПАО ""ХИМПРОМ""";;COM01062300040 (Лот 1);;;;;https://www.roseltorg.ru/procedure/COM01062300040/1
2124009521;"ПАО ""ХИМПРОМ""";;Демонтаж резервуара V=100 м3 в корпусе 708 цех 45;;;;;https://www.roseltorg.ru/procedure/COM25052300031/1
2124009521;"ПАО ""ХИМПРОМ""";;COM25052300031 (Лот 1);;;;;https://www.roseltorg.ru/procedure/COM25052300031/1
2124009521;"ПАО ""ХИМПРОМ""";;Выполнение работ по демонтажу трубопровода хлора около корп.101 по эстакаде 3/4 ПАО «Химпром» в 2023г.;;;;;https://www.roseltorg.ru/procedure/COM28032300067/1
2124009521;"ПАО ""ХИМПРОМ""";;COM28032300067 (Лот 1);;;;;https://www.roseltorg.ru/procedure/COM28032300067/1
2124009521;"ПАО ""ХИМПРОМ""";;Выполнение комплекса работ по восстановлению кровельного покрытия в корпусах цеха 113 к.924, цеха 114 к.843А, цеха 16 к.202, цеха 23 к.301В, цеха 29 к.801А, цеха 45 к.391, цеха 45 к.661, цеха 45 к.735, цеха 45 к.726, цеха 797 к.926 ПАО «Химпром»;;;;;https://www.roseltorg.ru/procedure/COM28032300046/1
2124009521;"ПАО ""ХИМПРОМ""";;COM28032300046 (Лот 1);;;;;https://www.roseltorg.ru/procedure/COM28032300046/1
2124009521;"ПАО ""ХИМПРОМ""";;Выполнение монтажа узла нейтрализации водооборотного цикла при производстве натра едкого технического упариванием электролитических щелоков в корпусе 412 цеха №110 ПАО «Химпром» в 2023г. (Проектная документа-ция 26505-834, 851 – 1 шт. Ведомость объемов работ – 1 шт.);;;;;https://www.roseltorg.ru/procedure/COM28032300034/1
2124009521;"ПАО ""ХИМПРОМ""";;COM28032300034 (Лот 1);;;;;https://www.roseltorg.ru/procedure/COM28032300034/1
2124009521;"ПАО ""ХИМПРОМ""";;"Работы по экспертизе промышленной безопасности технологических трубопроводов в цехах ПАО «Химпром» - 128 ед. (Приложение №1 к ТЗ); Работы по техническому освидетельствованию трубопроводов пара и горячей воды, подлежащих техническому освидетельствованию специалистами экспертной организации в цехах ПА";;;;;https://www.roseltorg.ru/procedure/COM28032300013/1
2124009521;"ПАО ""ХИМПРОМ""";;COM28032300013 (Лот 1);;;;;https://www.roseltorg.ru/procedure/COM28032300013/1
2124009521;"ПАО ""ХИМПРОМ""";;Экспертиза промышленной безопасности сосудов, работающих под давлением - 276 ед. (Приложение №1 к ТЗ);;;;;https://www.roseltorg.ru/procedure/COM27032300019/1
2124009521;"ПАО ""ХИМПРОМ""";;COM27032300019 (Лот 1);;;;;https://www.roseltorg.ru/procedure/COM27032300019/1
2124009521;"ПАО ""ХИМПРОМ""";;Техническое освидетельствование – 23 ед. (Приложение №2 к ТЗ) сосудов, работающих под давлением;;;;;https://www.roseltorg.ru/procedure/COM27032300019/2
2124009521;"ПАО ""ХИМПРОМ""";;COM27032300019 (Лот 2);;;;;https://www.roseltorg.ru/procedure/COM27032300019/2
2124009521;"ПАО ""ХИМПРОМ""";;Проведение ЭПБ проектной документации № 26570-735 «Узел перекачки пероксида водорода»;;;;;https://www.roseltorg.ru/procedure/COM24032300055/1
2124009521;"ПАО ""ХИМПРОМ""";;COM24032300055 (Лот 1);;;;;https://www.roseltorg.ru/procedure/COM24032300055/1
2124009521;"ПАО ""ХИМПРОМ""";;Проведение ЭПБ проектной документации № 26567-722А «Установка дожимающего компрессора для опрессовки хлорных контейнеров»;;;;;https://www.roseltorg.ru/procedure/COM23032300131/1
2124009521;"ПАО ""ХИМПРОМ""";;COM23032300131 (Лот 1);;;;;https://www.roseltorg.ru/procedure/COM23032300131/1
2124009521;"ПАО ""ХИМПРОМ""";;Выполнение работ по прокладке магистрального трубопровода откачки сточных вод ПАО «Химпром» до ГУП «БОС»;;;;;https://www.roseltorg.ru/procedure/COM17032300114/1
2124009521;"ПАО ""ХИМПРОМ""";;COM17032300114 (Лот 1);;;;;https://www.roseltorg.ru/procedure/COM17032300114/1
2124009521;"ПАО ""ХИМПРОМ""";;COM17032300113 (Лот 1);;;;;https://www.roseltorg.ru/procedure/COM17032300113/1
2124009521;"ПАО ""ХИМПРОМ""";;COM17032300113 (Лот 2);;;;;https://www.roseltorg.ru/procedure/COM17032300113/2
2124009521;"ПАО ""ХИМПРОМ""";;COM17032300113 (Лот 3);;;;;https://www.roseltorg.ru/procedure/COM17032300113/3
2124009521;"ПАО ""ХИМПРОМ""";;COM17032300113 (Лот 4);;;;;https://www.roseltorg.ru/procedure/COM17032300113/4
2124009521;"ПАО ""ХИМПРОМ""";;COM17032300113 (Лот 5);;;;;https://www.roseltorg.ru/procedure/COM17032300113/5
2124009521;"ПАО ""ХИМПРОМ""";;COM17032300113 (Лот 6);;;;;https://www.roseltorg.ru/procedure/COM17032300113/6
2124009521;"ПАО ""ХИМПРОМ""";;Работы по разработке проектной документации объекта «Перенос участка ремонта электролизеров цеха №110 из корпуса 101 в корпус 663»;;;;;https://www.roseltorg.ru/procedure/COM10032300106/1
2124009521;"ПАО ""ХИМПРОМ""";;COM10032300106 (Лот 1);;;;;https://www.roseltorg.ru/procedure/COM10032300106/1
2124009521;"ПАО ""ХИМПРОМ""";;Разработка проектной и рабочей документации «Техническое перевооружение. Восстановление несущей способности этажерки корпуса 102В цеха № 56 производства хлорметанов ПАО «Химпром»;;;;;https://www.roseltorg.ru/procedure/COM09032300046/1
2124009521;"ПАО ""ХИМПРОМ""";;COM09032300046 (Лот 1);;;;;https://www.roseltorg.ru/procedure/COM09032300046/1
2124009521;"ПАО ""ХИМПРОМ""";;COM09032300040 (Лот 1);;;;;https://www.roseltorg.ru/procedure/COM09032300040/1
2124009521;"ПАО ""ХИМПРОМ""";;Проведение оценки соответствия лифтов и устройств безопасности лифтов в форме технического освидетельствования в 2023г.;;;;;https://www.roseltorg.ru/procedure/COM09032300039/1
2124009521;"ПАО ""ХИМПРОМ""";;COM09032300039 (Лот 1);;;;;https://www.roseltorg.ru/procedure/COM09032300039/1
2124009521;"ПАО ""ХИМПРОМ""";;Строительно-монтажные работы по водоснабжению и водоотведе-нию полигона захоронения про-мышленных отходов ПАО «Хим-пром».;;;;;https://www.roseltorg.ru/procedure/COM07032300022/1
2124009521;"ПАО ""ХИМПРОМ""";;COM07032300022 (Лот 1);;;;;https://www.roseltorg.ru/procedure/COM07032300022/1
2124009521;"ПАО ""ХИМПРОМ""";;Заключение экспертизы промышленной безопасности проектной документации № 26519-411 «Производство хлора и каустика. Дооснащение ротаметрами и клапанами оставшихся электролизеров с заменой рассольных рукавов»;;;;;https://www.roseltorg.ru/procedure/COM01032300055/1
2124009521;"ПАО ""ХИМПРОМ""";;COM01032300055 (Лот 1);;;;;https://www.roseltorg.ru/procedure/COM01032300055/1
2124009521;"ПАО ""ХИМПРОМ""";;Услуги по проектированию АСУ ТП производства хлорметанов цеха №56 ПАО «Химпром»;;;;;https://www.roseltorg.ru/procedure/COM27022300079/1
2124009521;"ПАО ""ХИМПРОМ""";;COM27022300079 (Лот 1);;;;;https://www.roseltorg.ru/procedure/COM27022300079/1
2124009521;"ПАО ""ХИМПРОМ""";;Услуги по проектированию АСУ ТП производства Мягчителя-2 цеха №62 ПАО «Химпром»;;;;;https://www.roseltorg.ru/procedure/COM27022300028/1
2124009521;"ПАО ""ХИМПРОМ""";;COM27022300028 (Лот 1);;;;;https://www.roseltorg.ru/procedure/COM27022300028/1
2124009521;"ПАО ""ХИМПРОМ""";;Проведение капитального ремонта тепловоза ТГМ4 № 0313, 1990г.в. в объеме КР, с установкой подменных колесных пар согласно Руководства по капитальному и среднему ремонту Людиновского тепловозостроительного завода 24.04.02.000-83РК (ТГМ-4);;;;;https://www.roseltorg.ru/procedure/COM21022300052/1
2124009521;"ПАО ""ХИМПРОМ""";;COM21022300052 (Лот 1);;;;;https://www.roseltorg.ru/procedure/COM21022300052/1
2124009521;"ПАО ""ХИМПРОМ""";;Проведение ЭПБ проектной документации № 26519-411 «Производство хлора и каустика. Дооснащение ротаметрами и клапанами оставшихся электролизеров с заменой рассольных рукавов»;;;;;https://www.roseltorg.ru/procedure/COM15022300046/1
2124009521;"ПАО ""ХИМПРОМ""";;COM15022300046 (Лот 1);;;;;https://www.roseltorg.ru/procedure/COM15022300046/1
2124009521;"ПАО ""ХИМПРОМ""";;Проектирование автоматической пожарной сигнализации и системы оповещения в 6 корпусах;;;;;https://www.roseltorg.ru/procedure/COM08022300064/1
2124009521;"ПАО ""ХИМПРОМ""";;COM08022300064 (Лот 1);;;;;https://www.roseltorg.ru/procedure/COM08022300064/1
2124009521;"ПАО ""ХИМПРОМ""";;Оперативное устранение утечек под давлением на действующем оборудовании. (Срок выполнения работ: в течение 72 часов с даты подачи заявки на выполнение работ. Срок действия договора: с даты подписания Сторонами до 31.12.2023г.);;;;;https://www.roseltorg.ru/procedure/COM08022300060/1
2124009521;"ПАО ""ХИМПРОМ""";;COM08022300060 (Лот 1);;;;;https://www.roseltorg.ru/procedure/COM08022300060/1
2124009521;"ПАО ""ХИМПРОМ""";;Реконструкция крана портального КПП 16/20 зав.№8190;;;;;https://www.roseltorg.ru/procedure/COM06022300106/1
2124009521;"ПАО ""ХИМПРОМ""";;COM06022300106 (Лот 1);;;;;https://www.roseltorg.ru/procedure/COM06022300106/1
2124009521;"ПАО ""ХИМПРОМ""";;Проведение ремонта тепловоза серии ТГМ-4Б в объеме капитального ремонта КР;;;;;https://www.roseltorg.ru/procedure/COM03022300015/1
2124009521;"ПАО ""ХИМПРОМ""";;COM03022300015 (Лот 1);;;;;https://www.roseltorg.ru/procedure/COM03022300015/1
2124009521;"ПАО ""ХИМПРОМ""";;Обследование технического состояния строительных конструкций корпусов №609Б, 609В цеха №16 ПАО «Химпром».;;;;;https://www.roseltorg.ru/procedure/COM02022300047/1
2124009521;"ПАО ""ХИМПРОМ""";;COM02022300047 (Лот 1);;;;;https://www.roseltorg.ru/procedure/COM02022300047/1
2124009521;"ПАО ""ХИМПРОМ""";;Разработка проектной и рабочей документации по «Реконструкции тепловых сетей ПАО «Химпром».;;;;;https://www.roseltorg.ru/procedure/COM26012300011/1
2124009521;"ПАО ""ХИМПРОМ""";;COM26012300011 (Лот 1);;;;;https://www.roseltorg.ru/procedure/COM26012300011/1
2124009521;"ПАО ""ХИМПРОМ""";;Разработка проектной и рабочей документации объекта: «Прокладка трубопровода канализации (Цивиль) ПАО «Химпром».;;;;;https://www.roseltorg.ru/procedure/COM26012300009/1
2124009521;"ПАО ""ХИМПРОМ""";;COM26012300009 (Лот 1);;;;;https://www.roseltorg.ru/procedure/COM26012300009/1
2124009521;"ПАО ""ХИМПРОМ""";;Разработка проектной и рабочей документации по теме: «Прокладка подземного трубопровода природного газа от ГРС до ГРП ПАО «Химпром»;;;;;https://www.roseltorg.ru/procedure/COM25012300019/1
2124009521;"ПАО ""ХИМПРОМ""";;COM25012300019 (Лот 1);;;;;https://www.roseltorg.ru/procedure/COM25012300019/1
2124009521;"ПАО ""ХИМПРОМ""";;Переоборудование крытого вагона (модель 11-286) под теплушку по сопровождению грузов ПАО «Химпром», г. Новочебоксарск, Чувашская Республика;;;;;https://www.roseltorg.ru/procedure/COM12012300020/1
2124009521;"ПАО ""ХИМПРОМ""";;COM12012300020 (Лот 1);;;;;https://www.roseltorg.ru/procedure/COM12012300020/1
2124009521;"ПАО ""ХИМПРОМ""";;Заключение экспертизы промышленной безопасности проектной документации № 26475-636 «Включение емкости поз.802 в схему п-НБК» в 2023г.;;;;;https://www.roseltorg.ru/procedure/COM10012300018/1
2124009521;"ПАО ""ХИМПРОМ""";;COM10012300018 (Лот 1);;;;;https://www.roseltorg.ru/procedure/COM10012300018/1
2124009521;"ПАО ""ХИМПРОМ""";;Техническое обслуживание в объеме ТО-3 и текущему ремонту ТР-1, тепловозов серии ТЭМ-2, ТГМ-4;;;;;https://www.roseltorg.ru/procedure/COM22122200017/1
2124009521;"ПАО ""ХИМПРОМ""";;COM22122200017 (Лот 1);;;;;https://www.roseltorg.ru/procedure/COM22122200017/1
2124009521;"ПАО ""ХИМПРОМ""";;Разработка проектной и рабочей документации поставка оборудования, выполнение шеф-монтажных и пусконаладочных работ объекта «Установка очистки ВОЦ ПАО «Химпром» Проектная, рабочая документация, оборудование установки очистки ВОЦ, выполнение шеф-монтажных и пусконаладочных работ – в соответствии с ут;;;;;https://www.roseltorg.ru/procedure/COM19122200034/1
2124009521;"ПАО ""ХИМПРОМ""";;COM19122200034 (Лот 1);;;;;https://www.roseltorg.ru/procedure/COM19122200034/1
2124009521;"ПАО ""ХИМПРОМ""";;Разработка рабочей документации «Восстановление несущей способности корпуса 601В цеха № 114 установки обезвреживания и очистки сточных вод ПАО «Химпром» (усиление строительных конструкций в осях 1-2/А-Д и в осях 2-5/А-Б)»;;;;;https://www.roseltorg.ru/procedure/COM13122200066/1
2124009521;"ПАО ""ХИМПРОМ""";;COM13122200066 (Лот 1);;;;;https://www.roseltorg.ru/procedure/COM13122200066/1
2124009521;"ПАО ""ХИМПРОМ""";;Заключение экспертизы промышленной безопасности проектной документации;;;;;https://www.roseltorg.ru/procedure/COM29112200024/1
2124009521;"ПАО ""ХИМПРОМ""";;COM29112200024 (Лот 1);;;;;https://www.roseltorg.ru/procedure/COM29112200024/1
2124009521;"ПАО ""ХИМПРОМ""";;Реконструкция трубопровода рассола от речпорта до ПАО «Химпром» (2 нитка);;;;;https://www.roseltorg.ru/procedure/COM23112200078/1
2124009521;"ПАО ""ХИМПРОМ""";;COM23112200078 (Лот 1);;;;;https://www.roseltorg.ru/procedure/COM23112200078/1
2124009521;"ПАО ""ХИМПРОМ""";;Заключение экспертизы промышленной безопасности проектной документации № 26547-724 «Узел приема, хранения и выдачи олеума корп.724», № 26549 СБ-724 «Емкость олеума поз.1/6»(одно ЗЭПБ на два проекта);;;;;https://www.roseltorg.ru/procedure/COM14112200107/1
2124009521;"ПАО ""ХИМПРОМ""";;COM14112200107 (Лот 1);;;;;https://www.roseltorg.ru/procedure/COM14112200107/1
2124009521;"ПАО ""ХИМПРОМ""";;Заключение экспертизы промышленной безопасности проектной документации № 26505-834,851 «Трубопровод кислорода из кор. 581 в кор. 834»;;;;;https://www.roseltorg.ru/procedure/COM11112200018/1
2124009521;"ПАО ""ХИМПРОМ""";;COM11112200018 (Лот 1);;;;;https://www.roseltorg.ru/procedure/COM11112200018/1
2124009521;"ПАО ""ХИМПРОМ""";;Экспертиза промышленной безопасности эстакады тепломатериалопроводов №18 цеха № 22 ПАО «Химпром» в 2022г.;;;;;https://www.roseltorg.ru/procedure/COM09112200109/1
2124009521;"ПАО ""ХИМПРОМ""";;COM09112200109 (Лот 1);;;;;https://www.roseltorg.ru/procedure/COM09112200109/1
2124009521;"ПАО ""ХИМПРОМ""";;COM01112200049 (Лот 1);;;;;https://www.roseltorg.ru/procedure/COM01112200049/1
2124009521;"ПАО ""ХИМПРОМ""";;Разработка проектной документации «Ликвидация оборудования в корпусах 708, 709, 709А цеха № 45» Технические требования № 490 от 28.10.2022 «Ликвидация оборудования в корпусах 708, 709, 709А цеха № 45» Приложение № 1 к ТТ № 490 «Перечень ликвидируемого оборудования»;;;;;https://www.roseltorg.ru/procedure/COM01112200006/1
2124009521;"ПАО ""ХИМПРОМ""";;COM01112200006 (Лот 1);;;;;https://www.roseltorg.ru/procedure/COM01112200006/1
2124009521;"ПАО ""ХИМПРОМ""";;ТО и устранение отказов автоматической системы пожаротушения в корпусах ПАО Химпром: 370, 453, 201, 202, 609Б, 609И, 609В, 730, 220, 637, 530, 614, 702, 708, 709, 709А, 102Б, 833Г, 360, 376, 530Б. 870/. 870Д.;;;;;https://www.roseltorg.ru/procedure/COM24102200073/1
2124009521;"ПАО ""ХИМПРОМ""";;COM24102200073 (Лот 1);;;;;https://www.roseltorg.ru/procedure/COM24102200073/1
2124009521;"ПАО ""ХИМПРОМ""";;Услуги по сопровождению автоматизированной системы КОМПАС-Строитель, подготовка персонала (пользователи)-32 академ.час (группа до 8 человек);;;;;https://www.roseltorg.ru/procedure/COM20092200033/1
2124009521;"ПАО ""ХИМПРОМ""";;COM20092200033 (Лот 1);;;;;https://www.roseltorg.ru/procedure/COM20092200033/1
2124009521;"ПАО ""ХИМПРОМ""";;Обследование строительных конструкций, в том числе фундаментов и выдача рекомендаций по их восстановлению корпуса № 638 цеха № 50 ПАО «Химпром» Приоритет при выборе победителя запроса предложений будет отдаваться организациям, использующим частично или полностью станочный парк ПАО «ХИМПРОМ» (см. При;;;;;https://www.roseltorg.ru/procedure/COM16092200022/1
2124009521;"ПАО ""ХИМПРОМ""";;COM16092200022 (Лот 1);;;;;https://www.roseltorg.ru/procedure/COM16092200022/1
2124009521;"ПАО ""ХИМПРОМ""";;Техническое обслуживание приборов безопасности в цехах №26, 46, 110 (порт) (12 ЕД.);;;;;https://www.roseltorg.ru/procedure/COM16082200071/1
2124009521;"ПАО ""ХИМПРОМ""";;COM16082200071 (Лот 1);;;;;https://www.roseltorg.ru/procedure/COM16082200071/1
2124009521;"ПАО ""ХИМПРОМ""";;Восстановление основного Ж/Б ограждения и восстановлению Ж/Б ограждения (Ограждение (участок напротив полигона ТБО) и восстановлению Ж/Б ограждения (участок напротив ТЭЦ-3) ПАО «Химпром»);;;;;https://www.roseltorg.ru/procedure/COM16082200012/1
2124009521;"ПАО ""ХИМПРОМ""";;COM16082200012 (Лот 1);;;;;https://www.roseltorg.ru/procedure/COM16082200012/1
2124009521;"ПАО ""ХИМПРОМ""";;Закупка фильтров для воды Аквафор Кристалл (К3-К2-К7);;;;;https://www.roseltorg.ru/procedure/B0304241024548/1
2124009521;"ПАО ""ХИМПРОМ""";;B0304241024548 (Позиция 1);;;;;https://www.roseltorg.ru/procedure/B0304241024548/1
2124009521;"ПАО ""ХИМПРОМ""";;Выполнение проектно-изыскательских работ по объекту: «Приведение к нормативным требованиям помещения архива 2 этажа корп.921» в 2024 году;;;;;https://www.roseltorg.ru/procedure/COM30012400040/1
2124009521;"ПАО ""ХИМПРОМ""";;COM30012400040 (Лот 1);;;;;https://www.roseltorg.ru/procedure/COM30012400040/1
2124009521;"ПАО ""ХИМПРОМ""";;Выполнение проектно-изыскательских работ по объекту: Реконструкция корпуса № 356, столовая №1 в 2024 году;;;;;https://www.roseltorg.ru/procedure/COM26012400051/1
2124009521;"ПАО ""ХИМПРОМ""";;COM26012400051 (Лот 1);;;;;https://www.roseltorg.ru/procedure/COM26012400051/1
2124009521;"ПАО ""ХИМПРОМ""";;Заключение экспертизы промышленной безопасности ПД № 23668-202 «Установка центрифугирования лаков КО-85, КО-815» и ПД № 25762-220 «Установка теплообменника поз. Т-107» Заключение экспертизы промышленной безопасности проектной документации – 2 ед.;;;;;https://www.roseltorg.ru/procedure/COM15012400007/1
2124009521;"ПАО ""ХИМПРОМ""";;COM15012400007 (Лот 1);;;;;https://www.roseltorg.ru/procedure/COM15012400007/1
2124009521;"ПАО ""ХИМПРОМ""";;Работы по ремонту кровли, фасада, отмостки, замене окон и дверей корпусов №356, №919, №922 цеха 113 и работы по буфету в корпусе №921 1 этаж цеха 29 ПАО «Химпром»;;;;;https://www.roseltorg.ru/procedure/COM26122300007/1
2124009521;"ПАО ""ХИМПРОМ""";;COM26122300007 (Лот 1);;;;;https://www.roseltorg.ru/procedure/COM26122300007/1
2124009521;"ПАО ""ХИМПРОМ""";;Проведение ЭПБ проектной документации (5 проектов);;;;;https://www.roseltorg.ru/procedure/COM28112300032/1
2124009521;"ПАО ""ХИМПРОМ""";;COM28112300032 (Лот 1);;;;;https://www.roseltorg.ru/procedure/COM28112300032/1
2124009521;"ПАО ""ХИМПРОМ""";;Оказание услуг по проектированию локальных холодильных установок;;;;;https://www.roseltorg.ru/procedure/COM09112300091/1
2124009521;"ПАО ""ХИМПРОМ""";;COM09112300091 (Лот 1);;;;;https://www.roseltorg.ru/procedure/COM09112300091/1
2124009521;"ПАО ""ХИМПРОМ""";;Выполнение работ по подтверждению соответствия оборудования требованиям технического регламента таможенного союза ТР ТС 032/2013 «О безопасности оборудования, работающего под избыточным давлением» (в форме декларации о соответствии);;;;;https://www.roseltorg.ru/procedure/COM24102300036/1
2124009521;"ПАО ""ХИМПРОМ""";;COM24102300036 (Лот 1);;;;;https://www.roseltorg.ru/procedure/COM24102300036/1
2124009521;"ПАО ""ХИМПРОМ""";;Выполнение проектно-изыскательских работ по объекту: Ремонт административно - бытового корпуса в порту цеха № 110 в 2023г.;;;;;https://www.roseltorg.ru/procedure/COM09102300020/1
2124009521;"ПАО ""ХИМПРОМ""";;COM09102300020 (Лот 1);;;;;https://www.roseltorg.ru/procedure/COM09102300020/1
2124009521;"ПАО ""ХИМПРОМ""";;Комплект модулей сменных фильтрующих К3-К2-К7 (Аквафор);;;;;https://www.roseltorg.ru/procedure/B0310231411036/1
2124009521;"ПАО ""ХИМПРОМ""";;B0310231411036 (Позиция 1);;;;;https://www.roseltorg.ru/procedure/B0310231411036/1
2124009521;"ПАО ""ХИМПРОМ""";;Обследование технического состояния строительных конструкций усреднителей корпуса 843 поз.3, поз.3.1 цеха № 114 ПАО «Химпром»;;;;;https://www.roseltorg.ru/procedure/COM01092300009/1
2124009521;"ПАО ""ХИМПРОМ""";;COM01092300009 (Лот 1);;;;;https://www.roseltorg.ru/procedure/COM01092300009/1
2124009521;"ПАО ""ХИМПРОМ""";;Кресло руководителя Бюрократ Ch-808AXSN;;;;;https://www.roseltorg.ru/procedure/B2706231747139/1
2124009521;"ПАО ""ХИМПРОМ""";;B2706231747139 (Лот 1);;;;;https://www.roseltorg.ru/procedure/B2706231747139/1
2124009521;"ПАО ""ХИМПРОМ""";;Стул офисный Изо;;;;;https://www.roseltorg.ru/procedure/B2706231747139/2
2124009521;"ПАО ""ХИМПРОМ""";;B2706231747139 (Лот 2);;;;;https://www.roseltorg.ru/procedure/B2706231747139/2
2124009521;"ПАО ""ХИМПРОМ""";;Стул-стремянка анфиса КМ041Б;;;;;https://www.roseltorg.ru/procedure/B2706231747139/3
2124009521;"ПАО ""ХИМПРОМ""";;B2706231747139 (Лот 3);;;;;https://www.roseltorg.ru/procedure/B2706231747139/3
2124009521;"ПАО ""ХИМПРОМ""";;Метран 150 CD,шкала 0-6,3 Кпа (согласно опросному листу);;;;;https://www.roseltorg.ru/procedure/B2206231152082/1
2124009521;"ПАО ""ХИМПРОМ""";;B2206231152082 (Позиция 1);;;;;https://www.roseltorg.ru/procedure/B2206231152082/1
2124009521;"ПАО ""ХИМПРОМ""";;Респиратор фильтрующий противоаэрозольный складной VFlex 9101 FFP1 без клапана выдоха или РУССИЗ 201 без клапана выдоха;;;;;https://www.roseltorg.ru/procedure/B2206230931102/1
2124009521;"ПАО ""ХИМПРОМ""";;B2206230931102 (Лот 1);;;;;https://www.roseltorg.ru/procedure/B2206230931102/1
2124009521;"ПАО ""ХИМПРОМ""";;Полотенце махровое однотонное, 100% хлопок, размер 50*90см, плотность не менее 380 г.м2;;;;;https://www.roseltorg.ru/procedure/B1606231118115/1
2124009521;"ПАО ""ХИМПРОМ""";;B1606231118115 (Лот 1);;;;;https://www.roseltorg.ru/procedure/B1606231118115/1
2124009521;"ПАО ""ХИМПРОМ""";;Охладитель-увлажнитель воздуха испарительный мобильный SABIEL MB16;;;;;https://www.roseltorg.ru/procedure/B1506231149568/1
2124009521;"ПАО ""ХИМПРОМ""";;B1506231149568 (Позиция 1);;;;;https://www.roseltorg.ru/procedure/B1506231149568/1
2124009521;"ПАО ""ХИМПРОМ""";;ЭВПМ-9;;;;;https://www.roseltorg.ru/procedure/B1506231138349/1
2124009521;"ПАО ""ХИМПРОМ""";;B1506231138349 (Лот 1);;;;;https://www.roseltorg.ru/procedure/B1506231138349/1
7417001747;"ПАО ""КОМБИНАТ ""МАГНЕЗИТ""";;Анализ стоимости этиленгликоля (ГОСТ 19710-2019);;;;;https://www.roseltorg.ru/procedure/COM16112300078/1
7417001747;"ПАО ""КОМБИНАТ ""МАГНЕЗИТ""";;COM16112300078 (Лот 1);;;;;https://www.roseltorg.ru/procedure/COM16112300078/1
7417001747;"ПАО ""КОМБИНАТ ""МАГНЕЗИТ""";;Анализ стоимости этиленгликоля (ГОСТ 19710-2019);;;;;https://www.roseltorg.ru/procedure/COM16112300078/2
7417001747;"ПАО ""КОМБИНАТ ""МАГНЕЗИТ""";;COM16112300078 (Лот 2);;;;;https://www.roseltorg.ru/procedure/COM16112300078/2
7417001747;"ПАО ""КОМБИНАТ ""МАГНЕЗИТ""";;Анализ стоимости кабельной продукции;;;;;https://www.roseltorg.ru/procedure/COM16112300074/1
7417001747;"ПАО ""КОМБИНАТ ""МАГНЕЗИТ""";;COM16112300074 (Лот 1);;;;;https://www.roseltorg.ru/procedure/COM16112300074/1
7417001747;"ПАО ""КОМБИНАТ ""МАГНЕЗИТ""";;Анализ стоимости горюче-смазочных материалов;;;;;https://www.roseltorg.ru/procedure/COM16112300068/1
7417001747;"ПАО ""КОМБИНАТ ""МАГНЕЗИТ""";;COM16112300068 (Лот 1);;;;;https://www.roseltorg.ru/procedure/COM16112300068/1
7417001747;"ПАО ""КОМБИНАТ ""МАГНЕЗИТ""";;Анализ стоимости шин Michelin 445/95R25 TL X-CRANE+;;;;;https://www.roseltorg.ru/procedure/COM15112300066/1
7417001747;"ПАО ""КОМБИНАТ ""МАГНЕЗИТ""";;COM15112300066 (Лот 1);;;;;https://www.roseltorg.ru/procedure/COM15112300066/1
2127309097;ПО КТЗ;;Выполнение ремонта кирпичных стен и карнизов КПЦ, ОСЛ в 2025 году;;;;;https://www.roseltorg.ru/procedure/B0204250946218/1
2127309097;ПО КТЗ;;B0204250946218 (Лот 1);;;;;https://www.roseltorg.ru/procedure/B0204250946218/1
2127309097;ПО КТЗ;;Выполнение ремонта кровельного покрытия здания в 2025 году;;;;;https://www.roseltorg.ru/procedure/B0204250922115/1
2127309097;ПО КТЗ;;B0204250922115 (Лот 1);;;;;https://www.roseltorg.ru/procedure/B0204250922115/1
6612005052;"АО ""РУСАЛ УРАЛ""";;COM21052500028 (Лот 1);;;;;https://www.roseltorg.ru/procedure/COM21052500028/1
6612005052;"АО ""РУСАЛ УРАЛ""";;COM27032500041 (Лот 1);;;;;https://www.roseltorg.ru/procedure/COM27032500041/1
6612005052;"АО ""РУСАЛ УРАЛ""";;COM26032500055 (Лот 1);;;;;https://www.roseltorg.ru/procedure/COM26032500055/1
6612005052;"АО ""РУСАЛ УРАЛ""";;COM19032500008 (Лот 1);;;;;https://www.roseltorg.ru/procedure/COM19032500008/1
6612005052;"АО ""РУСАЛ УРАЛ""";;COM18032500054 (Лот 1);;;;;https://www.roseltorg.ru/procedure/COM18032500054/1
6612005052;"АО ""РУСАЛ УРАЛ""";;COM10022500074 (Лот 1);;;;;https://www.roseltorg.ru/procedure/COM10022500074/1
6612005052;"АО ""РУСАЛ УРАЛ""";;COM18112400010 (Лот 1);;;;;https://www.roseltorg.ru/procedure/COM18112400010/1
6612005052;"АО ""РУСАЛ УРАЛ""";;COM01102400046 (Лот 1);;;;;https://www.roseltorg.ru/procedure/COM01102400046/1
6612005052;"АО ""РУСАЛ УРАЛ""";;COM17092400034 (Лот 1);;;;;https://www.roseltorg.ru/procedure/COM17092400034/1
6612005052;"АО ""РУСАЛ УРАЛ""";;COM18072400070 (Лот 1);;;;;https://www.roseltorg.ru/procedure/COM18072400070/1
6612005052;"АО ""РУСАЛ УРАЛ""";;COM21052400005 (Лот 1);;;;;https://www.roseltorg.ru/procedure/COM21052400005/1
6612005052;"АО ""РУСАЛ УРАЛ""";;Организация реализует самодельный прицеп тракторный 1 ПТС-2, 1978 года выпуска. Прицеп на балансе предприятия, зарегистрирован в Гостехнадзоре. Из документов имеется «ФОРМУЛЯР» (фото прилагается). Реализация осуществляется в форме торгов (указана стартовая цена, предпочтение будет отдано покупателю ;;;;;https://www.roseltorg.ru/procedure/COM19032400033/1
6612005052;"АО ""РУСАЛ УРАЛ""";;COM19032400033 (Лот 1);;;;;https://www.roseltorg.ru/procedure/COM19032400033/1
6612005052;"АО ""РУСАЛ УРАЛ""";;COM04032400028 (Лот 1);;;;;https://www.roseltorg.ru/procedure/COM04032400028/1
6612005052;"АО ""РУСАЛ УРАЛ""";;COM22012400062 (Лот 1);;;;;https://www.roseltorg.ru/procedure/COM22012400062/1
6612005052;"АО ""РУСАЛ УРАЛ""";;COM10012400019 (Лот 1);;;;;https://www.roseltorg.ru/procedure/COM10012400019/1
6612005052;"АО ""РУСАЛ УРАЛ""";;COM19102300024 (Лот 1);;;;;https://www.roseltorg.ru/procedure/COM19102300024/1
6612005052;"АО ""РУСАЛ УРАЛ""";;COM07062300026 (Лот 1);;;;;https://www.roseltorg.ru/procedure/COM07062300026/1
6612005052;"АО ""РУСАЛ УРАЛ""";;COM23052300025 (Лот 1);;;;;https://www.roseltorg.ru/procedure/COM23052300025/1
6612005052;"АО ""РУСАЛ УРАЛ""";;COM27042300006 (Лот 1);;;;;https://www.roseltorg.ru/procedure/COM27042300006/1
6612005052;"АО ""РУСАЛ УРАЛ""";;COM26042300013 (Лот 1);;;;;https://www.roseltorg.ru/procedure/COM26042300013/1
6612005052;"АО ""РУСАЛ УРАЛ""";;COM24042300009 (Лот 1);;;;;https://www.roseltorg.ru/procedure/COM24042300009/1
6612005052;"АО ""РУСАЛ УРАЛ""";;COM12042300046 (Лот 1);;;;;https://www.roseltorg.ru/procedure/COM12042300046/1
6612005052;"АО ""РУСАЛ УРАЛ""";;COM06042300074 (Лот 1);;;;;https://www.roseltorg.ru/procedure/COM06042300074/1
6612005052;"АО ""РУСАЛ УРАЛ""";;COM03042300150 (Лот 1);;;;;https://www.roseltorg.ru/procedure/COM03042300150/1
6612005052;"АО ""РУСАЛ УРАЛ""";;COM31012300071 (Лот 1);;;;;https://www.roseltorg.ru/procedure/COM31012300071/1
6612005052;"АО ""РУСАЛ УРАЛ""";;COM20102200057 (Лот 1);;;;;https://www.roseltorg.ru/procedure/COM20102200057/1
6612005052;"АО ""РУСАЛ УРАЛ""";;COM12072200072 (Лот 1);;;;;https://www.roseltorg.ru/procedure/COM12072200072/1
6612005052;"АО ""РУСАЛ УРАЛ""";;COM29062200042 (Лот 1);;;;;https://www.roseltorg.ru/procedure/COM29062200042/1
6612005052;"АО ""РУСАЛ УРАЛ""";;COM21062200034 (Лот 1);;;;;https://www.roseltorg.ru/procedure/COM21062200034/1
6612005052;"АО ""РУСАЛ УРАЛ""";;COM15062200002 (Лот 1);;;;;https://www.roseltorg.ru/procedure/COM15062200002/1
6612005052;"АО ""РУСАЛ УРАЛ""";;COM21032200003 (Лот 1);;;;;https://www.roseltorg.ru/procedure/COM21032200003/1
6612005052;"АО ""РУСАЛ УРАЛ""";;COM31012200034 (Лот 1);;;;;https://www.roseltorg.ru/procedure/COM31012200034/1
6612005052;"АО ""РУСАЛ УРАЛ""";;COM27012200052 (Лот 1);;;;;https://www.roseltorg.ru/procedure/COM27012200052/1
6612005052;"АО ""РУСАЛ УРАЛ""";;COM29122100025 (Лот 1);;;;;https://www.roseltorg.ru/procedure/COM29122100025/1
6612005052;"АО ""РУСАЛ УРАЛ""";;COM27122100018 (Лот 1);;;;;https://www.roseltorg.ru/procedure/COM27122100018/1
6612005052;"АО ""РУСАЛ УРАЛ""";;COM14122100010 (Лот 1);;;;;https://www.roseltorg.ru/procedure/COM14122100010/1
6612005052;"АО ""РУСАЛ УРАЛ""";;COM19112100010 (Лот 1);;;;;https://www.roseltorg.ru/procedure/COM19112100010/1
6612005052;"АО ""РУСАЛ УРАЛ""";;COM15092100020 (Лот 1);;;;;https://www.roseltorg.ru/procedure/COM15092100020/1
6612005052;"АО ""РУСАЛ УРАЛ""";;COM30072100093 (Лот 1);;;;;https://www.roseltorg.ru/procedure/COM30072100093/1
6612005052;"АО ""РУСАЛ УРАЛ""";;COM30062100017 (Лот 1);;;;;https://www.roseltorg.ru/procedure/COM30062100017/1
6612005052;"АО ""РУСАЛ УРАЛ""";;COM16062100005 (Лот 1);;;;;https://www.roseltorg.ru/procedure/COM16062100005/1
6612005052;"АО ""РУСАЛ УРАЛ""";;COM07062100042 (Лот 1);;;;;https://www.roseltorg.ru/procedure/COM07062100042/1
6612005052;"АО ""РУСАЛ УРАЛ""";;COM25052100010 (Лот 1);;;;;https://www.roseltorg.ru/procedure/COM25052100010/1
6612005052;"АО ""РУСАЛ УРАЛ""";;COM06042100069 (Лот 1);;;;;https://www.roseltorg.ru/procedure/COM06042100069/1
6612005052;"АО ""РУСАЛ УРАЛ""";;COM23032100001 (Лот 1);;;;;https://www.roseltorg.ru/procedure/COM23032100001/1
6612005052;"АО ""РУСАЛ УРАЛ""";;COM17032100014 (Лот 1);;;;;https://www.roseltorg.ru/procedure/COM17032100014/1
6612005052;"АО ""РУСАЛ УРАЛ""";;COM15032100038 (Лот 1);;;;;https://www.roseltorg.ru/procedure/COM15032100038/1
6612005052;"АО ""РУСАЛ УРАЛ""";;COM15032100010 (Лот 1);;;;;https://www.roseltorg.ru/procedure/COM15032100010/1
6612005052;"АО ""РУСАЛ УРАЛ""";;COM09022100044 (Лот 1);;;;;https://www.roseltorg.ru/procedure/COM09022100044/1
6612005052;"АО ""РУСАЛ УРАЛ""";;COM25012100024 (Лот 1);;;;;https://www.roseltorg.ru/procedure/COM25012100024/1
6612005052;"АО ""РУСАЛ УРАЛ""";;COM21012100003 (Лот 1);;;;;https://www.roseltorg.ru/procedure/COM21012100003/1
6612005052;"АО ""РУСАЛ УРАЛ""";;COM20012100005 (Лот 1);;;;;https://www.roseltorg.ru/procedure/COM20012100005/1
6612005052;"АО ""РУСАЛ УРАЛ""";;COM13012100006 (Лот 1);;;;;https://www.roseltorg.ru/procedure/COM13012100006/1
6612005052;"АО ""РУСАЛ УРАЛ""";;COM17112000010 (Лот 1);;;;;https://www.roseltorg.ru/procedure/COM17112000010/1
6612005052;"АО ""РУСАЛ УРАЛ""";;COM08092000009 (Лот 1);;;;;https://www.roseltorg.ru/procedure/COM08092000009/1
6612005052;"АО ""РУСАЛ УРАЛ""";;COM17082000056 (Лот 1);;;;;https://www.roseltorg.ru/procedure/COM17082000056/1
6612005052;"АО ""РУСАЛ УРАЛ""";;COM14082000008 (Лот 1);;;;;https://www.roseltorg.ru/procedure/COM14082000008/1
6612005052;"АО ""РУСАЛ УРАЛ""";;COM23062000098 (Лот 1);;;;;https://www.roseltorg.ru/procedure/COM23062000098/1
6612005052;"АО ""РУСАЛ УРАЛ""";;COM15062000022 (Лот 1);;;;;https://www.roseltorg.ru/procedure/COM15062000022/1
6612005052;"АО ""РУСАЛ УРАЛ""";;COM15062000005 (Лот 1);;;;;https://www.roseltorg.ru/procedure/COM15062000005/1
6612005052;"АО ""РУСАЛ УРАЛ""";;COM27052000025 (Лот 1);;;;;https://www.roseltorg.ru/procedure/COM27052000025/1
6612005052;"АО ""РУСАЛ УРАЛ""";;COM19052000084 (Лот 1);;;;;https://www.roseltorg.ru/procedure/COM19052000084/1
6612005052;"АО ""РУСАЛ УРАЛ""";;COM19052000045 (Лот 1);;;;;https://www.roseltorg.ru/procedure/COM19052000045/1
6612005052;"АО ""РУСАЛ УРАЛ""";;COM14052000007 (Лот 1);;;;;https://www.roseltorg.ru/procedure/COM14052000007/1
6612005052;"АО ""РУСАЛ УРАЛ""";;COM07052000027 (Лот 1);;;;;https://www.roseltorg.ru/procedure/COM07052000027/1
6612005052;"АО ""РУСАЛ УРАЛ""";;COM28042000036 (Лот 1);;;;;https://www.roseltorg.ru/procedure/COM28042000036/1
6612005052;"АО ""РУСАЛ УРАЛ""";;COM04032000026 (Лот 1);;;;;https://www.roseltorg.ru/procedure/COM04032000026/1
6612005052;"АО ""РУСАЛ УРАЛ""";;COM02032000031 (Лот 1);;;;;https://www.roseltorg.ru/procedure/COM02032000031/1
6612005052;"АО ""РУСАЛ УРАЛ""";;COM02032000030 (Лот 1);;;;;https://www.roseltorg.ru/procedure/COM02032000030/1
6612005052;"АО ""РУСАЛ УРАЛ""";;COM05022000039 (Лот 1);;;;;https://www.roseltorg.ru/procedure/COM05022000039/1
6612005052;"АО ""РУСАЛ УРАЛ""";;COM27012000005 (Лот 1);;;;;https://www.roseltorg.ru/procedure/COM27012000005/1
6612005052;"АО ""РУСАЛ УРАЛ""";;COM22012000003 (Лот 1);;;;;https://www.roseltorg.ru/procedure/COM22012000003/1
6612005052;"АО ""РУСАЛ УРАЛ""";;COM14012000017 (Лот 1);;;;;https://www.roseltorg.ru/procedure/COM14012000017/1
6612005052;"АО ""РУСАЛ УРАЛ""";;COM09012000001 (Лот 1);;;;;https://www.roseltorg.ru/procedure/COM09012000001/1
6612005052;"АО ""РУСАЛ УРАЛ""";;COM19062000031 (Лот 1);;;;;https://www.roseltorg.ru/procedure/COM19062000031/1
6612005052;"АО ""РУСАЛ УРАЛ""";;COM22012000055 (Лот 1);;;;;https://www.roseltorg.ru/procedure/COM22012000055/1
6612005052;"АО ""РУСАЛ УРАЛ""";;COM20012000013 (Лот 1);;;;;https://www.roseltorg.ru/procedure/COM20012000013/1
6612005052;"АО ""РУСАЛ УРАЛ""";;COM17012000039 (Лот 1);;;;;https://www.roseltorg.ru/procedure/COM17012000039/1
6612005052;"АО ""РУСАЛ УРАЛ""";;COM15012000031 (Лот 1);;;;;https://www.roseltorg.ru/procedure/COM15012000031/1
6612005052;"АО ""РУСАЛ УРАЛ""";;COM14012000002 (Лот 1);;;;;https://www.roseltorg.ru/procedure/COM14012000002/1
2624022320;"ООО ""СТАВРОЛЕН""";;закупка сеток;;;;;https://www.roseltorg.ru/procedure/COM03082600007/1
2624022320;"ООО ""СТАВРОЛЕН""";;COM03082600007 (Лот 1);;;;;https://www.roseltorg.ru/procedure/COM03082600007/1
2624022320;"ООО ""СТАВРОЛЕН""";;закупка ЗИП к клапанам оригинал;;;;;https://www.roseltorg.ru/procedure/COM31072600062/1
2624022320;"ООО ""СТАВРОЛЕН""";;COM31072600062 (Лот 1);;;;;https://www.roseltorg.ru/procedure/COM31072600062/1
2624022320;"ООО ""СТАВРОЛЕН""";;закупка ЗИП к клапанам по чертежам;;;;;https://www.roseltorg.ru/procedure/COM31072600062/2
2624022320;"ООО ""СТАВРОЛЕН""";;COM31072600062 (Лот 2);;;;;https://www.roseltorg.ru/procedure/COM31072600062/2
2624022320;"ООО ""СТАВРОЛЕН""";;"Jказание услуг по комплексному экологическому сопровождению в части исполнения экологических требований законодательства РФ на объекте строительства: в рамках инвестиционного проекта &quot;Реконструкция полигона захоронения твердых неутилизируемых отходов&quot; ООО &quot;Ставролен&quot; в 2026 году";;;;;https://www.roseltorg.ru/procedure/COM31072600049/1
2624022320;"ООО ""СТАВРОЛЕН""";;COM31072600049 (Лот 1);;;;;https://www.roseltorg.ru/procedure/COM31072600049/1
2624022320;"ООО ""СТАВРОЛЕН""";;закупка втулок;;;;;https://www.roseltorg.ru/procedure/COM31072600008/1
2624022320;"ООО ""СТАВРОЛЕН""";;COM31072600008 (Лот 1);;;;;https://www.roseltorg.ru/procedure/COM31072600008/1
2624022320;"ООО ""СТАВРОЛЕН""";;закупка насоса;;;;;https://www.roseltorg.ru/procedure/COM31072600007/1
2624022320;"ООО ""СТАВРОЛЕН""";;COM31072600007 (Лот 1);;;;;https://www.roseltorg.ru/procedure/COM31072600007/1
2624022320;"ООО ""СТАВРОЛЕН""";;Пила сабельная (ОЛ);;;;;https://www.roseltorg.ru/procedure/COM30072600033/1
2624022320;"ООО ""СТАВРОЛЕН""";;COM30072600033 (Лот 1);;;;;https://www.roseltorg.ru/procedure/COM30072600033/1
2624022320;"ООО ""СТАВРОЛЕН""";;Тепловизор согласно ОЛ;;;;;https://www.roseltorg.ru/procedure/COM29072600121/1
2624022320;"ООО ""СТАВРОЛЕН""";;COM29072600121 (Лот 1);;;;;https://www.roseltorg.ru/procedure/COM29072600121/1
2624022320;"ООО ""СТАВРОЛЕН""";;закупка втулок;;;;;https://www.roseltorg.ru/procedure/COM29072600064/1
2624022320;"ООО ""СТАВРОЛЕН""";;COM29072600064 (Лот 1);;;;;https://www.roseltorg.ru/procedure/COM29072600064/1
2624022320;"ООО ""СТАВРОЛЕН""";;закупка втулок СМ-композит;;;;;https://www.roseltorg.ru/procedure/COM29072600063/1
2624022320;"ООО ""СТАВРОЛЕН""";;COM29072600063 (Лот 1);;;;;https://www.roseltorg.ru/procedure/COM29072600063/1
2624022320;"ООО ""СТАВРОЛЕН""";;закупка втулок МЕТАРОССА;;;;;https://www.roseltorg.ru/procedure/COM29072600062/1
2624022320;"ООО ""СТАВРОЛЕН""";;COM29072600062 (Лот 1);;;;;https://www.roseltorg.ru/procedure/COM29072600062/1
2624022320;"ООО ""СТАВРОЛЕН""";;Ингибитор полимеризации (типа ИПОН-1101 или его аналог) согласно техническому заданию;;;;;https://www.roseltorg.ru/procedure/COM28072600063/1
2624022320;"ООО ""СТАВРОЛЕН""";;COM28072600063 (Лот 1);;;;;https://www.roseltorg.ru/procedure/COM28072600063/1
2624022320;"ООО ""СТАВРОЛЕН""";;Калий углекислый ПОТАШ;;;;;https://www.roseltorg.ru/procedure/COM28072600055/1
2624022320;"ООО ""СТАВРОЛЕН""";;COM28072600055 (Лот 1);;;;;https://www.roseltorg.ru/procedure/COM28072600055/1
2624022320;"ООО ""СТАВРОЛЕН""";;Приобретение фильтров топливного газа DN 150;;;;;https://www.roseltorg.ru/procedure/COM28072600015/1
2624022320;"ООО ""СТАВРОЛЕН""";;COM28072600015 (Лот 1);;;;;https://www.roseltorg.ru/procedure/COM28072600015/1
2624022320;"ООО ""СТАВРОЛЕН""";;Закупка ТМЦ;;;;;https://www.roseltorg.ru/procedure/COM23072600085/1
2624022320;"ООО ""СТАВРОЛЕН""";;COM23072600085 (Лот 1);;;;;https://www.roseltorg.ru/procedure/COM23072600085/1
2624022320;"ООО ""СТАВРОЛЕН""";;Приобретение клапанов отсечных электромагнитных;;;;;https://www.roseltorg.ru/procedure/COM23072600013/1
2624022320;"ООО ""СТАВРОЛЕН""";;COM23072600013 (Лот 1);;;;;https://www.roseltorg.ru/procedure/COM23072600013/1
2624022320;"ООО ""СТАВРОЛЕН""";;Приобретение электрошкафов;;;;;https://www.roseltorg.ru/procedure/COM23072600011/1
2624022320;"ООО ""СТАВРОЛЕН""";;COM23072600011 (Лот 1);;;;;https://www.roseltorg.ru/procedure/COM23072600011/1
2624022320;"ООО ""СТАВРОЛЕН""";;Закупка светильников, клеммных коробок, постов управления;;;;;https://www.roseltorg.ru/procedure/COM23072600009/1
2624022320;"ООО ""СТАВРОЛЕН""";;COM23072600009 (Лот 1);;;;;https://www.roseltorg.ru/procedure/COM23072600009/1
2624022320;"ООО ""СТАВРОЛЕН""";;Закупка трубной продукции;;;;;https://www.roseltorg.ru/procedure/COM20072600113/1
2624022320;"ООО ""СТАВРОЛЕН""";;COM20072600113 (Лот 1);;;;;https://www.roseltorg.ru/procedure/COM20072600113/1
2624022320;"ООО ""СТАВРОЛЕН""";;ЗИП к насосам;;;;;https://www.roseltorg.ru/procedure/COM17072600084/1
2624022320;"ООО ""СТАВРОЛЕН""";;COM17072600084 (Лот 1);;;;;https://www.roseltorg.ru/procedure/COM17072600084/1
2624022320;"ООО ""СТАВРОЛЕН""";;«Жидкость охлаждающая низкозамерзающая, марка «Тосол-АК», либо её аналог;;;;;https://www.roseltorg.ru/procedure/COM14072600132/1
2624022320;"ООО ""СТАВРОЛЕН""";;COM14072600132 (Лот 1);;;;;https://www.roseltorg.ru/procedure/COM14072600132/1
2624022320;"ООО ""СТАВРОЛЕН""";;Клише фотополимерное (для нанесения печати на пленку полиэтиленовую).;;;;;https://www.roseltorg.ru/procedure/COM14072600028/1
2624022320;"ООО ""СТАВРОЛЕН""";;COM14072600028 (Лот 1);;;;;https://www.roseltorg.ru/procedure/COM14072600028/1
2624022320;"ООО ""СТАВРОЛЕН""";;Бытовой вагончик;;;;;https://www.roseltorg.ru/procedure/COM10072600074/1
2624022320;"ООО ""СТАВРОЛЕН""";;COM10072600074 (Лот 1);;;;;https://www.roseltorg.ru/procedure/COM10072600074/1
2624022320;"ООО ""СТАВРОЛЕН""";;Закупка запасных частей для лабораторного оборудования;;;;;https://www.roseltorg.ru/procedure/COM09072600093/1
2624022320;"ООО ""СТАВРОЛЕН""";;COM09072600093 (Лот 1);;;;;https://www.roseltorg.ru/procedure/COM09072600093/1
2624022320;"ООО ""СТАВРОЛЕН""";;Закупка герметика, клея и проч.;;;;;https://www.roseltorg.ru/procedure/COM07072600019/1
2624022320;"ООО ""СТАВРОЛЕН""";;COM07072600019 (Лот 1);;;;;https://www.roseltorg.ru/procedure/COM07072600019/1
2624022320;"ООО ""СТАВРОЛЕН""";;Закупка уплотнений и прокладок;;;;;https://www.roseltorg.ru/procedure/COM06072600132/1
2624022320;"ООО ""СТАВРОЛЕН""";;COM06072600132 (Лот 1);;;;;https://www.roseltorg.ru/procedure/COM06072600132/1
2624022320;"ООО ""СТАВРОЛЕН""";;Закупка РТП;;;;;https://www.roseltorg.ru/procedure/COM03072600012/1
2624022320;"ООО ""СТАВРОЛЕН""";;COM03072600012 (Лот 1);;;;;https://www.roseltorg.ru/procedure/COM03072600012/1
2624022320;"ООО ""СТАВРОЛЕН""";;Закупка сувенирной продукции с логотипом;;;;;https://www.roseltorg.ru/procedure/COM01072600136/1
2624022320;"ООО ""СТАВРОЛЕН""";;COM01072600136 (Лот 1);;;;;https://www.roseltorg.ru/procedure/COM01072600136/1
2624022320;"ООО ""СТАВРОЛЕН""";;Закупка оборудования и дополнительного оснащения объектов общественного питания;;;;;https://www.roseltorg.ru/procedure/COM30062600086/1
2624022320;"ООО ""СТАВРОЛЕН""";;COM30062600086 (Лот 1);;;;;https://www.roseltorg.ru/procedure/COM30062600086/1
2624022320;"ООО ""СТАВРОЛЕН""";;Закупка приборных шкафов (печи F1001, F1002, F1007, F1008);;;;;https://www.roseltorg.ru/procedure/COM25062600025/1
2624022320;"ООО ""СТАВРОЛЕН""";;COM25062600025 (Лот 1);;;;;https://www.roseltorg.ru/procedure/COM25062600025/1
2624022320;"ООО ""СТАВРОЛЕН""";;Закупка соединительных коробок (печи F1001, F1002, F1007, F1008);;;;;https://www.roseltorg.ru/procedure/COM25062600023/1
2624022320;"ООО ""СТАВРОЛЕН""";;COM25062600023 (Лот 1);;;;;https://www.roseltorg.ru/procedure/COM25062600023/1
2624022320;"ООО ""СТАВРОЛЕН""";;Манометры (печи F1001, F1002, F1007, F1008);;;;;https://www.roseltorg.ru/procedure/COM25062600018/1
2624022320;"ООО ""СТАВРОЛЕН""";;COM25062600018 (Лот 1);;;;;https://www.roseltorg.ru/procedure/COM25062600018/1
2624022320;"ООО ""СТАВРОЛЕН""";;"Закупка обогреваемого шкафа для нужд ООО &quot;Ставролен&quot;";;;;;https://www.roseltorg.ru/procedure/COM24062600163/1
2624022320;"ООО ""СТАВРОЛЕН""";;COM24062600163 (Лот 1);;;;;https://www.roseltorg.ru/procedure/COM24062600163/1
2624022320;"ООО ""СТАВРОЛЕН""";;оказание услуг по технической поддержке и сопровождению оборудования Корпоративной информационной системы «Мобильный обходчик»;;;;;https://www.roseltorg.ru/procedure/COM18062600099/1
2624022320;"ООО ""СТАВРОЛЕН""";;COM18062600099 (Лот 1);;;;;https://www.roseltorg.ru/procedure/COM18062600099/1
2624022320;"ООО ""СТАВРОЛЕН""";;закупка ЗИП к компрессорам;;;;;https://www.roseltorg.ru/procedure/COM16062600008/1
2624022320;"ООО ""СТАВРОЛЕН""";;COM16062600008 (Лот 1);;;;;https://www.roseltorg.ru/procedure/COM16062600008/1
2624022320;"ООО ""СТАВРОЛЕН""";;закупка каплеотбойника;;;;;https://www.roseltorg.ru/procedure/COM16062600007/1
2624022320;"ООО ""СТАВРОЛЕН""";;COM16062600007 (Лот 1);;;;;https://www.roseltorg.ru/procedure/COM16062600007/1
2624022320;"ООО ""СТАВРОЛЕН""";;закупка муфт;;;;;https://www.roseltorg.ru/procedure/COM08062600119/1
2624022320;"ООО ""СТАВРОЛЕН""";;COM08062600119 (Лот 1);;;;;https://www.roseltorg.ru/procedure/COM08062600119/1
2624022320;"ООО ""СТАВРОЛЕН""";;закупка мембран;;;;;https://www.roseltorg.ru/procedure/COM08062600107/1
2624022320;"ООО ""СТАВРОЛЕН""";;COM08062600107 (Лот 1);;;;;https://www.roseltorg.ru/procedure/COM08062600107/1
2624022320;"ООО ""СТАВРОЛЕН""";;закупка колец Рашига и Палля;;;;;https://www.roseltorg.ru/procedure/COM08062600089/1
2624022320;"ООО ""СТАВРОЛЕН""";;COM08062600089 (Лот 1);;;;;https://www.roseltorg.ru/procedure/COM08062600089/1
2624022320;"ООО ""СТАВРОЛЕН""";;закупка клапанов;;;;;https://www.roseltorg.ru/procedure/COM08062600004/1
2624022320;"ООО ""СТАВРОЛЕН""";;COM08062600004 (Лот 1);;;;;https://www.roseltorg.ru/procedure/COM08062600004/1
2624022320;"ООО ""СТАВРОЛЕН""";;закупка задвижек;;;;;https://www.roseltorg.ru/procedure/COM08062600003/1
2624022320;"ООО ""СТАВРОЛЕН""";;COM08062600003 (Лот 1);;;;;https://www.roseltorg.ru/procedure/COM08062600003/1
2624022320;"ООО ""СТАВРОЛЕН""";;Закупка ультразвуковых расходомеров (поз. FIR/Х100, FIS22б, FT8б, FT9б, FIR 13);;;;;https://www.roseltorg.ru/procedure/COM04062600183/1
2624022320;"ООО ""СТАВРОЛЕН""";;COM04062600183 (Лот 1);;;;;https://www.roseltorg.ru/procedure/COM04062600183/1
2624022320;"ООО ""СТАВРОЛЕН""";;Закупка уровнемеров (позиции LT06202, LT06302, LT06402, LT06502, LT 9100-0001, LT 9100-0002, LT5424-005C, LT5424-005А);;;;;https://www.roseltorg.ru/procedure/COM04062600114/1
2624022320;"ООО ""СТАВРОЛЕН""";;COM04062600114 (Лот 1);;;;;https://www.roseltorg.ru/procedure/COM04062600114/1
2624022320;"ООО ""СТАВРОЛЕН""";;Ультразвуковой толщиномер согласно ОЛ;;;;;https://www.roseltorg.ru/procedure/COM03062600025/1
2624022320;"ООО ""СТАВРОЛЕН""";;COM03062600025 (Лот 1);;;;;https://www.roseltorg.ru/procedure/COM03062600025/1
2624022320;"ООО ""СТАВРОЛЕН""";;закупка ЗИП к печам;;;;;https://www.roseltorg.ru/procedure/COM03062600021/1
2624022320;"ООО ""СТАВРОЛЕН""";;COM03062600021 (Лот 1);;;;;https://www.roseltorg.ru/procedure/COM03062600021/1
2624022320;"ООО ""СТАВРОЛЕН""";;закупка ЗИП к градирне;;;;;https://www.roseltorg.ru/procedure/COM01062600095/1
2624022320;"ООО ""СТАВРОЛЕН""";;COM01062600095 (Лот 1);;;;;https://www.roseltorg.ru/procedure/COM01062600095/1
2624022320;"ООО ""СТАВРОЛЕН""";;Сбор, транспортировка и утилизация отходов 4-5 классов опасности;;;;;https://www.roseltorg.ru/procedure/COM27052600058/1
2624022320;"ООО ""СТАВРОЛЕН""";;COM27052600058 (Лот 1);;;;;https://www.roseltorg.ru/procedure/COM27052600058/1
2624022320;"ООО ""СТАВРОЛЕН""";;Для выполнения работы по пересмотру комплексного экологического разрешения согласно технического задания;;;;;https://www.roseltorg.ru/procedure/COM25052600036/1
2624022320;"ООО ""СТАВРОЛЕН""";;COM25052600036 (Лот 1);;;;;https://www.roseltorg.ru/procedure/COM25052600036/1
2624022320;"ООО ""СТАВРОЛЕН""";;закупка з.ч. электролизеру;;;;;https://www.roseltorg.ru/procedure/COM19052600094/1
2624022320;"ООО ""СТАВРОЛЕН""";;COM19052600094 (Лот 1);;;;;https://www.roseltorg.ru/procedure/COM19052600094/1
2624022320;"ООО ""СТАВРОЛЕН""";;закупка пневмоцилиндров;;;;;https://www.roseltorg.ru/procedure/COM06052600208/1
2624022320;"ООО ""СТАВРОЛЕН""";;COM06052600208 (Лот 1);;;;;https://www.roseltorg.ru/procedure/COM06052600208/1
2624022320;"ООО ""СТАВРОЛЕН""";;закупка ЗИП H.Rand GmbH;;;;;https://www.roseltorg.ru/procedure/COM06052600193/1
2624022320;"ООО ""СТАВРОЛЕН""";;COM06052600193 (Лот 1);;;;;https://www.roseltorg.ru/procedure/COM06052600193/1
2624022320;"ООО ""СТАВРОЛЕН""";;Комплектующие к системе обратного осмоса;;;;;https://www.roseltorg.ru/procedure/COM06052600159/1
2624022320;"ООО ""СТАВРОЛЕН""";;COM06052600159 (Лот 1);;;;;https://www.roseltorg.ru/procedure/COM06052600159/1
2624022320;"ООО ""СТАВРОЛЕН""";;закупка вала;;;;;https://www.roseltorg.ru/procedure/COM06052600147/1
2624022320;"ООО ""СТАВРОЛЕН""";;COM06052600147 (Лот 1);;;;;https://www.roseltorg.ru/procedure/COM06052600147/1
2624022320;"ООО ""СТАВРОЛЕН""";;закупка ножей;;;;;https://www.roseltorg.ru/procedure/COM04052600049/1
2624022320;"ООО ""СТАВРОЛЕН""";;COM04052600049 (Лот 1);;;;;https://www.roseltorg.ru/procedure/COM04052600049/1
2624022320;"ООО ""СТАВРОЛЕН""";;закупка ЗИП Siemens;;;;;https://www.roseltorg.ru/procedure/COM04052600036/1
2624022320;"ООО ""СТАВРОЛЕН""";;COM04052600036 (Лот 1);;;;;https://www.roseltorg.ru/procedure/COM04052600036/1
2624022320;"ООО ""СТАВРОЛЕН""";;закупка колонок;;;;;https://www.roseltorg.ru/procedure/COM04052600019/1
2624022320;"ООО ""СТАВРОЛЕН""";;COM04052600019 (Лот 1);;;;;https://www.roseltorg.ru/procedure/COM04052600019/1
2624022320;"ООО ""СТАВРОЛЕН""";;закупка уплотнений;;;;;https://www.roseltorg.ru/procedure/COM28042600004/1
2624022320;"ООО ""СТАВРОЛЕН""";;COM28042600004 (Лот 1);;;;;https://www.roseltorg.ru/procedure/COM28042600004/1
2624022320;"ООО ""СТАВРОЛЕН""";;закупка з.ч Меллерс;;;;;https://www.roseltorg.ru/procedure/COM27042600181/1
2624022320;"ООО ""СТАВРОЛЕН""";;COM27042600181 (Лот 1);;;;;https://www.roseltorg.ru/procedure/COM27042600181/1
2624022320;"ООО ""СТАВРОЛЕН""";;Закупка видеорегистраторов поз.TISA-550/1, 550/2, 550/3, 550/4, 550/5;;;;;https://www.roseltorg.ru/procedure/COM16042600080/1
2624022320;"ООО ""СТАВРОЛЕН""";;COM16042600080 (Лот 1);;;;;https://www.roseltorg.ru/procedure/COM16042600080/1
2624022320;"ООО ""СТАВРОЛЕН""";;Поставка запасных частей к станочному оборудованию;;;;;https://www.roseltorg.ru/procedure/COM27112400059/1
2624022320;"ООО ""СТАВРОЛЕН""";;COM27112400059 (Лот 1);;;;;https://www.roseltorg.ru/procedure/COM27112400059/1
2624022320;"ООО ""СТАВРОЛЕН""";;Поставка электроустановочных товаров и изделий;;;;;https://www.roseltorg.ru/procedure/COM23112400002/1
2624022320;"ООО ""СТАВРОЛЕН""";;COM23112400002 (Лот 1);;;;;https://www.roseltorg.ru/procedure/COM23112400002/1
2624022320;"ООО ""СТАВРОЛЕН""";;Поставка калорифера 640х390х150;;;;;https://www.roseltorg.ru/procedure/COM17112400002/1
2624022320;"ООО ""СТАВРОЛЕН""";;COM17112400002 (Лот 1);;;;;https://www.roseltorg.ru/procedure/COM17112400002/1
2624022320;"ООО ""СТАВРОЛЕН""";;Поставка термометров I-II ступени и промежуточных охладителей NG 80, 0-250°C, Typ 930-Ex, Distancedigitalthermometer, cable 3m, Immersion Tube G 1/2 f8x100-1.4571;;;;;https://www.roseltorg.ru/procedure/COM17112400001/1
2624022320;"ООО ""СТАВРОЛЕН""";;COM17112400001 (Лот 1);;;;;https://www.roseltorg.ru/procedure/COM17112400001/1
2624022320;"ООО ""СТАВРОЛЕН""";;Регулятор давления в соответствии с ОЛ;;;;;https://www.roseltorg.ru/procedure/COM21102400045/1
2624022320;"ООО ""СТАВРОЛЕН""";;COM21102400045 (Лот 1);;;;;https://www.roseltorg.ru/procedure/COM21102400045/1
2624022320;"ООО ""СТАВРОЛЕН""";;Выполнение работ по техническому обслуживанию (ремонту) двигателей дизель-генераторов ц. №2 и ц. №16 в 2024г.;;;;;https://www.roseltorg.ru/procedure/COM17092400005/1
2624022320;"ООО ""СТАВРОЛЕН""";;COM17092400005 (Лот 1);;;;;https://www.roseltorg.ru/procedure/COM17092400005/1
2624022320;"ООО ""СТАВРОЛЕН""";;Запрос на поставку изоляционного материала;;;;;https://www.roseltorg.ru/procedure/COM28082400261/1
2624022320;"ООО ""СТАВРОЛЕН""";;COM28082400261 (Лот 1);;;;;https://www.roseltorg.ru/procedure/COM28082400261/1
2624022320;"ООО ""СТАВРОЛЕН""";;Запасные части к линии упаковки Меллерс;;;;;https://www.roseltorg.ru/procedure/COM28082400212/1
2624022320;"ООО ""СТАВРОЛЕН""";;COM28082400212 (Лот 1);;;;;https://www.roseltorg.ru/procedure/COM28082400212/1
2624022320;"ООО ""СТАВРОЛЕН""";;запрос на поставку бумаги для штрихкодирования;;;;;https://www.roseltorg.ru/procedure/COM16082400041/1
2624022320;"ООО ""СТАВРОЛЕН""";;COM16082400041 (Лот 1);;;;;https://www.roseltorg.ru/procedure/COM16082400041/1
2624022320;"ООО ""СТАВРОЛЕН""";;Поставка технических тканей;;;;;https://www.roseltorg.ru/procedure/COM07082400032/1
2624022320;"ООО ""СТАВРОЛЕН""";;COM07082400032 (Лот 1);;;;;https://www.roseltorg.ru/procedure/COM07082400032/1
2624022320;"ООО ""СТАВРОЛЕН""";;Поставка стройматериалов;;;;;https://www.roseltorg.ru/procedure/COM05082400045/1
2624022320;"ООО ""СТАВРОЛЕН""";;COM05082400045 (Лот 1);;;;;https://www.roseltorg.ru/procedure/COM05082400045/1
2624022320;"ООО ""СТАВРОЛЕН""";;поставка нейтрализатора галогенов типа Hycite 713 или аналог;;;;;https://www.roseltorg.ru/procedure/COM05082400031/1
2624022320;"ООО ""СТАВРОЛЕН""";;COM05082400031 (Лот 1);;;;;https://www.roseltorg.ru/procedure/COM05082400031/1
2624022320;"ООО ""СТАВРОЛЕН""";;Закупка клапанов в рамках ремонтно-эксплуатационных нужд 2024 года;;;;;https://www.roseltorg.ru/procedure/COM03082400003/1
2624022320;"ООО ""СТАВРОЛЕН""";;COM03082400003 (Лот 1);;;;;https://www.roseltorg.ru/procedure/COM03082400003/1
2624022320;"ООО ""СТАВРОЛЕН""";;смесь резиновая;;;;;https://www.roseltorg.ru/procedure/COM17072400060/1
2624022320;"ООО ""СТАВРОЛЕН""";;COM17072400060 (Лот 1);;;;;https://www.roseltorg.ru/procedure/COM17072400060/1
2624022320;"ООО ""СТАВРОЛЕН""";;Закупка запасных частей для автоматического устройства упаковки в мешки производства TMI Испания;;;;;https://www.roseltorg.ru/procedure/COM01072400081/1
2624022320;"ООО ""СТАВРОЛЕН""";;COM01072400081 (Лот 1);;;;;https://www.roseltorg.ru/procedure/COM01072400081/1
2624022320;"ООО ""СТАВРОЛЕН""";;"Закупка задвижек в рамках ИП ""Замена приборов учёта мат баланса на производстве ""Этилена""";;;;;https://www.roseltorg.ru/procedure/COM16062400001/1
2624022320;"ООО ""СТАВРОЛЕН""";;COM16062400001 (Лот 1);;;;;https://www.roseltorg.ru/procedure/COM16062400001/1
2624022320;"ООО ""СТАВРОЛЕН""";;Закупка предохранительных клапанов в соответствии с ОЛ;;;;;https://www.roseltorg.ru/procedure/COM31052400007/1
2624022320;"ООО ""СТАВРОЛЕН""";;COM31052400007 (Лот 1);;;;;https://www.roseltorg.ru/procedure/COM31052400007/1
2624022320;"ООО ""СТАВРОЛЕН""";;"Выполнение работ по устройству основания для емкости Д8208 и насосов Р8208 А/В цеха №2 производства этилена ООО ""Ставролен"" в 2024 году";;;;;https://www.roseltorg.ru/procedure/COM22042400085/1
2624022320;"ООО ""СТАВРОЛЕН""";;COM22042400085 (Лот 1);;;;;https://www.roseltorg.ru/procedure/COM22042400085/1
2624022320;"ООО ""СТАВРОЛЕН""";;Закупка манжет Simmerring Radiamatic R 35;;;;;https://www.roseltorg.ru/procedure/COM04042400166/1
2624022320;"ООО ""СТАВРОЛЕН""";;COM04042400166 (Лот 1);;;;;https://www.roseltorg.ru/procedure/COM04042400166/1
2624022320;"ООО ""СТАВРОЛЕН""";;Товары в соответствии со Спецификацией 1;;;;;https://www.roseltorg.ru/procedure/COM12022400063/1
2624022320;"ООО ""СТАВРОЛЕН""";;COM12022400063 (Лот 1);;;;;https://www.roseltorg.ru/procedure/COM12022400063/1
2624022320;"ООО ""СТАВРОЛЕН""";;Товары в соответствии со Спецификацией 1;;;;;https://www.roseltorg.ru/procedure/COM25012400115/1
2624022320;"ООО ""СТАВРОЛЕН""";;COM25012400115 (Лот 1);;;;;https://www.roseltorg.ru/procedure/COM25012400115/1
2624022320;"ООО ""СТАВРОЛЕН""";;Магнитный сепаратор Dn200 c КОФ согласно ТЗ - 4шт Магнитный сепаратор Dn300 c КОФ согласно ТЗ - 7 шт.;;;;;https://www.roseltorg.ru/procedure/COM15112300034/1
2624022320;"ООО ""СТАВРОЛЕН""";;COM15112300034 (Лот 1);;;;;https://www.roseltorg.ru/procedure/COM15112300034/1
2624022320;"ООО ""СТАВРОЛЕН""";;ООО «Ставролен» планирует проведение экспертизы промышленной безопасности документации на техническое перевооружение опасных производственных объектов (ОПО 1-2 класс опасности), разработанной проектно-конструкторским отделом общества. Документация на экспертизу будет предоставляться на основании пис;;;;;https://www.roseltorg.ru/procedure/COM20052600068/1
2624022320;"ООО ""СТАВРОЛЕН""";;COM20052600068 (Лот 1);;;;;https://www.roseltorg.ru/procedure/COM20052600068/1
2624022320;"ООО ""СТАВРОЛЕН""";;хоз. товары;;;;;https://www.roseltorg.ru/procedure/COM04062400113/1
2624022320;"ООО ""СТАВРОЛЕН""";;COM04062400113 (Лот 1);;;;;https://www.roseltorg.ru/procedure/COM04062400113/1
2624022320;"ООО ""СТАВРОЛЕН""";;Экспертиза промышленной безопасности документации на техническое перевооружение опасных производственных объектов (ОПО 1-2 класс опасности);;;;;https://www.roseltorg.ru/procedure/COM12042400025/1
2624022320;"ООО ""СТАВРОЛЕН""";;COM12042400025 (Лот 1);;;;;https://www.roseltorg.ru/procedure/COM12042400025/1
2624022320;"ООО ""СТАВРОЛЕН""";;Поставка трубной продукции на 2024 год;;;;;https://www.roseltorg.ru/procedure/COM11032400051/1
2624022320;"ООО ""СТАВРОЛЕН""";;COM11032400051 (Лот 1);;;;;https://www.roseltorg.ru/procedure/COM11032400051/1
2624022320;"ООО ""СТАВРОЛЕН""";;Поставка деталей трубопровода на 2024 год.;;;;;https://www.roseltorg.ru/procedure/COM06032400106/1
2624022320;"ООО ""СТАВРОЛЕН""";;COM06032400106 (Лот 1);;;;;https://www.roseltorg.ru/procedure/COM06032400106/1
2624022320;"ООО ""СТАВРОЛЕН""";;Закупка фитинга на 2024 год;;;;;https://www.roseltorg.ru/procedure/COM06032400101/1
2624022320;"ООО ""СТАВРОЛЕН""";;COM06032400101 (Лот 1);;;;;https://www.roseltorg.ru/procedure/COM06032400101/1
2624022320;"ООО ""СТАВРОЛЕН""";;фартук к резервуару поз. 4_2, 5_1 согласно ТЗ;;;;;https://www.roseltorg.ru/procedure/COM19022400109/2
2624022320;"ООО ""СТАВРОЛЕН""";;COM19022400109 (Лот 2);;;;;https://www.roseltorg.ru/procedure/COM19022400109/2
2624022320;"ООО ""СТАВРОЛЕН""";;Виброметр согласно опросному листу - 2 шт.;;;;;https://www.roseltorg.ru/procedure/COM13022400151/1
2624022320;"ООО ""СТАВРОЛЕН""";;COM13022400151 (Лот 1);;;;;https://www.roseltorg.ru/procedure/COM13022400151/1
2624022320;"ООО ""СТАВРОЛЕН""";;Закупка фланцев 12 600 lb 09Г2С Тип WN, исполнение RTJ, ASME 16.5 по чертежу;;;;;https://www.roseltorg.ru/procedure/COM06022400055/1
2624022320;"ООО ""СТАВРОЛЕН""";;COM06022400055 (Лот 1);;;;;https://www.roseltorg.ru/procedure/COM06022400055/1
2624022320;"ООО ""СТАВРОЛЕН""";;хоз. товары на 2024 год;;;;;https://www.roseltorg.ru/procedure/COM24012400071/1
2624022320;"ООО ""СТАВРОЛЕН""";;COM24012400071 (Лот 1);;;;;https://www.roseltorg.ru/procedure/COM24012400071/1
2624022320;"ООО ""СТАВРОЛЕН""";;Приобретение запасных частей к малой механизации;;;;;https://www.roseltorg.ru/procedure/COM18012400055/1
2624022320;"ООО ""СТАВРОЛЕН""";;COM18012400055 (Лот 1);;;;;https://www.roseltorg.ru/procedure/COM18012400055/1
2624022320;"ООО ""СТАВРОЛЕН""";;Закупка электрического, пневматического, гидравлического оборудования;;;;;https://www.roseltorg.ru/procedure/COM18012400051/1
2624022320;"ООО ""СТАВРОЛЕН""";;COM18012400051 (Лот 1);;;;;https://www.roseltorg.ru/procedure/COM18012400051/1
2624022320;"ООО ""СТАВРОЛЕН""";;Закупка расходных материалов для электрогазосварочного оборудования;;;;;https://www.roseltorg.ru/procedure/COM18012400031/1
2624022320;"ООО ""СТАВРОЛЕН""";;COM18012400031 (Лот 1);;;;;https://www.roseltorg.ru/procedure/COM18012400031/1
2624022320;"ООО ""СТАВРОЛЕН""";;Закупка запасных частей к малой механизации;;;;;https://www.roseltorg.ru/procedure/COM18012400027/1
2624022320;"ООО ""СТАВРОЛЕН""";;COM18012400027 (Лот 1);;;;;https://www.roseltorg.ru/procedure/COM18012400027/1
2624022320;"ООО ""СТАВРОЛЕН""";;Закупка бытовой и офисной техники;;;;;https://www.roseltorg.ru/procedure/COM18012400019/1
2624022320;"ООО ""СТАВРОЛЕН""";;COM18012400019 (Лот 1);;;;;https://www.roseltorg.ru/procedure/COM18012400019/1
2624022320;"ООО ""СТАВРОЛЕН""";;Закупка трубной продукции;;;;;https://www.roseltorg.ru/procedure/COM15112300081/1
2624022320;"ООО ""СТАВРОЛЕН""";;COM15112300081 (Лот 1);;;;;https://www.roseltorg.ru/procedure/COM15112300081/1
2624022320;"ООО ""СТАВРОЛЕН""";;Закупка огнеупорной продукции;;;;;https://www.roseltorg.ru/procedure/COM14112300014/1
2624022320;"ООО ""СТАВРОЛЕН""";;COM14112300014 (Лот 1);;;;;https://www.roseltorg.ru/procedure/COM14112300014/1
2624022320;"ООО ""СТАВРОЛЕН""";;"Съемка и монтаж фильма о биоразнообразии в зоне влияния ООО ""Ставролен""";;;;;https://www.roseltorg.ru/procedure/COM01112300064/1
2624022320;"ООО ""СТАВРОЛЕН""";;COM01112300064 (Лот 1);;;;;https://www.roseltorg.ru/procedure/COM01112300064/1
2624022320;"ООО ""СТАВРОЛЕН""";;Реализация макулатуры;;;;;https://www.roseltorg.ru/procedure/COM26102300079/1
2624022320;"ООО ""СТАВРОЛЕН""";;COM26102300079 (Лот 1);;;;;https://www.roseltorg.ru/procedure/COM26102300079/1
2624022320;"ООО ""СТАВРОЛЕН""";;Вентиль прямой с наружной и внешней резьбой Ф. Whitey SS20 VM 4-F4 6000 PSI к Пробоотборнику для отбора проб СЖГ и газов под давлением, 2006 г.;;;;;https://www.roseltorg.ru/procedure/COM24102300077/2
2624022320;"ООО ""СТАВРОЛЕН""";;COM24102300077 (Лот 2);;;;;https://www.roseltorg.ru/procedure/COM24102300077/2
2624022320;"ООО ""СТАВРОЛЕН""";;"Инвентаризация биоразнообразия ООО ""Ставролен"".";;;;;https://www.roseltorg.ru/procedure/COM12102300051/1
2624022320;"ООО ""СТАВРОЛЕН""";;COM12102300051 (Лот 1);;;;;https://www.roseltorg.ru/procedure/COM12102300051/1
2624022320;"ООО ""СТАВРОЛЕН""";;Подготовка и печать методических пособий, монографий, палеток, стендов, баннеров на экологическую тематику.;;;;;https://www.roseltorg.ru/procedure/COM12102300051/2
2624022320;"ООО ""СТАВРОЛЕН""";;COM12102300051 (Лот 2);;;;;https://www.roseltorg.ru/procedure/COM12102300051/2
2624022320;"ООО ""СТАВРОЛЕН""";;"Съемка и монтаж фильма о биоразнообразии в зоне влияния ООО ""Ставролен"".";;;;;https://www.roseltorg.ru/procedure/COM12102300051/3
2624022320;"ООО ""СТАВРОЛЕН""";;COM12102300051 (Лот 3);;;;;https://www.roseltorg.ru/procedure/COM12102300051/3
2624022320;"ООО ""СТАВРОЛЕН""";;"1. Инвентаризация биоразнообразия ООО ""Ставролен"". 2. Подготовка и печать методических пособий, монографий, палеток, стендов, баннеров на экологическую тематику. 3. Съемка и монтаж фильма о биоразнообразии в зоне влияния ООО ""Ставролен"".";;;;;https://www.roseltorg.ru/procedure/COM12102300026/1
2624022320;"ООО ""СТАВРОЛЕН""";;COM12102300026 (Лот 1);;;;;https://www.roseltorg.ru/procedure/COM12102300026/1
2624022320;"ООО ""СТАВРОЛЕН""";;Поставка гипохлорит натрия марки А, ГОСТ 11086-76;;;;;https://www.roseltorg.ru/procedure/COM04102300081/1
2624022320;"ООО ""СТАВРОЛЕН""";;COM04102300081 (Лот 1);;;;;https://www.roseltorg.ru/procedure/COM04102300081/1
2624022320;"ООО ""СТАВРОЛЕН""";;Прицеп тракторный не менее 5000 кг согласно ОЛ;;;;;https://www.roseltorg.ru/procedure/COM27072600055/1
2624022320;"ООО ""СТАВРОЛЕН""";;COM27072600055 (Лот 1);;;;;https://www.roseltorg.ru/procedure/COM27072600055/1
2624022320;"ООО ""СТАВРОЛЕН""";;Трактор колесный согласно ОЛ;;;;;https://www.roseltorg.ru/procedure/COM27072600052/1
2624022320;"ООО ""СТАВРОЛЕН""";;COM27072600052 (Лот 1);;;;;https://www.roseltorg.ru/procedure/COM27072600052/1
2624022320;"ООО ""СТАВРОЛЕН""";;Микроавтобус 13+1;;;;;https://www.roseltorg.ru/procedure/COM27072600051/1
2624022320;"ООО ""СТАВРОЛЕН""";;COM27072600051 (Лот 1);;;;;https://www.roseltorg.ru/procedure/COM27072600051/1
2624022320;"ООО ""СТАВРОЛЕН""";;Закупка манометров;;;;;https://www.roseltorg.ru/procedure/COM22072600019/1
2624022320;"ООО ""СТАВРОЛЕН""";;COM22072600019 (Лот 1);;;;;https://www.roseltorg.ru/procedure/COM22072600019/1
2624022320;"ООО ""СТАВРОЛЕН""";;Масло РЕВАЙТ FG 46 или его аналог;;;;;https://www.roseltorg.ru/procedure/COM07072600116/1
2624022320;"ООО ""СТАВРОЛЕН""";;COM07072600116 (Лот 1);;;;;https://www.roseltorg.ru/procedure/COM07072600116/1
2624022320;"ООО ""СТАВРОЛЕН""";;Закупка офисной мебели;;;;;https://www.roseltorg.ru/procedure/COM07072600016/1
2624022320;"ООО ""СТАВРОЛЕН""";;COM07072600016 (Лот 1);;;;;https://www.roseltorg.ru/procedure/COM07072600016/1
2624022320;"ООО ""СТАВРОЛЕН""";;ТМЦ для мобильных огневых групп (МОГ) согласно приложению 1;;;;;https://www.roseltorg.ru/procedure/COM06072600103/1
2624022320;"ООО ""СТАВРОЛЕН""";;COM06072600103 (Лот 1);;;;;https://www.roseltorg.ru/procedure/COM06072600103/1
2624022320;"ООО ""СТАВРОЛЕН""";;Пломба пластиковая ФАСТ 330;;;;;https://www.roseltorg.ru/procedure/COM02072600050/1
2624022320;"ООО ""СТАВРОЛЕН""";;COM02072600050 (Лот 1);;;;;https://www.roseltorg.ru/procedure/COM02072600050/1
2624022320;"ООО ""СТАВРОЛЕН""";;Калий углекислый технический (поташ);;;;;https://www.roseltorg.ru/procedure/COM24062600074/1
2624022320;"ООО ""СТАВРОЛЕН""";;COM24062600074 (Лот 1);;;;;https://www.roseltorg.ru/procedure/COM24062600074/1
2624022320;"ООО ""СТАВРОЛЕН""";;Устройство ЗПУ специализированное;;;;;https://www.roseltorg.ru/procedure/COM24062600070/1
2624022320;"ООО ""СТАВРОЛЕН""";;COM24062600070 (Лот 1);;;;;https://www.roseltorg.ru/procedure/COM24062600070/1
2624022320;"ООО ""СТАВРОЛЕН""";;"Закупка постов сигнализации для нужд ООО &quot;Ставролен&quot;";;;;;https://www.roseltorg.ru/procedure/COM23062600051/1
2624022320;"ООО ""СТАВРОЛЕН""";;COM23062600051 (Лот 1);;;;;https://www.roseltorg.ru/procedure/COM23062600051/1
2624022320;"ООО ""СТАВРОЛЕН""";;закупка теплообменника;;;;;https://www.roseltorg.ru/procedure/COM15062600109/1
2624022320;"ООО ""СТАВРОЛЕН""";;COM15062600109 (Лот 1);;;;;https://www.roseltorg.ru/procedure/COM15062600109/1
2624022320;"ООО ""СТАВРОЛЕН""";;закупка подшипников импортных;;;;;https://www.roseltorg.ru/procedure/COM11062600046/1
2624022320;"ООО ""СТАВРОЛЕН""";;COM11062600046 (Лот 1);;;;;https://www.roseltorg.ru/procedure/COM11062600046/1
2624022320;"ООО ""СТАВРОЛЕН""";;Закупка вспомогательного оборудования;;;;;https://www.roseltorg.ru/procedure/COM10062600067/1
2624022320;"ООО ""СТАВРОЛЕН""";;COM10062600067 (Лот 1);;;;;https://www.roseltorg.ru/procedure/COM10062600067/1
2624022320;"ООО ""СТАВРОЛЕН""";;Для мобильных огневых групп (МОГ);;;;;https://www.roseltorg.ru/procedure/COM10062600020/1
2624022320;"ООО ""СТАВРОЛЕН""";;COM10062600020 (Лот 1);;;;;https://www.roseltorg.ru/procedure/COM10062600020/1
2624022320;"ООО ""СТАВРОЛЕН""";;Закупка травокосилок и расх.мат.;;;;;https://www.roseltorg.ru/procedure/COM09062600063/1
2624022320;"ООО ""СТАВРОЛЕН""";;COM09062600063 (Лот 1);;;;;https://www.roseltorg.ru/procedure/COM09062600063/1
2624022320;"ООО ""СТАВРОЛЕН""";;закупка МГП;;;;;https://www.roseltorg.ru/procedure/COM08062600084/1
2624022320;"ООО ""СТАВРОЛЕН""";;COM08062600084 (Лот 1);;;;;https://www.roseltorg.ru/procedure/COM08062600084/1
2624022320;"ООО ""СТАВРОЛЕН""";;Закупка лабораторного оборудования;;;;;https://www.roseltorg.ru/procedure/COM08062600083/1
2624022320;"ООО ""СТАВРОЛЕН""";;COM08062600083 (Лот 1);;;;;https://www.roseltorg.ru/procedure/COM08062600083/1
2624022320;"ООО ""СТАВРОЛЕН""";;Сварочная продукция;;;;;https://www.roseltorg.ru/procedure/COM05062600117/1
2624022320;"ООО ""СТАВРОЛЕН""";;COM05062600117 (Лот 1);;;;;https://www.roseltorg.ru/procedure/COM05062600117/1
2624022320;"ООО ""СТАВРОЛЕН""";;Огнеупорная продукция;;;;;https://www.roseltorg.ru/procedure/COM05062600107/1
2624022320;"ООО ""СТАВРОЛЕН""";;COM05062600107 (Лот 1);;;;;https://www.roseltorg.ru/procedure/COM05062600107/1
2624022320;"ООО ""СТАВРОЛЕН""";;Импульсный рентгеновский аппарат согласно ОЛ;;;;;https://www.roseltorg.ru/procedure/COM03062600057/1
2624022320;"ООО ""СТАВРОЛЕН""";;COM03062600057 (Лот 1);;;;;https://www.roseltorg.ru/procedure/COM03062600057/1
2624022320;"ООО ""СТАВРОЛЕН""";;"Закупка средств измерения (хоз. нужды) для ООО &quot;Ставролен&quot;.";;;;;https://www.roseltorg.ru/procedure/COM03062600042/1
2624022320;"ООО ""СТАВРОЛЕН""";;COM03062600042 (Лот 1);;;;;https://www.roseltorg.ru/procedure/COM03062600042/1
2624022320;"ООО ""СТАВРОЛЕН""";;Стационарный твердомер согласно ОЛ;;;;;https://www.roseltorg.ru/procedure/COM03062600024/1
2624022320;"ООО ""СТАВРОЛЕН""";;COM03062600024 (Лот 1);;;;;https://www.roseltorg.ru/procedure/COM03062600024/1
2624022320;"ООО ""СТАВРОЛЕН""";;Ультразвуковой дефектоскоп согласно ОЛ;;;;;https://www.roseltorg.ru/procedure/COM03062600023/1
2624022320;"ООО ""СТАВРОЛЕН""";;COM03062600023 (Лот 1);;;;;https://www.roseltorg.ru/procedure/COM03062600023/1
2624022320;"ООО ""СТАВРОЛЕН""";;Закупка сплит-системы во взрывозащищенном исполнении;;;;;https://www.roseltorg.ru/procedure/COM01062600028/1
2624022320;"ООО ""СТАВРОЛЕН""";;COM01062600028 (Лот 1);;;;;https://www.roseltorg.ru/procedure/COM01062600028/1
2624022320;"ООО ""СТАВРОЛЕН""";;трех фазный дизельный генератор мощностью 65квт – в количестве – 1 шт;;;;;https://www.roseltorg.ru/procedure/COM01062600013/1
2624022320;"ООО ""СТАВРОЛЕН""";;COM01062600013 (Лот 1);;;;;https://www.roseltorg.ru/procedure/COM01062600013/1
2624022320;"ООО ""СТАВРОЛЕН""";;"Закупка запасных частей для нужд ООО &quot;Ставролен&quot;";;;;;https://www.roseltorg.ru/procedure/COM01062600011/1
2624022320;"ООО ""СТАВРОЛЕН""";;COM01062600011 (Лот 1);;;;;https://www.roseltorg.ru/procedure/COM01062600011/1
2624022320;"ООО ""СТАВРОЛЕН""";;"Закупка запасных частей для нужд ООО &quot;Ставролен&quot;";;;;;https://www.roseltorg.ru/procedure/COM01062600011/2
2624022320;"ООО ""СТАВРОЛЕН""";;COM01062600011 (Лот 2);;;;;https://www.roseltorg.ru/procedure/COM01062600011/2
2624022320;"ООО ""СТАВРОЛЕН""";;Закупка ротаметров п. FI-1283, FIRCA-1255, FRCA-3272;;;;;https://www.roseltorg.ru/procedure/COM26052600045/1
2624022320;"ООО ""СТАВРОЛЕН""";;COM26052600045 (Лот 1);;;;;https://www.roseltorg.ru/procedure/COM26052600045/1
2624022320;"ООО ""СТАВРОЛЕН""";;Закупка стальных листов;;;;;https://www.roseltorg.ru/procedure/COM22052600118/1
2624022320;"ООО ""СТАВРОЛЕН""";;COM22052600118 (Лот 1);;;;;https://www.roseltorg.ru/procedure/COM22052600118/1
2624022320;"ООО ""СТАВРОЛЕН""";;Закупка кухонной мебели;;;;;https://www.roseltorg.ru/procedure/COM20052600097/1
2624022320;"ООО ""СТАВРОЛЕН""";;COM20052600097 (Лот 1);;;;;https://www.roseltorg.ru/procedure/COM20052600097/1
2624022320;"ООО ""СТАВРОЛЕН""";;Закупка кулеров для воды;;;;;https://www.roseltorg.ru/procedure/COM19052600150/1
2624022320;"ООО ""СТАВРОЛЕН""";;COM19052600150 (Лот 1);;;;;https://www.roseltorg.ru/procedure/COM19052600150/1
2624022320;"ООО ""СТАВРОЛЕН""";;закупка затворов;;;;;https://www.roseltorg.ru/procedure/COM19052600044/1
2624022320;"ООО ""СТАВРОЛЕН""";;COM19052600044 (Лот 1);;;;;https://www.roseltorg.ru/procedure/COM19052600044/1
2624022320;"ООО ""СТАВРОЛЕН""";;Комплекс цифровой радиографии согласно ОЛ;;;;;https://www.roseltorg.ru/procedure/COM18052600056/1
2624022320;"ООО ""СТАВРОЛЕН""";;COM18052600056 (Лот 1);;;;;https://www.roseltorg.ru/procedure/COM18052600056/1
2624022320;"ООО ""СТАВРОЛЕН""";;Новогодние подарки;;;;;https://www.roseltorg.ru/procedure/COM15052600169/1
2624022320;"ООО ""СТАВРОЛЕН""";;COM15052600169 (Лот 1);;;;;https://www.roseltorg.ru/procedure/COM15052600169/1
2624022320;"ООО ""СТАВРОЛЕН""";;закупка насоса;;;;;https://www.roseltorg.ru/procedure/COM15052600055/1
2624022320;"ООО ""СТАВРОЛЕН""";;COM15052600055 (Лот 1);;;;;https://www.roseltorg.ru/procedure/COM15052600055/1
2624022320;"ООО ""СТАВРОЛЕН""";;закупка регулятора;;;;;https://www.roseltorg.ru/procedure/COM06052600175/1
2624022320;"ООО ""СТАВРОЛЕН""";;COM06052600175 (Лот 1);;;;;https://www.roseltorg.ru/procedure/COM06052600175/1
2624022320;"ООО ""СТАВРОЛЕН""";;закупка турбины;;;;;https://www.roseltorg.ru/procedure/COM06052600146/1
2624022320;"ООО ""СТАВРОЛЕН""";;COM06052600146 (Лот 1);;;;;https://www.roseltorg.ru/procedure/COM06052600146/1
2624022320;"ООО ""СТАВРОЛЕН""";;приобретение «Металлоценовый линейный полиэтилен низкой плотности (mLLDPE) марки Daelim XP9200EN, его аналог»;;;;;https://www.roseltorg.ru/procedure/COM05052600065/1
2624022320;"ООО ""СТАВРОЛЕН""";;COM05052600065 (Лот 1);;;;;https://www.roseltorg.ru/procedure/COM05052600065/1
2624022320;"ООО ""СТАВРОЛЕН""";;"Бакцид ТУ 2484-010-05744685-96 в количестве 1 000 кг; диаммонийфосфат м. Б ГОСТ 8515-75 в количестве 20 000 кг и карбамид ГОСТ 2081-2010 в количестве 5 000 кг";;;;;https://www.roseltorg.ru/procedure/COM05052600061/1
2624022320;"ООО ""СТАВРОЛЕН""";;COM05052600061 (Лот 1);;;;;https://www.roseltorg.ru/procedure/COM05052600061/1
2624022320;"ООО ""СТАВРОЛЕН""";;пенообразователь ПО-6ТС марки А;;;;;https://www.roseltorg.ru/procedure/COM05052600058/1
2624022320;"ООО ""СТАВРОЛЕН""";;COM05052600058 (Лот 1);;;;;https://www.roseltorg.ru/procedure/COM05052600058/1
2624022320;"ООО ""СТАВРОЛЕН""";;Светотехника;;;;;https://www.roseltorg.ru/procedure/COM05052600055/1
2624022320;"ООО ""СТАВРОЛЕН""";;COM05052600055 (Лот 1);;;;;https://www.roseltorg.ru/procedure/COM05052600055/1
2624022320;"ООО ""СТАВРОЛЕН""";;Бельтинг БФ-БД, арт.2030/110 ГОСТ 332-91 в количестве - 595 м.;;;;;https://www.roseltorg.ru/procedure/COM05052600054/1
2624022320;"ООО ""СТАВРОЛЕН""";;COM05052600054 (Лот 1);;;;;https://www.roseltorg.ru/procedure/COM05052600054/1
2624022320;"ООО ""СТАВРОЛЕН""";;закупка насоса;;;;;https://www.roseltorg.ru/procedure/COM04052600070/1
2624022320;"ООО ""СТАВРОЛЕН""";;COM04052600070 (Лот 1);;;;;https://www.roseltorg.ru/procedure/COM04052600070/1
2624022320;"ООО ""СТАВРОЛЕН""";;Масла, смазки и смазочные материалы;;;;;https://www.roseltorg.ru/procedure/COM04052600052/1
2624022320;"ООО ""СТАВРОЛЕН""";;COM04052600052 (Лот 1);;;;;https://www.roseltorg.ru/procedure/COM04052600052/1
2624022320;"ООО ""СТАВРОЛЕН""";;закупка колец;;;;;https://www.roseltorg.ru/procedure/COM04052600017/1
2624022320;"ООО ""СТАВРОЛЕН""";;COM04052600017 (Лот 1);;;;;https://www.roseltorg.ru/procedure/COM04052600017/1
2624022320;"ООО ""СТАВРОЛЕН""";;Аккумуляторы;;;;;https://www.roseltorg.ru/procedure/COM30042600021/1
2624022320;"ООО ""СТАВРОЛЕН""";;COM30042600021 (Лот 1);;;;;https://www.roseltorg.ru/procedure/COM30042600021/1
2624022320;"ООО ""СТАВРОЛЕН""";;Воздухонагреватели, калориферы;;;;;https://www.roseltorg.ru/procedure/COM30042600020/1
2624022320;"ООО ""СТАВРОЛЕН""";;COM30042600020 (Лот 1);;;;;https://www.roseltorg.ru/procedure/COM30042600020/1
2624022320;"ООО ""СТАВРОЛЕН""";;Доска хвойная 50х150х6000мм 2-й сорт ГОСТ 8486-86 – в количестве – 210м3;;;;;https://www.roseltorg.ru/procedure/COM30042600018/1
2624022320;"ООО ""СТАВРОЛЕН""";;COM30042600018 (Лот 1);;;;;https://www.roseltorg.ru/procedure/COM30042600018/1
2624022320;"ООО ""СТАВРОЛЕН""";;Закупка запасных частей DRAGER;;;;;https://www.roseltorg.ru/procedure/COM29042600095/1
2624022320;"ООО ""СТАВРОЛЕН""";;COM29042600095 (Лот 1);;;;;https://www.roseltorg.ru/procedure/COM29042600095/1
2624022320;"ООО ""СТАВРОЛЕН""";;закупка набивок;;;;;https://www.roseltorg.ru/procedure/COM29042600094/1
2624022320;"ООО ""СТАВРОЛЕН""";;COM29042600094 (Лот 1);;;;;https://www.roseltorg.ru/procedure/COM29042600094/1
2624022320;"ООО ""СТАВРОЛЕН""";;заявка на ЗИП к печам;;;;;https://www.roseltorg.ru/procedure/COM29042600071/1
2624022320;"ООО ""СТАВРОЛЕН""";;COM29042600071 (Лот 1);;;;;https://www.roseltorg.ru/procedure/COM29042600071/1
2624022320;"ООО ""СТАВРОЛЕН""";;закупка з.ч. WITTEY Machinary;;;;;https://www.roseltorg.ru/procedure/COM29042600064/1
2624022320;"ООО ""СТАВРОЛЕН""";;COM29042600064 (Лот 1);;;;;https://www.roseltorg.ru/procedure/COM29042600064/1
2624022320;"ООО ""СТАВРОЛЕН""";;закупка з.ч. к компрессорам;;;;;https://www.roseltorg.ru/procedure/COM29042600004/1
2624022320;"ООО ""СТАВРОЛЕН""";;COM29042600004 (Лот 1);;;;;https://www.roseltorg.ru/procedure/COM29042600004/1
2624022320;"ООО ""СТАВРОЛЕН""";;закупка з.ч. Rotex;;;;;https://www.roseltorg.ru/procedure/COM28042600003/1
2624022320;"ООО ""СТАВРОЛЕН""";;COM28042600003 (Лот 1);;;;;https://www.roseltorg.ru/procedure/COM28042600003/1
2624022320;"ООО ""СТАВРОЛЕН""";;закупка з.ч. SWECO;;;;;https://www.roseltorg.ru/procedure/COM27042600184/1
2624022320;"ООО ""СТАВРОЛЕН""";;COM27042600184 (Лот 1);;;;;https://www.roseltorg.ru/procedure/COM27042600184/1
2624022320;"ООО ""СТАВРОЛЕН""";;закупка кранов;;;;;https://www.roseltorg.ru/procedure/COM27042600139/1
2624022320;"ООО ""СТАВРОЛЕН""";;COM27042600139 (Лот 1);;;;;https://www.roseltorg.ru/procedure/COM27042600139/1
2624022320;"ООО ""СТАВРОЛЕН""";;Закупка сплит-систем с установкой.;;;;;https://www.roseltorg.ru/procedure/COM27042600079/1
2624022320;"ООО ""СТАВРОЛЕН""";;COM27042600079 (Лот 1);;;;;https://www.roseltorg.ru/procedure/COM27042600079/1
2624022320;"ООО ""СТАВРОЛЕН""";;Тара транспортная (биг бэг и канистры алюминиевые);;;;;https://www.roseltorg.ru/procedure/COM22042600100/1
2624022320;"ООО ""СТАВРОЛЕН""";;COM22042600100 (Лот 1);;;;;https://www.roseltorg.ru/procedure/COM22042600100/1
2624022320;"ООО ""СТАВРОЛЕН""";;проведение ШМР и ПНР;;;;;https://www.roseltorg.ru/procedure/COM10042600068/1
2624022320;"ООО ""СТАВРОЛЕН""";;COM10042600068 (Лот 1);;;;;https://www.roseltorg.ru/procedure/COM10042600068/1
2624022320;"ООО ""СТАВРОЛЕН""";;закупка редуктора;;;;;https://www.roseltorg.ru/procedure/COM10042600005/1
2624022320;"ООО ""СТАВРОЛЕН""";;COM10042600005 (Лот 1);;;;;https://www.roseltorg.ru/procedure/COM10042600005/1
2624022320;"ООО ""СТАВРОЛЕН""";;закупка компрессорного блока;;;;;https://www.roseltorg.ru/procedure/COM10042600004/1
2624022320;"ООО ""СТАВРОЛЕН""";;COM10042600004 (Лот 1);;;;;https://www.roseltorg.ru/procedure/COM10042600004/1
2624022320;"ООО ""СТАВРОЛЕН""";;Изготовление плакатов, знаков безопасности и типографической продукции по ОТ.;;;;;https://www.roseltorg.ru/procedure/COM07042600038/1
2624022320;"ООО ""СТАВРОЛЕН""";;COM07042600038 (Лот 1);;;;;https://www.roseltorg.ru/procedure/COM07042600038/1
2624022320;"ООО ""СТАВРОЛЕН""";;Лакокрасочные материалы;;;;;https://www.roseltorg.ru/procedure/COM07042600093/1
2624022320;"ООО ""СТАВРОЛЕН""";;COM07042600093 (Лот 1);;;;;https://www.roseltorg.ru/procedure/COM07042600093/1
2624022320;"ООО ""СТАВРОЛЕН""";;закупка шкафа LS-21-80;;;;;https://www.roseltorg.ru/procedure/COM18122400110/1
2624022320;"ООО ""СТАВРОЛЕН""";;COM18122400110 (Лот 1);;;;;https://www.roseltorg.ru/procedure/COM18122400110/1
2624022320;"ООО ""СТАВРОЛЕН""";;Закупка ТМЦ для ОТН;;;;;https://www.roseltorg.ru/procedure/COM18122400006/1
2624022320;"ООО ""СТАВРОЛЕН""";;COM18122400006 (Лот 1);;;;;https://www.roseltorg.ru/procedure/COM18122400006/1
2624022320;"ООО ""СТАВРОЛЕН""";;Закупка ТМЦ для ОТН;;;;;https://www.roseltorg.ru/procedure/COM18122400006/2
2624022320;"ООО ""СТАВРОЛЕН""";;COM18122400006 (Лот 2);;;;;https://www.roseltorg.ru/procedure/COM18122400006/2
2624022320;"ООО ""СТАВРОЛЕН""";;Поставка мебели офисной;;;;;https://www.roseltorg.ru/procedure/COM16122400069/1
2624022320;"ООО ""СТАВРОЛЕН""";;COM16122400069 (Лот 1);;;;;https://www.roseltorg.ru/procedure/COM16122400069/1
2624022320;"ООО ""СТАВРОЛЕН""";;Лабораторная мебель;;;;;https://www.roseltorg.ru/procedure/COM16122400039/1
2624022320;"ООО ""СТАВРОЛЕН""";;COM16122400039 (Лот 1);;;;;https://www.roseltorg.ru/procedure/COM16122400039/1
2624022320;"ООО ""СТАВРОЛЕН""";;закупка мотор-редуктора;;;;;https://www.roseltorg.ru/procedure/COM10122400017/1
2624022320;"ООО ""СТАВРОЛЕН""";;COM10122400017 (Лот 1);;;;;https://www.roseltorg.ru/procedure/COM10122400017/1
2624022320;"ООО ""СТАВРОЛЕН""";;"Поставка ""Присадка Агидол-1 технический марка А""";;;;;https://www.roseltorg.ru/procedure/COM07122400004/1
2624022320;"ООО ""СТАВРОЛЕН""";;COM07122400004 (Лот 1);;;;;https://www.roseltorg.ru/procedure/COM07122400004/1
2624022320;"ООО ""СТАВРОЛЕН""";;Натрий металлический согласно технического задания;;;;;https://www.roseltorg.ru/procedure/COM07122400003/1
2624022320;"ООО ""СТАВРОЛЕН""";;COM07122400003 (Лот 1);;;;;https://www.roseltorg.ru/procedure/COM07122400003/1
2624022320;"ООО ""СТАВРОЛЕН""";;Соль пищевая/техническая согласно технического задания;;;;;https://www.roseltorg.ru/procedure/COM07122400002/1
2624022320;"ООО ""СТАВРОЛЕН""";;COM07122400002 (Лот 1);;;;;https://www.roseltorg.ru/procedure/COM07122400002/1
2624022320;"ООО ""СТАВРОЛЕН""";;Поставка коагулянта Аква-Аурат 10;;;;;https://www.roseltorg.ru/procedure/COM07122400001/1
2624022320;"ООО ""СТАВРОЛЕН""";;COM07122400001 (Лот 1);;;;;https://www.roseltorg.ru/procedure/COM07122400001/1
2624022320;"ООО ""СТАВРОЛЕН""";;закупка втулок к муфте дымососа;;;;;https://www.roseltorg.ru/procedure/COM06122400002/1
2624022320;"ООО ""СТАВРОЛЕН""";;COM06122400002 (Лот 1);;;;;https://www.roseltorg.ru/procedure/COM06122400002/1
2624022320;"ООО ""СТАВРОЛЕН""";;Модифицирующая добавка Nexamite A48;;;;;https://www.roseltorg.ru/procedure/COM04122400081/1
2624022320;"ООО ""СТАВРОЛЕН""";;COM04122400081 (Лот 1);;;;;https://www.roseltorg.ru/procedure/COM04122400081/1
2624022320;"ООО ""СТАВРОЛЕН""";;Запрос предложений канцелярские товары;;;;;https://www.roseltorg.ru/procedure/COM29112400154/1
2624022320;"ООО ""СТАВРОЛЕН""";;COM29112400154 (Лот 1);;;;;https://www.roseltorg.ru/procedure/COM29112400154/1
2624022320;"ООО ""СТАВРОЛЕН""";;Всенаправленный детектор дронов Талисман ДС-3000;;;;;https://www.roseltorg.ru/procedure/COM29112400085/1
2624022320;"ООО ""СТАВРОЛЕН""";;COM29112400085 (Лот 1);;;;;https://www.roseltorg.ru/procedure/COM29112400085/1
2624022320;"ООО ""СТАВРОЛЕН""";;Реактив алюминий сернокислый, 18 водный, ГОСТ 3758;;;;;https://www.roseltorg.ru/procedure/COM29112400011/1
2624022320;"ООО ""СТАВРОЛЕН""";;COM29112400011 (Лот 1);;;;;https://www.roseltorg.ru/procedure/COM29112400011/1
2624022320;"ООО ""СТАВРОЛЕН""";;Клей для фиксации упаковки ФИКСПАК;;;;;https://www.roseltorg.ru/procedure/COM25112400048/1
2624022320;"ООО ""СТАВРОЛЕН""";;COM25112400048 (Лот 1);;;;;https://www.roseltorg.ru/procedure/COM25112400048/1
2624022320;"ООО ""СТАВРОЛЕН""";;Суперконцентрат «БАСКО» снежно-белый или его аналог;;;;;https://www.roseltorg.ru/procedure/COM22112400144/1
2624022320;"ООО ""СТАВРОЛЕН""";;COM22112400144 (Лот 1);;;;;https://www.roseltorg.ru/procedure/COM22112400144/1
2624022320;"ООО ""СТАВРОЛЕН""";;Поставка лабораторного оборудования;;;;;https://www.roseltorg.ru/procedure/COM20112400107/1
2624022320;"ООО ""СТАВРОЛЕН""";;COM20112400107 (Лот 1);;;;;https://www.roseltorg.ru/procedure/COM20112400107/1
2624022320;"ООО ""СТАВРОЛЕН""";;Дициклопентадиен марки А и Б (ДЦПБ) ТУ 2416-024-05766801-94 согласно технического задания;;;;;https://www.roseltorg.ru/procedure/COM15112400056/1
2624022320;"ООО ""СТАВРОЛЕН""";;COM15112400056 (Лот 1);;;;;https://www.roseltorg.ru/procedure/COM15112400056/1
2624022320;"ООО ""СТАВРОЛЕН""";;Поставка стеарата цинка согласно технического задания;;;;;https://www.roseltorg.ru/procedure/COM14112400018/1
2624022320;"ООО ""СТАВРОЛЕН""";;COM14112400018 (Лот 1);;;;;https://www.roseltorg.ru/procedure/COM14112400018/1
2624022320;"ООО ""СТАВРОЛЕН""";;Мешок полипропиленовый ламинированный коробчатого типа без перфорации;;;;;https://www.roseltorg.ru/procedure/COM05112400051/1
2624022320;"ООО ""СТАВРОЛЕН""";;COM05112400051 (Лот 1);;;;;https://www.roseltorg.ru/procedure/COM05112400051/1
2624022320;"ООО ""СТАВРОЛЕН""";;Трифенилсиланол;;;;;https://www.roseltorg.ru/procedure/COM05112400027/1
2624022320;"ООО ""СТАВРОЛЕН""";;COM05112400027 (Лот 1);;;;;https://www.roseltorg.ru/procedure/COM05112400027/1
2624022320;"ООО ""СТАВРОЛЕН""";;Стеарат кальция на 2024 год;;;;;https://www.roseltorg.ru/procedure/COM05112400020/1
2624022320;"ООО ""СТАВРОЛЕН""";;COM05112400020 (Лот 1);;;;;https://www.roseltorg.ru/procedure/COM05112400020/1
2624022320;"ООО ""СТАВРОЛЕН""";;лот №1 инструмент прочий режущий;;;;;https://www.roseltorg.ru/procedure/COM23102400065/1
2624022320;"ООО ""СТАВРОЛЕН""";;COM23102400065 (Лот 1);;;;;https://www.roseltorg.ru/procedure/COM23102400065/1
2624022320;"ООО ""СТАВРОЛЕН""";;лот №2 инструмент осевой;;;;;https://www.roseltorg.ru/procedure/COM23102400065/2
2624022320;"ООО ""СТАВРОЛЕН""";;COM23102400065 (Лот 2);;;;;https://www.roseltorg.ru/procedure/COM23102400065/2
2624022320;"ООО ""СТАВРОЛЕН""";;лот №3 резцы и фрезы для станков;;;;;https://www.roseltorg.ru/procedure/COM23102400065/3
2624022320;"ООО ""СТАВРОЛЕН""";;COM23102400065 (Лот 3);;;;;https://www.roseltorg.ru/procedure/COM23102400065/3
2624022320;"ООО ""СТАВРОЛЕН""";;лот №4 резьбовой инструмент;;;;;https://www.roseltorg.ru/procedure/COM23102400065/4
2624022320;"ООО ""СТАВРОЛЕН""";;COM23102400065 (Лот 4);;;;;https://www.roseltorg.ru/procedure/COM23102400065/4
2624022320;"ООО ""СТАВРОЛЕН""";;поставка сувенирной продукции;;;;;https://www.roseltorg.ru/procedure/COM22102400116/1
2624022320;"ООО ""СТАВРОЛЕН""";;COM22102400116 (Лот 1);;;;;https://www.roseltorg.ru/procedure/COM22102400116/1
2624022320;"ООО ""СТАВРОЛЕН""";;Поставка модулей пожаротушения 1МП(60-100-50) заряженный хладоном 125ХП с ИГ-3, с устройством электропуска УП-ЗМ;;;;;https://www.roseltorg.ru/procedure/COM21102400124/1
2624022320;"ООО ""СТАВРОЛЕН""";;COM21102400124 (Лот 1);;;;;https://www.roseltorg.ru/procedure/COM21102400124/1
2624022320;"ООО ""СТАВРОЛЕН""";;Цифровой мегаомметр;;;;;https://www.roseltorg.ru/procedure/COM21102400046/1
2624022320;"ООО ""СТАВРОЛЕН""";;COM21102400046 (Лот 1);;;;;https://www.roseltorg.ru/procedure/COM21102400046/1
2624022320;"ООО ""СТАВРОЛЕН""";;Мультиметр электронный;;;;;https://www.roseltorg.ru/procedure/COM21102400046/2
2624022320;"ООО ""СТАВРОЛЕН""";;COM21102400046 (Лот 2);;;;;https://www.roseltorg.ru/procedure/COM21102400046/2
2624022320;"ООО ""СТАВРОЛЕН""";;Поставка мотор-редуктора в соответствии с ОЛ;;;;;https://www.roseltorg.ru/procedure/COM21102400023/1
2624022320;"ООО ""СТАВРОЛЕН""";;COM21102400023 (Лот 1);;;;;https://www.roseltorg.ru/procedure/COM21102400023/1
2624022320;"ООО ""СТАВРОЛЕН""";;поставка металлорежущего инструмента.;;;;;https://www.roseltorg.ru/procedure/COM21102400011/1
2624022320;"ООО ""СТАВРОЛЕН""";;COM21102400011 (Лот 1);;;;;https://www.roseltorg.ru/procedure/COM21102400011/1
2624022320;"ООО ""СТАВРОЛЕН""";;Картон гофрированный трехслойный (размер листа 1200х1000мм) ГОСТ Р52901-2007;;;;;https://www.roseltorg.ru/procedure/COM16102400125/1
2624022320;"ООО ""СТАВРОЛЕН""";;COM16102400125 (Лот 1);;;;;https://www.roseltorg.ru/procedure/COM16102400125/1
2624022320;"ООО ""СТАВРОЛЕН""";;оказание услуг по сбору, транспортировке и утилизации отходов 3-4 классов опасности, согласно Приложению №1.;;;;;https://www.roseltorg.ru/procedure/COM10102400090/1
2624022320;"ООО ""СТАВРОЛЕН""";;COM10102400090 (Лот 1);;;;;https://www.roseltorg.ru/procedure/COM10102400090/1
2624022320;"ООО ""СТАВРОЛЕН""";;Резинотехнические изделия;;;;;https://www.roseltorg.ru/procedure/COM11102400106/1
2624022320;"ООО ""СТАВРОЛЕН""";;COM11102400106 (Лот 1);;;;;https://www.roseltorg.ru/procedure/COM11102400106/1
2624022320;"ООО ""СТАВРОЛЕН""";;Поставка воздухонагревателей;;;;;https://www.roseltorg.ru/procedure/COM10102400092/1
2624022320;"ООО ""СТАВРОЛЕН""";;COM10102400092 (Лот 1);;;;;https://www.roseltorg.ru/procedure/COM10102400092/1
2624022320;"ООО ""СТАВРОЛЕН""";;Клейкая лента упаковочная 48мм х 100м, прозрачная , толщина 45 микрон, BRAUBERG, арт. 221109;;;;;https://www.roseltorg.ru/procedure/COM10102400057/1
2624022320;"ООО ""СТАВРОЛЕН""";;COM10102400057 (Лот 1);;;;;https://www.roseltorg.ru/procedure/COM10102400057/1
2624022320;"ООО ""СТАВРОЛЕН""";;Приобретение изоляционного материала;;;;;https://www.roseltorg.ru/procedure/COM04102400009/1
2624022320;"ООО ""СТАВРОЛЕН""";;COM04102400009 (Лот 1);;;;;https://www.roseltorg.ru/procedure/COM04102400009/1
2624022320;"ООО ""СТАВРОЛЕН""";;Приобретение вихревые расходомеров, датчиков давления и температуры, измерительный элемент расхода;;;;;https://www.roseltorg.ru/procedure/COM04102400008/1
2624022320;"ООО ""СТАВРОЛЕН""";;COM04102400008 (Лот 1);;;;;https://www.roseltorg.ru/procedure/COM04102400008/1
2624022320;"ООО ""СТАВРОЛЕН""";;поставка специальных клеев, мастики;;;;;https://www.roseltorg.ru/procedure/COM30092400129/1
2624022320;"ООО ""СТАВРОЛЕН""";;COM30092400129 (Лот 1);;;;;https://www.roseltorg.ru/procedure/COM30092400129/1
2624022320;"ООО ""СТАВРОЛЕН""";;приобретение фильтрующих элементов;;;;;https://www.roseltorg.ru/procedure/COM30092400046/1
2624022320;"ООО ""СТАВРОЛЕН""";;COM30092400046 (Лот 1);;;;;https://www.roseltorg.ru/procedure/COM30092400046/1
2624022320;"ООО ""СТАВРОЛЕН""";;приобретение травокосилок;;;;;https://www.roseltorg.ru/procedure/COM26092400115/1
2624022320;"ООО ""СТАВРОЛЕН""";;COM26092400115 (Лот 1);;;;;https://www.roseltorg.ru/procedure/COM26092400115/1
2624022320;"ООО ""СТАВРОЛЕН""";;закупка фторопластовых изделий;;;;;https://www.roseltorg.ru/procedure/COM20092400084/1
2624022320;"ООО ""СТАВРОЛЕН""";;COM20092400084 (Лот 1);;;;;https://www.roseltorg.ru/procedure/COM20092400084/1
2624022320;"ООО ""СТАВРОЛЕН""";;Материалы для лаборатории согласно приложению №1;;;;;https://www.roseltorg.ru/procedure/COM18092400089/1
2624022320;"ООО ""СТАВРОЛЕН""";;COM18092400089 (Лот 1);;;;;https://www.roseltorg.ru/procedure/COM18092400089/1
2624022320;"ООО ""СТАВРОЛЕН""";;Поставка электроустановочных товаров и изделий;;;;;https://www.roseltorg.ru/procedure/COM18092400044/1
2624022320;"ООО ""СТАВРОЛЕН""";;COM18092400044 (Лот 1);;;;;https://www.roseltorg.ru/procedure/COM18092400044/1
2624022320;"ООО ""СТАВРОЛЕН""";;Пеногаситель (типа Пента-461 или его аналог);;;;;https://www.roseltorg.ru/procedure/COM18092400037/1
2624022320;"ООО ""СТАВРОЛЕН""";;COM18092400037 (Лот 1);;;;;https://www.roseltorg.ru/procedure/COM18092400037/1
2624022320;"ООО ""СТАВРОЛЕН""";;Эфир этиловый уксусной кислоты технический марка А высший сорт ГОСТ 8981-78;;;;;https://www.roseltorg.ru/procedure/COM18092400033/1
2624022320;"ООО ""СТАВРОЛЕН""";;COM18092400033 (Лот 1);;;;;https://www.roseltorg.ru/procedure/COM18092400033/1
2624022320;"ООО ""СТАВРОЛЕН""";;Станок вертикальный ленточно-пильный;;;;;https://www.roseltorg.ru/procedure/COM12092400069/1
2624022320;"ООО ""СТАВРОЛЕН""";;COM12092400069 (Лот 1);;;;;https://www.roseltorg.ru/procedure/COM12092400069/1
2624022320;"ООО ""СТАВРОЛЕН""";;Поставка калориферов;;;;;https://www.roseltorg.ru/procedure/COM12092400057/1
2624022320;"ООО ""СТАВРОЛЕН""";;COM12092400057 (Лот 1);;;;;https://www.roseltorg.ru/procedure/COM12092400057/1
2624022320;"ООО ""СТАВРОЛЕН""";;Поставка редукторов;;;;;https://www.roseltorg.ru/procedure/COM12092400034/1
2624022320;"ООО ""СТАВРОЛЕН""";;COM12092400034 (Лот 1);;;;;https://www.roseltorg.ru/procedure/COM12092400034/1
2624022320;"ООО ""СТАВРОЛЕН""";;Поставка ротаметров согласно ОЛ;;;;;https://www.roseltorg.ru/procedure/COM11092400107/1
2624022320;"ООО ""СТАВРОЛЕН""";;COM11092400107 (Лот 1);;;;;https://www.roseltorg.ru/procedure/COM11092400107/1
2624022320;"ООО ""СТАВРОЛЕН""";;Поставка запасных частей к вентагрегатам;;;;;https://www.roseltorg.ru/procedure/COM11092400028/1
2624022320;"ООО ""СТАВРОЛЕН""";;COM11092400028 (Лот 1);;;;;https://www.roseltorg.ru/procedure/COM11092400028/1
2624022320;"ООО ""СТАВРОЛЕН""";;приобретение комплектов уплотнений;;;;;https://www.roseltorg.ru/procedure/COM11092400010/1
2624022320;"ООО ""СТАВРОЛЕН""";;COM11092400010 (Лот 1);;;;;https://www.roseltorg.ru/procedure/COM11092400010/1
2624022320;"ООО ""СТАВРОЛЕН""";;приобретение фильтра и графитовой ленты;;;;;https://www.roseltorg.ru/procedure/COM11092400006/1
2624022320;"ООО ""СТАВРОЛЕН""";;COM11092400006 (Лот 1);;;;;https://www.roseltorg.ru/procedure/COM11092400006/1
2624022320;"ООО ""СТАВРОЛЕН""";;Поставка колеса рабочего вентилятора Унивент;;;;;https://www.roseltorg.ru/procedure/COM10092400206/1
2624022320;"ООО ""СТАВРОЛЕН""";;COM10092400206 (Лот 1);;;;;https://www.roseltorg.ru/procedure/COM10092400206/1
2624022320;"ООО ""СТАВРОЛЕН""";;Краска флексографская черная и красная;;;;;https://www.roseltorg.ru/procedure/COM10092400143/1
2624022320;"ООО ""СТАВРОЛЕН""";;COM10092400143 (Лот 1);;;;;https://www.roseltorg.ru/procedure/COM10092400143/1
2624022320;"ООО ""СТАВРОЛЕН""";;Еврокуб-1000л. (без обрешетки, без поддона);;;;;https://www.roseltorg.ru/procedure/COM10092400041/1
2624022320;"ООО ""СТАВРОЛЕН""";;COM10092400041 (Лот 1);;;;;https://www.roseltorg.ru/procedure/COM10092400041/1
2624022320;"ООО ""СТАВРОЛЕН""";;Поставка манометров/термометров;;;;;https://www.roseltorg.ru/procedure/COM10092400033/1
2624022320;"ООО ""СТАВРОЛЕН""";;COM10092400033 (Лот 1);;;;;https://www.roseltorg.ru/procedure/COM10092400033/1
2624022320;"ООО ""СТАВРОЛЕН""";;Оптический отбеливатель для полиэтилена согласно Технического задания.;;;;;https://www.roseltorg.ru/procedure/COM10092400025/1
2624022320;"ООО ""СТАВРОЛЕН""";;COM10092400025 (Лот 1);;;;;https://www.roseltorg.ru/procedure/COM10092400025/1
2624022320;"ООО ""СТАВРОЛЕН""";;Запасные части к сварочному оборудованию;;;;;https://www.roseltorg.ru/procedure/COM06092400084/1
2624022320;"ООО ""СТАВРОЛЕН""";;COM06092400084 (Лот 1);;;;;https://www.roseltorg.ru/procedure/COM06092400084/1
2624022320;"ООО ""СТАВРОЛЕН""";;Дрель пневматическая для чистки труб теплообменников;;;;;https://www.roseltorg.ru/procedure/COM05092400051/1
2624022320;"ООО ""СТАВРОЛЕН""";;COM05092400051 (Лот 1);;;;;https://www.roseltorg.ru/procedure/COM05092400051/1
2624022320;"ООО ""СТАВРОЛЕН""";;поставка москитной сетки и жалюзи;;;;;https://www.roseltorg.ru/procedure/COM05092400011/1
2624022320;"ООО ""СТАВРОЛЕН""";;COM05092400011 (Лот 1);;;;;https://www.roseltorg.ru/procedure/COM05092400011/1
2624022320;"ООО ""СТАВРОЛЕН""";;закупка колес резиновых в сборе, Согласно ТЗ № Р-5366;;;;;https://www.roseltorg.ru/procedure/COM04092400117/1
2624022320;"ООО ""СТАВРОЛЕН""";;COM04092400117 (Лот 1);;;;;https://www.roseltorg.ru/procedure/COM04092400117/1
2624022320;"ООО ""СТАВРОЛЕН""";;"Поставка Кольцо ""Армко""";;;;;https://www.roseltorg.ru/procedure/COM02092400020/1
2624022320;"ООО ""СТАВРОЛЕН""";;COM02092400020 (Лот 1);;;;;https://www.roseltorg.ru/procedure/COM02092400020/1
2624022320;"ООО ""СТАВРОЛЕН""";;поставка редуктора согласно ОЛ к градирне;;;;;https://www.roseltorg.ru/procedure/COM29082400020/1
2624022320;"ООО ""СТАВРОЛЕН""";;COM29082400020 (Лот 1);;;;;https://www.roseltorg.ru/procedure/COM29082400020/1
2624022320;"ООО ""СТАВРОЛЕН""";;Станочная оснастка для ремпроизводства;;;;;https://www.roseltorg.ru/procedure/COM28082400213/1
2624022320;"ООО ""СТАВРОЛЕН""";;COM28082400213 (Лот 1);;;;;https://www.roseltorg.ru/procedure/COM28082400213/1
2624022320;"ООО ""СТАВРОЛЕН""";;ЗИП для Машины для надевания колпачков производства Bocedi SRL;;;;;https://www.roseltorg.ru/procedure/COM28082400207/1
2624022320;"ООО ""СТАВРОЛЕН""";;COM28082400207 (Лот 1);;;;;https://www.roseltorg.ru/procedure/COM28082400207/1
2624022320;"ООО ""СТАВРОЛЕН""";;Поставка фторопластовых изделий;;;;;https://www.roseltorg.ru/procedure/COM28082400166/1
2624022320;"ООО ""СТАВРОЛЕН""";;COM28082400166 (Лот 1);;;;;https://www.roseltorg.ru/procedure/COM28082400166/1
2624022320;"ООО ""СТАВРОЛЕН""";;Металлоценовый линейный полиэтилен низкой плотности mLLDPE марки HP1018 BN корейского производства;;;;;https://www.roseltorg.ru/procedure/COM14082400089/1
2624022320;"ООО ""СТАВРОЛЕН""";;COM14082400089 (Лот 1);;;;;https://www.roseltorg.ru/procedure/COM14082400089/1
2624022320;"ООО ""СТАВРОЛЕН""";;Соль пищевая/техническая согласно технического задания;;;;;https://www.roseltorg.ru/procedure/COM13082400049/1
2624022320;"ООО ""СТАВРОЛЕН""";;COM13082400049 (Лот 1);;;;;https://www.roseltorg.ru/procedure/COM13082400049/1
2624022320;"ООО ""СТАВРОЛЕН""";;оказание услуги по изготовлению печатных природоохранных материалов и печати фотоматериалов;;;;;https://www.roseltorg.ru/procedure/COM12082400058/1
2624022320;"ООО ""СТАВРОЛЕН""";;COM12082400058 (Лот 1);;;;;https://www.roseltorg.ru/procedure/COM12082400058/1
2624022320;"ООО ""СТАВРОЛЕН""";;оказание услуги по изготовлению печатных природоохранных материалов и печати фотоматериалов;;;;;https://www.roseltorg.ru/procedure/COM12082400057/1
2624022320;"ООО ""СТАВРОЛЕН""";;COM12082400057 (Лот 1);;;;;https://www.roseltorg.ru/procedure/COM12082400057/1
2624022320;"ООО ""СТАВРОЛЕН""";;Поставка металлорукавов на 2024;;;;;https://www.roseltorg.ru/procedure/COM05082400043/1
2624022320;"ООО ""СТАВРОЛЕН""";;COM05082400043 (Лот 1);;;;;https://www.roseltorg.ru/procedure/COM05082400043/1
2624022320;"ООО ""СТАВРОЛЕН""";;Приобретение микрометр-толщиномеры;;;;;https://www.roseltorg.ru/procedure/COM04082400002/1
2624022320;"ООО ""СТАВРОЛЕН""";;COM04082400002 (Лот 1);;;;;https://www.roseltorg.ru/procedure/COM04082400002/1
2624022320;"ООО ""СТАВРОЛЕН""";;Приобретение мебели для оснащения профильных кабинетов физики, лаборатории. химии и информатики.;;;;;https://www.roseltorg.ru/procedure/COM04082400001/1
2624022320;"ООО ""СТАВРОЛЕН""";;COM04082400001 (Лот 1);;;;;https://www.roseltorg.ru/procedure/COM04082400001/1
2624022320;"ООО ""СТАВРОЛЕН""";;Приобретение оборудования для оснащения профильных кабинетов физики, лаборатории и химии.;;;;;https://www.roseltorg.ru/procedure/COM04082400001/2
2624022320;"ООО ""СТАВРОЛЕН""";;COM04082400001 (Лот 2);;;;;https://www.roseltorg.ru/procedure/COM04082400001/2
2624022320;"ООО ""СТАВРОЛЕН""";;Закупка клапана предохранительного в рамках РЭН 2024;;;;;https://www.roseltorg.ru/procedure/COM03082400004/1
2624022320;"ООО ""СТАВРОЛЕН""";;COM03082400004 (Лот 1);;;;;https://www.roseltorg.ru/procedure/COM03082400004/1
2624022320;"ООО ""СТАВРОЛЕН""";;Закупка задвижек и клапана предохранительного по ИП Изменение схемы подачи МВФ с Е3001 цеха №2 на ГПУ-1;;;;;https://www.roseltorg.ru/procedure/COM03082400002/1
2624022320;"ООО ""СТАВРОЛЕН""";;COM03082400002 (Лот 1);;;;;https://www.roseltorg.ru/procedure/COM03082400002/1
2624022320;"ООО ""СТАВРОЛЕН""";;охладителя циркуляционного FL-800;;;;;https://www.roseltorg.ru/procedure/COM02082400065/1
2624022320;"ООО ""СТАВРОЛЕН""";;COM02082400065 (Лот 1);;;;;https://www.roseltorg.ru/procedure/COM02082400065/1
2624022320;"ООО ""СТАВРОЛЕН""";;лабораторные материалы;;;;;https://www.roseltorg.ru/procedure/COM01082400072/1
2624022320;"ООО ""СТАВРОЛЕН""";;COM01082400072 (Лот 1);;;;;https://www.roseltorg.ru/procedure/COM01082400072/1
2624022320;"ООО ""СТАВРОЛЕН""";;поставка масла PETRO-CANADA;;;;;https://www.roseltorg.ru/procedure/COM31072400115/1
2624022320;"ООО ""СТАВРОЛЕН""";;COM31072400115 (Лот 1);;;;;https://www.roseltorg.ru/procedure/COM31072400115/1
2624022320;"ООО ""СТАВРОЛЕН""";;поставка бытовой техники;;;;;https://www.roseltorg.ru/procedure/COM31072400010/1
2624022320;"ООО ""СТАВРОЛЕН""";;COM31072400010 (Лот 1);;;;;https://www.roseltorg.ru/procedure/COM31072400010/1
2624022320;"ООО ""СТАВРОЛЕН""";;Уплотнения муфты согласно ТЗ;;;;;https://www.roseltorg.ru/procedure/COM25072400101/1
2624022320;"ООО ""СТАВРОЛЕН""";;COM25072400101 (Лот 1);;;;;https://www.roseltorg.ru/procedure/COM25072400101/1
2624022320;"ООО ""СТАВРОЛЕН""";;Уплотнение согласно ТЗ;;;;;https://www.roseltorg.ru/procedure/COM25072400095/1
2624022320;"ООО ""СТАВРОЛЕН""";;COM25072400095 (Лот 1);;;;;https://www.roseltorg.ru/procedure/COM25072400095/1
2624022320;"ООО ""СТАВРОЛЕН""";;закупка фильтрующего элемента серии CoaLINE;;;;;https://www.roseltorg.ru/procedure/COM25072400068/1
2624022320;"ООО ""СТАВРОЛЕН""";;COM25072400068 (Лот 1);;;;;https://www.roseltorg.ru/procedure/COM25072400068/1
2624022320;"ООО ""СТАВРОЛЕН""";;Поставка деталей трубопровода, трубной продукции, металлопроката на 2024 год.;;;;;https://www.roseltorg.ru/procedure/COM24072400107/1
2624022320;"ООО ""СТАВРОЛЕН""";;COM24072400107 (Лот 1);;;;;https://www.roseltorg.ru/procedure/COM24072400107/1
2624022320;"ООО ""СТАВРОЛЕН""";;Поставка прокладок СНП на 2024 год;;;;;https://www.roseltorg.ru/procedure/COM24072400104/1
2624022320;"ООО ""СТАВРОЛЕН""";;COM24072400104 (Лот 1);;;;;https://www.roseltorg.ru/procedure/COM24072400104/1
2624022320;"ООО ""СТАВРОЛЕН""";;"закупка клапана соленоидного ¼""";;;;;https://www.roseltorg.ru/procedure/COM23072400104/1
2624022320;"ООО ""СТАВРОЛЕН""";;COM23072400104 (Лот 1);;;;;https://www.roseltorg.ru/procedure/COM23072400104/1
2624022320;"ООО ""СТАВРОЛЕН""";;закупка запасных частей производства FARREL;;;;;https://www.roseltorg.ru/procedure/COM23072400103/1
2624022320;"ООО ""СТАВРОЛЕН""";;COM23072400103 (Лот 1);;;;;https://www.roseltorg.ru/procedure/COM23072400103/1
2624022320;"ООО ""СТАВРОЛЕН""";;МТР по защите от БПЛА;;;;;https://www.roseltorg.ru/procedure/COM22072400024/1
2624022320;"ООО ""СТАВРОЛЕН""";;COM22072400024 (Лот 1);;;;;https://www.roseltorg.ru/procedure/COM22072400024/1
2624022320;"ООО ""СТАВРОЛЕН""";;Регулирующие клапаны PV3008, PV1519, FV1519;;;;;https://www.roseltorg.ru/procedure/COM19072400020/1
2624022320;"ООО ""СТАВРОЛЕН""";;COM19072400020 (Лот 1);;;;;https://www.roseltorg.ru/procedure/COM19072400020/1
2624022320;"ООО ""СТАВРОЛЕН""";;Поставка деталей трубопровода и трубной продукции 2024г;;;;;https://www.roseltorg.ru/procedure/COM19072400006/1
2624022320;"ООО ""СТАВРОЛЕН""";;COM19072400006 (Лот 1);;;;;https://www.roseltorg.ru/procedure/COM19072400006/1
2624022320;"ООО ""СТАВРОЛЕН""";;мебель;;;;;https://www.roseltorg.ru/procedure/COM17072400058/1
2624022320;"ООО ""СТАВРОЛЕН""";;COM17072400058 (Лот 1);;;;;https://www.roseltorg.ru/procedure/COM17072400058/1
2624022320;"ООО ""СТАВРОЛЕН""";;Манометры и датчики температуры;;;;;https://www.roseltorg.ru/procedure/COM17072400025/1
2624022320;"ООО ""СТАВРОЛЕН""";;COM17072400025 (Лот 1);;;;;https://www.roseltorg.ru/procedure/COM17072400025/1
2624022320;"ООО ""СТАВРОЛЕН""";;детские новогодние подарки;;;;;https://www.roseltorg.ru/procedure/COM15072400091/1
2624022320;"ООО ""СТАВРОЛЕН""";;COM15072400091 (Лот 1);;;;;https://www.roseltorg.ru/procedure/COM15072400091/1
2624022320;"ООО ""СТАВРОЛЕН""";;Поставка огнетушителей порошковых ОП-5(з)-ABCE в количестве 73 шт.;;;;;https://www.roseltorg.ru/procedure/COM10072400084/1
2624022320;"ООО ""СТАВРОЛЕН""";;COM10072400084 (Лот 1);;;;;https://www.roseltorg.ru/procedure/COM10072400084/1
2624022320;"ООО ""СТАВРОЛЕН""";;Закупка изделий из фторопласта в 2024г.;;;;;https://www.roseltorg.ru/procedure/COM10072400024/1
2624022320;"ООО ""СТАВРОЛЕН""";;COM10072400024 (Лот 1);;;;;https://www.roseltorg.ru/procedure/COM10072400024/1
2624022320;"ООО ""СТАВРОЛЕН""";;Поставки фитинга на 2024 год.;;;;;https://www.roseltorg.ru/procedure/COM10072400023/1
2624022320;"ООО ""СТАВРОЛЕН""";;COM10072400023 (Лот 1);;;;;https://www.roseltorg.ru/procedure/COM10072400023/1
2624022320;"ООО ""СТАВРОЛЕН""";;Мобильный стеллаж и интерактивная книга;;;;;https://www.roseltorg.ru/procedure/COM09072400108/1
2624022320;"ООО ""СТАВРОЛЕН""";;COM09072400108 (Лот 1);;;;;https://www.roseltorg.ru/procedure/COM09072400108/1
2624022320;"ООО ""СТАВРОЛЕН""";;Верстак слесарный;;;;;https://www.roseltorg.ru/procedure/COM09072400106/1
2624022320;"ООО ""СТАВРОЛЕН""";;COM09072400106 (Лот 1);;;;;https://www.roseltorg.ru/procedure/COM09072400106/1
2624022320;"ООО ""СТАВРОЛЕН""";;Шкаф инструментальный ТС-1995-003040;;;;;https://www.roseltorg.ru/procedure/COM09072400025/1
2624022320;"ООО ""СТАВРОЛЕН""";;COM09072400025 (Лот 1);;;;;https://www.roseltorg.ru/procedure/COM09072400025/1
2624022320;"ООО ""СТАВРОЛЕН""";;Кулер для воды HolFrost V 208;;;;;https://www.roseltorg.ru/procedure/COM09072400023/1
2624022320;"ООО ""СТАВРОЛЕН""";;COM09072400023 (Лот 1);;;;;https://www.roseltorg.ru/procedure/COM09072400023/1
2624022320;"ООО ""СТАВРОЛЕН""";;технические газы;;;;;https://www.roseltorg.ru/procedure/COM04072400018/1
2624022320;"ООО ""СТАВРОЛЕН""";;COM04072400018 (Лот 1);;;;;https://www.roseltorg.ru/procedure/COM04072400018/1
2624022320;"ООО ""СТАВРОЛЕН""";;закупка масел и смазки;;;;;https://www.roseltorg.ru/procedure/COM04072400013/1
2624022320;"ООО ""СТАВРОЛЕН""";;COM04072400013 (Лот 1);;;;;https://www.roseltorg.ru/procedure/COM04072400013/1
2624022320;"ООО ""СТАВРОЛЕН""";;Приобретение горизонтальных жалюзи;;;;;https://www.roseltorg.ru/procedure/COM02072400111/1
2624022320;"ООО ""СТАВРОЛЕН""";;COM02072400111 (Лот 1);;;;;https://www.roseltorg.ru/procedure/COM02072400111/1
2624022320;"ООО ""СТАВРОЛЕН""";;Запасные части и материалы к лабораторному оборудованию;;;;;https://www.roseltorg.ru/procedure/COM01072400027/1
2624022320;"ООО ""СТАВРОЛЕН""";;COM01072400027 (Лот 1);;;;;https://www.roseltorg.ru/procedure/COM01072400027/1
2624022320;"ООО ""СТАВРОЛЕН""";;Датчики давления и расходомеры в соответствии с ОЛ;;;;;https://www.roseltorg.ru/procedure/COM01072400024/1
2624022320;"ООО ""СТАВРОЛЕН""";;COM01072400024 (Лот 1);;;;;https://www.roseltorg.ru/procedure/COM01072400024/1
2624022320;"ООО ""СТАВРОЛЕН""";;Ротаметры;;;;;https://www.roseltorg.ru/procedure/COM01072400023/1
2624022320;"ООО ""СТАВРОЛЕН""";;COM01072400023 (Лот 1);;;;;https://www.roseltorg.ru/procedure/COM01072400023/1
2624022320;"ООО ""СТАВРОЛЕН""";;Измерительный инструмент;;;;;https://www.roseltorg.ru/procedure/COM27062400094/1
2624022320;"ООО ""СТАВРОЛЕН""";;COM27062400094 (Лот 1);;;;;https://www.roseltorg.ru/procedure/COM27062400094/1
2624022320;"ООО ""СТАВРОЛЕН""";;Электроинструмент Makita, Кедр;;;;;https://www.roseltorg.ru/procedure/COM24062400012/1
2624022320;"ООО ""СТАВРОЛЕН""";;COM24062400012 (Лот 1);;;;;https://www.roseltorg.ru/procedure/COM24062400012/1
2624022320;"ООО ""СТАВРОЛЕН""";;Абразивный инструмент;;;;;https://www.roseltorg.ru/procedure/COM24062400006/1
2624022320;"ООО ""СТАВРОЛЕН""";;COM24062400006 (Лот 1);;;;;https://www.roseltorg.ru/procedure/COM24062400006/1
2624022320;"ООО ""СТАВРОЛЕН""";;Поставка слесарно-монтажного инструмента;;;;;https://www.roseltorg.ru/procedure/COM20062400012/1
2624022320;"ООО ""СТАВРОЛЕН""";;COM20062400012 (Лот 1);;;;;https://www.roseltorg.ru/procedure/COM20062400012/1
2624022320;"ООО ""СТАВРОЛЕН""";;Исполнитель по заданию Заказчика и совместно с комиссией, по специальной оценке, условий труда Заказчика обязуется выполнить работы, по специальной оценке, условий труда в ООО «Ставролен», включая проведение инструментальных измерений уровней опасных и вредных производственных факторов (ОВПФ), а Зак;;;;;https://www.roseltorg.ru/procedure/COM17062400059/1
2624022320;"ООО ""СТАВРОЛЕН""";;COM17062400059 (Лот 1);;;;;https://www.roseltorg.ru/procedure/COM17062400059/1
2624022320;"ООО ""СТАВРОЛЕН""";;"Датчик преобразования угловых перемещений ""ЛИР-238Б-3-05-ПИ-В(РС10) ПС""";;;;;https://www.roseltorg.ru/procedure/COM17062400034/1
2624022320;"ООО ""СТАВРОЛЕН""";;COM17062400034 (Лот 1);;;;;https://www.roseltorg.ru/procedure/COM17062400034/1
2624022320;"ООО ""СТАВРОЛЕН""";;"Закупка задвижек ЗКС и клапана запорного в рамках ИП &quot;Замена приборов учёта мат баланса на производстве &quot;Этилена&quot;";;;;;https://www.roseltorg.ru/procedure/COM16062400002/1
2624022320;"ООО ""СТАВРОЛЕН""";;COM16062400002 (Лот 1);;;;;https://www.roseltorg.ru/procedure/COM16062400002/1
2624022320;"ООО ""СТАВРОЛЕН""";;Мембрана 0,45 микрон для прибора SDI;;;;;https://www.roseltorg.ru/procedure/COM03062400053/1
2624022320;"ООО ""СТАВРОЛЕН""";;COM03062400053 (Лот 1);;;;;https://www.roseltorg.ru/procedure/COM03062400053/1
2624022320;"ООО ""СТАВРОЛЕН""";;Поставка фитинга 2024г.;;;;;https://www.roseltorg.ru/procedure/COM31052400106/1
2624022320;"ООО ""СТАВРОЛЕН""";;COM31052400106 (Лот 1);;;;;https://www.roseltorg.ru/procedure/COM31052400106/1
2624022320;"ООО ""СТАВРОЛЕН""";;материалы для содержания офиса;;;;;https://www.roseltorg.ru/procedure/COM31052400071/1
2624022320;"ООО ""СТАВРОЛЕН""";;COM31052400071 (Лот 1);;;;;https://www.roseltorg.ru/procedure/COM31052400071/1
2624022320;"ООО ""СТАВРОЛЕН""";;Краны шаровые в соответствии с ОЛ;;;;;https://www.roseltorg.ru/procedure/COM30052400216/1
2624022320;"ООО ""СТАВРОЛЕН""";;COM30052400216 (Лот 1);;;;;https://www.roseltorg.ru/procedure/COM30052400216/1
2624022320;"ООО ""СТАВРОЛЕН""";;Закупка затворов в соответствии с ОЛ;;;;;https://www.roseltorg.ru/procedure/COM30052400214/1
2624022320;"ООО ""СТАВРОЛЕН""";;COM30052400214 (Лот 1);;;;;https://www.roseltorg.ru/procedure/COM30052400214/1
2624022320;"ООО ""СТАВРОЛЕН""";;Клапаны запорные в соответствии с ОЛ;;;;;https://www.roseltorg.ru/procedure/COM30052400213/1
2624022320;"ООО ""СТАВРОЛЕН""";;COM30052400213 (Лот 1);;;;;https://www.roseltorg.ru/procedure/COM30052400213/1
2624022320;"ООО ""СТАВРОЛЕН""";;Закупка задвижек в соответствии с ОЛ;;;;;https://www.roseltorg.ru/procedure/COM30052400212/1
2624022320;"ООО ""СТАВРОЛЕН""";;COM30052400212 (Лот 1);;;;;https://www.roseltorg.ru/procedure/COM30052400212/1
2624022320;"ООО ""СТАВРОЛЕН""";;Закупка задвижки Ду200 Ру16 в соответствии с ОЛ;;;;;https://www.roseltorg.ru/procedure/COM30052400211/1
2624022320;"ООО ""СТАВРОЛЕН""";;COM30052400211 (Лот 1);;;;;https://www.roseltorg.ru/procedure/COM30052400211/1
2624022320;"ООО ""СТАВРОЛЕН""";;"поставка зап. частей к центробежным насосам поз. Р2501А/В, тип: GOV 065-032-160/6. Р-2501А производства Klaus Union GmbH&amp;Co.KG.";;;;;https://www.roseltorg.ru/procedure/COM28052400056/1
2624022320;"ООО ""СТАВРОЛЕН""";;COM28052400056 (Лот 1);;;;;https://www.roseltorg.ru/procedure/COM28052400056/1
2624022320;"ООО ""СТАВРОЛЕН""";;Закупка канцелярских товаров;;;;;https://www.roseltorg.ru/procedure/COM27052400027/1
2624022320;"ООО ""СТАВРОЛЕН""";;COM27052400027 (Лот 1);;;;;https://www.roseltorg.ru/procedure/COM27052400027/1
2624022320;"ООО ""СТАВРОЛЕН""";;Закупка мебели;;;;;https://www.roseltorg.ru/procedure/COM27052400025/1
2624022320;"ООО ""СТАВРОЛЕН""";;COM27052400025 (Лот 1);;;;;https://www.roseltorg.ru/procedure/COM27052400025/1
2624022320;"ООО ""СТАВРОЛЕН""";;Поставка технических тканей;;;;;https://www.roseltorg.ru/procedure/COM24052400077/1
2624022320;"ООО ""СТАВРОЛЕН""";;COM24052400077 (Лот 1);;;;;https://www.roseltorg.ru/procedure/COM24052400077/1
2624022320;"ООО ""СТАВРОЛЕН""";;"Коммерческое предложение на съёмку и монтаж видеороликов о экологической безопасности производства ООО ""Ставролен"" согласно техническому заданию.";;;;;https://www.roseltorg.ru/procedure/COM07052400081/1
2624022320;"ООО ""СТАВРОЛЕН""";;COM07052400081 (Лот 1);;;;;https://www.roseltorg.ru/procedure/COM07052400081/1
2624022320;"ООО ""СТАВРОЛЕН""";;приобретение технических тканей;;;;;https://www.roseltorg.ru/procedure/COM10052400010/1
2624022320;"ООО ""СТАВРОЛЕН""";;COM10052400010 (Лот 1);;;;;https://www.roseltorg.ru/procedure/COM10052400010/1
2624022320;"ООО ""СТАВРОЛЕН""";;закупка рукавных фильтроэлементов в соответствии с ТЗ;;;;;https://www.roseltorg.ru/procedure/COM10052400008/1
2624022320;"ООО ""СТАВРОЛЕН""";;COM10052400008 (Лот 1);;;;;https://www.roseltorg.ru/procedure/COM10052400008/1
2624022320;"ООО ""СТАВРОЛЕН""";;Закупка минивэна/микроавтобуса 9-11 мест;;;;;https://www.roseltorg.ru/procedure/COM08052400093/1
2624022320;"ООО ""СТАВРОЛЕН""";;COM08052400093 (Лот 1);;;;;https://www.roseltorg.ru/procedure/COM08052400093/1
2624022320;"ООО ""СТАВРОЛЕН""";;Закупка легковых автомобилей;;;;;https://www.roseltorg.ru/procedure/COM08052400092/1
2624022320;"ООО ""СТАВРОЛЕН""";;COM08052400092 (Лот 1);;;;;https://www.roseltorg.ru/procedure/COM08052400092/1
2624022320;"ООО ""СТАВРОЛЕН""";;Закупка указателей уровня и рамок указателей уровня;;;;;https://www.roseltorg.ru/procedure/COM07052400067/1
2624022320;"ООО ""СТАВРОЛЕН""";;COM07052400067 (Лот 1);;;;;https://www.roseltorg.ru/procedure/COM07052400067/1
2624022320;"ООО ""СТАВРОЛЕН""";;Поставка зап. частей к гидромонитору ф. Джетин;;;;;https://www.roseltorg.ru/procedure/COM07052400065/1
2624022320;"ООО ""СТАВРОЛЕН""";;COM07052400065 (Лот 1);;;;;https://www.roseltorg.ru/procedure/COM07052400065/1
2624022320;"ООО ""СТАВРОЛЕН""";;Закупка регуляторов давления;;;;;https://www.roseltorg.ru/procedure/COM07052400057/1
2624022320;"ООО ""СТАВРОЛЕН""";;COM07052400057 (Лот 1);;;;;https://www.roseltorg.ru/procedure/COM07052400057/1
2624022320;"ООО ""СТАВРОЛЕН""";;Закупка арматуры высокого давления;;;;;https://www.roseltorg.ru/procedure/COM06052400133/1
2624022320;"ООО ""СТАВРОЛЕН""";;COM06052400133 (Лот 1);;;;;https://www.roseltorg.ru/procedure/COM06052400133/1
2624022320;"ООО ""СТАВРОЛЕН""";;Техническая жидкость;;;;;https://www.roseltorg.ru/procedure/COM06052400077/1
2624022320;"ООО ""СТАВРОЛЕН""";;COM06052400077 (Лот 1);;;;;https://www.roseltorg.ru/procedure/COM06052400077/1
2624022320;"ООО ""СТАВРОЛЕН""";;Пиломатериал;;;;;https://www.roseltorg.ru/procedure/COM06052400076/1
2624022320;"ООО ""СТАВРОЛЕН""";;COM06052400076 (Лот 1);;;;;https://www.roseltorg.ru/procedure/COM06052400076/1
2624022320;"ООО ""СТАВРОЛЕН""";;Закупка конденсатоотводчиков;;;;;https://www.roseltorg.ru/procedure/COM03052400067/1
2624022320;"ООО ""СТАВРОЛЕН""";;COM03052400067 (Лот 1);;;;;https://www.roseltorg.ru/procedure/COM03052400067/1
2624022320;"ООО ""СТАВРОЛЕН""";;Закупка резиновых компенсаторов;;;;;https://www.roseltorg.ru/procedure/COM03052400066/1
2624022320;"ООО ""СТАВРОЛЕН""";;COM03052400066 (Лот 1);;;;;https://www.roseltorg.ru/procedure/COM03052400066/1
2624022320;"ООО ""СТАВРОЛЕН""";;Оказание услуг по экспертизе промышленной безопасности газопроводов;;;;;https://www.roseltorg.ru/procedure/COM03052400033/1
2624022320;"ООО ""СТАВРОЛЕН""";;COM03052400033 (Лот 1);;;;;https://www.roseltorg.ru/procedure/COM03052400033/1
2624022320;"ООО ""СТАВРОЛЕН""";;закупка материалов (трубки нержав., обжимных фитингов) узла подачи катализатора;;;;;https://www.roseltorg.ru/procedure/COM27042400039/1
2624022320;"ООО ""СТАВРОЛЕН""";;COM27042400039 (Лот 1);;;;;https://www.roseltorg.ru/procedure/COM27042400039/1
2624022320;"ООО ""СТАВРОЛЕН""";;Поставка трихлорэтилена технического согласно технического задания;;;;;https://www.roseltorg.ru/procedure/COM26042400016/1
2624022320;"ООО ""СТАВРОЛЕН""";;COM26042400016 (Лот 1);;;;;https://www.roseltorg.ru/procedure/COM26042400016/1
2624022320;"ООО ""СТАВРОЛЕН""";;Датчики давления и термометры сопротивления Элемер;;;;;https://www.roseltorg.ru/procedure/COM21042400004/1
2624022320;"ООО ""СТАВРОЛЕН""";;COM21042400004 (Лот 1);;;;;https://www.roseltorg.ru/procedure/COM21042400004/1
2624022320;"ООО ""СТАВРОЛЕН""";;Датчики давления и преобразователи сопротивления (ПОИНТ);;;;;https://www.roseltorg.ru/procedure/COM21042400004/2
2624022320;"ООО ""СТАВРОЛЕН""";;COM21042400004 (Лот 2);;;;;https://www.roseltorg.ru/procedure/COM21042400004/2
2624022320;"ООО ""СТАВРОЛЕН""";;Термометры сопротивления, термопары (Тесей);;;;;https://www.roseltorg.ru/procedure/COM21042400004/3
2624022320;"ООО ""СТАВРОЛЕН""";;COM21042400004 (Лот 3);;;;;https://www.roseltorg.ru/procedure/COM21042400004/3
2624022320;"ООО ""СТАВРОЛЕН""";;Уровнемер буйковый и распределитель (Тизприбор);;;;;https://www.roseltorg.ru/procedure/COM21042400004/4
2624022320;"ООО ""СТАВРОЛЕН""";;COM21042400004 (Лот 4);;;;;https://www.roseltorg.ru/procedure/COM21042400004/4
2624022320;"ООО ""СТАВРОЛЕН""";;Сигнализаторы уровня и регистраторы (Теплоприбор);;;;;https://www.roseltorg.ru/procedure/COM21042400004/5
2624022320;"ООО ""СТАВРОЛЕН""";;COM21042400004 (Лот 5);;;;;https://www.roseltorg.ru/procedure/COM21042400004/5
2624022320;"ООО ""СТАВРОЛЕН""";;Регистраторы пневматические БАЗИС;;;;;https://www.roseltorg.ru/procedure/COM21042400004/6
2624022320;"ООО ""СТАВРОЛЕН""";;COM21042400004 (Лот 6);;;;;https://www.roseltorg.ru/procedure/COM21042400004/6
2624022320;"ООО ""СТАВРОЛЕН""";;Видеографические регистраторы Ш932 Сенсорика;;;;;https://www.roseltorg.ru/procedure/COM21042400004/7
2624022320;"ООО ""СТАВРОЛЕН""";;COM21042400004 (Лот 7);;;;;https://www.roseltorg.ru/procedure/COM21042400004/7
2624022320;"ООО ""СТАВРОЛЕН""";;Тепловычислитель и корректор газа СП (Логика);;;;;https://www.roseltorg.ru/procedure/COM21042400004/8
2624022320;"ООО ""СТАВРОЛЕН""";;COM21042400004 (Лот 8);;;;;https://www.roseltorg.ru/procedure/COM21042400004/8
2624022320;"ООО ""СТАВРОЛЕН""";;Устройство защиты и сигнализации УЗС;;;;;https://www.roseltorg.ru/procedure/COM21042400004/9
2624022320;"ООО ""СТАВРОЛЕН""";;COM21042400004 (Лот 9);;;;;https://www.roseltorg.ru/procedure/COM21042400004/9
2624022320;"ООО ""СТАВРОЛЕН""";;Преобразователь виброскорости AV02-01-0.08;;;;;https://www.roseltorg.ru/procedure/COM21042400004/10
2624022320;"ООО ""СТАВРОЛЕН""";;COM21042400004 (Лот 10);;;;;https://www.roseltorg.ru/procedure/COM21042400004/10
2624022320;"ООО ""СТАВРОЛЕН""";;Канал виброизмерительный ИКВ-1-4-1.1;;;;;https://www.roseltorg.ru/procedure/COM21042400004/11
2624022320;"ООО ""СТАВРОЛЕН""";;COM21042400004 (Лот 11);;;;;https://www.roseltorg.ru/procedure/COM21042400004/11
2624022320;"ООО ""СТАВРОЛЕН""";;Прибор контроля и управления А-80;;;;;https://www.roseltorg.ru/procedure/COM21042400004/12
2624022320;"ООО ""СТАВРОЛЕН""";;COM21042400004 (Лот 12);;;;;https://www.roseltorg.ru/procedure/COM21042400004/12
2624022320;"ООО ""СТАВРОЛЕН""";;"Блоки питания, реле, термопары производства ""ОВЕН""";;;;;https://www.roseltorg.ru/procedure/COM21042400004/13
2624022320;"ООО ""СТАВРОЛЕН""";;COM21042400004 (Лот 13);;;;;https://www.roseltorg.ru/procedure/COM21042400004/13
2624022320;"ООО ""СТАВРОЛЕН""";;Соленоидные клапаны;;;;;https://www.roseltorg.ru/procedure/COM21042400004/14
2624022320;"ООО ""СТАВРОЛЕН""";;COM21042400004 (Лот 14);;;;;https://www.roseltorg.ru/procedure/COM21042400004/14
2624022320;"ООО ""СТАВРОЛЕН""";;Преобразователи пневмоэлектрические АСТРА;;;;;https://www.roseltorg.ru/procedure/COM21042400004/15
2624022320;"ООО ""СТАВРОЛЕН""";;COM21042400004 (Лот 15);;;;;https://www.roseltorg.ru/procedure/COM21042400004/15
2624022320;"ООО ""СТАВРОЛЕН""";;Взрывозащищённый блок конечных выключателей Ямал;;;;;https://www.roseltorg.ru/procedure/COM21042400004/16
2624022320;"ООО ""СТАВРОЛЕН""";;COM21042400004 (Лот 16);;;;;https://www.roseltorg.ru/procedure/COM21042400004/16
2624022320;"ООО ""СТАВРОЛЕН""";;Пневмораспределители Festo;;;;;https://www.roseltorg.ru/procedure/COM21042400004/17
2624022320;"ООО ""СТАВРОЛЕН""";;COM21042400004 (Лот 17);;;;;https://www.roseltorg.ru/procedure/COM21042400004/17
2624022320;"ООО ""СТАВРОЛЕН""";;Магнитный датчик частоты вращения;;;;;https://www.roseltorg.ru/procedure/COM21042400004/18
2624022320;"ООО ""СТАВРОЛЕН""";;COM21042400004 (Лот 18);;;;;https://www.roseltorg.ru/procedure/COM21042400004/18
2624022320;"ООО ""СТАВРОЛЕН""";;Электрод комбинированный InPro;;;;;https://www.roseltorg.ru/procedure/COM21042400004/19
2624022320;"ООО ""СТАВРОЛЕН""";;COM21042400004 (Лот 19);;;;;https://www.roseltorg.ru/procedure/COM21042400004/19
2624022320;"ООО ""СТАВРОЛЕН""";;Трубка фарфоровая МКР;;;;;https://www.roseltorg.ru/procedure/COM21042400004/20
2624022320;"ООО ""СТАВРОЛЕН""";;COM21042400004 (Лот 20);;;;;https://www.roseltorg.ru/procedure/COM21042400004/20
2624022320;"ООО ""СТАВРОЛЕН""";;Преобразователь ПГЭ-903У-О2;;;;;https://www.roseltorg.ru/procedure/COM21042400004/21
2624022320;"ООО ""СТАВРОЛЕН""";;COM21042400004 (Лот 21);;;;;https://www.roseltorg.ru/procedure/COM21042400004/21
2624022320;"ООО ""СТАВРОЛЕН""";;Сенсоры Drager;;;;;https://www.roseltorg.ru/procedure/COM21042400004/22
2624022320;"ООО ""СТАВРОЛЕН""";;COM21042400004 (Лот 22);;;;;https://www.roseltorg.ru/procedure/COM21042400004/22
2624022320;"ООО ""СТАВРОЛЕН""";;Коммутатор EDS-208A-S-SC;;;;;https://www.roseltorg.ru/procedure/COM21042400004/23
2624022320;"ООО ""СТАВРОЛЕН""";;COM21042400004 (Лот 23);;;;;https://www.roseltorg.ru/procedure/COM21042400004/23
2624022320;"ООО ""СТАВРОЛЕН""";;Выравниватель и разгонщик фланцев, кувалда искробезопасная;;;;;https://www.roseltorg.ru/procedure/COM21042400003/1
2624022320;"ООО ""СТАВРОЛЕН""";;COM21042400003 (Лот 1);;;;;https://www.roseltorg.ru/procedure/COM21042400003/1
2624022320;"ООО ""СТАВРОЛЕН""";;согласование Изменений к Технологическим регламентам для ООО «Ставролен» в 2024 году. - Изменение к № 105-2-2022 - Изменение к № ЭП-350-3-2017;;;;;https://www.roseltorg.ru/procedure/COM19042400114/1
2624022320;"ООО ""СТАВРОЛЕН""";;COM19042400114 (Лот 1);;;;;https://www.roseltorg.ru/procedure/COM19042400114/1
2624022320;"ООО ""СТАВРОЛЕН""";;Ремонт ротора электродвигателя СТД1600-23 УХЛ4;;;;;https://www.roseltorg.ru/procedure/COM18042400054/1
2624022320;"ООО ""СТАВРОЛЕН""";;COM18042400054 (Лот 1);;;;;https://www.roseltorg.ru/procedure/COM18042400054/1
2624022320;"ООО ""СТАВРОЛЕН""";;поставка запасных частей к насосам ф. Allweiler GmbH;;;;;https://www.roseltorg.ru/procedure/COM12042400038/1
2624022320;"ООО ""СТАВРОЛЕН""";;COM12042400038 (Лот 1);;;;;https://www.roseltorg.ru/procedure/COM12042400038/1
2624022320;"ООО ""СТАВРОЛЕН""";;поставка ручных бочковых насосов;;;;;https://www.roseltorg.ru/procedure/COM08042400085/1
2624022320;"ООО ""СТАВРОЛЕН""";;COM08042400085 (Лот 1);;;;;https://www.roseltorg.ru/procedure/COM08042400085/1
2624022320;"ООО ""СТАВРОЛЕН""";;Закупка аккумуляторов, батареек в 2024г.;;;;;https://www.roseltorg.ru/procedure/COM08042400007/1
2624022320;"ООО ""СТАВРОЛЕН""";;COM08042400007 (Лот 1);;;;;https://www.roseltorg.ru/procedure/COM08042400007/1
2624022320;"ООО ""СТАВРОЛЕН""";;Поставка специальных мастик и клея;;;;;https://www.roseltorg.ru/procedure/COM05042400103/1
2624022320;"ООО ""СТАВРОЛЕН""";;COM05042400103 (Лот 1);;;;;https://www.roseltorg.ru/procedure/COM05042400103/1
2624022320;"ООО ""СТАВРОЛЕН""";;Запрос на кольца и манжеты;;;;;https://www.roseltorg.ru/procedure/COM05042400100/1
2624022320;"ООО ""СТАВРОЛЕН""";;COM05042400100 (Лот 1);;;;;https://www.roseltorg.ru/procedure/COM05042400100/1
2624022320;"ООО ""СТАВРОЛЕН""";;Набивка сальниковая;;;;;https://www.roseltorg.ru/procedure/COM05042400070/1
2624022320;"ООО ""СТАВРОЛЕН""";;COM05042400070 (Лот 1);;;;;https://www.roseltorg.ru/procedure/COM05042400070/1
2624022320;"ООО ""СТАВРОЛЕН""";;Поставка лент конвейерных;;;;;https://www.roseltorg.ru/procedure/COM05042400055/1
2624022320;"ООО ""СТАВРОЛЕН""";;COM05042400055 (Лот 1);;;;;https://www.roseltorg.ru/procedure/COM05042400055/1
2624022320;"ООО ""СТАВРОЛЕН""";;закупка сертифицированной воды питьевой;;;;;https://www.roseltorg.ru/procedure/COM05042400050/1
2624022320;"ООО ""СТАВРОЛЕН""";;COM05042400050 (Лот 1);;;;;https://www.roseltorg.ru/procedure/COM05042400050/1
2624022320;"ООО ""СТАВРОЛЕН""";;Закупка термических преобразователей;;;;;https://www.roseltorg.ru/procedure/COM04042400163/1
2624022320;"ООО ""СТАВРОЛЕН""";;COM04042400163 (Лот 1);;;;;https://www.roseltorg.ru/procedure/COM04042400163/1
2624022320;"ООО ""СТАВРОЛЕН""";;Закупка термических преобразователей;;;;;https://www.roseltorg.ru/procedure/COM04042400163/2
2624022320;"ООО ""СТАВРОЛЕН""";;COM04042400163 (Лот 2);;;;;https://www.roseltorg.ru/procedure/COM04042400163/2
2624022320;"ООО ""СТАВРОЛЕН""";;закупка лебедки лифтовой червячной;;;;;https://www.roseltorg.ru/procedure/COM04042400061/1
2624022320;"ООО ""СТАВРОЛЕН""";;COM04042400061 (Лот 1);;;;;https://www.roseltorg.ru/procedure/COM04042400061/1
2624022320;"ООО ""СТАВРОЛЕН""";;закупка офисной мебели;;;;;https://www.roseltorg.ru/procedure/COM04042400046/1
2624022320;"ООО ""СТАВРОЛЕН""";;COM04042400046 (Лот 1);;;;;https://www.roseltorg.ru/procedure/COM04042400046/1
2624022320;"ООО ""СТАВРОЛЕН""";;Поставка стабилизаторов и пенообразователя;;;;;https://www.roseltorg.ru/procedure/COM24032400001/1
2624022320;"ООО ""СТАВРОЛЕН""";;COM24032400001 (Лот 1);;;;;https://www.roseltorg.ru/procedure/COM24032400001/1
2624022320;"ООО ""СТАВРОЛЕН""";;"T8W16A Принтер HP DesignJet Z6 PostScript (44"")";;;;;https://www.roseltorg.ru/procedure/COM22032400013/1
2624022320;"ООО ""СТАВРОЛЕН""";;COM22032400013 (Лот 1);;;;;https://www.roseltorg.ru/procedure/COM22032400013/1
2624022320;"ООО ""СТАВРОЛЕН""";;Клише фотополимерного (для нанесения печати на пленку полиэтиленовую);;;;;https://www.roseltorg.ru/procedure/COM21032400129/1
2624022320;"ООО ""СТАВРОЛЕН""";;COM21032400129 (Лот 1);;;;;https://www.roseltorg.ru/procedure/COM21032400129/1
2624022320;"ООО ""СТАВРОЛЕН""";;Кислота соляная и средства моющего технического (типа Лабомид-203 или его аналог);;;;;https://www.roseltorg.ru/procedure/COM21032400120/1
2624022320;"ООО ""СТАВРОЛЕН""";;COM21032400120 (Лот 1);;;;;https://www.roseltorg.ru/procedure/COM21032400120/1
2624022320;"ООО ""СТАВРОЛЕН""";;Фильтрующие материалы;;;;;https://www.roseltorg.ru/procedure/COM21032400066/1
2624022320;"ООО ""СТАВРОЛЕН""";;COM21032400066 (Лот 1);;;;;https://www.roseltorg.ru/procedure/COM21032400066/1
2624022320;"ООО ""СТАВРОЛЕН""";;Поставка химических лабораторных реактивов;;;;;https://www.roseltorg.ru/procedure/COM21032400017/1
2624022320;"ООО ""СТАВРОЛЕН""";;COM21032400017 (Лот 1);;;;;https://www.roseltorg.ru/procedure/COM21032400017/1
2624022320;"ООО ""СТАВРОЛЕН""";;Поставка химических расходных материалов;;;;;https://www.roseltorg.ru/procedure/COM21032400016/1
2624022320;"ООО ""СТАВРОЛЕН""";;COM21032400016 (Лот 1);;;;;https://www.roseltorg.ru/procedure/COM21032400016/1
2624022320;"ООО ""СТАВРОЛЕН""";;Поставка лабораторной посуды;;;;;https://www.roseltorg.ru/procedure/COM21032400014/1
2624022320;"ООО ""СТАВРОЛЕН""";;COM21032400014 (Лот 1);;;;;https://www.roseltorg.ru/procedure/COM21032400014/1
2624022320;"ООО ""СТАВРОЛЕН""";;Поставка образец стандартный государственный;;;;;https://www.roseltorg.ru/procedure/COM21032400013/1
2624022320;"ООО ""СТАВРОЛЕН""";;COM21032400013 (Лот 1);;;;;https://www.roseltorg.ru/procedure/COM21032400013/1
2624022320;"ООО ""СТАВРОЛЕН""";;Поставка образец стандартный государственный (ПГС);;;;;https://www.roseltorg.ru/procedure/COM21032400012/1
2624022320;"ООО ""СТАВРОЛЕН""";;COM21032400012 (Лот 1);;;;;https://www.roseltorg.ru/procedure/COM21032400012/1
2624022320;"ООО ""СТАВРОЛЕН""";;Адсорбент осушки от остаточных паров воды (активированная окись алюминия F-200 или аналог);;;;;https://www.roseltorg.ru/procedure/COM20032400113/1
2624022320;"ООО ""СТАВРОЛЕН""";;COM20032400113 (Лот 1);;;;;https://www.roseltorg.ru/procedure/COM20032400113/1
2624022320;"ООО ""СТАВРОЛЕН""";;фильтры и фильтроэлементы к тех. оборудованию;;;;;https://www.roseltorg.ru/procedure/COM15032400108/1
2624022320;"ООО ""СТАВРОЛЕН""";;COM15032400108 (Лот 1);;;;;https://www.roseltorg.ru/procedure/COM15032400108/1
2624022320;"ООО ""СТАВРОЛЕН""";;Жидкость охлаждающая низкозамерзающая ТУ 2422-004-55081401-2005;;;;;https://www.roseltorg.ru/procedure/COM15032400045/1
2624022320;"ООО ""СТАВРОЛЕН""";;COM15032400045 (Лот 1);;;;;https://www.roseltorg.ru/procedure/COM15032400045/1
2624022320;"ООО ""СТАВРОЛЕН""";;Смола ионообменная Lewatit MonoPlus M500 OH;;;;;https://www.roseltorg.ru/procedure/COM15032400024/1
2624022320;"ООО ""СТАВРОЛЕН""";;COM15032400024 (Лот 1);;;;;https://www.roseltorg.ru/procedure/COM15032400024/1
2624022320;"ООО ""СТАВРОЛЕН""";;Масло вазелиновое медицинское ГОСТ 3164-78;;;;;https://www.roseltorg.ru/procedure/COM14032400077/1
2624022320;"ООО ""СТАВРОЛЕН""";;COM14032400077 (Лот 1);;;;;https://www.roseltorg.ru/procedure/COM14032400077/1
2624022320;"ООО ""СТАВРОЛЕН""";;Закупка технических тканей во 2-м квартале 2024г.;;;;;https://www.roseltorg.ru/procedure/COM13032400034/1
2624022320;"ООО ""СТАВРОЛЕН""";;COM13032400034 (Лот 1);;;;;https://www.roseltorg.ru/procedure/COM13032400034/1
2624022320;"ООО ""СТАВРОЛЕН""";;закупка РТИ (шнуров,рукавов,пластин, прокладок);;;;;https://www.roseltorg.ru/procedure/COM12032400052/1
2624022320;"ООО ""СТАВРОЛЕН""";;COM12032400052 (Лот 1);;;;;https://www.roseltorg.ru/procedure/COM12032400052/1
2624022320;"ООО ""СТАВРОЛЕН""";;COM12032400030 (Лот 1);;;;;https://www.roseltorg.ru/procedure/COM12032400030/1
2624022320;"ООО ""СТАВРОЛЕН""";;Технический силикагель (типа м. КМСГ или его аналог) согласно технического задания;;;;;https://www.roseltorg.ru/procedure/COM12032400024/1
2624022320;"ООО ""СТАВРОЛЕН""";;COM12032400024 (Лот 1);;;;;https://www.roseltorg.ru/procedure/COM12032400024/1
2624022320;"ООО ""СТАВРОЛЕН""";;Поставка прокладок СНП на 2024 год;;;;;https://www.roseltorg.ru/procedure/COM06032400104/1
2624022320;"ООО ""СТАВРОЛЕН""";;COM06032400104 (Лот 1);;;;;https://www.roseltorg.ru/procedure/COM06032400104/1
2624022320;"ООО ""СТАВРОЛЕН""";;Поставка строп и захватных устройств на 2024 год;;;;;https://www.roseltorg.ru/procedure/COM06032400102/1
2624022320;"ООО ""СТАВРОЛЕН""";;COM06032400102 (Лот 1);;;;;https://www.roseltorg.ru/procedure/COM06032400102/1
2624022320;"ООО ""СТАВРОЛЕН""";;Ремонт магнитной муфты насоса 14/1 согласно ведомости дефектов от 05.12.2023;;;;;https://www.roseltorg.ru/procedure/COM05032400057/1
2624022320;"ООО ""СТАВРОЛЕН""";;COM05032400057 (Лот 1);;;;;https://www.roseltorg.ru/procedure/COM05032400057/1
2624022320;"ООО ""СТАВРОЛЕН""";;зап части к установке системы фиксации полиэтиленовых мешков в палеты и к установке для нанесения GRIP FIX штабелеформирующей машины производителя H.Rand GmbH;;;;;https://www.roseltorg.ru/procedure/COM04032400095/1
2624022320;"ООО ""СТАВРОЛЕН""";;COM04032400095 (Лот 1);;;;;https://www.roseltorg.ru/procedure/COM04032400095/1
2624022320;"ООО ""СТАВРОЛЕН""";;- Баллон БВД-100-60-М80х3-6Н с В481 в количестве 10 штук. В коммерческом предложении необходимо указать срок поставки, условия доставки и оплаты, транспортные расходы до склада Покупателя включить в стоимость или выставить отдельной строкой. Приоритетно – оплата по факту поставки в течение 60 дней.;;;;;https://www.roseltorg.ru/procedure/COM04032400045/1
2624022320;"ООО ""СТАВРОЛЕН""";;COM04032400045 (Лот 1);;;;;https://www.roseltorg.ru/procedure/COM04032400045/1
2624022320;"ООО ""СТАВРОЛЕН""";;закупка резиновой смеси ИРП 1315-НТА;;;;;https://www.roseltorg.ru/procedure/COM02032400005/1
2624022320;"ООО ""СТАВРОЛЕН""";;COM02032400005 (Лот 1);;;;;https://www.roseltorg.ru/procedure/COM02032400005/1
2624022320;"ООО ""СТАВРОЛЕН""";;закупка фторопластовых изделий;;;;;https://www.roseltorg.ru/procedure/COM02032400004/1
2624022320;"ООО ""СТАВРОЛЕН""";;COM02032400004 (Лот 1);;;;;https://www.roseltorg.ru/procedure/COM02032400004/1
2624022320;"ООО ""СТАВРОЛЕН""";;mLLDPE (металлоценовой линейный полиэтилен низкой плотности) марок Daelim XP9200EN или Daelim ВО1801EN;;;;;https://www.roseltorg.ru/procedure/COM26022400054/1
2624022320;"ООО ""СТАВРОЛЕН""";;COM26022400054 (Лот 1);;;;;https://www.roseltorg.ru/procedure/COM26022400054/1
2624022320;"ООО ""СТАВРОЛЕН""";;Колонки 2.0 SVEN 357;;;;;https://www.roseltorg.ru/procedure/COM26022400032/1
2624022320;"ООО ""СТАВРОЛЕН""";;COM26022400032 (Лот 1);;;;;https://www.roseltorg.ru/procedure/COM26022400032/1
2624022320;"ООО ""СТАВРОЛЕН""";;Вэб камера Logitech C270;;;;;https://www.roseltorg.ru/procedure/COM26022400032/2
2624022320;"ООО ""СТАВРОЛЕН""";;COM26022400032 (Лот 2);;;;;https://www.roseltorg.ru/procedure/COM26022400032/2
2624022320;"ООО ""СТАВРОЛЕН""";;Телефон KX-TS2365R;;;;;https://www.roseltorg.ru/procedure/COM26022400032/3
2624022320;"ООО ""СТАВРОЛЕН""";;COM26022400032 (Лот 3);;;;;https://www.roseltorg.ru/procedure/COM26022400032/3
2624022320;"ООО ""СТАВРОЛЕН""";;Телефон с определителем типа Mitel 4223;;;;;https://www.roseltorg.ru/procedure/COM26022400032/4
2624022320;"ООО ""СТАВРОЛЕН""";;COM26022400032 (Лот 4);;;;;https://www.roseltorg.ru/procedure/COM26022400032/4
2624022320;"ООО ""СТАВРОЛЕН""";;Проектор BenQ MX560;;;;;https://www.roseltorg.ru/procedure/COM26022400032/5
2624022320;"ООО ""СТАВРОЛЕН""";;COM26022400032 (Лот 5);;;;;https://www.roseltorg.ru/procedure/COM26022400032/5
2624022320;"ООО ""СТАВРОЛЕН""";;Наушники с микрофоном JBL Free WFH;;;;;https://www.roseltorg.ru/procedure/COM26022400032/6
2624022320;"ООО ""СТАВРОЛЕН""";;COM26022400032 (Лот 6);;;;;https://www.roseltorg.ru/procedure/COM26022400032/6
2624022320;"ООО ""СТАВРОЛЕН""";;Адаптер-переходник USB Vention C M/Jack 3.5 mm F;;;;;https://www.roseltorg.ru/procedure/COM26022400032/7
2624022320;"ООО ""СТАВРОЛЕН""";;COM26022400032 (Лот 7);;;;;https://www.roseltorg.ru/procedure/COM26022400032/7
2624022320;"ООО ""СТАВРОЛЕН""";;приобретение влагоотделителя 81/1 в соответствии с ТЗ;;;;;https://www.roseltorg.ru/procedure/COM26022400025/1
2624022320;"ООО ""СТАВРОЛЕН""";;COM26022400025 (Лот 1);;;;;https://www.roseltorg.ru/procedure/COM26022400025/1
2624022320;"ООО ""СТАВРОЛЕН""";;поставка картриджей ymcKT (534000-004) для принтера Datacard SD260;;;;;https://www.roseltorg.ru/procedure/COM26022400013/1
2624022320;"ООО ""СТАВРОЛЕН""";;COM26022400013 (Лот 1);;;;;https://www.roseltorg.ru/procedure/COM26022400013/1
2624022320;"ООО ""СТАВРОЛЕН""";;приобретение манжетов для классификатора гранул поз. N5531A,B производства ROTEX;;;;;https://www.roseltorg.ru/procedure/COM22022400054/1
2624022320;"ООО ""СТАВРОЛЕН""";;COM22022400054 (Лот 1);;;;;https://www.roseltorg.ru/procedure/COM22022400054/1
2624022320;"ООО ""СТАВРОЛЕН""";;приобретение запасных частей для компрессора извлечения мономера поз.К1556А/В, производства SULZER BURCKHARDT;;;;;https://www.roseltorg.ru/procedure/COM22022400051/1
2624022320;"ООО ""СТАВРОЛЕН""";;COM22022400051 (Лот 1);;;;;https://www.roseltorg.ru/procedure/COM22022400051/1
2624022320;"ООО ""СТАВРОЛЕН""";;приобретение запасных частей для компрессоров, производства Bryan Donkin;;;;;https://www.roseltorg.ru/procedure/COM22022400047/1
2624022320;"ООО ""СТАВРОЛЕН""";;COM22022400047 (Лот 1);;;;;https://www.roseltorg.ru/procedure/COM22022400047/1
2624022320;"ООО ""СТАВРОЛЕН""";;приобретение запасных частей к блоку разделения воздуха АК-1,5, г. Одесса;;;;;https://www.roseltorg.ru/procedure/COM22022400041/1
2624022320;"ООО ""СТАВРОЛЕН""";;COM22022400041 (Лот 1);;;;;https://www.roseltorg.ru/procedure/COM22022400041/1
2624022320;"ООО ""СТАВРОЛЕН""";;приобретение запасных частей для компрессора водорода поз. 430/1201АВ, тип. MKZ-680-10 производства Hofer;;;;;https://www.roseltorg.ru/procedure/COM22022400032/1
2624022320;"ООО ""СТАВРОЛЕН""";;COM22022400032 (Лот 1);;;;;https://www.roseltorg.ru/procedure/COM22022400032/1
2624022320;"ООО ""СТАВРОЛЕН""";;зап. части к насосам дозаторам Grundfos, Seko;;;;;https://www.roseltorg.ru/procedure/COM22022400031/1
2624022320;"ООО ""СТАВРОЛЕН""";;COM22022400031 (Лот 1);;;;;https://www.roseltorg.ru/procedure/COM22022400031/1
2624022320;"ООО ""СТАВРОЛЕН""";;приобретение запасных частей для компрессора ПГС;;;;;https://www.roseltorg.ru/procedure/COM22022400010/1
2624022320;"ООО ""СТАВРОЛЕН""";;COM22022400010 (Лот 1);;;;;https://www.roseltorg.ru/procedure/COM22022400010/1
2624022320;"ООО ""СТАВРОЛЕН""";;приобретение запасных частей для компрессора азотного, модель GD 4.6 35 2 O 2.5.01;;;;;https://www.roseltorg.ru/procedure/COM21022400072/1
2624022320;"ООО ""СТАВРОЛЕН""";;COM21022400072 (Лот 1);;;;;https://www.roseltorg.ru/procedure/COM21022400072/1
2624022320;"ООО ""СТАВРОЛЕН""";;Приобретение запасных частей к станкам;;;;;https://www.roseltorg.ru/procedure/COM21022400040/1
2624022320;"ООО ""СТАВРОЛЕН""";;COM21022400040 (Лот 1);;;;;https://www.roseltorg.ru/procedure/COM21022400040/1
2624022320;"ООО ""СТАВРОЛЕН""";;Приобретение отрезных кругов;;;;;https://www.roseltorg.ru/procedure/COM19022400113/1
2624022320;"ООО ""СТАВРОЛЕН""";;COM19022400113 (Лот 1);;;;;https://www.roseltorg.ru/procedure/COM19022400113/1
2624022320;"ООО ""СТАВРОЛЕН""";;фартук к резервуару поз. 4_2, 5_1 согласно ОЛ;;;;;https://www.roseltorg.ru/procedure/COM19022400109/1
2624022320;"ООО ""СТАВРОЛЕН""";;COM19022400109 (Лот 1);;;;;https://www.roseltorg.ru/procedure/COM19022400109/1
2624022320;"ООО ""СТАВРОЛЕН""";;зап. части к насосам БЭН, ЦГ;;;;;https://www.roseltorg.ru/procedure/COM16022400073/1
2624022320;"ООО ""СТАВРОЛЕН""";;COM16022400073 (Лот 1);;;;;https://www.roseltorg.ru/procedure/COM16022400073/1
5905099475;"ООО ""ЛУКОЙЛ-ПЕРМНЕФТЕОРГСИНТЕЗ""";;Установка УКЛ(П)-56М-6,3-900 У3;;;;;https://www.roseltorg.ru/procedure/COM13102300022/1
5905099475;"ООО ""ЛУКОЙЛ-ПЕРМНЕФТЕОРГСИНТЕЗ""";;COM13102300022 (Лот 1);;;;;https://www.roseltorg.ru/procedure/COM13102300022/1
5905099475;"ООО ""ЛУКОЙЛ-ПЕРМНЕФТЕОРГСИНТЕЗ""";;Продажа_Группа насосная для откачки водной фазы;;;;;https://www.roseltorg.ru/procedure/COM04102300088/1
5905099475;"ООО ""ЛУКОЙЛ-ПЕРМНЕФТЕОРГСИНТЕЗ""";;COM04102300088 (Лот 1);;;;;https://www.roseltorg.ru/procedure/COM04102300088/1
5905099475;"ООО ""ЛУКОЙЛ-ПЕРМНЕФТЕОРГСИНТЕЗ""";;Поставка насосов циркуляционных, дренажных;;;;;https://www.roseltorg.ru/procedure/COM03082600014/1
5905099475;"ООО ""ЛУКОЙЛ-ПЕРМНЕФТЕОРГСИНТЕЗ""";;COM03082600014 (Лот 1);;;;;https://www.roseltorg.ru/procedure/COM03082600014/1
5905099475;"ООО ""ЛУКОЙЛ-ПЕРМНЕФТЕОРГСИНТЕЗ""";;Поставка задвижек ЗКС;;;;;https://www.roseltorg.ru/procedure/COM03082600012/1
5905099475;"ООО ""ЛУКОЙЛ-ПЕРМНЕФТЕОРГСИНТЕЗ""";;COM03082600012 (Лот 1);;;;;https://www.roseltorg.ru/procedure/COM03082600012/1
5905099475;"ООО ""ЛУКОЙЛ-ПЕРМНЕФТЕОРГСИНТЕЗ""";;Изготовление, поставка, ШМР и ПНР центробежной компрессорной установки;;;;;https://www.roseltorg.ru/procedure/COM31072600065/1
5905099475;"ООО ""ЛУКОЙЛ-ПЕРМНЕФТЕОРГСИНТЕЗ""";;COM31072600065 (Лот 1);;;;;https://www.roseltorg.ru/procedure/COM31072600065/1
5905099475;"ООО ""ЛУКОЙЛ-ПЕРМНЕФТЕОРГСИНТЕЗ""";;закупка затвора поворотного трехэксцентрикового DN800 PN10 КОФ ХЛ1 с электроприводом;;;;;https://www.roseltorg.ru/procedure/COM31072600064/1
5905099475;"ООО ""ЛУКОЙЛ-ПЕРМНЕФТЕОРГСИНТЕЗ""";;COM31072600064 (Лот 1);;;;;https://www.roseltorg.ru/procedure/COM31072600064/1
5905099475;"ООО ""ЛУКОЙЛ-ПЕРМНЕФТЕОРГСИНТЕЗ""";;Поставка вентиляторов и лопастей тип 2 вент.WTR 24-5-(2);;;;;https://www.roseltorg.ru/procedure/COM31072600051/1
5905099475;"ООО ""ЛУКОЙЛ-ПЕРМНЕФТЕОРГСИНТЕЗ""";;COM31072600051 (Лот 1);;;;;https://www.roseltorg.ru/procedure/COM31072600051/1
5905099475;"ООО ""ЛУКОЙЛ-ПЕРМНЕФТЕОРГСИНТЕЗ""";;"Запрос ценовой информации на колонны для ООО &quot;Пермнефтеоргсинтез&quot; в 2028 году";;;;;https://www.roseltorg.ru/procedure/COM31072600046/1
5905099475;"ООО ""ЛУКОЙЛ-ПЕРМНЕФТЕОРГСИНТЕЗ""";;COM31072600046 (Лот 1);;;;;https://www.roseltorg.ru/procedure/COM31072600046/1
5905099475;"ООО ""ЛУКОЙЛ-ПЕРМНЕФТЕОРГСИНТЕЗ""";;Поставка воздухоохладителя э/дв в 2027 году;;;;;https://www.roseltorg.ru/procedure/COM31072600023/1
5905099475;"ООО ""ЛУКОЙЛ-ПЕРМНЕФТЕОРГСИНТЕЗ""";;COM31072600023 (Лот 1);;;;;https://www.roseltorg.ru/procedure/COM31072600023/1
5905099475;"ООО ""ЛУКОЙЛ-ПЕРМНЕФТЕОРГСИНТЕЗ""";;Поставка сетки нержавеющей из стали марки 12Х18Н10Т;;;;;https://www.roseltorg.ru/procedure/COM31072600022/1
5905099475;"ООО ""ЛУКОЙЛ-ПЕРМНЕФТЕОРГСИНТЕЗ""";;COM31072600022 (Лот 1);;;;;https://www.roseltorg.ru/procedure/COM31072600022/1
5905099475;"ООО ""ЛУКОЙЛ-ПЕРМНЕФТЕОРГСИНТЕЗ""";;"Поставка рукавов для ООО &quot;ЛУКОЙЛ-Пермнефтеоргсинтез&quot; в 2027 году";;;;;https://www.roseltorg.ru/procedure/COM31072600014/1
5905099475;"ООО ""ЛУКОЙЛ-ПЕРМНЕФТЕОРГСИНТЕЗ""";;COM31072600014 (Лот 1);;;;;https://www.roseltorg.ru/procedure/COM31072600014/1
5905099475;"ООО ""ЛУКОЙЛ-ПЕРМНЕФТЕОРГСИНТЕЗ""";;"Поставка рукавов РВД для ООО &quot;ЛУКОЙЛ-Пермнефтеоргсинтез&quot; в 2027 году";;;;;https://www.roseltorg.ru/procedure/COM31072600014/2
5905099475;"ООО ""ЛУКОЙЛ-ПЕРМНЕФТЕОРГСИНТЕЗ""";;COM31072600014 (Лот 2);;;;;https://www.roseltorg.ru/procedure/COM31072600014/2
5905099475;"ООО ""ЛУКОЙЛ-ПЕРМНЕФТЕОРГСИНТЕЗ""";;Поставка металлопроката: трубы, листы, опоры, профиля и пр.;;;;;https://www.roseltorg.ru/procedure/COM30072600048/1
5905099475;"ООО ""ЛУКОЙЛ-ПЕРМНЕФТЕОРГСИНТЕЗ""";;COM30072600048 (Лот 1);;;;;https://www.roseltorg.ru/procedure/COM30072600048/1
5905099475;"ООО ""ЛУКОЙЛ-ПЕРМНЕФТЕОРГСИНТЕЗ""";;Агрегат насосный погружной;;;;;https://www.roseltorg.ru/procedure/COM30072600013/1
5905099475;"ООО ""ЛУКОЙЛ-ПЕРМНЕФТЕОРГСИНТЕЗ""";;COM30072600013 (Лот 1);;;;;https://www.roseltorg.ru/procedure/COM30072600013/1
5905099475;"ООО ""ЛУКОЙЛ-ПЕРМНЕФТЕОРГСИНТЕЗ""";;Поставка задвижек с эл. приводами;;;;;https://www.roseltorg.ru/procedure/COM29072600122/1
5905099475;"ООО ""ЛУКОЙЛ-ПЕРМНЕФТЕОРГСИНТЕЗ""";;COM29072600122 (Лот 1);;;;;https://www.roseltorg.ru/procedure/COM29072600122/1
5905099475;"ООО ""ЛУКОЙЛ-ПЕРМНЕФТЕОРГСИНТЕЗ""";;Поставка металлопроката;;;;;https://www.roseltorg.ru/procedure/COM29072600109/1
5905099475;"ООО ""ЛУКОЙЛ-ПЕРМНЕФТЕОРГСИНТЕЗ""";;COM29072600109 (Лот 1);;;;;https://www.roseltorg.ru/procedure/COM29072600109/1
5905099475;"ООО ""ЛУКОЙЛ-ПЕРМНЕФТЕОРГСИНТЕЗ""";;Поставка электродвигателей в 2027 году;;;;;https://www.roseltorg.ru/procedure/COM29072600096/1
5905099475;"ООО ""ЛУКОЙЛ-ПЕРМНЕФТЕОРГСИНТЕЗ""";;COM29072600096 (Лот 1);;;;;https://www.roseltorg.ru/procedure/COM29072600096/1
5905099475;"ООО ""ЛУКОЙЛ-ПЕРМНЕФТЕОРГСИНТЕЗ""";;Поставка электрогидротолкателей в 2027 году;;;;;https://www.roseltorg.ru/procedure/COM29072600087/1
5905099475;"ООО ""ЛУКОЙЛ-ПЕРМНЕФТЕОРГСИНТЕЗ""";;COM29072600087 (Лот 1);;;;;https://www.roseltorg.ru/procedure/COM29072600087/1
5905099475;"ООО ""ЛУКОЙЛ-ПЕРМНЕФТЕОРГСИНТЕЗ""";;Закупка сплит-систем в 2026 году для ООО «ЛУКОЙЛ-Пермнефтеоргсинтез».;;;;;https://www.roseltorg.ru/procedure/COM29072600083/1
5905099475;"ООО ""ЛУКОЙЛ-ПЕРМНЕФТЕОРГСИНТЕЗ""";;COM29072600083 (Лот 1);;;;;https://www.roseltorg.ru/procedure/COM29072600083/1
5905099475;"ООО ""ЛУКОЙЛ-ПЕРМНЕФТЕОРГСИНТЕЗ""";;Поставка преобразователей частоты и УПП в 2027 году;;;;;https://www.roseltorg.ru/procedure/COM29072600074/1
5905099475;"ООО ""ЛУКОЙЛ-ПЕРМНЕФТЕОРГСИНТЕЗ""";;COM29072600074 (Лот 1);;;;;https://www.roseltorg.ru/procedure/COM29072600074/1
5905099475;"ООО ""ЛУКОЙЛ-ПЕРМНЕФТЕОРГСИНТЕЗ""";;"Поставка крепежных изделий из сталей 30ХМА, ст35, 40Х для ООО &quot;ЛУКОЙЛ-Пермнефтеоргсинтез&quot; в 2027 году";;;;;https://www.roseltorg.ru/procedure/COM29072600017/1
5905099475;"ООО ""ЛУКОЙЛ-ПЕРМНЕФТЕОРГСИНТЕЗ""";;COM29072600017 (Лот 1);;;;;https://www.roseltorg.ru/procedure/COM29072600017/1
5905099475;"ООО ""ЛУКОЙЛ-ПЕРМНЕФТЕОРГСИНТЕЗ""";;"Поставка крепежных изделий согласно иностранных стандартов для ООО &quot;ЛУКОЙЛ-Пермнефтеоргсинтез&quot; в 2027 году";;;;;https://www.roseltorg.ru/procedure/COM29072600016/1
5905099475;"ООО ""ЛУКОЙЛ-ПЕРМНЕФТЕОРГСИНТЕЗ""";;COM29072600016 (Лот 1);;;;;https://www.roseltorg.ru/procedure/COM29072600016/1
5905099475;"ООО ""ЛУКОЙЛ-ПЕРМНЕФТЕОРГСИНТЕЗ""";;"Поставка крепежных изделий по чертежам, стали 25ХМА, нержавеющих сталей для ООО &quot;ЛУКОЙЛ-Пермнефтеоргсинтез&quot; в 2027 году";;;;;https://www.roseltorg.ru/procedure/COM29072600015/1
5905099475;"ООО ""ЛУКОЙЛ-ПЕРМНЕФТЕОРГСИНТЕЗ""";;COM29072600015 (Лот 1);;;;;https://www.roseltorg.ru/procedure/COM29072600015/1
5905099475;"ООО ""ЛУКОЙЛ-ПЕРМНЕФТЕОРГСИНТЕЗ""";;Запрос цен на поставку металлопроката: ЛистБ, стальные трубы.;;;;;https://www.roseltorg.ru/procedure/COM28072600067/1
5905099475;"ООО ""ЛУКОЙЛ-ПЕРМНЕФТЕОРГСИНТЕЗ""";;COM28072600067 (Лот 1);;;;;https://www.roseltorg.ru/procedure/COM28072600067/1
5905099475;"ООО ""ЛУКОЙЛ-ПЕРМНЕФТЕОРГСИНТЕЗ""";;"Поставка 2027 года запчастей, комплектующих для лабораторного оборудования для ООО &quot;ЛУКОЙЛ-Пермнефтеоргсинтез&quot;";;;;;https://www.roseltorg.ru/procedure/COM28072600034/1
5905099475;"ООО ""ЛУКОЙЛ-ПЕРМНЕФТЕОРГСИНТЕЗ""";;COM28072600034 (Лот 1);;;;;https://www.roseltorg.ru/procedure/COM28072600034/1
5905099475;"ООО ""ЛУКОЙЛ-ПЕРМНЕФТЕОРГСИНТЕЗ""";;"Запрос цен на поставку оборудования ЛСУ пожарного насоса для ООО &quot;ЛУКОЙЛ-Пермнефтеоргсинтез&quot; в 2027 году (РИЦ)";;;;;https://www.roseltorg.ru/procedure/COM28072600032/1
5905099475;"ООО ""ЛУКОЙЛ-ПЕРМНЕФТЕОРГСИНТЕЗ""";;COM28072600032 (Лот 1);;;;;https://www.roseltorg.ru/procedure/COM28072600032/1
5905099475;"ООО ""ЛУКОЙЛ-ПЕРМНЕФТЕОРГСИНТЕЗ""";;"Поставка 2027 года лабораторных материалов и принадлежностей для ООО &quot;ЛУКОЙЛ-Пермнефтеоргсинтез&quot;";;;;;https://www.roseltorg.ru/procedure/COM27072600107/1
5905099475;"ООО ""ЛУКОЙЛ-ПЕРМНЕФТЕОРГСИНТЕЗ""";;COM27072600107 (Лот 1);;;;;https://www.roseltorg.ru/procedure/COM27072600107/1
5905099475;"ООО ""ЛУКОЙЛ-ПЕРМНЕФТЕОРГСИНТЕЗ""";;"Поставка датчика вибрации в 2026 для ООО &quot;ЛУКОЙЛ-Пермнефтеоргсинтез&quot;";;;;;https://www.roseltorg.ru/procedure/COM27072600101/1
5905099475;"ООО ""ЛУКОЙЛ-ПЕРМНЕФТЕОРГСИНТЕЗ""";;COM27072600101 (Лот 1);;;;;https://www.roseltorg.ru/procedure/COM27072600101/1
5905099475;"ООО ""ЛУКОЙЛ-ПЕРМНЕФТЕОРГСИНТЕЗ""";;Поставка уплотнительных прокладок ПУТГ, ПАГФ, СНП;;;;;https://www.roseltorg.ru/procedure/COM27072600033/1
5905099475;"ООО ""ЛУКОЙЛ-ПЕРМНЕФТЕОРГСИНТЕЗ""";;COM27072600033 (Лот 1);;;;;https://www.roseltorg.ru/procedure/COM27072600033/1
5905099475;"ООО ""ЛУКОЙЛ-ПЕРМНЕФТЕОРГСИНТЕЗ""";;Поставка регулятора расхода в 2027 году;;;;;https://www.roseltorg.ru/procedure/COM24072600089/1
5905099475;"ООО ""ЛУКОЙЛ-ПЕРМНЕФТЕОРГСИНТЕЗ""";;COM24072600089 (Лот 1);;;;;https://www.roseltorg.ru/procedure/COM24072600089/1
5905099475;"ООО ""ЛУКОЙЛ-ПЕРМНЕФТЕОРГСИНТЕЗ""";;Поставка устройств плавного пуска в 2027 году;;;;;https://www.roseltorg.ru/procedure/COM24072600087/1
5905099475;"ООО ""ЛУКОЙЛ-ПЕРМНЕФТЕОРГСИНТЕЗ""";;COM24072600087 (Лот 1);;;;;https://www.roseltorg.ru/procedure/COM24072600087/1
5905099475;"ООО ""ЛУКОЙЛ-ПЕРМНЕФТЕОРГСИНТЕЗ""";;Поставка мотор-редукторов в 2027 году;;;;;https://www.roseltorg.ru/procedure/COM24072600061/1
5905099475;"ООО ""ЛУКОЙЛ-ПЕРМНЕФТЕОРГСИНТЕЗ""";;COM24072600061 (Лот 1);;;;;https://www.roseltorg.ru/procedure/COM24072600061/1
5905099475;"ООО ""ЛУКОЙЛ-ПЕРМНЕФТЕОРГСИНТЕЗ""";;"Поставка стендов по ТЗ для ООО &quot;ЛУКОЙЛ-Пермнефтеоргсинтез&quot; в 2027 году";;;;;https://www.roseltorg.ru/procedure/COM23072600058/1
5905099475;"ООО ""ЛУКОЙЛ-ПЕРМНЕФТЕОРГСИНТЕЗ""";;COM23072600058 (Лот 1);;;;;https://www.roseltorg.ru/procedure/COM23072600058/1
5905099475;"ООО ""ЛУКОЙЛ-ПЕРМНЕФТЕОРГСИНТЕЗ""";;"Поставка лабораторных материалов на 2026 год для ООО &quot;ЛУКОЙЛ-Пермнефтеоргсинтез&quot;";;;;;https://www.roseltorg.ru/procedure/COM23072600057/1
5905099475;"ООО ""ЛУКОЙЛ-ПЕРМНЕФТЕОРГСИНТЕЗ""";;COM23072600057 (Лот 1);;;;;https://www.roseltorg.ru/procedure/COM23072600057/1
5905099475;"ООО ""ЛУКОЙЛ-ПЕРМНЕФТЕОРГСИНТЕЗ""";;Поставка проволоки 1,8мм 1700м AISI 302;;;;;https://www.roseltorg.ru/procedure/COM23072600048/1
5905099475;"ООО ""ЛУКОЙЛ-ПЕРМНЕФТЕОРГСИНТЕЗ""";;COM23072600048 (Лот 1);;;;;https://www.roseltorg.ru/procedure/COM23072600048/1
5905099475;"ООО ""ЛУКОЙЛ-ПЕРМНЕФТЕОРГСИНТЕЗ""";;закупка газоанализаторов портативных по ОЛ 133;;;;;https://www.roseltorg.ru/procedure/COM23072600021/1
5905099475;"ООО ""ЛУКОЙЛ-ПЕРМНЕФТЕОРГСИНТЕЗ""";;COM23072600021 (Лот 1);;;;;https://www.roseltorg.ru/procedure/COM23072600021/1
5905099475;"ООО ""ЛУКОЙЛ-ПЕРМНЕФТЕОРГСИНТЕЗ""";;"Поставка знаков опасности и номеров ООН в 2027 году для ООО &quot;ЛУКОЙЛ-Пермнефтеоргсинтез&quot;.";;;;;https://www.roseltorg.ru/procedure/COM22072600115/1
5905099475;"ООО ""ЛУКОЙЛ-ПЕРМНЕФТЕОРГСИНТЕЗ""";;COM22072600115 (Лот 1);;;;;https://www.roseltorg.ru/procedure/COM22072600115/1
5905099475;"ООО ""ЛУКОЙЛ-ПЕРМНЕФТЕОРГСИНТЕЗ""";;Закупка вентиляционного оборудования;;;;;https://www.roseltorg.ru/procedure/COM21072600162/1
5905099475;"ООО ""ЛУКОЙЛ-ПЕРМНЕФТЕОРГСИНТЕЗ""";;COM21072600162 (Лот 1);;;;;https://www.roseltorg.ru/procedure/COM21072600162/1
5905099475;"ООО ""ЛУКОЙЛ-ПЕРМНЕФТЕОРГСИНТЕЗ""";;"Запрос ценовой информации на поставку хроматографов ООО &quot;ЛУКОЙЛ-Пермнефтеоргсинтез&quot; на 2027 год";;;;;https://www.roseltorg.ru/procedure/COM21072600158/1
5905099475;"ООО ""ЛУКОЙЛ-ПЕРМНЕФТЕОРГСИНТЕЗ""";;COM21072600158 (Лот 1);;;;;https://www.roseltorg.ru/procedure/COM21072600158/1
5905099475;"ООО ""ЛУКОЙЛ-ПЕРМНЕФТЕОРГСИНТЕЗ""";;"Запрос ценовой информации на поставку анализаторов для ООО &quot;ЛУКОЙЛ-Пермнефтеоргсинтез&quot; на 2027 год";;;;;https://www.roseltorg.ru/procedure/COM21072600153/1
5905099475;"ООО ""ЛУКОЙЛ-ПЕРМНЕФТЕОРГСИНТЕЗ""";;COM21072600153 (Лот 1);;;;;https://www.roseltorg.ru/procedure/COM21072600153/1
5905099475;"ООО ""ЛУКОЙЛ-ПЕРМНЕФТЕОРГСИНТЕЗ""";;Закупка вентиляционного оборудования;;;;;https://www.roseltorg.ru/procedure/COM21072600115/1
5905099475;"ООО ""ЛУКОЙЛ-ПЕРМНЕФТЕОРГСИНТЕЗ""";;COM21072600115 (Лот 1);;;;;https://www.roseltorg.ru/procedure/COM21072600115/1
5905099475;"ООО ""ЛУКОЙЛ-ПЕРМНЕФТЕОРГСИНТЕЗ""";;"Поставка металлорукавов для ООО &quot;ЛУКОЙЛ-Пермнефтеоргсинтез&quot; в 2027 году";;;;;https://www.roseltorg.ru/procedure/COM21072600045/1
5905099475;"ООО ""ЛУКОЙЛ-ПЕРМНЕФТЕОРГСИНТЕЗ""";;COM21072600045 (Лот 1);;;;;https://www.roseltorg.ru/procedure/COM21072600045/1
5905099475;"ООО ""ЛУКОЙЛ-ПЕРМНЕФТЕОРГСИНТЕЗ""";;"Поставка пробоотборников для ООО &quot;Пермнефтеоргсинтез&quot; в 2027 году";;;;;https://www.roseltorg.ru/procedure/COM21072600030/1
5905099475;"ООО ""ЛУКОЙЛ-ПЕРМНЕФТЕОРГСИНТЕЗ""";;COM21072600030 (Лот 1);;;;;https://www.roseltorg.ru/procedure/COM21072600030/1
5905099475;"ООО ""ЛУКОЙЛ-ПЕРМНЕФТЕОРГСИНТЕЗ""";;"Поставка люков для ООО &quot;Пермнефтеоргсинтез&quot; в 2027 году";;;;;https://www.roseltorg.ru/procedure/COM21072600021/1
5905099475;"ООО ""ЛУКОЙЛ-ПЕРМНЕФТЕОРГСИНТЕЗ""";;COM21072600021 (Лот 1);;;;;https://www.roseltorg.ru/procedure/COM21072600021/1
5905099475;"ООО ""ЛУКОЙЛ-ПЕРМНЕФТЕОРГСИНТЕЗ""";;Поставка изделий закладных, опор, кожухов;;;;;https://www.roseltorg.ru/procedure/COM21072600018/1
5905099475;"ООО ""ЛУКОЙЛ-ПЕРМНЕФТЕОРГСИНТЕЗ""";;COM21072600018 (Лот 1);;;;;https://www.roseltorg.ru/procedure/COM21072600018/1
5905099475;"ООО ""ЛУКОЙЛ-ПЕРМНЕФТЕОРГСИНТЕЗ""";;Поставка агрегатов насосов центробежных;;;;;https://www.roseltorg.ru/procedure/COM21072600011/1
5905099475;"ООО ""ЛУКОЙЛ-ПЕРМНЕФТЕОРГСИНТЕЗ""";;COM21072600011 (Лот 1);;;;;https://www.roseltorg.ru/procedure/COM21072600011/1
5905099475;"ООО ""ЛУКОЙЛ-ПЕРМНЕФТЕОРГСИНТЕЗ""";;"ЗИП к компрессору 1,6МК-12/64 М1 для ООО &quot;ЛУКОЙЛ-Пермнефтеоргсинтез&quot; на 2027 год";;;;;https://www.roseltorg.ru/procedure/COM17072600046/1
5905099475;"ООО ""ЛУКОЙЛ-ПЕРМНЕФТЕОРГСИНТЕЗ""";;COM17072600046 (Лот 1);;;;;https://www.roseltorg.ru/procedure/COM17072600046/1
5905099475;"ООО ""ЛУКОЙЛ-ПЕРМНЕФТЕОРГСИНТЕЗ""";;"Закупка ротора к насосу 5ЦГ 100/125-К-75-5 для ООО &quot;ЛУКОЙЛ-Пермнефтеоргсинтез&quot; на 2027 год";;;;;https://www.roseltorg.ru/procedure/COM16072600120/1
5905099475;"ООО ""ЛУКОЙЛ-ПЕРМНЕФТЕОРГСИНТЕЗ""";;COM16072600120 (Лот 1);;;;;https://www.roseltorg.ru/procedure/COM16072600120/1
5905099475;"ООО ""ЛУКОЙЛ-ПЕРМНЕФТЕОРГСИНТЕЗ""";;"Закупка ЗИП для насосного агрегата ДП 16/63 для ООО &quot;ЛУКОЙЛ-Пермнефтеоргсинтез&quot; на 2027 год";;;;;https://www.roseltorg.ru/procedure/COM16072600101/1
5905099475;"ООО ""ЛУКОЙЛ-ПЕРМНЕФТЕОРГСИНТЕЗ""";;COM16072600101 (Лот 1);;;;;https://www.roseltorg.ru/procedure/COM16072600101/1
5905099475;"ООО ""ЛУКОЙЛ-ПЕРМНЕФТЕОРГСИНТЕЗ""";;Закупка запорной арматуры;;;;;https://www.roseltorg.ru/procedure/COM16072600072/1
5905099475;"ООО ""ЛУКОЙЛ-ПЕРМНЕФТЕОРГСИНТЕЗ""";;COM16072600072 (Лот 1);;;;;https://www.roseltorg.ru/procedure/COM16072600072/1
5905099475;"ООО ""ЛУКОЙЛ-ПЕРМНЕФТЕОРГСИНТЕЗ""";;Змеевики конвективной части печи 21-ВА-101;;;;;https://www.roseltorg.ru/procedure/COM16072600068/1
5905099475;"ООО ""ЛУКОЙЛ-ПЕРМНЕФТЕОРГСИНТЕЗ""";;COM16072600068 (Лот 1);;;;;https://www.roseltorg.ru/procedure/COM16072600068/1
5905099475;"ООО ""ЛУКОЙЛ-ПЕРМНЕФТЕОРГСИНТЕЗ""";;"Поставка 2027 года: ЗИП для насоса ДП 3200/12,5 для ООО &quot;ЛУКОЙЛ-Пермнефтеоргсинтез&quot;";;;;;https://www.roseltorg.ru/procedure/COM16072600043/1
5905099475;"ООО ""ЛУКОЙЛ-ПЕРМНЕФТЕОРГСИНТЕЗ""";;COM16072600043 (Лот 1);;;;;https://www.roseltorg.ru/procedure/COM16072600043/1
5905099475;"ООО ""ЛУКОЙЛ-ПЕРМНЕФТЕОРГСИНТЕЗ""";;"ЗИП для насоса ДП-1600/16 для ООО &quot;ЛУКОЙЛ-Пермнефтеоргсинтез&quot;";;;;;https://www.roseltorg.ru/procedure/COM15072600111/1
5905099475;"ООО ""ЛУКОЙЛ-ПЕРМНЕФТЕОРГСИНТЕЗ""";;COM15072600111 (Лот 1);;;;;https://www.roseltorg.ru/procedure/COM15072600111/1
5905099475;"ООО ""ЛУКОЙЛ-ПЕРМНЕФТЕОРГСИНТЕЗ""";;"Запрос предложений на ЗИП к насосному агрегату ДП 160/63 для ООО &quot;ЛУКОЙЛ-Пермнефтеоргсинтез&quot;";;;;;https://www.roseltorg.ru/procedure/COM15072600048/1
5905099475;"ООО ""ЛУКОЙЛ-ПЕРМНЕФТЕОРГСИНТЕЗ""";;COM15072600048 (Лот 1);;;;;https://www.roseltorg.ru/procedure/COM15072600048/1
5905099475;"ООО ""ЛУКОЙЛ-ПЕРМНЕФТЕОРГСИНТЕЗ""";;"Поставка 2027 года: ЗИП к агрегату ДП 10/100 для ООО &quot;ЛУКОЙЛ-Пермнефтеоргсинтез&quot;";;;;;https://www.roseltorg.ru/procedure/COM14072600135/1
5905099475;"ООО ""ЛУКОЙЛ-ПЕРМНЕФТЕОРГСИНТЕЗ""";;COM14072600135 (Лот 1);;;;;https://www.roseltorg.ru/procedure/COM14072600135/1
5905099475;"ООО ""ЛУКОЙЛ-ПЕРМНЕФТЕОРГСИНТЕЗ""";;Закупка электроприводов Nanotek в 2027 году для ООО «ЛУКОЙЛ-Пермнефтеоргсинтез».;;;;;https://www.roseltorg.ru/procedure/COM14072600102/1
5905099475;"ООО ""ЛУКОЙЛ-ПЕРМНЕФТЕОРГСИНТЕЗ""";;COM14072600102 (Лот 1);;;;;https://www.roseltorg.ru/procedure/COM14072600102/1
5905099475;"ООО ""ЛУКОЙЛ-ПЕРМНЕФТЕОРГСИНТЕЗ""";;Консоль сливо-наливного стояка по ТЗ ГПП ТСУ Корп.900;;;;;https://www.roseltorg.ru/procedure/COM14072600058/1
5905099475;"ООО ""ЛУКОЙЛ-ПЕРМНЕФТЕОРГСИНТЕЗ""";;COM14072600058 (Лот 1);;;;;https://www.roseltorg.ru/procedure/COM14072600058/1
5905099475;"ООО ""ЛУКОЙЛ-ПЕРМНЕФТЕОРГСИНТЕЗ""";;"Поставка 2027 года: ЗИП для насосных агрегатов для ООО &quot;ЛУКОЙЛ-Пермнефтеоргсинтез&quot;";;;;;https://www.roseltorg.ru/procedure/COM14072600012/1
5905099475;"ООО ""ЛУКОЙЛ-ПЕРМНЕФТЕОРГСИНТЕЗ""";;COM14072600012 (Лот 1);;;;;https://www.roseltorg.ru/procedure/COM14072600012/1
5905099475;"ООО ""ЛУКОЙЛ-ПЕРМНЕФТЕОРГСИНТЕЗ""";;"Поставка комплексов для ООО &quot;ЛУКОЙЛ-Пермнефтеоргсинтез&quot; в 2026 году";;;;;https://www.roseltorg.ru/procedure/COM10072600009/1
5905099475;"ООО ""ЛУКОЙЛ-ПЕРМНЕФТЕОРГСИНТЕЗ""";;COM10072600009 (Лот 1);;;;;https://www.roseltorg.ru/procedure/COM10072600009/1
5905099475;"ООО ""ЛУКОЙЛ-ПЕРМНЕФТЕОРГСИНТЕЗ""";;"Поставка перемычек для &quot;ЛУКОЙЛ-Пермнефтеоргсинтез&quot; в 2026 году";;;;;https://www.roseltorg.ru/procedure/COM09072600016/1
5905099475;"ООО ""ЛУКОЙЛ-ПЕРМНЕФТЕОРГСИНТЕЗ""";;COM09072600016 (Лот 1);;;;;https://www.roseltorg.ru/procedure/COM09072600016/1
5905099475;"ООО ""ЛУКОЙЛ-ПЕРМНЕФТЕОРГСИНТЕЗ""";;"Поставка аккумуляторов Kenwood KNB-50NC для ООО &quot;ЛУКОЙЛ-Пермнефтеоргсинтез&quot; в 2027 году";;;;;https://www.roseltorg.ru/procedure/COM08072600123/1
5905099475;"ООО ""ЛУКОЙЛ-ПЕРМНЕФТЕОРГСИНТЕЗ""";;COM08072600123 (Лот 1);;;;;https://www.roseltorg.ru/procedure/COM08072600123/1
5905099475;"ООО ""ЛУКОЙЛ-ПЕРМНЕФТЕОРГСИНТЕЗ""";;Установка поршневая компрессорная с электродвигателем;;;;;https://www.roseltorg.ru/procedure/COM07072600091/1
5905099475;"ООО ""ЛУКОЙЛ-ПЕРМНЕФТЕОРГСИНТЕЗ""";;COM07072600091 (Лот 1);;;;;https://www.roseltorg.ru/procedure/COM07072600091/1
5905099475;"ООО ""ЛУКОЙЛ-ПЕРМНЕФТЕОРГСИНТЕЗ""";;Поставка установки поршневой компрессорной;;;;;https://www.roseltorg.ru/procedure/COM30062600052/1
5905099475;"ООО ""ЛУКОЙЛ-ПЕРМНЕФТЕОРГСИНТЕЗ""";;COM30062600052 (Лот 1);;;;;https://www.roseltorg.ru/procedure/COM30062600052/1
5905099475;"ООО ""ЛУКОЙЛ-ПЕРМНЕФТЕОРГСИНТЕЗ""";;Детали трубопроводов (бобышки, заглушки, переходы);;;;;https://www.roseltorg.ru/procedure/COM22062600005/1
5905099475;"ООО ""ЛУКОЙЛ-ПЕРМНЕФТЕОРГСИНТЕЗ""";;COM22062600005 (Лот 1);;;;;https://www.roseltorg.ru/procedure/COM22062600005/1
5905099475;"ООО ""ЛУКОЙЛ-ПЕРМНЕФТЕОРГСИНТЕЗ""";;Поставка пирометров в 2026 году;;;;;https://www.roseltorg.ru/procedure/COM29042600009/1
5905099475;"ООО ""ЛУКОЙЛ-ПЕРМНЕФТЕОРГСИНТЕЗ""";;COM29042600009 (Лот 1);;;;;https://www.roseltorg.ru/procedure/COM29042600009/1
5905099475;"ООО ""ЛУКОЙЛ-ПЕРМНЕФТЕОРГСИНТЕЗ""";;"Поставка агрегатов насосных для ООО &quot;ЛУКОЙЛ-Пермнефтеоргсинтез&quot; в 2027 году";;;;;https://www.roseltorg.ru/procedure/COM30072600084/1
5905099475;"ООО ""ЛУКОЙЛ-ПЕРМНЕФТЕОРГСИНТЕЗ""";;COM30072600084 (Лот 1);;;;;https://www.roseltorg.ru/procedure/COM30072600084/1
5905099475;"ООО ""ЛУКОЙЛ-ПЕРМНЕФТЕОРГСИНТЕЗ""";;"Поставка Соединений шарнирных и ремкомплектов к ним для ООО &quot;ЛУКОЙЛ-Пермнефтеоргсинтез&quot; в 2027 году";;;;;https://www.roseltorg.ru/procedure/COM20072600101/1
5905099475;"ООО ""ЛУКОЙЛ-ПЕРМНЕФТЕОРГСИНТЕЗ""";;COM20072600101 (Лот 1);;;;;https://www.roseltorg.ru/procedure/COM20072600101/1
5905099475;"ООО ""ЛУКОЙЛ-ПЕРМНЕФТЕОРГСИНТЕЗ""";;"Поставка масленок постоянного уровня (МПУ) для ООО &quot;ЛУКОЙЛ-Пермнефтеоргсинтез&quot; в 2027 году";;;;;https://www.roseltorg.ru/procedure/COM15072600019/1
5905099475;"ООО ""ЛУКОЙЛ-ПЕРМНЕФТЕОРГСИНТЕЗ""";;COM15072600019 (Лот 1);;;;;https://www.roseltorg.ru/procedure/COM15072600019/1
5905099475;"ООО ""ЛУКОЙЛ-ПЕРМНЕФТЕОРГСИНТЕЗ""";;"Поставка деталей трубопровода (штуцеры, бобышки, ерши) для ООО &quot;ЛУКОЙЛ-Пермнефтеоргсинтез&quot; в 2027 году";;;;;https://www.roseltorg.ru/procedure/COM14072600107/1
5905099475;"ООО ""ЛУКОЙЛ-ПЕРМНЕФТЕОРГСИНТЕЗ""";;COM14072600107 (Лот 1);;;;;https://www.roseltorg.ru/procedure/COM14072600107/1
5905099475;"ООО ""ЛУКОЙЛ-ПЕРМНЕФТЕОРГСИНТЕЗ""";;Поставка инертных материалов Щебень гранитный фракция 20-40 - 260,85тн Щебень 40-80/1/1000/И2/F150 Г8267 -644,60тн Гравий фр.5-10 F100 ГОСТ 8267-93 - 10тн Смесь песчано-гравийная ГОСТ 25607-2009 -1986,00тн;;;;;https://www.roseltorg.ru/procedure/COM04032600011/1
5905099475;"ООО ""ЛУКОЙЛ-ПЕРМНЕФТЕОРГСИНТЕЗ""";;COM04032600011 (Лот 1);;;;;https://www.roseltorg.ru/procedure/COM04032600011/1
5905099475;"ООО ""ЛУКОЙЛ-ПЕРМНЕФТЕОРГСИНТЕЗ""";;Поставка вибропреобразователя DVA 141.214.E5X1 в 2025 году;;;;;https://www.roseltorg.ru/procedure/COM30092400026/1
5905099475;"ООО ""ЛУКОЙЛ-ПЕРМНЕФТЕОРГСИНТЕЗ""";;COM30092400026 (Лот 1);;;;;https://www.roseltorg.ru/procedure/COM30092400026/1
5905099475;"ООО ""ЛУКОЙЛ-ПЕРМНЕФТЕОРГСИНТЕЗ""";;Поставка стеклополотна Э2-100-(150);;;;;https://www.roseltorg.ru/procedure/COM17072400067/12
5905099475;"ООО ""ЛУКОЙЛ-ПЕРМНЕФТЕОРГСИНТЕЗ""";;COM17072400067 (Лот 12);;;;;https://www.roseltorg.ru/procedure/COM17072400067/12
5905099475;"ООО ""ЛУКОЙЛ-ПЕРМНЕФТЕОРГСИНТЕЗ""";;Продажа_ Контейнер 40-ка футовый Open Top б/у;;;;;https://www.roseltorg.ru/procedure/COM14112300051/1
5905099475;"ООО ""ЛУКОЙЛ-ПЕРМНЕФТЕОРГСИНТЕЗ""";;COM14112300051 (Лот 1);;;;;https://www.roseltorg.ru/procedure/COM14112300051/1
5905099475;"ООО ""ЛУКОЙЛ-ПЕРМНЕФТЕОРГСИНТЕЗ""";;ПРОДАЖА Клапан RN44001-400 DN400 PN16 КОФ - 9 шт.;;;;;https://www.roseltorg.ru/procedure/COM06102300068/1
5905099475;"ООО ""ЛУКОЙЛ-ПЕРМНЕФТЕОРГСИНТЕЗ""";;COM06102300068 (Лот 1);;;;;https://www.roseltorg.ru/procedure/COM06102300068/1
5905099475;"ООО ""ЛУКОЙЛ-ПЕРМНЕФТЕОРГСИНТЕЗ""";;Поставка пасты и геля;;;;;https://www.roseltorg.ru/procedure/COM24072600005/1
5905099475;"ООО ""ЛУКОЙЛ-ПЕРМНЕФТЕОРГСИНТЕЗ""";;COM24072600005 (Лот 1);;;;;https://www.roseltorg.ru/procedure/COM24072600005/1
5905099475;"ООО ""ЛУКОЙЛ-ПЕРМНЕФТЕОРГСИНТЕЗ""";;Закупка запорной арматуры;;;;;https://www.roseltorg.ru/procedure/COM21072600056/1
5905099475;"ООО ""ЛУКОЙЛ-ПЕРМНЕФТЕОРГСИНТЕЗ""";;COM21072600056 (Лот 1);;;;;https://www.roseltorg.ru/procedure/COM21072600056/1
5905099475;"ООО ""ЛУКОЙЛ-ПЕРМНЕФТЕОРГСИНТЕЗ""";;Поставка Цеолита NaX 3,6мм;;;;;https://www.roseltorg.ru/procedure/COM20072600038/1
5905099475;"ООО ""ЛУКОЙЛ-ПЕРМНЕФТЕОРГСИНТЕЗ""";;COM20072600038 (Лот 1);;;;;https://www.roseltorg.ru/procedure/COM20072600038/1
5905099475;"ООО ""ЛУКОЙЛ-ПЕРМНЕФТЕОРГСИНТЕЗ""";;"Поставка бани лабораторной и приборов вакуумного фильтрования для ООО &quot;ЛУКОЙЛ-Пермнефтеоргсинтез&quot; в 2027 году.";;;;;https://www.roseltorg.ru/procedure/COM17072600104/1
5905099475;"ООО ""ЛУКОЙЛ-ПЕРМНЕФТЕОРГСИНТЕЗ""";;COM17072600104 (Лот 1);;;;;https://www.roseltorg.ru/procedure/COM17072600104/1
5905099475;"ООО ""ЛУКОЙЛ-ПЕРМНЕФТЕОРГСИНТЕЗ""";;Поставка комбинезонов ДИОН ПРОФИ для ООО «ЛУКОЙЛ-Пермнефтеоргсинтез»;;;;;https://www.roseltorg.ru/procedure/COM17072600007/1
5905099475;"ООО ""ЛУКОЙЛ-ПЕРМНЕФТЕОРГСИНТЕЗ""";;COM17072600007 (Лот 1);;;;;https://www.roseltorg.ru/procedure/COM17072600007/1
5905099475;"ООО ""ЛУКОЙЛ-ПЕРМНЕФТЕОРГСИНТЕЗ""";;Поставка костюма Л-1 для ООО «ЛУКОЙЛ-Пермнефтеоргсинтез»;;;;;https://www.roseltorg.ru/procedure/COM17072600004/1
5905099475;"ООО ""ЛУКОЙЛ-ПЕРМНЕФТЕОРГСИНТЕЗ""";;COM17072600004 (Лот 1);;;;;https://www.roseltorg.ru/procedure/COM17072600004/1
5905099475;"ООО ""ЛУКОЙЛ-ПЕРМНЕФТЕОРГСИНТЕЗ""";;Закупка корпуса подшипника к насосу НПС 65/35-500;;;;;https://www.roseltorg.ru/procedure/COM16072600130/1
5905099475;"ООО ""ЛУКОЙЛ-ПЕРМНЕФТЕОРГСИНТЕЗ""";;COM16072600130 (Лот 1);;;;;https://www.roseltorg.ru/procedure/COM16072600130/1
5905099475;"ООО ""ЛУКОЙЛ-ПЕРМНЕФТЕОРГСИНТЕЗ""";;Закупка пружин для клапанов СППК;;;;;https://www.roseltorg.ru/procedure/COM16072600065/1
5905099475;"ООО ""ЛУКОЙЛ-ПЕРМНЕФТЕОРГСИНТЕЗ""";;COM16072600065 (Лот 1);;;;;https://www.roseltorg.ru/procedure/COM16072600065/1
5905099475;"ООО ""ЛУКОЙЛ-ПЕРМНЕФТЕОРГСИНТЕЗ""";;"Поставка 2027 года: Рабочие колеса к насосам НКВ для ООО &quot;ЛУКОЙЛ-Пермнефтеоргсинтез&quot;";;;;;https://www.roseltorg.ru/procedure/COM15072600093/1
5905099475;"ООО ""ЛУКОЙЛ-ПЕРМНЕФТЕОРГСИНТЕЗ""";;COM15072600093 (Лот 1);;;;;https://www.roseltorg.ru/procedure/COM15072600093/1
5905099475;"ООО ""ЛУКОЙЛ-ПЕРМНЕФТЕОРГСИНТЕЗ""";;Поставка лестниц АТК;;;;;https://www.roseltorg.ru/procedure/COM15072600085/1
5905099475;"ООО ""ЛУКОЙЛ-ПЕРМНЕФТЕОРГСИНТЕЗ""";;COM15072600085 (Лот 1);;;;;https://www.roseltorg.ru/procedure/COM15072600085/1
5905099475;"ООО ""ЛУКОЙЛ-ПЕРМНЕФТЕОРГСИНТЕЗ""";;Поставка цеолита для Zander KEN-6000, DA 87 A;;;;;https://www.roseltorg.ru/procedure/COM15072600082/1
5905099475;"ООО ""ЛУКОЙЛ-ПЕРМНЕФТЕОРГСИНТЕЗ""";;COM15072600082 (Лот 1);;;;;https://www.roseltorg.ru/procedure/COM15072600082/1
5905099475;"ООО ""ЛУКОЙЛ-ПЕРМНЕФТЕОРГСИНТЕЗ""";;Закупка запорной арматуры;;;;;https://www.roseltorg.ru/procedure/COM15072600042/1
5905099475;"ООО ""ЛУКОЙЛ-ПЕРМНЕФТЕОРГСИНТЕЗ""";;COM15072600042 (Лот 1);;;;;https://www.roseltorg.ru/procedure/COM15072600042/1
5905099475;"ООО ""ЛУКОЙЛ-ПЕРМНЕФТЕОРГСИНТЕЗ""";;Поставка активированного угля для сорбционных фильтров установки конденсатоочистки ГТУ ТЭС-200;;;;;https://www.roseltorg.ru/procedure/COM15072600036/1
5905099475;"ООО ""ЛУКОЙЛ-ПЕРМНЕФТЕОРГСИНТЕЗ""";;COM15072600036 (Лот 1);;;;;https://www.roseltorg.ru/procedure/COM15072600036/1
5905099475;"ООО ""ЛУКОЙЛ-ПЕРМНЕФТЕОРГСИНТЕЗ""";;Поставка угля АГ-3;;;;;https://www.roseltorg.ru/procedure/COM15072600027/1
5905099475;"ООО ""ЛУКОЙЛ-ПЕРМНЕФТЕОРГСИНТЕЗ""";;COM15072600027 (Лот 1);;;;;https://www.roseltorg.ru/procedure/COM15072600027/1
5905099475;"ООО ""ЛУКОЙЛ-ПЕРМНЕФТЕОРГСИНТЕЗ""";;Поставка креплений хомутовых;;;;;https://www.roseltorg.ru/procedure/COM15072600025/1
5905099475;"ООО ""ЛУКОЙЛ-ПЕРМНЕФТЕОРГСИНТЕЗ""";;COM15072600025 (Лот 1);;;;;https://www.roseltorg.ru/procedure/COM15072600025/1
5905099475;"ООО ""ЛУКОЙЛ-ПЕРМНЕФТЕОРГСИНТЕЗ""";;"Поставка реагента Гидразин-гидрат технический ГОСТ 19503-88 в 2027 году для ООО &quot;ЛУКОЙЛ-Пермнефтеоргсинтез&quot; (в соответствии с формой запроса ТКП)";;;;;https://www.roseltorg.ru/procedure/COM15072600020/1
5905099475;"ООО ""ЛУКОЙЛ-ПЕРМНЕФТЕОРГСИНТЕЗ""";;COM15072600020 (Лот 1);;;;;https://www.roseltorg.ru/procedure/COM15072600020/1
5905099475;"ООО ""ЛУКОЙЛ-ПЕРМНЕФТЕОРГСИНТЕЗ""";;"Поставка реагента Краситель органический флуоресцентный Уранин А в 2027 году для ООО &quot;ЛУКОЙЛ-Пермнефтеоргсинтез&quot; (в соответствии с формой запроса ТКП)";;;;;https://www.roseltorg.ru/procedure/COM15072600020/2
5905099475;"ООО ""ЛУКОЙЛ-ПЕРМНЕФТЕОРГСИНТЕЗ""";;COM15072600020 (Лот 2);;;;;https://www.roseltorg.ru/procedure/COM15072600020/2
5905099475;"ООО ""ЛУКОЙЛ-ПЕРМНЕФТЕОРГСИНТЕЗ""";;"Поставка реагента Лаурилсульфат натрия (кристаллический) в 2027 году для ООО &quot;ЛУКОЙЛ-Пермнефтеоргсинтез&quot; (в соответствии с формой запроса ТКП)";;;;;https://www.roseltorg.ru/procedure/COM15072600020/3
5905099475;"ООО ""ЛУКОЙЛ-ПЕРМНЕФТЕОРГСИНТЕЗ""";;COM15072600020 (Лот 3);;;;;https://www.roseltorg.ru/procedure/COM15072600020/3
5905099475;"ООО ""ЛУКОЙЛ-ПЕРМНЕФТЕОРГСИНТЕЗ""";;"Поставка реагента Натрий метабисульфит в 2027 году для ООО &quot;ЛУКОЙЛ-Пермнефтеоргсинтез&quot; (в соответствии с формой запроса ТКП)";;;;;https://www.roseltorg.ru/procedure/COM15072600020/4
5905099475;"ООО ""ЛУКОЙЛ-ПЕРМНЕФТЕОРГСИНТЕЗ""";;COM15072600020 (Лот 4);;;;;https://www.roseltorg.ru/procedure/COM15072600020/4
5905099475;"ООО ""ЛУКОЙЛ-ПЕРМНЕФТЕОРГСИНТЕЗ""";;"Поставка реагента Сода кальцинированная в 2027 году для ООО &quot;ЛУКОЙЛ-Пермнефтеоргсинтез&quot; (в соответствии с формой запроса ТКП)";;;;;https://www.roseltorg.ru/procedure/COM15072600020/5
5905099475;"ООО ""ЛУКОЙЛ-ПЕРМНЕФТЕОРГСИНТЕЗ""";;COM15072600020 (Лот 5);;;;;https://www.roseltorg.ru/procedure/COM15072600020/5
5905099475;"ООО ""ЛУКОЙЛ-ПЕРМНЕФТЕОРГСИНТЕЗ""";;"Поставка реагента Соль таблетированная NaCl в 2027 году для ООО &quot;ЛУКОЙЛ-Пермнефтеоргсинтез&quot; (в соответствии с формой запроса ТКП)";;;;;https://www.roseltorg.ru/procedure/COM15072600020/6
5905099475;"ООО ""ЛУКОЙЛ-ПЕРМНЕФТЕОРГСИНТЕЗ""";;COM15072600020 (Лот 6);;;;;https://www.roseltorg.ru/procedure/COM15072600020/6
5905099475;"ООО ""ЛУКОЙЛ-ПЕРМНЕФТЕОРГСИНТЕЗ""";;"Поставка реагента Тринатрийфосфат ГОСТ 201-76 в 2027 году для ООО &quot;ЛУКОЙЛ-Пермнефтеоргсинтез&quot; (в соответствии с формой запроса ТКП)";;;;;https://www.roseltorg.ru/procedure/COM15072600020/7
5905099475;"ООО ""ЛУКОЙЛ-ПЕРМНЕФТЕОРГСИНТЕЗ""";;COM15072600020 (Лот 7);;;;;https://www.roseltorg.ru/procedure/COM15072600020/7
5905099475;"ООО ""ЛУКОЙЛ-ПЕРМНЕФТЕОРГСИНТЕЗ""";;Закупка запорной арматуры;;;;;https://www.roseltorg.ru/procedure/COM15072600018/1
5905099475;"ООО ""ЛУКОЙЛ-ПЕРМНЕФТЕОРГСИНТЕЗ""";;COM15072600018 (Лот 1);;;;;https://www.roseltorg.ru/procedure/COM15072600018/1
5905099475;"ООО ""ЛУКОЙЛ-ПЕРМНЕФТЕОРГСИНТЕЗ""";;Поставка насадки для вакуумного осушителя DA-05 отпарки гидрогенизата дизельного топлива установки гидроочистки средних дистиллятов 24-100;;;;;https://www.roseltorg.ru/procedure/COM15072600004/1
5905099475;"ООО ""ЛУКОЙЛ-ПЕРМНЕФТЕОРГСИНТЕЗ""";;COM15072600004 (Лот 1);;;;;https://www.roseltorg.ru/procedure/COM15072600004/1
5905099475;"ООО ""ЛУКОЙЛ-ПЕРМНЕФТЕОРГСИНТЕЗ""";;Поставка шаровых кранов;;;;;https://www.roseltorg.ru/procedure/COM14072600133/1
5905099475;"ООО ""ЛУКОЙЛ-ПЕРМНЕФТЕОРГСИНТЕЗ""";;COM14072600133 (Лот 1);;;;;https://www.roseltorg.ru/procedure/COM14072600133/1
5905099475;"ООО ""ЛУКОЙЛ-ПЕРМНЕФТЕОРГСИНТЕЗ""";;"Поставка Композиция каталитическая ИВКАЗ-ВАР ИВКАЗ в 2027 году для ООО &quot;ЛУКОЙЛ-Пермнефтеоргсинтез&quot; (в соответствии с формой запроса ТКП)";;;;;https://www.roseltorg.ru/procedure/COM14072600104/1
5905099475;"ООО ""ЛУКОЙЛ-ПЕРМНЕФТЕОРГСИНТЕЗ""";;COM14072600104 (Лот 1);;;;;https://www.roseltorg.ru/procedure/COM14072600104/1
5905099475;"ООО ""ЛУКОЙЛ-ПЕРМНЕФТЕОРГСИНТЕЗ""";;Закупка Электропривод ПЭМ-Б250-96-ЦС2-2 кран 24 в 2027 году для ООО «ЛУКОЙЛ-Пермнефтеоргсинтез».;;;;;https://www.roseltorg.ru/procedure/COM14072600100/1
5905099475;"ООО ""ЛУКОЙЛ-ПЕРМНЕФТЕОРГСИНТЕЗ""";;COM14072600100 (Лот 1);;;;;https://www.roseltorg.ru/procedure/COM14072600100/1
5905099475;"ООО ""ЛУКОЙЛ-ПЕРМНЕФТЕОРГСИНТЕЗ""";;Поставка гидроантрацита;;;;;https://www.roseltorg.ru/procedure/COM14072600078/1
5905099475;"ООО ""ЛУКОЙЛ-ПЕРМНЕФТЕОРГСИНТЕЗ""";;COM14072600078 (Лот 1);;;;;https://www.roseltorg.ru/procedure/COM14072600078/1
5905099475;"ООО ""ЛУКОЙЛ-ПЕРМНЕФТЕОРГСИНТЕЗ""";;Поставка шаров инертных керамических d3 мм;;;;;https://www.roseltorg.ru/procedure/COM14072600053/1
5905099475;"ООО ""ЛУКОЙЛ-ПЕРМНЕФТЕОРГСИНТЕЗ""";;COM14072600053 (Лот 1);;;;;https://www.roseltorg.ru/procedure/COM14072600053/1
5905099475;"ООО ""ЛУКОЙЛ-ПЕРМНЕФТЕОРГСИНТЕЗ""";;закупка газоанализаторов стационарных ПДК H2SO4 опросный лист PGPN-009;;;;;https://www.roseltorg.ru/procedure/COM13072600118/1
5905099475;"ООО ""ЛУКОЙЛ-ПЕРМНЕФТЕОРГСИНТЕЗ""";;COM13072600118 (Лот 1);;;;;https://www.roseltorg.ru/procedure/COM13072600118/1
5905099475;"ООО ""ЛУКОЙЛ-ПЕРМНЕФТЕОРГСИНТЕЗ""";;"Поставка трубы центральной для реактора для ООО &quot;Пермнефтеоргсинтез&quot; в 2027 году";;;;;https://www.roseltorg.ru/procedure/COM13072600038/1
5905099475;"ООО ""ЛУКОЙЛ-ПЕРМНЕФТЕОРГСИНТЕЗ""";;COM13072600038 (Лот 1);;;;;https://www.roseltorg.ru/procedure/COM13072600038/1
5905099475;"ООО ""ЛУКОЙЛ-ПЕРМНЕФТЕОРГСИНТЕЗ""";;Поставка платинового катализатора АП-15У для реактора Р-5 установки Л35-8/300Б;;;;;https://www.roseltorg.ru/procedure/COM10072600022/1
5905099475;"ООО ""ЛУКОЙЛ-ПЕРМНЕФТЕОРГСИНТЕЗ""";;COM10072600022 (Лот 1);;;;;https://www.roseltorg.ru/procedure/COM10072600022/1
5905099475;"ООО ""ЛУКОЙЛ-ПЕРМНЕФТЕОРГСИНТЕЗ""";;Поставка запасных частей и комплектующих для торцевого уплотнения 118УТТ;;;;;https://www.roseltorg.ru/procedure/COM09072600067/1
5905099475;"ООО ""ЛУКОЙЛ-ПЕРМНЕФТЕОРГСИНТЕЗ""";;COM09072600067 (Лот 1);;;;;https://www.roseltorg.ru/procedure/COM09072600067/1
5905099475;"ООО ""ЛУКОЙЛ-ПЕРМНЕФТЕОРГСИНТЕЗ""";;"Поставка металлических прокладок для ООО &quot;Лукойл-Пермнефтеоргсинтез&quot; в 2027 году";;;;;https://www.roseltorg.ru/procedure/COM09072600065/1
5905099475;"ООО ""ЛУКОЙЛ-ПЕРМНЕФТЕОРГСИНТЕЗ""";;COM09072600065 (Лот 1);;;;;https://www.roseltorg.ru/procedure/COM09072600065/1
5905099475;"ООО ""ЛУКОЙЛ-ПЕРМНЕФТЕОРГСИНТЕЗ""";;"Поставка электромонтажного оборудования для &quot;ЛУКОЙЛ-Пермнефтеоргсинтез&quot; в 2027 году";;;;;https://www.roseltorg.ru/procedure/COM09072600045/1
5905099475;"ООО ""ЛУКОЙЛ-ПЕРМНЕФТЕОРГСИНТЕЗ""";;COM09072600045 (Лот 1);;;;;https://www.roseltorg.ru/procedure/COM09072600045/1
5905099475;"ООО ""ЛУКОЙЛ-ПЕРМНЕФТЕОРГСИНТЕЗ""";;"Поставка световых приборов для &quot;ЛУКОЙЛ-Пермнефтеоргсинтез&quot; в 2027 году";;;;;https://www.roseltorg.ru/procedure/COM09072600031/1
5905099475;"ООО ""ЛУКОЙЛ-ПЕРМНЕФТЕОРГСИНТЕЗ""";;COM09072600031 (Лот 1);;;;;https://www.roseltorg.ru/procedure/COM09072600031/1
5905099475;"ООО ""ЛУКОЙЛ-ПЕРМНЕФТЕОРГСИНТЕЗ""";;Поставка покрытия iNDUSTRIAL Step для ООО «ЛУКОЙЛ-Пермнефтеоргсинтез» в 2026 году;;;;;https://www.roseltorg.ru/procedure/COM09072600017/1
5905099475;"ООО ""ЛУКОЙЛ-ПЕРМНЕФТЕОРГСИНТЕЗ""";;COM09072600017 (Лот 1);;;;;https://www.roseltorg.ru/procedure/COM09072600017/1
5905099475;"ООО ""ЛУКОЙЛ-ПЕРМНЕФТЕОРГСИНТЕЗ""";;"Поставка реагента Концентрат минеральный Галит марка А в 2027 году для ООО &quot;ЛУКОЙЛ-Пермнефтеоргсинтез&quot; (в соответствии с формой запроса ТКП)";;;;;https://www.roseltorg.ru/procedure/COM09072600006/1
5905099475;"ООО ""ЛУКОЙЛ-ПЕРМНЕФТЕОРГСИНТЕЗ""";;COM09072600006 (Лот 1);;;;;https://www.roseltorg.ru/procedure/COM09072600006/1
5905099475;"ООО ""ЛУКОЙЛ-ПЕРМНЕФТЕОРГСИНТЕЗ""";;Поставка манометров в 2026 году;;;;;https://www.roseltorg.ru/procedure/COM08072600173/1
5905099475;"ООО ""ЛУКОЙЛ-ПЕРМНЕФТЕОРГСИНТЕЗ""";;COM08072600173 (Лот 1);;;;;https://www.roseltorg.ru/procedure/COM08072600173/1
5905099475;"ООО ""ЛУКОЙЛ-ПЕРМНЕФТЕОРГСИНТЕЗ""";;Поставка манометров в 2027 году;;;;;https://www.roseltorg.ru/procedure/COM08072600167/1
5905099475;"ООО ""ЛУКОЙЛ-ПЕРМНЕФТЕОРГСИНТЕЗ""";;COM08072600167 (Лот 1);;;;;https://www.roseltorg.ru/procedure/COM08072600167/1
5905099475;"ООО ""ЛУКОЙЛ-ПЕРМНЕФТЕОРГСИНТЕЗ""";;закупка крана шарового DN80 PN16 с пневмоприводом КОФ;;;;;https://www.roseltorg.ru/procedure/COM08072600159/1
5905099475;"ООО ""ЛУКОЙЛ-ПЕРМНЕФТЕОРГСИНТЕЗ""";;COM08072600159 (Лот 1);;;;;https://www.roseltorg.ru/procedure/COM08072600159/1
5905099475;"ООО ""ЛУКОЙЛ-ПЕРМНЕФТЕОРГСИНТЕЗ""";;"Поставка переключателей для ООО &quot;ЛУКОЙЛ-Пермнефтеоргсинтез&quot; в 2027 году";;;;;https://www.roseltorg.ru/procedure/COM08072600158/1
5905099475;"ООО ""ЛУКОЙЛ-ПЕРМНЕФТЕОРГСИНТЕЗ""";;COM08072600158 (Лот 1);;;;;https://www.roseltorg.ru/procedure/COM08072600158/1
5905099475;"ООО ""ЛУКОЙЛ-ПЕРМНЕФТЕОРГСИНТЕЗ""";;Закупка бензогенератора инверторного ТСС SGG 3000ESi 2027 году для ООО «ЛУКОЙЛ-Пермнефтеоргсинтез».;;;;;https://www.roseltorg.ru/procedure/COM08072600154/1
5905099475;"ООО ""ЛУКОЙЛ-ПЕРМНЕФТЕОРГСИНТЕЗ""";;COM08072600154 (Лот 1);;;;;https://www.roseltorg.ru/procedure/COM08072600154/1
5905099475;"ООО ""ЛУКОЙЛ-ПЕРМНЕФТЕОРГСИНТЕЗ""";;"Поставка вентиляторов для ООО &quot;ЛУКОЙЛ-Пермнефтеоргсинтез&quot; в 2027 году";;;;;https://www.roseltorg.ru/procedure/COM08072600153/1
5905099475;"ООО ""ЛУКОЙЛ-ПЕРМНЕФТЕОРГСИНТЕЗ""";;COM08072600153 (Лот 1);;;;;https://www.roseltorg.ru/procedure/COM08072600153/1
5905099475;"ООО ""ЛУКОЙЛ-ПЕРМНЕФТЕОРГСИНТЕЗ""";;"Поставка постов сигнализации, источников питания/аккумуляторов к ним (в т.ч. ИП РИП, МИП, ETALON FORS) для ООО &quot;ЛУКОЙЛ-Пермнефтеоргсинтез&quot; в 2027 году";;;;;https://www.roseltorg.ru/procedure/COM08072600148/1
5905099475;"ООО ""ЛУКОЙЛ-ПЕРМНЕФТЕОРГСИНТЕЗ""";;COM08072600148 (Лот 1);;;;;https://www.roseltorg.ru/procedure/COM08072600148/1
5905099475;"ООО ""ЛУКОЙЛ-ПЕРМНЕФТЕОРГСИНТЕЗ""";;закупка клапанов электромагнитных;;;;;https://www.roseltorg.ru/procedure/COM08072600137/1
5905099475;"ООО ""ЛУКОЙЛ-ПЕРМНЕФТЕОРГСИНТЕЗ""";;COM08072600137 (Лот 1);;;;;https://www.roseltorg.ru/procedure/COM08072600137/1
5905099475;"ООО ""ЛУКОЙЛ-ПЕРМНЕФТЕОРГСИНТЕЗ""";;"Поставка блоков питания и аккумуляторов для ООО &quot;ЛУКОЙЛ-Пермнефтеоргсинтез&quot; в 2027 году";;;;;https://www.roseltorg.ru/procedure/COM08072600133/1
5905099475;"ООО ""ЛУКОЙЛ-ПЕРМНЕФТЕОРГСИНТЕЗ""";;COM08072600133 (Лот 1);;;;;https://www.roseltorg.ru/procedure/COM08072600133/1
5905099475;"ООО ""ЛУКОЙЛ-ПЕРМНЕФТЕОРГСИНТЕЗ""";;Поставка термометров и пирометров в 2027 году;;;;;https://www.roseltorg.ru/procedure/COM08072600128/1
5905099475;"ООО ""ЛУКОЙЛ-ПЕРМНЕФТЕОРГСИНТЕЗ""";;COM08072600128 (Лот 1);;;;;https://www.roseltorg.ru/procedure/COM08072600128/1
5905099475;"ООО ""ЛУКОЙЛ-ПЕРМНЕФТЕОРГСИНТЕЗ""";;Закупка перемычек заземления в 2026 году для ООО «ЛУКОЙЛ-Пермнефтеоргсинтез».;;;;;https://www.roseltorg.ru/procedure/COM08072600120/1
5905099475;"ООО ""ЛУКОЙЛ-ПЕРМНЕФТЕОРГСИНТЕЗ""";;COM08072600120 (Лот 1);;;;;https://www.roseltorg.ru/procedure/COM08072600120/1
5905099475;"ООО ""ЛУКОЙЛ-ПЕРМНЕФТЕОРГСИНТЕЗ""";;Закупка Барьеров искрозащиты;;;;;https://www.roseltorg.ru/procedure/COM08072600118/1
5905099475;"ООО ""ЛУКОЙЛ-ПЕРМНЕФТЕОРГСИНТЕЗ""";;COM08072600118 (Лот 1);;;;;https://www.roseltorg.ru/procedure/COM08072600118/1
5905099475;"ООО ""ЛУКОЙЛ-ПЕРМНЕФТЕОРГСИНТЕЗ""";;Поставка электронагревателей в 2027 году;;;;;https://www.roseltorg.ru/procedure/COM08072600116/1
5905099475;"ООО ""ЛУКОЙЛ-ПЕРМНЕФТЕОРГСИНТЕЗ""";;COM08072600116 (Лот 1);;;;;https://www.roseltorg.ru/procedure/COM08072600116/1
5905099475;"ООО ""ЛУКОЙЛ-ПЕРМНЕФТЕОРГСИНТЕЗ""";;"Поставка измерителя напряженности электростатического поля на 2027 год для ООО &quot;ЛУКОЙЛ- Пермнефтеоргсинтез&quot;";;;;;https://www.roseltorg.ru/procedure/COM08072600107/1
5905099475;"ООО ""ЛУКОЙЛ-ПЕРМНЕФТЕОРГСИНТЕЗ""";;COM08072600107 (Лот 1);;;;;https://www.roseltorg.ru/procedure/COM08072600107/1
5905099475;"ООО ""ЛУКОЙЛ-ПЕРМНЕФТЕОРГСИНТЕЗ""";;Закупка Модулей Rexroth;;;;;https://www.roseltorg.ru/procedure/COM08072600106/1
5905099475;"ООО ""ЛУКОЙЛ-ПЕРМНЕФТЕОРГСИНТЕЗ""";;COM08072600106 (Лот 1);;;;;https://www.roseltorg.ru/procedure/COM08072600106/1
5905099475;"ООО ""ЛУКОЙЛ-ПЕРМНЕФТЕОРГСИНТЕЗ""";;"Закупка кабельной продукции в 2026 для &quot;ЛУКОЙЛ-Пермнефтеоргсинтез&quot;";;;;;https://www.roseltorg.ru/procedure/COM08072600105/1
5905099475;"ООО ""ЛУКОЙЛ-ПЕРМНЕФТЕОРГСИНТЕЗ""";;COM08072600105 (Лот 1);;;;;https://www.roseltorg.ru/procedure/COM08072600105/1
5905099475;"ООО ""ЛУКОЙЛ-ПЕРМНЕФТЕОРГСИНТЕЗ""";;"Поставка Электрощита к ДЭ-25 для ООО &quot;ЛУКОЙЛ-Пермнефтеоргсинтез&quot; в 2027 году";;;;;https://www.roseltorg.ru/procedure/COM08072600095/1
5905099475;"ООО ""ЛУКОЙЛ-ПЕРМНЕФТЕОРГСИНТЕЗ""";;COM08072600095 (Лот 1);;;;;https://www.roseltorg.ru/procedure/COM08072600095/1
5905099475;"ООО ""ЛУКОЙЛ-ПЕРМНЕФТЕОРГСИНТЕЗ""";;Поставка кварцевых песков;;;;;https://www.roseltorg.ru/procedure/COM08072600048/1
5905099475;"ООО ""ЛУКОЙЛ-ПЕРМНЕФТЕОРГСИНТЕЗ""";;COM08072600048 (Лот 1);;;;;https://www.roseltorg.ru/procedure/COM08072600048/1
5905099475;"ООО ""ЛУКОЙЛ-ПЕРМНЕФТЕОРГСИНТЕЗ""";;Поставка металлоконструкций;;;;;https://www.roseltorg.ru/procedure/COM08072600005/1
5905099475;"ООО ""ЛУКОЙЛ-ПЕРМНЕФТЕОРГСИНТЕЗ""";;COM08072600005 (Лот 1);;;;;https://www.roseltorg.ru/procedure/COM08072600005/1
5905099475;"ООО ""ЛУКОЙЛ-ПЕРМНЕФТЕОРГСИНТЕЗ""";;Поставка подвески ПГ-32-50 Н1050 20;;;;;https://www.roseltorg.ru/procedure/COM07072600062/1
5905099475;"ООО ""ЛУКОЙЛ-ПЕРМНЕФТЕОРГСИНТЕЗ""";;COM07072600062 (Лот 1);;;;;https://www.roseltorg.ru/procedure/COM07072600062/1
5905099475;"ООО ""ЛУКОЙЛ-ПЕРМНЕФТЕОРГСИНТЕЗ""";;Поставка фильтров сетчатых;;;;;https://www.roseltorg.ru/procedure/COM03072600135/1
5905099475;"ООО ""ЛУКОЙЛ-ПЕРМНЕФТЕОРГСИНТЕЗ""";;COM03072600135 (Лот 1);;;;;https://www.roseltorg.ru/procedure/COM03072600135/1
5905099475;"ООО ""ЛУКОЙЛ-ПЕРМНЕФТЕОРГСИНТЕЗ""";;"Закупка кабельной продукции в 2026 для &quot;ЛУКОЙЛ-Пермнефтеоргсинтез&quot;";;;;;https://www.roseltorg.ru/procedure/COM03072600092/1
5905099475;"ООО ""ЛУКОЙЛ-ПЕРМНЕФТЕОРГСИНТЕЗ""";;COM03072600092 (Лот 1);;;;;https://www.roseltorg.ru/procedure/COM03072600092/1
5905099475;"ООО ""ЛУКОЙЛ-ПЕРМНЕФТЕОРГСИНТЕЗ""";;"Поставка инструмента для нужд ООО &quot;Лукойл-Пермнефтеоргсинтез&quot; в 2026 году";;;;;https://www.roseltorg.ru/procedure/COM03072600082/1
5905099475;"ООО ""ЛУКОЙЛ-ПЕРМНЕФТЕОРГСИНТЕЗ""";;COM03072600082 (Лот 1);;;;;https://www.roseltorg.ru/procedure/COM03072600082/1
5905099475;"ООО ""ЛУКОЙЛ-ПЕРМНЕФТЕОРГСИНТЕЗ""";;Поставка герметика ВГО для ООО «ЛУКОЙЛ-Пермнефтеоргсинтез» в 2027 году;;;;;https://www.roseltorg.ru/procedure/COM03072600028/1
5905099475;"ООО ""ЛУКОЙЛ-ПЕРМНЕФТЕОРГСИНТЕЗ""";;COM03072600028 (Лот 1);;;;;https://www.roseltorg.ru/procedure/COM03072600028/1
5905099475;"ООО ""ЛУКОЙЛ-ПЕРМНЕФТЕОРГСИНТЕЗ""";;Поставка песчано-солевой смеси для ООО «ЛУКОЙЛ-Пермнефтеоргсинтез» в 2026 году;;;;;https://www.roseltorg.ru/procedure/COM03072600018/1
5905099475;"ООО ""ЛУКОЙЛ-ПЕРМНЕФТЕОРГСИНТЕЗ""";;COM03072600018 (Лот 1);;;;;https://www.roseltorg.ru/procedure/COM03072600018/1
5905099475;"ООО ""ЛУКОЙЛ-ПЕРМНЕФТЕОРГСИНТЕЗ""";;Поставка мастики для ремонта футеровки для ООО «ЛУКОЙЛ-Пермнефтеоргсинтез» в 2026 году;;;;;https://www.roseltorg.ru/procedure/COM03072600017/1
5905099475;"ООО ""ЛУКОЙЛ-ПЕРМНЕФТЕОРГСИНТЕЗ""";;COM03072600017 (Лот 1);;;;;https://www.roseltorg.ru/procedure/COM03072600017/1
5905099475;"ООО ""ЛУКОЙЛ-ПЕРМНЕФТЕОРГСИНТЕЗ""";;"Поставка уплотнительных прокладок для ООО &quot;ЛУКОЙЛ-Пермнефтеоргсинтез&quot;";;;;;https://www.roseltorg.ru/procedure/COM02072600029/1
5905099475;"ООО ""ЛУКОЙЛ-ПЕРМНЕФТЕОРГСИНТЕЗ""";;COM02072600029 (Лот 1);;;;;https://www.roseltorg.ru/procedure/COM02072600029/1
5905099475;"ООО ""ЛУКОЙЛ-ПЕРМНЕФТЕОРГСИНТЕЗ""";;"Поставка реагента антигололедный Айсмелт ХКНМ в 2027 году для ООО &quot;ЛУКОЙЛ-Пермнефтеоргсинтез (в соответствии с формой запроса ТКП)";;;;;https://www.roseltorg.ru/procedure/COM01072600122/1
5905099475;"ООО ""ЛУКОЙЛ-ПЕРМНЕФТЕОРГСИНТЕЗ""";;COM01072600122 (Лот 1);;;;;https://www.roseltorg.ru/procedure/COM01072600122/1
5905099475;"ООО ""ЛУКОЙЛ-ПЕРМНЕФТЕОРГСИНТЕЗ""";;"Поставка техпластин, резины МБС для ООО &quot;ЛУКОЙЛ-Пермнефтеоргсинтез&quot; в 2027 году";;;;;https://www.roseltorg.ru/procedure/COM01072600117/1
5905099475;"ООО ""ЛУКОЙЛ-ПЕРМНЕФТЕОРГСИНТЕЗ""";;COM01072600117 (Лот 1);;;;;https://www.roseltorg.ru/procedure/COM01072600117/1
5905099475;"ООО ""ЛУКОЙЛ-ПЕРМНЕФТЕОРГСИНТЕЗ""";;"Поставка реагента кислота лимонная моногидрат пищевая ГОСТ 908-2004 в 2027 году для ООО &quot;ЛУКОЙЛ-Пермнефтеоргсинтез&quot; (в соответствии с формой запроса ТКП)";;;;;https://www.roseltorg.ru/procedure/COM01072600107/1
5905099475;"ООО ""ЛУКОЙЛ-ПЕРМНЕФТЕОРГСИНТЕЗ""";;COM01072600107 (Лот 1);;;;;https://www.roseltorg.ru/procedure/COM01072600107/1
5905099475;"ООО ""ЛУКОЙЛ-ПЕРМНЕФТЕОРГСИНТЕЗ""";;"Поставка реагентов на 2027 г для ООО &quot;ЛУКОЙЛ-Пермнефтеоргсинтез&quot; Концентрат слабокислотный ингибированный JurbySoft DS2";;;;;https://www.roseltorg.ru/procedure/COM01072600102/2
5905099475;"ООО ""ЛУКОЙЛ-ПЕРМНЕФТЕОРГСИНТЕЗ""";;COM01072600102 (Лот 2);;;;;https://www.roseltorg.ru/procedure/COM01072600102/2
5905099475;"ООО ""ЛУКОЙЛ-ПЕРМНЕФТЕОРГСИНТЕЗ""";;"Поставка реагентов на 2027 г для ООО &quot;ЛУКОЙЛ-Пермнефтеоргсинтез&quot; Ингибитор коррозии конденсатных линий JurbySoft 36";;;;;https://www.roseltorg.ru/procedure/COM01072600102/3
5905099475;"ООО ""ЛУКОЙЛ-ПЕРМНЕФТЕОРГСИНТЕЗ""";;COM01072600102 (Лот 3);;;;;https://www.roseltorg.ru/procedure/COM01072600102/3
5905099475;"ООО ""ЛУКОЙЛ-ПЕРМНЕФТЕОРГСИНТЕЗ""";;"Поставка реагентов на 2027 г для ООО &quot;ЛУКОЙЛ-Пермнефтеоргсинтез&quot; -Ингибитор коррозии и накипеобразования JurbySoft 12";;;;;https://www.roseltorg.ru/procedure/COM01072600102/1
5905099475;"ООО ""ЛУКОЙЛ-ПЕРМНЕФТЕОРГСИНТЕЗ""";;COM01072600102 (Лот 1);;;;;https://www.roseltorg.ru/procedure/COM01072600102/1
5905099475;"ООО ""ЛУКОЙЛ-ПЕРМНЕФТЕОРГСИНТЕЗ""";;"Поставка термометров на 2027 год для ООО &quot;ЛУКОЙЛ-Пермнефтеоргсинтез&quot;";;;;;https://www.roseltorg.ru/procedure/COM01072600101/1
5905099475;"ООО ""ЛУКОЙЛ-ПЕРМНЕФТЕОРГСИНТЕЗ""";;COM01072600101 (Лот 1);;;;;https://www.roseltorg.ru/procedure/COM01072600101/1
5905099475;"ООО ""ЛУКОЙЛ-ПЕРМНЕФТЕОРГСИНТЕЗ""";;"Поставка реагента метанол технический марки А ГОСТ 2222-95 в 2027 году для ООО &quot;ЛУКОЙЛ-Пермнефтеоргсинтез&quot; (в соответствии с формой запроса ТКП)";;;;;https://www.roseltorg.ru/procedure/COM01072600081/1
5905099475;"ООО ""ЛУКОЙЛ-ПЕРМНЕФТЕОРГСИНТЕЗ""";;COM01072600081 (Лот 1);;;;;https://www.roseltorg.ru/procedure/COM01072600081/1
5905099475;"ООО ""ЛУКОЙЛ-ПЕРМНЕФТЕОРГСИНТЕЗ""";;"Поставка ареометров на 2027 год для ООО &quot;ЛУКОЙЛ- Пермнефтеоргсинтез&quot;";;;;;https://www.roseltorg.ru/procedure/COM01072600010/1
5905099475;"ООО ""ЛУКОЙЛ-ПЕРМНЕФТЕОРГСИНТЕЗ""";;COM01072600010 (Лот 1);;;;;https://www.roseltorg.ru/procedure/COM01072600010/1
5905099475;"ООО ""ЛУКОЙЛ-ПЕРМНЕФТЕОРГСИНТЕЗ""";;Поставка защитных слоев CatTrap;;;;;https://www.roseltorg.ru/procedure/COM30062600071/1
5905099475;"ООО ""ЛУКОЙЛ-ПЕРМНЕФТЕОРГСИНТЕЗ""";;COM30062600071 (Лот 1);;;;;https://www.roseltorg.ru/procedure/COM30062600071/1
5905099475;"ООО ""ЛУКОЙЛ-ПЕРМНЕФТЕОРГСИНТЕЗ""";;"поставка 2027 года лабораторной мебели для ООО &quot;ЛУКОЙЛ-Пермнефтеоргсинтез&quot; (шкафы лабораторные вытяжные)";;;;;https://www.roseltorg.ru/procedure/COM29062600101/1
5905099475;"ООО ""ЛУКОЙЛ-ПЕРМНЕФТЕОРГСИНТЕЗ""";;COM29062600101 (Лот 1);;;;;https://www.roseltorg.ru/procedure/COM29062600101/1
5905099475;"ООО ""ЛУКОЙЛ-ПЕРМНЕФТЕОРГСИНТЕЗ""";;Поставка цеолита;;;;;https://www.roseltorg.ru/procedure/COM29062600090/1
5905099475;"ООО ""ЛУКОЙЛ-ПЕРМНЕФТЕОРГСИНТЕЗ""";;COM29062600090 (Лот 1);;;;;https://www.roseltorg.ru/procedure/COM29062600090/1
5905099475;"ООО ""ЛУКОЙЛ-ПЕРМНЕФТЕОРГСИНТЕЗ""";;"Поставка 2027 года запчастей и комплектующих для лабораторного оборудования для ООО &quot;ЛУКОЙЛ-Пермнефтеоргсинтез&quot; (лабораторные принадлежности)";;;;;https://www.roseltorg.ru/procedure/COM29062600088/1
5905099475;"ООО ""ЛУКОЙЛ-ПЕРМНЕФТЕОРГСИНТЕЗ""";;COM29062600088 (Лот 1);;;;;https://www.roseltorg.ru/procedure/COM29062600088/1
5905099475;"ООО ""ЛУКОЙЛ-ПЕРМНЕФТЕОРГСИНТЕЗ""";;"Поставка 2027 года запчастей и комплектующих для лабораторного оборудования для ООО &quot;ЛУКОЙЛ-Пермнефтеоргсинтез&quot; (лабораторные материалы)";;;;;https://www.roseltorg.ru/procedure/COM29062600079/1
5905099475;"ООО ""ЛУКОЙЛ-ПЕРМНЕФТЕОРГСИНТЕЗ""";;COM29062600079 (Лот 1);;;;;https://www.roseltorg.ru/procedure/COM29062600079/1
5905099475;"ООО ""ЛУКОЙЛ-ПЕРМНЕФТЕОРГСИНТЕЗ""";;Поставка лакокрасочной продукции для ООО «ЛУКОЙЛ-Пермнефтеоргсинтез» в 2026 году;;;;;https://www.roseltorg.ru/procedure/COM29062600050/1
5905099475;"ООО ""ЛУКОЙЛ-ПЕРМНЕФТЕОРГСИНТЕЗ""";;COM29062600050 (Лот 1);;;;;https://www.roseltorg.ru/procedure/COM29062600050/1
5905099475;"ООО ""ЛУКОЙЛ-ПЕРМНЕФТЕОРГСИНТЕЗ""";;Поставка лакокрасочной продукции _КАМСКИЕ КРАСКИ_ для ООО «ЛУКОЙЛ-Пермнефтеоргсинтез» в 2026 году;;;;;https://www.roseltorg.ru/procedure/COM29062600048/1
5905099475;"ООО ""ЛУКОЙЛ-ПЕРМНЕФТЕОРГСИНТЕЗ""";;COM29062600048 (Лот 1);;;;;https://www.roseltorg.ru/procedure/COM29062600048/1
5905099475;"ООО ""ЛУКОЙЛ-ПЕРМНЕФТЕОРГСИНТЕЗ""";;"Поставка запчастей и расходных материалов к лабораторному оборудованию для ООО &quot;ЛУКОЙЛ-Пермнефтеоргсинтез&quot; на 2027 год";;;;;https://www.roseltorg.ru/procedure/COM29062600045/1
5905099475;"ООО ""ЛУКОЙЛ-ПЕРМНЕФТЕОРГСИНТЕЗ""";;COM29062600045 (Лот 1);;;;;https://www.roseltorg.ru/procedure/COM29062600045/1
5905099475;"ООО ""ЛУКОЙЛ-ПЕРМНЕФТЕОРГСИНТЕЗ""";;Поставка реагента Спирт бутиловый нормальный технический марка А, сорт высший ГОСТ 5208-2013/Спирт изопропиловый абсолютированный ГОСТ 9805-84 КО 1002 (в соответствии с формой запроса ТКП);;;;;https://www.roseltorg.ru/procedure/COM29062600033/1
5905099475;"ООО ""ЛУКОЙЛ-ПЕРМНЕФТЕОРГСИНТЕЗ""";;COM29062600033 (Лот 1);;;;;https://www.roseltorg.ru/procedure/COM29062600033/1
5905099475;"ООО ""ЛУКОЙЛ-ПЕРМНЕФТЕОРГСИНТЕЗ""";;"Поставка реагентов на 2027 г для ООО &quot;ЛУКОЙЛ-Пермнефтеоргсинтез&quot;: -Триэтиленгликоль технический 98,5 % марки А";;;;;https://www.roseltorg.ru/procedure/COM29062600021/1
5905099475;"ООО ""ЛУКОЙЛ-ПЕРМНЕФТЕОРГСИНТЕЗ""";;COM29062600021 (Лот 1);;;;;https://www.roseltorg.ru/procedure/COM29062600021/1
5905099475;"ООО ""ЛУКОЙЛ-ПЕРМНЕФТЕОРГСИНТЕЗ""";;"Поставка реагентов на 2027 г для ООО &quot;ЛУКОЙЛ-Пермнефтеоргсинтез&quot;: -Этиленгликоль сорт высший ГОСТ 19710-2019";;;;;https://www.roseltorg.ru/procedure/COM29062600021/2
5905099475;"ООО ""ЛУКОЙЛ-ПЕРМНЕФТЕОРГСИНТЕЗ""";;COM29062600021 (Лот 2);;;;;https://www.roseltorg.ru/procedure/COM29062600021/2
5905099475;"ООО ""ЛУКОЙЛ-ПЕРМНЕФТЕОРГСИНТЕЗ""";;"Поставка реагента натр едкий технический марка РД, высший сорт ГОСТ Р 55064-2012 (в автоцистерне) в 2027 году для ООО &quot;ЛУКОЙЛ-Пермнефтеоргсинтез&quot; (в соответствии с формой запроса ТКП)";;;;;https://www.roseltorg.ru/procedure/COM29062600016/1
5905099475;"ООО ""ЛУКОЙЛ-ПЕРМНЕФТЕОРГСИНТЕЗ""";;COM29062600016 (Лот 1);;;;;https://www.roseltorg.ru/procedure/COM29062600016/1
5905099475;"ООО ""ЛУКОЙЛ-ПЕРМНЕФТЕОРГСИНТЕЗ""";;"Поставка реагента тетранатриевая соль этилендиаминтетрауксусной кислоты в 2027 году для ООО &quot;ЛУКОЙЛ-Пермнефтеоргсинтез&quot; (в соответствии с формой запроса ТКП)";;;;;https://www.roseltorg.ru/procedure/COM29062600012/1
5905099475;"ООО ""ЛУКОЙЛ-ПЕРМНЕФТЕОРГСИНТЕЗ""";;COM29062600012 (Лот 1);;;;;https://www.roseltorg.ru/procedure/COM29062600012/1
5905099475;"ООО ""ЛУКОЙЛ-ПЕРМНЕФТЕОРГСИНТЕЗ""";;поставка ПГС;;;;;https://www.roseltorg.ru/procedure/COM29062600011/1
5905099475;"ООО ""ЛУКОЙЛ-ПЕРМНЕФТЕОРГСИНТЕЗ""";;COM29062600011 (Лот 1);;;;;https://www.roseltorg.ru/procedure/COM29062600011/1
5905099475;"ООО ""ЛУКОЙЛ-ПЕРМНЕФТЕОРГСИНТЕЗ""";;"Поставка реагентов на 2027 г для ООО &quot;ЛУКОЙЛ-Пермнефтеоргсинтез&quot;: -Аммиак водный технический, марка А ГОСТ 9-92";;;;;https://www.roseltorg.ru/procedure/COM29062600009/1
5905099475;"ООО ""ЛУКОЙЛ-ПЕРМНЕФТЕОРГСИНТЕЗ""";;COM29062600009 (Лот 1);;;;;https://www.roseltorg.ru/procedure/COM29062600009/1
5905099475;"ООО ""ЛУКОЙЛ-ПЕРМНЕФТЕОРГСИНТЕЗ""";;"Поставка реагентов на 2027 г для ООО &quot;ЛУКОЙЛ-Пермнефтеоргсинтез&quot;: -Карбонат кальция конверсионный, марка А, 1 сорт (партия 20 т.)";;;;;https://www.roseltorg.ru/procedure/COM29062600009/2
5905099475;"ООО ""ЛУКОЙЛ-ПЕРМНЕФТЕОРГСИНТЕЗ""";;COM29062600009 (Лот 2);;;;;https://www.roseltorg.ru/procedure/COM29062600009/2
5905099475;"ООО ""ЛУКОЙЛ-ПЕРМНЕФТЕОРГСИНТЕЗ""";;"Поставка реагентов на 2027 г для ООО &quot;ЛУКОЙЛ-Пермнефтеоргсинтез&quot;: Кислота серная контактная улучшенная ГОСТ 2184-2013";;;;;https://www.roseltorg.ru/procedure/COM29062600009/3
5905099475;"ООО ""ЛУКОЙЛ-ПЕРМНЕФТЕОРГСИНТЕЗ""";;COM29062600009 (Лот 3);;;;;https://www.roseltorg.ru/procedure/COM29062600009/3
5905099475;"ООО ""ЛУКОЙЛ-ПЕРМНЕФТЕОРГСИНТЕЗ""";;"Поставка реагентов на 2027 г для ООО &quot;ЛУКОЙЛ-Пермнефтеоргсинтез&quot;: Натр едкий технический РД высший сорт канистра 30л ГОСТ Р 55064-2012";;;;;https://www.roseltorg.ru/procedure/COM29062600009/4
5905099475;"ООО ""ЛУКОЙЛ-ПЕРМНЕФТЕОРГСИНТЕЗ""";;COM29062600009 (Лот 4);;;;;https://www.roseltorg.ru/procedure/COM29062600009/4
5905099475;"ООО ""ЛУКОЙЛ-ПЕРМНЕФТЕОРГСИНТЕЗ""";;"Поставка реагента аммиак безводный сжиженный марки А в 2027 году для ООО &quot;ЛУКОЙЛ-Пермнефтеоргсинтез&quot; (в соответствии с формой запроса ТКП)";;;;;https://www.roseltorg.ru/procedure/COM29062600008/1
5905099475;"ООО ""ЛУКОЙЛ-ПЕРМНЕФТЕОРГСИНТЕЗ""";;COM29062600008 (Лот 1);;;;;https://www.roseltorg.ru/procedure/COM29062600008/1
5905099475;"ООО ""ЛУКОЙЛ-ПЕРМНЕФТЕОРГСИНТЕЗ""";;поставка лабораторной посуды;;;;;https://www.roseltorg.ru/procedure/COM29062600005/1
5905099475;"ООО ""ЛУКОЙЛ-ПЕРМНЕФТЕОРГСИНТЕЗ""";;COM29062600005 (Лот 1);;;;;https://www.roseltorg.ru/procedure/COM29062600005/1
5905099475;"ООО ""ЛУКОЙЛ-ПЕРМНЕФТЕОРГСИНТЕЗ""";;Поставка шлема пожарного ШПМ-С в комплекте с доп.оборудованием;;;;;https://www.roseltorg.ru/procedure/COM29062600003/1
5905099475;"ООО ""ЛУКОЙЛ-ПЕРМНЕФТЕОРГСИНТЕЗ""";;COM29062600003 (Лот 1);;;;;https://www.roseltorg.ru/procedure/COM29062600003/1
5905099475;"ООО ""ЛУКОЙЛ-ПЕРМНЕФТЕОРГСИНТЕЗ""";;"Поставка реагентов на 2027 г для ООО &quot;ЛУКОЙЛ-Пермнефтеоргсинтез&quot;: - Жидкость ПМС-200А - Пенорегулятор кремнийорганический Пента-483";;;;;https://www.roseltorg.ru/procedure/COM26062600077/1
5905099475;"ООО ""ЛУКОЙЛ-ПЕРМНЕФТЕОРГСИНТЕЗ""";;COM26062600077 (Лот 1);;;;;https://www.roseltorg.ru/procedure/COM26062600077/1
5905099475;"ООО ""ЛУКОЙЛ-ПЕРМНЕФТЕОРГСИНТЕЗ""";;"Поставка изоляционных уплотнительных материалов для ООО &quot;ЛУКОЙЛ-Пермнефтеоргсинтез&quot; в 2027 г.";;;;;https://www.roseltorg.ru/procedure/COM25062600093/1
5905099475;"ООО ""ЛУКОЙЛ-ПЕРМНЕФТЕОРГСИНТЕЗ""";;COM25062600093 (Лот 1);;;;;https://www.roseltorg.ru/procedure/COM25062600093/1
5905099475;"ООО ""ЛУКОЙЛ-ПЕРМНЕФТЕОРГСИНТЕЗ""";;"Поставка моющих и чистящих товаров для ООО &quot;ЛУКОЙЛ-Пермнефтеоргсинтез&quot; в 2026 году.";;;;;https://www.roseltorg.ru/procedure/COM25062600079/1
5905099475;"ООО ""ЛУКОЙЛ-ПЕРМНЕФТЕОРГСИНТЕЗ""";;COM25062600079 (Лот 1);;;;;https://www.roseltorg.ru/procedure/COM25062600079/1
5905099475;"ООО ""ЛУКОЙЛ-ПЕРМНЕФТЕОРГСИНТЕЗ""";;Поставка саморезов для ООО «ЛУКОЙЛ-Пермнефтеоргсинтез» в 2027 году;;;;;https://www.roseltorg.ru/procedure/COM25062600055/1
5905099475;"ООО ""ЛУКОЙЛ-ПЕРМНЕФТЕОРГСИНТЕЗ""";;COM25062600055 (Лот 1);;;;;https://www.roseltorg.ru/procedure/COM25062600055/1
5905099475;"ООО ""ЛУКОЙЛ-ПЕРМНЕФТЕОРГСИНТЕЗ""";;Поставка пены монтажной, фиксатора резьбы и клея для ООО «ЛУКОЙЛ-Пермнефтеоргсинтез» в 2027 году;;;;;https://www.roseltorg.ru/procedure/COM25062600052/1
5905099475;"ООО ""ЛУКОЙЛ-ПЕРМНЕФТЕОРГСИНТЕЗ""";;COM25062600052 (Лот 1);;;;;https://www.roseltorg.ru/procedure/COM25062600052/1
5905099475;"ООО ""ЛУКОЙЛ-ПЕРМНЕФТЕОРГСИНТЕЗ""";;"Поставка Бумаги Xerox Марафон A4 80 г/м2 500л в 2026 году для ООО &quot;ЛУКОЙЛ-Пермнефтеоргсинтез&quot;";;;;;https://www.roseltorg.ru/procedure/COM25062600024/1
5905099475;"ООО ""ЛУКОЙЛ-ПЕРМНЕФТЕОРГСИНТЕЗ""";;COM25062600024 (Лот 1);;;;;https://www.roseltorg.ru/procedure/COM25062600024/1
5905099475;"ООО ""ЛУКОЙЛ-ПЕРМНЕФТЕОРГСИНТЕЗ""";;"Поставка Табличек &quot;АК 328&quot; 400х200 мм в 2026 году для ООО &quot;ЛУКОЙЛ-Пермнефтеоргсинтез&quot;.";;;;;https://www.roseltorg.ru/procedure/COM25062600021/1
5905099475;"ООО ""ЛУКОЙЛ-ПЕРМНЕФТЕОРГСИНТЕЗ""";;COM25062600021 (Лот 1);;;;;https://www.roseltorg.ru/procedure/COM25062600021/1
5905099475;"ООО ""ЛУКОЙЛ-ПЕРМНЕФТЕОРГСИНТЕЗ""";;"Закупка Барьеров искрозащиты ХИД для &quot;ЛУКОЙЛ-Пермнефтеоргсинтез&quot;";;;;;https://www.roseltorg.ru/procedure/COM25062600014/1
5905099475;"ООО ""ЛУКОЙЛ-ПЕРМНЕФТЕОРГСИНТЕЗ""";;COM25062600014 (Лот 1);;;;;https://www.roseltorg.ru/procedure/COM25062600014/1
5905099475;"ООО ""ЛУКОЙЛ-ПЕРМНЕФТЕОРГСИНТЕЗ""";;"Поставка слесарного инструмента для нужд ООО &quot;ЛУКОЙЛ-Пермнефтеоргсинтез&quot; в 2026г.";;;;;https://www.roseltorg.ru/procedure/COM24062600043/1
5905099475;"ООО ""ЛУКОЙЛ-ПЕРМНЕФТЕОРГСИНТЕЗ""";;COM24062600043 (Лот 1);;;;;https://www.roseltorg.ru/procedure/COM24062600043/1
5905099475;"ООО ""ЛУКОЙЛ-ПЕРМНЕФТЕОРГСИНТЕЗ""";;Поставка бинтов для ремонта труб для ООО «ЛУКОЙЛ-Пермнефтеоргсинтез» в 2027 году;;;;;https://www.roseltorg.ru/procedure/COM24062600009/1
5905099475;"ООО ""ЛУКОЙЛ-ПЕРМНЕФТЕОРГСИНТЕЗ""";;COM24062600009 (Лот 1);;;;;https://www.roseltorg.ru/procedure/COM24062600009/1
5905099475;"ООО ""ЛУКОЙЛ-ПЕРМНЕФТЕОРГСИНТЕЗ""";;"Кондиционеры на 2026г для ООО &quot;ЛУКОЙЛ-Пермнефтеоргсинтез&quot;";;;;;https://www.roseltorg.ru/procedure/COM24062600008/1
5905099475;"ООО ""ЛУКОЙЛ-ПЕРМНЕФТЕОРГСИНТЕЗ""";;COM24062600008 (Лот 1);;;;;https://www.roseltorg.ru/procedure/COM24062600008/1
5905099475;"ООО ""ЛУКОЙЛ-ПЕРМНЕФТЕОРГСИНТЕЗ""";;Закупка анализатора портативного в 2026 году для ООО «ЛУКОЙЛ-Пермнефтеоргсинтез».;;;;;https://www.roseltorg.ru/procedure/COM23062600158/1
5905099475;"ООО ""ЛУКОЙЛ-ПЕРМНЕФТЕОРГСИНТЕЗ""";;COM23062600158 (Лот 1);;;;;https://www.roseltorg.ru/procedure/COM23062600158/1
5905099475;"ООО ""ЛУКОЙЛ-ПЕРМНЕФТЕОРГСИНТЕЗ""";;"Поставка клиновых ремней для ООО &quot;Лукойл-Пермнефтеоргсинтез&quot; в 2026 году";;;;;https://www.roseltorg.ru/procedure/COM23062600142/1
5905099475;"ООО ""ЛУКОЙЛ-ПЕРМНЕФТЕОРГСИНТЕЗ""";;COM23062600142 (Лот 1);;;;;https://www.roseltorg.ru/procedure/COM23062600142/1
5905099475;"ООО ""ЛУКОЙЛ-ПЕРМНЕФТЕОРГСИНТЕЗ""";;"Поставка автомобиля газоспасательного для ООО &quot;ЛУКОЙЛ-Пермнефтеоргсинтез&quot; в 2027 году";;;;;https://www.roseltorg.ru/procedure/COM23062600057/1
5905099475;"ООО ""ЛУКОЙЛ-ПЕРМНЕФТЕОРГСИНТЕЗ""";;COM23062600057 (Лот 1);;;;;https://www.roseltorg.ru/procedure/COM23062600057/1
5905099475;"ООО ""ЛУКОЙЛ-ПЕРМНЕФТЕОРГСИНТЕЗ""";;"Поставка снегохода ООО &quot;ЛУКОЙЛ-Пермнефтеоргсинтез&quot; в 2027 году";;;;;https://www.roseltorg.ru/procedure/COM23062600054/1
5905099475;"ООО ""ЛУКОЙЛ-ПЕРМНЕФТЕОРГСИНТЕЗ""";;COM23062600054 (Лот 1);;;;;https://www.roseltorg.ru/procedure/COM23062600054/1
5905099475;"ООО ""ЛУКОЙЛ-ПЕРМНЕФТЕОРГСИНТЕЗ""";;"Поставка оборудования сварочного для ООО &quot;ЛУКОЙЛ-Пермнефтеоргсинтез&quot; в 2027 году";;;;;https://www.roseltorg.ru/procedure/COM23062600046/1
5905099475;"ООО ""ЛУКОЙЛ-ПЕРМНЕФТЕОРГСИНТЕЗ""";;COM23062600046 (Лот 1);;;;;https://www.roseltorg.ru/procedure/COM23062600046/1
5905099475;"ООО ""ЛУКОЙЛ-ПЕРМНЕФТЕОРГСИНТЕЗ""";;"Поставка фильтров для ООО &quot;ЛУКОЙЛ-Пермнефтеоргсинтез&quot; в 2027 году";;;;;https://www.roseltorg.ru/procedure/COM23062600040/1
5905099475;"ООО ""ЛУКОЙЛ-ПЕРМНЕФТЕОРГСИНТЕЗ""";;COM23062600040 (Лот 1);;;;;https://www.roseltorg.ru/procedure/COM23062600040/1
5905099475;"ООО ""ЛУКОЙЛ-ПЕРМНЕФТЕОРГСИНТЕЗ""";;Поставка ИБП в 2026 году для ООО «ЛУКОЙЛ-Пермнефтеоргсинтез»;;;;;https://www.roseltorg.ru/procedure/COM22062600092/1
5905099475;"ООО ""ЛУКОЙЛ-ПЕРМНЕФТЕОРГСИНТЕЗ""";;COM22062600092 (Лот 1);;;;;https://www.roseltorg.ru/procedure/COM22062600092/1
5905099475;"ООО ""ЛУКОЙЛ-ПЕРМНЕФТЕОРГСИНТЕЗ""";;Установка компрес. ВК-1 т/з УКГ.ТЗ-ВК-1;;;;;https://www.roseltorg.ru/procedure/COM22062600054/1
5905099475;"ООО ""ЛУКОЙЛ-ПЕРМНЕФТЕОРГСИНТЕЗ""";;COM22062600054 (Лот 1);;;;;https://www.roseltorg.ru/procedure/COM22062600054/1
5905099475;"ООО ""ЛУКОЙЛ-ПЕРМНЕФТЕОРГСИНТЕЗ""";;"Поставка фильтров для ООО &quot;ЛУКОЙЛ-Пермнефтеоргсинтез&quot; в 2026 году";;;;;https://www.roseltorg.ru/procedure/COM22062600004/1
5905099475;"ООО ""ЛУКОЙЛ-ПЕРМНЕФТЕОРГСИНТЕЗ""";;COM22062600004 (Лот 1);;;;;https://www.roseltorg.ru/procedure/COM22062600004/1
5905099475;"ООО ""ЛУКОЙЛ-ПЕРМНЕФТЕОРГСИНТЕЗ""";;Поставка Колец уплотнительных Deutz 04506921 в 2026 году;;;;;https://www.roseltorg.ru/procedure/COM19062600069/1
5905099475;"ООО ""ЛУКОЙЛ-ПЕРМНЕФТЕОРГСИНТЕЗ""";;COM19062600069 (Лот 1);;;;;https://www.roseltorg.ru/procedure/COM19062600069/1
5905099475;"ООО ""ЛУКОЙЛ-ПЕРМНЕФТЕОРГСИНТЕЗ""";;"Поставка автоцистерны для жидкой серы для ООО &quot;ЛУКОЙЛ-Пермнефтеоргсинтез&quot; в 2027 году";;;;;https://www.roseltorg.ru/procedure/COM19062600047/1
5905099475;"ООО ""ЛУКОЙЛ-ПЕРМНЕФТЕОРГСИНТЕЗ""";;COM19062600047 (Лот 1);;;;;https://www.roseltorg.ru/procedure/COM19062600047/1
5905099475;"ООО ""ЛУКОЙЛ-ПЕРМНЕФТЕОРГСИНТЕЗ""";;"Поставка асбестовых и набивочных материалов для ООО &quot;Лукойл-Пермнефтеоргсинтез&quot; в 2026 году";;;;;https://www.roseltorg.ru/procedure/COM19062600032/1
5905099475;"ООО ""ЛУКОЙЛ-ПЕРМНЕФТЕОРГСИНТЕЗ""";;COM19062600032 (Лот 1);;;;;https://www.roseltorg.ru/procedure/COM19062600032/1
5905099475;"ООО ""ЛУКОЙЛ-ПЕРМНЕФТЕОРГСИНТЕЗ""";;Поставка фильтров ФВП и ФВК;;;;;https://www.roseltorg.ru/procedure/COM17062600139/1
5905099475;"ООО ""ЛУКОЙЛ-ПЕРМНЕФТЕОРГСИНТЕЗ""";;COM17062600139 (Лот 1);;;;;https://www.roseltorg.ru/procedure/COM17062600139/1
5905099475;"ООО ""ЛУКОЙЛ-ПЕРМНЕФТЕОРГСИНТЕЗ""";;Поставка жалюзи для ООО ЛУКОЙЛ-Пермнефтеоргсинтез в июле 2026 года;;;;;https://www.roseltorg.ru/procedure/COM17062600008/1
5905099475;"ООО ""ЛУКОЙЛ-ПЕРМНЕФТЕОРГСИНТЕЗ""";;COM17062600008 (Лот 1);;;;;https://www.roseltorg.ru/procedure/COM17062600008/1
5905099475;"ООО ""ЛУКОЙЛ-ПЕРМНЕФТЕОРГСИНТЕЗ""";;Поставка нерудных материалов (ПГС) для ООО «ЛУКОЙЛ-Пермнефтеоргсинтез» в 2026 году;;;;;https://www.roseltorg.ru/procedure/COM09062600150/1
5905099475;"ООО ""ЛУКОЙЛ-ПЕРМНЕФТЕОРГСИНТЕЗ""";;COM09062600150 (Лот 1);;;;;https://www.roseltorg.ru/procedure/COM09062600150/1
5905099475;"ООО ""ЛУКОЙЛ-ПЕРМНЕФТЕОРГСИНТЕЗ""";;Поставка нерудных материалов (щебня) для ООО «ЛУКОЙЛ-Пермнефтеоргсинтез» в 2026 году;;;;;https://www.roseltorg.ru/procedure/COM09062600143/1
5905099475;"ООО ""ЛУКОЙЛ-ПЕРМНЕФТЕОРГСИНТЕЗ""";;COM09062600143 (Лот 1);;;;;https://www.roseltorg.ru/procedure/COM09062600143/1
5905099475;"ООО ""ЛУКОЙЛ-ПЕРМНЕФТЕОРГСИНТЕЗ""";;Поставка лабораторной мебели (стол весовой лабораторный);;;;;https://www.roseltorg.ru/procedure/COM08062600045/1
5905099475;"ООО ""ЛУКОЙЛ-ПЕРМНЕФТЕОРГСИНТЕЗ""";;COM08062600045 (Лот 1);;;;;https://www.roseltorg.ru/procedure/COM08062600045/1
5905099475;"ООО ""ЛУКОЙЛ-ПЕРМНЕФТЕОРГСИНТЕЗ""";;"Поставка РВД для ООО &quot;Лукойл-Пермнефтеоргсинтез&quot; в 2026 году";;;;;https://www.roseltorg.ru/procedure/COM05062600108/1
5905099475;"ООО ""ЛУКОЙЛ-ПЕРМНЕФТЕОРГСИНТЕЗ""";;COM05062600108 (Лот 1);;;;;https://www.roseltorg.ru/procedure/COM05062600108/1
5905099475;"ООО ""ЛУКОЙЛ-ПЕРМНЕФТЕОРГСИНТЕЗ""";;"Поставка строительных материалов (ламинат) для ООО &quot;Лукойл-Пермнефтеоргсинтез&quot; в 2026 году";;;;;https://www.roseltorg.ru/procedure/COM05062600103/1
5905099475;"ООО ""ЛУКОЙЛ-ПЕРМНЕФТЕОРГСИНТЕЗ""";;COM05062600103 (Лот 1);;;;;https://www.roseltorg.ru/procedure/COM05062600103/1
5905099475;"ООО ""ЛУКОЙЛ-ПЕРМНЕФТЕОРГСИНТЕЗ""";;"Поставка уплотнительных материалов из терморасширенного графита для нужд ООО &quot;ЛУКОЙЛ-Пермнефтеоргсинтез&quot; в 2027 году";;;;;https://www.roseltorg.ru/procedure/COM05062600019/1
5905099475;"ООО ""ЛУКОЙЛ-ПЕРМНЕФТЕОРГСИНТЕЗ""";;COM05062600019 (Лот 1);;;;;https://www.roseltorg.ru/procedure/COM05062600019/1
5905099475;"ООО ""ЛУКОЙЛ-ПЕРМНЕФТЕОРГСИНТЕЗ""";;"Поставка асбестовых материалов для нужд ООО &quot;ЛУКОЙЛ-Пермнефтеоргсинтез&quot; в 2026 году";;;;;https://www.roseltorg.ru/procedure/COM05062600015/1
5905099475;"ООО ""ЛУКОЙЛ-ПЕРМНЕФТЕОРГСИНТЕЗ""";;COM05062600015 (Лот 1);;;;;https://www.roseltorg.ru/procedure/COM05062600015/1
5905099475;"ООО ""ЛУКОЙЛ-ПЕРМНЕФТЕОРГСИНТЕЗ""";;Поставка жалюзи для ООО ЛУКОЙЛ-Пермнефтеоргсинтез;;;;;https://www.roseltorg.ru/procedure/COM04062600015/1
5905099475;"ООО ""ЛУКОЙЛ-ПЕРМНЕФТЕОРГСИНТЕЗ""";;COM04062600015 (Лот 1);;;;;https://www.roseltorg.ru/procedure/COM04062600015/1
5905099475;"ООО ""ЛУКОЙЛ-ПЕРМНЕФТЕОРГСИНТЕЗ""";;"Поставка пиломатериалов для ООО &quot;Лукойл-Пермнефтеоргсинтез&quot; в 2026 году";;;;;https://www.roseltorg.ru/procedure/COM03062600079/1
5905099475;"ООО ""ЛУКОЙЛ-ПЕРМНЕФТЕОРГСИНТЕЗ""";;COM03062600079 (Лот 1);;;;;https://www.roseltorg.ru/procedure/COM03062600079/1
5905099475;"ООО ""ЛУКОЙЛ-ПЕРМНЕФТЕОРГСИНТЕЗ""";;Поставка бытовой техники для ООО ЛУКОЙЛ-Пермнефтеоргсинтез в августе 2026 года;;;;;https://www.roseltorg.ru/procedure/COM03062600048/1
5905099475;"ООО ""ЛУКОЙЛ-ПЕРМНЕФТЕОРГСИНТЕЗ""";;COM03062600048 (Лот 1);;;;;https://www.roseltorg.ru/procedure/COM03062600048/1
5905099475;"ООО ""ЛУКОЙЛ-ПЕРМНЕФТЕОРГСИНТЕЗ""";;Поставка корпусной мебели для ООО ЛУКОЙЛ-Пермнефтеоргсинтез в июле 2026;;;;;https://www.roseltorg.ru/procedure/COM03062600032/1
5905099475;"ООО ""ЛУКОЙЛ-ПЕРМНЕФТЕОРГСИНТЕЗ""";;COM03062600032 (Лот 1);;;;;https://www.roseltorg.ru/procedure/COM03062600032/1
5905099475;"ООО ""ЛУКОЙЛ-ПЕРМНЕФТЕОРГСИНТЕЗ""";;Поставка промышленных уплотнений валов (Газодинамические и торцевые уплотнения);;;;;https://www.roseltorg.ru/procedure/COM02062600173/1
5905099475;"ООО ""ЛУКОЙЛ-ПЕРМНЕФТЕОРГСИНТЕЗ""";;COM02062600173 (Лот 1);;;;;https://www.roseltorg.ru/procedure/COM02062600173/1
5905099475;"ООО ""ЛУКОЙЛ-ПЕРМНЕФТЕОРГСИНТЕЗ""";;Запасные части к винтовым насосам SEEPEX;;;;;https://www.roseltorg.ru/procedure/COM02062600172/1
5905099475;"ООО ""ЛУКОЙЛ-ПЕРМНЕФТЕОРГСИНТЕЗ""";;COM02062600172 (Лот 1);;;;;https://www.roseltorg.ru/procedure/COM02062600172/1
5905099475;"ООО ""ЛУКОЙЛ-ПЕРМНЕФТЕОРГСИНТЕЗ""";;Запасные части к винтовым насосам NETZSCH (Германия);;;;;https://www.roseltorg.ru/procedure/COM02062600171/1
5905099475;"ООО ""ЛУКОЙЛ-ПЕРМНЕФТЕОРГСИНТЕЗ""";;COM02062600171 (Лот 1);;;;;https://www.roseltorg.ru/procedure/COM02062600171/1
5905099475;"ООО ""ЛУКОЙЛ-ПЕРМНЕФТЕОРГСИНТЕЗ""";;Поставка Сервисных комплектов для общепромышленных и дренажных насосов (Grundfos, Flygt) и центрифуг (Hiller);;;;;https://www.roseltorg.ru/procedure/COM02062600168/1
5905099475;"ООО ""ЛУКОЙЛ-ПЕРМНЕФТЕОРГСИНТЕЗ""";;COM02062600168 (Лот 1);;;;;https://www.roseltorg.ru/procedure/COM02062600168/1
5905099475;"ООО ""ЛУКОЙЛ-ПЕРМНЕФТЕОРГСИНТЕЗ""";;Поставка доп. потребности по хоз. товарам в 2026 году;;;;;https://www.roseltorg.ru/procedure/COM02062600114/1
5905099475;"ООО ""ЛУКОЙЛ-ПЕРМНЕФТЕОРГСИНТЕЗ""";;COM02062600114 (Лот 1);;;;;https://www.roseltorg.ru/procedure/COM02062600114/1
5905099475;"ООО ""ЛУКОЙЛ-ПЕРМНЕФТЕОРГСИНТЕЗ""";;Поставка грузоподъемных материалов;;;;;https://www.roseltorg.ru/procedure/COM01062600068/1
5905099475;"ООО ""ЛУКОЙЛ-ПЕРМНЕФТЕОРГСИНТЕЗ""";;COM01062600068 (Лот 1);;;;;https://www.roseltorg.ru/procedure/COM01062600068/1
5905099475;"ООО ""ЛУКОЙЛ-ПЕРМНЕФТЕОРГСИНТЕЗ""";;"Поставка Плит ПДН-2-6 для ООО &quot;Лукойл-Пермнефтеоргсинтез&quot; в 2026 году";;;;;https://www.roseltorg.ru/procedure/COM29052600102/1
5905099475;"ООО ""ЛУКОЙЛ-ПЕРМНЕФТЕОРГСИНТЕЗ""";;COM29052600102 (Лот 1);;;;;https://www.roseltorg.ru/procedure/COM29052600102/1
5905099475;"ООО ""ЛУКОЙЛ-ПЕРМНЕФТЕОРГСИНТЕЗ""";;Поставка мебели (гардероб, шкаф-купе) для ООО ЛУКОЙЛ-Пермнефтеоргсинтез в июне 2026 года;;;;;https://www.roseltorg.ru/procedure/COM27052600018/1
5905099475;"ООО ""ЛУКОЙЛ-ПЕРМНЕФТЕОРГСИНТЕЗ""";;COM27052600018 (Лот 1);;;;;https://www.roseltorg.ru/procedure/COM27052600018/1
5905099475;"ООО ""ЛУКОЙЛ-ПЕРМНЕФТЕОРГСИНТЕЗ""";;"Поставка асбестовых и набивочных материалов для ООО &quot;ЛУКОЙЛ - ПНОС&quot; в 2026 году";;;;;https://www.roseltorg.ru/procedure/COM26052600080/1
5905099475;"ООО ""ЛУКОЙЛ-ПЕРМНЕФТЕОРГСИНТЕЗ""";;COM26052600080 (Лот 1);;;;;https://www.roseltorg.ru/procedure/COM26052600080/1
5905099475;"ООО ""ЛУКОЙЛ-ПЕРМНЕФТЕОРГСИНТЕЗ""";;Поставка хозяйственных товаров в 2026 году;;;;;https://www.roseltorg.ru/procedure/COM21052600029/1
5905099475;"ООО ""ЛУКОЙЛ-ПЕРМНЕФТЕОРГСИНТЕЗ""";;COM21052600029 (Лот 1);;;;;https://www.roseltorg.ru/procedure/COM21052600029/1
5905099475;"ООО ""ЛУКОЙЛ-ПЕРМНЕФТЕОРГСИНТЕЗ""";;Поставка манометров в 2026 году;;;;;https://www.roseltorg.ru/procedure/COM20052600077/1
5905099475;"ООО ""ЛУКОЙЛ-ПЕРМНЕФТЕОРГСИНТЕЗ""";;COM20052600077 (Лот 1);;;;;https://www.roseltorg.ru/procedure/COM20052600077/1
5905099475;"ООО ""ЛУКОЙЛ-ПЕРМНЕФТЕОРГСИНТЕЗ""";;"Поставка автоматической раздвижной двери для ООО &quot;Лукойл-Пермнефтеоргсинтез&quot; в 2026 году";;;;;https://www.roseltorg.ru/procedure/COM15052600109/1
5905099475;"ООО ""ЛУКОЙЛ-ПЕРМНЕФТЕОРГСИНТЕЗ""";;COM15052600109 (Лот 1);;;;;https://www.roseltorg.ru/procedure/COM15052600109/1
5905099475;"ООО ""ЛУКОЙЛ-ПЕРМНЕФТЕОРГСИНТЕЗ""";;Поставка Устройства отборного давления в 2026 году;;;;;https://www.roseltorg.ru/procedure/COM08052600109/1
5905099475;"ООО ""ЛУКОЙЛ-ПЕРМНЕФТЕОРГСИНТЕЗ""";;COM08052600109 (Лот 1);;;;;https://www.roseltorg.ru/procedure/COM08052600109/1
5905099475;"ООО ""ЛУКОЙЛ-ПЕРМНЕФТЕОРГСИНТЕЗ""";;Поставка Модулей МПА-ULT (65-80-50);;;;;https://www.roseltorg.ru/procedure/COM07052600024/1
5905099475;"ООО ""ЛУКОЙЛ-ПЕРМНЕФТЕОРГСИНТЕЗ""";;COM07052600024 (Лот 1);;;;;https://www.roseltorg.ru/procedure/COM07052600024/1
5905099475;"ООО ""ЛУКОЙЛ-ПЕРМНЕФТЕОРГСИНТЕЗ""";;"Закупка кабельной продукции в 2026 для &quot;ЛУКОЙЛ-Пермнефтеоргсинтез&quot;";;;;;https://www.roseltorg.ru/procedure/COM06052600224/1
5905099475;"ООО ""ЛУКОЙЛ-ПЕРМНЕФТЕОРГСИНТЕЗ""";;COM06052600224 (Лот 1);;;;;https://www.roseltorg.ru/procedure/COM06052600224/1
5905099475;"ООО ""ЛУКОЙЛ-ПЕРМНЕФТЕОРГСИНТЕЗ""";;Поставка электродвигателей Н-23 A/В в 2026 году;;;;;https://www.roseltorg.ru/procedure/COM22042600021/1
5905099475;"ООО ""ЛУКОЙЛ-ПЕРМНЕФТЕОРГСИНТЕЗ""";;COM22042600021 (Лот 1);;;;;https://www.roseltorg.ru/procedure/COM22042600021/1
5905099475;"ООО ""ЛУКОЙЛ-ПЕРМНЕФТЕОРГСИНТЕЗ""";;Поставка жалюзи для ООО ЛУКОЙЛ-Пермнефтеоргсинтез в мае 2026г.;;;;;https://www.roseltorg.ru/procedure/COM15042600071/1
5905099475;"ООО ""ЛУКОЙЛ-ПЕРМНЕФТЕОРГСИНТЕЗ""";;COM15042600071 (Лот 1);;;;;https://www.roseltorg.ru/procedure/COM15042600071/1
5905099475;"ООО ""ЛУКОЙЛ-ПЕРМНЕФТЕОРГСИНТЕЗ""";;Поставка штангенциркуля ШЦ-I-250-0,1-1 для ООО ЛУКОЙЛ-Пермнефтеоргсинтез в июле 2026 года;;;;;https://www.roseltorg.ru/procedure/COM14042600049/1
5905099475;"ООО ""ЛУКОЙЛ-ПЕРМНЕФТЕОРГСИНТЕЗ""";;COM14042600049 (Лот 1);;;;;https://www.roseltorg.ru/procedure/COM14042600049/1
5905099475;"ООО ""ЛУКОЙЛ-ПЕРМНЕФТЕОРГСИНТЕЗ""";;"Поставка жалюзийных устройств АВО для ООО &quot;ЛУКОЙЛ-Пермнефтеоргсинтез&quot; в 2026 году";;;;;https://www.roseltorg.ru/procedure/COM24032600008/1
5905099475;"ООО ""ЛУКОЙЛ-ПЕРМНЕФТЕОРГСИНТЕЗ""";;COM24032600008 (Лот 1);;;;;https://www.roseltorg.ru/procedure/COM24032600008/1
5905099475;"ООО ""ЛУКОЙЛ-ПЕРМНЕФТЕОРГСИНТЕЗ""";;"Поставка насадок горелки дежурной по чертежу ТЦВЕ 048.24-00.00.000 ВО для ООО &quot;ЛУКОЙЛ-Пермнефтеоргсинтез&quot; в 2026 году";;;;;https://www.roseltorg.ru/procedure/COM24032600015/1
5905099475;"ООО ""ЛУКОЙЛ-ПЕРМНЕФТЕОРГСИНТЕЗ""";;COM24032600015 (Лот 1);;;;;https://www.roseltorg.ru/procedure/COM24032600015/1
5905099475;"ООО ""ЛУКОЙЛ-ПЕРМНЕФТЕОРГСИНТЕЗ""";;Поставка комплектующих для лабораторного оборудования;;;;;https://www.roseltorg.ru/procedure/COM11032600047/4
5905099475;"ООО ""ЛУКОЙЛ-ПЕРМНЕФТЕОРГСИНТЕЗ""";;COM11032600047 (Лот 4);;;;;https://www.roseltorg.ru/procedure/COM11032600047/4
5905099475;"ООО ""ЛУКОЙЛ-ПЕРМНЕФТЕОРГСИНТЕЗ""";;"Поставка резины МБС, Поставка прокладочной резины, Поставка рукавов технических для ООО &quot;ЛУКОЙЛ-Пермнефтеоргсинтез&quot; в 2026 году";;;;;https://www.roseltorg.ru/procedure/COM06042600082/1
5905099475;"ООО ""ЛУКОЙЛ-ПЕРМНЕФТЕОРГСИНТЕЗ""";;COM06042600082 (Лот 1);;;;;https://www.roseltorg.ru/procedure/COM06042600082/1
5905099475;"ООО ""ЛУКОЙЛ-ПЕРМНЕФТЕОРГСИНТЕЗ""";;"Закупка сплит-систем в 2026 для &quot;ЛУКОЙЛ-Пермнефтеоргсинтез&quot;";;;;;https://www.roseltorg.ru/procedure/COM06042600061/1
5905099475;"ООО ""ЛУКОЙЛ-ПЕРМНЕФТЕОРГСИНТЕЗ""";;COM06042600061 (Лот 1);;;;;https://www.roseltorg.ru/procedure/COM06042600061/1
5905099475;"ООО ""ЛУКОЙЛ-ПЕРМНЕФТЕОРГСИНТЕЗ""";;Поставка ТМЦ;;;;;https://www.roseltorg.ru/procedure/COM03042600097/1
5905099475;"ООО ""ЛУКОЙЛ-ПЕРМНЕФТЕОРГСИНТЕЗ""";;COM03042600097 (Лот 1);;;;;https://www.roseltorg.ru/procedure/COM03042600097/1
5905099475;"ООО ""ЛУКОЙЛ-ПЕРМНЕФТЕОРГСИНТЕЗ""";;Поставка ТМЦ;;;;;https://www.roseltorg.ru/procedure/COM03042600096/1
5905099475;"ООО ""ЛУКОЙЛ-ПЕРМНЕФТЕОРГСИНТЕЗ""";;COM03042600096 (Лот 1);;;;;https://www.roseltorg.ru/procedure/COM03042600096/1
5905099475;"ООО ""ЛУКОЙЛ-ПЕРМНЕФТЕОРГСИНТЕЗ""";;Закупка блока СППК о/л 10-PSV-0157A/0157B.ОЛ;;;;;https://www.roseltorg.ru/procedure/COM02042600088/1
5905099475;"ООО ""ЛУКОЙЛ-ПЕРМНЕФТЕОРГСИНТЕЗ""";;COM02042600088 (Лот 1);;;;;https://www.roseltorg.ru/procedure/COM02042600088/1
5905099475;"ООО ""ЛУКОЙЛ-ПЕРМНЕФТЕОРГСИНТЕЗ""";;Закупка компрессора для закачки возд. баллонов;;;;;https://www.roseltorg.ru/procedure/COM02042600075/1
5905099475;"ООО ""ЛУКОЙЛ-ПЕРМНЕФТЕОРГСИНТЕЗ""";;COM02042600075 (Лот 1);;;;;https://www.roseltorg.ru/procedure/COM02042600075/1
5905099475;"ООО ""ЛУКОЙЛ-ПЕРМНЕФТЕОРГСИНТЕЗ""";;Поставка датчиков давления по опросному листу;;;;;https://www.roseltorg.ru/procedure/COM24032600088/1
5905099475;"ООО ""ЛУКОЙЛ-ПЕРМНЕФТЕОРГСИНТЕЗ""";;COM24032600088 (Лот 1);;;;;https://www.roseltorg.ru/procedure/COM24032600088/1
5905099475;"ООО ""ЛУКОЙЛ-ПЕРМНЕФТЕОРГСИНТЕЗ""";;"Емкость для сбора стоков от механических дисковых фильтров для ООО &quot;ЛУКОЙЛ-Пермнефтеоргсинтез&quot;";;;;;https://www.roseltorg.ru/procedure/COM20032600020/1
5905099475;"ООО ""ЛУКОЙЛ-ПЕРМНЕФТЕОРГСИНТЕЗ""";;COM20032600020 (Лот 1);;;;;https://www.roseltorg.ru/procedure/COM20032600020/1
5905099475;"ООО ""ЛУКОЙЛ-ПЕРМНЕФТЕОРГСИНТЕЗ""";;Поставка жилетов сигнальных для ООО «ЛУКОЙЛ-Пермнефтеоргсинтез»;;;;;https://www.roseltorg.ru/procedure/COM18032600060/1
5905099475;"ООО ""ЛУКОЙЛ-ПЕРМНЕФТЕОРГСИНТЕЗ""";;COM18032600060 (Лот 1);;;;;https://www.roseltorg.ru/procedure/COM18032600060/1
5905099475;"ООО ""ЛУКОЙЛ-ПЕРМНЕФТЕОРГСИНТЕЗ""";;"Поставка Герметика ВГО-1 0,3кг для ООО &quot;ЛУКОЙЛ-Пермнефтеоргсинтез&quot; в апреле 2026 года";;;;;https://www.roseltorg.ru/procedure/COM16032600026/1
5905099475;"ООО ""ЛУКОЙЛ-ПЕРМНЕФТЕОРГСИНТЕЗ""";;COM16032600026 (Лот 1);;;;;https://www.roseltorg.ru/procedure/COM16032600026/1
5905099475;"ООО ""ЛУКОЙЛ-ПЕРМНЕФТЕОРГСИНТЕЗ""";;"Поставка запасных частей для грейферного крана на 2026 год для ООО &quot;ЛУКОЙЛ-Пермнефтеоргсинтез&quot;";;;;;https://www.roseltorg.ru/procedure/COM13032600093/1
5905099475;"ООО ""ЛУКОЙЛ-ПЕРМНЕФТЕОРГСИНТЕЗ""";;COM13032600093 (Лот 1);;;;;https://www.roseltorg.ru/procedure/COM13032600093/1
5905099475;"ООО ""ЛУКОЙЛ-ПЕРМНЕФТЕОРГСИНТЕЗ""";;Поставка резервуара горячей воды Р-5 V-300м3;;;;;https://www.roseltorg.ru/procedure/COM10032600091/1
5905099475;"ООО ""ЛУКОЙЛ-ПЕРМНЕФТЕОРГСИНТЕЗ""";;COM10032600091 (Лот 1);;;;;https://www.roseltorg.ru/procedure/COM10032600091/1
5905099475;"ООО ""ЛУКОЙЛ-ПЕРМНЕФТЕОРГСИНТЕЗ""";;Запрос предложений на поставку агрегатов насосных;;;;;https://www.roseltorg.ru/procedure/COM06032600012/1
5905099475;"ООО ""ЛУКОЙЛ-ПЕРМНЕФТЕОРГСИНТЕЗ""";;COM06032600012 (Лот 1);;;;;https://www.roseltorg.ru/procedure/COM06032600012/1
5905099475;"ООО ""ЛУКОЙЛ-ПЕРМНЕФТЕОРГСИНТЕЗ""";;Поставка затворов дисковых в 2026 году;;;;;https://www.roseltorg.ru/procedure/COM10022600003/1
5905099475;"ООО ""ЛУКОЙЛ-ПЕРМНЕФТЕОРГСИНТЕЗ""";;COM10022600003 (Лот 1);;;;;https://www.roseltorg.ru/procedure/COM10022600003/1
5905099475;"ООО ""ЛУКОЙЛ-ПЕРМНЕФТЕОРГСИНТЕЗ""";;Поставка перчаток латексных защитных для ООО «ЛУКОЙЛ-Пермнефтеоргсинтез»;;;;;https://www.roseltorg.ru/procedure/COM17072600106/1
5905099475;"ООО ""ЛУКОЙЛ-ПЕРМНЕФТЕОРГСИНТЕЗ""";;COM17072600106 (Лот 1);;;;;https://www.roseltorg.ru/procedure/COM17072600106/1
5905099475;"ООО ""ЛУКОЙЛ-ПЕРМНЕФТЕОРГСИНТЕЗ""";;Поставка средств защиты головы, лица и слуха для ООО «ЛУКОЙЛ-Пермнефтеоргсинтез»;;;;;https://www.roseltorg.ru/procedure/COM17072600090/1
5905099475;"ООО ""ЛУКОЙЛ-ПЕРМНЕФТЕОРГСИНТЕЗ""";;COM17072600090 (Лот 1);;;;;https://www.roseltorg.ru/procedure/COM17072600090/1
5905099475;"ООО ""ЛУКОЙЛ-ПЕРМНЕФТЕОРГСИНТЕЗ""";;Поставка перчаток радиационно-защитных камерных ООО «ЛУКОЙЛ-Пермнефтеоргсинтез»;;;;;https://www.roseltorg.ru/procedure/COM17072600082/1
5905099475;"ООО ""ЛУКОЙЛ-ПЕРМНЕФТЕОРГСИНТЕЗ""";;COM17072600082 (Лот 1);;;;;https://www.roseltorg.ru/procedure/COM17072600082/1
5905099475;"ООО ""ЛУКОЙЛ-ПЕРМНЕФТЕОРГСИНТЕЗ""";;"Поставка Быстроразъемных соединений (БРС) и ниппелей для ООО &quot;ЛУКОЙЛ-Пермнефтеоргсинтез&quot; в 2027 году";;;;;https://www.roseltorg.ru/procedure/COM14072600128/1
5905099475;"ООО ""ЛУКОЙЛ-ПЕРМНЕФТЕОРГСИНТЕЗ""";;COM14072600128 (Лот 1);;;;;https://www.roseltorg.ru/procedure/COM14072600128/1
5905099475;"ООО ""ЛУКОЙЛ-ПЕРМНЕФТЕОРГСИНТЕЗ""";;Поставка насосов;;;;;https://www.roseltorg.ru/procedure/COM01072600108/1
5905099475;"ООО ""ЛУКОЙЛ-ПЕРМНЕФТЕОРГСИНТЕЗ""";;COM01072600108 (Лот 1);;;;;https://www.roseltorg.ru/procedure/COM01072600108/1
5905099475;"ООО ""ЛУКОЙЛ-ПЕРМНЕФТЕОРГСИНТЕЗ""";;приобретение насадки к горлеке;;;;;https://www.roseltorg.ru/procedure/COM15022600026/1
5905099475;"ООО ""ЛУКОЙЛ-ПЕРМНЕФТЕОРГСИНТЕЗ""";;COM15022600026 (Лот 1);;;;;https://www.roseltorg.ru/procedure/COM15022600026/1
5905099475;"ООО ""ЛУКОЙЛ-ПЕРМНЕФТЕОРГСИНТЕЗ""";;приобретение жалюзийных устройств;;;;;https://www.roseltorg.ru/procedure/COM15022600025/1
5905099475;"ООО ""ЛУКОЙЛ-ПЕРМНЕФТЕОРГСИНТЕЗ""";;COM15022600025 (Лот 1);;;;;https://www.roseltorg.ru/procedure/COM15022600025/1
5905099475;"ООО ""ЛУКОЙЛ-ПЕРМНЕФТЕОРГСИНТЕЗ""";;приобретение рабочего колеса;;;;;https://www.roseltorg.ru/procedure/COM23122500108/1
5905099475;"ООО ""ЛУКОЙЛ-ПЕРМНЕФТЕОРГСИНТЕЗ""";;COM23122500108 (Лот 1);;;;;https://www.roseltorg.ru/procedure/COM23122500108/1
5905099475;"ООО ""ЛУКОЙЛ-ПЕРМНЕФТЕОРГСИНТЕЗ""";;закупка трубной продукции;;;;;https://www.roseltorg.ru/procedure/COM11122500018/1
5905099475;"ООО ""ЛУКОЙЛ-ПЕРМНЕФТЕОРГСИНТЕЗ""";;COM11122500018 (Лот 1);;;;;https://www.roseltorg.ru/procedure/COM11122500018/1
5905099475;"ООО ""ЛУКОЙЛ-ПЕРМНЕФТЕОРГСИНТЕЗ""";;"Приобретение металлоконструкций для нужд ООО &quot;ЛУКОЙЛ-Пермнефтеоргсинтез&quot; с поставкой в феврале 2026г.";;;;;https://www.roseltorg.ru/procedure/COM11122500015/1
5905099475;"ООО ""ЛУКОЙЛ-ПЕРМНЕФТЕОРГСИНТЕЗ""";;COM11122500015 (Лот 1);;;;;https://www.roseltorg.ru/procedure/COM11122500015/1
5905099475;"ООО ""ЛУКОЙЛ-ПЕРМНЕФТЕОРГСИНТЕЗ""";;Поставка бытовой техники в 1 квартале 2026;;;;;https://www.roseltorg.ru/procedure/COM11122500007/1
5905099475;"ООО ""ЛУКОЙЛ-ПЕРМНЕФТЕОРГСИНТЕЗ""";;COM11122500007 (Лот 1);;;;;https://www.roseltorg.ru/procedure/COM11122500007/1
5905099475;"ООО ""ЛУКОЙЛ-ПЕРМНЕФТЕОРГСИНТЕЗ""";;Поставка ионообменных смол ПЬЮРОЛАЙТ в июле 2026 года;;;;;https://www.roseltorg.ru/procedure/COM08122500062/1
5905099475;"ООО ""ЛУКОЙЛ-ПЕРМНЕФТЕОРГСИНТЕЗ""";;COM08122500062 (Лот 1);;;;;https://www.roseltorg.ru/procedure/COM08122500062/1
5905099475;"ООО ""ЛУКОЙЛ-ПЕРМНЕФТЕОРГСИНТЕЗ""";;Поставка Одоранта для дозирования в в пропан-бутановую фракцию ГПП в металлических бочках (160 кг с крышкой под бочковой насос);;;;;https://www.roseltorg.ru/procedure/COM27112500013/1
5905099475;"ООО ""ЛУКОЙЛ-ПЕРМНЕФТЕОРГСИНТЕЗ""";;COM27112500013 (Лот 1);;;;;https://www.roseltorg.ru/procedure/COM27112500013/1
5905099475;"ООО ""ЛУКОЙЛ-ПЕРМНЕФТЕОРГСИНТЕЗ""";;Закупка программно-аппаратного комплекса UserGate в 2025 г;;;;;https://www.roseltorg.ru/procedure/COM24112500023/1
5905099475;"ООО ""ЛУКОЙЛ-ПЕРМНЕФТЕОРГСИНТЕЗ""";;COM24112500023 (Лот 1);;;;;https://www.roseltorg.ru/procedure/COM24112500023/1
5905099475;"ООО ""ЛУКОЙЛ-ПЕРМНЕФТЕОРГСИНТЕЗ""";;Поставка барабанов согласно чертежам;;;;;https://www.roseltorg.ru/procedure/COM12112500056/1
5905099475;"ООО ""ЛУКОЙЛ-ПЕРМНЕФТЕОРГСИНТЕЗ""";;COM12112500056 (Лот 1);;;;;https://www.roseltorg.ru/procedure/COM12112500056/1
5905099475;"ООО ""ЛУКОЙЛ-ПЕРМНЕФТЕОРГСИНТЕЗ""";;Поставка рамок BRAUBERG HIT3 арт.390990 21х30см;;;;;https://www.roseltorg.ru/procedure/COM12112500008/1
5905099475;"ООО ""ЛУКОЙЛ-ПЕРМНЕФТЕОРГСИНТЕЗ""";;COM12112500008 (Лот 1);;;;;https://www.roseltorg.ru/procedure/COM12112500008/1
5905099475;"ООО ""ЛУКОЙЛ-ПЕРМНЕФТЕОРГСИНТЕЗ""";;Поставка пароиспарителей BORN и мойки высокого давления в 2026г.;;;;;https://www.roseltorg.ru/procedure/COM05112500091/1
5905099475;"ООО ""ЛУКОЙЛ-ПЕРМНЕФТЕОРГСИНТЕЗ""";;COM05112500091 (Лот 1);;;;;https://www.roseltorg.ru/procedure/COM05112500091/1
5905099475;"ООО ""ЛУКОЙЛ-ПЕРМНЕФТЕОРГСИНТЕЗ""";;"Приобретение металлоконструкций (3) для нужд ООО &quot;ЛУКОЙЛ-Пермнефтеоргсинтез&quot; в феврале 2026г.";;;;;https://www.roseltorg.ru/procedure/COM31102500061/1
5905099475;"ООО ""ЛУКОЙЛ-ПЕРМНЕФТЕОРГСИНТЕЗ""";;COM31102500061 (Лот 1);;;;;https://www.roseltorg.ru/procedure/COM31102500061/1
5905099475;"ООО ""ЛУКОЙЛ-ПЕРМНЕФТЕОРГСИНТЕЗ""";;Закупка плит дорожных ПДН-14;;;;;https://www.roseltorg.ru/procedure/COM31102500005/1
5905099475;"ООО ""ЛУКОЙЛ-ПЕРМНЕФТЕОРГСИНТЕЗ""";;COM31102500005 (Лот 1);;;;;https://www.roseltorg.ru/procedure/COM31102500005/1
5905099475;"ООО ""ЛУКОЙЛ-ПЕРМНЕФТЕОРГСИНТЕЗ""";;Поставка аксиальных клапанов в 2026 году;;;;;https://www.roseltorg.ru/procedure/COM30102500071/1
5905099475;"ООО ""ЛУКОЙЛ-ПЕРМНЕФТЕОРГСИНТЕЗ""";;COM30102500071 (Лот 1);;;;;https://www.roseltorg.ru/procedure/COM30102500071/1
5905099475;"ООО ""ЛУКОЙЛ-ПЕРМНЕФТЕОРГСИНТЕЗ""";;Поставка клапанов производства Метран в 2026 году;;;;;https://www.roseltorg.ru/procedure/COM30102500069/1
5905099475;"ООО ""ЛУКОЙЛ-ПЕРМНЕФТЕОРГСИНТЕЗ""";;COM30102500069 (Лот 1);;;;;https://www.roseltorg.ru/procedure/COM30102500069/1
5905099475;"ООО ""ЛУКОЙЛ-ПЕРМНЕФТЕОРГСИНТЕЗ""";;Поставка карманных фильтров для кондиционеров 2026 год;;;;;https://www.roseltorg.ru/procedure/COM22102500025/1
5905099475;"ООО ""ЛУКОЙЛ-ПЕРМНЕФТЕОРГСИНТЕЗ""";;COM22102500025 (Лот 1);;;;;https://www.roseltorg.ru/procedure/COM22102500025/1
5905099475;"ООО ""ЛУКОЙЛ-ПЕРМНЕФТЕОРГСИНТЕЗ""";;закупка металлопроката;;;;;https://www.roseltorg.ru/procedure/COM22102500009/1
5905099475;"ООО ""ЛУКОЙЛ-ПЕРМНЕФТЕОРГСИНТЕЗ""";;COM22102500009 (Лот 1);;;;;https://www.roseltorg.ru/procedure/COM22102500009/1
5905099475;"ООО ""ЛУКОЙЛ-ПЕРМНЕФТЕОРГСИНТЕЗ""";;Поставка активированного угля для сорбционных фильтров установки конденсатоочистки ГТУ-ТЭС-200;;;;;https://www.roseltorg.ru/procedure/COM22102500007/1
5905099475;"ООО ""ЛУКОЙЛ-ПЕРМНЕФТЕОРГСИНТЕЗ""";;COM22102500007 (Лот 1);;;;;https://www.roseltorg.ru/procedure/COM22102500007/1
5905099475;"ООО ""ЛУКОЙЛ-ПЕРМНЕФТЕОРГСИНТЕЗ""";;Поставка активированного угля для сорбционных фильтров участка БХО Цеха №17;;;;;https://www.roseltorg.ru/procedure/COM22102500007/2
5905099475;"ООО ""ЛУКОЙЛ-ПЕРМНЕФТЕОРГСИНТЕЗ""";;COM22102500007 (Лот 2);;;;;https://www.roseltorg.ru/procedure/COM22102500007/2
5905099475;"ООО ""ЛУКОЙЛ-ПЕРМНЕФТЕОРГСИНТЕЗ""";;Поставка указателей предельных значений УПЗ-1 в 2026 году;;;;;https://www.roseltorg.ru/procedure/COM21102500095/1
5905099475;"ООО ""ЛУКОЙЛ-ПЕРМНЕФТЕОРГСИНТЕЗ""";;COM21102500095 (Лот 1);;;;;https://www.roseltorg.ru/procedure/COM21102500095/1
5905099475;"ООО ""ЛУКОЙЛ-ПЕРМНЕФТЕОРГСИНТЕЗ""";;Поставка расходомеров в 2026 году;;;;;https://www.roseltorg.ru/procedure/COM21102500094/1
5905099475;"ООО ""ЛУКОЙЛ-ПЕРМНЕФТЕОРГСИНТЕЗ""";;COM21102500094 (Лот 1);;;;;https://www.roseltorg.ru/procedure/COM21102500094/1
5905099475;"ООО ""ЛУКОЙЛ-ПЕРМНЕФТЕОРГСИНТЕЗ""";;Поставка преобразователей и пневмосопротивления в 2026 году;;;;;https://www.roseltorg.ru/procedure/COM21102500093/1
5905099475;"ООО ""ЛУКОЙЛ-ПЕРМНЕФТЕОРГСИНТЕЗ""";;COM21102500093 (Лот 1);;;;;https://www.roseltorg.ru/procedure/COM21102500093/1
5905099475;"ООО ""ЛУКОЙЛ-ПЕРМНЕФТЕОРГСИНТЕЗ""";;Поставка плотномера DT6501 в 2026 году;;;;;https://www.roseltorg.ru/procedure/COM21102500092/1
5905099475;"ООО ""ЛУКОЙЛ-ПЕРМНЕФТЕОРГСИНТЕЗ""";;COM21102500092 (Лот 1);;;;;https://www.roseltorg.ru/procedure/COM21102500092/1
5905099475;"ООО ""ЛУКОЙЛ-ПЕРМНЕФТЕОРГСИНТЕЗ""";;Поставка клапанов Метран в 2026 году;;;;;https://www.roseltorg.ru/procedure/COM21102500090/1
5905099475;"ООО ""ЛУКОЙЛ-ПЕРМНЕФТЕОРГСИНТЕЗ""";;COM21102500090 (Лот 1);;;;;https://www.roseltorg.ru/procedure/COM21102500090/1
5905099475;"ООО ""ЛУКОЙЛ-ПЕРМНЕФТЕОРГСИНТЕЗ""";;Поставка ЗИП декантера в 1 кв. 2026;;;;;https://www.roseltorg.ru/procedure/COM19102500001/1
5905099475;"ООО ""ЛУКОЙЛ-ПЕРМНЕФТЕОРГСИНТЕЗ""";;COM19102500001 (Лот 1);;;;;https://www.roseltorg.ru/procedure/COM19102500001/1
5905099475;"ООО ""ЛУКОЙЛ-ПЕРМНЕФТЕОРГСИНТЕЗ""";;Поставка системы осушки для блока осушки т.81-43;;;;;https://www.roseltorg.ru/procedure/COM16102500061/2
5905099475;"ООО ""ЛУКОЙЛ-ПЕРМНЕФТЕОРГСИНТЕЗ""";;COM16102500061 (Лот 2);;;;;https://www.roseltorg.ru/procedure/COM16102500061/2
5905099475;"ООО ""ЛУКОЙЛ-ПЕРМНЕФТЕОРГСИНТЕЗ""";;Поставка цеолита NaХ 3,6мм;;;;;https://www.roseltorg.ru/procedure/COM16102500061/5
5905099475;"ООО ""ЛУКОЙЛ-ПЕРМНЕФТЕОРГСИНТЕЗ""";;COM16102500061 (Лот 5);;;;;https://www.roseltorg.ru/procedure/COM16102500061/5
5905099475;"ООО ""ЛУКОЙЛ-ПЕРМНЕФТЕОРГСИНТЕЗ""";;Поставка: Контроллера Woodward 8200-1300 - 1 шт.;;;;;https://www.roseltorg.ru/procedure/COM16102500006/1
5905099475;"ООО ""ЛУКОЙЛ-ПЕРМНЕФТЕОРГСИНТЕЗ""";;COM16102500006 (Лот 1);;;;;https://www.roseltorg.ru/procedure/COM16102500006/1
5905099475;"ООО ""ЛУКОЙЛ-ПЕРМНЕФТЕОРГСИНТЕЗ""";;Поставка ЗИП насосного оборудования в 1 кв. 2026;;;;;https://www.roseltorg.ru/procedure/COM12102500003/1
5905099475;"ООО ""ЛУКОЙЛ-ПЕРМНЕФТЕОРГСИНТЕЗ""";;COM12102500003 (Лот 1);;;;;https://www.roseltorg.ru/procedure/COM12102500003/1
5905099475;"ООО ""ЛУКОЙЛ-ПЕРМНЕФТЕОРГСИНТЕЗ""";;приобретение сильфонного компенсатора согласно ОЛ;;;;;https://www.roseltorg.ru/procedure/COM06102500012/1
5905099475;"ООО ""ЛУКОЙЛ-ПЕРМНЕФТЕОРГСИНТЕЗ""";;COM06102500012 (Лот 1);;;;;https://www.roseltorg.ru/procedure/COM06102500012/1
5905099475;"ООО ""ЛУКОЙЛ-ПЕРМНЕФТЕОРГСИНТЕЗ""";;поставка трубы профильной;;;;;https://www.roseltorg.ru/procedure/COM03102500011/1
5905099475;"ООО ""ЛУКОЙЛ-ПЕРМНЕФТЕОРГСИНТЕЗ""";;COM03102500011 (Лот 1);;;;;https://www.roseltorg.ru/procedure/COM03102500011/1
5905099475;"ООО ""ЛУКОЙЛ-ПЕРМНЕФТЕОРГСИНТЕЗ""";;Поставка Грейферов канатных согласно ТЗ в 2026 году;;;;;https://www.roseltorg.ru/procedure/COM02102500061/1
5905099475;"ООО ""ЛУКОЙЛ-ПЕРМНЕФТЕОРГСИНТЕЗ""";;COM02102500061 (Лот 1);;;;;https://www.roseltorg.ru/procedure/COM02102500061/1
5905099475;"ООО ""ЛУКОЙЛ-ПЕРМНЕФТЕОРГСИНТЕЗ""";;Поставка: Поставка: Барьер Chenzhu GS8547-EX (32 шт.), Барьер Chenzhu GS8572-EX.RTD (16 шт.), Розетка Chenzhu CZBPS-B1 (12 шт.), Соединитель Chenzhu CZBPS-C-12.5 (48 шт.), Штекер Chenzhu CZBPS-F1 (12 шт.).;;;;;https://www.roseltorg.ru/procedure/COM30092500087/1
5905099475;"ООО ""ЛУКОЙЛ-ПЕРМНЕФТЕОРГСИНТЕЗ""";;COM30092500087 (Лот 1);;;;;https://www.roseltorg.ru/procedure/COM30092500087/1
5905099475;"ООО ""ЛУКОЙЛ-ПЕРМНЕФТЕОРГСИНТЕЗ""";;Поставка: Ввод резерва БАВР о/л 510-21342-АТХ.ОЛ1 (Быстродействующий автоматический ввод резерва (БАВР) однофазный для установки в телекоммуникационную стойку 19”).;;;;;https://www.roseltorg.ru/procedure/COM30092500070/1
5905099475;"ООО ""ЛУКОЙЛ-ПЕРМНЕФТЕОРГСИНТЕЗ""";;COM30092500070 (Лот 1);;;;;https://www.roseltorg.ru/procedure/COM30092500070/1
5905099475;"ООО ""ЛУКОЙЛ-ПЕРМНЕФТЕОРГСИНТЕЗ""";;Поставка торцовых уплотнений в 1 кв. 2027;;;;;https://www.roseltorg.ru/procedure/COM26092500028/1
5905099475;"ООО ""ЛУКОЙЛ-ПЕРМНЕФТЕОРГСИНТЕЗ""";;COM26092500028 (Лот 1);;;;;https://www.roseltorg.ru/procedure/COM26092500028/1
5905099475;"ООО ""ЛУКОЙЛ-ПЕРМНЕФТЕОРГСИНТЕЗ""";;Поставка торцовых уплотнений в 1 квартале 2026;;;;;https://www.roseltorg.ru/procedure/COM25092500151/1
5905099475;"ООО ""ЛУКОЙЛ-ПЕРМНЕФТЕОРГСИНТЕЗ""";;COM25092500151 (Лот 1);;;;;https://www.roseltorg.ru/procedure/COM25092500151/1
5905099475;"ООО ""ЛУКОЙЛ-ПЕРМНЕФТЕОРГСИНТЕЗ""";;Поставка ЗИП насосного оборудования в 1 кв. 2026 (Молдовахидромаш);;;;;https://www.roseltorg.ru/procedure/COM25092500150/1
5905099475;"ООО ""ЛУКОЙЛ-ПЕРМНЕФТЕОРГСИНТЕЗ""";;COM25092500150 (Лот 1);;;;;https://www.roseltorg.ru/procedure/COM25092500150/1
5905099475;"ООО ""ЛУКОЙЛ-ПЕРМНЕФТЕОРГСИНТЕЗ""";;Поставка ЗИП для насосного оборудования в 1 кв. 2026;;;;;https://www.roseltorg.ru/procedure/COM25092500148/1
5905099475;"ООО ""ЛУКОЙЛ-ПЕРМНЕФТЕОРГСИНТЕЗ""";;COM25092500148 (Лот 1);;;;;https://www.roseltorg.ru/procedure/COM25092500148/1
5905099475;"ООО ""ЛУКОЙЛ-ПЕРМНЕФТЕОРГСИНТЕЗ""";;Поставка рабочих колес для насосного оборудования в 1 кв. 2026;;;;;https://www.roseltorg.ru/procedure/COM25092500143/1
5905099475;"ООО ""ЛУКОЙЛ-ПЕРМНЕФТЕОРГСИНТЕЗ""";;COM25092500143 (Лот 1);;;;;https://www.roseltorg.ru/procedure/COM25092500143/1
5905099475;"ООО ""ЛУКОЙЛ-ПЕРМНЕФТЕОРГСИНТЕЗ""";;Поставка рабочих колес для насосного оборудования в 1 кв. 2026;;;;;https://www.roseltorg.ru/procedure/COM25092500139/1
5905099475;"ООО ""ЛУКОЙЛ-ПЕРМНЕФТЕОРГСИНТЕЗ""";;COM25092500139 (Лот 1);;;;;https://www.roseltorg.ru/procedure/COM25092500139/1
5905099475;"ООО ""ЛУКОЙЛ-ПЕРМНЕФТЕОРГСИНТЕЗ""";;Поставка ЗИП компрессорного оборудования в 1 кв. 2026 (HOWDEN);;;;;https://www.roseltorg.ru/procedure/COM24092500190/1
5905099475;"ООО ""ЛУКОЙЛ-ПЕРМНЕФТЕОРГСИНТЕЗ""";;COM24092500190 (Лот 1);;;;;https://www.roseltorg.ru/procedure/COM24092500190/1
5905099475;"ООО ""ЛУКОЙЛ-ПЕРМНЕФТЕОРГСИНТЕЗ""";;Поставка ЗИП к насосному оборудованию в 1 кв. 2026;;;;;https://www.roseltorg.ru/procedure/COM24092500171/1
5905099475;"ООО ""ЛУКОЙЛ-ПЕРМНЕФТЕОРГСИНТЕЗ""";;COM24092500171 (Лот 1);;;;;https://www.roseltorg.ru/procedure/COM24092500171/1
5905099475;"ООО ""ЛУКОЙЛ-ПЕРМНЕФТЕОРГСИНТЕЗ""";;"Приобретение насосной установки SHIMGE CA 1000 для нужд ООО ""ЛУКОЙЛ-Пермнефтеоргсинтез"" в январе 2026г.";;;;;https://www.roseltorg.ru/procedure/COM23092500104/1
5905099475;"ООО ""ЛУКОЙЛ-ПЕРМНЕФТЕОРГСИНТЕЗ""";;COM23092500104 (Лот 1);;;;;https://www.roseltorg.ru/procedure/COM23092500104/1
5905099475;"ООО ""ЛУКОЙЛ-ПЕРМНЕФТЕОРГСИНТЕЗ""";;приобретение устройств;;;;;https://www.roseltorg.ru/procedure/COM19092500071/1
5905099475;"ООО ""ЛУКОЙЛ-ПЕРМНЕФТЕОРГСИНТЕЗ""";;COM19092500071 (Лот 1);;;;;https://www.roseltorg.ru/procedure/COM19092500071/1
5905099475;"ООО ""ЛУКОЙЛ-ПЕРМНЕФТЕОРГСИНТЕЗ""";;Поставка весов крановых в 2026;;;;;https://www.roseltorg.ru/procedure/COM19092500061/1
5905099475;"ООО ""ЛУКОЙЛ-ПЕРМНЕФТЕОРГСИНТЕЗ""";;COM19092500061 (Лот 1);;;;;https://www.roseltorg.ru/procedure/COM19092500061/1
5905099475;"ООО ""ЛУКОЙЛ-ПЕРМНЕФТЕОРГСИНТЕЗ""";;приобретение жалюзийных устройств;;;;;https://www.roseltorg.ru/procedure/COM18092500097/1
5905099475;"ООО ""ЛУКОЙЛ-ПЕРМНЕФТЕОРГСИНТЕЗ""";;COM18092500097 (Лот 1);;;;;https://www.roseltorg.ru/procedure/COM18092500097/1
5905099475;"ООО ""ЛУКОЙЛ-ПЕРМНЕФТЕОРГСИНТЕЗ""";;Поставка крепежа в 2025;;;;;https://www.roseltorg.ru/procedure/COM18092500065/1
5905099475;"ООО ""ЛУКОЙЛ-ПЕРМНЕФТЕОРГСИНТЕЗ""";;COM18092500065 (Лот 1);;;;;https://www.roseltorg.ru/procedure/COM18092500065/1
5905099475;"ООО ""ЛУКОЙЛ-ПЕРМНЕФТЕОРГСИНТЕЗ""";;Поставка Фильтр маслосепаратора LeROI 2026 год;;;;;https://www.roseltorg.ru/procedure/COM17092500061/1
5905099475;"ООО ""ЛУКОЙЛ-ПЕРМНЕФТЕОРГСИНТЕЗ""";;COM17092500061 (Лот 1);;;;;https://www.roseltorg.ru/procedure/COM17092500061/1
5905099475;"ООО ""ЛУКОЙЛ-ПЕРМНЕФТЕОРГСИНТЕЗ""";;Поставка материалов лабораторных 2026 год;;;;;https://www.roseltorg.ru/procedure/COM12092500097/1
5905099475;"ООО ""ЛУКОЙЛ-ПЕРМНЕФТЕОРГСИНТЕЗ""";;COM12092500097 (Лот 1);;;;;https://www.roseltorg.ru/procedure/COM12092500097/1
5905099475;"ООО ""ЛУКОЙЛ-ПЕРМНЕФТЕОРГСИНТЕЗ""";;Поставка Конвектор Ballu BEC/EZMR-1500 НС-1055666 в 2025 году;;;;;https://www.roseltorg.ru/procedure/COM12092500028/1
5905099475;"ООО ""ЛУКОЙЛ-ПЕРМНЕФТЕОРГСИНТЕЗ""";;COM12092500028 (Лот 1);;;;;https://www.roseltorg.ru/procedure/COM12092500028/1
5905099475;"ООО ""ЛУКОЙЛ-ПЕРМНЕФТЕОРГСИНТЕЗ""";;Поставка электроинструмента 2026 год;;;;;https://www.roseltorg.ru/procedure/COM09092500169/1
5905099475;"ООО ""ЛУКОЙЛ-ПЕРМНЕФТЕОРГСИНТЕЗ""";;COM09092500169 (Лот 1);;;;;https://www.roseltorg.ru/procedure/COM09092500169/1
5905099475;"ООО ""ЛУКОЙЛ-ПЕРМНЕФТЕОРГСИНТЕЗ""";;Поставка ЗИП к электроинструменту 2026 год;;;;;https://www.roseltorg.ru/procedure/COM09092500168/1
5905099475;"ООО ""ЛУКОЙЛ-ПЕРМНЕФТЕОРГСИНТЕЗ""";;COM09092500168 (Лот 1);;;;;https://www.roseltorg.ru/procedure/COM09092500168/1
5905099475;"ООО ""ЛУКОЙЛ-ПЕРМНЕФТЕОРГСИНТЕЗ""";;Поставка инструмента на 2026г.;;;;;https://www.roseltorg.ru/procedure/COM09092500155/1
5905099475;"ООО ""ЛУКОЙЛ-ПЕРМНЕФТЕОРГСИНТЕЗ""";;COM09092500155 (Лот 1);;;;;https://www.roseltorg.ru/procedure/COM09092500155/1
5905099475;"ООО ""ЛУКОЙЛ-ПЕРМНЕФТЕОРГСИНТЕЗ""";;Поставка показывающих термометров в 2026 году;;;;;https://www.roseltorg.ru/procedure/COM08092500076/1
5905099475;"ООО ""ЛУКОЙЛ-ПЕРМНЕФТЕОРГСИНТЕЗ""";;COM08092500076 (Лот 1);;;;;https://www.roseltorg.ru/procedure/COM08092500076/1
5905099475;"ООО ""ЛУКОЙЛ-ПЕРМНЕФТЕОРГСИНТЕЗ""";;Поставка реле давления в 2026 году;;;;;https://www.roseltorg.ru/procedure/COM08092500073/1
5905099475;"ООО ""ЛУКОЙЛ-ПЕРМНЕФТЕОРГСИНТЕЗ""";;COM08092500073 (Лот 1);;;;;https://www.roseltorg.ru/procedure/COM08092500073/1
5905099475;"ООО ""ЛУКОЙЛ-ПЕРМНЕФТЕОРГСИНТЕЗ""";;приобретение ПГС, песка в 2026 году;;;;;https://www.roseltorg.ru/procedure/COM05092500007/1
5905099475;"ООО ""ЛУКОЙЛ-ПЕРМНЕФТЕОРГСИНТЕЗ""";;COM05092500007 (Лот 1);;;;;https://www.roseltorg.ru/procedure/COM05092500007/1
5905099475;"ООО ""ЛУКОЙЛ-ПЕРМНЕФТЕОРГСИНТЕЗ""";;приобретение щебеня в 2026 году;;;;;https://www.roseltorg.ru/procedure/COM05092500006/1
5905099475;"ООО ""ЛУКОЙЛ-ПЕРМНЕФТЕОРГСИНТЕЗ""";;COM05092500006 (Лот 1);;;;;https://www.roseltorg.ru/procedure/COM05092500006/1
5905099475;"ООО ""ЛУКОЙЛ-ПЕРМНЕФТЕОРГСИНТЕЗ""";;Поставка: Розетка Chenzhu CZBPS-B1 (12 шт.), Соединитель Chenzhu CZBPS-C-12.5 (48 шт.), Штекер Chenzhu CZBPS-F1 (12 шт.);;;;;https://www.roseltorg.ru/procedure/COM02092500087/1
5905099475;"ООО ""ЛУКОЙЛ-ПЕРМНЕФТЕОРГСИНТЕЗ""";;COM02092500087 (Лот 1);;;;;https://www.roseltorg.ru/procedure/COM02092500087/1
5905099475;"ООО ""ЛУКОЙЛ-ПЕРМНЕФТЕОРГСИНТЕЗ""";;приобретение Компрессора для закачки возд. баллонов;;;;;https://www.roseltorg.ru/procedure/COM01092500104/1
5905099475;"ООО ""ЛУКОЙЛ-ПЕРМНЕФТЕОРГСИНТЕЗ""";;COM01092500104 (Лот 1);;;;;https://www.roseltorg.ru/procedure/COM01092500104/1
5905099475;"ООО ""ЛУКОЙЛ-ПЕРМНЕФТЕОРГСИНТЕЗ""";;Поставка: Электронагреватель ТЭН Harvia ZSP-250;;;;;https://www.roseltorg.ru/procedure/COM01092500009/1
5905099475;"ООО ""ЛУКОЙЛ-ПЕРМНЕФТЕОРГСИНТЕЗ""";;COM01092500009 (Лот 1);;;;;https://www.roseltorg.ru/procedure/COM01092500009/1
5905099475;"ООО ""ЛУКОЙЛ-ПЕРМНЕФТЕОРГСИНТЕЗ""";;Поставка: Пост сигнализации 12-50-21271-АТХ.ОЛ6;;;;;https://www.roseltorg.ru/procedure/COM29082500034/1
5905099475;"ООО ""ЛУКОЙЛ-ПЕРМНЕФТЕОРГСИНТЕЗ""";;COM29082500034 (Лот 1);;;;;https://www.roseltorg.ru/procedure/COM29082500034/1
5905099475;"ООО ""ЛУКОЙЛ-ПЕРМНЕФТЕОРГСИНТЕЗ""";;Поставка: Щит управления клапанами CHU-OKL-4;;;;;https://www.roseltorg.ru/procedure/COM29082500021/1
5905099475;"ООО ""ЛУКОЙЛ-ПЕРМНЕФТЕОРГСИНТЕЗ""";;COM29082500021 (Лот 1);;;;;https://www.roseltorg.ru/procedure/COM29082500021/1
5905099475;"ООО ""ЛУКОЙЛ-ПЕРМНЕФТЕОРГСИНТЕЗ""";;Поставка: Ввод резерва БАВР о/л 510-21342-АТХ.ОЛ1 (Быстродействующий автоматический ввод резерва (БАВР) однофазный для установки в телекоммуникационную стойку 19”).;;;;;https://www.roseltorg.ru/procedure/COM29082500005/1
5905099475;"ООО ""ЛУКОЙЛ-ПЕРМНЕФТЕОРГСИНТЕЗ""";;COM29082500005 (Лот 1);;;;;https://www.roseltorg.ru/procedure/COM29082500005/1
5905099475;"ООО ""ЛУКОЙЛ-ПЕРМНЕФТЕОРГСИНТЕЗ""";;Закупка проволоки сварочной в 2026г;;;;;https://www.roseltorg.ru/procedure/COM25082500083/1
5905099475;"ООО ""ЛУКОЙЛ-ПЕРМНЕФТЕОРГСИНТЕЗ""";;COM25082500083 (Лот 1);;;;;https://www.roseltorg.ru/procedure/COM25082500083/1
5905099475;"ООО ""ЛУКОЙЛ-ПЕРМНЕФТЕОРГСИНТЕЗ""";;"Приобретение строительных материалов для ООО""ЛУКОЙЛ-Пермнефтеоргсинтез""";;;;;https://www.roseltorg.ru/procedure/COM25082500009/1
5905099475;"ООО ""ЛУКОЙЛ-ПЕРМНЕФТЕОРГСИНТЕЗ""";;COM25082500009 (Лот 1);;;;;https://www.roseltorg.ru/procedure/COM25082500009/1
5905099475;"ООО ""ЛУКОЙЛ-ПЕРМНЕФТЕОРГСИНТЕЗ""";;Поставка патрубков вентиляционных ПВ-500;;;;;https://www.roseltorg.ru/procedure/COM20082500018/1
5905099475;"ООО ""ЛУКОЙЛ-ПЕРМНЕФТЕОРГСИНТЕЗ""";;COM20082500018 (Лот 1);;;;;https://www.roseltorg.ru/procedure/COM20082500018/1
5905099475;"ООО ""ЛУКОЙЛ-ПЕРМНЕФТЕОРГСИНТЕЗ""";;Поставка Весов платформенных МАССА-К 4D-PM-10/10-1000-A (RUEW) в январе 2026 года.;;;;;https://www.roseltorg.ru/procedure/COM15082500069/1
5905099475;"ООО ""ЛУКОЙЛ-ПЕРМНЕФТЕОРГСИНТЕЗ""";;COM15082500069 (Лот 1);;;;;https://www.roseltorg.ru/procedure/COM15082500069/1
5905099475;"ООО ""ЛУКОЙЛ-ПЕРМНЕФТЕОРГСИНТЕЗ""";;Поставка Тележки грузовой для перевозки бочек КБ-350 в январе 2026 года.;;;;;https://www.roseltorg.ru/procedure/COM13082500044/1
5905099475;"ООО ""ЛУКОЙЛ-ПЕРМНЕФТЕОРГСИНТЕЗ""";;COM13082500044 (Лот 1);;;;;https://www.roseltorg.ru/procedure/COM13082500044/1
5905099475;"ООО ""ЛУКОЙЛ-ПЕРМНЕФТЕОРГСИНТЕЗ""";;Приобретение строительных материалов в 2026 году;;;;;https://www.roseltorg.ru/procedure/COM13082500021/1
5905099475;"ООО ""ЛУКОЙЛ-ПЕРМНЕФТЕОРГСИНТЕЗ""";;COM13082500021 (Лот 1);;;;;https://www.roseltorg.ru/procedure/COM13082500021/1
5905099475;"ООО ""ЛУКОЙЛ-ПЕРМНЕФТЕОРГСИНТЕЗ""";;Приобретение строительных материалов;;;;;https://www.roseltorg.ru/procedure/COM12082500022/1
5905099475;"ООО ""ЛУКОЙЛ-ПЕРМНЕФТЕОРГСИНТЕЗ""";;COM12082500022 (Лот 1);;;;;https://www.roseltorg.ru/procedure/COM12082500022/1
5905099475;"ООО ""ЛУКОЙЛ-ПЕРМНЕФТЕОРГСИНТЕЗ""";;Поставка знаков в 2026 январе и марте 2026 года;;;;;https://www.roseltorg.ru/procedure/COM11082500046/1
5905099475;"ООО ""ЛУКОЙЛ-ПЕРМНЕФТЕОРГСИНТЕЗ""";;COM11082500046 (Лот 1);;;;;https://www.roseltorg.ru/procedure/COM11082500046/1
5905099475;"ООО ""ЛУКОЙЛ-ПЕРМНЕФТЕОРГСИНТЕЗ""";;Поставка катализатора конверсии SO2 в SO3 на установку производства серной кислоты для доcыпки в контактный аппарат R-104, соответствующей требованиям Технического задания;;;;;https://www.roseltorg.ru/procedure/COM11082500029/1
5905099475;"ООО ""ЛУКОЙЛ-ПЕРМНЕФТЕОРГСИНТЕЗ""";;COM11082500029 (Лот 1);;;;;https://www.roseltorg.ru/procedure/COM11082500029/1
5905099475;"ООО ""ЛУКОЙЛ-ПЕРМНЕФТЕОРГСИНТЕЗ""";;Поставка крепежа в 2026 году;;;;;https://www.roseltorg.ru/procedure/COM11082500005/1
5905099475;"ООО ""ЛУКОЙЛ-ПЕРМНЕФТЕОРГСИНТЕЗ""";;COM11082500005 (Лот 1);;;;;https://www.roseltorg.ru/procedure/COM11082500005/1
5905099475;"ООО ""ЛУКОЙЛ-ПЕРМНЕФТЕОРГСИНТЕЗ""";;Поставка: Штырь заземления РЛПА.305177.004 в 2026 г.;;;;;https://www.roseltorg.ru/procedure/COM08082500059/1
5905099475;"ООО ""ЛУКОЙЛ-ПЕРМНЕФТЕОРГСИНТЕЗ""";;COM08082500059 (Лот 1);;;;;https://www.roseltorg.ru/procedure/COM08082500059/1
5905099475;"ООО ""ЛУКОЙЛ-ПЕРМНЕФТЕОРГСИНТЕЗ""";;Поставка: Выключатель кабель-тросовый КТВ-2М в 2026 г.;;;;;https://www.roseltorg.ru/procedure/COM08082500056/1
5905099475;"ООО ""ЛУКОЙЛ-ПЕРМНЕФТЕОРГСИНТЕЗ""";;COM08082500056 (Лот 1);;;;;https://www.roseltorg.ru/procedure/COM08082500056/1
5905099475;"ООО ""ЛУКОЙЛ-ПЕРМНЕФТЕОРГСИНТЕЗ""";;Поставка: Труба ПНД 25мм DKC 71725, 50м, Выключатель Rexant арт.36-2331-1, Выключатель Rexant клав. 250V, 36-2350-1, Предохранитель Betterfuse 613.2120, Предохранитель Littelfuse 0314012.НХР, Предохранитель Siba 179021.2, Проводник заземляющий П-550 УХЛ3.;;;;;https://www.roseltorg.ru/procedure/COM08082500054/1
5905099475;"ООО ""ЛУКОЙЛ-ПЕРМНЕФТЕОРГСИНТЕЗ""";;COM08082500054 (Лот 1);;;;;https://www.roseltorg.ru/procedure/COM08082500054/1
5905099475;"ООО ""ЛУКОЙЛ-ПЕРМНЕФТЕОРГСИНТЕЗ""";;Поставка: Ввод резерва БАВР о/л 510-21342-АТХ.ОЛ1;;;;;https://www.roseltorg.ru/procedure/COM08082500045/1
5905099475;"ООО ""ЛУКОЙЛ-ПЕРМНЕФТЕОРГСИНТЕЗ""";;COM08082500045 (Лот 1);;;;;https://www.roseltorg.ru/procedure/COM08082500045/1
5905099475;"ООО ""ЛУКОЙЛ-ПЕРМНЕФТЕОРГСИНТЕЗ""";;Приобретение РТИ шланги кислородные;;;;;https://www.roseltorg.ru/procedure/COM08082500017/1
5905099475;"ООО ""ЛУКОЙЛ-ПЕРМНЕФТЕОРГСИНТЕЗ""";;COM08082500017 (Лот 1);;;;;https://www.roseltorg.ru/procedure/COM08082500017/1
5905099475;"ООО ""ЛУКОЙЛ-ПЕРМНЕФТЕОРГСИНТЕЗ""";;приобретение резинотехнических пластин;;;;;https://www.roseltorg.ru/procedure/COM08082500005/1
5905099475;"ООО ""ЛУКОЙЛ-ПЕРМНЕФТЕОРГСИНТЕЗ""";;COM08082500005 (Лот 1);;;;;https://www.roseltorg.ru/procedure/COM08082500005/1
5905099475;"ООО ""ЛУКОЙЛ-ПЕРМНЕФТЕОРГСИНТЕЗ""";;Приобретение подшипников: Подшипник 6414 SKF 2 шт Кольцо FRM 160/12,5 FAG 2 шт Подшипник 22218 EK/C3 + H 318 SKF 1 шт Подшипник 34293DE/34478 TIMKEN 15 шт Подшипник 6317/C3 SKF 1 шт Подшипник 6320 C3 S1 SKF 1 шт Подшипник 7313 BECBM SKF 2 шт Подшипник 7316 BECBM SKF 2 шт Подшипник DODGE INS-SCM-215 ;;;;;https://www.roseltorg.ru/procedure/COM07082500042/1
5905099475;"ООО ""ЛУКОЙЛ-ПЕРМНЕФТЕОРГСИНТЕЗ""";;COM07082500042 (Лот 1);;;;;https://www.roseltorg.ru/procedure/COM07082500042/1
5905099475;"ООО ""ЛУКОЙЛ-ПЕРМНЕФТЕОРГСИНТЕЗ""";;Ткань фильтровальная полиэфирная;;;;;https://www.roseltorg.ru/procedure/COM06082500126/1
5905099475;"ООО ""ЛУКОЙЛ-ПЕРМНЕФТЕОРГСИНТЕЗ""";;COM06082500126 (Лот 1);;;;;https://www.roseltorg.ru/procedure/COM06082500126/1
5905099475;"ООО ""ЛУКОЙЛ-ПЕРМНЕФТЕОРГСИНТЕЗ""";;Приобретение подшипников : Подшипник 22218 EK/C3 + H 318 SKF 1 ШТ Подшипник 34293DE/34478 TIMKEN 1 ШТ Подшипник 7313 BECBM SKF 2 ШТ Подшипник DODGE INS-SCM-215 DODGE 1 ШТ;;;;;https://www.roseltorg.ru/procedure/COM06082500060/1
5905099475;"ООО ""ЛУКОЙЛ-ПЕРМНЕФТЕОРГСИНТЕЗ""";;COM06082500060 (Лот 1);;;;;https://www.roseltorg.ru/procedure/COM06082500060/1
5905099475;"ООО ""ЛУКОЙЛ-ПЕРМНЕФТЕОРГСИНТЕЗ""";;Поставка талей в соответствии с опросными листами для установки вакуумного фракционирования;;;;;https://www.roseltorg.ru/procedure/COM01082500057/1
5905099475;"ООО ""ЛУКОЙЛ-ПЕРМНЕФТЕОРГСИНТЕЗ""";;COM01082500057 (Лот 1);;;;;https://www.roseltorg.ru/procedure/COM01082500057/1
5905099475;"ООО ""ЛУКОЙЛ-ПЕРМНЕФТЕОРГСИНТЕЗ""";;Поставка кранов мостовых в соответствии с опросными листами для установки вакуумного фракционирования;;;;;https://www.roseltorg.ru/procedure/COM01082500052/1
5905099475;"ООО ""ЛУКОЙЛ-ПЕРМНЕФТЕОРГСИНТЕЗ""";;COM01082500052 (Лот 1);;;;;https://www.roseltorg.ru/procedure/COM01082500052/1
5905099475;"ООО ""ЛУКОЙЛ-ПЕРМНЕФТЕОРГСИНТЕЗ""";;Поставка тележек для ручной тали в соответствии с опросными листами для установки вакуумного фракционирования;;;;;https://www.roseltorg.ru/procedure/COM01082500050/1
5905099475;"ООО ""ЛУКОЙЛ-ПЕРМНЕФТЕОРГСИНТЕЗ""";;COM01082500050 (Лот 1);;;;;https://www.roseltorg.ru/procedure/COM01082500050/1
5905099475;"ООО ""ЛУКОЙЛ-ПЕРМНЕФТЕОРГСИНТЕЗ""";;Закупка железобетонных свай для УВФ;;;;;https://www.roseltorg.ru/procedure/COM01082500001/1
5905099475;"ООО ""ЛУКОЙЛ-ПЕРМНЕФТЕОРГСИНТЕЗ""";;COM01082500001 (Лот 1);;;;;https://www.roseltorg.ru/procedure/COM01082500001/1
5905099475;"ООО ""ЛУКОЙЛ-ПЕРМНЕФТЕОРГСИНТЕЗ""";;Поставка тележек для ручной тали в соответствии с опросными листами для установки вакуумного фракционирования;;;;;https://www.roseltorg.ru/procedure/COM31072500032/1
5905099475;"ООО ""ЛУКОЙЛ-ПЕРМНЕФТЕОРГСИНТЕЗ""";;COM31072500032 (Лот 1);;;;;https://www.roseltorg.ru/procedure/COM31072500032/1
5905099475;"ООО ""ЛУКОЙЛ-ПЕРМНЕФТЕОРГСИНТЕЗ""";;Поставка талей в соответствии с опросными листами для установки вакуумного фракционирования;;;;;https://www.roseltorg.ru/procedure/COM31072500029/1
5905099475;"ООО ""ЛУКОЙЛ-ПЕРМНЕФТЕОРГСИНТЕЗ""";;COM31072500029 (Лот 1);;;;;https://www.roseltorg.ru/procedure/COM31072500029/1
5905099475;"ООО ""ЛУКОЙЛ-ПЕРМНЕФТЕОРГСИНТЕЗ""";;Поставка кранов мостовых в соответствии с опросными листами для установки вакуумного фракционирования;;;;;https://www.roseltorg.ru/procedure/COM31072500028/1
5905099475;"ООО ""ЛУКОЙЛ-ПЕРМНЕФТЕОРГСИНТЕЗ""";;COM31072500028 (Лот 1);;;;;https://www.roseltorg.ru/procedure/COM31072500028/1
5905099475;"ООО ""ЛУКОЙЛ-ПЕРМНЕФТЕОРГСИНТЕЗ""";;Закупка пластины технической резиновой на 2026 год;;;;;https://www.roseltorg.ru/procedure/COM30072500050/3
5905099475;"ООО ""ЛУКОЙЛ-ПЕРМНЕФТЕОРГСИНТЕЗ""";;COM30072500050 (Лот 3);;;;;https://www.roseltorg.ru/procedure/COM30072500050/3
5905099475;"ООО ""ЛУКОЙЛ-ПЕРМНЕФТЕОРГСИНТЕЗ""";;Поставка фильтроэлементов PALL;;;;;https://www.roseltorg.ru/procedure/COM28072500025/1
5905099475;"ООО ""ЛУКОЙЛ-ПЕРМНЕФТЕОРГСИНТЕЗ""";;COM28072500025 (Лот 1);;;;;https://www.roseltorg.ru/procedure/COM28072500025/1
5905099475;"ООО ""ЛУКОЙЛ-ПЕРМНЕФТЕОРГСИНТЕЗ""";;Поставка фильтроэлементов FTC;;;;;https://www.roseltorg.ru/procedure/COM28072500017/1
5905099475;"ООО ""ЛУКОЙЛ-ПЕРМНЕФТЕОРГСИНТЕЗ""";;COM28072500017 (Лот 1);;;;;https://www.roseltorg.ru/procedure/COM28072500017/1
5905099475;"ООО ""ЛУКОЙЛ-ПЕРМНЕФТЕОРГСИНТЕЗ""";;Закупка ГСО и химических реактивов импортного производства;;;;;https://www.roseltorg.ru/procedure/COM23072500101/1
5905099475;"ООО ""ЛУКОЙЛ-ПЕРМНЕФТЕОРГСИНТЕЗ""";;COM23072500101 (Лот 1);;;;;https://www.roseltorg.ru/procedure/COM23072500101/1
5905099475;"ООО ""ЛУКОЙЛ-ПЕРМНЕФТЕОРГСИНТЕЗ""";;Закупка ГСО производства РАС GmbH;;;;;https://www.roseltorg.ru/procedure/COM23072500076/1
5905099475;"ООО ""ЛУКОЙЛ-ПЕРМНЕФТЕОРГСИНТЕЗ""";;COM23072500076 (Лот 1);;;;;https://www.roseltorg.ru/procedure/COM23072500076/1
5905099475;"ООО ""ЛУКОЙЛ-ПЕРМНЕФТЕОРГСИНТЕЗ""";;"Приобретение погружного насосного агрегата для КНС-603 в соответствии с ТЗ для нужд ООО ""ЛУКОЙЛ-Пермнефтеоргсинтез"" в марте 2026г.";;;;;https://www.roseltorg.ru/procedure/COM23072500041/1
5905099475;"ООО ""ЛУКОЙЛ-ПЕРМНЕФТЕОРГСИНТЕЗ""";;COM23072500041 (Лот 1);;;;;https://www.roseltorg.ru/procedure/COM23072500041/1
5905099475;"ООО ""ЛУКОЙЛ-ПЕРМНЕФТЕОРГСИНТЕЗ""";;приобретение компрессоров согласно ТЗ;;;;;https://www.roseltorg.ru/procedure/COM18072500076/1
5905099475;"ООО ""ЛУКОЙЛ-ПЕРМНЕФТЕОРГСИНТЕЗ""";;COM18072500076 (Лот 1);;;;;https://www.roseltorg.ru/procedure/COM18072500076/1
5905099475;"ООО ""ЛУКОЙЛ-ПЕРМНЕФТЕОРГСИНТЕЗ""";;Поставка щебня в 2025;;;;;https://www.roseltorg.ru/procedure/COM17072500030/1
5905099475;"ООО ""ЛУКОЙЛ-ПЕРМНЕФТЕОРГСИНТЕЗ""";;COM17072500030 (Лот 1);;;;;https://www.roseltorg.ru/procedure/COM17072500030/1
5905099475;"ООО ""ЛУКОЙЛ-ПЕРМНЕФТЕОРГСИНТЕЗ""";;Поставка в августе 2025 года Карабина пластиковый 4,5х2,5 см в количестве 300 шт.;;;;;https://www.roseltorg.ru/procedure/COM08072500060/1
5905099475;"ООО ""ЛУКОЙЛ-ПЕРМНЕФТЕОРГСИНТЕЗ""";;COM08072500060 (Лот 1);;;;;https://www.roseltorg.ru/procedure/COM08072500060/1
5905099475;"ООО ""ЛУКОЙЛ-ПЕРМНЕФТЕОРГСИНТЕЗ""";;Кислота лимонная пищевая ГОСТ 908-2004;;;;;https://www.roseltorg.ru/procedure/COM03072500009/3
5905099475;"ООО ""ЛУКОЙЛ-ПЕРМНЕФТЕОРГСИНТЕЗ""";;COM03072500009 (Лот 3);;;;;https://www.roseltorg.ru/procedure/COM03072500009/3
5905099475;"ООО ""ЛУКОЙЛ-ПЕРМНЕФТЕОРГСИНТЕЗ""";;Поставка Кондиционеров и Сплит-системы в 2025;;;;;https://www.roseltorg.ru/procedure/COM01072500090/1
5905099475;"ООО ""ЛУКОЙЛ-ПЕРМНЕФТЕОРГСИНТЕЗ""";;COM01072500090 (Лот 1);;;;;https://www.roseltorg.ru/procedure/COM01072500090/1
5905099475;"ООО ""ЛУКОЙЛ-ПЕРМНЕФТЕОРГСИНТЕЗ""";;Поставка элемента фильтрующего для фильтра газового ФГС-80;;;;;https://www.roseltorg.ru/procedure/COM27062500014/1
5905099475;"ООО ""ЛУКОЙЛ-ПЕРМНЕФТЕОРГСИНТЕЗ""";;COM27062500014 (Лот 1);;;;;https://www.roseltorg.ru/procedure/COM27062500014/1
5905099475;"ООО ""ЛУКОЙЛ-ПЕРМНЕФТЕОРГСИНТЕЗ""";;"Поставка фильтроэлементов по ТУ ООО ""НПО Агрегат""";;;;;https://www.roseltorg.ru/procedure/COM27062500005/1
5905099475;"ООО ""ЛУКОЙЛ-ПЕРМНЕФТЕОРГСИНТЕЗ""";;COM27062500005 (Лот 1);;;;;https://www.roseltorg.ru/procedure/COM27062500005/1
5905099475;"ООО ""ЛУКОЙЛ-ПЕРМНЕФТЕОРГСИНТЕЗ""";;Поставка смеси песчано-солевой 10% ТУ 2111-003-00352816-2008 в 2025 году;;;;;https://www.roseltorg.ru/procedure/COM23062500010/1
5905099475;"ООО ""ЛУКОЙЛ-ПЕРМНЕФТЕОРГСИНТЕЗ""";;COM23062500010 (Лот 1);;;;;https://www.roseltorg.ru/procedure/COM23062500010/1
5905099475;"ООО ""ЛУКОЙЛ-ПЕРМНЕФТЕОРГСИНТЕЗ""";;Поставка песка и щебня в 2025 году согласно потребности;;;;;https://www.roseltorg.ru/procedure/COM23062500009/1
5905099475;"ООО ""ЛУКОЙЛ-ПЕРМНЕФТЕОРГСИНТЕЗ""";;COM23062500009 (Лот 1);;;;;https://www.roseltorg.ru/procedure/COM23062500009/1
5905099475;"ООО ""ЛУКОЙЛ-ПЕРМНЕФТЕОРГСИНТЕЗ""";;Поставка очков защитных О50 MONACO Strong Glass 15037;;;;;https://www.roseltorg.ru/procedure/COM19062500085/1
5905099475;"ООО ""ЛУКОЙЛ-ПЕРМНЕФТЕОРГСИНТЕЗ""";;COM19062500085 (Лот 1);;;;;https://www.roseltorg.ru/procedure/COM19062500085/1
5905099475;"ООО ""ЛУКОЙЛ-ПЕРМНЕФТЕОРГСИНТЕЗ""";;Поставка фильтров для воздухоочистителя-увлажнителя BORK A705;;;;;https://www.roseltorg.ru/procedure/COM19062500003/1
5905099475;"ООО ""ЛУКОЙЛ-ПЕРМНЕФТЕОРГСИНТЕЗ""";;COM19062500003 (Лот 1);;;;;https://www.roseltorg.ru/procedure/COM19062500003/1
5905099475;"ООО ""ЛУКОЙЛ-ПЕРМНЕФТЕОРГСИНТЕЗ""";;Закупка USB-токен в 2025 г;;;;;https://www.roseltorg.ru/procedure/COM06062500037/1
5905099475;"ООО ""ЛУКОЙЛ-ПЕРМНЕФТЕОРГСИНТЕЗ""";;COM06062500037 (Лот 1);;;;;https://www.roseltorg.ru/procedure/COM06062500037/1
5905099475;"ООО ""ЛУКОЙЛ-ПЕРМНЕФТЕОРГСИНТЕЗ""";;Закупка оборудования сварочного в 2025 г;;;;;https://www.roseltorg.ru/procedure/COM06062500021/1
5905099475;"ООО ""ЛУКОЙЛ-ПЕРМНЕФТЕОРГСИНТЕЗ""";;COM06062500021 (Лот 1);;;;;https://www.roseltorg.ru/procedure/COM06062500021/1
5905099475;"ООО ""ЛУКОЙЛ-ПЕРМНЕФТЕОРГСИНТЕЗ""";;"Дисплей интерактивный 86&quot; EliteBoard LR-86UL2IB5 с мобильным стендом EliteBoard ES-7586FEM-B";;;;;https://www.roseltorg.ru/procedure/COM27052500007/1
5905099475;"ООО ""ЛУКОЙЛ-ПЕРМНЕФТЕОРГСИНТЕЗ""";;COM27052500007 (Лот 1);;;;;https://www.roseltorg.ru/procedure/COM27052500007/1
5905099475;"ООО ""ЛУКОЙЛ-ПЕРМНЕФТЕОРГСИНТЕЗ""";;"Приобретение деталей трубопроводов для нужд ООО ""ЛУКОЙЛ-Пермнефтеоргсинтез"" в июне 2025г.";;;;;https://www.roseltorg.ru/procedure/COM15052500031/1
5905099475;"ООО ""ЛУКОЙЛ-ПЕРМНЕФТЕОРГСИНТЕЗ""";;COM15052500031 (Лот 1);;;;;https://www.roseltorg.ru/procedure/COM15052500031/1
5905099475;"ООО ""ЛУКОЙЛ-ПЕРМНЕФТЕОРГСИНТЕЗ""";;Поставка инструмента июнь 2025г.;;;;;https://www.roseltorg.ru/procedure/COM07052500063/1
5905099475;"ООО ""ЛУКОЙЛ-ПЕРМНЕФТЕОРГСИНТЕЗ""";;COM07052500063 (Лот 1);;;;;https://www.roseltorg.ru/procedure/COM07052500063/1
5905099475;"ООО ""ЛУКОЙЛ-ПЕРМНЕФТЕОРГСИНТЕЗ""";;Поставка запасных частей к оборудованию производства НПЦ Динамика в 2025 году;;;;;https://www.roseltorg.ru/procedure/COM24042500022/1
5905099475;"ООО ""ЛУКОЙЛ-ПЕРМНЕФТЕОРГСИНТЕЗ""";;COM24042500022 (Лот 1);;;;;https://www.roseltorg.ru/procedure/COM24042500022/1
5905099475;"ООО ""ЛУКОЙЛ-ПЕРМНЕФТЕОРГСИНТЕЗ""";;Приобретение внутренних устройств;;;;;https://www.roseltorg.ru/procedure/COM14042500081/1
5905099475;"ООО ""ЛУКОЙЛ-ПЕРМНЕФТЕОРГСИНТЕЗ""";;COM14042500081 (Лот 1);;;;;https://www.roseltorg.ru/procedure/COM14042500081/1
5905099475;"ООО ""ЛУКОЙЛ-ПЕРМНЕФТЕОРГСИНТЕЗ""";;Щитки 212ЩАО-1, 212ЩО-1, 212ЩО-2, 212ЩАО-2, 203ЩАО-1, 203ЩО-1, 212ЩАО-3, 212ЩО-3;;;;;https://www.roseltorg.ru/procedure/COM09042500010/1
5905099475;"ООО ""ЛУКОЙЛ-ПЕРМНЕФТЕОРГСИНТЕЗ""";;COM09042500010 (Лот 1);;;;;https://www.roseltorg.ru/procedure/COM09042500010/1
5905099475;"ООО ""ЛУКОЙЛ-ПЕРМНЕФТЕОРГСИНТЕЗ""";;Поставка: Шкаф управления, Щит ПР, Шкаф ШРП КИП, Ящик силовой ЯРВ в 2025;;;;;https://www.roseltorg.ru/procedure/COM04042500010/1
5905099475;"ООО ""ЛУКОЙЛ-ПЕРМНЕФТЕОРГСИНТЕЗ""";;COM04042500010 (Лот 1);;;;;https://www.roseltorg.ru/procedure/COM04042500010/1
5905099475;"ООО ""ЛУКОЙЛ-ПЕРМНЕФТЕОРГСИНТЕЗ""";;Поставка быстровозводимых защитных укрытий УБВЗ-8;;;;;https://www.roseltorg.ru/procedure/COM25032500053/1
5905099475;"ООО ""ЛУКОЙЛ-ПЕРМНЕФТЕОРГСИНТЕЗ""";;COM25032500053 (Лот 1);;;;;https://www.roseltorg.ru/procedure/COM25032500053/1
5905099475;"ООО ""ЛУКОЙЛ-ПЕРМНЕФТЕОРГСИНТЕЗ""";;"Приобретение дренажного насоса для нужд ООО ""ЛУКОЙЛ-Пермнефтеоргсинтез"" в мае 2025г.";;;;;https://www.roseltorg.ru/procedure/COM21032500045/1
5905099475;"ООО ""ЛУКОЙЛ-ПЕРМНЕФТЕОРГСИНТЕЗ""";;COM21032500045 (Лот 1);;;;;https://www.roseltorg.ru/procedure/COM21032500045/1
5905099475;"ООО ""ЛУКОЙЛ-ПЕРМНЕФТЕОРГСИНТЕЗ""";;"Приобретение деталей трубопроводов для нужд ООО ""ЛУКОЙЛ-Пермнефтеоргсинтез"" в мае 2025г.";;;;;https://www.roseltorg.ru/procedure/COM21032500013/1
5905099475;"ООО ""ЛУКОЙЛ-ПЕРМНЕФТЕОРГСИНТЕЗ""";;COM21032500013 (Лот 1);;;;;https://www.roseltorg.ru/procedure/COM21032500013/1
5905099475;"ООО ""ЛУКОЙЛ-ПЕРМНЕФТЕОРГСИНТЕЗ""";;Поставка фильтроэлементов Solar;;;;;https://www.roseltorg.ru/procedure/COM04032500060/1
5905099475;"ООО ""ЛУКОЙЛ-ПЕРМНЕФТЕОРГСИНТЕЗ""";;COM04032500060 (Лот 1);;;;;https://www.roseltorg.ru/procedure/COM04032500060/1
5905099475;"ООО ""ЛУКОЙЛ-ПЕРМНЕФТЕОРГСИНТЕЗ""";;приобретение пластин и уплотнений;;;;;https://www.roseltorg.ru/procedure/COM26022500117/1
5905099475;"ООО ""ЛУКОЙЛ-ПЕРМНЕФТЕОРГСИНТЕЗ""";;COM26022500117 (Лот 1);;;;;https://www.roseltorg.ru/procedure/COM26022500117/1
5905099475;"ООО ""ЛУКОЙЛ-ПЕРМНЕФТЕОРГСИНТЕЗ""";;Поставка манометров в 2025 году согласно ОЛ;;;;;https://www.roseltorg.ru/procedure/COM19122400003/1
5905099475;"ООО ""ЛУКОЙЛ-ПЕРМНЕФТЕОРГСИНТЕЗ""";;COM19122400003 (Лот 1);;;;;https://www.roseltorg.ru/procedure/COM19122400003/1
5905099475;"ООО ""ЛУКОЙЛ-ПЕРМНЕФТЕОРГСИНТЕЗ""";;"Приобретение днища эллиптического для нужд ООО ""ЛУКОЙЛ-Пермнефтеоргсинтез"" в марте 2025г.";;;;;https://www.roseltorg.ru/procedure/COM12122400062/1
5905099475;"ООО ""ЛУКОЙЛ-ПЕРМНЕФТЕОРГСИНТЕЗ""";;COM12122400062 (Лот 1);;;;;https://www.roseltorg.ru/procedure/COM12122400062/1
5905099475;"ООО ""ЛУКОЙЛ-ПЕРМНЕФТЕОРГСИНТЕЗ""";;Поставка дренажного насоса для перекачки воды 300л/мин в кол-ве 1 шт. согласно опросному листу;;;;;https://www.roseltorg.ru/procedure/COM12122400057/1
5905099475;"ООО ""ЛУКОЙЛ-ПЕРМНЕФТЕОРГСИНТЕЗ""";;COM12122400057 (Лот 1);;;;;https://www.roseltorg.ru/procedure/COM12122400057/1
5905099475;"ООО ""ЛУКОЙЛ-ПЕРМНЕФТЕОРГСИНТЕЗ""";;Поставка преобразователя пьезоэлектрического виброизмерительного AB-311FR КОБМ.433642.001-50 в 2025 году;;;;;https://www.roseltorg.ru/procedure/COM11122400031/1
5905099475;"ООО ""ЛУКОЙЛ-ПЕРМНЕФТЕОРГСИНТЕЗ""";;COM11122400031 (Лот 1);;;;;https://www.roseltorg.ru/procedure/COM11122400031/1
5905099475;"ООО ""ЛУКОЙЛ-ПЕРМНЕФТЕОРГСИНТЕЗ""";;Поставка модуля интерфейсного PIM 4455 в 2025 году;;;;;https://www.roseltorg.ru/procedure/COM11122400029/1
5905099475;"ООО ""ЛУКОЙЛ-ПЕРМНЕФТЕОРГСИНТЕЗ""";;COM11122400029 (Лот 1);;;;;https://www.roseltorg.ru/procedure/COM11122400029/1
5905099475;"ООО ""ЛУКОЙЛ-ПЕРМНЕФТЕОРГСИНТЕЗ""";;Поставка комплекта пневматической обвязки для пневмоприводов ЛКП.301412.001 в 2025 году;;;;;https://www.roseltorg.ru/procedure/COM11122400028/1
5905099475;"ООО ""ЛУКОЙЛ-ПЕРМНЕФТЕОРГСИНТЕЗ""";;COM11122400028 (Лот 1);;;;;https://www.roseltorg.ru/procedure/COM11122400028/1
5905099475;"ООО ""ЛУКОЙЛ-ПЕРМНЕФТЕОРГСИНТЕЗ""";;Поставка сетчатых фильтров;;;;;https://www.roseltorg.ru/procedure/COM02122400034/1
5905099475;"ООО ""ЛУКОЙЛ-ПЕРМНЕФТЕОРГСИНТЕЗ""";;COM02122400034 (Лот 1);;;;;https://www.roseltorg.ru/procedure/COM02122400034/1
5905099475;"ООО ""ЛУКОЙЛ-ПЕРМНЕФТЕОРГСИНТЕЗ""";;Поставка фильтроэлементов по ТУ ООО «НПО АГРЕГАТ»;;;;;https://www.roseltorg.ru/procedure/COM26112400084/1
5905099475;"ООО ""ЛУКОЙЛ-ПЕРМНЕФТЕОРГСИНТЕЗ""";;COM26112400084 (Лот 1);;;;;https://www.roseltorg.ru/procedure/COM26112400084/1
5905099475;"ООО ""ЛУКОЙЛ-ПЕРМНЕФТЕОРГСИНТЕЗ""";;Поставка запчастей WILO;;;;;https://www.roseltorg.ru/procedure/COM21112400038/1
5905099475;"ООО ""ЛУКОЙЛ-ПЕРМНЕФТЕОРГСИНТЕЗ""";;COM21112400038 (Лот 1);;;;;https://www.roseltorg.ru/procedure/COM21112400038/1
5905099475;"ООО ""ЛУКОЙЛ-ПЕРМНЕФТЕОРГСИНТЕЗ""";;Поставка шлагбаума по ТЗ;;;;;https://www.roseltorg.ru/procedure/COM20112400101/1
5905099475;"ООО ""ЛУКОЙЛ-ПЕРМНЕФТЕОРГСИНТЕЗ""";;COM20112400101 (Лот 1);;;;;https://www.roseltorg.ru/procedure/COM20112400101/1
5905099475;"ООО ""ЛУКОЙЛ-ПЕРМНЕФТЕОРГСИНТЕЗ""";;Поставка систем кондиционирования;;;;;https://www.roseltorg.ru/procedure/COM20112400099/1
5905099475;"ООО ""ЛУКОЙЛ-ПЕРМНЕФТЕОРГСИНТЕЗ""";;COM20112400099 (Лот 1);;;;;https://www.roseltorg.ru/procedure/COM20112400099/1
5905099475;"ООО ""ЛУКОЙЛ-ПЕРМНЕФТЕОРГСИНТЕЗ""";;Баббит в чушках Б83 ГОСТ 1320-74;;;;;https://www.roseltorg.ru/procedure/COM20112400072/1
5905099475;"ООО ""ЛУКОЙЛ-ПЕРМНЕФТЕОРГСИНТЕЗ""";;COM20112400072 (Лот 1);;;;;https://www.roseltorg.ru/procedure/COM20112400072/1
5905099475;"ООО ""ЛУКОЙЛ-ПЕРМНЕФТЕОРГСИНТЕЗ""";;Поставка реагентов: - Триэтиленгликоль тех. 98,5 % марки А для блока гликолевой осушки (ТЗ прилагается) - Этиленгликоль в.с. ГОСТ 19710-83;;;;;https://www.roseltorg.ru/procedure/COM15112400053/1
5905099475;"ООО ""ЛУКОЙЛ-ПЕРМНЕФТЕОРГСИНТЕЗ""";;COM15112400053 (Лот 1);;;;;https://www.roseltorg.ru/procedure/COM15112400053/1
5905099475;"ООО ""ЛУКОЙЛ-ПЕРМНЕФТЕОРГСИНТЕЗ""";;Поставка Шкафов, Щитов согласно ТЗ;;;;;https://www.roseltorg.ru/procedure/COM13112400075/1
5905099475;"ООО ""ЛУКОЙЛ-ПЕРМНЕФТЕОРГСИНТЕЗ""";;COM13112400075 (Лот 1);;;;;https://www.roseltorg.ru/procedure/COM13112400075/1
5905099475;"ООО ""ЛУКОЙЛ-ПЕРМНЕФТЕОРГСИНТЕЗ""";;Поставка тележек для ручной тали в соответствии с опросными листами для установки вакуумного фракционирования;;;;;https://www.roseltorg.ru/procedure/COM06112400052/1
5905099475;"ООО ""ЛУКОЙЛ-ПЕРМНЕФТЕОРГСИНТЕЗ""";;COM06112400052 (Лот 1);;;;;https://www.roseltorg.ru/procedure/COM06112400052/1
5905099475;"ООО ""ЛУКОЙЛ-ПЕРМНЕФТЕОРГСИНТЕЗ""";;Поставка талей в соответствии с опросными листами для установки вакуумного фракционирования;;;;;https://www.roseltorg.ru/procedure/COM06112400051/1
5905099475;"ООО ""ЛУКОЙЛ-ПЕРМНЕФТЕОРГСИНТЕЗ""";;COM06112400051 (Лот 1);;;;;https://www.roseltorg.ru/procedure/COM06112400051/1
5905099475;"ООО ""ЛУКОЙЛ-ПЕРМНЕФТЕОРГСИНТЕЗ""";;Поставка кранов мостовых в соответствии с опросными листами для установки вакуумного фракционирования;;;;;https://www.roseltorg.ru/procedure/COM06112400050/1
5905099475;"ООО ""ЛУКОЙЛ-ПЕРМНЕФТЕОРГСИНТЕЗ""";;COM06112400050 (Лот 1);;;;;https://www.roseltorg.ru/procedure/COM06112400050/1
5905099475;"ООО ""ЛУКОЙЛ-ПЕРМНЕФТЕОРГСИНТЕЗ""";;Закупка Датчика уровня по 28-22-1-сп-46-10-АТХ.ОЛ6.2;;;;;https://www.roseltorg.ru/procedure/COM30102400092/1
5905099475;"ООО ""ЛУКОЙЛ-ПЕРМНЕФТЕОРГСИНТЕЗ""";;COM30102400092 (Лот 1);;;;;https://www.roseltorg.ru/procedure/COM30102400092/1
5905099475;"ООО ""ЛУКОЙЛ-ПЕРМНЕФТЕОРГСИНТЕЗ""";;Поставка уровнемеров по ОЛ в 2025 году;;;;;https://www.roseltorg.ru/procedure/COM29102400055/1
5905099475;"ООО ""ЛУКОЙЛ-ПЕРМНЕФТЕОРГСИНТЕЗ""";;COM29102400055 (Лот 1);;;;;https://www.roseltorg.ru/procedure/COM29102400055/1
5905099475;"ООО ""ЛУКОЙЛ-ПЕРМНЕФТЕОРГСИНТЕЗ""";;Закупка противопожарных дверей EIS30 на 2024 год: 1. Дверь противопожарная EIS 30 950х200 1 шт. 2. Дверь противопожарная EIS 30 1420х2350 1 шт.;;;;;https://www.roseltorg.ru/procedure/COM29102400050/1
5905099475;"ООО ""ЛУКОЙЛ-ПЕРМНЕФТЕОРГСИНТЕЗ""";;COM29102400050 (Лот 1);;;;;https://www.roseltorg.ru/procedure/COM29102400050/1
5905099475;"ООО ""ЛУКОЙЛ-ПЕРМНЕФТЕОРГСИНТЕЗ""";;Поставка фильтров DN 150 по ОЛ;;;;;https://www.roseltorg.ru/procedure/COM11102400060/1
5905099475;"ООО ""ЛУКОЙЛ-ПЕРМНЕФТЕОРГСИНТЕЗ""";;COM11102400060 (Лот 1);;;;;https://www.roseltorg.ru/procedure/COM11102400060/1
5905099475;"ООО ""ЛУКОЙЛ-ПЕРМНЕФТЕОРГСИНТЕЗ""";;"Поставка фильтроэлементов по ТУ ООО ""НПП ""ЭКОЭНЕРГОМАШ""";;;;;https://www.roseltorg.ru/procedure/COM08102400070/1
5905099475;"ООО ""ЛУКОЙЛ-ПЕРМНЕФТЕОРГСИНТЕЗ""";;COM08102400070 (Лот 1);;;;;https://www.roseltorg.ru/procedure/COM08102400070/1
5905099475;"ООО ""ЛУКОЙЛ-ПЕРМНЕФТЕОРГСИНТЕЗ""";;Поставка флагов размер 4000*680 мм (макет прилагается);;;;;https://www.roseltorg.ru/procedure/COM08102400053/1
5905099475;"ООО ""ЛУКОЙЛ-ПЕРМНЕФТЕОРГСИНТЕЗ""";;COM08102400053 (Лот 1);;;;;https://www.roseltorg.ru/procedure/COM08102400053/1
5905099475;"ООО ""ЛУКОЙЛ-ПЕРМНЕФТЕОРГСИНТЕЗ""";;Поставка ресивера воздуха КИП 6-V-1902;;;;;https://www.roseltorg.ru/procedure/COM07102400005/1
5905099475;"ООО ""ЛУКОЙЛ-ПЕРМНЕФТЕОРГСИНТЕЗ""";;COM07102400005 (Лот 1);;;;;https://www.roseltorg.ru/procedure/COM07102400005/1
5905099475;"ООО ""ЛУКОЙЛ-ПЕРМНЕФТЕОРГСИНТЕЗ""";;Поставка прибора проверки качества воздуха согласно ТЗ;;;;;https://www.roseltorg.ru/procedure/COM02102400069/1
5905099475;"ООО ""ЛУКОЙЛ-ПЕРМНЕФТЕОРГСИНТЕЗ""";;COM02102400069 (Лот 1);;;;;https://www.roseltorg.ru/procedure/COM02102400069/1
5905099475;"ООО ""ЛУКОЙЛ-ПЕРМНЕФТЕОРГСИНТЕЗ""";;Поставка манометров в 2025 году;;;;;https://www.roseltorg.ru/procedure/COM01102400032/1
5905099475;"ООО ""ЛУКОЙЛ-ПЕРМНЕФТЕОРГСИНТЕЗ""";;COM01102400032 (Лот 1);;;;;https://www.roseltorg.ru/procedure/COM01102400032/1
5905099475;"ООО ""ЛУКОЙЛ-ПЕРМНЕФТЕОРГСИНТЕЗ""";;Поставка запасных частей для насосов пр-ва Талнахский механический завод;;;;;https://www.roseltorg.ru/procedure/COM01102400017/1
5905099475;"ООО ""ЛУКОЙЛ-ПЕРМНЕФТЕОРГСИНТЕЗ""";;COM01102400017 (Лот 1);;;;;https://www.roseltorg.ru/procedure/COM01102400017/1
5905099475;"ООО ""ЛУКОЙЛ-ПЕРМНЕФТЕОРГСИНТЕЗ""";;Поставка датчика-реле пламени Парус-002УФ-1/24ЕК в 2025 году;;;;;https://www.roseltorg.ru/procedure/COM30092400095/1
5905099475;"ООО ""ЛУКОЙЛ-ПЕРМНЕФТЕОРГСИНТЕЗ""";;COM30092400095 (Лот 1);;;;;https://www.roseltorg.ru/procedure/COM30092400095/1
5905099475;"ООО ""ЛУКОЙЛ-ПЕРМНЕФТЕОРГСИНТЕЗ""";;Поставка датчика индуктивного по ОЛ в 2025 году;;;;;https://www.roseltorg.ru/procedure/COM30092400028/1
5905099475;"ООО ""ЛУКОЙЛ-ПЕРМНЕФТЕОРГСИНТЕЗ""";;COM30092400028 (Лот 1);;;;;https://www.roseltorg.ru/procedure/COM30092400028/1
5905099475;"ООО ""ЛУКОЙЛ-ПЕРМНЕФТЕОРГСИНТЕЗ""";;Поставка газоанализаторов портативных многокомпонентных по ОЛ в 2025 году;;;;;https://www.roseltorg.ru/procedure/COM30092400027/1
5905099475;"ООО ""ЛУКОЙЛ-ПЕРМНЕФТЕОРГСИНТЕЗ""";;COM30092400027 (Лот 1);;;;;https://www.roseltorg.ru/procedure/COM30092400027/1
5905099475;"ООО ""ЛУКОЙЛ-ПЕРМНЕФТЕОРГСИНТЕЗ""";;Закупка набор пар трения HFRNEO для HFRR по ТУ26.51.85.001-99710221-2019 в кол-ве 10шт.;;;;;https://www.roseltorg.ru/procedure/COM30092400025/1
5905099475;"ООО ""ЛУКОЙЛ-ПЕРМНЕФТЕОРГСИНТЕЗ""";;COM30092400025 (Лот 1);;;;;https://www.roseltorg.ru/procedure/COM30092400025/1
5905099475;"ООО ""ЛУКОЙЛ-ПЕРМНЕФТЕОРГСИНТЕЗ""";;"Поставка реагентов антигололедных для нужд ООО ""ЛУКОЙЛ-Пермнефтеоргсинтез"" в 2025 году Реагент антигололедный АЙСМЕЛТ(в мешках) КГ 300 Реагент Ратмикс Экотор 25кг (ТУ 2149-001-63785640-2010) ШТ 34";;;;;https://www.roseltorg.ru/procedure/COM26092400059/1
5905099475;"ООО ""ЛУКОЙЛ-ПЕРМНЕФТЕОРГСИНТЕЗ""";;COM26092400059 (Лот 1);;;;;https://www.roseltorg.ru/procedure/COM26092400059/1
5905099475;"ООО ""ЛУКОЙЛ-ПЕРМНЕФТЕОРГСИНТЕЗ""";;Поставка вентиляторов Solar №154554-9 в 1 кв. 2025;;;;;https://www.roseltorg.ru/procedure/COM24092400086/1
5905099475;"ООО ""ЛУКОЙЛ-ПЕРМНЕФТЕОРГСИНТЕЗ""";;COM24092400086 (Лот 1);;;;;https://www.roseltorg.ru/procedure/COM24092400086/1
5905099475;"ООО ""ЛУКОЙЛ-ПЕРМНЕФТЕОРГСИНТЕЗ""";;Поставка грунт песчаный по ГОСТ 25100-2020 в объеме 4 350,0тн;;;;;https://www.roseltorg.ru/procedure/COM13092400048/1
5905099475;"ООО ""ЛУКОЙЛ-ПЕРМНЕФТЕОРГСИНТЕЗ""";;COM13092400048 (Лот 1);;;;;https://www.roseltorg.ru/procedure/COM13092400048/1
1004001744;"АО ""КАРЕЛЬСКИЙ ОКАТЫШ""";;Кровельные работы зданий и сооружений (ЗиС);;;;;https://www.roseltorg.ru/procedure/B0306221253596/1
1004001744;"АО ""КАРЕЛЬСКИЙ ОКАТЫШ""";;B0306221253596 (Позиция 1);;;;;https://www.roseltorg.ru/procedure/B0306221253596/1
1004001744;"АО ""КАРЕЛЬСКИЙ ОКАТЫШ""";;Общестроительные ремонтно-востановительные работы зданий и сооружений (ЗиС);;;;;https://www.roseltorg.ru/procedure/B0306221253596/2
1004001744;"АО ""КАРЕЛЬСКИЙ ОКАТЫШ""";;B0306221253596 (Позиция 2);;;;;https://www.roseltorg.ru/procedure/B0306221253596/2
1004001744;"АО ""КАРЕЛЬСКИЙ ОКАТЫШ""";;Верхолазные работы, в т.ч. антикоррозийные работы зданий и сооружений (ЗиС);;;;;https://www.roseltorg.ru/procedure/B0306221253596/3
1004001744;"АО ""КАРЕЛЬСКИЙ ОКАТЫШ""";;B0306221253596 (Позиция 3);;;;;https://www.roseltorg.ru/procedure/B0306221253596/3
1004001744;"АО ""КАРЕЛЬСКИЙ ОКАТЫШ""";;Косметические ремонты зданий;;;;;https://www.roseltorg.ru/procedure/B0306221253596/4
1004001744;"АО ""КАРЕЛЬСКИЙ ОКАТЫШ""";;B0306221253596 (Позиция 4);;;;;https://www.roseltorg.ru/procedure/B0306221253596/4
7830000426;"ГОСУДАРСТВЕННОЕ УНИТАРНОЕ ПРЕДПРИЯТИЕ ""ВОДОКАНАЛ САНКТ-ПЕТЕРБУРГА""";32615863858;Выполнение работ по ремонту систем кондиционирования на объекте филиала водоотведения;;;;;https://www.roseltorg.ru/procedure/32615863858/1
7830000426;"ГОСУДАРСТВЕННОЕ УНИТАРНОЕ ПРЕДПРИЯТИЕ ""ВОДОКАНАЛ САНКТ-ПЕТЕРБУРГА""";32615863858;32615863858 (Лот 1);;;;;https://www.roseltorg.ru/procedure/32615863858/1
7830000426;"ГОСУДАРСТВЕННОЕ УНИТАРНОЕ ПРЕДПРИЯТИЕ ""ВОДОКАНАЛ САНКТ-ПЕТЕРБУРГА""";32009490392;Открытие невозобновляемой кредитной линии с целью погашения ранее привлеченного кредита;;;;;https://www.roseltorg.ru/procedure/32009490392/1
7830000426;"ГОСУДАРСТВЕННОЕ УНИТАРНОЕ ПРЕДПРИЯТИЕ ""ВОДОКАНАЛ САНКТ-ПЕТЕРБУРГА""";32009490392;32009490392 (Лот 1);;;;;https://www.roseltorg.ru/procedure/32009490392/1
7830000426;"ГОСУДАРСТВЕННОЕ УНИТАРНОЕ ПРЕДПРИЯТИЕ ""ВОДОКАНАЛ САНКТ-ПЕТЕРБУРГА""";32616087421;Оказание услуг по экспертизе промышленной безопасности котла-утилизатора № 28396 и металлоконструкций каркаса котла-утилизатора Завода сжигания осадка Центральной станции аэрации;;;;;https://www.roseltorg.ru/procedure/32616087421/1
7830000426;"ГОСУДАРСТВЕННОЕ УНИТАРНОЕ ПРЕДПРИЯТИЕ ""ВОДОКАНАЛ САНКТ-ПЕТЕРБУРГА""";32616087421;32616087421 (Лот 1);;;;;https://www.roseltorg.ru/procedure/32616087421/1
7830000426;"ГОСУДАРСТВЕННОЕ УНИТАРНОЕ ПРЕДПРИЯТИЕ ""ВОДОКАНАЛ САНКТ-ПЕТЕРБУРГА""";32616086998;Выполнение работ по ремонту автотранспортных средств КАМАЗ;;;;;https://www.roseltorg.ru/procedure/32616086998/1
7830000426;"ГОСУДАРСТВЕННОЕ УНИТАРНОЕ ПРЕДПРИЯТИЕ ""ВОДОКАНАЛ САНКТ-ПЕТЕРБУРГА""";32616086998;32616086998 (Лот 1);;;;;https://www.roseltorg.ru/procedure/32616086998/1
7830000426;"ГОСУДАРСТВЕННОЕ УНИТАРНОЕ ПРЕДПРИЯТИЕ ""ВОДОКАНАЛ САНКТ-ПЕТЕРБУРГА""";32616084003;Оказание услуг по экспертизе промышленной безопасности трубопроводов едкого натра (общий коллектор приема и подачи щелочи) Завода сжигания осадка Центральной станции аэрации;;;;;https://www.roseltorg.ru/procedure/32616084003/1
7830000426;"ГОСУДАРСТВЕННОЕ УНИТАРНОЕ ПРЕДПРИЯТИЕ ""ВОДОКАНАЛ САНКТ-ПЕТЕРБУРГА""";32616084003;32616084003 (Лот 1);;;;;https://www.roseltorg.ru/procedure/32616084003/1
7830000426;"ГОСУДАРСТВЕННОЕ УНИТАРНОЕ ПРЕДПРИЯТИЕ ""ВОДОКАНАЛ САНКТ-ПЕТЕРБУРГА""";32615990711;"Оказание услуг по сбору, транспортированию, обезвреживанию или утилизации отходов III класса опасности на объектах филиала ""Транспорт и логистика""";;;;;https://www.roseltorg.ru/procedure/32615990711/1
7830000426;"ГОСУДАРСТВЕННОЕ УНИТАРНОЕ ПРЕДПРИЯТИЕ ""ВОДОКАНАЛ САНКТ-ПЕТЕРБУРГА""";32615990711;32615990711 (Лот 1);;;;;https://www.roseltorg.ru/procedure/32615990711/1
7830000426;"ГОСУДАРСТВЕННОЕ УНИТАРНОЕ ПРЕДПРИЯТИЕ ""ВОДОКАНАЛ САНКТ-ПЕТЕРБУРГА""";32615949855;Оказание услуг по техническому обслуживанию и текущему ремонту оборудования установок химводоподготовки и химводоочистки котельных на объектах филиала;;;;;https://www.roseltorg.ru/procedure/32615949855/1
7830000426;"ГОСУДАРСТВЕННОЕ УНИТАРНОЕ ПРЕДПРИЯТИЕ ""ВОДОКАНАЛ САНКТ-ПЕТЕРБУРГА""";32615949855;32615949855 (Лот 1);;;;;https://www.roseltorg.ru/procedure/32615949855/1
7830000426;"ГОСУДАРСТВЕННОЕ УНИТАРНОЕ ПРЕДПРИЯТИЕ ""ВОДОКАНАЛ САНКТ-ПЕТЕРБУРГА""";32615944153;"Выполнение работ по текущему ремонту крановых путей, кранбалок и электротельферов на объектах филиала ""Транспорт и логистика""";;;;;https://www.roseltorg.ru/procedure/32615944153/1
7830000426;"ГОСУДАРСТВЕННОЕ УНИТАРНОЕ ПРЕДПРИЯТИЕ ""ВОДОКАНАЛ САНКТ-ПЕТЕРБУРГА""";32615944153;32615944153 (Лот 1);;;;;https://www.roseltorg.ru/procedure/32615944153/1
7830000426;"ГОСУДАРСТВЕННОЕ УНИТАРНОЕ ПРЕДПРИЯТИЕ ""ВОДОКАНАЛ САНКТ-ПЕТЕРБУРГА""";32615941352;Выполнение работ по замене установок повышения давления;;;;;https://www.roseltorg.ru/procedure/32615941352/1
7830000426;"ГОСУДАРСТВЕННОЕ УНИТАРНОЕ ПРЕДПРИЯТИЕ ""ВОДОКАНАЛ САНКТ-ПЕТЕРБУРГА""";32615941352;32615941352 (Лот 1);;;;;https://www.roseltorg.ru/procedure/32615941352/1
7830000426;"ГОСУДАРСТВЕННОЕ УНИТАРНОЕ ПРЕДПРИЯТИЕ ""ВОДОКАНАЛ САНКТ-ПЕТЕРБУРГА""";32615934862;Оказание услуг по техническому обслуживанию и текущему ремонту подъемных ворот в производственных помещениях на объектах водоотведения;;;;;https://www.roseltorg.ru/procedure/32615934862/1
7830000426;"ГОСУДАРСТВЕННОЕ УНИТАРНОЕ ПРЕДПРИЯТИЕ ""ВОДОКАНАЛ САНКТ-ПЕТЕРБУРГА""";32615934862;32615934862 (Лот 1);;;;;https://www.roseltorg.ru/procedure/32615934862/1
7830000426;"ГОСУДАРСТВЕННОЕ УНИТАРНОЕ ПРЕДПРИЯТИЕ ""ВОДОКАНАЛ САНКТ-ПЕТЕРБУРГА""";32615935255;Выполнение работ по ремонту колес ходовых тележек илоскребов на объектах водоотведения;;;;;https://www.roseltorg.ru/procedure/32615935255/1
7830000426;"ГОСУДАРСТВЕННОЕ УНИТАРНОЕ ПРЕДПРИЯТИЕ ""ВОДОКАНАЛ САНКТ-ПЕТЕРБУРГА""";32615935255;32615935255 (Лот 1);;;;;https://www.roseltorg.ru/procedure/32615935255/1
7830000426;"ГОСУДАРСТВЕННОЕ УНИТАРНОЕ ПРЕДПРИЯТИЕ ""ВОДОКАНАЛ САНКТ-ПЕТЕРБУРГА""";32615923997;Оказание услуг по сервисному техническому обслуживанию и ремонту автотранспортных средств на газомоторном топливе GAZelle NEXT;;;;;https://www.roseltorg.ru/procedure/32615923997/1
7830000426;"ГОСУДАРСТВЕННОЕ УНИТАРНОЕ ПРЕДПРИЯТИЕ ""ВОДОКАНАЛ САНКТ-ПЕТЕРБУРГА""";32615923997;32615923997 (Лот 1);;;;;https://www.roseltorg.ru/procedure/32615923997/1
7830000426;"ГОСУДАРСТВЕННОЕ УНИТАРНОЕ ПРЕДПРИЯТИЕ ""ВОДОКАНАЛ САНКТ-ПЕТЕРБУРГА""";32615911193;"Выполнение работ по текущему ремонту крановых путей, кранбалок и электротельферов на объектах филиала ""Транспорт и логистика""";;;;;https://www.roseltorg.ru/procedure/32615911193/1
7830000426;"ГОСУДАРСТВЕННОЕ УНИТАРНОЕ ПРЕДПРИЯТИЕ ""ВОДОКАНАЛ САНКТ-ПЕТЕРБУРГА""";32615911193;32615911193 (Лот 1);;;;;https://www.roseltorg.ru/procedure/32615911193/1
7830000426;"ГОСУДАРСТВЕННОЕ УНИТАРНОЕ ПРЕДПРИЯТИЕ ""ВОДОКАНАЛ САНКТ-ПЕТЕРБУРГА""";32615904720;Оказание услуг по предотвращению распространения и уничтожению борщевика Сосновского химическим способом на объектах ГУП «Водоканал Санкт-Петербурга»;;;;;https://www.roseltorg.ru/procedure/32615904720/1
7830000426;"ГОСУДАРСТВЕННОЕ УНИТАРНОЕ ПРЕДПРИЯТИЕ ""ВОДОКАНАЛ САНКТ-ПЕТЕРБУРГА""";32615904720;32615904720 (Лот 1);;;;;https://www.roseltorg.ru/procedure/32615904720/1
7830000426;"ГОСУДАРСТВЕННОЕ УНИТАРНОЕ ПРЕДПРИЯТИЕ ""ВОДОКАНАЛ САНКТ-ПЕТЕРБУРГА""";32615899511;"Выполнение работ по текущему ремонту ворот и шлагбаумов на объектах филиала ""Транспорт и логистика""";;;;;https://www.roseltorg.ru/procedure/32615899511/1
7830000426;"ГОСУДАРСТВЕННОЕ УНИТАРНОЕ ПРЕДПРИЯТИЕ ""ВОДОКАНАЛ САНКТ-ПЕТЕРБУРГА""";32615899511;32615899511 (Лот 1);;;;;https://www.roseltorg.ru/procedure/32615899511/1
7830000426;"ГОСУДАРСТВЕННОЕ УНИТАРНОЕ ПРЕДПРИЯТИЕ ""ВОДОКАНАЛ САНКТ-ПЕТЕРБУРГА""";32615788045;Оказание услуг по испытанию внутренних трубопроводов и наружных тепловых сетей котельных на максимальные параметры теплоносителя;;;;;https://www.roseltorg.ru/procedure/32615788045/1
7830000426;"ГОСУДАРСТВЕННОЕ УНИТАРНОЕ ПРЕДПРИЯТИЕ ""ВОДОКАНАЛ САНКТ-ПЕТЕРБУРГА""";32615788045;32615788045 (Лот 1);;;;;https://www.roseltorg.ru/procedure/32615788045/1
7830000426;"ГОСУДАРСТВЕННОЕ УНИТАРНОЕ ПРЕДПРИЯТИЕ ""ВОДОКАНАЛ САНКТ-ПЕТЕРБУРГА""";32615774426;Выполнение работ по ремонту блоков цилиндров двигателей и коленчатых валов;;;;;https://www.roseltorg.ru/procedure/32615774426/1
7830000426;"ГОСУДАРСТВЕННОЕ УНИТАРНОЕ ПРЕДПРИЯТИЕ ""ВОДОКАНАЛ САНКТ-ПЕТЕРБУРГА""";32615774426;32615774426 (Лот 1);;;;;https://www.roseltorg.ru/procedure/32615774426/1
7830000426;"ГОСУДАРСТВЕННОЕ УНИТАРНОЕ ПРЕДПРИЯТИЕ ""ВОДОКАНАЛ САНКТ-ПЕТЕРБУРГА""";32615792939;Выполнение работ по текущему ремонту станочного, гаражного и технологического оборудования;;;;;https://www.roseltorg.ru/procedure/32615792939/1
7830000426;"ГОСУДАРСТВЕННОЕ УНИТАРНОЕ ПРЕДПРИЯТИЕ ""ВОДОКАНАЛ САНКТ-ПЕТЕРБУРГА""";32615792939;32615792939 (Лот 1);;;;;https://www.roseltorg.ru/procedure/32615792939/1
7830000426;"ГОСУДАРСТВЕННОЕ УНИТАРНОЕ ПРЕДПРИЯТИЕ ""ВОДОКАНАЛ САНКТ-ПЕТЕРБУРГА""";32615788326;Выполнение работ по текущему ремонту с заменой комплектующих погружных насосов;;;;;https://www.roseltorg.ru/procedure/32615788326/1
7830000426;"ГОСУДАРСТВЕННОЕ УНИТАРНОЕ ПРЕДПРИЯТИЕ ""ВОДОКАНАЛ САНКТ-ПЕТЕРБУРГА""";32615788326;32615788326 (Лот 1);;;;;https://www.roseltorg.ru/procedure/32615788326/1
7830000426;"ГОСУДАРСТВЕННОЕ УНИТАРНОЕ ПРЕДПРИЯТИЕ ""ВОДОКАНАЛ САНКТ-ПЕТЕРБУРГА""";32615783423;Оказание услуг по сервисному техническому обслуживанию и ремонту автотранспортных средств Москвич;;;;;https://www.roseltorg.ru/procedure/32615783423/1
7830000426;"ГОСУДАРСТВЕННОЕ УНИТАРНОЕ ПРЕДПРИЯТИЕ ""ВОДОКАНАЛ САНКТ-ПЕТЕРБУРГА""";32615783423;32615783423 (Лот 1);;;;;https://www.roseltorg.ru/procedure/32615783423/1
7830000426;"ГОСУДАРСТВЕННОЕ УНИТАРНОЕ ПРЕДПРИЯТИЕ ""ВОДОКАНАЛ САНКТ-ПЕТЕРБУРГА""";32615864340;Выполнение работ по капитальному ремонту участков трубопроводов горячей воды филиала «Водоснабжение Санкт-Петербурга»;;;;;https://www.roseltorg.ru/procedure/32615864340/1
7830000426;"ГОСУДАРСТВЕННОЕ УНИТАРНОЕ ПРЕДПРИЯТИЕ ""ВОДОКАНАЛ САНКТ-ПЕТЕРБУРГА""";32615864340;32615864340 (Лот 1);;;;;https://www.roseltorg.ru/procedure/32615864340/1
7830000426;"ГОСУДАРСТВЕННОЕ УНИТАРНОЕ ПРЕДПРИЯТИЕ ""ВОДОКАНАЛ САНКТ-ПЕТЕРБУРГА""";32615863909;Оказание услуг по предоставлению доступа на использование программы для ЭВМ «Информационно-поисковая система «Инфопрактик» путем подключения, включая техническую поддержку и обслуживание Программы, для предоставления обзоров и мониторингов состояния экономики и экономической безопасности.;;;;;https://www.roseltorg.ru/procedure/32615863909/1
7830000426;"ГОСУДАРСТВЕННОЕ УНИТАРНОЕ ПРЕДПРИЯТИЕ ""ВОДОКАНАЛ САНКТ-ПЕТЕРБУРГА""";32615863909;32615863909 (Лот 1);;;;;https://www.roseltorg.ru/procedure/32615863909/1
7830000426;"ГОСУДАРСТВЕННОЕ УНИТАРНОЕ ПРЕДПРИЯТИЕ ""ВОДОКАНАЛ САНКТ-ПЕТЕРБУРГА""";32615862026;Выполнение работ по ремонту гидравлических узлов буровых машин, агрегатов строительной техники и средств малой механизации;;;;;https://www.roseltorg.ru/procedure/32615862026/1
7830000426;"ГОСУДАРСТВЕННОЕ УНИТАРНОЕ ПРЕДПРИЯТИЕ ""ВОДОКАНАЛ САНКТ-ПЕТЕРБУРГА""";32615862026;32615862026 (Лот 1);;;;;https://www.roseltorg.ru/procedure/32615862026/1
7830000426;"ГОСУДАРСТВЕННОЕ УНИТАРНОЕ ПРЕДПРИЯТИЕ ""ВОДОКАНАЛ САНКТ-ПЕТЕРБУРГА""";32615859813;Оказание услуг по техническому обслуживанию и текущему ремонту оборудования обезвоживания осадка (декантеры );;;;;https://www.roseltorg.ru/procedure/32615859813/1
7830000426;"ГОСУДАРСТВЕННОЕ УНИТАРНОЕ ПРЕДПРИЯТИЕ ""ВОДОКАНАЛ САНКТ-ПЕТЕРБУРГА""";32615859813;32615859813 (Лот 1);;;;;https://www.roseltorg.ru/procedure/32615859813/1
7830000426;"ГОСУДАРСТВЕННОЕ УНИТАРНОЕ ПРЕДПРИЯТИЕ ""ВОДОКАНАЛ САНКТ-ПЕТЕРБУРГА""";32615858165;Выполнение работ по капитальному ремонту участка тепловой сети по адресу: Санкт-Петербург, г. Пушкин, ул. Парковая, д. 62 филиала «Водоснабжение Санкт-Петербурга»;;;;;https://www.roseltorg.ru/procedure/32615858165/1
7830000426;"ГОСУДАРСТВЕННОЕ УНИТАРНОЕ ПРЕДПРИЯТИЕ ""ВОДОКАНАЛ САНКТ-ПЕТЕРБУРГА""";32615858165;32615858165 (Лот 1);;;;;https://www.roseltorg.ru/procedure/32615858165/1
7830000426;"ГОСУДАРСТВЕННОЕ УНИТАРНОЕ ПРЕДПРИЯТИЕ ""ВОДОКАНАЛ САНКТ-ПЕТЕРБУРГА""";32615852409;"Оказание комплекса услуг по обеспечению функционирования очистных сооружений поверхностных сточных вод (ОСПС) ТКВ ""Юг""";;;;;https://www.roseltorg.ru/procedure/32615852409/1
7830000426;"ГОСУДАРСТВЕННОЕ УНИТАРНОЕ ПРЕДПРИЯТИЕ ""ВОДОКАНАЛ САНКТ-ПЕТЕРБУРГА""";32615852409;32615852409 (Лот 1);;;;;https://www.roseltorg.ru/procedure/32615852409/1
7830000426;"ГОСУДАРСТВЕННОЕ УНИТАРНОЕ ПРЕДПРИЯТИЕ ""ВОДОКАНАЛ САНКТ-ПЕТЕРБУРГА""";32615852382;Выполнение работ по ремонту электротехнического оборудования скважин на объектах филиала «Водоснабжение Санкт-Петербурга»;;;;;https://www.roseltorg.ru/procedure/32615852382/1
7830000426;"ГОСУДАРСТВЕННОЕ УНИТАРНОЕ ПРЕДПРИЯТИЕ ""ВОДОКАНАЛ САНКТ-ПЕТЕРБУРГА""";32615852382;32615852382 (Лот 1);;;;;https://www.roseltorg.ru/procedure/32615852382/1
7830000426;"ГОСУДАРСТВЕННОЕ УНИТАРНОЕ ПРЕДПРИЯТИЕ ""ВОДОКАНАЛ САНКТ-ПЕТЕРБУРГА""";32615852363;Оказание услуг по предоставлению автофургонов для подразделений ГУП «Водоканал Санкт-Петербурга»;;;;;https://www.roseltorg.ru/procedure/32615852363/1
7830000426;"ГОСУДАРСТВЕННОЕ УНИТАРНОЕ ПРЕДПРИЯТИЕ ""ВОДОКАНАЛ САНКТ-ПЕТЕРБУРГА""";32615852363;32615852363 (Лот 1);;;;;https://www.roseltorg.ru/procedure/32615852363/1
7830000426;"ГОСУДАРСТВЕННОЕ УНИТАРНОЕ ПРЕДПРИЯТИЕ ""ВОДОКАНАЛ САНКТ-ПЕТЕРБУРГА""";32615852346;"Выполнение работ по капитальному ремонту насосов 26ФВ-22 тех. №4; №5 с электродвигателем СДВ-16-36-12, установленных в ТКВ «Юг» ЦСА УТСВ по адресу: г. Санкт-Петербург, Рижский проспект д.49 лит «В»";;;;;https://www.roseltorg.ru/procedure/32615852346/1
7830000426;"ГОСУДАРСТВЕННОЕ УНИТАРНОЕ ПРЕДПРИЯТИЕ ""ВОДОКАНАЛ САНКТ-ПЕТЕРБУРГА""";32615852346;32615852346 (Лот 1);;;;;https://www.roseltorg.ru/procedure/32615852346/1
7830000426;"ГОСУДАРСТВЕННОЕ УНИТАРНОЕ ПРЕДПРИЯТИЕ ""ВОДОКАНАЛ САНКТ-ПЕТЕРБУРГА""";32615846972;Выполнение работ по ремонту напорного трубопровода в насосном отделении Пулковской водопроводной станции;;;;;https://www.roseltorg.ru/procedure/32615846972/1
7830000426;"ГОСУДАРСТВЕННОЕ УНИТАРНОЕ ПРЕДПРИЯТИЕ ""ВОДОКАНАЛ САНКТ-ПЕТЕРБУРГА""";32615846972;32615846972 (Лот 1);;;;;https://www.roseltorg.ru/procedure/32615846972/1
7830000426;"ГОСУДАРСТВЕННОЕ УНИТАРНОЕ ПРЕДПРИЯТИЕ ""ВОДОКАНАЛ САНКТ-ПЕТЕРБУРГА""";32615830108;Выполнение работ по капитальному ремонту колонны щелочной промывки и колонны кислой промывки (колонны Вентури) по адресу: г. Санкт-Петербург, о. Белый д.1;;;;;https://www.roseltorg.ru/procedure/32615830108/1
7830000426;"ГОСУДАРСТВЕННОЕ УНИТАРНОЕ ПРЕДПРИЯТИЕ ""ВОДОКАНАЛ САНКТ-ПЕТЕРБУРГА""";32615830108;32615830108 (Лот 1);;;;;https://www.roseltorg.ru/procedure/32615830108/1
7830000426;"ГОСУДАРСТВЕННОЕ УНИТАРНОЕ ПРЕДПРИЯТИЕ ""ВОДОКАНАЛ САНКТ-ПЕТЕРБУРГА""";32615824630;"Оказание комплекса услуг по обеспечению функционирования очистных сооружений поверхностных сточных вод (ОСПС) ТКВ ""Север""";;;;;https://www.roseltorg.ru/procedure/32615824630/1
7830000426;"ГОСУДАРСТВЕННОЕ УНИТАРНОЕ ПРЕДПРИЯТИЕ ""ВОДОКАНАЛ САНКТ-ПЕТЕРБУРГА""";32615824630;32615824630 (Лот 1);;;;;https://www.roseltorg.ru/procedure/32615824630/1
7830000426;"ГОСУДАРСТВЕННОЕ УНИТАРНОЕ ПРЕДПРИЯТИЕ ""ВОДОКАНАЛ САНКТ-ПЕТЕРБУРГА""";32615819467;Выполнение работ по текущему ремонту оборудования установок измерения Скан-Трек 2000 на стационарных снегоплавильных и снегоприемных пунктах;;;;;https://www.roseltorg.ru/procedure/32615819467/1
7830000426;"ГОСУДАРСТВЕННОЕ УНИТАРНОЕ ПРЕДПРИЯТИЕ ""ВОДОКАНАЛ САНКТ-ПЕТЕРБУРГА""";32615819467;32615819467 (Лот 1);;;;;https://www.roseltorg.ru/procedure/32615819467/1
7830000426;"ГОСУДАРСТВЕННОЕ УНИТАРНОЕ ПРЕДПРИЯТИЕ ""ВОДОКАНАЛ САНКТ-ПЕТЕРБУРГА""";32615819287;Оказание услуг по техническому обслуживанию и текущему ремонту систем ХВО Заводов сжигания осадка Центральной станции аэрации и Юго-Западных очистных сооружений;;;;;https://www.roseltorg.ru/procedure/32615819287/1
7830000426;"ГОСУДАРСТВЕННОЕ УНИТАРНОЕ ПРЕДПРИЯТИЕ ""ВОДОКАНАЛ САНКТ-ПЕТЕРБУРГА""";32615819287;32615819287 (Лот 1);;;;;https://www.roseltorg.ru/procedure/32615819287/1
7830000426;"ГОСУДАРСТВЕННОЕ УНИТАРНОЕ ПРЕДПРИЯТИЕ ""ВОДОКАНАЛ САНКТ-ПЕТЕРБУРГА""";32615808736;Выполнение работ по капитальному ремонту распределительной подстанции 3501 на Южной водопроводной станции .;;;;;https://www.roseltorg.ru/procedure/32615808736/1
7830000426;"ГОСУДАРСТВЕННОЕ УНИТАРНОЕ ПРЕДПРИЯТИЕ ""ВОДОКАНАЛ САНКТ-ПЕТЕРБУРГА""";32615808736;32615808736 (Лот 1);;;;;https://www.roseltorg.ru/procedure/32615808736/1
7830000426;"ГОСУДАРСТВЕННОЕ УНИТАРНОЕ ПРЕДПРИЯТИЕ ""ВОДОКАНАЛ САНКТ-ПЕТЕРБУРГА""";32615808429;Оказание услуг по обслуживанию эталонных средств измерений, эксплуатируемых в ГУП «Водоканал Санкт-Петербурга»;;;;;https://www.roseltorg.ru/procedure/32615808429/1
7830000426;"ГОСУДАРСТВЕННОЕ УНИТАРНОЕ ПРЕДПРИЯТИЕ ""ВОДОКАНАЛ САНКТ-ПЕТЕРБУРГА""";32615808429;32615808429 (Лот 1);;;;;https://www.roseltorg.ru/procedure/32615808429/1
7830000426;"ГОСУДАРСТВЕННОЕ УНИТАРНОЕ ПРЕДПРИЯТИЕ ""ВОДОКАНАЛ САНКТ-ПЕТЕРБУРГА""";32615778253;Выполнение работ по текущему ремонту подъемно-транспортного оборудования (автокранов, кранов-манипуляторов и автогидроподъемников);;;;;https://www.roseltorg.ru/procedure/32615778253/1
7830000426;"ГОСУДАРСТВЕННОЕ УНИТАРНОЕ ПРЕДПРИЯТИЕ ""ВОДОКАНАЛ САНКТ-ПЕТЕРБУРГА""";32615778253;32615778253 (Лот 1);;;;;https://www.roseltorg.ru/procedure/32615778253/1
7830000426;"ГОСУДАРСТВЕННОЕ УНИТАРНОЕ ПРЕДПРИЯТИЕ ""ВОДОКАНАЛ САНКТ-ПЕТЕРБУРГА""";32615726853;"Выполнение работ по производству сувенирной продукции для детского оздоровительного лагеря ""Звездный""";;;;;https://www.roseltorg.ru/procedure/32615726853/1
7830000426;"ГОСУДАРСТВЕННОЕ УНИТАРНОЕ ПРЕДПРИЯТИЕ ""ВОДОКАНАЛ САНКТ-ПЕТЕРБУРГА""";32615726853;32615726853 (Лот 1);;;;;https://www.roseltorg.ru/procedure/32615726853/1
7830000426;"ГОСУДАРСТВЕННОЕ УНИТАРНОЕ ПРЕДПРИЯТИЕ ""ВОДОКАНАЛ САНКТ-ПЕТЕРБУРГА""";32615719377;"Оказание услуг по техническому обслуживанию кран-балок и тельферов на объектах филиала ""Транспорт и логистика""";;;;;https://www.roseltorg.ru/procedure/32615719377/1
7830000426;"ГОСУДАРСТВЕННОЕ УНИТАРНОЕ ПРЕДПРИЯТИЕ ""ВОДОКАНАЛ САНКТ-ПЕТЕРБУРГА""";32615719377;32615719377 (Лот 1);;;;;https://www.roseltorg.ru/procedure/32615719377/1
7830000426;"ГОСУДАРСТВЕННОЕ УНИТАРНОЕ ПРЕДПРИЯТИЕ ""ВОДОКАНАЛ САНКТ-ПЕТЕРБУРГА""";32615717069;Оказание услуг по проведению теплотехнических испытаний и разработке режимных карт печей с псевдоожиженным слоем и котлов-утилизаторов при работе на природном газе и обезвоженном осадке сточных вод Завода сжигания осадка Центральной станции аэрации;;;;;https://www.roseltorg.ru/procedure/32615717069/1
7830000426;"ГОСУДАРСТВЕННОЕ УНИТАРНОЕ ПРЕДПРИЯТИЕ ""ВОДОКАНАЛ САНКТ-ПЕТЕРБУРГА""";32615717069;32615717069 (Лот 1);;;;;https://www.roseltorg.ru/procedure/32615717069/1
7830000426;"ГОСУДАРСТВЕННОЕ УНИТАРНОЕ ПРЕДПРИЯТИЕ ""ВОДОКАНАЛ САНКТ-ПЕТЕРБУРГА""";32615691294;Оказание услуг по оценке рыночной стоимости транспортных средств, дорожно-строительной техники и прочих строймеханизмов;;;;;https://www.roseltorg.ru/procedure/32615691294/1
7830000426;"ГОСУДАРСТВЕННОЕ УНИТАРНОЕ ПРЕДПРИЯТИЕ ""ВОДОКАНАЛ САНКТ-ПЕТЕРБУРГА""";32615691294;32615691294 (Лот 1);;;;;https://www.roseltorg.ru/procedure/32615691294/1
7830000426;"ГОСУДАРСТВЕННОЕ УНИТАРНОЕ ПРЕДПРИЯТИЕ ""ВОДОКАНАЛ САНКТ-ПЕТЕРБУРГА""";32615686819;"Оказание услуг по техническому обслуживанию сушильно-окрасочных камер на объектах филиала ""Транспорт и логистика""";;;;;https://www.roseltorg.ru/procedure/32615686819/1
7830000426;"ГОСУДАРСТВЕННОЕ УНИТАРНОЕ ПРЕДПРИЯТИЕ ""ВОДОКАНАЛ САНКТ-ПЕТЕРБУРГА""";32615686819;32615686819 (Лот 1);;;;;https://www.roseltorg.ru/procedure/32615686819/1
7830000426;"ГОСУДАРСТВЕННОЕ УНИТАРНОЕ ПРЕДПРИЯТИЕ ""ВОДОКАНАЛ САНКТ-ПЕТЕРБУРГА""";32615677253;Выполнение работ по ремонту автотранспортных средств FOTON;;;;;https://www.roseltorg.ru/procedure/32615677253/1
7830000426;"ГОСУДАРСТВЕННОЕ УНИТАРНОЕ ПРЕДПРИЯТИЕ ""ВОДОКАНАЛ САНКТ-ПЕТЕРБУРГА""";32615677253;32615677253 (Лот 1);;;;;https://www.roseltorg.ru/procedure/32615677253/1
7830000426;"ГОСУДАРСТВЕННОЕ УНИТАРНОЕ ПРЕДПРИЯТИЕ ""ВОДОКАНАЛ САНКТ-ПЕТЕРБУРГА""";32615668251;Оказание услуг по наладке и регулировке приборов безопасности и гидрооборудования (автокранов, кранов-манипуляторов и гидроподъемников);;;;;https://www.roseltorg.ru/procedure/32615668251/1
7830000426;"ГОСУДАРСТВЕННОЕ УНИТАРНОЕ ПРЕДПРИЯТИЕ ""ВОДОКАНАЛ САНКТ-ПЕТЕРБУРГА""";32615668251;32615668251 (Лот 1);;;;;https://www.roseltorg.ru/procedure/32615668251/1
7830000426;"ГОСУДАРСТВЕННОЕ УНИТАРНОЕ ПРЕДПРИЯТИЕ ""ВОДОКАНАЛ САНКТ-ПЕТЕРБУРГА""";32615639105;Оказание услуг по техническому обслуживанию комплексной системы генерирования озона для очистки воздуха от дурнопахнущих веществ;;;;;https://www.roseltorg.ru/procedure/32615639105/1
7830000426;"ГОСУДАРСТВЕННОЕ УНИТАРНОЕ ПРЕДПРИЯТИЕ ""ВОДОКАНАЛ САНКТ-ПЕТЕРБУРГА""";32615639105;32615639105 (Лот 1);;;;;https://www.roseltorg.ru/procedure/32615639105/1
7830000426;"ГОСУДАРСТВЕННОЕ УНИТАРНОЕ ПРЕДПРИЯТИЕ ""ВОДОКАНАЛ САНКТ-ПЕТЕРБУРГА""";32615638443;Оказание услуг по техническому обслуживанию и текущему ремонту холодильников, электроплит, водонагревателей, стиральных и сушильных машин;;;;;https://www.roseltorg.ru/procedure/32615638443/1
7830000426;"ГОСУДАРСТВЕННОЕ УНИТАРНОЕ ПРЕДПРИЯТИЕ ""ВОДОКАНАЛ САНКТ-ПЕТЕРБУРГА""";32615638443;32615638443 (Лот 1);;;;;https://www.roseltorg.ru/procedure/32615638443/1
7830000426;"ГОСУДАРСТВЕННОЕ УНИТАРНОЕ ПРЕДПРИЯТИЕ ""ВОДОКАНАЛ САНКТ-ПЕТЕРБУРГА""";32615626077;Оказание услуг по экспертному обследованию грузоподъемных машин, отработавших нормативный срок службы, комплексному обследованию крановых путей;;;;;https://www.roseltorg.ru/procedure/32615626077/1
7830000426;"ГОСУДАРСТВЕННОЕ УНИТАРНОЕ ПРЕДПРИЯТИЕ ""ВОДОКАНАЛ САНКТ-ПЕТЕРБУРГА""";32615626077;32615626077 (Лот 1);;;;;https://www.roseltorg.ru/procedure/32615626077/1
7830000426;"ГОСУДАРСТВЕННОЕ УНИТАРНОЕ ПРЕДПРИЯТИЕ ""ВОДОКАНАЛ САНКТ-ПЕТЕРБУРГА""";32615625863;Оказание услуг по паспортизации и разработке руководств по эксплуатации грузоподъемных машин;;;;;https://www.roseltorg.ru/procedure/32615625863/1
7830000426;"ГОСУДАРСТВЕННОЕ УНИТАРНОЕ ПРЕДПРИЯТИЕ ""ВОДОКАНАЛ САНКТ-ПЕТЕРБУРГА""";32615625863;32615625863 (Лот 1);;;;;https://www.roseltorg.ru/procedure/32615625863/1
7830000426;"ГОСУДАРСТВЕННОЕ УНИТАРНОЕ ПРЕДПРИЯТИЕ ""ВОДОКАНАЛ САНКТ-ПЕТЕРБУРГА""";32615622089;Оказание услуг по проведению санитарно-эпидемиологических экспертиз протоколов по результатам лабораторных исследований проб питьевой воды на соответствие требованиям Федерального закона от 30.03.1999 №52-ФЗ (гл. III, ст.19), СанПиН 2.1.3684-21, СанПиН 1.2.3685-21;;;;;https://www.roseltorg.ru/procedure/32615622089/1
7830000426;"ГОСУДАРСТВЕННОЕ УНИТАРНОЕ ПРЕДПРИЯТИЕ ""ВОДОКАНАЛ САНКТ-ПЕТЕРБУРГА""";32615622089;32615622089 (Лот 1);;;;;https://www.roseltorg.ru/procedure/32615622089/1
7830000426;"ГОСУДАРСТВЕННОЕ УНИТАРНОЕ ПРЕДПРИЯТИЕ ""ВОДОКАНАЛ САНКТ-ПЕТЕРБУРГА""";32615607390;Оказание услуг по сервисному техническому обслуживанию и ремонту автотранспортных средств DONGFENG;;;;;https://www.roseltorg.ru/procedure/32615607390/1
7830000426;"ГОСУДАРСТВЕННОЕ УНИТАРНОЕ ПРЕДПРИЯТИЕ ""ВОДОКАНАЛ САНКТ-ПЕТЕРБУРГА""";32615607390;32615607390 (Лот 1);;;;;https://www.roseltorg.ru/procedure/32615607390/1
7830000426;"ГОСУДАРСТВЕННОЕ УНИТАРНОЕ ПРЕДПРИЯТИЕ ""ВОДОКАНАЛ САНКТ-ПЕТЕРБУРГА""";32615607323;Оказание услуг по сервисному техническому обслуживанию и ремонту автотранспортных средств на шасси КАМАЗ КОМПАС;;;;;https://www.roseltorg.ru/procedure/32615607323/1
7830000426;"ГОСУДАРСТВЕННОЕ УНИТАРНОЕ ПРЕДПРИЯТИЕ ""ВОДОКАНАЛ САНКТ-ПЕТЕРБУРГА""";32615607323;32615607323 (Лот 1);;;;;https://www.roseltorg.ru/procedure/32615607323/1
7830000426;"ГОСУДАРСТВЕННОЕ УНИТАРНОЕ ПРЕДПРИЯТИЕ ""ВОДОКАНАЛ САНКТ-ПЕТЕРБУРГА""";32615603763;Оказание услуг по техническому освидетельствованию транспортабельных котельных установок;;;;;https://www.roseltorg.ru/procedure/32615603763/1
7830000426;"ГОСУДАРСТВЕННОЕ УНИТАРНОЕ ПРЕДПРИЯТИЕ ""ВОДОКАНАЛ САНКТ-ПЕТЕРБУРГА""";32615603763;32615603763 (Лот 1);;;;;https://www.roseltorg.ru/procedure/32615603763/1
7830000426;"ГОСУДАРСТВЕННОЕ УНИТАРНОЕ ПРЕДПРИЯТИЕ ""ВОДОКАНАЛ САНКТ-ПЕТЕРБУРГА""";32515579344;Оказание услуг по ремонту и организации поверки средств измерений;;;;;https://www.roseltorg.ru/procedure/32515579344/1
7830000426;"ГОСУДАРСТВЕННОЕ УНИТАРНОЕ ПРЕДПРИЯТИЕ ""ВОДОКАНАЛ САНКТ-ПЕТЕРБУРГА""";32515579344;32515579344 (Лот 1);;;;;https://www.roseltorg.ru/procedure/32515579344/1
7830000426;"ГОСУДАРСТВЕННОЕ УНИТАРНОЕ ПРЕДПРИЯТИЕ ""ВОДОКАНАЛ САНКТ-ПЕТЕРБУРГА""";32515579342;Оказание услуг по диагностике, ремонту и организации поверки газоанализаторов, эксплуатируемых в ГУП «Водоканал Санкт-Петербурга»;;;;;https://www.roseltorg.ru/procedure/32515579342/1
7830000426;"ГОСУДАРСТВЕННОЕ УНИТАРНОЕ ПРЕДПРИЯТИЕ ""ВОДОКАНАЛ САНКТ-ПЕТЕРБУРГА""";32515579342;32515579342 (Лот 1);;;;;https://www.roseltorg.ru/procedure/32515579342/1
7830000426;"ГОСУДАРСТВЕННОЕ УНИТАРНОЕ ПРЕДПРИЯТИЕ ""ВОДОКАНАЛ САНКТ-ПЕТЕРБУРГА""";32515573081;"""Оказание услуг по техническому обслуживанию систем противодымной вентиляции и противопожарных клапанов для систем вентиляции на объектах ГУП «Водоканал Санкт-Петербурга»""";;;;;https://www.roseltorg.ru/procedure/32515573081/1
7830000426;"ГОСУДАРСТВЕННОЕ УНИТАРНОЕ ПРЕДПРИЯТИЕ ""ВОДОКАНАЛ САНКТ-ПЕТЕРБУРГА""";32515573081;32515573081 (Лот 1);;;;;https://www.roseltorg.ru/procedure/32515573081/1
7830000426;"ГОСУДАРСТВЕННОЕ УНИТАРНОЕ ПРЕДПРИЯТИЕ ""ВОДОКАНАЛ САНКТ-ПЕТЕРБУРГА""";32515572189;"Оказание услуг по организации питания на представительских, протокольных и корпоративных мероприятиях ГУП ""Водоканал Санкт-Петербурга""";;;;;https://www.roseltorg.ru/procedure/32515572189/1
7830000426;"ГОСУДАРСТВЕННОЕ УНИТАРНОЕ ПРЕДПРИЯТИЕ ""ВОДОКАНАЛ САНКТ-ПЕТЕРБУРГА""";32515572189;32515572189 (Лот 1);;;;;https://www.roseltorg.ru/procedure/32515572189/1
7830000426;"ГОСУДАРСТВЕННОЕ УНИТАРНОЕ ПРЕДПРИЯТИЕ ""ВОДОКАНАЛ САНКТ-ПЕТЕРБУРГА""";32515553151;Оказание услуг по техническому обслуживанию и текущему ремонту подъемных сооружений;;;;;https://www.roseltorg.ru/procedure/32515553151/1
7830000426;"ГОСУДАРСТВЕННОЕ УНИТАРНОЕ ПРЕДПРИЯТИЕ ""ВОДОКАНАЛ САНКТ-ПЕТЕРБУРГА""";32515553151;32515553151 (Лот 1);;;;;https://www.roseltorg.ru/procedure/32515553151/1
7830000426;"ГОСУДАРСТВЕННОЕ УНИТАРНОЕ ПРЕДПРИЯТИЕ ""ВОДОКАНАЛ САНКТ-ПЕТЕРБУРГА""";32515474260;Поставка автоматической мойки колес и днища автомобиля;;;;;https://www.roseltorg.ru/procedure/32515474260/1
7830000426;"ГОСУДАРСТВЕННОЕ УНИТАРНОЕ ПРЕДПРИЯТИЕ ""ВОДОКАНАЛ САНКТ-ПЕТЕРБУРГА""";32515474260;32515474260 (Лот 1);;;;;https://www.roseltorg.ru/procedure/32515474260/1
7830000426;"ГОСУДАРСТВЕННОЕ УНИТАРНОЕ ПРЕДПРИЯТИЕ ""ВОДОКАНАЛ САНКТ-ПЕТЕРБУРГА""";32515473961;Выполнение работ по ремонту спецоборудования каналопромывочных и вакуумных машин, гидравлики, узлов и агрегатов дорожно-строительной техники (в т.ч. иностранного производства);;;;;https://www.roseltorg.ru/procedure/32515473961/1
7830000426;"ГОСУДАРСТВЕННОЕ УНИТАРНОЕ ПРЕДПРИЯТИЕ ""ВОДОКАНАЛ САНКТ-ПЕТЕРБУРГА""";32515473961;32515473961 (Лот 1);;;;;https://www.roseltorg.ru/procedure/32515473961/1
7830000426;"ГОСУДАРСТВЕННОЕ УНИТАРНОЕ ПРЕДПРИЯТИЕ ""ВОДОКАНАЛ САНКТ-ПЕТЕРБУРГА""";32515463819;Оказание услуг по сопровождению и технической поддержке модулей по обработке первичных лабораторных данных;;;;;https://www.roseltorg.ru/procedure/32515463819/1
7830000426;"ГОСУДАРСТВЕННОЕ УНИТАРНОЕ ПРЕДПРИЯТИЕ ""ВОДОКАНАЛ САНКТ-ПЕТЕРБУРГА""";32515463819;32515463819 (Лот 1);;;;;https://www.roseltorg.ru/procedure/32515463819/1
7830000426;"ГОСУДАРСТВЕННОЕ УНИТАРНОЕ ПРЕДПРИЯТИЕ ""ВОДОКАНАЛ САНКТ-ПЕТЕРБУРГА""";32515460413;Техническое обслуживание автоматизированной информационно-измерительной системы коммерческого учета электроэнергии (АИИС КУЭ);;;;;https://www.roseltorg.ru/procedure/32515460413/1
7830000426;"ГОСУДАРСТВЕННОЕ УНИТАРНОЕ ПРЕДПРИЯТИЕ ""ВОДОКАНАЛ САНКТ-ПЕТЕРБУРГА""";32515460413;32515460413 (Лот 1);;;;;https://www.roseltorg.ru/procedure/32515460413/1
7830000426;"ГОСУДАРСТВЕННОЕ УНИТАРНОЕ ПРЕДПРИЯТИЕ ""ВОДОКАНАЛ САНКТ-ПЕТЕРБУРГА""";32515460309;Оказание услуг по комплексному техническому обслуживанию технологического оборудования химико-бактериологических лабораторий на объектах филиала «Водоснабжение Санкт-Петербурга»;;;;;https://www.roseltorg.ru/procedure/32515460309/1
7830000426;"ГОСУДАРСТВЕННОЕ УНИТАРНОЕ ПРЕДПРИЯТИЕ ""ВОДОКАНАЛ САНКТ-ПЕТЕРБУРГА""";32515460309;32515460309 (Лот 1);;;;;https://www.roseltorg.ru/procedure/32515460309/1
7830000426;"ГОСУДАРСТВЕННОЕ УНИТАРНОЕ ПРЕДПРИЯТИЕ ""ВОДОКАНАЛ САНКТ-ПЕТЕРБУРГА""";32515459140;Техническое обслуживание автоматизированных комплексов по запуску и управлению насосными агрегатами в аварийных режимах на объектах ГУП «Водоканал Санкт-Петербурга»;;;;;https://www.roseltorg.ru/procedure/32515459140/1
7830000426;"ГОСУДАРСТВЕННОЕ УНИТАРНОЕ ПРЕДПРИЯТИЕ ""ВОДОКАНАЛ САНКТ-ПЕТЕРБУРГА""";32515459140;32515459140 (Лот 1);;;;;https://www.roseltorg.ru/procedure/32515459140/1
7830000426;"ГОСУДАРСТВЕННОЕ УНИТАРНОЕ ПРЕДПРИЯТИЕ ""ВОДОКАНАЛ САНКТ-ПЕТЕРБУРГА""";32515453724;"Эксплуатационное обслуживание электроустановок на объектах ГУП ""Водоканал Санкт-Петербурга""";;;;;https://www.roseltorg.ru/procedure/32515453724/1
7830000426;"ГОСУДАРСТВЕННОЕ УНИТАРНОЕ ПРЕДПРИЯТИЕ ""ВОДОКАНАЛ САНКТ-ПЕТЕРБУРГА""";32515453724;32515453724 (Лот 1);;;;;https://www.roseltorg.ru/procedure/32515453724/1
7830000426;"ГОСУДАРСТВЕННОЕ УНИТАРНОЕ ПРЕДПРИЯТИЕ ""ВОДОКАНАЛ САНКТ-ПЕТЕРБУРГА""";32515430541;Поставка комбинированных машин малого класса;;;;;https://www.roseltorg.ru/procedure/32515430541/1
7830000426;"ГОСУДАРСТВЕННОЕ УНИТАРНОЕ ПРЕДПРИЯТИЕ ""ВОДОКАНАЛ САНКТ-ПЕТЕРБУРГА""";32515430541;32515430541 (Лот 1);;;;;https://www.roseltorg.ru/procedure/32515430541/1
7830000426;"ГОСУДАРСТВЕННОЕ УНИТАРНОЕ ПРЕДПРИЯТИЕ ""ВОДОКАНАЛ САНКТ-ПЕТЕРБУРГА""";32515422892;Оказание услуг по обеспечению функционирования компонентов централизованной автоматизированной системы передачи информации и извещений о пожаре и других чрезвычайных ситуациях (СПИ «ЦАСПИ»), включая действующие линии связи, для передачи извещений о пожарах в подразделения пожарной охраны, контролиру;;;;;https://www.roseltorg.ru/procedure/32515422892/1
7830000426;"ГОСУДАРСТВЕННОЕ УНИТАРНОЕ ПРЕДПРИЯТИЕ ""ВОДОКАНАЛ САНКТ-ПЕТЕРБУРГА""";32515422892;32515422892 (Лот 1);;;;;https://www.roseltorg.ru/procedure/32515422892/1
7830000426;"ГОСУДАРСТВЕННОЕ УНИТАРНОЕ ПРЕДПРИЯТИЕ ""ВОДОКАНАЛ САНКТ-ПЕТЕРБУРГА""";32515422354;Оказание услуг по техническому обслуживанию установок приготовления и дозирования порошкообразного активированного угля на водопроводных станциях ГУП «Водоканал Санкт-Петербурга»;;;;;https://www.roseltorg.ru/procedure/32515422354/1
7830000426;"ГОСУДАРСТВЕННОЕ УНИТАРНОЕ ПРЕДПРИЯТИЕ ""ВОДОКАНАЛ САНКТ-ПЕТЕРБУРГА""";32515422354;32515422354 (Лот 1);;;;;https://www.roseltorg.ru/procedure/32515422354/1
7830000426;"ГОСУДАРСТВЕННОЕ УНИТАРНОЕ ПРЕДПРИЯТИЕ ""ВОДОКАНАЛ САНКТ-ПЕТЕРБУРГА""";32515417085;Оказание услуг по лабораторному контролю качества воды водоемов, питьевой воды, сточных вод для профилактории «Буревестник»;;;;;https://www.roseltorg.ru/procedure/32515417085/1
7830000426;"ГОСУДАРСТВЕННОЕ УНИТАРНОЕ ПРЕДПРИЯТИЕ ""ВОДОКАНАЛ САНКТ-ПЕТЕРБУРГА""";32515417085;32515417085 (Лот 1);;;;;https://www.roseltorg.ru/procedure/32515417085/1
7830000426;"ГОСУДАРСТВЕННОЕ УНИТАРНОЕ ПРЕДПРИЯТИЕ ""ВОДОКАНАЛ САНКТ-ПЕТЕРБУРГА""";32515413918;Оказание услуг по комплексному техническому обслуживанию оборудования медицинского назначения отделения лучевой диагностики;;;;;https://www.roseltorg.ru/procedure/32515413918/1
7830000426;"ГОСУДАРСТВЕННОЕ УНИТАРНОЕ ПРЕДПРИЯТИЕ ""ВОДОКАНАЛ САНКТ-ПЕТЕРБУРГА""";32515413918;32515413918 (Лот 1);;;;;https://www.roseltorg.ru/procedure/32515413918/1
7830000426;"ГОСУДАРСТВЕННОЕ УНИТАРНОЕ ПРЕДПРИЯТИЕ ""ВОДОКАНАЛ САНКТ-ПЕТЕРБУРГА""";32515411690;Поставка тонометра автоматического офтальмологического бесконтактного;;;;;https://www.roseltorg.ru/procedure/32515411690/1
7830000426;"ГОСУДАРСТВЕННОЕ УНИТАРНОЕ ПРЕДПРИЯТИЕ ""ВОДОКАНАЛ САНКТ-ПЕТЕРБУРГА""";32515411690;32515411690 (Лот 1);;;;;https://www.roseltorg.ru/procedure/32515411690/1
7830000426;"ГОСУДАРСТВЕННОЕ УНИТАРНОЕ ПРЕДПРИЯТИЕ ""ВОДОКАНАЛ САНКТ-ПЕТЕРБУРГА""";32515411679;Поставка периметра офтальмологического;;;;;https://www.roseltorg.ru/procedure/32515411679/1
7830000426;"ГОСУДАРСТВЕННОЕ УНИТАРНОЕ ПРЕДПРИЯТИЕ ""ВОДОКАНАЛ САНКТ-ПЕТЕРБУРГА""";32515411679;32515411679 (Лот 1);;;;;https://www.roseltorg.ru/procedure/32515411679/1
7830000426;"ГОСУДАРСТВЕННОЕ УНИТАРНОЕ ПРЕДПРИЯТИЕ ""ВОДОКАНАЛ САНКТ-ПЕТЕРБУРГА""";32515411584;Оказание услуг по проведению специальной оценки условий труда на рабочих местах для нужд ГУП «Водоканал Санкт-Петербурга»;;;;;https://www.roseltorg.ru/procedure/32515411584/1
7830000426;"ГОСУДАРСТВЕННОЕ УНИТАРНОЕ ПРЕДПРИЯТИЕ ""ВОДОКАНАЛ САНКТ-ПЕТЕРБУРГА""";32515411584;32515411584 (Лот 1);;;;;https://www.roseltorg.ru/procedure/32515411584/1
7830000426;"ГОСУДАРСТВЕННОЕ УНИТАРНОЕ ПРЕДПРИЯТИЕ ""ВОДОКАНАЛ САНКТ-ПЕТЕРБУРГА""";32515411461;Оказание услуг по комплексному техническому обслуживанию технологического оборудования химико-бактериологических лабораторий на объектах филиала «Водоснабжение Санкт-Петербурга»;;;;;https://www.roseltorg.ru/procedure/32515411461/1
7830000426;"ГОСУДАРСТВЕННОЕ УНИТАРНОЕ ПРЕДПРИЯТИЕ ""ВОДОКАНАЛ САНКТ-ПЕТЕРБУРГА""";32515411461;32515411461 (Лот 1);;;;;https://www.roseltorg.ru/procedure/32515411461/1
7830000426;"ГОСУДАРСТВЕННОЕ УНИТАРНОЕ ПРЕДПРИЯТИЕ ""ВОДОКАНАЛ САНКТ-ПЕТЕРБУРГА""";32515410595;Оказание услуг по лабораторно-инструментальному обследованию условий труда (производственный контроль) для нужд ГУП «Водоканал Санкт-Петербурга»;;;;;https://www.roseltorg.ru/procedure/32515410595/1
7830000426;"ГОСУДАРСТВЕННОЕ УНИТАРНОЕ ПРЕДПРИЯТИЕ ""ВОДОКАНАЛ САНКТ-ПЕТЕРБУРГА""";32515410595;32515410595 (Лот 1);;;;;https://www.roseltorg.ru/procedure/32515410595/1
7830000426;"ГОСУДАРСТВЕННОЕ УНИТАРНОЕ ПРЕДПРИЯТИЕ ""ВОДОКАНАЛ САНКТ-ПЕТЕРБУРГА""";32515410242;Оказание услуг по техническому обслуживанию подъемно-секционных ворот на объектах филиала ГУП «Водоканал Санкт-Петербурга» «Транспорт и логистика»;;;;;https://www.roseltorg.ru/procedure/32515410242/1
7830000426;"ГОСУДАРСТВЕННОЕ УНИТАРНОЕ ПРЕДПРИЯТИЕ ""ВОДОКАНАЛ САНКТ-ПЕТЕРБУРГА""";32515410242;32515410242 (Лот 1);;;;;https://www.roseltorg.ru/procedure/32515410242/1
7830000426;"ГОСУДАРСТВЕННОЕ УНИТАРНОЕ ПРЕДПРИЯТИЕ ""ВОДОКАНАЛ САНКТ-ПЕТЕРБУРГА""";32515405354;Оказание услуг по техническому обслуживанию биосистемы станции производственного биологического мониторинга качества воды и аналитического блока станции;;;;;https://www.roseltorg.ru/procedure/32515405354/1
7830000426;"ГОСУДАРСТВЕННОЕ УНИТАРНОЕ ПРЕДПРИЯТИЕ ""ВОДОКАНАЛ САНКТ-ПЕТЕРБУРГА""";32515405354;32515405354 (Лот 1);;;;;https://www.roseltorg.ru/procedure/32515405354/1
7830000426;"ГОСУДАРСТВЕННОЕ УНИТАРНОЕ ПРЕДПРИЯТИЕ ""ВОДОКАНАЛ САНКТ-ПЕТЕРБУРГА""";32515401360;Оказание услуг по оперативному видеосопровождению и фотосопровождению деятельности ГУП «Водоканал Санкт-Петербурга», профессиональному озвучиванию видеоматериала о деятельности в соответствии с Техническим заданием;;;;;https://www.roseltorg.ru/procedure/32515401360/1
7830000426;"ГОСУДАРСТВЕННОЕ УНИТАРНОЕ ПРЕДПРИЯТИЕ ""ВОДОКАНАЛ САНКТ-ПЕТЕРБУРГА""";32515401360;32515401360 (Лот 1);;;;;https://www.roseltorg.ru/procedure/32515401360/1
7830000426;"ГОСУДАРСТВЕННОЕ УНИТАРНОЕ ПРЕДПРИЯТИЕ ""ВОДОКАНАЛ САНКТ-ПЕТЕРБУРГА""";32515401349;Выполнение работ по техническому производству (печати, упаковке) печатных изданий (корпоративного издания);;;;;https://www.roseltorg.ru/procedure/32515401349/1
7830000426;"ГОСУДАРСТВЕННОЕ УНИТАРНОЕ ПРЕДПРИЯТИЕ ""ВОДОКАНАЛ САНКТ-ПЕТЕРБУРГА""";32515401349;32515401349 (Лот 1);;;;;https://www.roseltorg.ru/procedure/32515401349/1
7830000426;"ГОСУДАРСТВЕННОЕ УНИТАРНОЕ ПРЕДПРИЯТИЕ ""ВОДОКАНАЛ САНКТ-ПЕТЕРБУРГА""";32515401292;Оказание услуг по ремонту и обслуживанию цифровых тахографов;;;;;https://www.roseltorg.ru/procedure/32515401292/1
7830000426;"ГОСУДАРСТВЕННОЕ УНИТАРНОЕ ПРЕДПРИЯТИЕ ""ВОДОКАНАЛ САНКТ-ПЕТЕРБУРГА""";32515401292;32515401292 (Лот 1);;;;;https://www.roseltorg.ru/procedure/32515401292/1
7830000426;"ГОСУДАРСТВЕННОЕ УНИТАРНОЕ ПРЕДПРИЯТИЕ ""ВОДОКАНАЛ САНКТ-ПЕТЕРБУРГА""";32515401248;Оказание услуг по техническому обслуживанию противопожарного оборудования на объектах ГУП «Водоканал Санкт-Петербурга»;;;;;https://www.roseltorg.ru/procedure/32515401248/1
7830000426;"ГОСУДАРСТВЕННОЕ УНИТАРНОЕ ПРЕДПРИЯТИЕ ""ВОДОКАНАЛ САНКТ-ПЕТЕРБУРГА""";32515401248;32515401248 (Лот 1);;;;;https://www.roseltorg.ru/procedure/32515401248/1
7830000426;"ГОСУДАРСТВЕННОЕ УНИТАРНОЕ ПРЕДПРИЯТИЕ ""ВОДОКАНАЛ САНКТ-ПЕТЕРБУРГА""";32515400444;Оказание услуг по комплексному техническому обслуживанию лифтов и их систем диспетчерского контроля, подъемной платформы для инвалидов на объектах ГУП «Водоканал Санкт-Петербурга»;;;;;https://www.roseltorg.ru/procedure/32515400444/1
7830000426;"ГОСУДАРСТВЕННОЕ УНИТАРНОЕ ПРЕДПРИЯТИЕ ""ВОДОКАНАЛ САНКТ-ПЕТЕРБУРГА""";32515400444;32515400444 (Лот 1);;;;;https://www.roseltorg.ru/procedure/32515400444/1
7830000426;"ГОСУДАРСТВЕННОЕ УНИТАРНОЕ ПРЕДПРИЯТИЕ ""ВОДОКАНАЛ САНКТ-ПЕТЕРБУРГА""";32515399392;Оказание услуг по периодическому техническому обслуживанию установок измерения объема сыпучих материалов;;;;;https://www.roseltorg.ru/procedure/32515399392/1
7830000426;"ГОСУДАРСТВЕННОЕ УНИТАРНОЕ ПРЕДПРИЯТИЕ ""ВОДОКАНАЛ САНКТ-ПЕТЕРБУРГА""";32515399392;32515399392 (Лот 1);;;;;https://www.roseltorg.ru/procedure/32515399392/1
7830000426;"ГОСУДАРСТВЕННОЕ УНИТАРНОЕ ПРЕДПРИЯТИЕ ""ВОДОКАНАЛ САНКТ-ПЕТЕРБУРГА""";32515395674;Оказание образовательных услуг в области охраны труда на тему: «Организация и проведение работ в ограниченных и замкнутых пространствах и работы на высоте»;;;;;https://www.roseltorg.ru/procedure/32515395674/1
7830000426;"ГОСУДАРСТВЕННОЕ УНИТАРНОЕ ПРЕДПРИЯТИЕ ""ВОДОКАНАЛ САНКТ-ПЕТЕРБУРГА""";32515395674;32515395674 (Лот 1);;;;;https://www.roseltorg.ru/procedure/32515395674/1
7830000426;"ГОСУДАРСТВЕННОЕ УНИТАРНОЕ ПРЕДПРИЯТИЕ ""ВОДОКАНАЛ САНКТ-ПЕТЕРБУРГА""";32515394479;"Оказание образовательных услуг на тему: ""Организация обучения работников ГУП ""Водоканал Санкт-Петербурга"" по направлению ""Энергетическая безопасность""";;;;;https://www.roseltorg.ru/procedure/32515394479/1
7830000426;"ГОСУДАРСТВЕННОЕ УНИТАРНОЕ ПРЕДПРИЯТИЕ ""ВОДОКАНАЛ САНКТ-ПЕТЕРБУРГА""";32515394479;32515394479 (Лот 1);;;;;https://www.roseltorg.ru/procedure/32515394479/1
7830000426;"ГОСУДАРСТВЕННОЕ УНИТАРНОЕ ПРЕДПРИЯТИЕ ""ВОДОКАНАЛ САНКТ-ПЕТЕРБУРГА""";32515390774;"Оказание услуг по профилактической дератизации, дезинсекции, дезинфекции на объектах ГУП ""Водоканал Санкт-Петербурга""";;;;;https://www.roseltorg.ru/procedure/32515390774/1
7830000426;"ГОСУДАРСТВЕННОЕ УНИТАРНОЕ ПРЕДПРИЯТИЕ ""ВОДОКАНАЛ САНКТ-ПЕТЕРБУРГА""";32515390774;32515390774 (Лот 1);;;;;https://www.roseltorg.ru/procedure/32515390774/1
7830000426;"ГОСУДАРСТВЕННОЕ УНИТАРНОЕ ПРЕДПРИЯТИЕ ""ВОДОКАНАЛ САНКТ-ПЕТЕРБУРГА""";32515388312;"""Оказание услуг по техническому обслуживанию дизельных котлов в здании по адресу: г. Ломоносов, ул. Угольная, д.1, лит. Ж (инв.№ 5010)""";;;;;https://www.roseltorg.ru/procedure/32515388312/1
7830000426;"ГОСУДАРСТВЕННОЕ УНИТАРНОЕ ПРЕДПРИЯТИЕ ""ВОДОКАНАЛ САНКТ-ПЕТЕРБУРГА""";32515388312;32515388312 (Лот 1);;;;;https://www.roseltorg.ru/procedure/32515388312/1
7830000426;"ГОСУДАРСТВЕННОЕ УНИТАРНОЕ ПРЕДПРИЯТИЕ ""ВОДОКАНАЛ САНКТ-ПЕТЕРБУРГА""";32515386058;Оказание услуг по организации юридически значимого обмена электронными документами;;;;;https://www.roseltorg.ru/procedure/32515386058/1
7830000426;"ГОСУДАРСТВЕННОЕ УНИТАРНОЕ ПРЕДПРИЯТИЕ ""ВОДОКАНАЛ САНКТ-ПЕТЕРБУРГА""";32515386058;32515386058 (Лот 1);;;;;https://www.roseltorg.ru/procedure/32515386058/1
7830000426;"ГОСУДАРСТВЕННОЕ УНИТАРНОЕ ПРЕДПРИЯТИЕ ""ВОДОКАНАЛ САНКТ-ПЕТЕРБУРГА""";32515386018;Оказание услуг по техническому обслуживанию парогенераторов;;;;;https://www.roseltorg.ru/procedure/32515386018/1
7830000426;"ГОСУДАРСТВЕННОЕ УНИТАРНОЕ ПРЕДПРИЯТИЕ ""ВОДОКАНАЛ САНКТ-ПЕТЕРБУРГА""";32515386018;32515386018 (Лот 1);;;;;https://www.roseltorg.ru/procedure/32515386018/1
7830000426;"ГОСУДАРСТВЕННОЕ УНИТАРНОЕ ПРЕДПРИЯТИЕ ""ВОДОКАНАЛ САНКТ-ПЕТЕРБУРГА""";32515380609;Оказание услуг по проведению обязательного психиатрического освидетельствования работников ГУП «Водоканал Санкт-Петербурга»;;;;;https://www.roseltorg.ru/procedure/32515380609/1
7830000426;"ГОСУДАРСТВЕННОЕ УНИТАРНОЕ ПРЕДПРИЯТИЕ ""ВОДОКАНАЛ САНКТ-ПЕТЕРБУРГА""";32515380609;32515380609 (Лот 1);;;;;https://www.roseltorg.ru/procedure/32515380609/1
7830000426;"ГОСУДАРСТВЕННОЕ УНИТАРНОЕ ПРЕДПРИЯТИЕ ""ВОДОКАНАЛ САНКТ-ПЕТЕРБУРГА""";32515379831;Оказание услуг по очистке кровель зданий от снега, сосулек и наледи (льда) на объектах ГУП «Водоканал Санкт-Петербурга»;;;;;https://www.roseltorg.ru/procedure/32515379831/1
7830000426;"ГОСУДАРСТВЕННОЕ УНИТАРНОЕ ПРЕДПРИЯТИЕ ""ВОДОКАНАЛ САНКТ-ПЕТЕРБУРГА""";32515379831;32515379831 (Лот 1);;;;;https://www.roseltorg.ru/procedure/32515379831/1
7830000426;"ГОСУДАРСТВЕННОЕ УНИТАРНОЕ ПРЕДПРИЯТИЕ ""ВОДОКАНАЛ САНКТ-ПЕТЕРБУРГА""";32515376406;"Оказание услуг по сопровождению и модификации программ для ЭВМ и баз данных, составляющих информационно-справочные системы ""Кодекс"" и ""Техэксперт""";;;;;https://www.roseltorg.ru/procedure/32515376406/1
7830000426;"ГОСУДАРСТВЕННОЕ УНИТАРНОЕ ПРЕДПРИЯТИЕ ""ВОДОКАНАЛ САНКТ-ПЕТЕРБУРГА""";32515376406;32515376406 (Лот 1);;;;;https://www.roseltorg.ru/procedure/32515376406/1
7830000426;"ГОСУДАРСТВЕННОЕ УНИТАРНОЕ ПРЕДПРИЯТИЕ ""ВОДОКАНАЛ САНКТ-ПЕТЕРБУРГА""";32515376358;Оказание услуг по проверке технического состояния транспортных средств для Спецавтобазы №2 ГУП «Водоканал Санкт-Петербурга» с использованием средств технического диагностирования;;;;;https://www.roseltorg.ru/procedure/32515376358/1
7830000426;"ГОСУДАРСТВЕННОЕ УНИТАРНОЕ ПРЕДПРИЯТИЕ ""ВОДОКАНАЛ САНКТ-ПЕТЕРБУРГА""";32515376358;32515376358 (Лот 1);;;;;https://www.roseltorg.ru/procedure/32515376358/1
7830000426;"ГОСУДАРСТВЕННОЕ УНИТАРНОЕ ПРЕДПРИЯТИЕ ""ВОДОКАНАЛ САНКТ-ПЕТЕРБУРГА""";32515376238;Оказание услуг по проверке технического состояния транспортных средств для Спецавтобазы №1 ГУП «Водоканал Санкт-Петербурга» с использованием средств технического диагностирования;;;;;https://www.roseltorg.ru/procedure/32515376238/1
7830000426;"ГОСУДАРСТВЕННОЕ УНИТАРНОЕ ПРЕДПРИЯТИЕ ""ВОДОКАНАЛ САНКТ-ПЕТЕРБУРГА""";32515376238;32515376238 (Лот 1);;;;;https://www.roseltorg.ru/procedure/32515376238/1
7830000426;"ГОСУДАРСТВЕННОЕ УНИТАРНОЕ ПРЕДПРИЯТИЕ ""ВОДОКАНАЛ САНКТ-ПЕТЕРБУРГА""";32515376219;Оказание услуг по техническому обслуживанию систем кондиционирования на объектах ГУП «Водоканал Санкт-Петербурга»;;;;;https://www.roseltorg.ru/procedure/32515376219/1
7830000426;"ГОСУДАРСТВЕННОЕ УНИТАРНОЕ ПРЕДПРИЯТИЕ ""ВОДОКАНАЛ САНКТ-ПЕТЕРБУРГА""";32515376219;32515376219 (Лот 1);;;;;https://www.roseltorg.ru/procedure/32515376219/1
7830000426;"ГОСУДАРСТВЕННОЕ УНИТАРНОЕ ПРЕДПРИЯТИЕ ""ВОДОКАНАЛ САНКТ-ПЕТЕРБУРГА""";32515375692;Оказание услуг по изготовлению цветочной продукции для нужд ГУП «Водоканал Санкт-Петербурга»;;;;;https://www.roseltorg.ru/procedure/32515375692/1
7830000426;"ГОСУДАРСТВЕННОЕ УНИТАРНОЕ ПРЕДПРИЯТИЕ ""ВОДОКАНАЛ САНКТ-ПЕТЕРБУРГА""";32515375692;32515375692 (Лот 1);;;;;https://www.roseltorg.ru/procedure/32515375692/1
7830000426;"ГОСУДАРСТВЕННОЕ УНИТАРНОЕ ПРЕДПРИЯТИЕ ""ВОДОКАНАЛ САНКТ-ПЕТЕРБУРГА""";32515374521;Оказание услуг по адаптации и сопровождению экземпляров Систем Консультант Плюс, на основе специального лицензионного сервисного программного обеспечения, обеспечивающего совместимость (взаимодействие) услуг с установленными у заказчика экземплярами Систем Консультант Плюс;;;;;https://www.roseltorg.ru/procedure/32515374521/1
7830000426;"ГОСУДАРСТВЕННОЕ УНИТАРНОЕ ПРЕДПРИЯТИЕ ""ВОДОКАНАЛ САНКТ-ПЕТЕРБУРГА""";32515374521;32515374521 (Лот 1);;;;;https://www.roseltorg.ru/procedure/32515374521/1
7830000426;"ГОСУДАРСТВЕННОЕ УНИТАРНОЕ ПРЕДПРИЯТИЕ ""ВОДОКАНАЛ САНКТ-ПЕТЕРБУРГА""";32515363740;Выполнение работ по ремонту трубопровода осадка, тепловых спутников к трубопроводам по адресу: г. Санкт-Петербург, Коннолахтинский проспект д. 12, корп. 2, лит. Д;;;;;https://www.roseltorg.ru/procedure/32515363740/1
7830000426;"ГОСУДАРСТВЕННОЕ УНИТАРНОЕ ПРЕДПРИЯТИЕ ""ВОДОКАНАЛ САНКТ-ПЕТЕРБУРГА""";32515363740;32515363740 (Лот 1);;;;;https://www.roseltorg.ru/procedure/32515363740/1
7830000426;"ГОСУДАРСТВЕННОЕ УНИТАРНОЕ ПРЕДПРИЯТИЕ ""ВОДОКАНАЛ САНКТ-ПЕТЕРБУРГА""";32515358341;"Выполнение работ по капитальному ремонту насосного агрегата ФВ 22700/63 под технологическим номером № 11 по адресу: г. Санкт-Петербург Коннолахтинский пр., д.12, корп. 2, лит. ""У"".";;;;;https://www.roseltorg.ru/procedure/32515358341/1
7830000426;"ГОСУДАРСТВЕННОЕ УНИТАРНОЕ ПРЕДПРИЯТИЕ ""ВОДОКАНАЛ САНКТ-ПЕТЕРБУРГА""";32515358341;32515358341 (Лот 1);;;;;https://www.roseltorg.ru/procedure/32515358341/1
7830000426;"ГОСУДАРСТВЕННОЕ УНИТАРНОЕ ПРЕДПРИЯТИЕ ""ВОДОКАНАЛ САНКТ-ПЕТЕРБУРГА""";32515348173;Оказание услуг по техническому обслуживанию и текущему ремонту станций повышения давления;;;;;https://www.roseltorg.ru/procedure/32515348173/1
7830000426;"ГОСУДАРСТВЕННОЕ УНИТАРНОЕ ПРЕДПРИЯТИЕ ""ВОДОКАНАЛ САНКТ-ПЕТЕРБУРГА""";32515348173;32515348173 (Лот 1);;;;;https://www.roseltorg.ru/procedure/32515348173/1
7830000426;"ГОСУДАРСТВЕННОЕ УНИТАРНОЕ ПРЕДПРИЯТИЕ ""ВОДОКАНАЛ САНКТ-ПЕТЕРБУРГА""";32515348157;Оказание услуг по техническому обслуживанию и текущему ремонту приборов автоматизированной системы контроля качества воды на водопроводных станциях;;;;;https://www.roseltorg.ru/procedure/32515348157/1
7830000426;"ГОСУДАРСТВЕННОЕ УНИТАРНОЕ ПРЕДПРИЯТИЕ ""ВОДОКАНАЛ САНКТ-ПЕТЕРБУРГА""";32515348157;32515348157 (Лот 1);;;;;https://www.roseltorg.ru/procedure/32515348157/1
7830000426;"ГОСУДАРСТВЕННОЕ УНИТАРНОЕ ПРЕДПРИЯТИЕ ""ВОДОКАНАЛ САНКТ-ПЕТЕРБУРГА""";32515343209;Оказание услуг по техническому обслуживанию и текущему ремонту водоводов, проходящих от Северной водопроводной станции до ТЭЦ-21;;;;;https://www.roseltorg.ru/procedure/32515343209/1
7830000426;"ГОСУДАРСТВЕННОЕ УНИТАРНОЕ ПРЕДПРИЯТИЕ ""ВОДОКАНАЛ САНКТ-ПЕТЕРБУРГА""";32515343209;32515343209 (Лот 1);;;;;https://www.roseltorg.ru/procedure/32515343209/1
7830000426;"ГОСУДАРСТВЕННОЕ УНИТАРНОЕ ПРЕДПРИЯТИЕ ""ВОДОКАНАЛ САНКТ-ПЕТЕРБУРГА""";32515341579;Оказание услуг по приготовлению, очистке и транспортировке раствора сульфата аммония для станций водоподготовки;;;;;https://www.roseltorg.ru/procedure/32515341579/1
7830000426;"ГОСУДАРСТВЕННОЕ УНИТАРНОЕ ПРЕДПРИЯТИЕ ""ВОДОКАНАЛ САНКТ-ПЕТЕРБУРГА""";32515341579;32515341579 (Лот 1);;;;;https://www.roseltorg.ru/procedure/32515341579/1
7830000426;"ГОСУДАРСТВЕННОЕ УНИТАРНОЕ ПРЕДПРИЯТИЕ ""ВОДОКАНАЛ САНКТ-ПЕТЕРБУРГА""";32515338451;Оказание услуг по обеспечению проведения аварийно-восстановительных работ на водопроводных сетях ГУП «Водоканал Санкт-Петербурга» путем установки временных технических средств организации дорожного движения;;;;;https://www.roseltorg.ru/procedure/32515338451/1
7830000426;"ГОСУДАРСТВЕННОЕ УНИТАРНОЕ ПРЕДПРИЯТИЕ ""ВОДОКАНАЛ САНКТ-ПЕТЕРБУРГА""";32515338451;32515338451 (Лот 1);;;;;https://www.roseltorg.ru/procedure/32515338451/1
7830000426;"ГОСУДАРСТВЕННОЕ УНИТАРНОЕ ПРЕДПРИЯТИЕ ""ВОДОКАНАЛ САНКТ-ПЕТЕРБУРГА""";32515333447;Выполнение работ по капитальному ремонту решеток РВТ 1200/14300 с эл. приводом, с дробилкой, установленных в ТКВ «Север» в ЦЭКНС и ЛОС, КНС №6 по адресу: г. Санкт-Петербург, Октябрьская наб., д.2, лит. «А».;;;;;https://www.roseltorg.ru/procedure/32515333447/1
7830000426;"ГОСУДАРСТВЕННОЕ УНИТАРНОЕ ПРЕДПРИЯТИЕ ""ВОДОКАНАЛ САНКТ-ПЕТЕРБУРГА""";32515333447;32515333447 (Лот 1);;;;;https://www.roseltorg.ru/procedure/32515333447/1
7830000426;"ГОСУДАРСТВЕННОЕ УНИТАРНОЕ ПРЕДПРИЯТИЕ ""ВОДОКАНАЛ САНКТ-ПЕТЕРБУРГА""";32515332853;"Оказание услуг по техническому обслуживанию систем контроля загазованности объектов ГУП ""Водоканал Санкт-Петербурга""";;;;;https://www.roseltorg.ru/procedure/32515332853/1
7830000426;"ГОСУДАРСТВЕННОЕ УНИТАРНОЕ ПРЕДПРИЯТИЕ ""ВОДОКАНАЛ САНКТ-ПЕТЕРБУРГА""";32515332853;32515332853 (Лот 1);;;;;https://www.roseltorg.ru/procedure/32515332853/1
7830000426;"ГОСУДАРСТВЕННОЕ УНИТАРНОЕ ПРЕДПРИЯТИЕ ""ВОДОКАНАЛ САНКТ-ПЕТЕРБУРГА""";32515332709;Оказание услуг по восстановлению работоспособности и организации поверки расходомеров - счетчиков, эксплуатируемых в ГУП «Водоканал Санкт-Петербурга»;;;;;https://www.roseltorg.ru/procedure/32515332709/1
7830000426;"ГОСУДАРСТВЕННОЕ УНИТАРНОЕ ПРЕДПРИЯТИЕ ""ВОДОКАНАЛ САНКТ-ПЕТЕРБУРГА""";32515332709;32515332709 (Лот 1);;;;;https://www.roseltorg.ru/procedure/32515332709/1
7830000426;"ГОСУДАРСТВЕННОЕ УНИТАРНОЕ ПРЕДПРИЯТИЕ ""ВОДОКАНАЛ САНКТ-ПЕТЕРБУРГА""";32515332529;Оказание услуг по мойке легковых транспортных средств класса М1;;;;;https://www.roseltorg.ru/procedure/32515332529/1
7830000426;"ГОСУДАРСТВЕННОЕ УНИТАРНОЕ ПРЕДПРИЯТИЕ ""ВОДОКАНАЛ САНКТ-ПЕТЕРБУРГА""";32515332529;32515332529 (Лот 1);;;;;https://www.roseltorg.ru/procedure/32515332529/1
7830000426;"ГОСУДАРСТВЕННОЕ УНИТАРНОЕ ПРЕДПРИЯТИЕ ""ВОДОКАНАЛ САНКТ-ПЕТЕРБУРГА""";32515332269;Выполнение работ по ремонту стартеров, генераторов и гидроусилителей руля;;;;;https://www.roseltorg.ru/procedure/32515332269/1
7830000426;"ГОСУДАРСТВЕННОЕ УНИТАРНОЕ ПРЕДПРИЯТИЕ ""ВОДОКАНАЛ САНКТ-ПЕТЕРБУРГА""";32515332269;32515332269 (Лот 1);;;;;https://www.roseltorg.ru/procedure/32515332269/1
7830000426;"ГОСУДАРСТВЕННОЕ УНИТАРНОЕ ПРЕДПРИЯТИЕ ""ВОДОКАНАЛ САНКТ-ПЕТЕРБУРГА""";32515328781;Оказание услуг по организации перевозок пассажиров и багажа легковым такси для нужд ГУП «Водоканал Санкт-Петербурга»;;;;;https://www.roseltorg.ru/procedure/32515328781/1
7830000426;"ГОСУДАРСТВЕННОЕ УНИТАРНОЕ ПРЕДПРИЯТИЕ ""ВОДОКАНАЛ САНКТ-ПЕТЕРБУРГА""";32515328781;32515328781 (Лот 1);;;;;https://www.roseltorg.ru/procedure/32515328781/1
7830000426;"ГОСУДАРСТВЕННОЕ УНИТАРНОЕ ПРЕДПРИЯТИЕ ""ВОДОКАНАЛ САНКТ-ПЕТЕРБУРГА""";32515328738;"Оказание услуг по перевозке пассажиров и багажа автобусами для нужд ГУП ""Водоканал Санкт-Петербурга""";;;;;https://www.roseltorg.ru/procedure/32515328738/1
7830000426;"ГОСУДАРСТВЕННОЕ УНИТАРНОЕ ПРЕДПРИЯТИЕ ""ВОДОКАНАЛ САНКТ-ПЕТЕРБУРГА""";32515328738;32515328738 (Лот 1);;;;;https://www.roseltorg.ru/procedure/32515328738/1
7830000426;"ГОСУДАРСТВЕННОЕ УНИТАРНОЕ ПРЕДПРИЯТИЕ ""ВОДОКАНАЛ САНКТ-ПЕТЕРБУРГА""";32515328719;"Оказание услуг по заказным автобусным перевозкам для нужд ГУП ""Водоканал Санкт-Петербурга""";;;;;https://www.roseltorg.ru/procedure/32515328719/1
7830000426;"ГОСУДАРСТВЕННОЕ УНИТАРНОЕ ПРЕДПРИЯТИЕ ""ВОДОКАНАЛ САНКТ-ПЕТЕРБУРГА""";32515328719;32515328719 (Лот 1);;;;;https://www.roseltorg.ru/procedure/32515328719/1
7830000426;"ГОСУДАРСТВЕННОЕ УНИТАРНОЕ ПРЕДПРИЯТИЕ ""ВОДОКАНАЛ САНКТ-ПЕТЕРБУРГА""";32515328344;Оказание услуг по поверке контрольных устройств (тахографов) с заменой блоков криптографической защиты информации (СКЗИ);;;;;https://www.roseltorg.ru/procedure/32515328344/1
7830000426;"ГОСУДАРСТВЕННОЕ УНИТАРНОЕ ПРЕДПРИЯТИЕ ""ВОДОКАНАЛ САНКТ-ПЕТЕРБУРГА""";32515328344;32515328344 (Лот 1);;;;;https://www.roseltorg.ru/procedure/32515328344/1
7830000426;"ГОСУДАРСТВЕННОЕ УНИТАРНОЕ ПРЕДПРИЯТИЕ ""ВОДОКАНАЛ САНКТ-ПЕТЕРБУРГА""";32515318898;Выполнение работ по техническому производству (печати, упаковке) представительской печатной продукции (визитные карточки, открытки к мероприятиям);;;;;https://www.roseltorg.ru/procedure/32515318898/1
7830000426;"ГОСУДАРСТВЕННОЕ УНИТАРНОЕ ПРЕДПРИЯТИЕ ""ВОДОКАНАЛ САНКТ-ПЕТЕРБУРГА""";32515318898;32515318898 (Лот 1);;;;;https://www.roseltorg.ru/procedure/32515318898/1
7830000426;"ГОСУДАРСТВЕННОЕ УНИТАРНОЕ ПРЕДПРИЯТИЕ ""ВОДОКАНАЛ САНКТ-ПЕТЕРБУРГА""";32515318889;"Оказание услуг по техническому обслуживанию и ремонту оборудования двух бассейнов в профилактории ""Буревестник""";;;;;https://www.roseltorg.ru/procedure/32515318889/1
7830000426;"ГОСУДАРСТВЕННОЕ УНИТАРНОЕ ПРЕДПРИЯТИЕ ""ВОДОКАНАЛ САНКТ-ПЕТЕРБУРГА""";32515318889;32515318889 (Лот 1);;;;;https://www.roseltorg.ru/procedure/32515318889/1
7830000426;"ГОСУДАРСТВЕННОЕ УНИТАРНОЕ ПРЕДПРИЯТИЕ ""ВОДОКАНАЛ САНКТ-ПЕТЕРБУРГА""";32515313003;Оказание услуг по подготовке резервуаров подземных для хранения сжиженного углеводородного газа по адресу: Ленинградская область, г. Луга, ул. Партизанская, 9 к проведению экспертизы промышленной безопасности;;;;;https://www.roseltorg.ru/procedure/32515313003/1
7830000426;"ГОСУДАРСТВЕННОЕ УНИТАРНОЕ ПРЕДПРИЯТИЕ ""ВОДОКАНАЛ САНКТ-ПЕТЕРБУРГА""";32515313003;32515313003 (Лот 1);;;;;https://www.roseltorg.ru/procedure/32515313003/1
7830000426;"ГОСУДАРСТВЕННОЕ УНИТАРНОЕ ПРЕДПРИЯТИЕ ""ВОДОКАНАЛ САНКТ-ПЕТЕРБУРГА""";32515309498;Оказание услуг по проведению клинических лабораторных исследований;;;;;https://www.roseltorg.ru/procedure/32515309498/1
7830000426;"ГОСУДАРСТВЕННОЕ УНИТАРНОЕ ПРЕДПРИЯТИЕ ""ВОДОКАНАЛ САНКТ-ПЕТЕРБУРГА""";32515309498;32515309498 (Лот 1);;;;;https://www.roseltorg.ru/procedure/32515309498/1
7830000426;"ГОСУДАРСТВЕННОЕ УНИТАРНОЕ ПРЕДПРИЯТИЕ ""ВОДОКАНАЛ САНКТ-ПЕТЕРБУРГА""";32515304646;Оказание услуг по экспертизе промышленной безопасности системы хранения и дозирования каустической соды (едкого натра) Завода сжигания осадка Юго-Западных очистных сооружений;;;;;https://www.roseltorg.ru/procedure/32515304646/1
7830000426;"ГОСУДАРСТВЕННОЕ УНИТАРНОЕ ПРЕДПРИЯТИЕ ""ВОДОКАНАЛ САНКТ-ПЕТЕРБУРГА""";32515304646;32515304646 (Лот 1);;;;;https://www.roseltorg.ru/procedure/32515304646/1
7830000426;"ГОСУДАРСТВЕННОЕ УНИТАРНОЕ ПРЕДПРИЯТИЕ ""ВОДОКАНАЛ САНКТ-ПЕТЕРБУРГА""";32515296448;Поставка сувенирной продукции;;;;;https://www.roseltorg.ru/procedure/32515296448/1
7830000426;"ГОСУДАРСТВЕННОЕ УНИТАРНОЕ ПРЕДПРИЯТИЕ ""ВОДОКАНАЛ САНКТ-ПЕТЕРБУРГА""";32515296448;32515296448 (Лот 1);;;;;https://www.roseltorg.ru/procedure/32515296448/1
7830000426;"ГОСУДАРСТВЕННОЕ УНИТАРНОЕ ПРЕДПРИЯТИЕ ""ВОДОКАНАЛ САНКТ-ПЕТЕРБУРГА""";32515272137;"Оказание услуг по предоставлению дорожно-строительной техники для подразделений ГУП ""Водоканал Санкт-Петербурга""";;;;;https://www.roseltorg.ru/procedure/32515272137/1
7830000426;"ГОСУДАРСТВЕННОЕ УНИТАРНОЕ ПРЕДПРИЯТИЕ ""ВОДОКАНАЛ САНКТ-ПЕТЕРБУРГА""";32515272137;32515272137 (Лот 1);;;;;https://www.roseltorg.ru/procedure/32515272137/1
7830000426;"ГОСУДАРСТВЕННОЕ УНИТАРНОЕ ПРЕДПРИЯТИЕ ""ВОДОКАНАЛ САНКТ-ПЕТЕРБУРГА""";32515254173;Поставка гидравлических насосов и маслостанций;;;;;https://www.roseltorg.ru/procedure/32515254173/1
7830000426;"ГОСУДАРСТВЕННОЕ УНИТАРНОЕ ПРЕДПРИЯТИЕ ""ВОДОКАНАЛ САНКТ-ПЕТЕРБУРГА""";32515254173;32515254173 (Лот 1);;;;;https://www.roseltorg.ru/procedure/32515254173/1
7830000426;"ГОСУДАРСТВЕННОЕ УНИТАРНОЕ ПРЕДПРИЯТИЕ ""ВОДОКАНАЛ САНКТ-ПЕТЕРБУРГА""";32515253007;"Выполнение работ по техническому производству (печати) информационных стендов для нужд ГУП ""Водоканал Санкт-Петербурга""";;;;;https://www.roseltorg.ru/procedure/32515253007/1
7830000426;"ГОСУДАРСТВЕННОЕ УНИТАРНОЕ ПРЕДПРИЯТИЕ ""ВОДОКАНАЛ САНКТ-ПЕТЕРБУРГА""";32515253007;32515253007 (Лот 1);;;;;https://www.roseltorg.ru/procedure/32515253007/1
7830000426;"ГОСУДАРСТВЕННОЕ УНИТАРНОЕ ПРЕДПРИЯТИЕ ""ВОДОКАНАЛ САНКТ-ПЕТЕРБУРГА""";32515165627;Оказание услуг по теплотехническим испытаниям при работе на газе или резервном топливе с составлением режимных карт котлов, режимной наладке и организации водно-химического режима работы котлов и оборудования водоподготовительной установки с составлением режимных карт котельных;;;;;https://www.roseltorg.ru/procedure/32515165627/1
7830000426;"ГОСУДАРСТВЕННОЕ УНИТАРНОЕ ПРЕДПРИЯТИЕ ""ВОДОКАНАЛ САНКТ-ПЕТЕРБУРГА""";32515165627;32515165627 (Лот 1);;;;;https://www.roseltorg.ru/procedure/32515165627/1
7830000426;"ГОСУДАРСТВЕННОЕ УНИТАРНОЕ ПРЕДПРИЯТИЕ ""ВОДОКАНАЛ САНКТ-ПЕТЕРБУРГА""";32515080815;Выполнение работ по ремонту крыльца запасного выхода из здания многофункционального спортивного комплекса с бассейном, расположенного на площадке №3 «Звездный» профилактория «Буревестник» по адресу: Ленинградская обл., Лужский муниципальный район, Лужское городское поселение, г. Луга, ул. Западная, ;;;;;https://www.roseltorg.ru/procedure/32515080815/1
7830000426;"ГОСУДАРСТВЕННОЕ УНИТАРНОЕ ПРЕДПРИЯТИЕ ""ВОДОКАНАЛ САНКТ-ПЕТЕРБУРГА""";32515080815;32515080815 (Лот 1);;;;;https://www.roseltorg.ru/procedure/32515080815/1
7830000426;"ГОСУДАРСТВЕННОЕ УНИТАРНОЕ ПРЕДПРИЯТИЕ ""ВОДОКАНАЛ САНКТ-ПЕТЕРБУРГА""";32514991342;Поставка материалов для подготовки объектов теплоснабжения к отопительному сезону;;;;;https://www.roseltorg.ru/procedure/32514991342/1
7830000426;"ГОСУДАРСТВЕННОЕ УНИТАРНОЕ ПРЕДПРИЯТИЕ ""ВОДОКАНАЛ САНКТ-ПЕТЕРБУРГА""";32514991342;32514991342 (Лот 1);;;;;https://www.roseltorg.ru/procedure/32514991342/1
7830000426;"ГОСУДАРСТВЕННОЕ УНИТАРНОЕ ПРЕДПРИЯТИЕ ""ВОДОКАНАЛ САНКТ-ПЕТЕРБУРГА""";32514975338;Поставка сантехнических материалов;;;;;https://www.roseltorg.ru/procedure/32514975338/1
7830000426;"ГОСУДАРСТВЕННОЕ УНИТАРНОЕ ПРЕДПРИЯТИЕ ""ВОДОКАНАЛ САНКТ-ПЕТЕРБУРГА""";32514975338;32514975338 (Лот 1);;;;;https://www.roseltorg.ru/procedure/32514975338/1
7830000426;"ГОСУДАРСТВЕННОЕ УНИТАРНОЕ ПРЕДПРИЯТИЕ ""ВОДОКАНАЛ САНКТ-ПЕТЕРБУРГА""";32514851452;"Выполнение работ по ремонту подъемно-секционных и распашных ворот на объектах филиала ""Водоотведение Санкт-Петербурга""";;;;;https://www.roseltorg.ru/procedure/32514851452/1
7830000426;"ГОСУДАРСТВЕННОЕ УНИТАРНОЕ ПРЕДПРИЯТИЕ ""ВОДОКАНАЛ САНКТ-ПЕТЕРБУРГА""";32514851452;32514851452 (Лот 1);;;;;https://www.roseltorg.ru/procedure/32514851452/1
7830000426;"ГОСУДАРСТВЕННОЕ УНИТАРНОЕ ПРЕДПРИЯТИЕ ""ВОДОКАНАЛ САНКТ-ПЕТЕРБУРГА""";32514821686;Поставка ручного инструмента и комплектующих;;;;;https://www.roseltorg.ru/procedure/32514821686/1
7830000426;"ГОСУДАРСТВЕННОЕ УНИТАРНОЕ ПРЕДПРИЯТИЕ ""ВОДОКАНАЛ САНКТ-ПЕТЕРБУРГА""";32514821686;32514821686 (Лот 1);;;;;https://www.roseltorg.ru/procedure/32514821686/1
7830000426;"ГОСУДАРСТВЕННОЕ УНИТАРНОЕ ПРЕДПРИЯТИЕ ""ВОДОКАНАЛ САНКТ-ПЕТЕРБУРГА""";32514806572;Поставка материалов для ремонта автомобильных покрышек и камер;;;;;https://www.roseltorg.ru/procedure/32514806572/1
7830000426;"ГОСУДАРСТВЕННОЕ УНИТАРНОЕ ПРЕДПРИЯТИЕ ""ВОДОКАНАЛ САНКТ-ПЕТЕРБУРГА""";32514806572;32514806572 (Лот 1);;;;;https://www.roseltorg.ru/procedure/32514806572/1
7830000426;"ГОСУДАРСТВЕННОЕ УНИТАРНОЕ ПРЕДПРИЯТИЕ ""ВОДОКАНАЛ САНКТ-ПЕТЕРБУРГА""";32514774607;Выполнение работ по текущему ремонту с заменой комплектующих погружных насосов;;;;;https://www.roseltorg.ru/procedure/32514774607/1
7830000426;"ГОСУДАРСТВЕННОЕ УНИТАРНОЕ ПРЕДПРИЯТИЕ ""ВОДОКАНАЛ САНКТ-ПЕТЕРБУРГА""";32514774607;32514774607 (Лот 1);;;;;https://www.roseltorg.ru/procedure/32514774607/1
7830000426;"ГОСУДАРСТВЕННОЕ УНИТАРНОЕ ПРЕДПРИЯТИЕ ""ВОДОКАНАЛ САНКТ-ПЕТЕРБУРГА""";32514763808;Поставка материалов для ремонта автомобильных покрышек и камер;;;;;https://www.roseltorg.ru/procedure/32514763808/1
7830000426;"ГОСУДАРСТВЕННОЕ УНИТАРНОЕ ПРЕДПРИЯТИЕ ""ВОДОКАНАЛ САНКТ-ПЕТЕРБУРГА""";32514763808;32514763808 (Лот 1);;;;;https://www.roseltorg.ru/procedure/32514763808/1
7830000426;"ГОСУДАРСТВЕННОЕ УНИТАРНОЕ ПРЕДПРИЯТИЕ ""ВОДОКАНАЛ САНКТ-ПЕТЕРБУРГА""";32514737595;Поставка инструмента для ремонта и укомплектования транспортных средств;;;;;https://www.roseltorg.ru/procedure/32514737595/1
7830000426;"ГОСУДАРСТВЕННОЕ УНИТАРНОЕ ПРЕДПРИЯТИЕ ""ВОДОКАНАЛ САНКТ-ПЕТЕРБУРГА""";32514737595;32514737595 (Лот 1);;;;;https://www.roseltorg.ru/procedure/32514737595/1
7830000426;"ГОСУДАРСТВЕННОЕ УНИТАРНОЕ ПРЕДПРИЯТИЕ ""ВОДОКАНАЛ САНКТ-ПЕТЕРБУРГА""";32514722537;Поставка ручного инструмента и комплектующих;;;;;https://www.roseltorg.ru/procedure/32514722537/1
7830000426;"ГОСУДАРСТВЕННОЕ УНИТАРНОЕ ПРЕДПРИЯТИЕ ""ВОДОКАНАЛ САНКТ-ПЕТЕРБУРГА""";32514722537;32514722537 (Лот 1);;;;;https://www.roseltorg.ru/procedure/32514722537/1
7830000426;"ГОСУДАРСТВЕННОЕ УНИТАРНОЕ ПРЕДПРИЯТИЕ ""ВОДОКАНАЛ САНКТ-ПЕТЕРБУРГА""";32514664681;Поставка жалюзи;;;;;https://www.roseltorg.ru/procedure/32514664681/1
7830000426;"ГОСУДАРСТВЕННОЕ УНИТАРНОЕ ПРЕДПРИЯТИЕ ""ВОДОКАНАЛ САНКТ-ПЕТЕРБУРГА""";32514664681;32514664681 (Лот 1);;;;;https://www.roseltorg.ru/procedure/32514664681/1
7830000426;"ГОСУДАРСТВЕННОЕ УНИТАРНОЕ ПРЕДПРИЯТИЕ ""ВОДОКАНАЛ САНКТ-ПЕТЕРБУРГА""";32514660757;Поставка рукавов высокого давления и комплектующих для ремонта транспортных средств;;;;;https://www.roseltorg.ru/procedure/32514660757/1
7830000426;"ГОСУДАРСТВЕННОЕ УНИТАРНОЕ ПРЕДПРИЯТИЕ ""ВОДОКАНАЛ САНКТ-ПЕТЕРБУРГА""";32514660757;32514660757 (Лот 1);;;;;https://www.roseltorg.ru/procedure/32514660757/1
7830000426;"ГОСУДАРСТВЕННОЕ УНИТАРНОЕ ПРЕДПРИЯТИЕ ""ВОДОКАНАЛ САНКТ-ПЕТЕРБУРГА""";32514660216;Поставка скобяных изделий;;;;;https://www.roseltorg.ru/procedure/32514660216/1
7830000426;"ГОСУДАРСТВЕННОЕ УНИТАРНОЕ ПРЕДПРИЯТИЕ ""ВОДОКАНАЛ САНКТ-ПЕТЕРБУРГА""";32514660216;32514660216 (Лот 1);;;;;https://www.roseltorg.ru/procedure/32514660216/1
7830000426;"ГОСУДАРСТВЕННОЕ УНИТАРНОЕ ПРЕДПРИЯТИЕ ""ВОДОКАНАЛ САНКТ-ПЕТЕРБУРГА""";32514627382;Поставка грузозахватного оборудования;;;;;https://www.roseltorg.ru/procedure/32514627382/1
7830000426;"ГОСУДАРСТВЕННОЕ УНИТАРНОЕ ПРЕДПРИЯТИЕ ""ВОДОКАНАЛ САНКТ-ПЕТЕРБУРГА""";32514627382;32514627382 (Лот 1);;;;;https://www.roseltorg.ru/procedure/32514627382/1
7830000426;"ГОСУДАРСТВЕННОЕ УНИТАРНОЕ ПРЕДПРИЯТИЕ ""ВОДОКАНАЛ САНКТ-ПЕТЕРБУРГА""";32514568154;Выполнение работ по ремонту кровли административно-вспомогательного блока на отметке 10,9 м по адресу: Санкт-Петербург, Коннолахтинский пр., д. 12, корп. 2, литер Б, помещение 8Н;;;;;https://www.roseltorg.ru/procedure/32514568154/1
7830000426;"ГОСУДАРСТВЕННОЕ УНИТАРНОЕ ПРЕДПРИЯТИЕ ""ВОДОКАНАЛ САНКТ-ПЕТЕРБУРГА""";32514568154;32514568154 (Лот 1);;;;;https://www.roseltorg.ru/procedure/32514568154/1
7830000426;"ГОСУДАРСТВЕННОЕ УНИТАРНОЕ ПРЕДПРИЯТИЕ ""ВОДОКАНАЛ САНКТ-ПЕТЕРБУРГА""";32514562843;"Оказание услуг по профилактической дератизации, дезинсекции, дезинфекции на объектах ГУП ""Водоканал Санкт-Петербурга""";;;;;https://www.roseltorg.ru/procedure/32514562843/1
7830000426;"ГОСУДАРСТВЕННОЕ УНИТАРНОЕ ПРЕДПРИЯТИЕ ""ВОДОКАНАЛ САНКТ-ПЕТЕРБУРГА""";32514562843;32514562843 (Лот 1);;;;;https://www.roseltorg.ru/procedure/32514562843/1
7830000426;"ГОСУДАРСТВЕННОЕ УНИТАРНОЕ ПРЕДПРИЯТИЕ ""ВОДОКАНАЛ САНКТ-ПЕТЕРБУРГА""";32514552755;Выполнение работ по изготовлению брендированной представительской продукции для нужд ГУП «Водоканал Санкт-Петербурга»;;;;;https://www.roseltorg.ru/procedure/32514552755/1
7830000426;"ГОСУДАРСТВЕННОЕ УНИТАРНОЕ ПРЕДПРИЯТИЕ ""ВОДОКАНАЛ САНКТ-ПЕТЕРБУРГА""";32514552755;32514552755 (Лот 1);;;;;https://www.roseltorg.ru/procedure/32514552755/1
7830000426;"ГОСУДАРСТВЕННОЕ УНИТАРНОЕ ПРЕДПРИЯТИЕ ""ВОДОКАНАЛ САНКТ-ПЕТЕРБУРГА""";32514551341;Выполнение работ по изоляции трубопроводов машинных отделений 6 и 7, Главной водопроводной станции по адресу: Санкт-Петербург, ул. Кавалергардская, д. 42, лит. Н;;;;;https://www.roseltorg.ru/procedure/32514551341/1
7830000426;"ГОСУДАРСТВЕННОЕ УНИТАРНОЕ ПРЕДПРИЯТИЕ ""ВОДОКАНАЛ САНКТ-ПЕТЕРБУРГА""";32514551341;32514551341 (Лот 1);;;;;https://www.roseltorg.ru/procedure/32514551341/1
7830000426;"ГОСУДАРСТВЕННОЕ УНИТАРНОЕ ПРЕДПРИЯТИЕ ""ВОДОКАНАЛ САНКТ-ПЕТЕРБУРГА""";32514534761;Оказание услуг по оценке рыночной стоимости транспортных средств, дорожно-строительной техники и прочих строймеханизмов;;;;;https://www.roseltorg.ru/procedure/32514534761/1
7830000426;"ГОСУДАРСТВЕННОЕ УНИТАРНОЕ ПРЕДПРИЯТИЕ ""ВОДОКАНАЛ САНКТ-ПЕТЕРБУРГА""";32514534761;32514534761 (Лот 1);;;;;https://www.roseltorg.ru/procedure/32514534761/1
7830000426;"ГОСУДАРСТВЕННОЕ УНИТАРНОЕ ПРЕДПРИЯТИЕ ""ВОДОКАНАЛ САНКТ-ПЕТЕРБУРГА""";32313023914;Оказание услуг по комплексному техническому обслуживанию технологического оборудования химико-бактериологических лабораторий на объектах филиала «Водоснабжение Санкт-Петербурга»;;;;;https://www.roseltorg.ru/procedure/32313023914/1
7830000426;"ГОСУДАРСТВЕННОЕ УНИТАРНОЕ ПРЕДПРИЯТИЕ ""ВОДОКАНАЛ САНКТ-ПЕТЕРБУРГА""";32313023914;32313023914 (Лот 1);;;;;https://www.roseltorg.ru/procedure/32313023914/1
7830000426;"ГОСУДАРСТВЕННОЕ УНИТАРНОЕ ПРЕДПРИЯТИЕ ""ВОДОКАНАЛ САНКТ-ПЕТЕРБУРГА""";32312992050;Выполнение работ по текущему ремонту станочного, гаражного и технологического оборудования;;;;;https://www.roseltorg.ru/procedure/32312992050/1
7830000426;"ГОСУДАРСТВЕННОЕ УНИТАРНОЕ ПРЕДПРИЯТИЕ ""ВОДОКАНАЛ САНКТ-ПЕТЕРБУРГА""";32312992050;32312992050 (Лот 1);;;;;https://www.roseltorg.ru/procedure/32312992050/1
7830000426;"ГОСУДАРСТВЕННОЕ УНИТАРНОЕ ПРЕДПРИЯТИЕ ""ВОДОКАНАЛ САНКТ-ПЕТЕРБУРГА""";32312980118;"""Оказание услуг по новогоднему освещению территории и объектов ГУП «Водоканал Санкт-Петербурга»";;;;;https://www.roseltorg.ru/procedure/32312980118/1
7830000426;"ГОСУДАРСТВЕННОЕ УНИТАРНОЕ ПРЕДПРИЯТИЕ ""ВОДОКАНАЛ САНКТ-ПЕТЕРБУРГА""";32312980118;32312980118 (Лот 1);;;;;https://www.roseltorg.ru/procedure/32312980118/1
7830000426;"ГОСУДАРСТВЕННОЕ УНИТАРНОЕ ПРЕДПРИЯТИЕ ""ВОДОКАНАЛ САНКТ-ПЕТЕРБУРГА""";32312906489;Поставка модульного поста охраны;;;;;https://www.roseltorg.ru/procedure/32312906489/1
7830000426;"ГОСУДАРСТВЕННОЕ УНИТАРНОЕ ПРЕДПРИЯТИЕ ""ВОДОКАНАЛ САНКТ-ПЕТЕРБУРГА""";32312906489;32312906489 (Лот 1);;;;;https://www.roseltorg.ru/procedure/32312906489/1
7830000426;"ГОСУДАРСТВЕННОЕ УНИТАРНОЕ ПРЕДПРИЯТИЕ ""ВОДОКАНАЛ САНКТ-ПЕТЕРБУРГА""";32312905635;Оказание услуг по экспертизе промышленной безопасности, техническому диагностированию газорегуляторного пункта котельной ЦСА;;;;;https://www.roseltorg.ru/procedure/32312905635/1
7830000426;"ГОСУДАРСТВЕННОЕ УНИТАРНОЕ ПРЕДПРИЯТИЕ ""ВОДОКАНАЛ САНКТ-ПЕТЕРБУРГА""";32312905635;32312905635 (Лот 1);;;;;https://www.roseltorg.ru/procedure/32312905635/1
7830000426;"ГОСУДАРСТВЕННОЕ УНИТАРНОЕ ПРЕДПРИЯТИЕ ""ВОДОКАНАЛ САНКТ-ПЕТЕРБУРГА""";32312769028;Экспертиза промышленной безопасности бака хранения нейтрализующего раствора Завода сжигания осадка Центральной станции аэрации;;;;;https://www.roseltorg.ru/procedure/32312769028/1
7830000426;"ГОСУДАРСТВЕННОЕ УНИТАРНОЕ ПРЕДПРИЯТИЕ ""ВОДОКАНАЛ САНКТ-ПЕТЕРБУРГА""";32312769028;32312769028 (Лот 1);;;;;https://www.roseltorg.ru/procedure/32312769028/1
7830000426;"ГОСУДАРСТВЕННОЕ УНИТАРНОЕ ПРЕДПРИЯТИЕ ""ВОДОКАНАЛ САНКТ-ПЕТЕРБУРГА""";32312769023;Оказание услуг по техническому диагностированию котлов, по техническому освидетельствованию наружного газопровода среднего давления котельной ОС Пушкин;;;;;https://www.roseltorg.ru/procedure/32312769023/1
7830000426;"ГОСУДАРСТВЕННОЕ УНИТАРНОЕ ПРЕДПРИЯТИЕ ""ВОДОКАНАЛ САНКТ-ПЕТЕРБУРГА""";32312769023;32312769023 (Лот 1);;;;;https://www.roseltorg.ru/procedure/32312769023/1
7830000426;"ГОСУДАРСТВЕННОЕ УНИТАРНОЕ ПРЕДПРИЯТИЕ ""ВОДОКАНАЛ САНКТ-ПЕТЕРБУРГА""";32312769031;Оказание услуг по техническому обслуживанию и ремонту лифтов на объектах водоотведения;;;;;https://www.roseltorg.ru/procedure/32312769031/1
7830000426;"ГОСУДАРСТВЕННОЕ УНИТАРНОЕ ПРЕДПРИЯТИЕ ""ВОДОКАНАЛ САНКТ-ПЕТЕРБУРГА""";32312769031;32312769031 (Лот 1);;;;;https://www.roseltorg.ru/procedure/32312769031/1
7830000426;"ГОСУДАРСТВЕННОЕ УНИТАРНОЕ ПРЕДПРИЯТИЕ ""ВОДОКАНАЛ САНКТ-ПЕТЕРБУРГА""";32312718907;Поставка покосной и садовой техники;;;;;https://www.roseltorg.ru/procedure/32312718907/1
7830000426;"ГОСУДАРСТВЕННОЕ УНИТАРНОЕ ПРЕДПРИЯТИЕ ""ВОДОКАНАЛ САНКТ-ПЕТЕРБУРГА""";32312718907;32312718907 (Лот 1);;;;;https://www.roseltorg.ru/procedure/32312718907/1
7830000426;"ГОСУДАРСТВЕННОЕ УНИТАРНОЕ ПРЕДПРИЯТИЕ ""ВОДОКАНАЛ САНКТ-ПЕТЕРБУРГА""";32312712420;Поставка контейнеров;;;;;https://www.roseltorg.ru/procedure/32312712420/1
7830000426;"ГОСУДАРСТВЕННОЕ УНИТАРНОЕ ПРЕДПРИЯТИЕ ""ВОДОКАНАЛ САНКТ-ПЕТЕРБУРГА""";32312712420;32312712420 (Лот 1);;;;;https://www.roseltorg.ru/procedure/32312712420/1
7830000426;"ГОСУДАРСТВЕННОЕ УНИТАРНОЕ ПРЕДПРИЯТИЕ ""ВОДОКАНАЛ САНКТ-ПЕТЕРБУРГА""";32312702795;Экспертиза промышленной безопасности дымовой трубы Завода сжигания осадка Центральной станции аэрации.;;;;;https://www.roseltorg.ru/procedure/32312702795/1
7830000426;"ГОСУДАРСТВЕННОЕ УНИТАРНОЕ ПРЕДПРИЯТИЕ ""ВОДОКАНАЛ САНКТ-ПЕТЕРБУРГА""";32312702795;32312702795 (Лот 1);;;;;https://www.roseltorg.ru/procedure/32312702795/1
7830000426;"ГОСУДАРСТВЕННОЕ УНИТАРНОЕ ПРЕДПРИЯТИЕ ""ВОДОКАНАЛ САНКТ-ПЕТЕРБУРГА""";32312627635;Выполнение работ по текущему ремонту оборудования;;;;;https://www.roseltorg.ru/procedure/32312627635/1
7830000426;"ГОСУДАРСТВЕННОЕ УНИТАРНОЕ ПРЕДПРИЯТИЕ ""ВОДОКАНАЛ САНКТ-ПЕТЕРБУРГА""";32312627635;32312627635 (Лот 1);;;;;https://www.roseltorg.ru/procedure/32312627635/1
7830000426;"ГОСУДАРСТВЕННОЕ УНИТАРНОЕ ПРЕДПРИЯТИЕ ""ВОДОКАНАЛ САНКТ-ПЕТЕРБУРГА""";32312627583;Оказание услуг по обслуживанию эталонных средств измерений, эксплуатируемых в ГУП «Водоканал Санкт-Петербурга»;;;;;https://www.roseltorg.ru/procedure/32312627583/1
7830000426;"ГОСУДАРСТВЕННОЕ УНИТАРНОЕ ПРЕДПРИЯТИЕ ""ВОДОКАНАЛ САНКТ-ПЕТЕРБУРГА""";32312627583;32312627583 (Лот 1);;;;;https://www.roseltorg.ru/procedure/32312627583/1
7830000426;"ГОСУДАРСТВЕННОЕ УНИТАРНОЕ ПРЕДПРИЯТИЕ ""ВОДОКАНАЛ САНКТ-ПЕТЕРБУРГА""";32312589453;Поставка подшипников и комплектующих;;;;;https://www.roseltorg.ru/procedure/32312589453/1
7830000426;"ГОСУДАРСТВЕННОЕ УНИТАРНОЕ ПРЕДПРИЯТИЕ ""ВОДОКАНАЛ САНКТ-ПЕТЕРБУРГА""";32312589453;32312589453 (Лот 1);;;;;https://www.roseltorg.ru/procedure/32312589453/1
7830000426;"ГОСУДАРСТВЕННОЕ УНИТАРНОЕ ПРЕДПРИЯТИЕ ""ВОДОКАНАЛ САНКТ-ПЕТЕРБУРГА""";32312589175;Поставка источников бесперебойного питания;;;;;https://www.roseltorg.ru/procedure/32312589175/1
7830000426;"ГОСУДАРСТВЕННОЕ УНИТАРНОЕ ПРЕДПРИЯТИЕ ""ВОДОКАНАЛ САНКТ-ПЕТЕРБУРГА""";32312589175;32312589175 (Лот 1);;;;;https://www.roseltorg.ru/procedure/32312589175/1
7830000426;"ГОСУДАРСТВЕННОЕ УНИТАРНОЕ ПРЕДПРИЯТИЕ ""ВОДОКАНАЛ САНКТ-ПЕТЕРБУРГА""";32312524867;Поставка печатной продукции;;;;;https://www.roseltorg.ru/procedure/32312524867/1
7830000426;"ГОСУДАРСТВЕННОЕ УНИТАРНОЕ ПРЕДПРИЯТИЕ ""ВОДОКАНАЛ САНКТ-ПЕТЕРБУРГА""";32312524867;32312524867 (Лот 1);;;;;https://www.roseltorg.ru/procedure/32312524867/1
7830000426;"ГОСУДАРСТВЕННОЕ УНИТАРНОЕ ПРЕДПРИЯТИЕ ""ВОДОКАНАЛ САНКТ-ПЕТЕРБУРГА""";32312524592;Поставка моющих и чистящих средств;;;;;https://www.roseltorg.ru/procedure/32312524592/1
7830000426;"ГОСУДАРСТВЕННОЕ УНИТАРНОЕ ПРЕДПРИЯТИЕ ""ВОДОКАНАЛ САНКТ-ПЕТЕРБУРГА""";32312524592;32312524592 (Лот 1);;;;;https://www.roseltorg.ru/procedure/32312524592/1
7830000426;"ГОСУДАРСТВЕННОЕ УНИТАРНОЕ ПРЕДПРИЯТИЕ ""ВОДОКАНАЛ САНКТ-ПЕТЕРБУРГА""";32312504854;Поставка мобильных осветительных установок;;;;;https://www.roseltorg.ru/procedure/32312504854/1
7830000426;"ГОСУДАРСТВЕННОЕ УНИТАРНОЕ ПРЕДПРИЯТИЕ ""ВОДОКАНАЛ САНКТ-ПЕТЕРБУРГА""";32312504854;32312504854 (Лот 1);;;;;https://www.roseltorg.ru/procedure/32312504854/1
7830000426;"ГОСУДАРСТВЕННОЕ УНИТАРНОЕ ПРЕДПРИЯТИЕ ""ВОДОКАНАЛ САНКТ-ПЕТЕРБУРГА""";32312427821;Поставка воды питьевой;;;;;https://www.roseltorg.ru/procedure/32312427821/1
7830000426;"ГОСУДАРСТВЕННОЕ УНИТАРНОЕ ПРЕДПРИЯТИЕ ""ВОДОКАНАЛ САНКТ-ПЕТЕРБУРГА""";32312427821;32312427821 (Лот 1);;;;;https://www.roseltorg.ru/procedure/32312427821/1
7830000426;"ГОСУДАРСТВЕННОЕ УНИТАРНОЕ ПРЕДПРИЯТИЕ ""ВОДОКАНАЛ САНКТ-ПЕТЕРБУРГА""";32312419992;Поставка инженерно-геодезического оборудования;;;;;https://www.roseltorg.ru/procedure/32312419992/1
7830000426;"ГОСУДАРСТВЕННОЕ УНИТАРНОЕ ПРЕДПРИЯТИЕ ""ВОДОКАНАЛ САНКТ-ПЕТЕРБУРГА""";32312419992;32312419992 (Лот 1);;;;;https://www.roseltorg.ru/procedure/32312419992/1
7830000426;"ГОСУДАРСТВЕННОЕ УНИТАРНОЕ ПРЕДПРИЯТИЕ ""ВОДОКАНАЛ САНКТ-ПЕТЕРБУРГА""";32312419984;Поставка свинца;;;;;https://www.roseltorg.ru/procedure/32312419984/1
7830000426;"ГОСУДАРСТВЕННОЕ УНИТАРНОЕ ПРЕДПРИЯТИЕ ""ВОДОКАНАЛ САНКТ-ПЕТЕРБУРГА""";32312419984;32312419984 (Лот 1);;;;;https://www.roseltorg.ru/procedure/32312419984/1
7830000426;"ГОСУДАРСТВЕННОЕ УНИТАРНОЕ ПРЕДПРИЯТИЕ ""ВОДОКАНАЛ САНКТ-ПЕТЕРБУРГА""";32312401148;Оказание услуг по экспертному обследованию (техническому диагностированию) грузоподъемных кранов, отработавших нормативный срок службы;;;;;https://www.roseltorg.ru/procedure/32312401148/1
7830000426;"ГОСУДАРСТВЕННОЕ УНИТАРНОЕ ПРЕДПРИЯТИЕ ""ВОДОКАНАЛ САНКТ-ПЕТЕРБУРГА""";32312401148;32312401148 (Лот 1);;;;;https://www.roseltorg.ru/procedure/32312401148/1
7830000426;"ГОСУДАРСТВЕННОЕ УНИТАРНОЕ ПРЕДПРИЯТИЕ ""ВОДОКАНАЛ САНКТ-ПЕТЕРБУРГА""";32312313582;Выполнение работ по ремонту стартеров, генераторов и гидроусилителей руля;;;;;https://www.roseltorg.ru/procedure/32312313582/1
7830000426;"ГОСУДАРСТВЕННОЕ УНИТАРНОЕ ПРЕДПРИЯТИЕ ""ВОДОКАНАЛ САНКТ-ПЕТЕРБУРГА""";32312313582;32312313582 (Лот 1);;;;;https://www.roseltorg.ru/procedure/32312313582/1
7830000426;"ГОСУДАРСТВЕННОЕ УНИТАРНОЕ ПРЕДПРИЯТИЕ ""ВОДОКАНАЛ САНКТ-ПЕТЕРБУРГА""";32312313585;Выполнение работ по ремонту турбокомпрессоров;;;;;https://www.roseltorg.ru/procedure/32312313585/1
7830000426;"ГОСУДАРСТВЕННОЕ УНИТАРНОЕ ПРЕДПРИЯТИЕ ""ВОДОКАНАЛ САНКТ-ПЕТЕРБУРГА""";32312313585;32312313585 (Лот 1);;;;;https://www.roseltorg.ru/procedure/32312313585/1
7830000426;"ГОСУДАРСТВЕННОЕ УНИТАРНОЕ ПРЕДПРИЯТИЕ ""ВОДОКАНАЛ САНКТ-ПЕТЕРБУРГА""";32312229961;Поставка средств радиационной, химической разведки и контроля;;;;;https://www.roseltorg.ru/procedure/32312229961/1
7830000426;"ГОСУДАРСТВЕННОЕ УНИТАРНОЕ ПРЕДПРИЯТИЕ ""ВОДОКАНАЛ САНКТ-ПЕТЕРБУРГА""";32312229961;32312229961 (Лот 1);;;;;https://www.roseltorg.ru/procedure/32312229961/1
7830000426;"ГОСУДАРСТВЕННОЕ УНИТАРНОЕ ПРЕДПРИЯТИЕ ""ВОДОКАНАЛ САНКТ-ПЕТЕРБУРГА""";32312229818;Поставка светодиодных матриц и комплектующих для фонтанных комплексов;;;;;https://www.roseltorg.ru/procedure/32312229818/1
7830000426;"ГОСУДАРСТВЕННОЕ УНИТАРНОЕ ПРЕДПРИЯТИЕ ""ВОДОКАНАЛ САНКТ-ПЕТЕРБУРГА""";32312229818;32312229818 (Лот 1);;;;;https://www.roseltorg.ru/procedure/32312229818/1
7830000426;"ГОСУДАРСТВЕННОЕ УНИТАРНОЕ ПРЕДПРИЯТИЕ ""ВОДОКАНАЛ САНКТ-ПЕТЕРБУРГА""";32312131540;Поставка оборудования для поверки и калибровки средств измерений температуры;;;;;https://www.roseltorg.ru/procedure/32312131540/1
7830000426;"ГОСУДАРСТВЕННОЕ УНИТАРНОЕ ПРЕДПРИЯТИЕ ""ВОДОКАНАЛ САНКТ-ПЕТЕРБУРГА""";32312131540;32312131540 (Лот 1);;;;;https://www.roseltorg.ru/procedure/32312131540/1
7830000426;"ГОСУДАРСТВЕННОЕ УНИТАРНОЕ ПРЕДПРИЯТИЕ ""ВОДОКАНАЛ САНКТ-ПЕТЕРБУРГА""";32312131544;Поставка песчано-соляной смеси и технической соли;;;;;https://www.roseltorg.ru/procedure/32312131544/1
7830000426;"ГОСУДАРСТВЕННОЕ УНИТАРНОЕ ПРЕДПРИЯТИЕ ""ВОДОКАНАЛ САНКТ-ПЕТЕРБУРГА""";32312131544;32312131544 (Лот 1);;;;;https://www.roseltorg.ru/procedure/32312131544/1
7830000426;"ГОСУДАРСТВЕННОЕ УНИТАРНОЕ ПРЕДПРИЯТИЕ ""ВОДОКАНАЛ САНКТ-ПЕТЕРБУРГА""";32211994273;Оказание услуг по лабораторным исследованиям по производственному контролю;;;;;https://www.roseltorg.ru/procedure/32211994273/1
7830000426;"ГОСУДАРСТВЕННОЕ УНИТАРНОЕ ПРЕДПРИЯТИЕ ""ВОДОКАНАЛ САНКТ-ПЕТЕРБУРГА""";32211994273;32211994273 (Лот 1);;;;;https://www.roseltorg.ru/procedure/32211994273/1
7830000426;"ГОСУДАРСТВЕННОЕ УНИТАРНОЕ ПРЕДПРИЯТИЕ ""ВОДОКАНАЛ САНКТ-ПЕТЕРБУРГА""";32211977712;Оказание услуг по оперативному видеосопровождению и фотосопровождению деятельности ГУП «Водоканал Санкт-Петербурга», профессиональному озвучиванию видеоматериала о деятельности в соответствии с Техническим заданием;;;;;https://www.roseltorg.ru/procedure/32211977712/1
7830000426;"ГОСУДАРСТВЕННОЕ УНИТАРНОЕ ПРЕДПРИЯТИЕ ""ВОДОКАНАЛ САНКТ-ПЕТЕРБУРГА""";32211977712;32211977712 (Лот 1);;;;;https://www.roseltorg.ru/procedure/32211977712/1
7830000426;"ГОСУДАРСТВЕННОЕ УНИТАРНОЕ ПРЕДПРИЯТИЕ ""ВОДОКАНАЛ САНКТ-ПЕТЕРБУРГА""";32211971407;Выполнение работ по расточке блоков цилиндров, коленчатых валов, изготовлению гильз (импортных и отечественных двигателей);;;;;https://www.roseltorg.ru/procedure/32211971407/1
7830000426;"ГОСУДАРСТВЕННОЕ УНИТАРНОЕ ПРЕДПРИЯТИЕ ""ВОДОКАНАЛ САНКТ-ПЕТЕРБУРГА""";32211971407;32211971407 (Лот 1);;;;;https://www.roseltorg.ru/procedure/32211971407/1
7830000426;"ГОСУДАРСТВЕННОЕ УНИТАРНОЕ ПРЕДПРИЯТИЕ ""ВОДОКАНАЛ САНКТ-ПЕТЕРБУРГА""";32211971587;Поставка песка-заполнителя фракции 0,5-1,6 мм;;;;;https://www.roseltorg.ru/procedure/32211971587/1
7830000426;"ГОСУДАРСТВЕННОЕ УНИТАРНОЕ ПРЕДПРИЯТИЕ ""ВОДОКАНАЛ САНКТ-ПЕТЕРБУРГА""";32211971587;32211971587 (Лот 1);;;;;https://www.roseltorg.ru/procedure/32211971587/1
7830000426;"ГОСУДАРСТВЕННОЕ УНИТАРНОЕ ПРЕДПРИЯТИЕ ""ВОДОКАНАЛ САНКТ-ПЕТЕРБУРГА""";32211971272;Поставка элементов пневмотранспорта золы;;;;;https://www.roseltorg.ru/procedure/32211971272/1
7830000426;"ГОСУДАРСТВЕННОЕ УНИТАРНОЕ ПРЕДПРИЯТИЕ ""ВОДОКАНАЛ САНКТ-ПЕТЕРБУРГА""";32211971272;32211971272 (Лот 1);;;;;https://www.roseltorg.ru/procedure/32211971272/1
7830000426;"ГОСУДАРСТВЕННОЕ УНИТАРНОЕ ПРЕДПРИЯТИЕ ""ВОДОКАНАЛ САНКТ-ПЕТЕРБУРГА""";0572500000120000006;Выполнение проектно–изыскательских работ по капитальному ремонту фонтанного комплекса по адресу: пл. Ленина, д. 3;;;;;https://www.roseltorg.ru/procedure/0572500000120000006/1
7830000426;"ГОСУДАРСТВЕННОЕ УНИТАРНОЕ ПРЕДПРИЯТИЕ ""ВОДОКАНАЛ САНКТ-ПЕТЕРБУРГА""";0572500000120000006;0572500000120000006 (Лот 1);;;;;https://www.roseltorg.ru/procedure/0572500000120000006/1
7830000426;"ГОСУДАРСТВЕННОЕ УНИТАРНОЕ ПРЕДПРИЯТИЕ ""ВОДОКАНАЛ САНКТ-ПЕТЕРБУРГА""";0572500000120000007;Выполнение проектно–изыскательских работ по капитальному ремонту общественного туалета по адресу: Санкт-Петербург, город Пушкин, ул. Леонтьевская , д.29, лит.А;;;;;https://www.roseltorg.ru/procedure/0572500000120000007/1
7830000426;"ГОСУДАРСТВЕННОЕ УНИТАРНОЕ ПРЕДПРИЯТИЕ ""ВОДОКАНАЛ САНКТ-ПЕТЕРБУРГА""";0572500000120000007;0572500000120000007 (Лот 1);;;;;https://www.roseltorg.ru/procedure/0572500000120000007/1
7830000426;"ГОСУДАРСТВЕННОЕ УНИТАРНОЕ ПРЕДПРИЯТИЕ ""ВОДОКАНАЛ САНКТ-ПЕТЕРБУРГА""";0572500000120000008;Выполнение проектно–изыскательских работ по капитальному ремонту общественного туалета по адресу: Санкт-Петербург, ул. Комиссара Смирнова, д. 15, к. 3, лит. А;;;;;https://www.roseltorg.ru/procedure/0572500000120000008/1
7830000426;"ГОСУДАРСТВЕННОЕ УНИТАРНОЕ ПРЕДПРИЯТИЕ ""ВОДОКАНАЛ САНКТ-ПЕТЕРБУРГА""";0572500000120000008;0572500000120000008 (Лот 1);;;;;https://www.roseltorg.ru/procedure/0572500000120000008/1
7830000426;"ГОСУДАРСТВЕННОЕ УНИТАРНОЕ ПРЕДПРИЯТИЕ ""ВОДОКАНАЛ САНКТ-ПЕТЕРБУРГА""";0572500000120000009;Выполнение проектно–изыскательских работ по капитальному ремонту общественного туалета по адресу: Санкт-Петербург, город Колпино, пр. Ленина, д.8, лит.А;;;;;https://www.roseltorg.ru/procedure/0572500000120000009/1
7830000426;"ГОСУДАРСТВЕННОЕ УНИТАРНОЕ ПРЕДПРИЯТИЕ ""ВОДОКАНАЛ САНКТ-ПЕТЕРБУРГА""";0572500000120000009;0572500000120000009 (Лот 1);;;;;https://www.roseltorg.ru/procedure/0572500000120000009/1
7830000426;"ГОСУДАРСТВЕННОЕ УНИТАРНОЕ ПРЕДПРИЯТИЕ ""ВОДОКАНАЛ САНКТ-ПЕТЕРБУРГА""";0572500000120000010;Выполнение работ по капитальному ремонту общественного туалета по адресу: Санкт-Петербург, Крестовский пр., д.21, литера Ж;;;;;https://www.roseltorg.ru/procedure/0572500000120000010/1
7830000426;"ГОСУДАРСТВЕННОЕ УНИТАРНОЕ ПРЕДПРИЯТИЕ ""ВОДОКАНАЛ САНКТ-ПЕТЕРБУРГА""";0572500000120000010;0572500000120000010 (Лот 1);;;;;https://www.roseltorg.ru/procedure/0572500000120000010/1
7830000426;"ГОСУДАРСТВЕННОЕ УНИТАРНОЕ ПРЕДПРИЯТИЕ ""ВОДОКАНАЛ САНКТ-ПЕТЕРБУРГА""";32009642770;Открытие возобновляемой кредитной линии для пополнения оборотных средств;;;;;https://www.roseltorg.ru/procedure/32009642770/1
7830000426;"ГОСУДАРСТВЕННОЕ УНИТАРНОЕ ПРЕДПРИЯТИЕ ""ВОДОКАНАЛ САНКТ-ПЕТЕРБУРГА""";32009642770;32009642770 (Лот 1);;;;;https://www.roseltorg.ru/procedure/32009642770/1
7830000426;"ГОСУДАРСТВЕННОЕ УНИТАРНОЕ ПРЕДПРИЯТИЕ ""ВОДОКАНАЛ САНКТ-ПЕТЕРБУРГА""";32009490409;Открытие возобновляемой кредитной линии для пополнения оборотных средств;;;;;https://www.roseltorg.ru/procedure/32009490409/1
7830000426;"ГОСУДАРСТВЕННОЕ УНИТАРНОЕ ПРЕДПРИЯТИЕ ""ВОДОКАНАЛ САНКТ-ПЕТЕРБУРГА""";32009490409;32009490409 (Лот 1);;;;;https://www.roseltorg.ru/procedure/32009490409/1
7830000426;"ГОСУДАРСТВЕННОЕ УНИТАРНОЕ ПРЕДПРИЯТИЕ ""ВОДОКАНАЛ САНКТ-ПЕТЕРБУРГА""";32008777125;Открытие невозобновляемой кредитной линии в целях погашения ранее привлеченного кредита;;;;;https://www.roseltorg.ru/procedure/32008777125/1
7830000426;"ГОСУДАРСТВЕННОЕ УНИТАРНОЕ ПРЕДПРИЯТИЕ ""ВОДОКАНАЛ САНКТ-ПЕТЕРБУРГА""";32008777125;32008777125 (Лот 1);;;;;https://www.roseltorg.ru/procedure/32008777125/1
7830000426;"ГОСУДАРСТВЕННОЕ УНИТАРНОЕ ПРЕДПРИЯТИЕ ""ВОДОКАНАЛ САНКТ-ПЕТЕРБУРГА""";32008777026;Открытие возобновляемой кредитной линии для финансирования финансово-хозяйственной деятельности;;;;;https://www.roseltorg.ru/procedure/32008777026/1
7830000426;"ГОСУДАРСТВЕННОЕ УНИТАРНОЕ ПРЕДПРИЯТИЕ ""ВОДОКАНАЛ САНКТ-ПЕТЕРБУРГА""";32008777026;32008777026 (Лот 1);;;;;https://www.roseltorg.ru/procedure/32008777026/1
7830000426;"ГОСУДАРСТВЕННОЕ УНИТАРНОЕ ПРЕДПРИЯТИЕ ""ВОДОКАНАЛ САНКТ-ПЕТЕРБУРГА""";0572500000122000043;Разработка проектной и рабочей документации по объекту: «Реконструкция фонтана по адресу: г. Санкт-Петербург, Александровский парк, дом 3, сооружение 1, литера Б»;;;;;https://www.roseltorg.ru/procedure/0572500000122000043/1
7830000426;"ГОСУДАРСТВЕННОЕ УНИТАРНОЕ ПРЕДПРИЯТИЕ ""ВОДОКАНАЛ САНКТ-ПЕТЕРБУРГА""";0572500000122000043;0572500000122000043 (Лот 1);;;;;https://www.roseltorg.ru/procedure/0572500000122000043/1
7830000426;"ГОСУДАРСТВЕННОЕ УНИТАРНОЕ ПРЕДПРИЯТИЕ ""ВОДОКАНАЛ САНКТ-ПЕТЕРБУРГА""";0572500000120000001;"Проектирование ""Резервное водоснабжение. Разведочно-эксплуатационный скважинный водозабор в Выборгском районе Санкт-Петербурга (участок Пархоменко)"". Актуализация проектных решений";;;;;https://www.roseltorg.ru/procedure/0572500000120000001/1
7830000426;"ГОСУДАРСТВЕННОЕ УНИТАРНОЕ ПРЕДПРИЯТИЕ ""ВОДОКАНАЛ САНКТ-ПЕТЕРБУРГА""";0572500000120000001;0572500000120000001 (Лот 1);;;;;https://www.roseltorg.ru/procedure/0572500000120000001/1
7830000426;"ГОСУДАРСТВЕННОЕ УНИТАРНОЕ ПРЕДПРИЯТИЕ ""ВОДОКАНАЛ САНКТ-ПЕТЕРБУРГА""";0572500000120000002;Проектирование реконструкции тоннельного канализационного коллектора с устройством стационарного снегоплавильного пункта по адресу: набережная Обводного канала, южнее д. 24. Изменение проектных решений;;;;;https://www.roseltorg.ru/procedure/0572500000120000002/1
7830000426;"ГОСУДАРСТВЕННОЕ УНИТАРНОЕ ПРЕДПРИЯТИЕ ""ВОДОКАНАЛ САНКТ-ПЕТЕРБУРГА""";0572500000120000002;0572500000120000002 (Лот 1);;;;;https://www.roseltorg.ru/procedure/0572500000120000002/1
7830000426;"ГОСУДАРСТВЕННОЕ УНИТАРНОЕ ПРЕДПРИЯТИЕ ""ВОДОКАНАЛ САНКТ-ПЕТЕРБУРГА""";0572500000120000004;Проектирование реконструкции канализационной сети по адресу: ул. Александра Матросова от ул. Грибалевой до Выборгской наб.;;;;;https://www.roseltorg.ru/procedure/0572500000120000004/1
7830000426;"ГОСУДАРСТВЕННОЕ УНИТАРНОЕ ПРЕДПРИЯТИЕ ""ВОДОКАНАЛ САНКТ-ПЕТЕРБУРГА""";0572500000120000004;0572500000120000004 (Лот 1);;;;;https://www.roseltorg.ru/procedure/0572500000120000004/1
7830000426;"ГОСУДАРСТВЕННОЕ УНИТАРНОЕ ПРЕДПРИЯТИЕ ""ВОДОКАНАЛ САНКТ-ПЕТЕРБУРГА""";0572500000120000003;Проектирование реконструкции дождевой канализационной сети по адресу: пр. Луначарского на участке от пр. Энгельса до пр. Культуры;;;;;https://www.roseltorg.ru/procedure/0572500000120000003/1
7830000426;"ГОСУДАРСТВЕННОЕ УНИТАРНОЕ ПРЕДПРИЯТИЕ ""ВОДОКАНАЛ САНКТ-ПЕТЕРБУРГА""";0572500000120000003;0572500000120000003 (Лот 1);;;;;https://www.roseltorg.ru/procedure/0572500000120000003/1
7830000426;"ГОСУДАРСТВЕННОЕ УНИТАРНОЕ ПРЕДПРИЯТИЕ ""ВОДОКАНАЛ САНКТ-ПЕТЕРБУРГА""";0572500000120000005;Проектирование реконструкции напорной хозяйственно-бытовой канализации по адресу: Санкт-Петербург, пос. Понтонный, ул. Заводская, д.1 (от КНС №7 расположенной по адресу: Санкт-Петербург, пос. Понтонный, улица Судостроителей, дом 6, литера А до КОС пос. Понтонный по адресу: пос. Понтонный, ул. Заводс;;;;;https://www.roseltorg.ru/procedure/0572500000120000005/1
7830000426;"ГОСУДАРСТВЕННОЕ УНИТАРНОЕ ПРЕДПРИЯТИЕ ""ВОДОКАНАЛ САНКТ-ПЕТЕРБУРГА""";0572500000120000005;0572500000120000005 (Лот 1);;;;;https://www.roseltorg.ru/procedure/0572500000120000005/1
7830000426;"ГОСУДАРСТВЕННОЕ УНИТАРНОЕ ПРЕДПРИЯТИЕ ""ВОДОКАНАЛ САНКТ-ПЕТЕРБУРГА""";0572500000120000011;"Разработка проектной и рабочей документации по объекту: ""Строительство общественного туалета по адресу: парк Сосновка в створе ул. Жака Дюкло и Светлановского пр.""";;;;;https://www.roseltorg.ru/procedure/0572500000120000011/1
7830000426;"ГОСУДАРСТВЕННОЕ УНИТАРНОЕ ПРЕДПРИЯТИЕ ""ВОДОКАНАЛ САНКТ-ПЕТЕРБУРГА""";0572500000120000011;0572500000120000011 (Лот 1);;;;;https://www.roseltorg.ru/procedure/0572500000120000011/1
7830000426;"ГОСУДАРСТВЕННОЕ УНИТАРНОЕ ПРЕДПРИЯТИЕ ""ВОДОКАНАЛ САНКТ-ПЕТЕРБУРГА""";0572500000120000013;"Разработка проектной и рабочей документации по объекту: ""Реконструкция общественного туалета по адресу: г. Санкт-Петербург, город Зеленогорск, Театральная улица, д.14, лит. А""";;;;;https://www.roseltorg.ru/procedure/0572500000120000013/1
7830000426;"ГОСУДАРСТВЕННОЕ УНИТАРНОЕ ПРЕДПРИЯТИЕ ""ВОДОКАНАЛ САНКТ-ПЕТЕРБУРГА""";0572500000120000013;0572500000120000013 (Лот 1);;;;;https://www.roseltorg.ru/procedure/0572500000120000013/1
7830000426;"ГОСУДАРСТВЕННОЕ УНИТАРНОЕ ПРЕДПРИЯТИЕ ""ВОДОКАНАЛ САНКТ-ПЕТЕРБУРГА""";0572500000120000014;Разработка проектной и рабочей документации по объекту: «Реконструкция фонтана по адресу: 7-я линия В.О., дом 28, сооружение 1, литера Ф»;;;;;https://www.roseltorg.ru/procedure/0572500000120000014/1
7830000426;"ГОСУДАРСТВЕННОЕ УНИТАРНОЕ ПРЕДПРИЯТИЕ ""ВОДОКАНАЛ САНКТ-ПЕТЕРБУРГА""";0572500000120000014;0572500000120000014 (Лот 1);;;;;https://www.roseltorg.ru/procedure/0572500000120000014/1
7830000426;"ГОСУДАРСТВЕННОЕ УНИТАРНОЕ ПРЕДПРИЯТИЕ ""ВОДОКАНАЛ САНКТ-ПЕТЕРБУРГА""";0572500000120000012;Разработка проектной и рабочей документации по объекту: «Реконструкция фонтана по адресу: 7-я линия В.О., дом 38, сооружение 1, литера Ф»;;;;;https://www.roseltorg.ru/procedure/0572500000120000012/1
7830000426;"ГОСУДАРСТВЕННОЕ УНИТАРНОЕ ПРЕДПРИЯТИЕ ""ВОДОКАНАЛ САНКТ-ПЕТЕРБУРГА""";0572500000120000012;0572500000120000012 (Лот 1);;;;;https://www.roseltorg.ru/procedure/0572500000120000012/1
7830000426;"ГОСУДАРСТВЕННОЕ УНИТАРНОЕ ПРЕДПРИЯТИЕ ""ВОДОКАНАЛ САНКТ-ПЕТЕРБУРГА""";0572500000120000015;"Разработка проектной и рабочей документации по объекту: ""Реконструкция общественного туалета по адресу: г. Санкт-Петербург, проспект Обуховской Обороны, д.94, лит.А""";;;;;https://www.roseltorg.ru/procedure/0572500000120000015/1
7830000426;"ГОСУДАРСТВЕННОЕ УНИТАРНОЕ ПРЕДПРИЯТИЕ ""ВОДОКАНАЛ САНКТ-ПЕТЕРБУРГА""";0572500000120000015;0572500000120000015 (Лот 1);;;;;https://www.roseltorg.ru/procedure/0572500000120000015/1
7830000426;"ГОСУДАРСТВЕННОЕ УНИТАРНОЕ ПРЕДПРИЯТИЕ ""ВОДОКАНАЛ САНКТ-ПЕТЕРБУРГА""";0572500000120000016;"Разработка проектной и рабочей документации по объекту: ""Реконструкция общественного туалета по адресу: г. Санкт-Петербург, улица Козлова, д.32, лит.А""";;;;;https://www.roseltorg.ru/procedure/0572500000120000016/1
7830000426;"ГОСУДАРСТВЕННОЕ УНИТАРНОЕ ПРЕДПРИЯТИЕ ""ВОДОКАНАЛ САНКТ-ПЕТЕРБУРГА""";0572500000120000016;0572500000120000016 (Лот 1);;;;;https://www.roseltorg.ru/procedure/0572500000120000016/1
7830000426;"ГОСУДАРСТВЕННОЕ УНИТАРНОЕ ПРЕДПРИЯТИЕ ""ВОДОКАНАЛ САНКТ-ПЕТЕРБУРГА""";0572500000120000017;"Разработка проектной и рабочей документации по объекту: ""Реконструкция общественного туалета по адресу: г. Санкт-Петербург, Батайский переулок, д.1а, лит.А""";;;;;https://www.roseltorg.ru/procedure/0572500000120000017/1
7830000426;"ГОСУДАРСТВЕННОЕ УНИТАРНОЕ ПРЕДПРИЯТИЕ ""ВОДОКАНАЛ САНКТ-ПЕТЕРБУРГА""";0572500000120000017;0572500000120000017 (Лот 1);;;;;https://www.roseltorg.ru/procedure/0572500000120000017/1
7830000426;"ГОСУДАРСТВЕННОЕ УНИТАРНОЕ ПРЕДПРИЯТИЕ ""ВОДОКАНАЛ САНКТ-ПЕТЕРБУРГА""";0572500000120000018;Реконструкция общественного туалета по адресу: Нежинская ул., д. 1, корп. 3, литера А;;;;;https://www.roseltorg.ru/procedure/0572500000120000018/1
7830000426;"ГОСУДАРСТВЕННОЕ УНИТАРНОЕ ПРЕДПРИЯТИЕ ""ВОДОКАНАЛ САНКТ-ПЕТЕРБУРГА""";0572500000120000018;0572500000120000018 (Лот 1);;;;;https://www.roseltorg.ru/procedure/0572500000120000018/1
7830000426;"ГОСУДАРСТВЕННОЕ УНИТАРНОЕ ПРЕДПРИЯТИЕ ""ВОДОКАНАЛ САНКТ-ПЕТЕРБУРГА""";0572500000120000019;Реконструкция общественного туалета по адресу: пр. Энгельса, д. 28, корп. 5, литера А;;;;;https://www.roseltorg.ru/procedure/0572500000120000019/1
7830000426;"ГОСУДАРСТВЕННОЕ УНИТАРНОЕ ПРЕДПРИЯТИЕ ""ВОДОКАНАЛ САНКТ-ПЕТЕРБУРГА""";0572500000120000019;0572500000120000019 (Лот 1);;;;;https://www.roseltorg.ru/procedure/0572500000120000019/1
7830000426;"ГОСУДАРСТВЕННОЕ УНИТАРНОЕ ПРЕДПРИЯТИЕ ""ВОДОКАНАЛ САНКТ-ПЕТЕРБУРГА""";0572500000120000020;Реконструкция общественного туалета по адресу: Лиговский проспект, д.68а, литера А;;;;;https://www.roseltorg.ru/procedure/0572500000120000020/1
7830000426;"ГОСУДАРСТВЕННОЕ УНИТАРНОЕ ПРЕДПРИЯТИЕ ""ВОДОКАНАЛ САНКТ-ПЕТЕРБУРГА""";0572500000120000020;0572500000120000020 (Лот 1);;;;;https://www.roseltorg.ru/procedure/0572500000120000020/1
7830000426;"ГОСУДАРСТВЕННОЕ УНИТАРНОЕ ПРЕДПРИЯТИЕ ""ВОДОКАНАЛ САНКТ-ПЕТЕРБУРГА""";0572500000120000021;Реконструкция общественного туалета по адресу: пр. Стачек, д. 20, литера Б;;;;;https://www.roseltorg.ru/procedure/0572500000120000021/1
7830000426;"ГОСУДАРСТВЕННОЕ УНИТАРНОЕ ПРЕДПРИЯТИЕ ""ВОДОКАНАЛ САНКТ-ПЕТЕРБУРГА""";0572500000120000021;0572500000120000021 (Лот 1);;;;;https://www.roseltorg.ru/procedure/0572500000120000021/1
7830000426;"ГОСУДАРСТВЕННОЕ УНИТАРНОЕ ПРЕДПРИЯТИЕ ""ВОДОКАНАЛ САНКТ-ПЕТЕРБУРГА""";0572500000120000022;Реконструкция общественного туалета по адресу: Московское шоссе, д.3б, литера А;;;;;https://www.roseltorg.ru/procedure/0572500000120000022/1
7830000426;"ГОСУДАРСТВЕННОЕ УНИТАРНОЕ ПРЕДПРИЯТИЕ ""ВОДОКАНАЛ САНКТ-ПЕТЕРБУРГА""";0572500000120000022;0572500000120000022 (Лот 1);;;;;https://www.roseltorg.ru/procedure/0572500000120000022/1
