nomer;predmet;zakon;organizator;organizator_inn;organizator_kpp;organizator_kontakt;zakazchik;zakazchik_inn;zakazchik_kpp;zakazchik_kontakt;region;cena;data_publikacii;data_okonchaniya;pozicii_s_klyuchom;ssylka;centrobezhnyy_predmet;klyuch;istochnik;data_sbora
0348200049726000260;Выполнение работ по круглогодичному содержанию автомобильных дорог регионального или межмуниципального значения Московской области и их элементов (Лот 54);44-ФЗ;"ГОСУДАРСТВЕННОЕ БЮДЖЕТНОЕ УЧРЕЖДЕНИЕ МОСКОВСКОЙ ОБЛАСТИ ""МОСАВТОДОР""";5000001525;502401001;;"ГОСУДАРСТВЕННОЕ БЮДЖЕТНОЕ УЧРЕЖДЕНИЕ МОСКОВСКОЙ ОБЛАСТИ ""МОСАВТОДОР""";5000001525;502401001;;Московская область;99900000.00;29.07.2026;14.08.2026;"Выполнение работ по круглогодичному содержанию автомобильных дорог регионального или межмуниципального значения Московской области и их элементов (Подметание средствами малой механизации территории спецстоянок и плоскост ;; Соответствует запросу “воздуходувка”";https://www.rts-tender.ru/poisk/id/l0348200049726000260-1/;сомнительно;воздуходувка;rts-tender.ru/poisk + Search/LoadPage;2026-07-30
0187300010326000383;Поставка, монтаж и пусконаладка роторных воздуходувок с воздушным охлаждением в блочном контейнере в пгт. Новоаганск (для КОС 600);44-ФЗ;АДМИНИСТРАЦИЯ НИЖНЕВАРТОВСКОГО РАЙОНА;8620008290;860301001;;АДМИНИСТРАЦИЯ ГОРОДСКОГО ПОСЕЛЕНИЯ НОВОАГАНСК;8620016742;862001001;;Ханты-Мансийский автономный округ Югра;5963333.32;29.07.2026;06.08.2026;"Воздуходувка Рутса ;; Соответствует запросу “воздуходувка”";https://www.rts-tender.ru/poisk/id/l0187300010326000383-1/;да;воздуходувка;rts-tender.ru/poisk + Search/LoadPage;2026-07-30
0373200068626000514;"Поставка бензиновых воздуходувок для нужд ГБУ ДО МКСШОР ""Восток""";44-ФЗ;"ГОСУДАРСТВЕННОЕ КАЗЕННОЕ УЧРЕЖДЕНИЕ ГОРОДА МОСКВЫ ""СЛУЖБА МОНИТОРИНГА И ТЕХНИЧЕСКОГО КОНТРОЛЯ"" ДЕПАРТАМЕНТА СПОРТА ГОРОДА МОСКВЫ";7705412327;770801001;;"ГОСУДАРСТВЕННОЕ БЮДЖЕТНОЕ УЧРЕЖДЕНИЕ ДОПОЛНИТЕЛЬНОГО ОБРАЗОВАНИЯ ГОРОДА МОСКВЫ МОСКОВСКАЯ КОМПЛЕКСНАЯ СПОРТИВНАЯ ШКОЛА ОЛИМПИЙСКОГО РЕЗЕРВА ""ВОСТОК"" ДЕПАРТАМЕНТА СПОРТА ГОРОДА МОСКВЫ";7731260857;771901001;;Москва;197600.00;29.07.2026;05.08.2026;;https://www.rts-tender.ru/poisk/id/l0373200068626000514-1/;нет;воздуходувка;rts-tender.ru/poisk + Search/LoadPage;2026-07-30
0819300039026000325;Поставка запасных частей для бензиновой техники;44-ФЗ;"МУНИЦИПАЛЬНОЕ КАЗЕННОЕ УЧРЕЖДЕНИЕ ""ЦЕНТР ЗАКУПОК""";2443045406;244301001;;"МУНИЦИПАЛЬНОЕ КАЗЕННОЕ УЧРЕЖДЕНИЕ ""ЦЕНТР ОБСЛУЖИВАНИЯ УЧРЕЖДЕНИЙ""";2443049143;244301001;;Красноярский край;276678.10;29.07.2026;05.08.2026;"Стартер для воздуходувки ;; Цилиндропоршневая группа для воздуходувки sturm GB 1963";https://www.rts-tender.ru/poisk/id/l0819300039026000325-1/;да;воздуходувка;rts-tender.ru/poisk + Search/LoadPage;2026-07-30
4541637;Инструмент разный ручной МГ-019675, МГ-019718, МГ-019719, МГ-019893, МГ-019894, МГ-019915, МГ-019947, МГ-019957.;Коммерческие;"Акционерное общество ""ИНВЕСТИЦИОННАЯ КОМПАНИЯ ""АРЛАН""";7722220390;770301001;;"АКЦИОНЕРНОЕ ОБЩЕСТВО ""ЗОЛОТОРУДНАЯ КОМПАНИЯ ПАВЛИК""";4900000681;490901001;;Магаданская область;0.00;29.07.2026;03.08.2026;"Воздуходувка аккумуляторная Makita DUB184Z ;; Соответствует запросу “воздуходувка”";https://www.rts-tender.ru/poisk/id/l4541637-4-12-1/;да;воздуходувка;rts-tender.ru/poisk + Search/LoadPage;2026-07-30
32616244254;Постава фильтров для воздуходувки очистных сооружений.;223-ФЗ;"МУНИЦИПАЛЬНОЕ УНИТАРНОЕ ПРЕДПРИЯТИЕ ""ТЕПЛО КОЛОМНЫ ОБЪЕДИНЕННЫЕ ИНЖЕНЕРНЫЕ СИСТЕМЫ""";5022030985;502201001;;"МУНИЦИПАЛЬНОЕ УНИТАРНОЕ ПРЕДПРИЯТИЕ ""ТЕПЛО КОЛОМНЫ ОБЪЕДИНЕННЫЕ ИНЖЕНЕРНЫЕ СИСТЕМЫ""";5022030985;502201001;"74966230776; sizova-ma@teplo-kolomna.ru";Московская область;345920.00;28.07.2026;04.08.2026;;https://www.rts-tender.ru/poisk/id/l32616244254-1/;да;воздуходувка;rts-tender.ru/poisk + Search/LoadPage;2026-07-30
4540680;электроинструмент А-С;Коммерческие;"Общество с ограниченной ответственностью управляющая компания ""ПРОМЫШЛЕННО-МЕТАЛЛУРГИЧЕСКИЙ ХОЛДИНГ""";0411075740;772501001;;"Общество с ограниченной ответственностью управляющая компания ""ПРОМЫШЛЕННО-МЕТАЛЛУРГИЧЕСКИЙ ХОЛДИНГ""";0411075740;772501001;;Москва;0.00;28.07.2026;31.07.2026;"Воздуходувка ручная аккумуляторная Bosch GBL 18V-120 0.601.9F5.100 120м3/ч 18В Корпус пластик ;; Соответствует запросу “воздуходувка”";https://www.rts-tender.ru/poisk/id/l4540680-4-12-1/;сомнительно;воздуходувка;rts-tender.ru/poisk + Search/LoadPage;2026-07-30
10531380;Воздуходувка ранцевая бензиновая,;Закупки малого объема;"Муниципальное автономное уреждение ""Физкультурно-оздоровительный комплекс ""Глинищево""";3245508693;324501001;;"Муниципальное автономное уреждение ""Физкультурно-оздоровительный комплекс ""Глинищево""";3245508693;324501001;Информация скрыта. Подробнее;Брянская область;43590.99;28.07.2026;31.07.2026;"Воздуходувка ранцевая бензиновая ;; Соответствует запросу “воздуходувка”";https://www.rts-tender.ru/poisk/id/l15025415-3-9-1/;сомнительно;воздуходувка;rts-tender.ru/poisk + Search/LoadPage;2026-07-30
0329300050126000017;Поставка техники малой механизации;44-ФЗ;"МУНИЦИПАЛЬНОЕ БЮДЖЕТНОЕ УЧРЕЖДЕНИЕ ""ЖИЛИЩНО-КОММУНАЛЬНОЕ ХОЗЯЙСТВО ДЗЕРЖИНСКОГО РАЙОНА ВОЛГОГРАДА""";3443906199;344301001;;"МУНИЦИПАЛЬНОЕ БЮДЖЕТНОЕ УЧРЕЖДЕНИЕ ""ЖИЛИЩНО-КОММУНАЛЬНОЕ ХОЗЯЙСТВО ДЗЕРЖИНСКОГО РАЙОНА ВОЛГОГРАДА""";3443906199;344301001;;Волгоградская область;470514.67;24.07.2026;04.08.2026;"воздуходувка пылесос ;; Соответствует запросу “воздуходувка”";https://www.rts-tender.ru/poisk/id/l0329300050126000017-1/;сомнительно;воздуходувка;rts-tender.ru/poisk + Search/LoadPage;2026-07-30
0118300013326001191;Поставка воздуходувок аккумуляторных;44-ФЗ;АДМИНИСТРАЦИЯ МУНИЦИПАЛЬНОГО ОБРАЗОВАНИЯ ГОРОД НОВОРОССИЙСК;2315061988;231501001;;"МУНИЦИПАЛЬНОЕ БЮДЖЕТНОЕ УЧРЕЖДЕНИЕ ""КОМПЛЕКСНОЕ СОДЕРЖАНИЕ ТЕРРИТОРИЙ"" МУНИЦИПАЛЬНОГО ОБРАЗОВАНИЯ ГОРОД НОВОРОССИЙСК";2315227288;231501001;;Краснодарский край;175036.50;24.07.2026;04.08.2026;;https://www.rts-tender.ru/poisk/id/l0118300013326001191-1/;нет;воздуходувка;rts-tender.ru/poisk + Search/LoadPage;2026-07-30
32616233978;Поставка вихревой воздуходувки.;223-ФЗ;"ОБЩЕСТВО С ОГРАНИЧЕННОЙ ОТВЕТСТВЕННОСТЬЮ ""СЫКТЫВДИНСКАЯ ТЕПЛОВАЯ КОМПАНИЯ""";1109010658;110901001;"Безносова Елена Васильевна; 88212300636 доб. 1302; beznosova@komikt.ru";"ОБЩЕСТВО С ОГРАНИЧЕННОЙ ОТВЕТСТВЕННОСТЬЮ ""СЫКТЫВДИНСКАЯ ТЕПЛОВАЯ КОМПАНИЯ""";1109010658;110901001;"88212300636 доб. 1302; beznosova@komikt.ru";Республика Коми;180576.00;24.07.2026;03.08.2026;"Поставка вихревой воздуходувки. ;; Соответствует запросу “воздуходувка”";https://www.rts-tender.ru/poisk/id/l32616233978-1/;да;воздуходувка;rts-tender.ru/poisk + Search/LoadPage;2026-07-30
32616233383;Выполнение работ по «Замене шкафов управления воздуходувками ТВ80-1,6 (160 кВт) и силовых шкафов РУ-0,4кВ (инв.№712103) в производственно-вспомогательном здании цеха БОС»;223-ФЗ;"МУНИЦИПАЛЬНОЕ УНИТАРНОЕ ПРЕДПРИЯТИЕ ""СТЕРЛИТАМАКВОДОКАНАЛ"" ГОРОДСКОГО ОКРУГА ГОРОД СТЕРЛИТАМАК РЕСПУБЛИКИ БАШКОРТОСТАН";0268000188;026801001;;"МУНИЦИПАЛЬНОЕ УНИТАРНОЕ ПРЕДПРИЯТИЕ ""СТЕРЛИТАМАКВОДОКАНАЛ"" ГОРОДСКОГО ОКРУГА ГОРОД СТЕРЛИТАМАК РЕСПУБЛИКИ БАШКОРТОСТАН";0268000188;026801001;;Республика Башкортостан;11667490.00;24.07.2026;03.08.2026;;https://www.rts-tender.ru/poisk/id/l32616233383-1/;да;воздуходувка;rts-tender.ru/poisk + Search/LoadPage;2026-07-30
32616232955;Поставка воздуходувок ротационных;223-ФЗ;"МУНИЦИПАЛЬНОЕ УНИТАРНОЕ ПРЕДПРИЯТИЕ ""ВОДОКАНАЛ"" ГОРОДА СТАВРОПОЛЯ";2633001291;263501001;"8652561316; rogozinama@water26.ru";"МУНИЦИПАЛЬНОЕ УНИТАРНОЕ ПРЕДПРИЯТИЕ ""ВОДОКАНАЛ"" ГОРОДА СТАВРОПОЛЯ";2633001291;263501001;"8652561316; rogozinama@water26.ru";Ставропольский край;3931058.00;23.07.2026;31.07.2026;"Поставка воздуходувок ротационных ;; Соответствует запросу “воздуходувка”";https://www.rts-tender.ru/poisk/id/l32616232955-1/;да;воздуходувка;rts-tender.ru/poisk + Search/LoadPage;2026-07-30
32616232938;Поставка щитов управления воздуходувкой;223-ФЗ;"МУНИЦИПАЛЬНОЕ УНИТАРНОЕ ПРЕДПРИЯТИЕ ""ВОДОКАНАЛ"" ГОРОДА СТАВРОПОЛЯ";2633001291;263501001;"8652561316; rogozinama@water26.ru";"МУНИЦИПАЛЬНОЕ УНИТАРНОЕ ПРЕДПРИЯТИЕ ""ВОДОКАНАЛ"" ГОРОДА СТАВРОПОЛЯ";2633001291;263501001;"8652561316; rogozinama@water26.ru";Ставропольский край;1802332.00;23.07.2026;31.07.2026;"Поставка щитов управления воздуходувкой ;; Соответствует запросу “воздуходувка”";https://www.rts-tender.ru/poisk/id/l32616232938-1/;да;воздуходувка;rts-tender.ru/poisk + Search/LoadPage;2026-07-30
0321300001126000368;Работы по содержанию объектов благоустройства, расположенных на территории Октябрьского района города Ставрополя (территория сквера, расположенного в районе международного аэропорта имени А.В. Суворова), с даты заключения контракта по 31.12.2026 года;44-ФЗ;КОМИТЕТ ЭКОНОМИЧЕСКОГО РАЗВИТИЯ И ТОРГОВЛИ АДМИНИСТРАЦИИ ГОРОДА СТАВРОПОЛЯ;2636023448;263601001;"Мащенко Анна Юрьевна; 7-8652-239871-2041; zakupki@stavadm.ru";АДМИНИСТРАЦИЯ ОКТЯБРЬСКОГО РАЙОНА ГОРОДА СТАВРОПОЛЯ;2636039744;263601001;;Ставропольский край;3537887.43;23.07.2026;31.07.2026;"Очистка территории при помощи воздуходувки в летний период (ар (100 м2) ;; Соответствует запросу “воздуходувка”";https://www.rts-tender.ru/poisk/id/l0321300001126000368-1/;да;воздуходувка;rts-tender.ru/poisk + Search/LoadPage;2026-07-30
32616232580;Закупка воздуходувок;223-ФЗ;"ОБЩЕСТВО С ОГРАНИЧЕННОЙ ОТВЕТСТВЕННОСТЬЮ ""ЖИЛКОМСЕРВИС № 1 НЕВСКОГО РАЙОНА""";7811405931;781101001;"ГОЛУБЕВА Е. А.; +7 (812) 4470942; zakupki@gks1nev.ru";"ОБЩЕСТВО С ОГРАНИЧЕННОЙ ОТВЕТСТВЕННОСТЬЮ ""ЖИЛКОМСЕРВИС № 1 НЕВСКОГО РАЙОНА""";7811405931;781101001;"+7 (812) 4470942; zakupki@gks1nev.ru";Санкт-Петербург;255663.96;23.07.2026;30.07.2026;"Закупка воздуходувок ;; Соответствует запросу “воздуходувка”";https://www.rts-tender.ru/poisk/id/l32616232580-1/;да;воздуходувка;rts-tender.ru/poisk + Search/LoadPage;2026-07-30
0372200001326000026;Поставка учебно-методических, учебно-наглядных, дидактических, диагностических материалов, методических пособий, приборов и оборудования в ГБОУ школа № 131 Красносельского района Санкт-Петербурга в 2026 году;44-ФЗ;ГОСУДАРСТВЕННОЕ БЮДЖЕТНОЕ ОБЩЕОБРАЗОВАТЕЛЬНОЕ УЧРЕЖДЕНИЕ ШКОЛА № 131 КРАСНОСЕЛЬСКОГО РАЙОНА САНКТ-ПЕТЕРБУРГА;7807023746;780701001;;ГОСУДАРСТВЕННОЕ БЮДЖЕТНОЕ ОБЩЕОБРАЗОВАТЕЛЬНОЕ УЧРЕЖДЕНИЕ ШКОЛА № 131 КРАСНОСЕЛЬСКОГО РАЙОНА САНКТ-ПЕТЕРБУРГА;7807023746;780701001;;Санкт-Петербург;4912929.05;23.07.2026;31.07.2026;"Комплект демонстрационный по механике на воздушной подушке с воздуходувкой. Статика, динамика (30 демонстрации) ;; Соответствует запросу “воздуходувка”";https://www.rts-tender.ru/poisk/id/l0372200001326000026-1/;да;воздуходувка;rts-tender.ru/poisk + Search/LoadPage;2026-07-30
0157300025226000303;Выполнение комплекса работ по содержанию объектов зеленого хозяйства на территории городского округа «Город Псков» (район «Запсковье»);44-ФЗ;АДМИНИСТРАЦИЯ ГОРОДА ПСКОВА;6027022362;602701001;"Быкова Мария Ивановна; 7-8112-291080; munzakaz.pskov@mail.ru";"МУНИЦИПАЛЬНОЕ КАЗЕННОЕ УЧРЕЖДЕНИЕ ГОРОДА ПСКОВА ""СПЕЦИАЛИЗИРОВАННЫЙ ЗАКАЗЧИК""";6000003901;600001001;;Псковская область;57037500.00;22.07.2026;30.07.2026;"Выполнение комплекса работ по содержанию объектов зеленого хозяйства городского округа ""Город Псков"".Воздуходувка (2027) ;; Выполнение комплекса работ по содержанию объектов зеленого хозяйства городского округа ""Город Псков"".Воздуходувка (2026)";https://www.rts-tender.ru/poisk/id/l0157300025226000303-1/;да;воздуходувка;rts-tender.ru/poisk + Search/LoadPage;2026-07-30
4526832;Поставка инструментов и хоз. инвентаря;Коммерческие;"ОБЩЕСТВО С ОГРАНИЧЕННОЙ ОТВЕТСТВЕННОСТЬЮ ""СЕРВИСНЫЙ ЦЕНТР ФЕСКО""";7729715592;770501001;;"ОБЩЕСТВО С ОГРАНИЧЕННОЙ ОТВЕТСТВЕННОСТЬЮ ""СЕРВИСНЫЙ ЦЕНТР ФЕСКО""";7729715592;770501001;;Москва;0.00;16.07.2026;31.07.2026;"Воздуходувка аккумуляторная BOSCH GBL 18V-120 ;; Соответствует запросу “воздуходувка”";https://www.rts-tender.ru/poisk/id/l4526832-4-12-1/;да;воздуходувка;rts-tender.ru/poisk + Search/LoadPage;2026-07-30
32616208177;Открытый аукцион в электронной форме №1445/ОАЭ-ЦДЗС/26 на право заключения договора поставки воздуходувок;223-ФЗ;"ОТКРЫТОЕ АКЦИОНЕРНОЕ ОБЩЕСТВО ""РОССИЙСКИЕ ЖЕЛЕЗНЫЕ ДОРОГИ""";7708503727;770801001;"Хабибуллина Алина Фаизовна; +7 (499) 2605616; zakupki_mtr@center.rzd.ru";"ОТКРЫТОЕ АКЦИОНЕРНОЕ ОБЩЕСТВО ""РОССИЙСКИЕ ЖЕЛЕЗНЫЕ ДОРОГИ""";7708503727;770801001;"+7 (499) 2605616; zakupki_mtr@center.rzd.ru";Москва;4262969.14;15.07.2026;31.07.2026;"На право заключения договора поставки воздуходувок ;; Соответствует запросу “воздуходувка”";https://www.rts-tender.ru/poisk/id/l32616208177-1/;да;воздуходувка;rts-tender.ru/poisk + Search/LoadPage;2026-07-30
4453412;Запасные части воздуходувки F-2110 AERZEN;Коммерческие;"Акционерное общество ""ТОЛЬЯТТИАЗОТ""";6320004728;997550001;;"Акционерное общество ""ТОЛЬЯТТИАЗОТ""";6320004728;997550001;;Байконур;1.66;13.07.2026;31.07.2026;;https://www.rts-tender.ru/poisk/id/l4453412-4-12-1/;да;воздуходувка;rts-tender.ru/poisk + Search/LoadPage;2026-07-30
10537394;Оказание услуг по техническому обслуживанию и ремонту ручного переносного инструмента;Закупки малого объема;"ГОСУДАРСТВЕННОЕ БЮДЖЕТНОЕ УЧРЕЖДЕНИЕ СТАВРОПОЛЬСКОГО КРАЯ ""КИСЛОВОДСКИЙ ЛЕСХОЗ""";2628037775;262801001;;"ГОСУДАРСТВЕННОЕ БЮДЖЕТНОЕ УЧРЕЖДЕНИЕ СТАВРОПОЛЬСКОГО КРАЯ ""КИСЛОВОДСКИЙ ЛЕСХОЗ""";2628037775;262801001;Информация скрыта. Подробнее;Ставропольский край;44880.00;29.07.2026;03.08.2026;"Ремонт и техническое обслуживание воздуходувного устройства Husqvarna (работа сервисного специалиста по ремонту: замена уплотнений, фильтра, фильтра воздушного, фильтра топливного, свечи зажигания, колпачков, карбюратора ;; Ремонт и техническое обслуживание воздуходувного устройства бензопилы STIHL MS 250 (замена карбюратора)";https://www.rts-tender.ru/poisk/id/l15032525-3-9-1/;сомнительно;воздуходувная;rts-tender.ru/poisk + Search/LoadPage;2026-07-30
32616242249;Выполнение работ по проверке эффективности работы (аэродинамическим испытаниям) систем вентиляции;223-ФЗ;"АКЦИОНЕРНОЕ ОБЩЕСТВО ""ВОДОКАНАЛ РОСТОВА-НА-ДОНУ""";6167081833;616701001;;"АКЦИОНЕРНОЕ ОБЩЕСТВО ""ВОДОКАНАЛ РОСТОВА-НА-ДОНУ""";6167081833;616701001;;Ростовская область;1728950.00;28.07.2026;14.08.2026;"Проверка эффективности работы (аэродинамические испытания) систем вентиляции на объектах канализации (канализационные насосные станции, воздуходувная станция, участок по обезвоживанию осадка, механический цех, здания реш ;; Соответствует запросу “воздуходувная”";https://www.rts-tender.ru/poisk/id/l32616242249-1/;да;воздуходувная;rts-tender.ru/poisk + Search/LoadPage;2026-07-30
4543529;Центробежные герметичные насосы по опросным листам для корпуса 65;Коммерческие;"Акционерное общество ""Сибирский химический комбинат""";7024029499;785150001;;"Акционерное общество ""Сибирский химический комбинат""";7024029499;785150001;;Санкт-Петербург;0.00;30.07.2026;20.08.2026;"Центробежные герметичные насосы по опросным листам для корпуса 65 ;; Соответствует запросу “центробежный”";https://www.rts-tender.ru/poisk/id/l4543529-4-11-1/;да;центробежный;rts-tender.ru/poisk + Search/LoadPage;2026-07-30
100218130126100284;Насосная установка К65-50-160-С-5,5 кВт (3000 об/мин) полная комплектация на раме с двигателем;Закупки малого объема;ФКУ КП-13 ОУХД ГУФСИН РОССИИ ПО КРАСНОЯРСКОМУ КРАЮ;2420006496;242001001;;ФКУ КП-13 ОУХД ГУФСИН РОССИИ ПО КРАСНОЯРСКОМУ КРАЮ;2420006496;242001001;;Красноярский край;342326.68;30.07.2026;31.07.2026;"НАСОСЫ ЦЕНТРОБЕЖНЫЕ ПОДАЧИ ЖИДКОСТЕЙ ПРОЧИЕ.Насосная установка К65-50-160-С-5,5 кВт (3000 об/мин) полная комплектация на раме с двигателем ;; Соответствует запросу “центробежный”";https://www.rts-tender.ru/poisk/id/l15033338-3-9-1/;да;центробежный;rts-tender.ru/poisk + Search/LoadPage;2026-07-30
0319100000226000815;Поставка медицинских изделий;44-ФЗ;"ФЕДЕРАЛЬНОЕ ГОСУДАРСТВЕННОЕ БЮДЖЕТНОЕ УЧРЕЖДЕНИЕ ""ФЕДЕРАЛЬНЫЙ ЦЕНТР СЕРДЕЧНО-СОСУДИСТОЙ ХИРУРГИИ"" МИНИСТЕРСТВА ЗДРАВООХРАНЕНИЯ РОССИЙСКОЙ ФЕДЕРАЦИИ (Г. КРАСНОЯРСК)";2466228533;246601001;;"ФЕДЕРАЛЬНОЕ ГОСУДАРСТВЕННОЕ БЮДЖЕТНОЕ УЧРЕЖДЕНИЕ ""ФЕДЕРАЛЬНЫЙ ЦЕНТР СЕРДЕЧНО-СОСУДИСТОЙ ХИРУРГИИ"" МИНИСТЕРСТВА ЗДРАВООХРАНЕНИЯ РОССИЙСКОЙ ФЕДЕРАЦИИ (Г. КРАСНОЯРСК)";2466228533;246601001;;Красноярский край;426600.00;30.07.2026;11.08.2026;"Насос центробежный для системы искусственного кровообращения ;; Соответствует запросу “центробежный”";https://www.rts-tender.ru/poisk/id/l0319100000226000815-1/;сомнительно;центробежный;rts-tender.ru/poisk + Search/LoadPage;2026-07-30
32616248327;Поставка инструмента электрического и ручного назначения.;223-ФЗ;"ОБЩЕСТВО С ОГРАНИЧЕННОЙ ОТВЕТСТВЕННОСТЬЮ ""СРЕДНЕВОЛЖСКАЯ ГАЗОВАЯ КОМПАНИЯ""";6314012801;631501001;;"ОБЩЕСТВО С ОГРАНИЧЕННОЙ ОТВЕТСТВЕННОСТЬЮ ""СРЕДНЕВОЛЖСКАЯ ГАЗОВАЯ КОМПАНИЯ""";6314012801;631501001;;Самарская область;2145061.00;29.07.2026;06.08.2026;"Насосы центробежные подачи жидкостей прочие ;; Соответствует запросу “центробежный”";https://www.rts-tender.ru/poisk/id/l32616248327-1/;да;центробежный;rts-tender.ru/poisk + Search/LoadPage;2026-07-30
0321200026226000068;Поставка насоса пожарного центробежного.;44-ФЗ;"ГОСУДАРСТВЕННОЕ КАЗЕННОЕ УЧРЕЖДЕНИЕ ""ПРОТИВОПОЖАРНАЯ И АВАРИЙНО-СПАСАТЕЛЬНАЯ СЛУЖБА СТАВРОПОЛЬСКОГО КРАЯ""";2636046075;263501001;;"ГОСУДАРСТВЕННОЕ КАЗЕННОЕ УЧРЕЖДЕНИЕ ""ПРОТИВОПОЖАРНАЯ И АВАРИЙНО-СПАСАТЕЛЬНАЯ СЛУЖБА СТАВРОПОЛЬСКОГО КРАЯ""";2636046075;263501001;;Ставропольский край;459408.88;29.07.2026;05.08.2026;"Насос пожарный центробежный ;; Соответствует запросу “центробежный”";https://www.rts-tender.ru/poisk/id/l0321200026226000068-1/;да;центробежный;rts-tender.ru/poisk + Search/LoadPage;2026-07-30
32616247625;Поставка насосного оборудования;223-ФЗ;"ОБЩЕСТВО С ОГРАНИЧЕННОЙ ОТВЕТСТВЕННОСТЬЮ ""КОНЦЕССИИ ТЕПЛОСНАБЖЕНИЯ""";3444259579;344401001;;"ОБЩЕСТВО С ОГРАНИЧЕННОЙ ОТВЕТСТВЕННОСТЬЮ ""КОНЦЕССИИ ТЕПЛОСНАБЖЕНИЯ""";3444259579;344401001;;Волгоградская область;1700000.00;29.07.2026;06.08.2026;"Насосы центробежные подачи жидкостей прочие ;; Насосы центробежные подачи жидкостей прочие";https://www.rts-tender.ru/poisk/id/l32616247625-1/;да;центробежный;rts-tender.ru/poisk + Search/LoadPage;2026-07-30
0133200001726002169;"Приобретение оборудования для ремонта системы водоснабжения и водоотведения п. Пестяки"" (в рамках текущего ремонта)";44-ФЗ;ДЕПАРТАМЕНТ КОНКУРСОВ И АУКЦИОНОВ ИВАНОВСКОЙ ОБЛАСТИ;3702086910;370201001;;УПРАВЛЕНИЕ МУНИЦИПАЛЬНОГО ХОЗЯЙСТВА АДМИНИСТРАЦИИ ПЕСТЯКОВСКОГО МУНИЦИПАЛЬНОГО РАЙОНА;3720007492;372001001;;Ивановская область;832000.00;29.07.2026;06.08.2026;"Насос химический центробежный ;; Соответствует запросу “центробежный”";https://www.rts-tender.ru/poisk/id/l0133200001726002169-1/;да;центробежный;rts-tender.ru/poisk + Search/LoadPage;2026-07-30
32616247492;"Осуществить закупку ""Насос фекальный НЦИ-Ф-100-01 """;223-ФЗ;"ОБЩЕСТВО С ОГРАНИЧЕННОЙ ОТВЕТСТВЕННОСТЬЮ ""НОВОМОСКОВСКИЙ ГОРОДСКОЙ ВОДОКАНАЛ""";7116129038;711601001;;"ОБЩЕСТВО С ОГРАНИЧЕННОЙ ОТВЕТСТВЕННОСТЬЮ ""НОВОМОСКОВСКИЙ ГОРОДСКОЙ ВОДОКАНАЛ""";7116129038;711601001;;Тульская область;212764.95;29.07.2026;06.08.2026;"Насосы центробежные подачи жидкостей прочие ;; Соответствует запросу “центробежный”";https://www.rts-tender.ru/poisk/id/l32616247492-1/;да;центробежный;rts-tender.ru/poisk + Search/LoadPage;2026-07-30
4542758;Закупка шламовых насосов YPT для актива Култуминское;Коммерческие;"ОБЩЕСТВО С ОГРАНИЧЕННОЙ ОТВЕТСТВЕННОСТЬЮ ""АРЕАЛ. РЕГИОНАЛЬНЫЙ ЦЕНТР""";8703010889;272101001;;"ОБЩЕСТВО С ОГРАНИЧЕННОЙ ОТВЕТСТВЕННОСТЬЮ ""АРЕАЛ. РЕГИОНАЛЬНЫЙ ЦЕНТР""";8703010889;272101001;;Хабаровский край;0.00;29.07.2026;07.08.2026;"Насос центробежный шламовый YPT AHM 10/8 LFL 535.4м3/ч 20.8м ;; Насос центробежный шламовый YPT MT 150 LNC-S C5 104.5м3/ч 25.3м";https://www.rts-tender.ru/poisk/id/l4542758-4-12-1/;да;центробежный;rts-tender.ru/poisk + Search/LoadPage;2026-07-30
10535762;Поставка товара (водонагреватель проточный газовый, водонагреватель электрический, насос);Закупки малого объема;ГОСУДАРСТВЕННОЕ КАЗЕННОЕ ОБЩЕОБРАЗОВАТЕЛЬНОЕ УЧРЕЖДЕНИЕ КРАСНОДАРСКОГО КРАЯ СПЕЦИАЛЬНАЯ (КОРРЕКЦИОННАЯ) ШКОЛА № 15 Г. СЛАВЯНСКА-НА-КУБАНИ;2349020972;234901001;;ГОСУДАРСТВЕННОЕ КАЗЕННОЕ ОБЩЕОБРАЗОВАТЕЛЬНОЕ УЧРЕЖДЕНИЕ КРАСНОДАРСКОГО КРАЯ СПЕЦИАЛЬНАЯ (КОРРЕКЦИОННАЯ) ШКОЛА № 15 Г. СЛАВЯНСКА-НА-КУБАНИ;2349020972;234901001;Информация скрыта. Подробнее;Краснодарский край;57125.29;29.07.2026;03.08.2026;"Насос гидравлический центробежный поверхностный, от 54 л/мин ;; Соответствует запросу “центробежный”";https://www.rts-tender.ru/poisk/id/l15030640-3-9-1/;да;центробежный;rts-tender.ru/poisk + Search/LoadPage;2026-07-30
4541709;Центробежные герметичные насосы по опросным листам для корпуса 65;Коммерческие;"Акционерное общество ""Сибирский химический комбинат""";7024029499;785150001;;"Акционерное общество ""Сибирский химический комбинат""";7024029499;785150001;;Санкт-Петербург;0.00;29.07.2026;05.08.2026;"Центробежные герметичные насосы по опросным листам для корпуса 65 ;; Соответствует запросу “центробежный”";https://www.rts-tender.ru/poisk/id/l4541709-4-11-1/;да;центробежный;rts-tender.ru/poisk + Search/LoadPage;2026-07-30
32616245192;Поставка насосов и рабочего колеса;223-ФЗ;"ОБЩЕСТВО С ОГРАНИЧЕННОЙ ОТВЕТСТВЕННОСТЬЮ ""ИНТЕЛЛЕКТУАЛЬНЫЕ КОММУНАЛЬНЫЕ СИСТЕМЫ""";7707429693;770701001;;"ОБЩЕСТВО С ОГРАНИЧЕННОЙ ОТВЕТСТВЕННОСТЬЮ ""ИНТЕЛЛЕКТУАЛЬНЫЕ КОММУНАЛЬНЫЕ СИСТЕМЫ ОРЕХОВО-ЗУЕВО""";7608037021;503401001;;Московская область;286654.40;28.07.2026;05.08.2026;"Насосы центробежные подачи жидкостей прочие ;; Насосы центробежные подачи жидкостей прочие";https://www.rts-tender.ru/poisk/id/l32616245192-1/;да;центробежный;rts-tender.ru/poisk + Search/LoadPage;2026-07-30
32616244600;"Выполнение работ по текущему ремонту пассажирских вагонов для нужд АО ""ТКС""";223-ФЗ;"АО ""ТКС""";7717568287;770801001;"Шугулёв Михаил Михайлович; 8(495) 9806363 доб. 5117; legal@transclass.ru";"АО ""ТКС""";7717568287;770801001;"8(495) 9806363 доб. 5117; legal@transclass.ru";Москва;23966456.33;28.07.2026;05.08.2026;"Насос центробежный двухступенчатый ;; Насос центробежный двухступенчатый";https://www.rts-tender.ru/poisk/id/l32616244600-1/;да;центробежный;rts-tender.ru/poisk + Search/LoadPage;2026-07-30
32616244564;Поставка насоса вакуумного мембранного;223-ФЗ;"ОБЩЕСТВО С ОГРАНИЧЕННОЙ ОТВЕТСТВЕННОСТЬЮ ""ЮЖУРАЛВОДОКАНАЛ""";7453192705;746001001;;"ОБЩЕСТВО С ОГРАНИЧЕННОЙ ОТВЕТСТВЕННОСТЬЮ ""ЮЖУРАЛВОДОКАНАЛ""";7453192705;746001001;;Челябинская область;75000.00;28.07.2026;31.07.2026;"Насосы центробежные подачи жидкостей прочие ;; Соответствует запросу “центробежный”";https://www.rts-tender.ru/poisk/id/l32616244564-1/;да;центробежный;rts-tender.ru/poisk + Search/LoadPage;2026-07-30
32616244296;«Поставка насосов циркуляционных для нужд производственного предприятия «Предприятие тепловых сетей» филиала «Самарский» ПАО «Т Плюс» в 2026 году.» (4541305);223-ФЗ;"ПУБЛИЧНОЕ АКЦИОНЕРНОЕ ОБЩЕСТВО ""Т ПЛЮС""";6315376946;502401001;;"ПУБЛИЧНОЕ АКЦИОНЕРНОЕ ОБЩЕСТВО ""Т ПЛЮС""";6315376946;502401001;;Московская область;1178148.73;28.07.2026;05.08.2026;"Насосы центробежные подачи жидкостей прочие ;; Соответствует запросу “центробежный”";https://www.rts-tender.ru/poisk/id/l32616244296-1/;да;центробежный;rts-tender.ru/poisk + Search/LoadPage;2026-07-30
32616244048;Право заключения договора на поставка насосов центробежных;223-ФЗ;"ОБЩЕСТВО С ОГРАНИЧЕННОЙ ОТВЕТСТВЕННОСТЬЮ ""АРМЗ СЕРВИС""";7708671295;770901001;;"ОТКРЫТОЕ АКЦИОНЕРНОЕ ОБЩЕСТВО ""СОЛИКАМСКИЙ МАГНИЕВЫЙ ЗАВОД""";5919470019;591901001;;Пермский край;9600092.00;28.07.2026;05.08.2026;"Насосы центробежные подачи жидкостей прочие ;; Насосы центробежные подачи жидкостей прочие";https://www.rts-tender.ru/poisk/id/l32616244048-1/;да;центробежный;rts-tender.ru/poisk + Search/LoadPage;2026-07-30
0160300001626000031;Поставка шкафа управления насосов и насосов ЭЦВ;44-ФЗ;АДМИНИСТРАЦИЯ РОМАНОВСКОГО МУНИЦИПАЛЬНОГО РАЙОНА САРАТОВСКОЙ ОБЛАСТИ;6430002427;643001001;;АДМИНИСТРАЦИЯ РОМАНОВСКОГО МУНИЦИПАЛЬНОГО РАЙОНА САРАТОВСКОЙ ОБЛАСТИ;6430002427;643001001;;Саратовская область;691950.00;28.07.2026;05.08.2026;"Насос химический центробежный ;; Насос химический центробежный";https://www.rts-tender.ru/poisk/id/l0160300001626000031-1/;да;центробежный;rts-tender.ru/poisk + Search/LoadPage;2026-07-30
32616243498;Поставка инструмента 2;223-ФЗ;"САНКТ-ПЕТЕРБУРГСКОЕ ГОСУДАРСТВЕННОЕ УНИТАРНОЕ ПРЕДПРИЯТИЕ ""ПЕТЕРБУРГСКИЙ МЕТРОПОЛИТЕН""";7830000970;783801001;;"САНКТ-ПЕТЕРБУРГСКОЕ ГОСУДАРСТВЕННОЕ УНИТАРНОЕ ПРЕДПРИЯТИЕ ""ПЕТЕРБУРГСКИЙ МЕТРОПОЛИТЕН""";7830000970;783801001;;Санкт-Петербург;5517447.04;28.07.2026;13.08.2026;"Насосы центробежные подачи жидкостей прочие ;; Соответствует запросу “центробежный”";https://www.rts-tender.ru/poisk/id/l32616243498-1/;да;центробежный;rts-tender.ru/poisk + Search/LoadPage;2026-07-30
0821600009326000007;Поставка насосов для нужд муниципального казенного учреждения Буденновского муниципального округа Ставропольского края «Водоканал»;44-ФЗ;"МУНИЦИПАЛЬНОЕ КАЗЕННОЕ УЧРЕЖДЕНИЕ БУДЕННОВСКОГО МУНИЦИПАЛЬНОГО ОКРУГА СТАВРОПОЛЬСКОГО КРАЯ ""ВОДОКАНАЛ""";2624037460;262401001;"Шайдеров Виктор Владимирович; 7-86559-24659; vodokanal.bmo@mail.ru";"МУНИЦИПАЛЬНОЕ КАЗЕННОЕ УЧРЕЖДЕНИЕ БУДЕННОВСКОГО МУНИЦИПАЛЬНОГО ОКРУГА СТАВРОПОЛЬСКОГО КРАЯ ""ВОДОКАНАЛ""";2624037460;262401001;;Ставропольский край;929440.00;28.07.2026;05.08.2026;"Насосы центробежные подачи жидкостей прочие ;; Насосы центробежные подачи жидкостей прочие";https://www.rts-tender.ru/poisk/id/l0821600009326000007-1/;да;центробежный;rts-tender.ru/poisk + Search/LoadPage;2026-07-30
32616242819;Поставка насосного агрегата (по заявке на закупку-ЗНЗн-12/1-256);223-ФЗ;"АКЦИОНЕРНОЕ ОБЩЕСТВО ""СБЕРБАНК-АВТОМАТИЗИРОВАННАЯ СИСТЕМА ТОРГОВ""";7707308480;770401001;;"ГОСУДАРСТВЕННОЕ УНИТАРНОЕ ПРЕДПРИЯТИЕ БРЯНСКОЙ ОБЛАСТИ ""БРЯНСККОММУНЭНЕРГО""";3250054100;325701001;;Брянская область;303157.82;28.07.2026;05.08.2026;"Насосы центробежные подачи жидкостей прочие ;; Соответствует запросу “центробежный”";https://www.rts-tender.ru/poisk/id/l32616242819-1/;да;центробежный;rts-tender.ru/poisk + Search/LoadPage;2026-07-30
0851200000626005045;Поставка насосов центробежных;44-ФЗ;"ГОСУДАРСТВЕННОЕ КАЗЕННОЕ УЧРЕЖДЕНИЕ НОВОСИБИРСКОЙ ОБЛАСТИ ""УПРАВЛЕНИЕ КОНТРАКТНОЙ СИСТЕМЫ""";5406722503;540601001;;АДМИНИСТРАЦИЯ ИСКИТИМСКОГО РАЙОНА НОВОСИБИРСКОЙ ОБЛАСТИ;5446004474;544601001;;Новосибирская область;3820000.00;28.07.2026;05.08.2026;"Насос химический центробежный ;; Соответствует запросу “центробежный”";https://www.rts-tender.ru/poisk/id/l0851200000626005045-1/;да;центробежный;rts-tender.ru/poisk + Search/LoadPage;2026-07-30
4540039;Поставка хозяйственных товаров, средств передвижения, инструмента в ассортименте.;Коммерческие;"Акционерное общество ""Птицефабрика ""Рефтинская""";6603025045;668301001;;"Акционерное общество ""Птицефабрика ""Рефтинская""";6603025045;668301001;;Свердловская область;0.00;28.07.2026;04.08.2026;"Погружной электронасос BELAMOS TS 4TS-90/11, скважинный,погружной,центробежный,2200 Вт, Глубина погружения 30 метров,Производительность 180 л/мин., Диаметр насоса 97 мм.,Трубное соединение внутренняя G2 дюйм ;; Соответствует запросу “центробежный”";https://www.rts-tender.ru/poisk/id/l4540039-4-12-1/;да;центробежный;rts-tender.ru/poisk + Search/LoadPage;2026-07-30
32616241802;Поставка установки повышения давления хозяйственно-питьевых нужд с резервуарами питьевой воды (по ТЗ);223-ФЗ;"ОБЩЕСТВО С ОГРАНИЧЕННОЙ ОТВЕТСТВЕННОСТЬЮ ""ТОРГОВЫЙ ДОМ ""ЕВРОСИБЭНЕРГО""";3808118560;384901001;;"ОБЩЕСТВО С ОГРАНИЧЕННОЙ ОТВЕТСТВЕННОСТЬЮ ""ТОРГОВЫЙ ДОМ ""ЕВРОСИБЭНЕРГО""";3808118560;384901001;;Иркутская область;0.00;28.07.2026;05.08.2026;"Насосы центробежные подачи жидкостей прочие; насосы прочие ;; Соответствует запросу “центробежный”";https://www.rts-tender.ru/poisk/id/l32616241802-1/;да;центробежный;rts-tender.ru/poisk + Search/LoadPage;2026-07-30
4540119;насосы консольные центробежные по ОЛ;Коммерческие;Акционерное общество «Уральский электрохимический комбинат»;6629022962;785150001;;Акционерное общество «Уральский электрохимический комбинат»;6629022962;785150001;;Санкт-Петербург;0.00;28.07.2026;06.08.2026;"насосы консольные центробежные по ОЛ ;; Соответствует запросу “центробежный”";https://www.rts-tender.ru/poisk/id/l4540119-4-11-1/;да;центробежный;rts-tender.ru/poisk + Search/LoadPage;2026-07-30
10530939;Поставка инструмента и расходных материалов для нужд Домодедовского филиала АО «Мособлэнерго»;Закупки малого объема;"АКЦИОНЕРНОЕ ОБЩЕСТВО ""МОСКОВСКАЯ ОБЛАСТНАЯ ЭНЕРГОСЕТЕВАЯ КОМПАНИЯ""";5032137342;502401001;Информация скрыта. Подробнее Доступно в личном кабинете Информация об организаторе и заказчике доступна в личном кабинете. Зарегистрируйтесь или войдите. Войти;"АКЦИОНЕРНОЕ ОБЩЕСТВО ""МОСКОВСКАЯ ОБЛАСТНАЯ ЭНЕРГОСЕТЕВАЯ КОМПАНИЯ""";5032137342;502401001;Информация скрыта. Подробнее Доступно в личном кабинете Информация об организаторе и заказчике доступна в личном кабинете. Зарегистрируйтесь или войдите. Войти;Московская область;470842.06;28.07.2026;12.08.2026;"Центробежный поверхностный насос (консольный) UNIPUMP CPM 1100H 66575 ;; Соответствует запросу “центробежный”";https://www.rts-tender.ru/poisk/id/l15024902-3-9-1/;да;центробежный;rts-tender.ru/poisk + Search/LoadPage;2026-07-30
32616241478;Насосы центробежные DN 80 и DN 100;223-ФЗ;"МУНИЦИПАЛЬНОЕ ПРЕДПРИЯТИЕ ТРЕСТ ""ТЕПЛОФИКАЦИЯ""";7414000657;745501001;"Морозова Е. А.; 73519359149; zakupki_magteplo@mail.ru";"МУНИЦИПАЛЬНОЕ ПРЕДПРИЯТИЕ ТРЕСТ ""ТЕПЛОФИКАЦИЯ""";7414000657;745501001;"73519359149; zakupki_magteplo@mail.ru";Челябинская область;366479.46;28.07.2026;06.08.2026;"Насос центробежный DN 100 ;; Насос центробежный DN 100";https://www.rts-tender.ru/poisk/id/l32616241478-1/;да;центробежный;rts-tender.ru/poisk + Search/LoadPage;2026-07-30
4539858;БГER-038882 Насос многоступенчатый центробежный V/VS 16-5 тип перекачиваемой среды вода объемная подача 16м3/ч номинальное давление на выходе 1МПа с электродвигателем мощностью 5,5кВт частотой вращения 2850об/мин климатическое исполнение УХЛ1 БГER-026026 Насос в сборе с электродвигателем исполнение;Коммерческие;"Общество с ограниченной ответственностью ""Удоканская медь""";7536097029;750601001;;"Общество с ограниченной ответственностью ""Удоканская медь""";7536097029;750601001;;Забайкальский край;0.00;28.07.2026;31.07.2026;"БГER-038882 Насос многоступенчатый центробежный V/VS 16-5 тип перекачиваемой среды вода объемная подача 16м3/ч номинальное давление на выходе 1МПа с электродвигателем мощностью 5,5кВт частотой вращения 2850об/мин климати ;; Соответствует запросу “центробежный”";https://www.rts-tender.ru/poisk/id/l4539858-4-12-1/;да;центробежный;rts-tender.ru/poisk + Search/LoadPage;2026-07-30
32616241160;№КЭнК-421-13-26-ЗК (ЭФ) «Поставка насосов погружных»;223-ФЗ;"АКЦИОНЕРНОЕ ОБЩЕСТВО ""СБЕРБАНК-АВТОМАТИЗИРОВАННАЯ СИСТЕМА ТОРГОВ""";7707308480;770401001;;"ОБЩЕСТВО С ОГРАНИЧЕННОЙ ОТВЕТСТВЕННОСТЬЮ ""КУЗБАССКАЯ ЭНЕРГОСЕТЕВАЯ КОМПАНИЯ""";4205109750;420501001;;Кемеровская область;31074.84;28.07.2026;05.08.2026;"Насосы центробежные подачи жидкостей прочие ;; Соответствует запросу “центробежный”";https://www.rts-tender.ru/poisk/id/l32616241160-1/;да;центробежный;rts-tender.ru/poisk + Search/LoadPage;2026-07-30
10529920;Оказание услуг по подготовке систем отопления к отопительному сезону (промывка и опрессовка систем отопления и тепловом узле) в зданиях филиала 4 ГБУЗ МО МОКНД;Закупки малого объема;"ГОСУДАРСТВЕННОЕ БЮДЖЕТНОЕ УЧРЕЖДЕНИЯ ЗДРАВООХРАНЕНИЯ МОСКОВСКОЙ ОБЛАСТИ ""МОСКОВСКИЙ ОБЛАСТНОЙ КЛИНИЧЕСКИЙ НАРКОЛОГИЧЕСКИЙ ДИСПАНСЕР""";5018202624;501801001;Информация скрыта. Подробнее Доступно в личном кабинете Информация об организаторе и заказчике доступна в личном кабинете. Зарегистрируйтесь или войдите. Войти;"ГОСУДАРСТВЕННОЕ БЮДЖЕТНОЕ УЧРЕЖДЕНИЯ ЗДРАВООХРАНЕНИЯ МОСКОВСКОЙ ОБЛАСТИ ""МОСКОВСКИЙ ОБЛАСТНОЙ КЛИНИЧЕСКИЙ НАРКОЛОГИЧЕСКИЙ ДИСПАНСЕР""";5018202624;501801001;Информация скрыта. Подробнее Доступно в личном кабинете Информация об организаторе и заказчике доступна в личном кабинете. Зарегистрируйтесь или войдите. Войти;Московская область;146152.24;27.07.2026;30.07.2026;"Услуги по техническому обслуживанию и текущему ремонту систем центрального отопления (Демонтаж/Установка насоса центробежного с электродвигателем ) (ПД) ;; Соответствует запросу “центробежный”";https://www.rts-tender.ru/poisk/id/l15023579-3-9-1/;да;центробежный;rts-tender.ru/poisk + Search/LoadPage;2026-07-30
32616240087;Поставка скважинного насоса (агрегата) и станции (шкафа) управления скважинным насосом для нужд Радиоцентра ИТАР-ТАСС;223-ФЗ;"ФЕДЕРАЛЬНОЕ ГОСУДАРСТВЕННОЕ УНИТАРНОЕ ПРЕДПРИЯТИЕ ""ИНФОРМАЦИОННОЕ ТЕЛЕГРАФНОЕ АГЕНТСТВО РОССИИ (ИТАР-ТАСС)""";7703082786;770301001;;"ФЕДЕРАЛЬНОЕ ГОСУДАРСТВЕННОЕ УНИТАРНОЕ ПРЕДПРИЯТИЕ ""ИНФОРМАЦИОННОЕ ТЕЛЕГРАФНОЕ АГЕНТСТВО РОССИИ (ИТАР-ТАСС)""";7703082786;770301001;;Москва;589931.60;27.07.2026;04.08.2026;"Насосы центробежные подачи жидкостей прочие ;; Соответствует запросу “центробежный”";https://www.rts-tender.ru/poisk/id/l32616240087-1/;да;центробежный;rts-tender.ru/poisk + Search/LoadPage;2026-07-30
0318300063526000306;Оказание услуг по ремонту изделий медицинской техники;44-ФЗ;"ГОСУДАРСТВЕННОЕ БЮДЖЕТНОЕ УЧРЕЖДЕНИЕ ЗДРАВООХРАНЕНИЯ ""ГУЛЬКЕВИЧСКАЯ ЦЕНТРАЛЬНАЯ РАЙОННАЯ БОЛЬНИЦА"" МИНИСТЕРСТВА ЗДРАВООХРАНЕНИЯ КРАСНОДАРСКОГО КРАЯ";2329007074;232901001;;"ГОСУДАРСТВЕННОЕ БЮДЖЕТНОЕ УЧРЕЖДЕНИЕ ЗДРАВООХРАНЕНИЯ ""ГУЛЬКЕВИЧСКАЯ ЦЕНТРАЛЬНАЯ РАЙОННАЯ БОЛЬНИЦА"" МИНИСТЕРСТВА ЗДРАВООХРАНЕНИЯ КРАСНОДАРСКОГО КРАЯ";2329007074;232901001;;Краснодарский край;599999.00;27.07.2026;04.08.2026;"Ремонт центробежного пускового механизма, контактов отключения пусковой обмотки (КОМПРЕССОРЫ МЕДИЦИНСКИЕ; КОНЦЕНТРАТОРЫ КИСЛОРОДА;) ;; Ремонт центробежного регулятора (КОМПРЕССОРЫ МЕДИЦИНСКИЕ; КОНЦЕНТРАТОРЫ КИСЛОРОДА;)";https://www.rts-tender.ru/poisk/id/l0318300063526000306-1/;сомнительно;центробежный;rts-tender.ru/poisk + Search/LoadPage;2026-07-30
0350100006826000023;Насос консольный центробежный К100-65-200 на общей раме с электродвигателем;44-ФЗ;"ФЕДЕРАЛЬНОЕ КАЗЕННОЕ УЧРЕЖДЕНИЕ ""КОЛОНИЯ-ПОСЕЛЕНИЕ № 6 УПРАВЛЕНИЯ ФЕДЕРАЛЬНОЙ СЛУЖБЫ ИСПОЛНЕНИЯ НАКАЗАНИЙ ПО НОВГОРОДСКОЙ ОБЛАСТИ""";5311004991;531101001;;"ФЕДЕРАЛЬНОЕ КАЗЕННОЕ УЧРЕЖДЕНИЕ ""КОЛОНИЯ-ПОСЕЛЕНИЕ № 6 УПРАВЛЕНИЯ ФЕДЕРАЛЬНОЙ СЛУЖБЫ ИСПОЛНЕНИЯ НАКАЗАНИЙ ПО НОВГОРОДСКОЙ ОБЛАСТИ""";5311004991;531101001;;Новгородская область;108576.00;27.07.2026;04.08.2026;"Насос консольный центробежный К100-65-200 на общей раме с электродвигателем ;; Соответствует запросу “центробежный”";https://www.rts-tender.ru/poisk/id/l0350100006826000023-1/;да;центробежный;rts-tender.ru/poisk + Search/LoadPage;2026-07-30
32616239619;Выбор поставщика насоса полупогружного центробежного;223-ФЗ;"ОБЩЕСТВО С ОГРАНИЧЕННОЙ ОТВЕТСТВЕННОСТЬЮ ""ИРЗ-ЭНЕРГО""";1833027591;184001001;;"ОБЩЕСТВО С ОГРАНИЧЕННОЙ ОТВЕТСТВЕННОСТЬЮ ""ИРЗ-ЭНЕРГО""";1833027591;184001001;;Удмуртская Республика;728629.18;27.07.2026;06.08.2026;;https://www.rts-tender.ru/poisk/id/l32616239619-1/;да;центробежный;rts-tender.ru/poisk + Search/LoadPage;2026-07-30
4539116;НАСОС ЦЕНТРОБЕЖНЫЙ КИСЛОРОДНЫЙ AC30FC С ЭЛЕКТРОДВИГАТЕЛЕМ - 1 шт.;Коммерческие;"Публичное акционерное общество "" Ашинский металлургический завод""";7401000473;741450001;;"Публичное акционерное общество "" Ашинский металлургический завод""";7401000473;741450001;;Челябинская область;0.00;27.07.2026;31.07.2026;"НАСОС ЦЕНТРОБЕЖНЫЙ КИСЛОРОДНЫЙ AC30FC С ЭЛЕКТРОДВИГАТЕЛЕМ - 1 шт. ;; Соответствует запросу “центробежный”";https://www.rts-tender.ru/poisk/id/l4539116-4-12-1/;да;центробежный;rts-tender.ru/poisk + Search/LoadPage;2026-07-30
32616239261;Поставка насосного агрегата центробежного для перекачивания сточных жидкостей на общей раме с электродвигателем;223-ФЗ;"АКЦИОНЕРНОЕ ОБЩЕСТВО ""СБЕРБАНК-АВТОМАТИЗИРОВАННАЯ СИСТЕМА ТОРГОВ""";7707308480;770401001;;"МУНИЦИПАЛЬНОЕ УНИТАРНОЕ ПРЕДПРИЯТИЕ ""ВОДОКАНАЛ"" МУНИЦИПАЛЬНОГО РАЙОНА БЛАГОВЕЩЕНСКИЙ РАЙОН РЕСПУБЛИКИ БАШКОРТОСТАН";0258011092;025801001;;Республика Башкортостан;714084.19;27.07.2026;03.08.2026;"Насосы центробежные подачи жидкостей прочие ;; Соответствует запросу “центробежный”";https://www.rts-tender.ru/poisk/id/l32616239261-1/;да;центробежный;rts-tender.ru/poisk + Search/LoadPage;2026-07-30
0123300008226000405;Поставка запасных частей на автомобили ГАЗ 3307-3309, ПАЗ 3205;44-ФЗ;АДМИНИСТРАЦИЯ ГОРОДА БЛАГОВЕЩЕНСКА;2801032015;280101001;;"МУНИЦИПАЛЬНОЕ БЮДЖЕТНОЕ УЧРЕЖДЕНИЕ ""ГОРОДСКОЙ СЕРВИСНО-ТОРГОВЫЙ КОМПЛЕКС""";2801283308;280101001;;Амурская область;3000000.00;27.07.2026;04.08.2026;"Фильтр центробежной очистки масла (центрифуга) ;; Соответствует запросу “центробежный”";https://www.rts-tender.ru/poisk/id/l0123300008226000405-1/;сомнительно;центробежный;rts-tender.ru/poisk + Search/LoadPage;2026-07-30
0342100011726000039;Поставка насоса центробежного;44-ФЗ;"ФЕДЕРАЛЬНОЕ КАЗЕННОЕ УЧРЕЖДЕНИЕ ""ИСПРАВИТЕЛЬНАЯ КОЛОНИЯ № 5 УПРАВЛЕНИЯ ФЕДЕРАЛЬНОЙ СЛУЖБЫ ИСПОЛНЕНИЯ НАКАЗАНИЙ ПО САМАРСКОЙ ОБЛАСТИ""";6314015880;631401001;;"ФЕДЕРАЛЬНОЕ КАЗЕННОЕ УЧРЕЖДЕНИЕ ""ИСПРАВИТЕЛЬНАЯ КОЛОНИЯ № 5 УПРАВЛЕНИЯ ФЕДЕРАЛЬНОЙ СЛУЖБЫ ИСПОЛНЕНИЯ НАКАЗАНИЙ ПО САМАРСКОЙ ОБЛАСТИ""";6314015880;631401001;;Самарская область;342066.66;27.07.2026;05.08.2026;"Насосы центробежный ;; Соответствует запросу “центробежный”";https://www.rts-tender.ru/poisk/id/l0342100011726000039-1/;да;центробежный;rts-tender.ru/poisk + Search/LoadPage;2026-07-30
0351100002926001233;Поставка медицинских изделий (Насос центробежный для системы искусственного кровообращения);44-ФЗ;"ФЕДЕРАЛЬНОЕ ГОСУДАРСТВЕННОЕ БЮДЖЕТНОЕ УЧРЕЖДЕНИЕ ""НАЦИОНАЛЬНЫЙ МЕДИЦИНСКИЙ ИССЛЕДОВАТЕЛЬСКИЙ ЦЕНТР ИМЕНИ АКАДЕМИКА Е.Н. МЕШАЛКИНА"" МИНИСТЕРСТВА ЗДРАВООХРАНЕНИЯ РОССИЙСКОЙ ФЕДЕРАЦИИ";5408106348;540801001;"Рот Елена Александровна; 7-383-3476099-1793; zakupki@meshalkin.ru";"ФЕДЕРАЛЬНОЕ ГОСУДАРСТВЕННОЕ БЮДЖЕТНОЕ УЧРЕЖДЕНИЕ ""НАЦИОНАЛЬНЫЙ МЕДИЦИНСКИЙ ИССЛЕДОВАТЕЛЬСКИЙ ЦЕНТР ИМЕНИ АКАДЕМИКА Е.Н. МЕШАЛКИНА"" МИНИСТЕРСТВА ЗДРАВООХРАНЕНИЯ РОССИЙСКОЙ ФЕДЕРАЦИИ";5408106348;540801001;;Новосибирская область;678636.60;27.07.2026;04.08.2026;"Насос центробежный для системы искусственного кровообращения ;; Насос центробежный для системы искусственного кровообращения";https://www.rts-tender.ru/poisk/id/l0351100002926001233-1/;сомнительно;центробежный;rts-tender.ru/poisk + Search/LoadPage;2026-07-30
4538321;Вентиляционное оборудование;Коммерческие;"ОБЩЕСТВО С ОГРАНИЧЕННОЙ ОТВЕТСТВЕННОСТЬЮ ""АИМ МЕНЕДЖМЕНТ""";9725042029;772501001;;"ОБЩЕСТВО С ОГРАНИЧЕННОЙ ОТВЕТСТВЕННОСТЬЮ ""ЕВРОХИМ-РЕМСТРОЙСЕРВИС""";7116018514;710043001;;Тульская область;0.00;27.07.2026;30.07.2026;"ВЕНТИЛЯТОР ЦЕНТРОБЕЖНЫЙ ВЫСОКОГО ДАВЛЕНИЯ FTEV-9000NR АДМ112М2У2 7,5КВ/380В/2910ОБ/МИН ;; Соответствует запросу “центробежный”";https://www.rts-tender.ru/poisk/id/l4538321-4-12-1/;да;центробежный;rts-tender.ru/poisk + Search/LoadPage;2026-07-30
4538044;"Насосное оборудование (насосы, ЗИП) (обязательно к заполнению КП по форме покупателя в приложенной закупочной документации ""1 . КП_Насос и ЗИП (6) эксель файл"")";Коммерческие;"ОБЩЕСТВО С ОГРАНИЧЕННОЙ ОТВЕТСТВЕННОСТЬЮ ""АРЕАЛ. РЕГИОНАЛЬНЫЙ ЦЕНТР""";8703010889;272101001;;"ОБЩЕСТВО С ОГРАНИЧЕННОЙ ОТВЕТСТВЕННОСТЬЮ ""АРЕАЛ. РЕГИОНАЛЬНЫЙ ЦЕНТР""";8703010889;272101001;;Хабаровский край;0.00;27.07.2026;31.07.2026;"Насос центробежный консольный Goulds 3316 (4X6-11) 681М3/Ч 305М ;; Агрегат насосный центробежный секционный Calpeda MXH 202E (100381796) 4.8М3/Ч 22М";https://www.rts-tender.ru/poisk/id/l4538044-4-12-1/;да;центробежный;rts-tender.ru/poisk + Search/LoadPage;2026-07-30
32616237326;Выполнение работ по инструментальной вибродиагностике и балансировке центробежного вспомогательного энергетического оборудования, установленного на объектах теплоснабжения ООО «Теплоэнерго»;223-ФЗ;"ОБЩЕСТВО С ОГРАНИЧЕННОЙ ОТВЕТСТВЕННОСТЬЮ ""ТЕПЛОЭНЕРГО""";4214046200;421401001;;"ОБЩЕСТВО С ОГРАНИЧЕННОЙ ОТВЕТСТВЕННОСТЬЮ ""ТЕПЛОЭНЕРГО""";4214046200;421401001;;Кемеровская область;647100.00;27.07.2026;03.08.2026;;https://www.rts-tender.ru/poisk/id/l32616237326-1/;да;центробежный;rts-tender.ru/poisk + Search/LoadPage;2026-07-30
32616236692;Поставка дизельной насосной станции в комплекте;223-ФЗ;"АКЦИОНЕРНОЕ ОБЩЕСТВО ""ВОДОКАНАЛ""";5018134420;501801001;;"АКЦИОНЕРНОЕ ОБЩЕСТВО ""ВОДОКАНАЛ""";5018134420;501801001;;Московская область;12469460.00;24.07.2026;06.08.2026;"Насосы центробежные подачи жидкостей прочие ;; Соответствует запросу “центробежный”";https://www.rts-tender.ru/poisk/id/l32616236692-1/;да;центробежный;rts-tender.ru/poisk + Search/LoadPage;2026-07-30
32616236034;Лот № 262 Поставка систем оборотного водоснабжения и дренажа;223-ФЗ;"ФЕДЕРАЛЬНОЕ ГОСУДАРСТВЕННОЕ УНИТАРНОЕ ПРЕДПРИЯТИЕ ""ГЛАВНОЕ УПРАВЛЕНИЕ СПЕЦИАЛЬНОГО СТРОИТЕЛЬСТВА""";2315078029;770401001;;"ФЕДЕРАЛЬНОЕ ГОСУДАРСТВЕННОЕ УНИТАРНОЕ ПРЕДПРИЯТИЕ ""ГЛАВНОЕ УПРАВЛЕНИЕ СПЕЦИАЛЬНОГО СТРОИТЕЛЬСТВА""";2315078029;770401001;;Москва;2477698.00;24.07.2026;03.08.2026;"Насосы центробежные подачи жидкостей прочие ;; Соответствует запросу “центробежный”";https://www.rts-tender.ru/poisk/id/l32616236034-1/;да;центробежный;rts-tender.ru/poisk + Search/LoadPage;2026-07-30
32616235771;Поставка насоса консольного моноблочного для АО «ИвГТЭ»;223-ФЗ;"АКЦИОНЕРНОЕ ОБЩЕСТВО ""ИВГОРТЕПЛОЭНЕРГО""";3702733438;370201001;;"АКЦИОНЕРНОЕ ОБЩЕСТВО ""ИВГОРТЕПЛОЭНЕРГО""";3702733438;370201001;;Ивановская область;146728.33;24.07.2026;31.07.2026;"Насосы центробежные подачи жидкостей прочие ;; Соответствует запросу “центробежный”";https://www.rts-tender.ru/poisk/id/l32616235771-1/;да;центробежный;rts-tender.ru/poisk + Search/LoadPage;2026-07-30
0131300000626001099;Выполнение работ по замене системы фильтрации и устройству переливной ёмкости;44-ФЗ;АДМИНИСТРАЦИЯ ГОРОДСКОГО ОКРУГА ГОРОД ВОРОНЕЖ;3650002882;366601001;"Попрыгина Валерия Викторовна; 7-473-2283606; munzak@cityhall.voronezh-city.ru";МУНИЦИПАЛЬНОЕ БЮДЖЕТНОЕ ОБЩЕОБРАЗОВАТЕЛЬНОЕ УЧРЕЖДЕНИЕ СРЕДНЯЯ ОБЩЕОБРАЗОВАТЕЛЬНАЯ ШКОЛА С УГЛУБЛЕННЫМ ИЗУЧЕНИЕМ ОТДЕЛЬНЫХ ПРЕДМЕТОВ № 1;3662041950;366201001;;Воронежская область;3162660.63;24.07.2026;03.08.2026;"Насос химический центробежный ;; Соответствует запросу “центробежный”";https://www.rts-tender.ru/poisk/id/l0131300000626001099-1/;да;центробежный;rts-tender.ru/poisk + Search/LoadPage;2026-07-30
32616235055;Насос канализационный CNP 50WQ15-25-3A(I) (ЦНП);223-ФЗ;"АКЦИОНЕРНОЕ ОБЩЕСТВО ""АГЕНТСТВО ПО ГОСУДАРСТВЕННОМУ ЗАКАЗУ РЕСПУБЛИКИ ТАТАРСТАН""";1655391893;165501001;;"МУНИЦИПАЛЬНОЕ УНИТАРНОЕ ПРЕДПРИЯТИЕ ""НОВОШЕШМИНСКОЕ ЖИЛИЩНО-КОММУНАЛЬНОЕ ХОЗЯЙСТВО"" НОВОШЕШМИНСКОГО МУНИЦИПАЛЬНОГО РАЙОНА РЕСПУБЛИКИ ТАТАРСТАН";1631009663;163101001;;Республика Татарстан;73000.00;24.07.2026;31.07.2026;"Насосы центробежные подачи жидкостей прочие ;; Соответствует запросу “центробежный”";https://www.rts-tender.ru/poisk/id/l32616235055-1/;да;центробежный;rts-tender.ru/poisk + Search/LoadPage;2026-07-30
32616234754;Поставка насосов для нужд филиалов АО «НОКК» и МУП ЖКХ «Жилсервис» Володарского района;223-ФЗ;"АКЦИОНЕРНОЕ ОБЩЕСТВО ""НИЖЕГОРОДСКАЯ ОБЛАСТНАЯ КОММУНАЛЬНАЯ КОМПАНИЯ""";5260267654;526001001;;"АКЦИОНЕРНОЕ ОБЩЕСТВО ""НИЖЕГОРОДСКАЯ ОБЛАСТНАЯ КОММУНАЛЬНАЯ КОМПАНИЯ""";5260267654;526001001;;Нижегородская область;777143.25;24.07.2026;05.08.2026;"Насосы центробежные подачи жидкостей прочие ;; Соответствует запросу “центробежный”";https://www.rts-tender.ru/poisk/id/l32616234754-2/;да;центробежный;rts-tender.ru/poisk + Search/LoadPage;2026-07-30
32616234212;Поставка канализационных насосов;223-ФЗ;"АКЦИОНЕРНОЕ ОБЩЕСТВО ""СБЕРБАНК-АВТОМАТИЗИРОВАННАЯ СИСТЕМА ТОРГОВ""";7707308480;770401001;;"МУНИЦИПАЛЬНОЕ УНИТАРНОЕ ПРЕДПРИЯТИЕ ""УПРАВЛЕНИЕ ГОРОДСКОГО ХОЗЯЙСТВА"" МУНИЦИПАЛЬНОГО ОБРАЗОВАНИЯ ГОРОДА ПЫТЬ-ЯХ";8612007896;861201001;;Ханты-Мансийский автономный округ Югра;6127058.42;24.07.2026;04.08.2026;"Насосы центробежные подачи жидкостей прочие ;; Насосы центробежные подачи жидкостей прочие";https://www.rts-tender.ru/poisk/id/l32616234212-1/;да;центробежный;rts-tender.ru/poisk + Search/LoadPage;2026-07-30
4536722;Выбор поставщика насосов 2026 г.;Коммерческие;"Акционерное общество ""ТАНДЕР""";2310031475;231001001;;"Акционерное общество ""ТАНДЕР""";2310031475;231001001;;Краснодарский край;0.00;24.07.2026;31.07.2026;"Насос центробежный FRISTAM FZ17B Артикул: 340700034 ;; Насос центробежный FRISTAM FZ20KF Артикул: 0545700028";https://www.rts-tender.ru/poisk/id/l4536722-4-12-1/;да;центробежный;rts-tender.ru/poisk + Search/LoadPage;2026-07-30
0322100002526000499;Поставка медицинских изделий для реанимации;44-ФЗ;"ФЕДЕРАЛЬНОЕ ГОСУДАРСТВЕННОЕ БЮДЖЕТНОЕ УЧРЕЖДЕНИЕ ""ФЕДЕРАЛЬНЫЙ ЦЕНТР СЕРДЕЧНО-СОСУДИСТОЙ ХИРУРГИИ"" МИНИСТЕРСТВА ЗДРАВООХРАНЕНИЯ РОССИЙСКОЙ ФЕДЕРАЦИИ (Г. ХАБАРОВСК)";2724139667;272401001;;"ФЕДЕРАЛЬНОЕ ГОСУДАРСТВЕННОЕ БЮДЖЕТНОЕ УЧРЕЖДЕНИЕ ""ФЕДЕРАЛЬНЫЙ ЦЕНТР СЕРДЕЧНО-СОСУДИСТОЙ ХИРУРГИИ"" МИНИСТЕРСТВА ЗДРАВООХРАНЕНИЯ РОССИЙСКОЙ ФЕДЕРАЦИИ (Г. ХАБАРОВСК)";2724139667;272401001;;Хабаровский край;435000.00;24.07.2026;04.08.2026;"Насос центробежный для системы искусственного кровообращения ;; Соответствует запросу “центробежный”";https://www.rts-tender.ru/poisk/id/l0322100002526000499-1/;сомнительно;центробежный;rts-tender.ru/poisk + Search/LoadPage;2026-07-30
32616233173;Право заключения договора на поставка электроинструмента;223-ФЗ;"Красноярский филиал Акционерного общества ""Атомспецтранс""";7717609102;245243001;;"АКЦИОНЕРНОЕ ОБЩЕСТВО ""АТОМСПЕЦТРАНС""";7717609102;771701001;;Москва;452485.56;24.07.2026;03.08.2026;"Насосы центробежные подачи жидкостей прочие ;; Насосы центробежные подачи жидкостей прочие";https://www.rts-tender.ru/poisk/id/l32616233173-1/;сомнительно;центробежный;rts-tender.ru/poisk + Search/LoadPage;2026-07-30
32616233164;Поставка погружных насосов ЭЦВ;223-ФЗ;"АКЦИОНЕРНОЕ ОБЩЕСТВО ""ПРОИЗВОДСТВЕННОЕ УПРАВЛЕНИЕ ВОДОСНАБЖЕНИЯ И ВОДООТВЕДЕНИЯ ГОРОДА ЧИТЫ""";7536064538;753601001;;"АКЦИОНЕРНОЕ ОБЩЕСТВО ""ПРОИЗВОДСТВЕННОЕ УПРАВЛЕНИЕ ВОДОСНАБЖЕНИЯ И ВОДООТВЕДЕНИЯ ГОРОДА ЧИТЫ""";7536064538;753601001;;Забайкальский край;4958981.33;24.07.2026;04.08.2026;"Насосы центробежные подачи жидкостей прочие ;; Соответствует запросу “центробежный”";https://www.rts-tender.ru/poisk/id/l32616233164-1/;да;центробежный;rts-tender.ru/poisk + Search/LoadPage;2026-07-30
32616233139;Поставка насосного агрегата с электродвигателем, насосного агрегата на раме.;223-ФЗ;"МУНИЦИПАЛЬНОЕ УНИТАРНОЕ ПРЕДПРИЯТИЕ ""ВОДОКАНАЛ"" ГОРОДА УЛАН-УДЭ";0326540932;032601001;;"МУНИЦИПАЛЬНОЕ УНИТАРНОЕ ПРЕДПРИЯТИЕ ""ВОДОКАНАЛ"" ГОРОДА УЛАН-УДЭ";0326540932;032601001;;Республика Бурятия;22812174.67;24.07.2026;30.07.2026;"Насосы центробежные подачи жидкостей прочие ;; Насосы центробежные подачи жидкостей прочие";https://www.rts-tender.ru/poisk/id/l32616233139-1/;да;центробежный;rts-tender.ru/poisk + Search/LoadPage;2026-07-30
32616232353;Поставка циркуляционного насоса для нужд учреждения;223-ФЗ;МИНИСТЕРСТВО КОНКУРЕНТНОЙ ПОЛИТИКИ ЯРОСЛАВСКОЙ ОБЛАСТИ;7604084334;760401001;;"ГОСУДАРСТВЕННОЕ АВТОНОМНОЕ УЧРЕЖДЕНИЕ ЗДРАВООХРАНЕНИЯ ЯРОСЛАВСКОЙ ОБЛАСТИ ""КЛИНИЧЕСКАЯ БОЛЬНИЦА СКОРОЙ МЕДИЦИНСКОЙ ПОМОЩИ ИМЕНИ Н.В. СОЛОВЬЕВА""";7606011613;760601001;;Ярославская область;136300.00;23.07.2026;31.07.2026;"Насосы центробежные подачи жидкостей прочие ;; Соответствует запросу “центробежный”";https://www.rts-tender.ru/poisk/id/l32616232353-1/;да;центробежный;rts-tender.ru/poisk + Search/LoadPage;2026-07-30
32616232236;«Поставка канализационного насоса SL.100.130.2.52S.S.N.51D.A Grundfos»;223-ФЗ;"ОБЩЕСТВО С ОГРАНИЧЕННОЙ ОТВЕТСТВЕННОСТЬЮ ""ЮГ СЕТИ""";6319163931;631901001;;"ОБЩЕСТВО С ОГРАНИЧЕННОЙ ОТВЕТСТВЕННОСТЬЮ ""ЮГ СЕТИ""";6319163931;631901001;;Самарская область;880718.00;23.07.2026;31.07.2026;"Насосы центробежные подачи жидкостей прочие ;; Соответствует запросу “центробежный”";https://www.rts-tender.ru/poisk/id/l32616232236-1/;да;центробежный;rts-tender.ru/poisk + Search/LoadPage;2026-07-30
32616232187;Поставка насосов и преобразователя частоты;223-ФЗ;"МУНИЦИПАЛЬНОЕ КАЗЕННОЕ ПРЕДПРИЯТИЕ ""РОЩИНСКИЙ""";6330104023;633001001;;"МУНИЦИПАЛЬНОЕ КАЗЕННОЕ ПРЕДПРИЯТИЕ ""РОЩИНСКИЙ""";6330104023;633001001;;Самарская область;1147845.56;23.07.2026;31.07.2026;"Насосы центробежные подачи жидкостей прочие ;; Насосы центробежные подачи жидкостей прочие";https://www.rts-tender.ru/poisk/id/l32616232187-1/;да;центробежный;rts-tender.ru/poisk + Search/LoadPage;2026-07-30
32616232149;Поставка насосов для нужд МТУСИ;223-ФЗ;"АКЦИОНЕРНОЕ ОБЩЕСТВО ""СБЕРБАНК-АВТОМАТИЗИРОВАННАЯ СИСТЕМА ТОРГОВ""";7707308480;770401001;;"ОРДЕНА ТРУДОВОГО КРАСНОГО ЗНАМЕНИ ФЕДЕРАЛЬНОЕ ГОСУДАРСТВЕННОЕ БЮДЖЕТНОЕ ОБРАЗОВАТЕЛЬНОЕ УЧРЕЖДЕНИЕ ВЫСШЕГО ОБРАЗОВАНИЯ ""МОСКОВСКИЙ ТЕХНИЧЕСКИЙ УНИВЕРСИТЕТ СВЯЗИ И ИНФОРМАТИКИ""";7722000820;772201001;;Москва;252750.05;23.07.2026;30.07.2026;"Насосы центробежные подачи жидкостей прочие ;; Насосы центробежные подачи жидкостей прочие";https://www.rts-tender.ru/poisk/id/l32616232149-1/;да;центробежный;rts-tender.ru/poisk + Search/LoadPage;2026-07-30
32616231666;Поставка дизельной насосной станции;223-ФЗ;"МУНИЦИПАЛЬНОЕ УНИТАРНОЕ ПРЕДПРИЯТИЕ ""ВОДОКАНАЛ""";4345000249;434501001;;"МУНИЦИПАЛЬНОЕ УНИТАРНОЕ ПРЕДПРИЯТИЕ ""ВОДОКАНАЛ""";4345000249;434501001;;Кировская область;5030000.00;23.07.2026;31.07.2026;"Насосы центробежные подачи жидкостей прочие ;; Соответствует запросу “центробежный”";https://www.rts-tender.ru/poisk/id/l32616231666-1/;да;центробежный;rts-tender.ru/poisk + Search/LoadPage;2026-07-30
32616231648;Поставка насосов водокольцевых;223-ФЗ;"АКЦИОНЕРНОЕ ОБЩЕСТВО ""АГЕНТСТВО ПО ГОСУДАРСТВЕННОМУ ЗАКАЗУ РЕСПУБЛИКИ ТАТАРСТАН""";1655391893;165501001;;"ГОСУДАРСТВЕННОЕ УНИТАРНОЕ ПРЕДПРИЯТИЕ ""ВОДОКАНАЛ ЛЕНИНГРАДСКОЙ ОБЛАСТИ""";4703144282;470401001;;Ленинградская область;496950.00;23.07.2026;06.08.2026;"Насосы центробежные подачи жидкостей прочие ;; Насосы центробежные подачи жидкостей прочие";https://www.rts-tender.ru/poisk/id/l32616231648-1/;да;центробежный;rts-tender.ru/poisk + Search/LoadPage;2026-07-30
32616230788;Поставка насосов сточных вод;223-ФЗ;"АКЦИОНЕРНОЕ ОБЩЕСТВО ""АГЕНТСТВО ПО ГОСУДАРСТВЕННОМУ ЗАКАЗУ РЕСПУБЛИКИ ТАТАРСТАН""";1655391893;165501001;;"ГОСУДАРСТВЕННОЕ УНИТАРНОЕ ПРЕДПРИЯТИЕ ""ВОДОКАНАЛ ЛЕНИНГРАДСКОЙ ОБЛАСТИ""";4703144282;470401001;;Ленинградская область;799093.33;23.07.2026;05.08.2026;"Насосы центробежные подачи жидкостей прочие ;; Насосы центробежные подачи жидкостей прочие";https://www.rts-tender.ru/poisk/id/l32616230788-1/;да;центробежный;rts-tender.ru/poisk + Search/LoadPage;2026-07-30
32616230224;Поставка материалов для ремонта теплотрассы;223-ФЗ;"АКЦИОНЕРНОЕ ОБЩЕСТВО ""БАЛАХТИНСКОЕ ДОРОЖНОЕ РЕМОНТНО-СТРОИТЕЛЬНОЕ УПРАВЛЕНИЕ""";2403002685;240301001;;"АКЦИОНЕРНОЕ ОБЩЕСТВО ""БАЛАХТИНСКОЕ ДОРОЖНОЕ РЕМОНТНО-СТРОИТЕЛЬНОЕ УПРАВЛЕНИЕ""";2403002685;240301001;;Красноярский край;927722.50;23.07.2026;04.08.2026;"Насосы центробежные подачи жидкостей прочие ;; Соответствует запросу “центробежный”";https://www.rts-tender.ru/poisk/id/l32616230224-1/;да;центробежный;rts-tender.ru/poisk + Search/LoadPage;2026-07-30
32616230173;Поставка насосов типа Д;223-ФЗ;"АКЦИОНЕРНОЕ ОБЩЕСТВО ""АГЕНТСТВО ПО ГОСУДАРСТВЕННОМУ ЗАКАЗУ РЕСПУБЛИКИ ТАТАРСТАН""";1655391893;165501001;;"ГОСУДАРСТВЕННОЕ УНИТАРНОЕ ПРЕДПРИЯТИЕ ""ВОДОКАНАЛ ЛЕНИНГРАДСКОЙ ОБЛАСТИ""";4703144282;470401001;;Ленинградская область;4172913.33;23.07.2026;05.08.2026;"Насосы центробежные подачи жидкостей прочие ;; Насосы центробежные подачи жидкостей прочие";https://www.rts-tender.ru/poisk/id/l32616230173-1/;да;центробежный;rts-tender.ru/poisk + Search/LoadPage;2026-07-30
32616229410;Поставка насосного агрегата СМ 250-200-400/6;223-ФЗ;"ГОСУДАРСТВЕННОЕ УНИТАРНОЕ ПРЕДПРИЯТИЕ РЕСПУБЛИКИ БАШКОРТОСТАН ""УФАВОДОКАНАЛ""";0275000238;027601001;;"ГОСУДАРСТВЕННОЕ УНИТАРНОЕ ПРЕДПРИЯТИЕ РЕСПУБЛИКИ БАШКОРТОСТАН ""УФАВОДОКАНАЛ""";0275000238;027601001;;Республика Башкортостан;437275.67;23.07.2026;31.07.2026;"Насосы центробежные подачи жидкостей прочие ;; Соответствует запросу “центробежный”";https://www.rts-tender.ru/poisk/id/l32616229410-1/;да;центробежный;rts-tender.ru/poisk + Search/LoadPage;2026-07-30
32616229306;КО-066-ТМЦ-ПП-26 в электронной форме на электронной торговой площадке на право заключения договора на поставку погружных скважинных электронасосных агрегатов ЭЦВ (ЦООВиВ ТР, ЦООВиВ ИР), проводимый не централизовано для нужд ООО «Тюмень Водоканал»;223-ФЗ;"ОБЩЕСТВО С ОГРАНИЧЕННОЙ ОТВЕТСТВЕННОСТЬЮ ""ТЮМЕНЬ ВОДОКАНАЛ""";7204095194;720301001;;"ОБЩЕСТВО С ОГРАНИЧЕННОЙ ОТВЕТСТВЕННОСТЬЮ ""ТЮМЕНЬ ВОДОКАНАЛ""";7204095194;720301001;;Тюменская область;956843.75;23.07.2026;04.08.2026;"Насосы центробежные подачи жидкостей прочие ;; Насосы центробежные подачи жидкостей прочие";https://www.rts-tender.ru/poisk/id/l32616229306-1/;да;центробежный;rts-tender.ru/poisk + Search/LoadPage;2026-07-30
0317100004926000071;Поставка оборудования и материалов для ремонта котельной;44-ФЗ;"ФЕДЕРАЛЬНОЕ КАЗЕННОЕ УЧРЕЖДЕНИЕ ""ЛЕЧЕБНОЕ ИСПРАВИТЕЛЬНОЕ УЧРЕЖДЕНИЕ № 1 УПРАВЛЕНИЯ ФЕДЕРАЛЬНОЙ СЛУЖБЫ ИСПОЛНЕНИЯ НАКАЗАНИЙ ПО АЛТАЙСКОМУ КРАЮ""";2223031158;222301001;;"ФЕДЕРАЛЬНОЕ КАЗЕННОЕ УЧРЕЖДЕНИЕ ""ЛЕЧЕБНОЕ ИСПРАВИТЕЛЬНОЕ УЧРЕЖДЕНИЕ № 1 УПРАВЛЕНИЯ ФЕДЕРАЛЬНОЙ СЛУЖБЫ ИСПОЛНЕНИЯ НАКАЗАНИЙ ПО АЛТАЙСКОМУ КРАЮ""";2223031158;222301001;;Алтайский край;729898.95;23.07.2026;31.07.2026;"Насосы центробежные подачи жидкостей прочие ;; Насосы центробежные подачи жидкостей прочие";https://www.rts-tender.ru/poisk/id/l0317100004926000071-1/;да;центробежный;rts-tender.ru/poisk + Search/LoadPage;2026-07-30
32616228947;Поставка сантехнических материалов для текущего обслуживания объектов ФГБОУ ВО «ИГУ»;223-ФЗ;"ФЕДЕРАЛЬНОЕ ГОСУДАРСТВЕННОЕ БЮДЖЕТНОЕ ОБРАЗОВАТЕЛЬНОЕ УЧРЕЖДЕНИЕ ВЫСШЕГО ОБРАЗОВАНИЯ ""ИРКУТСКИЙ ГОСУДАРСТВЕННЫЙ УНИВЕРСИТЕТ""";3808013278;380801001;;"ФЕДЕРАЛЬНОЕ ГОСУДАРСТВЕННОЕ БЮДЖЕТНОЕ ОБРАЗОВАТЕЛЬНОЕ УЧРЕЖДЕНИЕ ВЫСШЕГО ОБРАЗОВАНИЯ ""ИРКУТСКИЙ ГОСУДАРСТВЕННЫЙ УНИВЕРСИТЕТ""";3808013278;380801001;;Иркутская область;4127053.26;22.07.2026;30.07.2026;"Насосы центробежные подачи жидкостей прочие ;; Соответствует запросу “центробежный”";https://www.rts-tender.ru/poisk/id/l32616228947-1/;да;центробежный;rts-tender.ru/poisk + Search/LoadPage;2026-07-30
4534508;Электронасос центробежный скважинный. ЭЦВ 6-16-140, 1 шт.;Коммерческие;"АКЦИОНЕРНОЕ ОБЩЕСТВО ""МОСКОВСКИЙ ПИВО-БЕЗАЛКОГОЛЬНЫЙ КОМБИНАТ ""ОЧАКОВО""";7729101200;783450001;;"АКЦИОНЕРНОЕ ОБЩЕСТВО ""МОСКОВСКИЙ ПИВО-БЕЗАЛКОГОЛЬНЫЙ КОМБИНАТ ""ОЧАКОВО""";7729101200;783450001;;Санкт-Петербург;130000.00;22.07.2026;30.07.2026;;https://www.rts-tender.ru/poisk/id/l4534508-4-12-1/;да;центробежный;rts-tender.ru/poisk + Search/LoadPage;2026-07-30
0545600002626000004;Ремонт станции подкачки г. Гатчина, ул. Красных Военлетов, д. 6;44-ФЗ;"МУНИЦИПАЛЬНОЕ УНИТАРНОЕ ПРЕДПРИЯТИЕ ""ВОДОКАНАЛ"" Г.ГАТЧИНА";4705014708;470501001;;"МУНИЦИПАЛЬНОЕ УНИТАРНОЕ ПРЕДПРИЯТИЕ ""ВОДОКАНАЛ"" Г.ГАТЧИНА";4705014708;470501001;;Ленинградская область;2962902.74;22.07.2026;30.07.2026;"Насосы центробежные подачи жидкостей прочие ;; Соответствует запросу “центробежный”";https://www.rts-tender.ru/poisk/id/l0545600002626000004-1/;да;центробежный;rts-tender.ru/poisk + Search/LoadPage;2026-07-30
32616227596;"№167 Поставка сточно-массного насоса 2СМ 250-200-400/4 для нужд МУП ""ВОДОКАНАЛ""";223-ФЗ;"АКЦИОНЕРНОЕ ОБЩЕСТВО ""АГЕНТСТВО ПО ГОСУДАРСТВЕННОМУ ЗАКАЗУ РЕСПУБЛИКИ ТАТАРСТАН""";1655391893;165501001;;"МУНИЦИПАЛЬНОЕ УНИТАРНОЕ ПРЕДПРИЯТИЕ ""ВОДОКАНАЛ"" Г. ВОТКИНСКА";1828000481;182801001;;Удмуртская Республика;261600.00;22.07.2026;30.07.2026;"Насосы центробежные подачи жидкостей прочие ;; Соответствует запросу “центробежный”";https://www.rts-tender.ru/poisk/id/l32616227596-1/;да;центробежный;rts-tender.ru/poisk + Search/LoadPage;2026-07-30
0329100005926000160;Поставка запасных частей для нужд технического флота Кубанского РВПиС - филиала ФБУ «Администрация «Волго-Дон»;44-ФЗ;"ФЕДЕРАЛЬНОЕ БЮДЖЕТНОЕ УЧРЕЖДЕНИЕ ""АДМИНИСТРАЦИЯ ВОЛГО-ДОНСКОГО БАССЕЙНА ВНУТРЕННИХ ВОДНЫХ ПУТЕЙ""";3448009717;344801001;;"ФЕДЕРАЛЬНОЕ БЮДЖЕТНОЕ УЧРЕЖДЕНИЕ ""АДМИНИСТРАЦИЯ ВОЛГО-ДОНСКОГО БАССЕЙНА ВНУТРЕННИХ ВОДНЫХ ПУТЕЙ""";3448009717;344801001;;Волгоградская область;650955.00;22.07.2026;03.08.2026;"Улитка к грунтовому насосу 100 МП-350 (центробежный,консольный с четырехлопастным рабочим колесом диаметром 1000 мм) ;; Передняя крышка к грунтовому насосу 100 МП-350 (центробежный,консольный с четырехлопастным рабочим колесом диаметром 1000 мм)";https://www.rts-tender.ru/poisk/id/l0329100005926000160-1/;да;центробежный;rts-tender.ru/poisk + Search/LoadPage;2026-07-30
0387200000326000182;Поставка запасных частей – канальные и центробежные вентиляторы;44-ФЗ;"БЮДЖЕТНОЕ УЧРЕЖДЕНИЕ ХАНТЫ-МАНСИЙСКОГО АВТОНОМНОГО ОКРУГА - ЮГРЫ ""СУРГУТСКИЙ ОКРУЖНОЙ КЛИНИЧЕСКИЙ ЦЕНТР ОХРАНЫ МАТЕРИНСТВА И ДЕТСТВА""";8602000806;860201001;;"БЮДЖЕТНОЕ УЧРЕЖДЕНИЕ ХАНТЫ-МАНСИЙСКОГО АВТОНОМНОГО ОКРУГА - ЮГРЫ ""СУРГУТСКИЙ ОКРУЖНОЙ КЛИНИЧЕСКИЙ ЦЕНТР ОХРАНЫ МАТЕРИНСТВА И ДЕТСТВА""";8602000806;860201001;;Ханты-Мансийский автономный округ Югра;986940.78;22.07.2026;30.07.2026;;https://www.rts-tender.ru/poisk/id/l0387200000326000182-1/;да;центробежный;rts-tender.ru/poisk + Search/LoadPage;2026-07-30
4533464;Запасные части для флотомашины (Компрессор винтовой безмасляный ENGER OFS-45 A 8 PM VSD, Осушитель адсорбционный Enger ADH-069, Ресивер вертикальный Remeza РВ 900.10.11 (аналог 900.10.02) без лючка, Корпус магистрального фильтра с дифманометром Enger S-0070G (EP), Сепаратор центробежный (циклонный);Коммерческие;"АКЦИОНЕРНОЕ ОБЩЕСТВО ""ВЫСОЧАЙШИЙ""";3802008553;380201001;;"АКЦИОНЕРНОЕ ОБЩЕСТВО ""ВЫСОЧАЙШИЙ""";3802008553;380201001;;Иркутская область;0.00;22.07.2026;30.07.2026;"Сепаратор центробежный (циклонный) Enger WS-0070G (EP) ;; Соответствует запросу “центробежный”";https://www.rts-tender.ru/poisk/id/l4533464-4-12-1/;да;центробежный;rts-tender.ru/poisk + Search/LoadPage;2026-07-30
32616225990;Поставка насоса центробежного для нужд «Новокуйбышевская ТЭЦ-1» филиала «Самарский» (4533531);223-ФЗ;"ПУБЛИЧНОЕ АКЦИОНЕРНОЕ ОБЩЕСТВО ""Т ПЛЮС""";6315376946;502401001;;"ПУБЛИЧНОЕ АКЦИОНЕРНОЕ ОБЩЕСТВО ""Т ПЛЮС""";6315376946;502401001;;Московская область;3208600.00;22.07.2026;30.07.2026;"Насосы центробежные подачи жидкостей прочие ;; Соответствует запросу “центробежный”";https://www.rts-tender.ru/poisk/id/l32616225990-1/;да;центробежный;rts-tender.ru/poisk + Search/LoadPage;2026-07-30
4533531;Поставка насоса центробежного для нужд «Новокуйбышевская ТЭЦ-1» филиала «Самарский»;223-ФЗ;Самарский филиал Публичного акционерного общества «Т Плюс»;6315376946;631543004;;Самарский филиал Публичного акционерного общества «Т Плюс»;6315376946;631543004;;Самарская область;3208600.00;22.07.2026;30.07.2026;"Поставка насоса центробежного для нужд «Новокуйбышевская ТЭЦ-1» филиала «Самарский» ;; Соответствует запросу “центробежный”";https://www.rts-tender.ru/poisk/id/l4533531-2-12-1/;да;центробежный;rts-tender.ru/poisk + Search/LoadPage;2026-07-30
32616225930;Поставка насосов;223-ФЗ;"МУНИЦИПАЛЬНОЕ УНИТАРНОЕ ПРЕДПРИЯТИЕ ""ВОДОКАНАЛ""";4345000249;434501001;;"МУНИЦИПАЛЬНОЕ УНИТАРНОЕ ПРЕДПРИЯТИЕ ""ВОДОКАНАЛ""";4345000249;434501001;;Кировская область;398439.01;22.07.2026;30.07.2026;"Насосы центробежные подачи жидкостей прочие ;; Насосы центробежные подачи жидкостей прочие";https://www.rts-tender.ru/poisk/id/l32616225930-1/;да;центробежный;rts-tender.ru/poisk + Search/LoadPage;2026-07-30
0372100029926000490;Поставка медицинских изделий;44-ФЗ;"ФЕДЕРАЛЬНОЕ ГОСУДАРСТВЕННОЕ БЮДЖЕТНОЕ УЧРЕЖДЕНИЕ ""ВСЕРОССИЙСКИЙ ЦЕНТР ЭКСТРЕННОЙ И РАДИАЦИОННОЙ МЕДИЦИНЫ ИМЕНИ А.М. НИКИФОРОВА"" МИНИСТЕРСТВА РОССИЙСКОЙ ФЕДЕРАЦИИ ПО ДЕЛАМ ГРАЖДАНСКОЙ ОБОРОНЫ, ЧРЕЗВЫЧА";7802065830;780201001;;"ФЕДЕРАЛЬНОЕ ГОСУДАРСТВЕННОЕ БЮДЖЕТНОЕ УЧРЕЖДЕНИЕ ""ВСЕРОССИЙСКИЙ ЦЕНТР ЭКСТРЕННОЙ И РАДИАЦИОННОЙ МЕДИЦИНЫ ИМЕНИ А.М. НИКИФОРОВА"" МИНИСТЕРСТВА РОССИЙСКОЙ ФЕДЕРАЦИИ ПО ДЕЛАМ ГРАЖДАНСКОЙ ОБОРОНЫ, ЧРЕЗВЫЧА";7802065830;780201001;;Санкт-Петербург;1500000.00;21.07.2026;31.07.2026;"Насос центробежный для системы искусственного кровообращения ;; Соответствует запросу “центробежный”";https://www.rts-tender.ru/poisk/id/l0372100029926000490-1/;сомнительно;центробежный;rts-tender.ru/poisk + Search/LoadPage;2026-07-30
0303600017826000011;Капитальный ремонт;44-ФЗ;"МУНИЦИПАЛЬНОЕ БЮДЖЕТНОЕ УЧРЕЖДЕНИЕ ""ДИРЕКЦИЯ РЕКРЕАЦИОННЫХ ЗОН ГОРОДСКОГО ОКРУГА ""ГОРОД КАСПИЙСК""";0500016520;050001001;;"МУНИЦИПАЛЬНОЕ БЮДЖЕТНОЕ УЧРЕЖДЕНИЕ ""ДИРЕКЦИЯ РЕКРЕАЦИОННЫХ ЗОН ГОРОДСКОГО ОКРУГА ""ГОРОД КАСПИЙСК""";0500016520;050001001;;Республика Дагестан;4793868.40;21.07.2026;07.08.2026;"Насосы центробежные подачи жидкостей прочие ;; Соответствует запросу “центробежный”";https://www.rts-tender.ru/poisk/id/l0303600017826000011-1/;да;центробежный;rts-tender.ru/poisk + Search/LoadPage;2026-07-30
32616223080;Поставка насосных агрегатов в сборе с электродвигателями для нужд ООО «Нижновтеплоэнерго»;223-ФЗ;"ОБЩЕСТВО С ОГРАНИЧЕННОЙ ОТВЕТСТВЕННОСТЬЮ ""НИЖНОВТЕПЛОЭНЕРГО""";5257079570;526001001;;"ОБЩЕСТВО С ОГРАНИЧЕННОЙ ОТВЕТСТВЕННОСТЬЮ ""НИЖНОВТЕПЛОЭНЕРГО""";5257079570;526001001;;Нижегородская область;1427649.00;21.07.2026;04.08.2026;"Насосы центробежные подачи жидкостей прочие ;; Соответствует запросу “центробежный”";https://www.rts-tender.ru/poisk/id/l32616223080-1/;да;центробежный;rts-tender.ru/poisk + Search/LoadPage;2026-07-30
0803300226126000004;Комплекс мероприятий по вводу в эксплуатацию скважин в поселке Мамедкала Дербентского района и доведению системы водоснабжения до нормативного состояния.;44-ФЗ;"МУНИЦИПАЛЬНОЕ КАЗЕННОЕ УЧРЕЖДЕНИЕ ""ОТДЕЛ МУНИЦИПАЛЬНЫХ ЗАКУПОК ДЕРБЕНТСКОГО РАЙОНА""";0542000890;054201001;;"МУНИЦИПАЛЬНОЕ БЮДЖЕТНОЕ УЧРЕЖДЕНИЕ ""РАЙСЕРВИС"" АДМИНИСТРАЦИИ МУНИЦИПАЛЬНОГО РАЙОНА ""ДЕРБЕНТСКИЙ РАЙОН""";0512012190;051201001;;Республика Дагестан;61992850.00;21.07.2026;06.08.2026;"Насос химический центробежный ;; Соответствует запросу “центробежный”";https://www.rts-tender.ru/poisk/id/l0803300226126000004-1/;да;центробежный;rts-tender.ru/poisk + Search/LoadPage;2026-07-30
32616222028;Поставка насосных агрегатов для обеспечения нужд филиала ГУП СК «Ставрополькрайводоканал» - «Центральный»;223-ФЗ;"ГОСУДАРСТВЕННОЕ УНИТАРНОЕ ПРЕДПРИЯТИЕ СТАВРОПОЛЬСКОГО КРАЯ ""СТАВРОПОЛЬКРАЙВОДОКАНАЛ""";2635040105;263501001;;"ГОСУДАРСТВЕННОЕ УНИТАРНОЕ ПРЕДПРИЯТИЕ СТАВРОПОЛЬСКОГО КРАЯ ""СТАВРОПОЛЬКРАЙВОДОКАНАЛ""";2635040105;263501001;;Ставропольский край;2769950.99;21.07.2026;31.07.2026;"Насосы центробежные подачи жидкостей прочие ;; Насосы центробежные подачи жидкостей прочие";https://www.rts-tender.ru/poisk/id/l32616222028-1/;да;центробежный;rts-tender.ru/poisk + Search/LoadPage;2026-07-30
32616221935;Поставка насосов наружных для перекачивания бытовых и промышленных загрязненных жидкостей;223-ФЗ;"ОБЩЕСТВО С ОГРАНИЧЕННОЙ ОТВЕТСТВЕННОСТЬЮ ""АЭРОПОРТ ""НОРИЛЬСК""";2457067174;245701001;;"ОБЩЕСТВО С ОГРАНИЧЕННОЙ ОТВЕТСТВЕННОСТЬЮ ""АЭРОПОРТ ""НОРИЛЬСК""";2457067174;245701001;;Красноярский край;375300.00;21.07.2026;03.08.2026;"Насосы центробежные подачи жидкостей прочие ;; Соответствует запросу “центробежный”";https://www.rts-tender.ru/poisk/id/l32616221935-1/;да;центробежный;rts-tender.ru/poisk + Search/LoadPage;2026-07-30
32616220728;"Аукцион в электронной форме, участниками которого могут быть только субъекты малого и среднего предпринимательства на право заключения договора на поставку насосов-дозаторов и запасных частей к ним для восполнения аварийного запаса АО ""Мосводоканал""";223-ФЗ;"АКЦИОНЕРНОЕ ОБЩЕСТВО ""МОСВОДОКАНАЛ""";7701984274;770101001;;"АКЦИОНЕРНОЕ ОБЩЕСТВО ""МОСВОДОКАНАЛ""";7701984274;770101001;;Москва;49700000.00;20.07.2026;05.08.2026;"Насосы центробежные подачи жидкостей прочие ;; Насосы центробежные подачи жидкостей прочие";https://www.rts-tender.ru/poisk/id/l32616220728-1/;да;центробежный;rts-tender.ru/poisk + Search/LoadPage;2026-07-30
32616220106;Поставка электронасоса КМ 80-65-140Е-ТЗ-У2 или эквивалента для нужд АО «Лесосибирский порт»;223-ФЗ;"АКЦИОНЕРНОЕ ОБЩЕСТВО ""ЛЕСОСИБИРСКИЙ ПОРТ""";2454001175;245401001;;"АКЦИОНЕРНОЕ ОБЩЕСТВО ""ЛЕСОСИБИРСКИЙ ПОРТ""";2454001175;245401001;;Красноярский край;120000.00;20.07.2026;03.08.2026;"Насосы центробежные подачи жидкостей прочие ;; Соответствует запросу “центробежный”";https://www.rts-tender.ru/poisk/id/l32616220106-1/;да;центробежный;rts-tender.ru/poisk + Search/LoadPage;2026-07-30
4530729;Монтаж двух центробежных компрессоров (модель SC1500.250-6) в цехе «Помола» филиала «Сухоложскцемент»;Коммерческие;"ОБЩЕСТВО С ОГРАНИЧЕННОЙ ОТВЕТСТВЕННОСТЬЮ ""СЛК ЦЕМЕНТ""";6633028244;663301001;;"ОБЩЕСТВО С ОГРАНИЧЕННОЙ ОТВЕТСТВЕННОСТЬЮ ""СЛК ЦЕМЕНТ""";6633028244;663301001;;Свердловская область;0.00;20.07.2026;10.08.2026;"Монтаж центробежного компрессора (модель C1500.250-6) в цехе «Помола» филиала «Сухоложскцемент» ;; Монтаж центробежного компрессора (модель C1500.250-6) в цехе «Помола» филиала «Сухоложскцемент»";https://www.rts-tender.ru/poisk/id/l4530729-4-12-1/;да;центробежный;rts-tender.ru/poisk + Search/LoadPage;2026-07-30
4530367;Выполнение строительно-монтажных (СМР) и пуско-наладочных (ПНР) работ центробежного компрессора (№5).;Коммерческие;"Акционерное общество ""Новосибирский стрелочный завод""";5409231687;547301001;;"Акционерное общество ""Новосибирский стрелочный завод""";5409231687;547301001;;Новосибирская область;122000.00;20.07.2026;07.08.2026;"Выполнение строительно-монтажных (СМР) и пуско-наладочных (ПНР) работ центробежного компрессора (№5). ;; Соответствует запросу “центробежный”";https://www.rts-tender.ru/poisk/id/l4530367-4-12-1/;да;центробежный;rts-tender.ru/poisk + Search/LoadPage;2026-07-30
4529885;Ремонт центробежного компрессора марки ЦК-135/8 поз. 2/4 корп. 138 согласно ДВ 2760;Коммерческие;"АКЦИОНЕРНОЕ ОБЩЕСТВО ""ГАЛОПОЛИМЕР ПЕРМЬ""";5908007560;590801001;;"АКЦИОНЕРНОЕ ОБЩЕСТВО ""ГАЛОПОЛИМЕР ПЕРМЬ""";5908007560;590801001;;Пермский край;0.00;20.07.2026;04.08.2026;"Ремонт центробежного компрессора марки ЦК-135/8 поз. 2/4 корп. 138 согласно ДВ 2760 ;; Соответствует запросу “центробежный”";https://www.rts-tender.ru/poisk/id/l4529885-4-12-1/;да;центробежный;rts-tender.ru/poisk + Search/LoadPage;2026-07-30
32616217791;Поставка насосов;223-ФЗ;"АКЦИОНЕРНОЕ ОБЩЕСТВО ""ЭНЕРГОСЕРВИС""";0816008251;081601001;;"АКЦИОНЕРНОЕ ОБЩЕСТВО ""ЭНЕРГОСЕРВИС""";0816008251;081601001;;Республика Калмыкия;4496119.49;19.07.2026;30.07.2026;"Насосы центробежные подачи жидкостей прочие ;; Соответствует запросу “центробежный”";https://www.rts-tender.ru/poisk/id/l32616217791-1/;да;центробежный;rts-tender.ru/poisk + Search/LoadPage;2026-07-30
32616215514;Поставка канализационного насоса;223-ФЗ;"АКЦИОНЕРНОЕ ОБЩЕСТВО ""ВОДОКАНАЛ""";5018134420;501801001;;"АКЦИОНЕРНОЕ ОБЩЕСТВО ""ВОДОКАНАЛ""";5018134420;501801001;;Московская область;16561333.34;17.07.2026;31.07.2026;"Насосы центробежные подачи жидкостей прочие ;; Насосы центробежные подачи жидкостей прочие";https://www.rts-tender.ru/poisk/id/l32616215514-1/;да;центробежный;rts-tender.ru/poisk + Search/LoadPage;2026-07-30
32616211581;"225467_Насос конденсатный для АО ""Томская генерация""";223-ФЗ;"ОБЩЕСТВО С ОГРАНИЧЕННОЙ ОТВЕТСТВЕННОСТЬЮ ""ИНТЕР РАО-ЦЕНТР УПРАВЛЕНИЯ ЗАКУПКАМИ""";7703642903;770401001;;"АКЦИОНЕРНОЕ ОБЩЕСТВО ""ТОМСКАЯ ГЕНЕРАЦИЯ""";7017373959;701701001;;Томская область;7370456.29;16.07.2026;30.07.2026;"Насосы центробежные подачи жидкостей прочие ;; Соответствует запросу “центробежный”";https://www.rts-tender.ru/poisk/id/l32616211581-1/;да;центробежный;rts-tender.ru/poisk + Search/LoadPage;2026-07-30
32616206039;Поставка оборудования насосного;223-ФЗ;"АКЦИОНЕРНОЕ ОБЩЕСТВО ""ОХИНСКАЯ ТЭЦ""";6506000623;650601001;;"АКЦИОНЕРНОЕ ОБЩЕСТВО ""ОХИНСКАЯ ТЭЦ""";6506000623;650601001;;Сахалинская область;3862467.21;15.07.2026;30.07.2026;"Насосы центробежные подачи жидкостей прочие ;; Соответствует запросу “центробежный”";https://www.rts-tender.ru/poisk/id/l32616206039-1/;да;центробежный;rts-tender.ru/poisk + Search/LoadPage;2026-07-30
4513602;Выполнение работ по капитальному ремонту центробежных насосов;Коммерческие;"Общество с ограниченной ответственностью ""НЕФТЯНАЯ КОМПАНИЯ ""НОВЫЙ ПОТОК""";5603042916;546050001;;"Общество с ограниченной ответственностью ""НЕФТЯНАЯ КОМПАНИЯ ""НОВЫЙ ПОТОК""";5603042916;546050001;;Новосибирская область;0.00;10.07.2026;31.07.2026;;https://www.rts-tender.ru/poisk/id/l4513602-4-12-1/;да;центробежный;rts-tender.ru/poisk + Search/LoadPage;2026-07-30
32616194716;Право заключения договора для нужд АО «Усть-СреднеканГЭСстрой» по лоту: «ОКПД2 28.13.14 Поставка, шефмонтаж и шефналадка насосного оборудования в рамках реализации проекта «Строительство 2-ой очереди Нерюнгринской ГРЭС, 1 этап»» (Лот № 0448-КС ДОХ-2026-УСГС);223-ФЗ;"АКЦИОНЕРНОЕ ОБЩЕСТВО ""РУСГИДРО СНАБЖЕНИЕ""";1510012774;246601001;;"АКЦИОНЕРНОЕ ОБЩЕСТВО ""УСТЬ-СРЕДНЕКАНГЭССТРОЙ""";4909095279;272101001;;Хабаровский край;189404632.00;10.07.2026;05.08.2026;"Насосы центробежные подачи жидкостей прочие; насосы прочие ;; Соответствует запросу “центробежный”";https://www.rts-tender.ru/poisk/id/l32616194716-1/;да;центробежный;rts-tender.ru/poisk + Search/LoadPage;2026-07-30
32616193671;Поставка насосов серии Д в 2027 г.;223-ФЗ;"ОБЩЕСТВО С ОГРАНИЧЕННОЙ ОТВЕТСТВЕННОСТЬЮ ""ЭН+ ТОРГОВЫЙ ДОМ""";3808118560;384901001;;"ОБЩЕСТВО С ОГРАНИЧЕННОЙ ОТВЕТСТВЕННОСТЬЮ ""ЭН+ ТОРГОВЫЙ ДОМ""";3808118560;384901001;;Иркутская область;0.00;10.07.2026;04.08.2026;"Насосы центробежные подачи жидкостей прочие; насосы прочие ;; Соответствует запросу “центробежный”";https://www.rts-tender.ru/poisk/id/l32616193671-1/;да;центробежный;rts-tender.ru/poisk + Search/LoadPage;2026-07-30
32616190485;225412_Приобретение агрегата электронасосного для Нижневартовской ГРЭС;223-ФЗ;"ОБЩЕСТВО С ОГРАНИЧЕННОЙ ОТВЕТСТВЕННОСТЬЮ ""ИНТЕР РАО-ЦЕНТР УПРАВЛЕНИЯ ЗАКУПКАМИ""";7703642903;770401001;;"АКЦИОНЕРНОЕ ОБЩЕСТВО ""НИЖНЕВАРТОВСКАЯ ГРЭС""";8620018330;862001001;;Ханты-Мансийский автономный округ Югра;41057766.67;09.07.2026;31.07.2026;"Насосы центробежные подачи жидкостей прочие ;; Соответствует запросу “центробежный”";https://www.rts-tender.ru/poisk/id/l32616190485-1/;да;центробежный;rts-tender.ru/poisk + Search/LoadPage;2026-07-30
32616187156;Поставка агрегатов насосных для ООО «БЭК» Н-ИТЭЦ;223-ФЗ;"ОБЩЕСТВО С ОГРАНИЧЕННОЙ ОТВЕТСТВЕННОСТЬЮ ""ТОРГОВЫЙ ДОМ ""ЕВРОСИБЭНЕРГО""";3808118560;384901001;;"ОБЩЕСТВО С ОГРАНИЧЕННОЙ ОТВЕТСТВЕННОСТЬЮ ""ТОРГОВЫЙ ДОМ ""ЕВРОСИБЭНЕРГО""";3808118560;384901001;;Иркутская область;0.00;08.07.2026;05.08.2026;"Насосы центробежные подачи жидкостей прочие; насосы прочие ;; Соответствует запросу “центробежный”";https://www.rts-tender.ru/poisk/id/l32616187156-1/;да;центробежный;rts-tender.ru/poisk + Search/LoadPage;2026-07-30
0333100006326000011;Выполнение работ по капитальному ремонту бассейна, спортивного и тренажерного залов в нежилом здании (лит. В, В1) филиала ФГБОУ ЦМС Минпросвещения России «МШ «Интердом» имени Е.Д. Стасовой», расположенного по адресу: г. Иваново, ул. Спортивная, д. 21, 1 этап.;44-ФЗ;"ФЕДЕРАЛЬНОЕ ГОСУДАРСТВЕННОЕ БЮДЖЕТНОЕ ОБРАЗОВАТЕЛЬНОЕ УЧРЕЖДЕНИЕ ""ЦЕНТР МЕЖДУНАРОДНОГО СОТРУДНИЧЕСТВА МИНИСТЕРСТВА ПРОСВЕЩЕНИЯ РОССИЙСКОЙ ФЕДЕРАЦИИ""";3702068020;770501001;"Серенко Игорь Александрович; 7-495-9116111-114; ia.serenko@cic-edu.ru";"ФЕДЕРАЛЬНОЕ ГОСУДАРСТВЕННОЕ БЮДЖЕТНОЕ ОБРАЗОВАТЕЛЬНОЕ УЧРЕЖДЕНИЕ ""ЦЕНТР МЕЖДУНАРОДНОГО СОТРУДНИЧЕСТВА МИНИСТЕРСТВА ПРОСВЕЩЕНИЯ РОССИЙСКОЙ ФЕДЕРАЦИИ""";3702068020;770501001;;Москва;59670070.00;28.05.2026;10.08.2026;;https://www.rts-tender.ru/poisk/id/l0333100006326000011-1/;нет;центробежный;rts-tender.ru/poisk + Search/LoadPage;2026-07-30
0373100011126000017;Пуско-наладочные работы (ПНР) оборудования ИТП в части блока системы отопления и узла учёта тепловой энергии на основании Программы ПНР в рамках капитального ремонта;44-ФЗ;"ФЕДЕРАЛЬНОЕ ГОСУДАРСТВЕННОЕ БЮДЖЕТНОЕ УЧРЕЖДЕНИЕ КУЛЬТУРЫ ""РОССИЙСКИЙ ГОСУДАРСТВЕННЫЙ ТЕАТР ""САТИРИКОН"" ИМЕНИ АРКАДИЯ РАЙКИНА""";7717023068;771701001;"Минаков Денис Викторович; 7-495-6003831-327; etorgi@satirikon.ru";"ФЕДЕРАЛЬНОЕ ГОСУДАРСТВЕННОЕ БЮДЖЕТНОЕ УЧРЕЖДЕНИЕ КУЛЬТУРЫ ""РОССИЙСКИЙ ГОСУДАРСТВЕННЫЙ ТЕАТР ""САТИРИКОН"" ИМЕНИ АРКАДИЯ РАЙКИНА""";7717023068;771701001;;Москва;1617502.71;28.05.2026;06.08.2026;;https://www.rts-tender.ru/poisk/id/l0373100011126000017-1/;нет;центробежный;rts-tender.ru/poisk + Search/LoadPage;2026-07-30
0742000000226000002;Выполнение работ, связанных с одновременной корректировкой проектной документации стадии «Рабочая» и выполнением работ по завершению строительства объекта капитального строительства «Реконструкция испытательного стенда №5 полноразмерных испытаний ГТД с созданием модульного комплекса испытательных ст;44-ФЗ;"ПУБЛИЧНОЕ АКЦИОНЕРНОЕ ОБЩЕСТВО ""ОДК-КУЗНЕЦОВ""";6319033379;631901001;;"ПУБЛИЧНОЕ АКЦИОНЕРНОЕ ОБЩЕСТВО ""ОДК-КУЗНЕЦОВ""";6319033379;631901001;;Самарская область;1505015044.27;05.05.2026;11.08.2026;"Насос пожарный центробежный ;; Соответствует запросу “центробежный”";https://www.rts-tender.ru/poisk/id/l0742000000226000002-1/;да;центробежный;rts-tender.ru/poisk + Search/LoadPage;2026-07-30
32615973619;Лот №92_26 «Выполнение работ по ремонту покрытий 4, 5 и 6 причалов (инв. №85350, инв. №20119) и ремонту колодца водораспределительной сети (инв. №00-008789)»;223-ФЗ;"ПУБЛИЧНОЕ АКЦИОНЕРНОЕ ОБЩЕСТВО ""ВЛАДИВОСТОКСКИЙ МОРСКОЙ ТОРГОВЫЙ ПОРТ""";2504000204;254001001;"Красавина Екатерина Михайловна; +78002344499 доб. 33742; tender@fesco.com";"ПУБЛИЧНОЕ АКЦИОНЕРНОЕ ОБЩЕСТВО ""ВЛАДИВОСТОКСКИЙ МОРСКОЙ ТОРГОВЫЙ ПОРТ""";2504000204;254001001;"+78002344499 доб. 33742; tender@fesco.com";Приморский край;8674105.80;04.05.2026;06.08.2026;;https://www.rts-tender.ru/poisk/id/l32615973619-1/;нет;центробежный;rts-tender.ru/poisk + Search/LoadPage;2026-07-30
060050000022600402;Электронный аукцион 801.КР.2025 на право заключения договора на оказание услуг и (или) выполнение работ по капитальному ремонту общего имущества многоквартирных домов, включенных в краткосрочный (2023-2025гг. этап 2025г.) план реализации региональной программы «Проведение капитального ремонта общего;615-ППРФ;РЕГИОНАЛЬНЫЙ ФОНД КАПИТАЛЬНОГО РЕМОНТА МНОГОКВАРТИРНЫХ ДОМОВ БРЯНСКОЙ ОБЛАСТИ;3257008078;325701001;"Иванов Павел Игоревич; 7-4832-327235-205; ; fkr32@bk.ru";РЕГИОНАЛЬНЫЙ ФОНД КАПИТАЛЬНОГО РЕМОНТА МНОГОКВАРТИРНЫХ ДОМОВ БРЯНСКОЙ ОБЛАСТИ;3257008078;325701001;"7-4832-327235-205; fkr32@bk.ru";Брянская область;537240.00;21.04.2026;03.08.2026;;https://www.rts-tender.ru/poisk/id/l060050000022600402-1/;нет;центробежный;rts-tender.ru/poisk + Search/LoadPage;2026-07-30
32616247308;Конкурс в электронной форме, на право заключения договора по лоту: ОКПД2 24.20.23 Поставка стальных труб в рамках реализации проекта «Реконструкция энергетического производственно-технологического комплекса Владивостокской ТЭЦ-2 с заменой турбоагрегатов ст. №№1, 2, 3 и установкой 3-х котлоагрегатов;223-ФЗ;"АКЦИОНЕРНОЕ ОБЩЕСТВО ""РУСГИДРО СНАБЖЕНИЕ""";1510012774;246601001;;"АКЦИОНЕРНОЕ ОБЩЕСТВО ""УСТЬ-СРЕДНЕКАНГЭССТРОЙ""";4909095279;272101001;;Хабаровский край;110937376.24;29.07.2026;14.08.2026;;https://www.rts-tender.ru/poisk/id/l32616247308-1/;да;турбоагрегат;rts-tender.ru/poisk + Search/LoadPage;2026-07-30
32616244208;КО №3560/КО - Работы подготовительного периода в рамках технического перевооружения турбоагрегата ст.№2 (D26NP00967);223-ФЗ;"ОБЩЕСТВО С ОГРАНИЧЕННОЙ ОТВЕТСТВЕННОСТЬЮ ""ГЭХ ЗАКУПКИ""";7733667750;781001001;;"ПУБЛИЧНОЕ АКЦИОНЕРНОЕ ОБЩЕСТВО ""ТЕРРИТОРИАЛЬНАЯ ГЕНЕРИРУЮЩАЯ КОМПАНИЯ №1""";7841312071;781301001;;Санкт-Петербург;99950000.00;28.07.2026;05.08.2026;;https://www.rts-tender.ru/poisk/id/l32616244208-1/;да;турбоагрегат;rts-tender.ru/poisk + Search/LoadPage;2026-07-30
57300;Выполнение работ по ремонту рабочих колодок турбоагрегата ст. №7 ПП «Ефремовская ТЭЦ», с восстановлением баббитовой поверхности, для нужд филиала АО «РИР Энерго» - «Орловская генерация» Лот № 1. Выполнение работ по ремонту рабочих колодок турбоагрегата ст. №7 ПП «Ефремовская ТЭЦ», с восстановлением;Коммерческие;"АКЦИОНЕРНОЕ ОБЩЕСТВО ""КВАДРА-ГЕНЕРИРУЮЩАЯ КОМПАНИЯ""";6829012680;770601001;;"АКЦИОНЕРНОЕ ОБЩЕСТВО ""КВАДРА-ГЕНЕРИРУЮЩАЯ КОМПАНИЯ""";6829012680;770601001;;Москва;0.00;28.07.2026;31.07.2026;;https://www.rts-tender.ru/poisk/id/l57300-4-12-1/;да;турбоагрегат;rts-tender.ru/poisk + Search/LoadPage;2026-07-30
32616241142;ОКПД2 23.64.10.110 Поставка ремонтных смесей в рамках реализации проекта «Реконструкция энергетического производственно-технологического комплекса Владивостокской ТЭЦ-2 с заменой турбоагрегатов ст. №№1, 2, 3 и установкой 3-х котлоагрегатов по 540 т/ч каждый» Этап Реконструкции №3. (Лот № 0603-КС ДОХ;223-ФЗ;"АКЦИОНЕРНОЕ ОБЩЕСТВО ""УСТЬ-СРЕДНЕКАНГЭССТРОЙ""";4909095279;272101001;;"АКЦИОНЕРНОЕ ОБЩЕСТВО ""УСТЬ-СРЕДНЕКАНГЭССТРОЙ""";4909095279;272101001;;Хабаровский край;18950745.00;28.07.2026;05.08.2026;;https://www.rts-tender.ru/poisk/id/l32616241142-1/;да;турбоагрегат;rts-tender.ru/poisk + Search/LoadPage;2026-07-30
32616238116;Право заключения договора на ОКПД2 26.51.66.131 Поставка виброизмерительного оборудования в рамках реализации проекта «Реконструкция энергетического производственно-технологического комплекса Владивостокской ТЭЦ-2 с заменой турбоагрегатов ст. №№1, 2, 3 и установкой 3-х котлоагрегатов по 540 т/ч кажд;223-ФЗ;"АКЦИОНЕРНОЕ ОБЩЕСТВО ""УСТЬ-СРЕДНЕКАНГЭССТРОЙ""";4909095279;272101001;;"АКЦИОНЕРНОЕ ОБЩЕСТВО ""УСТЬ-СРЕДНЕКАНГЭССТРОЙ""";4909095279;272101001;;Хабаровский край;1800000.00;27.07.2026;05.08.2026;;https://www.rts-tender.ru/poisk/id/l32616238116-1/;да;турбоагрегат;rts-tender.ru/poisk + Search/LoadPage;2026-07-30
32616236137;"225558/ОК Комплекты рабочих лопаток РВД турбоагрегата Р-60-130-1 ст.№13 ТЦ СП ""ТЭЦ-3"" для АО ""ТГК-11""";223-ФЗ;"ОБЩЕСТВО С ОГРАНИЧЕННОЙ ОТВЕТСТВЕННОСТЬЮ ""ИНТЕР РАО-ЦЕНТР УПРАВЛЕНИЯ ЗАКУПКАМИ""";7703642903;770401001;;"АКЦИОНЕРНОЕ ОБЩЕСТВО ""ТЕРРИТОРИАЛЬНАЯ ГЕНЕРИРУЮЩАЯ КОМПАНИЯ №11""";5406323202;550301001;;Омская область;23277650.00;24.07.2026;10.08.2026;;https://www.rts-tender.ru/poisk/id/l32616236137-1/;да;турбоагрегат;rts-tender.ru/poisk + Search/LoadPage;2026-07-30
32616233122;Право заключения договора на ОКПД 2 23.91.11 Поставка расходных материалов в г. Владивосток, в рамках реализации проекта «Реконструкция энергетического производственно-технологического комплекса Владивостокской ТЭЦ-2 с заменой турбоагрегатов ст. №№ 1, 2, 3 и установкой 3 котлоагрегатов по 540 т/ч ка;223-ФЗ;"АКЦИОНЕРНОЕ ОБЩЕСТВО ""УСТЬ-СРЕДНЕКАНГЭССТРОЙ""";4909095279;272101001;;"АКЦИОНЕРНОЕ ОБЩЕСТВО ""УСТЬ-СРЕДНЕКАНГЭССТРОЙ""";4909095279;272101001;;Хабаровский край;29085160.48;24.07.2026;03.08.2026;;https://www.rts-tender.ru/poisk/id/l32616233122-1/;да;турбоагрегат;rts-tender.ru/poisk + Search/LoadPage;2026-07-30
32616229994;225458 Ремонт турбоагрегатов ст. №№ 1,2,3 для Харанорской ГРЭС;223-ФЗ;"ОБЩЕСТВО С ОГРАНИЧЕННОЙ ОТВЕТСТВЕННОСТЬЮ ""ИНТЕР РАО-ЦЕНТР УПРАВЛЕНИЯ ЗАКУПКАМИ""";7703642903;770401001;;"АКЦИОНЕРНОЕ ОБЩЕСТВО ""ИНТЕР РАО-ЭЛЕКТРОГЕНЕРАЦИЯ""";7704784450;770401001;;Москва;75218166.76;23.07.2026;04.08.2026;;https://www.rts-tender.ru/poisk/id/l32616229994-1/;да;турбоагрегат;rts-tender.ru/poisk + Search/LoadPage;2026-07-30
32616225128;Право заключения договора на ОКПД2 25.73.30 Поставка вспомогательного ручного инструмента в г. Владивосток, в рамках реализации проекта «Реконструкция энергетического производственно-технологического комплекса Владивостокской ТЭЦ-2 с заменой турбоагрегатов ст. №№ 1, 2, 3 и установкой 3 котлоагрегато;223-ФЗ;"АКЦИОНЕРНОЕ ОБЩЕСТВО ""УСТЬ-СРЕДНЕКАНГЭССТРОЙ""";4909095279;272101001;;"АКЦИОНЕРНОЕ ОБЩЕСТВО ""УСТЬ-СРЕДНЕКАНГЭССТРОЙ""";4909095279;272101001;;Хабаровский край;16531354.40;22.07.2026;03.08.2026;;https://www.rts-tender.ru/poisk/id/l32616225128-1/;да;турбоагрегат;rts-tender.ru/poisk + Search/LoadPage;2026-07-30
32616219666;Схема выдачи мощности Иркутской ТЭЦ-6 с учетом увеличения мощности турбоагрегата № 3;223-ФЗ;"АКЦИОНЕРНОЕ ОБЩЕСТВО ""СБЕРБАНК-АВТОМАТИЗИРОВАННАЯ СИСТЕМА ТОРГОВ""";7707308480;770401001;;"ОБЩЕСТВО С ОГРАНИЧЕННОЙ ОТВЕТСТВЕННОСТЬЮ ""БАЙКАЛЬСКАЯ ЭНЕРГЕТИЧЕСКАЯ КОМПАНИЯ""";3808229774;380801001;;Иркутская область;1958712.00;20.07.2026;05.08.2026;;https://www.rts-tender.ru/poisk/id/l32616219666-1/;да;турбоагрегат;rts-tender.ru/poisk + Search/LoadPage;2026-07-30
32616218058;Оказание услуг по размагничиванию оборудования с определением остаточной намагниченности и разработкой необходимых мероприятий по снижению намагниченности и предотвращению электроэрозионных повреждений узлов при дальнейшей эксплуатации турбоагрегата ст. №7 ТЭЦ-9 г. Ангарск;223-ФЗ;"ОБЩЕСТВО С ОГРАНИЧЕННОЙ ОТВЕТСТВЕННОСТЬЮ ""БАЙКАЛЬСКАЯ ЭНЕРГЕТИЧЕСКАЯ КОМПАНИЯ""";3808229774;380801001;;"ОБЩЕСТВО С ОГРАНИЧЕННОЙ ОТВЕТСТВЕННОСТЬЮ ""БАЙКАЛЬСКАЯ ЭНЕРГЕТИЧЕСКАЯ КОМПАНИЯ""";3808229774;380801001;;Иркутская область;950400.00;20.07.2026;03.08.2026;;https://www.rts-tender.ru/poisk/id/l32616218058-1/;да;турбоагрегат;rts-tender.ru/poisk + Search/LoadPage;2026-07-30
32616194607;ОКПД2 45.20.21 Оказание услуг по техническому обслуживанию и ремонту грузовых автомобилей (включая поставку комплектующих) в рамках реализации проекта «Реконструкция энергетического производственно-технологического комплекса Владивостокской ТЭЦ-2 с заменой турбоагрегатов ст. №№1, 2, 3 и установкой 3;223-ФЗ;"АКЦИОНЕРНОЕ ОБЩЕСТВО ""УСТЬ-СРЕДНЕКАНГЭССТРОЙ""";4909095279;272101001;;"АКЦИОНЕРНОЕ ОБЩЕСТВО ""УСТЬ-СРЕДНЕКАНГЭССТРОЙ""";4909095279;272101001;;Хабаровский край;20355060.00;10.07.2026;05.08.2026;;https://www.rts-tender.ru/poisk/id/l32616194607-1/;сомнительно;турбоагрегат;rts-tender.ru/poisk + Search/LoadPage;2026-07-30
32616169691;225321/ОКП Поставка модернизированного облопаченного ротора турбоагрегата ПТ-30-90/10 для Уфимской ТЭЦ-3 филиал ООО «БГК»,;223-ФЗ;"ОБЩЕСТВО С ОГРАНИЧЕННОЙ ОТВЕТСТВЕННОСТЬЮ ""ИНТЕР РАО-ЦЕНТР УПРАВЛЕНИЯ ЗАКУПКАМИ""";7703642903;770401001;;"ОБЩЕСТВО С ОГРАНИЧЕННОЙ ОТВЕТСТВЕННОСТЬЮ ""БАШКИРСКАЯ ГЕНЕРИРУЮЩАЯ КОМПАНИЯ""";0277077282;027801001;;Республика Башкортостан;405726461.30;01.07.2026;03.08.2026;;https://www.rts-tender.ru/poisk/id/l32616169691-1/;да;турбоагрегат;rts-tender.ru/poisk + Search/LoadPage;2026-07-30
32414088513;Право заключения договора на оказание услуг по проведению комплексного анализа с оценкой прочности, устойчивости и эксплуатационной надежности гидротехнических сооружений Широковской ГЭС для нужд Филиала «Пермский» ПАО «Т Плюс» (Березниковская ТЭЦ-2) (212/25);223-ФЗ;"Филиал ""Пермский"" Публичного акционерного общества «Т Плюс»";6315376946;590443003;;"Филиал ""Пермский"" Публичного акционерного общества «Т Плюс»";6315376946;590443003;;Пермский край;10800000.00;16.10.2024;02.11.2024;;https://www.rts-tender.ru/poisk/id/l32414088513-1/;нет;турбоагрегат;rts-tender.ru/poisk + Search/LoadPage;2026-07-30
0321300018326000380;Поставка запасных частей к оборудованию, имеющемуся у Заказчика;44-ФЗ;"ГОСУДАРСТВЕННОЕ БЮДЖЕТНОЕ УЧРЕЖДЕНИЕ ЗДРАВООХРАНЕНИЯ СТАВРОПОЛЬСКОГО КРАЯ ""ЕССЕНТУКСКАЯ ГОРОДСКАЯ КЛИНИЧЕСКАЯ БОЛЬНИЦА""";2626030380;262601001;;"ГОСУДАРСТВЕННОЕ БЮДЖЕТНОЕ УЧРЕЖДЕНИЕ ЗДРАВООХРАНЕНИЯ СТАВРОПОЛЬСКОГО КРАЯ ""ЕССЕНТУКСКАЯ ГОРОДСКАЯ КЛИНИЧЕСКАЯ БОЛЬНИЦА""";2626030380;262601001;;Ставропольский край;62941.68;29.07.2026;05.08.2026;"Нагнетатель ручной для измерителя артериального давления ;; Соответствует запросу “нагнетатель”";https://www.rts-tender.ru/poisk/id/l0321300018326000380-1/;сомнительно;нагнетатель;rts-tender.ru/poisk + Search/LoadPage;2026-07-30
0119200000126013432;ЭА-№-13158/26 «Поставка запасных частей в 2026г. для краевого государственного бюджетного учреждения «СанАвтоТранс»»;44-ФЗ;АГЕНТСТВО ГОСУДАРСТВЕННОГО ЗАКАЗА КРАСНОЯРСКОГО КРАЯ;2460071692;246601001;;"КРАЕВОЕ ГОСУДАРСТВЕННОЕ БЮДЖЕТНОЕ УЧРЕЖДЕНИЕ ""САНАВТОТРАНС""";2451000952;246301001;;Красноярский край;5000000.00;29.07.2026;06.08.2026;"Нагнетатель воздуха Планар 44Д для Планар 44Д (12В) сб. 5789 ;; Нагнетатель воздуха Планар 44Б для Планар 44Б (12В) сб.1911";https://www.rts-tender.ru/poisk/id/l0119200000126013432-1/;да;нагнетатель;rts-tender.ru/poisk + Search/LoadPage;2026-07-30
0124200000626005222;Поставка запасных частей для тонометров (нагнетатели);44-ФЗ;КОНТРАКТНОЕ АГЕНТСТВО АРХАНГЕЛЬСКОЙ ОБЛАСТИ;2901186555;290101001;;"ГОСУДАРСТВЕННОЕ БЮДЖЕТНОЕ УЧРЕЖДЕНИЕ ЗДРАВООХРАНЕНИЯ АРХАНГЕЛЬСКОЙ ОБЛАСТИ ""КОРЯЖЕМСКАЯ ГОРОДСКАЯ БОЛЬНИЦА""";2905011820;290501001;;Архангельская область;23326.80;28.07.2026;06.08.2026;"Нагнетатель (груша) для тонометра ;; Нагнетатель (груша) для тонометра";https://www.rts-tender.ru/poisk/id/l0124200000626005222-1/;сомнительно;нагнетатель;rts-tender.ru/poisk + Search/LoadPage;2026-07-30
32616244490;Поставка товаров для нужд мотопарка Азово-Черноморского филиала ФГБУ «Морспасслужба»;223-ФЗ;"АЗОВО-ЧЕРНОМОРСКИЙ ФИЛИАЛ ФГБУ ""МОРСПАССЛУЖБА""";7707274249;231543001;;"АЗОВО-ЧЕРНОМОРСКИЙ ФИЛИАЛ ФГБУ ""МОРСПАССЛУЖБА""";7707274249;231543001;"+7(8617)602920; zakupki.azh@morspas.ru";Краснодарский край;1553482.00;28.07.2026;05.08.2026;"Нагнетатель смазки ;; Нагнетатель смазки";https://www.rts-tender.ru/poisk/id/l32616244490-1/;да;нагнетатель;rts-tender.ru/poisk + Search/LoadPage;2026-07-30
0128200000126004335;"Поставка запасных частей к аппаратам для измерения артериального давления для нужд государственного бюджетного учреждения здравоохранения Владимирской области ""Центральная районная больница №1""";44-ФЗ;МИНИСТЕРСТВО ИМУЩЕСТВЕННЫХ И ЗЕМЕЛЬНЫХ ОТНОШЕНИЙ ВЛАДИМИРСКОЙ ОБЛАСТИ;3329013633;332901001;;"ГОСУДАРСТВЕННОЕ БЮДЖЕТНОЕ УЧРЕЖДЕНИЕ ЗДРАВООХРАНЕНИЯ ВЛАДИМИРСКОЙ ОБЛАСТИ ""ЦЕНТРАЛЬНАЯ РАЙОННАЯ БОЛЬНИЦА №1""";3304020491;330401001;;Владимирская область;23040.00;24.07.2026;05.08.2026;"Нагнетатель пневматический ;; Соответствует запросу “нагнетатель”";https://www.rts-tender.ru/poisk/id/l0128200000126004335-1/;сомнительно;нагнетатель;rts-tender.ru/poisk + Search/LoadPage;2026-07-30
0301100021426000054;"Поставка запасных частей для судна на воздушной подушке проекта А8 ""Хивус-10"" для нужд ФГКУ ""Приволжский региональный поисково-спасательный отряд МСЧ России""";44-ФЗ;"ФЕДЕРАЛЬНОЕ ГОСУДАРСТВЕННОЕ КАЗЕННОЕ УЧРЕЖДЕНИЕ ""ПРИВОЛЖСКИЙ РЕГИОНАЛЬНЫЙ ПОИСКОВО-СПАСАТЕЛЬНЫЙ ОТРЯД МЧС РОССИИ""";0276020830;524601001;;"ФЕДЕРАЛЬНОЕ ГОСУДАРСТВЕННОЕ КАЗЕННОЕ УЧРЕЖДЕНИЕ ""ПРИВОЛЖСКИЙ РЕГИОНАЛЬНЫЙ ПОИСКОВО-СПАСАТЕЛЬНЫЙ ОТРЯД МЧС РОССИИ""";0276020830;524601001;;Нижегородская область;980200.00;24.07.2026;03.08.2026;"Редуктор РКПН (рабочего колеса подъемного нагнетателя) в сборе ;; Соответствует запросу “нагнетатель”";https://www.rts-tender.ru/poisk/id/l0301100021426000054-1/;да;нагнетатель;rts-tender.ru/poisk + Search/LoadPage;2026-07-30
0372100027326000382;Поставка материалов и инструмента для нужд ГТС. Закупка 5;44-ФЗ;"ФЕДЕРАЛЬНОЕ БЮДЖЕТНОЕ УЧРЕЖДЕНИЕ ""АДМИНИСТРАЦИЯ ВОЛГО-БАЛТИЙСКОГО БАССЕЙНА ВНУТРЕННИХ ВОДНЫХ ПУТЕЙ""";7812024833;784201001;;"ФЕДЕРАЛЬНОЕ БЮДЖЕТНОЕ УЧРЕЖДЕНИЕ ""АДМИНИСТРАЦИЯ ВОЛГО-БАЛТИЙСКОГО БАССЕЙНА ВНУТРЕННИХ ВОДНЫХ ПУТЕЙ""";7812024833;784201001;;Санкт-Петербург;2216561.00;24.07.2026;03.08.2026;"Нагнетатель для масла ручной пневматический, объем бака 5л ;; Соответствует запросу “нагнетатель”";https://www.rts-tender.ru/poisk/id/l0372100027326000382-1/;да;нагнетатель;rts-tender.ru/poisk + Search/LoadPage;2026-07-30
2000600005226000007;Оборудование для гаража;44-ФЗ;"МУНИЦИПАЛЬНОЕ КАЗЕННОЕ УЧРЕЖДЕНИЕ ""ЦЕНТР ДОРОЖНОГО СТРОИТЕЛЬСТВА И БЛАГОУСТРОЙСТВА ВИЛЛОЗСКОГО ГОРОДCКОГО ПОСЕЛЕНИЯ""";4707063387;470701001;;"МУНИЦИПАЛЬНОЕ КАЗЕННОЕ УЧРЕЖДЕНИЕ ""ЦЕНТР ДОРОЖНОГО СТРОИТЕЛЬСТВА И БЛАГОУСТРОЙСТВА ВИЛЛОЗСКОГО ГОРОДCКОГО ПОСЕЛЕНИЯ""";4707063387;470701001;;Ленинградская область;248096.96;23.07.2026;31.07.2026;"Нагнетатель смазки пневматический ;; Соответствует запросу “нагнетатель”";https://www.rts-tender.ru/poisk/id/l2000600005226000007-1/;да;нагнетатель;rts-tender.ru/poisk + Search/LoadPage;2026-07-30
0813500000126014328;зз-0014-31540 - 2026 Медицинские изделия: принадлежности к ректоскопу;44-ФЗ;"ГОСУДАРСТВЕННОЕ КАЗЕННОЕ УЧРЕЖДЕНИЕ УДМУРТСКОЙ РЕСПУБЛИКИ ""РЕГИОНАЛЬНЫЙ ЦЕНТР ЗАКУПОК УДМУРТСКОЙ РЕСПУБЛИКИ""";1841075736;184101001;;"БЮДЖЕТНОЕ УЧРЕЖДЕНИЕ ЗДРАВООХРАНЕНИЯ УДМУРТСКОЙ РЕСПУБЛИКИ ""ПЕРВАЯ РЕСПУБЛИКАНСКАЯ КЛИНИЧЕСКАЯ БОЛЬНИЦА МИНИСТЕРСТВА ЗДРАВООХРАНЕНИЯ УДМУРТСКОЙ РЕСПУБЛИКИ""";1833002854;184001001;;Удмуртская Республика;104300.00;23.07.2026;31.07.2026;"Нагнетатель ;; Соответствует запросу “нагнетатель”";https://www.rts-tender.ru/poisk/id/l0813500000126014328-1/;сомнительно;нагнетатель;rts-tender.ru/poisk + Search/LoadPage;2026-07-30
0328300032826000545;Поставка запасных частей и комплектующих для автомобилей на шасси КАМАЗ;44-ФЗ;УПРАВЛЕНИЕ МУНИЦИПАЛЬНОГО ЗАКАЗА АДМИНИСТРАЦИИ ГОРОДА ВЛАДИМИРА;3328461618;332801001;;"МУНИЦИПАЛЬНОЕ КАЗЕННОЕ УЧРЕЖДЕНИЕ ""ЦЕНТР УПРАВЛЕНИЯ ГОРОДСКИМИ ДОРОГАМИ""";3328477135;332801001;;Владимирская область;750000.00;22.07.2026;31.07.2026;"Электродвигатель нагнетателя воздуха ПЖД ;; Соответствует запросу “нагнетатель”";https://www.rts-tender.ru/poisk/id/l0328300032826000545-1/;сомнительно;нагнетатель;rts-tender.ru/poisk + Search/LoadPage;2026-07-30
10538038;"На поставку запасных частей для концентратора АВС-60МБ для нужд ГАУЗ ""ООКБ №2""";Закупки малого объема;"ГАУЗ ""ООКБ № 2""";5611087244;561001001;;"ГАУЗ ""ООКБ № 2""";5611087244;561001001;Информация скрыта. Подробнее;Оренбургская область;330486.50;30.07.2026;30.07.2026;"Масло компрессорное ;; Соответствует запросу “компрессорная”";https://www.rts-tender.ru/poisk/id/l15033312-3-9-1/;нет;компрессорная;rts-tender.ru/poisk + Search/LoadPage;2026-07-30
4543408;гсм лур;Коммерческие;"ОБЩЕСТВО С ОГРАНИЧЕННОЙ ОТВЕТСТВЕННОСТЬЮ ""АИМ МЕНЕДЖМЕНТ""";9725042029;772501001;;"Акционерное общество ""ЛУЧЕГОРСКИЙ УГОЛЬНЫЙ РАЗРЕЗ""";2526006224;252601001;;Приморский край;0.00;30.07.2026;03.08.2026;"МАСЛО КОМПРЕССОРНОЕ КС-19П ;; Соответствует запросу “компрессорная”";https://www.rts-tender.ru/poisk/id/l4543408-4-12-1/;нет;компрессорная;rts-tender.ru/poisk + Search/LoadPage;2026-07-30
0315100000526000453;Выполнение работ по ремонту электронного и оптического оборудования (ремонт компрессорной станции сжатого воздуха HOSPITAIR G MVC19);44-ФЗ;"ФЕДЕРАЛЬНОЕ ГОСУДАРСТВЕННОЕ БЮДЖЕТНОЕ УЧРЕЖДЕНИЕ ""ФЕДЕРАЛЬНЫЙ ЦЕНТР ТРАВМАТОЛОГИИ, ОРТОПЕДИИ И ЭНДОПРОТЕЗИРОВАНИЯ"" МИНИСТЕРСТВА ЗДРАВООХРАНЕНИЯ РОССИЙСКОЙ ФЕДЕРАЦИИ (Г. ЧЕБОКСАРЫ)";2130037189;213001001;;"ФЕДЕРАЛЬНОЕ ГОСУДАРСТВЕННОЕ БЮДЖЕТНОЕ УЧРЕЖДЕНИЕ ""ФЕДЕРАЛЬНЫЙ ЦЕНТР ТРАВМАТОЛОГИИ, ОРТОПЕДИИ И ЭНДОПРОТЕЗИРОВАНИЯ"" МИНИСТЕРСТВА ЗДРАВООХРАНЕНИЯ РОССИЙСКОЙ ФЕДЕРАЦИИ (Г. ЧЕБОКСАРЫ)";2130037189;213001001;;Чувашская Республика;273000.00;29.07.2026;06.08.2026;"Ремонт компрессорной станции сжатого воздуха HOSPITAIR G MVC19 ;; Соответствует запросу “компрессорная”";https://www.rts-tender.ru/poisk/id/l0315100000526000453-1/;нет;компрессорная;rts-tender.ru/poisk + Search/LoadPage;2026-07-30
3982976;Извещение о проведении сбора коммерческих предложений на поставку компрессорного масла для проведения технического обслуживания и текущего ремонта устройств пневматической очистки стрелочных переводов и компрессорного оборудования Северной дирекции.;Коммерческие;"ОБЩЕСТВО С ОГРАНИЧЕННОЙ ОТВЕТСТВЕННОСТЬЮ ""РТК""";7707702649;770801001;;"ОБЩЕСТВО С ОГРАНИЧЕННОЙ ОТВЕТСТВЕННОСТЬЮ ""РТК""";7707702649;770801001;"+79670549277 доб. 1211; n.anosova@rtk-rzd.ru";Москва;0.00;29.07.2026;06.08.2026;"Извещение о проведении сбора коммерческих предложений на поставку компрессорного масла для проведения технического обслуживания и текущего ремонта устройств пневматической очистки стрелочных переводов и компрессорного об ;; Извещение о проведении сбора коммерческих предложений на поставку компрессорного масла для проведения технического обслуживания и текущего ремонта устройств пневматической очистки стрелочных переводов и компрессорного об";https://www.rts-tender.ru/poisk/id/l6000005-4-2-1/;нет;компрессорная;rts-tender.ru/poisk + Search/LoadPage;2026-07-30
3982955;Извещение о проведении сбора коммерческих предложений на комплектующих и запасных частей для компрессорных установок для нужд общества с ограниченной ответственностью «РТК».;Коммерческие;"ОБЩЕСТВО С ОГРАНИЧЕННОЙ ОТВЕТСТВЕННОСТЬЮ ""РТК""";7707702649;770801001;;"ОБЩЕСТВО С ОГРАНИЧЕННОЙ ОТВЕТСТВЕННОСТЬЮ ""РТК""";7707702649;770801001;"+79670549277 доб. 1181; o.puzycheva@rtk-rzd.ru";Москва;0.00;29.07.2026;05.08.2026;"Извещение о проведении сбора коммерческих предложений на комплектующих и запасных частей для компрессорных установок для нужд общества с ограниченной ответственностью «РТК». ;; Соответствует запросу “компрессорная”";https://www.rts-tender.ru/poisk/id/l5999984-4-2-1/;нет;компрессорная;rts-tender.ru/poisk + Search/LoadPage;2026-07-30
0145200000426001166;Выполнение комплекса услуг по обеспечению работоспособности и безопасной эксплуатации медицинской техники (далее «МТ») в 2026-2027 году;44-ФЗ;КОМИТЕТ ГОСУДАРСТВЕННОГО ЗАКАЗА ЛЕНИНГРАДСКОЙ ОБЛАСТИ;7842434812;784201001;;"ГОСУДАРСТВЕННОЕ БЮДЖЕТНОЕ УЧРЕЖДЕНИЕ ЗДРАВООХРАНЕНИЯ ЛЕНИНГРАДСКОЙ ОБЛАСТИ ""ТОСНЕНСКАЯ КЛИНИЧЕСКАЯ МЕЖРАЙОННАЯ БОЛЬНИЦА""";4716001838;471601001;;Ленинградская область;9999996.88;29.07.2026;06.08.2026;"1.42. Техническое обслуживание МИ: Небулайзер компрессорный (Марка: Sensitec NB-102, Заводской № (Инв. №): 14070484) ;; Соответствует запросу “компрессорная”";https://www.rts-tender.ru/poisk/id/l0145200000426001166-1/;нет;компрессорная;rts-tender.ru/poisk + Search/LoadPage;2026-07-30
32616246318;Поставка горюче-смазочных материалов для оборудования цеха сортировки ПУ Энгельс;223-ФЗ;"САРАТОВСКИЙ ФИЛИАЛ АО ""СИТИМАТИК""";7725727149;645043001;;"АКЦИОНЕРНОЕ ОБЩЕСТВО ""СИТИМАТИК""";7725727149;771001001;;Москва;1327510.00;29.07.2026;06.08.2026;"Масла компрессорные ;; Соответствует запросу “компрессорная”";https://www.rts-tender.ru/poisk/id/l32616246318-1/;нет;компрессорная;rts-tender.ru/poisk + Search/LoadPage;2026-07-30
4542035;на выполнение работ по монтажу трубопровода сжатого воздуха и переносу воздухосборников согласно рабочей документации «Техническое перевооружение ОПО «Площадка теплосилового хозяйства», рег.№А56-00328-0008. Трубопровод сжатого воздуха от Компрессорной №1 до Кузнечного цеха №2 с переносом воздухосбор;Коммерческие;"Публичное акционерно общество ""Челябинский кузнечно-прессовый завод""";7449006184;744901001;;"Публичное акционерно общество ""Челябинский кузнечно-прессовый завод""";7449006184;744901001;;Челябинская область;0.00;29.07.2026;06.08.2026;"на выполнение работ по монтажу трубопровода сжатого воздуха и переносу воздухосборников согласно рабочей документации «Техническое перевооружение ОПО «Площадка теплосилового хозяйства», рег.№А56-00328-0008. Трубопровод с ;; Соответствует запросу “компрессорная”";https://www.rts-tender.ru/poisk/id/l4542035-4-12-1/;нет;компрессорная;rts-tender.ru/poisk + Search/LoadPage;2026-07-30
0318300402426000051;Оказание услуг по техническому обслуживанию компрессорных установок CECCATO;44-ФЗ;"ГОСУДАРСТВЕННОЕ БЮДЖЕТНОЕ УЧРЕЖДЕНИЕ ЗДРАВООХРАНЕНИЯ ""ДЕТСКАЯ ГОРОДСКАЯ БОЛЬНИЦА ГОРОДА НОВОРОССИЙСКА"" МИНИСТЕРСТВА ЗДРАВООХРАНЕНИЯ КРАСНОДАРСКОГО КРАЯ";2315052542;231501001;;"ГОСУДАРСТВЕННОЕ БЮДЖЕТНОЕ УЧРЕЖДЕНИЕ ЗДРАВООХРАНЕНИЯ ""ДЕТСКАЯ ГОРОДСКАЯ БОЛЬНИЦА ГОРОДА НОВОРОССИЙСКА"" МИНИСТЕРСТВА ЗДРАВООХРАНЕНИЯ КРАСНОДАРСКОГО КРАЯ";2315052542;231501001;;Краснодарский край;178333.33;29.07.2026;06.08.2026;"Оказание услуг по техническому обслуживанию компрессорной установки CECCATO CSM-10XB ;; Оказание услуг по техническому обслуживанию компрессорной установки CECCATO CSM-10 DX 500L";https://www.rts-tender.ru/poisk/id/l0318300402426000051-1/;нет;компрессорная;rts-tender.ru/poisk + Search/LoadPage;2026-07-30
0352200027426000119;Оказание услуг по техническому обслуживанию и текущему ремонту оборудования, находящегося на балансе КУ ОО «ХОЗУ Правительства Омской области» (Реестровый номер 2026.051030);44-ФЗ;"КАЗЕННОЕ УЧРЕЖДЕНИЕ ОМСКОЙ ОБЛАСТИ ""ХОЗЯЙСТВЕННОЕ УПРАВЛЕНИЕ ПРАВИТЕЛЬСТВА ОМСКОЙ ОБЛАСТИ""";5508001035;550301001;;"КАЗЕННОЕ УЧРЕЖДЕНИЕ ОМСКОЙ ОБЛАСТИ ""ХОЗЯЙСТВЕННОЕ УПРАВЛЕНИЕ ПРАВИТЕЛЬСТВА ОМСКОЙ ОБЛАСТИ""";5508001035;550301001;;Омская область;300000.00;29.07.2026;06.08.2026;"Оказание услуг по техническому обслуживанию и текущему ремонту оборудования, находящегося на балансе КУ ОО «ХОЗУ Правительства Омской области»( Аппарат для нагрева и охлаждения воды (компрессорный) YLR2-6-718A) ;; Соответствует запросу “компрессорная”";https://www.rts-tender.ru/poisk/id/l0352200027426000119-1/;нет;компрессорная;rts-tender.ru/poisk + Search/LoadPage;2026-07-30
32616245195;"Поставка запасных частей к компрессорному оборудованию для нужд ЧТЭЦ-4 ПАО ""Форвард Энерго""";223-ФЗ;"ПУБЛИЧНОЕ АКЦИОНЕРНОЕ ОБЩЕСТВО ""ФОРВАРД ЭНЕРГО""";7203162698;770301001;;"ПУБЛИЧНОЕ АКЦИОНЕРНОЕ ОБЩЕСТВО ""ФОРВАРД ЭНЕРГО""";7203162698;770301001;;Москва;3671557.20;28.07.2026;14.08.2026;;https://www.rts-tender.ru/poisk/id/l32616245195-1/;нет;компрессорная;rts-tender.ru/poisk + Search/LoadPage;2026-07-30
32616244806;Поставка утвержденного типа стандартных образцов нефти и нефтепродуктов для УНИИМ - филиала ФГУП «ВНИИМ им.Д.И.Менделеева»;223-ФЗ;"ФЕДЕРАЛЬНОЕ ГОСУДАРСТВЕННОЕ УНИТАРНОЕ ПРЕДПРИЯТИЕ ""ВСЕРОССИЙСКИЙ НАУЧНО-ИССЛЕДОВАТЕЛЬСКИЙ ИНСТИТУТ МЕТРОЛОГИИ ИМ.Д.И.МЕНДЕЛЕЕВА""";7809022120;783901001;"+7(812)3239377; a.l.rybalov@vniim.ru";"ФЕДЕРАЛЬНОЕ ГОСУДАРСТВЕННОЕ УНИТАРНОЕ ПРЕДПРИЯТИЕ ""ВСЕРОССИЙСКИЙ НАУЧНО-ИССЛЕДОВАТЕЛЬСКИЙ ИНСТИТУТ МЕТРОЛОГИИ ИМ.Д.И.МЕНДЕЛЕЕВА""";7809022120;783901001;"+7(812)3239377; a.l.rybalov@vniim.ru";Санкт-Петербург;1723800.22;28.07.2026;30.07.2026;"Стандартный образец состава и свойств масла компрессорного СТ-МК, 1,0 дм3, ГСО 10486-2014 ;; Соответствует запросу “компрессорная”";https://www.rts-tender.ru/poisk/id/l32616244806-1/;нет;компрессорная;rts-tender.ru/poisk + Search/LoadPage;2026-07-30
4541369;"Устройство системы воздухоснабжения, модульных компрессорных, ИССО, рельсосмазывателей на объекте: ""Инфраструктура индустриального парка ""Этилен-600"", Железнодорожная инфраструктура""";Коммерческие;"ОБЩЕСТВО С ОГРАНИЧЕННОЙ ОТВЕТСТВЕННОСТЬЮ ""АЛАБУГА ДЕВЕЛОПМЕНТ""";1646043699;164601001;;"ОБЩЕСТВО С ОГРАНИЧЕННОЙ ОТВЕТСТВЕННОСТЬЮ ""АЛАБУГА ДЕВЕЛОПМЕНТ""";1646043699;164601001;;Республика Татарстан;300000000.00;28.07.2026;06.08.2026;"Устройство системы воздухоснабжения, модульных компрессорных, ИССО, рельсосмазывателей на объекте: ""Инфраструктура индустриального парка ""Этилен-600"", Железнодорожная инфраструктура"" ;; Соответствует запросу “компрессорная”";https://www.rts-tender.ru/poisk/id/l4541369-4-12-1/;нет;компрессорная;rts-tender.ru/poisk + Search/LoadPage;2026-07-30
0351300262126000204;Оказание услуг по техническому обслуживанию и ремонту медицинского оборудования №3;44-ФЗ;"ГОСУДАРСТВЕННОЕ БЮДЖЕТНОЕ УЧРЕЖДЕНИЕ ЗДРАВООХРАНЕНИЯ НОВОСИБИРСКОЙ ОБЛАСТИ ""ЧИСТООЗЕРНАЯ ЦЕНТРАЛЬНАЯ РАЙОННАЯ БОЛЬНИЦА""";5441100840;544101001;"Зыков Дмитрий Александрович; 8-38368-91299; hrbzakypki@gmail.com";"ГОСУДАРСТВЕННОЕ БЮДЖЕТНОЕ УЧРЕЖДЕНИЕ ЗДРАВООХРАНЕНИЯ НОВОСИБИРСКОЙ ОБЛАСТИ ""ЧИСТООЗЕРНАЯ ЦЕНТРАЛЬНАЯ РАЙОННАЯ БОЛЬНИЦА""";5441100840;544101001;;Новосибирская область;414976.90;28.07.2026;04.08.2026;"Ингалятор компрессорный OMRON Comp Air (NE-C28-RU) ;; Ингалятор компрессорный OMRON Comp Air (NE";https://www.rts-tender.ru/poisk/id/l0351300262126000204-1/;нет;компрессорная;rts-tender.ru/poisk + Search/LoadPage;2026-07-30
10532098;621-26/ЭМ на выполнение работ по ремонту компрессорно-конденсаторного блока приточно-вытяжной установки бассейна спортивного центра № 3, находящегося по адресу: г. Красноярск, пер. Вузовский, д. 5А, для нужд ФГАОУ ВО «Сибирский федеральный университет»;Закупки малого объема;"ФЕДЕРАЛЬНОЕ ГОСУДАРСТВЕННОЕ АВТОНОМНОЕ ОБРАЗОВАТЕЛЬНОЕ УЧРЕЖДЕНИЕ ВЫСШЕГО ОБРАЗОВАНИЯ ""СИБИРСКИЙ ФЕДЕРАЛЬНЫЙ УНИВЕРСИТЕТ""";2463011853;246301001;Информация скрыта. Подробнее Доступно в личном кабинете Информация об организаторе и заказчике доступна в личном кабинете. Зарегистрируйтесь или войдите. Войти;"ФЕДЕРАЛЬНОЕ ГОСУДАРСТВЕННОЕ АВТОНОМНОЕ ОБРАЗОВАТЕЛЬНОЕ УЧРЕЖДЕНИЕ ВЫСШЕГО ОБРАЗОВАНИЯ ""СИБИРСКИЙ ФЕДЕРАЛЬНЫЙ УНИВЕРСИТЕТ""";2463011853;246301001;Информация скрыта. Подробнее Доступно в личном кабинете Информация об организаторе и заказчике доступна в личном кабинете. Зарегистрируйтесь или войдите. Войти;Красноярский край;308880.39;28.07.2026;31.07.2026;"Выполнение работ по ремонту компрессорно-конденсаторного блока приточно-вытяжной установки бассейна спортивного центра № 3, находящегося по адресу: г. Красноярск, пер. Вузовский, д. 5А ;; Соответствует запросу “компрессорная”";https://www.rts-tender.ru/poisk/id/l15026254-3-9-1/;нет;компрессорная;rts-tender.ru/poisk + Search/LoadPage;2026-07-30
0317400001026000065;Поставка масла моторного, гидравлического, индустриального и компрессионного;44-ФЗ;"БАРНАУЛЬСКИЙ РАЙОН ВОДНЫХ ПУТЕЙ И СУДОХОДСТВА - ФИЛИАЛ ФЕДЕРАЛЬНОГО БЮДЖЕТНОГО УЧРЕЖДЕНИЯ ""АДМИНИСТРАЦИЯ ОБЬ-ИРТЫШСКОГО БАССЕЙНА ВНУТРЕННИХ ВОДНЫХ ПУТЕЙ""";5504002648;222543001;"Хлюстова Наталья Викторовна; 7-3852-243426; snabbarrvpis@mail.ru";"БАРНАУЛЬСКИЙ РАЙОН ВОДНЫХ ПУТЕЙ И СУДОХОДСТВА - ФИЛИАЛ ФЕДЕРАЛЬНОГО БЮДЖЕТНОГО УЧРЕЖДЕНИЯ ""АДМИНИСТРАЦИЯ ОБЬ-ИРТЫШСКОГО БАССЕЙНА ВНУТРЕННИХ ВОДНЫХ ПУТЕЙ""";5504002648;222543001;;Алтайский край;304155.06;28.07.2026;05.08.2026;"Масло компрессорное ;; Соответствует запросу “компрессорная”";https://www.rts-tender.ru/poisk/id/l0317400001026000065-1/;нет;компрессорная;rts-tender.ru/poisk + Search/LoadPage;2026-07-30
0351200000726001043;Поставка масла минерального компрессорного;44-ФЗ;"ГОСУДАРСТВЕННОЕ БЮДЖЕТНОЕ УЧРЕЖДЕНИЕ ЗДРАВООХРАНЕНИЯ НОВОСИБИРСКОЙ ОБЛАСТИ ""ГОСУДАРСТВЕННАЯ НОВОСИБИРСКАЯ ОБЛАСТНАЯ КЛИНИЧЕСКАЯ БОЛЬНИЦА""";5403106150;540301001;"Каштанова Марина Алексеевна; 8-383-3159728; dogovor16@oblmed.nsk.ru";"ГОСУДАРСТВЕННОЕ БЮДЖЕТНОЕ УЧРЕЖДЕНИЕ ЗДРАВООХРАНЕНИЯ НОВОСИБИРСКОЙ ОБЛАСТИ ""ГОСУДАРСТВЕННАЯ НОВОСИБИРСКАЯ ОБЛАСТНАЯ КЛИНИЧЕСКАЯ БОЛЬНИЦА""";5403106150;540301001;;Новосибирская область;19800.00;28.07.2026;04.08.2026;"Масло минеральное компрессорное ;; Соответствует запросу “компрессорная”";https://www.rts-tender.ru/poisk/id/l0351200000726001043-1/;нет;компрессорная;rts-tender.ru/poisk + Search/LoadPage;2026-07-30
4540260;Поставка масел и горючих жидкостей (Рассматриваем аналоги);Коммерческие;"ОБЩЕСТВО С ОГРАНИЧЕННОЙ ОТВЕТСТВЕННОСТЬЮ ""Юралс Кэпитал""";7730675129;773101001;;"ОБЩЕСТВО С ОГРАНИЧЕННОЙ ОТВЕТСТВЕННОСТЬЮ ""Юралс Кэпитал""";7730675129;773101001;;Москва;0.00;28.07.2026;30.07.2026;"Масло компрессорное Oilway KC-19 20л ;; Соответствует запросу “компрессорная”";https://www.rts-tender.ru/poisk/id/l4540260-4-12-1/;нет;компрессорная;rts-tender.ru/poisk + Search/LoadPage;2026-07-30
10531107;Поставка оборудования и расходных материалов для медицинского кабинета;Закупки малого объема;"ОБЛАСТНОЕ ГОСУДАРСТВЕННОЕ БЮДЖЕТНОЕ ПРОФЕССИОНАЛЬНОЕ ОБРАЗОВАТЕЛЬНОЕ УЧРЕЖДЕНИЕ ""ТОМСКИЙ КОЛЛЕДЖ ГРАЖДАНСКОГО ТРАНСПОРТА""";7020012600;701701001;Информация скрыта. Подробнее Доступно в личном кабинете Информация об организаторе и заказчике доступна в личном кабинете. Зарегистрируйтесь или войдите. Войти;"ОБЛАСТНОЕ ГОСУДАРСТВЕННОЕ БЮДЖЕТНОЕ ПРОФЕССИОНАЛЬНОЕ ОБРАЗОВАТЕЛЬНОЕ УЧРЕЖДЕНИЕ ""ТОМСКИЙ КОЛЛЕДЖ ГРАЖДАНСКОГО ТРАНСПОРТА""";7020012600;701701001;Информация скрыта. Подробнее Доступно в личном кабинете Информация об организаторе и заказчике доступна в личном кабинете. Зарегистрируйтесь или войдите. Войти;Томская область;105130.00;28.07.2026;03.08.2026;"Ингалятор (небулайзер) компрессорный ;; Соответствует запросу “компрессорная”";https://www.rts-tender.ru/poisk/id/l15025100-3-9-1/;нет;компрессорная;rts-tender.ru/poisk + Search/LoadPage;2026-07-30
0351100000726000222;Оказание услуг по проведению технического обслуживания компрессорного оборудования;44-ФЗ;"ФЕДЕРАЛЬНОЕ БЮДЖЕТНОЕ УЧРЕЖДЕНИЕ НАУКИ ""ГОСУДАРСТВЕННЫЙ НАУЧНЫЙ ЦЕНТР ВИРУСОЛОГИИ И БИОТЕХНОЛОГИИ ""ВЕКТОР"" ФЕДЕРАЛЬНОЙ СЛУЖБЫ ПО НАДЗОРУ В СФЕРЕ ЗАЩИТЫ ПРАВ ПОТРЕБИТЕЛЕЙ И БЛАГОПОЛУЧИЯ ЧЕЛОВЕКА";5433161342;543301001;"Ачитуев Евгений Валерьевич; 8-383-3634700-1239; achituev_ev@vector.nsc.ru";"ФЕДЕРАЛЬНОЕ БЮДЖЕТНОЕ УЧРЕЖДЕНИЕ НАУКИ ""ГОСУДАРСТВЕННЫЙ НАУЧНЫЙ ЦЕНТР ВИРУСОЛОГИИ И БИОТЕХНОЛОГИИ ""ВЕКТОР"" ФЕДЕРАЛЬНОЙ СЛУЖБЫ ПО НАДЗОРУ В СФЕРЕ ЗАЩИТЫ ПРАВ ПОТРЕБИТЕЛЕЙ И БЛАГОПОЛУЧИЯ ЧЕЛОВЕКА";5433161342;543301001;;Новосибирская область;510232.00;28.07.2026;05.08.2026;"Оказание услуг по проведению технического обслуживания компрессорного оборудования. ;; Соответствует запросу “компрессорная”";https://www.rts-tender.ru/poisk/id/l0351100000726000222-1/;нет;компрессорная;rts-tender.ru/poisk + Search/LoadPage;2026-07-30
0317300301926001106;Оказание услуг по диагностике, техническому обслуживанию и ремонту автотранспортных средств для обеспечения муниципальных нужд;44-ФЗ;КОМИТЕТ МУНИЦИПАЛЬНОГО ЗАКАЗА ГОРОДА БАРНАУЛА;2225126623;222501001;"Назаренко Татьяна Васильевна; 8-3852-371818; zakaz@barnaul-adm.ru";"МУНИЦИПАЛЬНОЕ КАЗЕННОЕ УЧРЕЖДЕНИЕ ""СЛУЖБА ПО ТЕХНИЧЕСКОМУ ОБЕСПЕЧЕНИЮ ДЕЯТЕЛЬНОСТИ ОРГАНОВ МЕСТНОГО САМОУПРАВЛЕНИЯ ГОРОДА""";2225142978;222501001;;Алтайский край;3500000.00;28.07.2026;05.08.2026;"Компрессорное масло ;; Соответствует запросу “компрессорная”";https://www.rts-tender.ru/poisk/id/l0317300301926001106-1/;нет;компрессорная;rts-tender.ru/poisk + Search/LoadPage;2026-07-30
10529584;Поставка товаров для медицинского кабинета;Закупки малого объема;"МУНИЦИПАЛЬНОЕ БЮДЖЕТНОЕ ОБЩЕОБРАЗОВАТЕЛЬНОЕ УЧРЕЖДЕНИЕ ""СРЕДНЯЯ ОБЩЕОБРАЗОВАТЕЛЬНАЯ ШКОЛА № 22""";2623034403;262301001;Информация скрыта. Подробнее Доступно в личном кабинете Информация об организаторе и заказчике доступна в личном кабинете. Зарегистрируйтесь или войдите. Войти;"МУНИЦИПАЛЬНОЕ БЮДЖЕТНОЕ ОБЩЕОБРАЗОВАТЕЛЬНОЕ УЧРЕЖДЕНИЕ ""СРЕДНЯЯ ОБЩЕОБРАЗОВАТЕЛЬНАЯ ШКОЛА № 22""";2623034403;262301001;Информация скрыта. Подробнее Доступно в личном кабинете Информация об организаторе и заказчике доступна в личном кабинете. Зарегистрируйтесь или войдите. Войти;Ставропольский край;70309.50;27.07.2026;31.07.2026;"Ингалятор компрессорный OMRON C21 Basic (NE-C803-RU) ;; Соответствует запросу “компрессорная”";https://www.rts-tender.ru/poisk/id/l15023220-3-9-1/;нет;компрессорная;rts-tender.ru/poisk + Search/LoadPage;2026-07-30
4539148;Поставка смазочных материалов отечественного производства;Коммерческие;"Общество с ограниченной ответственностью ""Татнефтедор""";1645000406;164401001;;"Общество с ограниченной ответственностью ""Татнефтедор""";1645000406;164401001;;Республика Татарстан;0.00;27.07.2026;31.07.2026;"Масло компрессорное Atlas Copco RIF NDURANCE, 20 л ;; Масло компрессорное VDL 46 DIN 51506 (VDL) для винтовых компрессоров, 20 л";https://www.rts-tender.ru/poisk/id/l4539148-4-12-1/;нет;компрессорная;rts-tender.ru/poisk + Search/LoadPage;2026-07-30
0190200000326008534;"Оказание услуг по плановому техническому обслуживанию компрессорной станции сжатого воздуха ""RIFAIR""";44-ФЗ;ДЕПАРТАМЕНТ ГОСУДАРСТВЕННОГО ЗАКАЗА ЯМАЛО-НЕНЕЦКОГО АВТОНОМНОГО ОКРУГА;8901017607;890101001;;"ГОСУДАРСТВЕННОЕ БЮДЖЕТНОЕ УЧРЕЖДЕНИЕ ЗДРАВООХРАНЕНИЯ ""САЛЕХАРДСКАЯ ОКРУЖНАЯ КЛИНИЧЕСКАЯ БОЛЬНИЦА""";8901004862;890101001;;Ямало-Ненецкий автономный округ;1150230.00;27.07.2026;04.08.2026;"Оказание услуг по плановому техническому обслуживанию компрессорной станции сжатого воздуха ""RIFAIR"" ;; Соответствует запросу “компрессорная”";https://www.rts-tender.ru/poisk/id/l0190200000326008534-1/;нет;компрессорная;rts-tender.ru/poisk + Search/LoadPage;2026-07-30
10529322;Приобретение оборудования для оснащения медицинского кабинета;Закупки малого объема;Муниципальное общеобразовательное учреждение Ново-Харитоновская средняя общеобразовательная школа №10 с углубленным изучением отдельных предметов;5040040954;504001001;Информация скрыта. Подробнее Доступно в личном кабинете Информация об организаторе и заказчике доступна в личном кабинете. Зарегистрируйтесь или войдите. Войти;Муниципальное общеобразовательное учреждение Ново-Харитоновская средняя общеобразовательная школа №10 с углубленным изучением отдельных предметов;5040040954;504001001;Информация скрыта. Подробнее Доступно в личном кабинете Информация об организаторе и заказчике доступна в личном кабинете. Зарегистрируйтесь или войдите. Войти;Московская область;372658.00;27.07.2026;13.08.2026;"Портативный компрессорный небулайзер ;; Соответствует запросу “компрессорная”";https://www.rts-tender.ru/poisk/id/l15022925-3-9-1/;нет;компрессорная;rts-tender.ru/poisk + Search/LoadPage;2026-07-30
4539133;"Поставка роллетных ворот с электроприводом и их монтаж в компрессорной в «здании цеха ДСЦ (дозировочно-смесительном)» (№22) АО ""Росатом Стекловолокно"", в рамках проекта «Холодный ремонт», номер проекта: ХР-142";Коммерческие;"АКЦИОНЕРНОЕ ОБЩЕСТВО ""РУСАТОМ СТЕКЛОВОЛОКНО""";3304001361;330401001;;"АКЦИОНЕРНОЕ ОБЩЕСТВО ""РУСАТОМ СТЕКЛОВОЛОКНО""";3304001361;330401001;;Владимирская область;0.00;27.07.2026;05.08.2026;"Поставка роллетных ворот с электроприводом и их монтаж в компрессорной в «здании цеха ДСЦ (дозировочно-смесительном)» (№22) АО ""Росатом Стекловолокно"", в рамках проекта «Холодный ремонт», номер проекта: ХР-142 ;; Соответствует запросу “компрессорная”";https://www.rts-tender.ru/poisk/id/l4539133-4-11-1/;нет;компрессорная;rts-tender.ru/poisk + Search/LoadPage;2026-07-30
4538955;ТМЦ Масла и смазки (Разный базис) 3-4 кв;Коммерческие;"ОБЩЕСТВО С ОГРАНИЧЕННОЙ ОТВЕТСТВЕННОСТЬЮ ""АИМ МЕНЕДЖМЕНТ""";9725042029;772501001;;"АКЦИОНЕРНОЕ ОБЩЕСТВО ""СУЭК-КРАСНОЯРСК""";2466152267;424950001;;Кемеровская область;0.00;27.07.2026;31.07.2026;"МАСЛО КОМПРЕССОРНОЕ К-19 ГОСТ1861-73 ;; Соответствует запросу “компрессорная”";https://www.rts-tender.ru/poisk/id/l4538955-4-12-1/;нет;компрессорная;rts-tender.ru/poisk + Search/LoadPage;2026-07-30
4538427;Сервисное обслуживание и текущий ремонт насосного оборудования на объектах ЗИФ. Услуги. В первом лоте цену указывать на - техническое обслуживание (ТО) Две дополнительных колонки - это текущий и капитальный ремонт.;Коммерческие;"ОБЩЕСТВО С ОГРАНИЧЕННОЙ ОТВЕТСТВЕННОСТЬЮ ""УПРАВЛЯЮЩАЯ КОМПАНИЯ ЮГК""";7451258929;745101001;;"Открытое акционерное общество ""КОММУНАРОВСКИЙ РУДНИК""";1911000014;191101001;;Республика Хакасия;0.00;27.07.2026;04.08.2026;"Кольцо компрессорное ;; Кольцо компрессорное";https://www.rts-tender.ru/poisk/id/l4538427-4-12-1/;нет;компрессорная;rts-tender.ru/poisk + Search/LoadPage;2026-07-30
0116300000126000908;"Выполнение работ по объекту: ""Автомобильная газонаполнительная компрессорная станция (АГНКС) в городском округе ""город Якутск"" (Вынос наружных сетей электроснабжения)";44-ФЗ;ОКРУЖНАЯ АДМИНИСТРАЦИЯ ГОРОДА ЯКУТСКА;1435133907;143501001;;"МУНИЦИПАЛЬНОЕ КАЗЕННОЕ УЧРЕЖДЕНИЕ ""ГЛАВСТРОЙ"" ГОРОДСКОГО ОКРУГА ""ГОРОД ЯКУТСК""";1435112833;143501001;;Республика Саха (Якутия);687638.90;27.07.2026;03.08.2026;"""Автомобильная газонаполнительная компрессорная станция (АГНКС) в городском округе ""город Якутск"" (Вынос наружных сетей электроснабжения) ;; Соответствует запросу “компрессорная”";https://www.rts-tender.ru/poisk/id/l0116300000126000908-1/;сомнительно;компрессорная;rts-tender.ru/poisk + Search/LoadPage;2026-07-30
0113100001926000059;Поставка комплектующих для компрессорного оборудования для нужд Главного управления МЧС России по Удмуртской Республике;44-ФЗ;ГЛАВНОЕ УПРАВЛЕНИЕ МИНИСТЕРСТВА РОССИЙСКОЙ ФЕДЕРАЦИИ ПО ДЕЛАМ ГРАЖДАНСКОЙ ОБОРОНЫ, ЧРЕЗВЫЧАЙНЫМ СИТУАЦИЯМ И ЛИКВИДАЦИИ ПОСЛЕДСТВИЙ СТИХИЙНЫХ БЕДСТВИЙ ПО УДМУРТСКОЙ РЕСПУБЛИКЕ;1831100790;183101001;"Дёмин Сергей Александрович; 7-3412-606669; ookr@18.mchs.gov.ru";ГЛАВНОЕ УПРАВЛЕНИЕ МИНИСТЕРСТВА РОССИЙСКОЙ ФЕДЕРАЦИИ ПО ДЕЛАМ ГРАЖДАНСКОЙ ОБОРОНЫ, ЧРЕЗВЫЧАЙНЫМ СИТУАЦИЯМ И ЛИКВИДАЦИИ ПОСЛЕДСТВИЙ СТИХИЙНЫХ БЕДСТВИЙ ПО УДМУРТСКОЙ РЕСПУБЛИКЕ;1831100790;183101001;;Удмуртская Республика;1100000.00;27.07.2026;05.08.2026;;https://www.rts-tender.ru/poisk/id/l0113100001926000059-1/;нет;компрессорная;rts-tender.ru/poisk + Search/LoadPage;2026-07-30
32616236720;Оказание услуг по техническому обслуживанию и ремонту передвижных компрессорных станций для нужд ООО «Газпром подземремонт Уренгой»(для субъектов малого и среднего предпринимательства)0095/26/5.4/00077284/ПРУренгой/ПР/ГОС/Э/24.07.2026;223-ФЗ;"АКЦИОНЕРНОЕ ОБЩЕСТВО ""ГАЗПРОМ ЗАКУПКИ""";2460040655;781001001;;"ОБЩЕСТВО С ОГРАНИЧЕННОЙ ОТВЕТСТВЕННОСТЬЮ ""ГАЗПРОМ ПОДЗЕМРЕМОНТ УРЕНГОЙ""";8904051130;781001001;;Санкт-Петербург;84426744.51;24.07.2026;05.08.2026;;https://www.rts-tender.ru/poisk/id/l32616236720-1/;нет;компрессорная;rts-tender.ru/poisk + Search/LoadPage;2026-07-30
32616236531;Поставка насосно-компрессорных, обсадных труб для обеспечения резерва материальных ресурсов МУП «Водоканал-Сервис»;223-ФЗ;"МУНИЦИПАЛЬНОЕ УНИТАРНОЕ ПРЕДПРИЯТИЕ ГОРОДСКОГО ОКРУГА СЕРПУХОВ МОСКОВСКОЙ ОБЛАСТИ ""ВОДОКАНАЛ-СЕРВИС""";5043019742;504301001;"Кистерева О. Ю.; 74967352481; omts.vodokanal@mail.ru";"МУНИЦИПАЛЬНОЕ УНИТАРНОЕ ПРЕДПРИЯТИЕ ГОРОДСКОГО ОКРУГА СЕРПУХОВ МОСКОВСКОЙ ОБЛАСТИ ""ВОДОКАНАЛ-СЕРВИС""";5043019742;504301001;"74967352481; omts.vodokanal@mail.ru";Московская область;3930408.00;24.07.2026;04.08.2026;"Насосно-компрессорная труба (НКТ) d60х5,0 группа прочности Д исполнение А с муфтамиГОСТ 633-80 ;; Насосно-компрессорная труба (НКТ) d60х5,0 группа прочности Д исполнение А с муфтамиГОСТ 633-80";https://www.rts-tender.ru/poisk/id/l32616236531-1/;нет;компрессорная;rts-tender.ru/poisk + Search/LoadPage;2026-07-30
32616236084;Ремонт и техническое обслуживание компрессоров AIRRUS с системой подготовки сжатого воздуха в составе модульной компрессорной станции на РТЭЦ-2;223-ФЗ;"ОБЩЕСТВО С ОГРАНИЧЕННОЙ ОТВЕТСТВЕННОСТЬЮ ""ЛУКОЙЛ-РОСТОВЭНЕРГО""";6164288981;616301001;;"ОБЩЕСТВО С ОГРАНИЧЕННОЙ ОТВЕТСТВЕННОСТЬЮ ""ЛУКОЙЛ-РОСТОВЭНЕРГО""";6164288981;616301001;;Ростовская область;1493333.33;24.07.2026;05.08.2026;;https://www.rts-tender.ru/poisk/id/l32616236084-1/;нет;компрессорная;rts-tender.ru/poisk + Search/LoadPage;2026-07-30
32616235776;"Оказание услуг по сервисному обслуживанию технологической обвязки мобильных компрессорных станций для нужд ООО ""Газпром МКС"" в 2026 году0095/26/5.4/00079105/МКС/К/ГОС/Э/24.07.2026";223-ФЗ;"АКЦИОНЕРНОЕ ОБЩЕСТВО ""ГАЗПРОМ ЗАКУПКИ""";2460040655;781001001;;"ОБЩЕСТВО С ОГРАНИЧЕННОЙ ОТВЕТСТВЕННОСТЬЮ ""ГАЗПРОМ МОБИЛЬНЫЕ КОМПРЕССОРНЫЕ СТАНЦИИ""";7810720112;781001001;;Санкт-Петербург;18060762.88;24.07.2026;03.08.2026;;https://www.rts-tender.ru/poisk/id/l32616235776-1/;нет;компрессорная;rts-tender.ru/poisk + Search/LoadPage;2026-07-30
32616235529;Конкурентные переговоры на право заключения договора на поставку винтового компрессора и расходных материалов, проводимые не централизовано для нужд ООО «РВК - Архангельск».;223-ФЗ;"ОБЩЕСТВО С ОГРАНИЧЕННОЙ ОТВЕТСТВЕННОСТЬЮ ""РВК-АРХАНГЕЛЬСК""";7726747370;290101001;;"ОБЩЕСТВО С ОГРАНИЧЕННОЙ ОТВЕТСТВЕННОСТЬЮ ""РВК-АРХАНГЕЛЬСК""";7726747370;290101001;;Архангельская область;510692.17;24.07.2026;30.07.2026;"Масла компрессорные ;; Соответствует запросу “компрессорная”";https://www.rts-tender.ru/poisk/id/l32616235529-1/;нет;компрессорная;rts-tender.ru/poisk + Search/LoadPage;2026-07-30
32616234557;Поставка товара - запасные части, специальные жидкости и вещества для обслуживания холодильного оборудования.;223-ФЗ;"МУНИЦИПАЛЬНОЕ АВТОНОМНОЕ УЧРЕЖДЕНИЕ ДОПОЛНИТЕЛЬНОГО ОБРАЗОВАНИЯ СПОРТИВНАЯ ШКОЛА ""КОНТАКТ""";8904032970;890401001;;"МУНИЦИПАЛЬНОЕ АВТОНОМНОЕ УЧРЕЖДЕНИЕ ДОПОЛНИТЕЛЬНОГО ОБРАЗОВАНИЯ СПОРТИВНАЯ ШКОЛА ""КОНТАКТ""";8904032970;890401001;;Ямало-Ненецкий автономный округ;371000.00;24.07.2026;03.08.2026;"Масла компрессорные ;; Соответствует запросу “компрессорная”";https://www.rts-tender.ru/poisk/id/l32616234557-1/;нет;компрессорная;rts-tender.ru/poisk + Search/LoadPage;2026-07-30
0843500000226004339;Техническое обслуживание компрессоров компрессорной мембранного биологического реактора номер 2 канализационных очистных сооружений г. Шадринска производительностью 30 тыс. м?в сутки, расположенном по адресу: г. Шадринск, Курганский тракт, 26;44-ФЗ;"ГОСУДАРСТВЕННОЕ КАЗЕННОЕ УЧРЕЖДЕНИЕ ""ЦЕНТР ЗАКУПОК И БУХГАЛТЕРСКОГО УЧЕТА КУРГАНСКОЙ ОБЛАСТИ""";4501214152;450101001;;КОМИТЕТ ПО СТРОИТЕЛЬСТВУ И АРХИТЕКТУРЕ АДМИНИСТРАЦИИ ГОРОДА ШАДРИНСКА;4502006081;450201001;;Курганская область;2419351.00;24.07.2026;03.08.2026;"Техническое обслуживание компрессоров компрессорной мембранного биологического реактора номер 2 канализационных очистных сооружений г. Шадринска производительностью 30 тыс. м?в сутки, расположенном по адресу: г. Шадринск ;; Соответствует запросу “компрессорная”";https://www.rts-tender.ru/poisk/id/l0843500000226004339-1/;нет;компрессорная;rts-tender.ru/poisk + Search/LoadPage;2026-07-30
4536625;Масло компрессорное Smartoil 3000 20 л., масло компрессорное Kraft-Oil M46 20 л.;Коммерческие;"Акционерное общество Гаврилов-Ямский машиностроительный завод ""Агат""";7616002417;761601001;;"ПУБЛИЧНОЕ АКЦИОНЕРНОЕ ОБЩЕСТВО ""АГРЕГАТ""";7401000191;745701001;;Челябинская область;384050.00;24.07.2026;31.07.2026;"Масло компрессорное Smartoil 3000, 20 л ;; Масло компрессорное Kraft-Oil M46, 20 л";https://www.rts-tender.ru/poisk/id/l4536625-4-12-1/;нет;компрессорная;rts-tender.ru/poisk + Search/LoadPage;2026-07-30
4536596;Оказание услуг по техническому обслуживанию и ремонту компрессорной станции и рефрижераторного осушителя РСПВ-22 согласно ТЗ ПОДГРУЗКА КОММЕРЧЕСКОГО ПРЕДЛОЖЕНИЯ ОБЯЗАТЕЛЬНА;Коммерческие;"АКЦИОНЕРНОЕ ОБЩЕСТВО ""УРАЛЬСКАЯ СТАЛЬ""";5607019523;997550001;;"АКЦИОНЕРНОЕ ОБЩЕСТВО ""УРАЛЬСКАЯ СТАЛЬ""";5607019523;997550001;;Байконур;0.00;24.07.2026;31.07.2026;"Оказание услуг по техническому обслуживанию и ремонту компрессорной станции и рефрижераторного осушителя РСПВ-22 согласно ТЗ ;; Соответствует запросу “компрессорная”";https://www.rts-tender.ru/poisk/id/l4536596-4-12-1/;нет;компрессорная;rts-tender.ru/poisk + Search/LoadPage;2026-07-30
0319200064626000738;"Поставка небулайзеров (ингаляторов) компрессорных для нужд КГБУЗ ""КМКБСМП им. Н.С. Карповича""";44-ФЗ;"КРАЕВОЕ ГОСУДАРСТВЕННОЕ БЮДЖЕТНОЕ УЧРЕЖДЕНИЕ ЗДРАВООХРАНЕНИЯ ""КРАСНОЯРСКАЯ МЕЖРАЙОННАЯ КЛИНИЧЕСКАЯ БОЛЬНИЦА СКОРОЙ МЕДИЦИНСКОЙ ПОМОЩИ ИМЕНИ Н.С. КАРПОВИЧА""";2463005419;246301001;"Астраханцева Ирина Владимировна; 7-391-2477808-1; 7-391-2477809; astra-gkb6@yandex.ru";"КРАЕВОЕ ГОСУДАРСТВЕННОЕ БЮДЖЕТНОЕ УЧРЕЖДЕНИЕ ЗДРАВООХРАНЕНИЯ ""КРАСНОЯРСКАЯ МЕЖРАЙОННАЯ КЛИНИЧЕСКАЯ БОЛЬНИЦА СКОРОЙ МЕДИЦИНСКОЙ ПОМОЩИ ИМЕНИ Н.С. КАРПОВИЧА""";2463005419;246301001;;Красноярский край;13850.40;24.07.2026;04.08.2026;;https://www.rts-tender.ru/poisk/id/l0319200064626000738-1/;нет;компрессорная;rts-tender.ru/poisk + Search/LoadPage;2026-07-30
0131200001026004408;2026-04282_Поставка оборудования (Компрессорная установка воздухоподготовки с системой осушки, фильтрации и стерилизации для генерации стерильного воздуха);44-ФЗ;МИНИСТЕРСТВО ПО РЕГУЛИРОВАНИЮ КОНТРАКТНОЙ СИСТЕМЫ В СФЕРЕ ЗАКУПОК ВОРОНЕЖСКОЙ ОБЛАСТИ;3666159455;366601001;"Скоркина Наталья Викторовна; 7-473-2126402; zakupki@govvrn.ru";"БЮДЖЕТНОЕ УЧРЕЖДЕНИЕ ЗДРАВООХРАНЕНИЯ ВОРОНЕЖСКОЙ ОБЛАСТИ ""ВОРОНЕЖСКАЯ ОБЛАСТНАЯ КЛИНИЧЕСКАЯ БОЛЬНИЦА №1""";3662006088;366201001;;Воронежская область;14193288.33;23.07.2026;07.08.2026;"Компрессорная установка воздухоподготовки с системой осушки, фильтрации и стерилизации для генерации стерильного воздуха ;; Соответствует запросу “компрессорная”";https://www.rts-tender.ru/poisk/id/l0131200001026004408-1/;нет;компрессорная;rts-tender.ru/poisk + Search/LoadPage;2026-07-30
32616231894;Поставка фильтров для винтового компрессорного агрегата;223-ФЗ;"ГОСУДАРСТВЕННОЕ ПРЕДПРИЯТИЕ НИЖЕГОРОДСКОЙ ОБЛАСТИ ""НИЖЕГОРОДЭЛЕКТРОТРАНС""";5253000836;525901001;;"ГОСУДАРСТВЕННОЕ ПРЕДПРИЯТИЕ НИЖЕГОРОДСКОЙ ОБЛАСТИ ""НИЖЕГОРОДЭЛЕКТРОТРАНС""";5253000836;525901001;;Нижегородская область;514454.09;23.07.2026;30.07.2026;;https://www.rts-tender.ru/poisk/id/l32616231894-1/;нет;компрессорная;rts-tender.ru/poisk + Search/LoadPage;2026-07-30
32616231408;Поставка товара (медицинского назначения);223-ФЗ;"ООО ""ЦОП ""ЮРИС""";7203338119;720301001;"Соломаха А. С.; 7 3452 215100 218; etp@uris72.ru";МАОУ ГИМНАЗИЯ № 1 ГОРОДА ТЮМЕНИ;7204006677;720301001;"7 3452 215100 218; etp@uris72.ru";Тюменская область;244859.33;23.07.2026;31.07.2026;"Портативный компрессорный небулайзер ;; Соответствует запросу “компрессорная”";https://www.rts-tender.ru/poisk/id/l32616231408-1/;нет;компрессорная;rts-tender.ru/poisk + Search/LoadPage;2026-07-30
4535235;Поставка станции воздушной компрессорной;Коммерческие;"Общество с ограниченной ответственностью ""Росатом-Аддитивные технологии""";7724424381;772401001;;"Общество с ограниченной ответственностью ""Росатом-Аддитивные технологии""";7724424381;772401001;;Москва;0.00;23.07.2026;03.08.2026;"Поставка станции воздушной компрессорной ;; Соответствует запросу “компрессорная”";https://www.rts-tender.ru/poisk/id/l4535235-4-11-1/;нет;компрессорная;rts-tender.ru/poisk + Search/LoadPage;2026-07-30
4534893;«Техническое обслуживание и аварийный ремонт компрессорного оборудования компрессорной станции № 3».;Коммерческие;"ПУБЛИЧНОЕ АКЦИОНЕРНОЕ ОБЩЕСТВО ""КОРПОРАЦИЯ ВСМПО-АВИСМА""";6607000556;997550001;;"ПУБЛИЧНОЕ АКЦИОНЕРНОЕ ОБЩЕСТВО ""КОРПОРАЦИЯ ВСМПО-АВИСМА""";6607000556;997550001;;Байконур;0.00;23.07.2026;18.08.2026;"«Техническое обслуживание и аварийный ремонт компрессорного оборудования компрессорной станции № 3». ;; «Техническое обслуживание и аварийный ремонт компрессорного оборудования компрессорной станции № 3».";https://www.rts-tender.ru/poisk/id/l4534893-4-12-1/;нет;компрессорная;rts-tender.ru/poisk + Search/LoadPage;2026-07-30
4534848;"ПАО ""Кокс"" Компрессорное оборудование";Коммерческие;"Общество с ограниченной ответственностью управляющая компания ""ПРОМЫШЛЕННО-МЕТАЛЛУРГИЧЕСКИЙ ХОЛДИНГ""";0411075740;772501001;;"Общество с ограниченной ответственностью управляющая компания ""ПРОМЫШЛЕННО-МЕТАЛЛУРГИЧЕСКИЙ ХОЛДИНГ""";0411075740;772501001;;Москва;0.00;23.07.2026;07.08.2026;;https://www.rts-tender.ru/poisk/id/l4534848-4-12-1/;нет;компрессорная;rts-tender.ru/poisk + Search/LoadPage;2026-07-30
4534071;Компрессорное оборудование;Коммерческие;"Общество с ограниченной ответственностью ""БТК ТЕКСТИЛЬ""";7839476749;615501001;;"Общество с ограниченной ответственностью ""БТК ТЕКСТИЛЬ""";7839476749;615501001;;Ростовская область;0.00;22.07.2026;05.08.2026;"Компрессорное оборудование ;; Соответствует запросу “компрессорная”";https://www.rts-tender.ru/poisk/id/l4534071-4-12-1/;нет;компрессорная;rts-tender.ru/poisk + Search/LoadPage;2026-07-30
4534017;"Выполнение работ по техническому обслуживанию ТО-64 000 часов модульной компрессорной станции (МКС) ""ГЭ-320-70"" на ООО ""Завод синтанолов""";Коммерческие;"Общество с ограниченной ответственностью ""Завод синтанолов""";5260123469;525350001;;"Общество с ограниченной ответственностью ""Завод синтанолов""";5260123469;525350001;;Нижегородская область;0.00;22.07.2026;05.08.2026;"Выполнение работ по техническому обслуживанию ТО-64 000 часов модульной компрессорной станции (МКС) ""ГЭ-320-70"" на ООО ""Завод синтанолов"" ;; Соответствует запросу “компрессорная”";https://www.rts-tender.ru/poisk/id/l4534017-4-12-1/;нет;компрессорная;rts-tender.ru/poisk + Search/LoadPage;2026-07-30
32616225220;Запрос котировок среди субъектов малого и среднего предпринимательства в электронной форме №2090/ЗКТЭ-ЦДМВ/26 на право заключения договора выполнения работ по ремонту модульной компрессорной станции МКС 20,4/9-2;223-ФЗ;"ОТКРЫТОЕ АКЦИОНЕРНОЕ ОБЩЕСТВО ""РОССИЙСКИЕ ЖЕЛЕЗНЫЕ ДОРОГИ""";7708503727;770801001;"Железнова Юлия Олеговна; +73832294396; ZheleznovaUO@wsr.rzd";"ОТКРЫТОЕ АКЦИОНЕРНОЕ ОБЩЕСТВО ""РОССИЙСКИЕ ЖЕЛЕЗНЫЕ ДОРОГИ""";7708503727;770801001;"+73832294396; ZheleznovaUO@wsr.rzd";Москва;1605761.07;22.07.2026;31.07.2026;"На право заключения договора выполнения работ по ремонту модульной компрессорной станции МКС 20,4/9-2 ;; Соответствует запросу “компрессорная”";https://www.rts-tender.ru/poisk/id/l32616225220-1/;нет;компрессорная;rts-tender.ru/poisk + Search/LoadPage;2026-07-30
4532980;Сбор и вывоз отходов IV-V класса опасности, не относящихся к ТКО_RU02 Клин_141607, Московская область, г. Клин, ул. Московская, д. 28;Коммерческие;"Акционерное общество ""АБ ИНБЕВ ЭФЕС""";5020037784;502001001;;"Акционерное общество ""АБ ИНБЕВ ЭФЕС""";5020037784;502001001;;Московская область;0.00;21.07.2026;10.08.2026;"Отходы синтетических масел компрессорных ;; Соответствует запросу “компрессорная”";https://www.rts-tender.ru/poisk/id/l4532980-4-12-1/;нет;компрессорная;rts-tender.ru/poisk + Search/LoadPage;2026-07-30
32616224914;"Выполнение работ по ремонту компрессорных азотных станций для нужд ООО ""Газпром ПХГ"" в 2027 г. (№0057/26/1.4/00055094/ГПХГ/ПР/ГОС/Э/21.07.2026)";223-ФЗ;"ОБЩЕСТВО С ОГРАНИЧЕННОЙ ОТВЕТСТВЕННОСТЬЮ ""ГАЗПРОМ ПХГ""";5003065767;781001001;;"ОБЩЕСТВО С ОГРАНИЧЕННОЙ ОТВЕТСТВЕННОСТЬЮ ""ГАЗПРОМ ПХГ""";5003065767;781001001;;Санкт-Петербург;3064955.98;21.07.2026;31.07.2026;"ТР Станция компрессорная ТГА-9/200 ;; ТР Станция компрессорная СДА 9/251";https://www.rts-tender.ru/poisk/id/l32616224914-1/;нет;компрессорная;rts-tender.ru/poisk + Search/LoadPage;2026-07-30
3973920;Выполнение работ по вводу в эксплуатацию азотно-компрессорной станции (АКС);Коммерческие;"АКЦИОНЕРНОЕ ОБЩЕСТВО ""НАУЧНО-ИССЛЕДОВАТЕЛЬСКИЙ ИНСТИТУТ ОРГАНИЧЕСКИХ ПОЛУПРОДУКТОВ И КРАСИТЕЛЕЙ""";9710099978;504701001;"Пыжонкова Юлия Николаевна; +7(495)4087218 доб. 1004; ynpyzhonkova@niopik.ru";"АКЦИОНЕРНОЕ ОБЩЕСТВО ""НАУЧНО-ИССЛЕДОВАТЕЛЬСКИЙ ИНСТИТУТ ОРГАНИЧЕСКИХ ПОЛУПРОДУКТОВ И КРАСИТЕЛЕЙ""";9710099978;504701001;"+7(495)4087218 доб. 1004; ynpyzhonkova@niopik.ru";Московская область;0.00;21.07.2026;03.08.2026;"Выполнение работ по вводу в эксплуатацию азотно-компрессорной станции (АКС) ;; Соответствует запросу “компрессорная”";https://www.rts-tender.ru/poisk/id/l5990331-4-2-1/;нет;компрессорная;rts-tender.ru/poisk + Search/LoadPage;2026-07-30
4530266;Обслуживание компрессорного оборудования;Коммерческие;"Общество с ограниченной ответственностью ""Группа ПОЛИПЛАСТИК""";5021013384;772901001;;"Общество с ограниченной ответственностью ""Группа ПОЛИПЛАСТИК""";5021013384;772901001;;Москва;0.00;20.07.2026;03.08.2026;"Обслуживание компрессорного оборудования ;; Соответствует запросу “компрессорная”";https://www.rts-tender.ru/poisk/id/l4530266-4-12-1/;нет;компрессорная;rts-tender.ru/poisk + Search/LoadPage;2026-07-30
4529280;Поставка передвижной компрессорной станции на шасси;Коммерческие;"ОБЩЕСТВО С ОГРАНИЧЕННОЙ ОТВЕТСТВЕННОСТЬЮ ""ЧЕРНОГОРСКАЯ ГРК""";7705721371;770401001;;"ОБЩЕСТВО С ОГРАНИЧЕННОЙ ОТВЕТСТВЕННОСТЬЮ ""ЧЕРНОГОРСКАЯ ГРК""";7705721371;770401001;;Москва;0.00;17.07.2026;31.07.2026;"Передвижная компрессорная станция (на шасси) ;; Соответствует запросу “компрессорная”";https://www.rts-tender.ru/poisk/id/l4529280-4-12-1/;да;компрессорная;rts-tender.ru/poisk + Search/LoadPage;2026-07-30
4526370;Выполнение работ по капитальному ремонту винтового безмасляного воздушного компрессора Atlas Copco марки ZT90VSD-8.6-Pack и осушителя воздуха марки BD330+ в машинно-компрессорной станции предприятия АО «Нижфарм» (г. Н.Новгород);Коммерческие;"АКЦИОНЕРНОЕ ОБЩЕСТВО ""НИЖЕГОРОДСКИЙ ХИМИКО-ФАРМАЦЕВТИЧЕСКИЙ ЗАВОД""";5260900010;526201001;;"АКЦИОНЕРНОЕ ОБЩЕСТВО ""НИЖЕГОРОДСКИЙ ХИМИКО-ФАРМАЦЕВТИЧЕСКИЙ ЗАВОД""";5260900010;526201001;;Нижегородская область;0.00;15.07.2026;06.08.2026;;https://www.rts-tender.ru/poisk/id/l4526370-4-12-1/;нет;компрессорная;rts-tender.ru/poisk + Search/LoadPage;2026-07-30
4525010;Выбор поставщика вентиляционного оборудования для нужд ТС «Перекрёсток»;Коммерческие;"ПУБЛИЧНОЕ АКЦИОНЕРНОЕ ОБЩЕСТВО ""КОРПОРАТИВНЫЙ ЦЕНТР ИКС 5""";9722079341;772201001;;"ПУБЛИЧНОЕ АКЦИОНЕРНОЕ ОБЩЕСТВО ""КОРПОРАТИВНЫЙ ЦЕНТР ИКС 5""";9722079341;772201001;;Москва;0.00;15.07.2026;31.07.2026;"Приточная установка с ЭЛЕКТРИЧЕСКИМ воздухонагревателем и фреоновым испарителем, секцией фильтрации класса G4, воздушной заслонкой с местом под установку эл. привода и возвратной пружиной, шумоглушителями, гибкими ставка ;; Приточная установка с ЭЛЕКТРИЧЕСКИМ воздухонагревателем и фреоновым испарителем, секцией фильтрации класса G4, воздушной заслонкой с местом под установку эл. привода и возвратной пружиной, шумоглушителями, гибкими ставка";https://www.rts-tender.ru/poisk/id/l4525010-4-12-1/;нет;компрессорная;rts-tender.ru/poisk + Search/LoadPage;2026-07-30
4522635;Диагностика 2-х компрессоров 4ВМ10-100/8 в здании Компрессорной;Коммерческие;"АКЦИОНЕРНОЕ ОБЩЕСТВО ""НЫТВА""";5942400228;594201001;;"АКЦИОНЕРНОЕ ОБЩЕСТВО ""НЫТВА""";5942400228;594201001;;Пермский край;0.00;13.07.2026;03.08.2026;"Диагностика 2-х компрессоров 4ВМ10-100/8 в здании Компрессорной в соответствии с ТЗ ;; Соответствует запросу “компрессорная”";https://www.rts-tender.ru/poisk/id/l4522635-4-12-1/;нет;компрессорная;rts-tender.ru/poisk + Search/LoadPage;2026-07-30
4521754;"Восстановительный ремонт винтовых блоков компрессоров АО ""Лебединский ГОК"" в 2026 г.";Коммерческие;"ООО УК ""МЕТАЛЛОИНВЕСТ""";5018108484;773145001;;"АКЦИОНЕРНОЕ ОБЩЕСТВО ""ЛЕБЕДИНСКИЙ ГОРНООБОГАТИТЕЛЬНЫЙ КОМБИНАТ""";3127000014;997550001;;Байконур;0.00;11.07.2026;31.07.2026;"Ремонт винтового блока компрессорной установки ВВ - 32/8 М1 У2 бурового станка СБШ - 250 МНА 32 хоз. №102 ;; Ремонт винтового блока компрессорной установки ВВ-50/8 У2 бурового станка СБШ - 250 МНА 32 КП, хоз. №111";https://www.rts-tender.ru/poisk/id/l4521754-4-12-1/;нет;компрессорная;rts-tender.ru/poisk + Search/LoadPage;2026-07-30
4520907;"Выполнение работ по техническому обслуживанию холодильного оборудования предприятия ООО ""Хемофарм"" (чиллеры, драйкуллеры, гидромодули) в г.Обнинск";Коммерческие;"АКЦИОНЕРНОЕ ОБЩЕСТВО ""НИЖЕГОРОДСКИЙ ХИМИКО-ФАРМАЦЕВТИЧЕСКИЙ ЗАВОД""";5260900010;526201001;;"АКЦИОНЕРНОЕ ОБЩЕСТВО ""НИЖЕГОРОДСКИЙ ХИМИКО-ФАРМАЦЕВТИЧЕСКИЙ ЗАВОД""";5260900010;526201001;;Нижегородская область;0.00;10.07.2026;04.08.2026;"Компрессорно-конденсаторный блок YCCD 60 (чиллер+гидромодуль) ;; Соответствует запросу “компрессорная”";https://www.rts-tender.ru/poisk/id/l4520907-4-12-1/;нет;компрессорная;rts-tender.ru/poisk + Search/LoadPage;2026-07-30
32616193608;Поставка материалов смазочных;223-ФЗ;"АКЦИОНЕРНОЕ ОБЩЕСТВО ""ОХИНСКАЯ ТЭЦ""";6506000623;650601001;;"АКЦИОНЕРНОЕ ОБЩЕСТВО ""ОХИНСКАЯ ТЭЦ""";6506000623;650601001;;Сахалинская область;1525822.05;10.07.2026;03.08.2026;"Масла компрессорные ;; Соответствует запросу “компрессорная”";https://www.rts-tender.ru/poisk/id/l32616193608-1/;нет;компрессорная;rts-tender.ru/poisk + Search/LoadPage;2026-07-30
32616190693;"Выполнение работ по сбору исходных данных для логистического обеспечения строительства и разработке раздела проектной документации «Проект логистического обеспечения строительства» по объекту «Реконструкция азотно-компрессорной станции УКПГ Киринского ГКМ» для нужд ООО ""Газпром проектирование"" (для";223-ФЗ;"ОБЩЕСТВО С ОГРАНИЧЕННОЙ ОТВЕТСТВЕННОСТЬЮ ""ГАЗПРОМ ПРОЕКТИРОВАНИЕ""";0560022871;784201001;;"ОБЩЕСТВО С ОГРАНИЧЕННОЙ ОТВЕТСТВЕННОСТЬЮ ""ГАЗПРОМ ПРОЕКТИРОВАНИЕ""";0560022871;784201001;;Санкт-Петербург;10147653.15;09.07.2026;04.08.2026;;https://www.rts-tender.ru/poisk/id/l32616190693-1/;нет;компрессорная;rts-tender.ru/poisk + Search/LoadPage;2026-07-30
32616181237;Поставка, монтаж и пусконаладочные работы компрессорного оборудования;223-ФЗ;"АКЦИОНЕРНОЕ ОБЩЕСТВО ""АГЕНТСТВО ПО ГОСУДАРСТВЕННОМУ ЗАКАЗУ РЕСПУБЛИКИ ТАТАРСТАН""";1655391893;165501001;;"АВТОНОМНАЯ НЕКОММЕРЧЕСКАЯ ОРГАНИЗАЦИЯ ""БЕСПИЛОТНЫЕ ОБЪЕДИНЕННЫЕ ТЕХНОЛОГИИ""";0274983458;027401001;;Республика Башкортостан;4372873.34;06.07.2026;05.08.2026;"Компрессорная установка ДЭН-37Ш (или эквивалент) ;; Компрессорная установка ДЭН-55Ш «Плюс» (или эквивалент)";https://www.rts-tender.ru/poisk/id/l32616181237-1/;нет;компрессорная;rts-tender.ru/poisk + Search/LoadPage;2026-07-30
4462064;"Проведение конкурентной закупочной процедуры KFFGPK_105 Восстановительные работы по обшивке корпусов электрофильтров РУ-1, РУ-2, РУ-3, РУ-4 и трубопроводов от компрессорной станции до зданий СРК и УП . Филиал ТОО ""Казфосфат"" ""ГПК"" Обращаем внимание что закупка будет проходить в 2 этапа: 1 - Этап на";Коммерческие;"Товарищество с ограниченной ответственностью ""Казфосфат""";991040000313;;;"Товарищество с ограниченной ответственностью ""Казфосфат""";991040000313;;;Байконур;0.00;01.06.2026;31.07.2026;"KFFGPK_105 Восстановительные работы по обшивке корпусов электрофильтров РУ-1, РУ-2, РУ-3, РУ-4 и трубопроводов от компрессорной станции до зданий СРК и УП ;; Соответствует запросу “компрессорная”";https://www.rts-tender.ru/poisk/id/l4462064-4-12-1/;нет;компрессорная;rts-tender.ru/poisk + Search/LoadPage;2026-07-30
0348100038326000026;"Выполнение работ по капитальному ремонту фильмохранилища № 6 Федерального государственного бюджетного учреждения культуры ""Государственный фонд кинофильмов Российской Федерации"", расположенного по адресу: Московская обл., г.Домодедово, мкр-н Белые Столбы, тер. Госфильмофонд";44-ФЗ;"ФЕДЕРАЛЬНОЕ ГОСУДАРСТВЕННОЕ БЮДЖЕТНОЕ УЧРЕЖДЕНИЕ КУЛЬТУРЫ ""ГОСУДАРСТВЕННЫЙ ФОНД КИНОФИЛЬМОВ РОССИЙСКОЙ ФЕДЕРАЦИИ""";5009007137;500901001;;;;;;;331637860.00;29.05.2026;14.08.2026;;https://www.rts-tender.ru/poisk/id/l0348100038326000026-1/;нет;компрессорная;rts-tender.ru/poisk + Search/LoadPage;2026-07-30
0332100010626000017;Оснащение помещений (бытовая техника), расположенных в зданиях по адресам: г. Москва, ул. Каретный ряд, д. 2, Малый Каретный пер., д.4;44-ФЗ;"ФЕДЕРАЛЬНОЕ ГОСУДАРСТВЕННОЕ БЮДЖЕТНОЕ ОБРАЗОВАТЕЛЬНОЕ УЧРЕЖДЕНИЕ ДОПОЛНИТЕЛЬНОГО ПРОФЕССИОНАЛЬНОГО ОБРАЗОВАНИЯ ""АКАДЕМИЯ ЛИДЕРСТВА И АДМИНИСТРИРОВАНИЯ БИЗНЕС-ПРОЦЕССОВ ФНС РОССИИ""";5253000280;770701001;;"ФЕДЕРАЛЬНОЕ ГОСУДАРСТВЕННОЕ БЮДЖЕТНОЕ ОБРАЗОВАТЕЛЬНОЕ УЧРЕЖДЕНИЕ ДОПОЛНИТЕЛЬНОГО ПРОФЕССИОНАЛЬНОГО ОБРАЗОВАНИЯ ""АКАДЕМИЯ ЛИДЕРСТВА И АДМИНИСТРИРОВАНИЯ БИЗНЕС-ПРОЦЕССОВ ФНС РОССИИ""";5253000280;770701001;;Москва;938453.33;29.05.2026;04.09.2026;;https://www.rts-tender.ru/poisk/id/l0332100010626000017-1/;нет;компрессорная;rts-tender.ru/poisk + Search/LoadPage;2026-07-30
4461487;Приобретение программного обеспечения для выполнения статических, динамических и газодинамических расчетов роторов и отдельных узлов компрессорных и турбинных машин.;Коммерческие;"ПУБЛИЧНОЕ АКЦИОНЕРНОЕ ОБЩЕСТВО ""АЗОТРЕММАШ""";6320004630;632401001;;"ПУБЛИЧНОЕ АКЦИОНЕРНОЕ ОБЩЕСТВО ""АЗОТРЕММАШ""";6320004630;632401001;;Самарская область;0.00;27.05.2026;07.08.2026;;https://www.rts-tender.ru/poisk/id/l4461487-4-12-1/;нет;компрессорная;rts-tender.ru/poisk + Search/LoadPage;2026-07-30
0319300113226000001;Оказание услуг направленных на энергосбережение и повышение энергетической эффективности использования тепловой энергии;44-ФЗ;"МУНИЦИПАЛЬНОЕ БЮДЖЕТНОЕ ОБЩЕОБРАЗОВАТЕЛЬНОЕ УЧРЕЖДЕНИЕ ""ГИМНАЗИЯ № 91 ИМЕНИ М.В. ЛОМОНОСОВА""";2452016948;245201001;"Шамро Дмитрий Витальевич; 7-3919-723275; ku-sch91@yandex.ru";"МУНИЦИПАЛЬНОЕ БЮДЖЕТНОЕ ОБЩЕОБРАЗОВАТЕЛЬНОЕ УЧРЕЖДЕНИЕ ""ГИМНАЗИЯ № 91 ИМЕНИ М.В. ЛОМОНОСОВА""";2452016948;245201001;;Красноярский край;15229993.74;22.05.2026;07.08.2026;;https://www.rts-tender.ru/poisk/id/l0319300113226000001-1/;нет;компрессорная;rts-tender.ru/poisk + Search/LoadPage;2026-07-30
32615912264;ОКПД2 71.12.11.100 Осуществление действий, направленных на энергосбережение и повышение энергетической эффективности выработки электрической и тепловой энергии посредством создания новых источников электрической и тепловой генерации в п. Озерный и пгт. Эгвекинот городского округа Эгвекинот на основе;223-ФЗ;"АКЦИОНЕРНОЕ ОБЩЕСТВО ""РУСГИДРО СНАБЖЕНИЕ""";1510012774;246601001;;"АКЦИОНЕРНОЕ ОБЩЕСТВО ""ЧУКОТЭНЕРГО""";8700000339;870901001;;Чукотский автономный округ;10228000000.00;15.04.2026;30.07.2026;;https://www.rts-tender.ru/poisk/id/l32615912264-1/;нет;компрессорная;rts-tender.ru/poisk + Search/LoadPage;2026-07-30
32615634146;Выполнение строительно-монтажных работ по объекту «Газопровод высокого давления до границы земельного участка по адресу: Московская область, г Химки» в целях выполнения мероприятий по подключению (технологическому присоединению) по договору о подключении от 09.12.2022 № 20/11537-К3812-22 для нужд фи;223-ФЗ;"АКЦИОНЕРНОЕ ОБЩЕСТВО ""МОСОБЛГАЗ""";5032292612;503201001;"Саянов О. А.; +7 (498) 5690146; SayanovOA@krasnogorsk.mosoblgaz.ru";"АКЦИОНЕРНОЕ ОБЩЕСТВО ""МОСОБЛГАЗ""";5032292612;503201001;"+7 (498) 5690146; SayanovOA@krasnogorsk.mosoblgaz.ru";Московская область;2722891.89;23.01.2026;29.12.2026;;https://www.rts-tender.ru/poisk/id/l32615634146-1/;нет;компрессорная;rts-tender.ru/poisk + Search/LoadPage;2026-07-30
32414241885;"Поверка, аттестация средств измерений ООО ""Башкирэнерго"" 25-000517";223-ФЗ;"Акционерное общество ""Башкирская электросетевая компания""";0276143694;997450001;;"Акционерное общество ""Башкирская электросетевая компания""";0276143694;997450001;;Байконур;18818759.26;26.11.2024;06.12.2024;;https://www.rts-tender.ru/poisk/id/l32414241885-1/;нет;компрессорная;rts-tender.ru/poisk + Search/LoadPage;2026-07-30
32414197084;Право заключения договора на выполнение работ «Капитальный и текущий ремонт зданий и сооружений» для нужд Филиала «Пермский» ПАО «Т Плюс» (Чайковская ТЭЦ-18) (327-25);223-ФЗ;"Филиал ""Пермский"" Публичного акционерного общества «Т Плюс»";6315376946;590443003;;"Филиал ""Пермский"" Публичного акционерного общества «Т Плюс»";6315376946;590443003;;Пермский край;4831200.00;14.11.2024;29.11.2024;;https://www.rts-tender.ru/poisk/id/l32414197084-1/;нет;компрессорная;rts-tender.ru/poisk + Search/LoadPage;2026-07-30
32414194857;Выполнение СМР по мероприятию: «Модернизация тепловой сети тк.533л/1 от ТК 533 до УТ 4 с вводами на дома 7в, 7г, 7б ул. Мира» для нужд филиала «Владимирский» ПАО «Т Плюс»;223-ФЗ;"Филиал ""Владимирский"" Публичного акционерного общества «Т Плюс»";6315376946;631501001;;"Филиал ""Владимирский"" Публичного акционерного общества «Т Плюс»";6315376946;631501001;;Самарская область;0.00;14.11.2024;22.11.2024;;https://www.rts-tender.ru/poisk/id/l32414194857-1/;нет;компрессорная;rts-tender.ru/poisk + Search/LoadPage;2026-07-30
32414158254;Право заключения рамочного договора подряда на выполнение капитального ремонта магистральных трубопроводов ТВС Кайеркана АО «НТЭК», лот № 238/24 (УТВС/ТП/5-2025);223-ФЗ;Акционерное общество «Норильско-Таймырская энергетическая компания»;2457058356;785150001;;Акционерное общество «Норильско-Таймырская энергетическая компания»;2457058356;785150001;;Санкт-Петербург;73707787.14;05.11.2024;15.11.2024;;https://www.rts-tender.ru/poisk/id/l32414158254-1/;нет;компрессорная;rts-tender.ru/poisk + Search/LoadPage;2026-07-30
32414134081;Право заключения рамочного договора подряда на выполнение капитального ремонта трубопроводов теплоснабжения Норильска УТВС АО «НТЭК», лот № 227/24;223-ФЗ;Акционерное общество «Норильско-Таймырская энергетическая компания»;2457058356;785150001;;Акционерное общество «Норильско-Таймырская энергетическая компания»;2457058356;785150001;;Санкт-Петербург;0.00;29.10.2024;08.11.2024;;https://www.rts-tender.ru/poisk/id/l32414134081-1/;нет;компрессорная;rts-tender.ru/poisk + Search/LoadPage;2026-07-30
3815649;Выполнение комплекса работ по выводу информации о температуре в электрощитовых помещениях, работе компрессорного и кондиционерного оборудования в систему SCADA Архив на базе Adastra Trace Mode 7 c производственных площадок, расположенных на территории Заказчика по адресу: 617060, Пермский край, г. К;Коммерческие;ОБЩЕСТВО С ОГРАНИЧЕННОЙ ОТВЕТСТВЕННОСТЬЮ «КАМА»;5916031750;591601001;;ОБЩЕСТВО С ОГРАНИЧЕННОЙ ОТВЕТСТВЕННОСТЬЮ «КАМА»;5916031750;591601001;;Пермский край;0.00;07.10.2024;15.10.2037;"Выполнение комплекса работ по выводу информации о температуре в электрощитовых помещениях, работе компрессорного и кондиционерного оборудования в систему SCADA Архив на базе Adastra Trace Mode 7 c производственных площад ;; Соответствует запросу “компрессорная”";https://www.rts-tender.ru/poisk/id/l3815649-4-12-1/;нет;компрессорная;rts-tender.ru/poisk + Search/LoadPage;2026-07-30
0372100048826001178;Поставка кухонного инвентаря для буфетов клинических подразделений;44-ФЗ;"ФЕДЕРАЛЬНОЕ ГОСУДАРСТВЕННОЕ БЮДЖЕТНОЕ УЧРЕЖДЕНИЕ ""НАЦИОНАЛЬНЫЙ МЕДИЦИНСКИЙ ИССЛЕДОВАТЕЛЬСКИЙ ЦЕНТР ОНКОЛОГИИ ИМЕНИ Н.Н. ПЕТРОВА"" МИНИСТЕРСТВА ЗДРАВООХРАНЕНИЯ РОССИЙСКОЙ ФЕДЕРАЦИИ";7821006887;784301001;;"ФЕДЕРАЛЬНОЕ ГОСУДАРСТВЕННОЕ БЮДЖЕТНОЕ УЧРЕЖДЕНИЕ ""НАЦИОНАЛЬНЫЙ МЕДИЦИНСКИЙ ИССЛЕДОВАТЕЛЬСКИЙ ЦЕНТР ОНКОЛОГИИ ИМЕНИ Н.Н. ПЕТРОВА"" МИНИСТЕРСТВА ЗДРАВООХРАНЕНИЯ РОССИЙСКОЙ ФЕДЕРАЦИИ";7821006887;784301001;;Санкт-Петербург;156193.00;29.07.2026;05.08.2026;"Кастрюля ;; Кастрюля";https://www.rts-tender.ru/poisk/id/l0372100048826001178-1/;нет;кастрюля;rts-tender.ru/poisk + Search/LoadPage;2026-07-30
10536780;Поставка посуды из нержавеющей стали (кастрюли);Закупки малого объема;"ГОСУДАРСТВЕННОЕ БЮДЖЕТНОЕ СТАЦИОНАРНОЕ УЧРЕЖДЕНИЕ БРЯНСКОЙ ОБЛАСТИ ""КАРАЧЕВСКИЙ ДОМ СОЦИАЛЬНОГО ОБСЛУЖИВАНИЯ""";3214002667;324501001;;"ГОСУДАРСТВЕННОЕ БЮДЖЕТНОЕ СТАЦИОНАРНОЕ УЧРЕЖДЕНИЕ БРЯНСКОЙ ОБЛАСТИ ""КАРАЧЕВСКИЙ ДОМ СОЦИАЛЬНОГО ОБСЛУЖИВАНИЯ""";3214002667;324501001;Информация скрыта. Подробнее;Брянская область;20881.34;29.07.2026;03.08.2026;"Кастрюля из нержавеющей стали объемом 10 л ;; Кастрюля из нержавеющей стали объемом 3 л";https://www.rts-tender.ru/poisk/id/l15031862-3-9-1/;нет;кастрюля;rts-tender.ru/poisk + Search/LoadPage;2026-07-30
0372200065226000026;Поставка посуды и оборудования для пищеблока;44-ФЗ;ГОСУДАРСТВЕННОЕ БЮДЖЕТНОЕ ДОШКОЛЬНОЕ ОБРАЗОВАТЕЛЬНОЕ УЧРЕЖДЕНИЕ ДЕТСКИЙ САД № 2 КРАСНОСЕЛЬСКОГО РАЙОНА САНКТ-ПЕТЕРБУРГА;7807026112;780701001;;ГОСУДАРСТВЕННОЕ БЮДЖЕТНОЕ ДОШКОЛЬНОЕ ОБРАЗОВАТЕЛЬНОЕ УЧРЕЖДЕНИЕ ДЕТСКИЙ САД № 2 КРАСНОСЕЛЬСКОГО РАЙОНА САНКТ-ПЕТЕРБУРГА;7807026112;780701001;;Санкт-Петербург;351849.08;29.07.2026;07.08.2026;"Кастрюля тип 4 ;; Кастрюля тип 6";https://www.rts-tender.ru/poisk/id/l0372200065226000026-1/;нет;кастрюля;rts-tender.ru/poisk + Search/LoadPage;2026-07-30
32616247427;Поставка посуды и кухонных принадлежностей из коррозионностойкой стали;223-ФЗ;"АКЦИОНЕРНОЕ ОБЩЕСТВО ""КОМБИНАТ ШКОЛЬНОГО ПИТАНИЯ""";8602315757;860201001;;"АКЦИОНЕРНОЕ ОБЩЕСТВО ""КОМБИНАТ ШКОЛЬНОГО ПИТАНИЯ""";8602315757;860201001;"8 (3462) 550285 (703); las@kshp86.ru";Ханты-Мансийский автономный округ Югра;5913424.80;29.07.2026;06.08.2026;"кастрюля 1,5 - 2,0 л ;; кастрюля 1,5 - 2,0 л";https://www.rts-tender.ru/poisk/id/l32616247427-1/;нет;кастрюля;rts-tender.ru/poisk + Search/LoadPage;2026-07-30
32616247245;Поставка оборудования для лаборатории «Повар», расположенной в здании учебного корпуса по адресу: г. Североуральск, ул. Степана Разина, д. 1;223-ФЗ;"ГОСУДАРСТВЕННОЕ АВТОНОМНОЕ ПРОФЕССИОНАЛЬНОЕ ОБРАЗОВАТЕЛЬНОЕ УЧРЕЖДЕНИЕ СВЕРДЛОВСКОЙ ОБЛАСТИ ""СЕВЕРОУРАЛЬСКИЙ ПОЛИТЕХНИКУМ""";6631002064;661701001;;"ГОСУДАРСТВЕННОЕ АВТОНОМНОЕ ПРОФЕССИОНАЛЬНОЕ ОБРАЗОВАТЕЛЬНОЕ УЧРЕЖДЕНИЕ СВЕРДЛОВСКОЙ ОБЛАСТИ ""СЕВЕРОУРАЛЬСКИЙ ПОЛИТЕХНИКУМ""";6631002064;661701001;;Свердловская область;1892784.93;29.07.2026;06.08.2026;"Кастрюля 1,5л ;; Кастрюля 2л";https://www.rts-tender.ru/poisk/id/l32616247245-1/;нет;кастрюля;rts-tender.ru/poisk + Search/LoadPage;2026-07-30
32616245384;Поставка посуды и кухонных принадлежностей для столовой;223-ФЗ;"АКЦИОНЕРНОЕ ОБЩЕСТВО ""ОСОБАЯ ЭКОНОМИЧЕСКАЯ ЗОНА ТЕХНИКО-ВНЕДРЕНЧЕСКОГО ТИПА ""ТОМСК""";7017153992;701701001;;"АКЦИОНЕРНОЕ ОБЩЕСТВО ""ОСОБАЯ ЭКОНОМИЧЕСКАЯ ЗОНА ТЕХНИКО-ВНЕДРЕНЧЕСКОГО ТИПА ""ТОМСК""";7017153992;701701001;"+7(382)2488650 доб. 128; StepanovaYO@oez.tomsk.ru";Томская область;730962.00;29.07.2026;30.07.2026;"Кастрюля 12,0л (d35см; h14см) [ОБЩЕПИТ] ТРС. Капсульное дно ;; Кастрюля 12,0л (d35см; h14см) [ОБЩЕПИТ] ТРС. Капсульное дно";https://www.rts-tender.ru/poisk/id/l32616245384-1/;нет;кастрюля;rts-tender.ru/poisk + Search/LoadPage;2026-07-30
10531679;Поставка хозяйственно-бытовых товаров;Закупки малого объема;"БЮДЖЕТНОЕ УЧРЕЖДЕНИЕ ГОРОДА ОМСКА ""ОМСКИЙ МОЛОДЕЖНЫЙ МНОГОФУНКЦИОНАЛЬНЫЙ ЦЕНТР""";5504127654;550301001;;"БЮДЖЕТНОЕ УЧРЕЖДЕНИЕ ГОРОДА ОМСКА ""ОМСКИЙ МОЛОДЕЖНЫЙ МНОГОФУНКЦИОНАЛЬНЫЙ ЦЕНТР""";5504127654;550301001;Информация скрыта. Подробнее;Омская область;175074.84;28.07.2026;30.07.2026;"Набор посуды для приготовления пищи; Комплектация - Кастрюля с крышкой ;; Соответствует запросу “кастрюля”";https://www.rts-tender.ru/poisk/id/l15025758-3-9-1/;нет;кастрюля;rts-tender.ru/poisk + Search/LoadPage;2026-07-30
0318300194226000341;Поставка кастрюль из нержавеющей стали для оснащения пищеблока;44-ФЗ;"ГОСУДАРСТВЕННОЕ БЮДЖЕТНОЕ УЧРЕЖДЕНИЕ ЗДРАВООХРАНЕНИЯ ""ГОРОДСКАЯ БОЛЬНИЦА ГОРОДА КРОПОТКИНА"" МИНИСТЕРСТВА ЗДРАВООХРАНЕНИЯ КРАСНОДАРСКОГО КРАЯ";2313017430;231301001;;"ГОСУДАРСТВЕННОЕ БЮДЖЕТНОЕ УЧРЕЖДЕНИЕ ЗДРАВООХРАНЕНИЯ ""ГОРОДСКАЯ БОЛЬНИЦА ГОРОДА КРОПОТКИНА"" МИНИСТЕРСТВА ЗДРАВООХРАНЕНИЯ КРАСНОДАРСКОГО КРАЯ";2313017430;231301001;;Краснодарский край;32649.00;28.07.2026;05.08.2026;"Кастрюля ;; Кастрюля";https://www.rts-tender.ru/poisk/id/l0318300194226000341-1/;нет;кастрюля;rts-tender.ru/poisk + Search/LoadPage;2026-07-30
0318300194226000340;Поставка кастрюль, столовых приборов из нержавеющей стали для оснащения пищеблока;44-ФЗ;"ГОСУДАРСТВЕННОЕ БЮДЖЕТНОЕ УЧРЕЖДЕНИЕ ЗДРАВООХРАНЕНИЯ ""ГОРОДСКАЯ БОЛЬНИЦА ГОРОДА КРОПОТКИНА"" МИНИСТЕРСТВА ЗДРАВООХРАНЕНИЯ КРАСНОДАРСКОГО КРАЯ";2313017430;231301001;;"ГОСУДАРСТВЕННОЕ БЮДЖЕТНОЕ УЧРЕЖДЕНИЕ ЗДРАВООХРАНЕНИЯ ""ГОРОДСКАЯ БОЛЬНИЦА ГОРОДА КРОПОТКИНА"" МИНИСТЕРСТВА ЗДРАВООХРАНЕНИЯ КРАСНОДАРСКОГО КРАЯ";2313017430;231301001;;Краснодарский край;112589.01;28.07.2026;05.08.2026;;https://www.rts-tender.ru/poisk/id/l0318300194226000340-1/;нет;кастрюля;rts-tender.ru/poisk + Search/LoadPage;2026-07-30
0318300163426000673;Поставка товара;44-ФЗ;"ГОСУДАРСТВЕННОЕ БЮДЖЕТНОЕ УЧРЕЖДЕНИЕ ЗДРАВООХРАНЕНИЯ ""ВЫСЕЛКОВСКАЯ ЦЕНТРАЛЬНАЯ РАЙОННАЯ БОЛЬНИЦА ИМЕНИ ЗАСЛУЖЕННОГО ВРАЧА РФ В.Ф. ДОЛГОПОЛОВА"" МИНИСТЕРСТВА ЗДРАВООХРАНЕНИЯ КРАСНОДАРСКОГО КРАЯ";2328005589;232801001;;"ГОСУДАРСТВЕННОЕ БЮДЖЕТНОЕ УЧРЕЖДЕНИЕ ЗДРАВООХРАНЕНИЯ ""ВЫСЕЛКОВСКАЯ ЦЕНТРАЛЬНАЯ РАЙОННАЯ БОЛЬНИЦА ИМЕНИ ЗАСЛУЖЕННОГО ВРАЧА РФ В.Ф. ДОЛГОПОЛОВА"" МИНИСТЕРСТВА ЗДРАВООХРАНЕНИЯ КРАСНОДАРСКОГО КРАЯ";2328005589;232801001;;Краснодарский край;76361.67;28.07.2026;04.08.2026;"Кастрюля, 3 литра ;; Кастрюля, 1,5 литра";https://www.rts-tender.ru/poisk/id/l0318300163426000673-1/;нет;кастрюля;rts-tender.ru/poisk + Search/LoadPage;2026-07-30
0372200289926000079;Поставка кастрюль и чайников;44-ФЗ;"САНКТ-ПЕТЕРБУРГСКОЕ ГОСУДАРСТВЕННОЕ БЮДЖЕТНОЕ СТАЦИОНАРНОЕ УЧРЕЖДЕНИЕ СОЦИАЛЬНОГО ОБСЛУЖИВАНИЯ НАСЕЛЕНИЯ ""ДОМ СОЦИАЛЬНОГО ОБСЛУЖИВАНИЯ ""ПАРУС""";7843004788;784301001;;"САНКТ-ПЕТЕРБУРГСКОЕ ГОСУДАРСТВЕННОЕ БЮДЖЕТНОЕ СТАЦИОНАРНОЕ УЧРЕЖДЕНИЕ СОЦИАЛЬНОГО ОБСЛУЖИВАНИЯ НАСЕЛЕНИЯ ""ДОМ СОЦИАЛЬНОГО ОБСЛУЖИВАНИЯ ""ПАРУС""";7843004788;784301001;;Санкт-Петербург;231700.75;27.07.2026;03.08.2026;"Кастрюля ;; Кастрюля";https://www.rts-tender.ru/poisk/id/l0372200289926000079-1/;нет;кастрюля;rts-tender.ru/poisk + Search/LoadPage;2026-07-30
0372200001326000030;Поставка кухонного инвентаря и посуды в ГБОУ школа № 131 Красносельского района Санкт-Петербурга в 2026 году;44-ФЗ;ГОСУДАРСТВЕННОЕ БЮДЖЕТНОЕ ОБЩЕОБРАЗОВАТЕЛЬНОЕ УЧРЕЖДЕНИЕ ШКОЛА № 131 КРАСНОСЕЛЬСКОГО РАЙОНА САНКТ-ПЕТЕРБУРГА;7807023746;780701001;;ГОСУДАРСТВЕННОЕ БЮДЖЕТНОЕ ОБЩЕОБРАЗОВАТЕЛЬНОЕ УЧРЕЖДЕНИЕ ШКОЛА № 131 КРАСНОСЕЛЬСКОГО РАЙОНА САНКТ-ПЕТЕРБУРГА;7807023746;780701001;;Санкт-Петербург;996505.41;27.07.2026;04.08.2026;"Кастрюля тип 2 ;; Кастрюля тип 1";https://www.rts-tender.ru/poisk/id/l0372200001326000030-1/;нет;кастрюля;rts-tender.ru/poisk + Search/LoadPage;2026-07-30
1811568;Поставка посуды;223-ФЗ;"МУНИЦИПАЛЬНОЕ ОБЩЕОБРАЗОВАТЕЛЬНОЕ УЧРЕЖДЕНИЕ ""СРЕДНЯЯ ОБЩЕОБРАЗОВАТЕЛЬНАЯ ШКОЛА П. НОВОПУШКИНСКОЕ"" ЭНГЕЛЬССКОГО МУНИЦИПАЛЬНОГО РАЙОНА САРАТОВСКОЙ ОБЛАСТИ";6449031090;644901001;;"МУНИЦИПАЛЬНОЕ ОБЩЕОБРАЗОВАТЕЛЬНОЕ УЧРЕЖДЕНИЕ ""СРЕДНЯЯ ОБЩЕОБРАЗОВАТЕЛЬНАЯ ШКОЛА П. НОВОПУШКИНСКОЕ"" ЭНГЕЛЬССКОГО МУНИЦИПАЛЬНОГО РАЙОНА САРАТОВСКОЙ ОБЛАСТИ";6449031090;644901001;;Саратовская область;258292.74;27.07.2026;31.07.2026;"Кастрюля 20 л., 35х23,5 см, нерж., сварной, клепанные ручки ;; Кастрюля 20 л., 35х23,5 см, нерж., сварной, клепанные ручки";https://www.rts-tender.ru/poisk/id/l1811568-2-15-1/;нет;кастрюля;rts-tender.ru/poisk + Search/LoadPage;2026-07-30
0351300045526000272;Поставка кастрюль;44-ФЗ;"ГОСУДАРСТВЕННОЕ БЮДЖЕТНОЕ УЧРЕЖДЕНИЕ ЗДРАВООХРАНЕНИЯ НОВОСИБИРСКОЙ ОБЛАСТИ ""ГОРОДСКАЯ КЛИНИЧЕСКАЯ ПОЛИКЛИНИКА № 2""";5405241444;540501001;"Скоблякова Елена Борисовна; 8-383-2662725; ebskoblaykova@mznso.ru";"ГОСУДАРСТВЕННОЕ БЮДЖЕТНОЕ УЧРЕЖДЕНИЕ ЗДРАВООХРАНЕНИЯ НОВОСИБИРСКОЙ ОБЛАСТИ ""ГОРОДСКАЯ КЛИНИЧЕСКАЯ ПОЛИКЛИНИКА № 2""";5405241444;540501001;;Новосибирская область;8597.33;27.07.2026;04.08.2026;"Кастрюля ;; Кастрюля";https://www.rts-tender.ru/poisk/id/l0351300045526000272-1/;нет;кастрюля;rts-tender.ru/poisk + Search/LoadPage;2026-07-30
4536456;Инвентарь для кондитера в Lotte Hotel Sochi. г. Сочи;Коммерческие;"ОБЩЕСТВО С ОГРАНИЧЕННОЙ ОТВЕТСТВЕННОСТЬЮ ""НОВАЯ РИВЬЕРА""";2366047075;236601001;;"ОБЩЕСТВО С ОГРАНИЧЕННОЙ ОТВЕТСТВЕННОСТЬЮ ""НОВАЯ РИВЬЕРА""";2366047075;236601001;;Краснодарский край;0.00;24.07.2026;04.08.2026;"Кастрюля 4 л. нерж. d=18 см. h=16 см. б/кр (индукция) Мастер Pinti ;; Кастрюля 10,75 л. нерж. d=24 см. h=24 см. б/кр (индукция) Мастер Pinti";https://www.rts-tender.ru/poisk/id/l4536456-4-12-1/;нет;кастрюля;rts-tender.ru/poisk + Search/LoadPage;2026-07-30
4536460;Инвентарь для ресторанов в Lotte Hotel Sochi. г. Сочи;Коммерческие;"ОБЩЕСТВО С ОГРАНИЧЕННОЙ ОТВЕТСТВЕННОСТЬЮ ""НОВАЯ РИВЬЕРА""";2366047075;236601001;;"ОБЩЕСТВО С ОГРАНИЧЕННОЙ ОТВЕТСТВЕННОСТЬЮ ""НОВАЯ РИВЬЕРА""";2366047075;236601001;;Краснодарский край;0.00;24.07.2026;04.08.2026;"Кастрюля 10,75 л. нерж. d=24 см. h=24 см. б/кр (индукция) Мастер Pinti ;; Кастрюля 13,25 л. нерж. d=36 см. h=14 см. б/кр (индукция) Мастер Pinti";https://www.rts-tender.ru/poisk/id/l4536460-4-12-1/;нет;кастрюля;rts-tender.ru/poisk + Search/LoadPage;2026-07-30
0369200034826000052;Поставка кастрюль;44-ФЗ;"ГОСУДАРСТВЕННОЕ БЮДЖЕТНОЕ УЧРЕЖДЕНИЕ ЗДРАВООХРАНЕНИЯ ""ЧЕЛЯБИНСКИЙ ОБЛАСТНОЙ ЦЕНТР РЕАБИЛИТАЦИИ""";7451332347;745101001;"Таскаева Татьяна Валерьевна; 8-351-2622964; rzentr@bk.ru";"ГОСУДАРСТВЕННОЕ БЮДЖЕТНОЕ УЧРЕЖДЕНИЕ ЗДРАВООХРАНЕНИЯ ""ЧЕЛЯБИНСКИЙ ОБЛАСТНОЙ ЦЕНТР РЕАБИЛИТАЦИИ""";7451332347;745101001;;Челябинская область;38427.75;24.07.2026;03.08.2026;"Кастрюля ;; Соответствует запросу “кастрюля”";https://www.rts-tender.ru/poisk/id/l0369200034826000052-1/;нет;кастрюля;rts-tender.ru/poisk + Search/LoadPage;2026-07-30
0369300382526000040;Хозяйственные товары;44-ФЗ;"ГОСУДАРСТВЕННОЕ БЮДЖЕТНОЕ УЧРЕЖДЕНИЕ ЗДРАВООХРАНЕНИЯ ""ДЕТСКИЙ САНАТОРИЙ № 2 Г. ЧЕЛЯБИНСК""";7450025590;746001001;;"ГОСУДАРСТВЕННОЕ БЮДЖЕТНОЕ УЧРЕЖДЕНИЕ ЗДРАВООХРАНЕНИЯ ""ДЕТСКИЙ САНАТОРИЙ № 2 Г. ЧЕЛЯБИНСК""";7450025590;746001001;;Челябинская область;42652.50;24.07.2026;31.07.2026;"Кастрюля ;; Соответствует запросу “кастрюля”";https://www.rts-tender.ru/poisk/id/l0369300382526000040-1/;нет;кастрюля;rts-tender.ru/poisk + Search/LoadPage;2026-07-30
4536968;"Инвентарь кухонный для общепита ООО ""ВГК СЕРВИС""";Коммерческие;"Общество с ограниченной ответственностью ""ВОСТОЧНАЯ ГОРНОРУДНАЯ КОМПАНИЯ""";7705974044;650801001;;"Общество с ограниченной ответственностью ""ВОСТОЧНАЯ ГОРНОРУДНАЯ КОМПАНИЯ""";7705974044;650801001;;Сахалинская область;0.00;24.07.2026;03.08.2026;"Кастрюля D 30см h 30см 21,3 л с крышкой D 26,5 см сэндвич дна, нерж.сталь матовая ;; Соответствует запросу “кастрюля”";https://www.rts-tender.ru/poisk/id/l4536968-4-12-1/;нет;кастрюля;rts-tender.ru/poisk + Search/LoadPage;2026-07-30
32616234115;Поставка химических реактивов и химической посуды;223-ФЗ;"ГОСУДАРСТВЕННОЕ УНИТАРНОЕ ПРЕДПРИЯТИЕ ГОРОДА СЕВАСТОПОЛЯ ""СЕВТЕПЛОЭНЕРГО""";9204004793;920401001;"Кашкин Д. А.; +7 (8692) 404138; teplo_zakupki@sevastopolteplo.ru";"ГОСУДАРСТВЕННОЕ УНИТАРНОЕ ПРЕДПРИЯТИЕ ГОРОДА СЕВАСТОПОЛЯ ""СЕВТЕПЛОЭНЕРГО""";9204004793;920401001;"+7 (8692) 404138; teplo_zakupki@sevastopolteplo.ru";Севастополь;346520.64;24.07.2026;31.07.2026;"Кастрюля фарфоровая №1 ;; Кастрюля фарфоровая №1";https://www.rts-tender.ru/poisk/id/l32616234115-1/;нет;кастрюля;rts-tender.ru/poisk + Search/LoadPage;2026-07-30
0372200139326000010;Поставка посуды;44-ФЗ;ГОСУДАРСТВЕННОЕ БЮДЖЕТНОЕ ДОШКОЛЬНОЕ ОБРАЗОВАТЕЛЬНОЕ УЧРЕЖДЕНИЕ ДЕТСКИЙ САД № 28 КОМБИНИРОВАННОГО ВИДА ВАСИЛЕОСТРОВСКОГО РАЙОНА САНКТ-ПЕТЕРБУРГА;7801136542;780101001;"Сутормина Ольга Владимировна; 7-812-3506627; vasdou28@yandex.ru";ГОСУДАРСТВЕННОЕ БЮДЖЕТНОЕ ДОШКОЛЬНОЕ ОБРАЗОВАТЕЛЬНОЕ УЧРЕЖДЕНИЕ ДЕТСКИЙ САД № 28 КОМБИНИРОВАННОГО ВИДА ВАСИЛЕОСТРОВСКОГО РАЙОНА САНКТ-ПЕТЕРБУРГА;7801136542;780101001;;Санкт-Петербург;105061.71;23.07.2026;04.08.2026;"Кастрюля ;; Соответствует запросу “кастрюля”";https://www.rts-tender.ru/poisk/id/l0372200139326000010-1/;нет;кастрюля;rts-tender.ru/poisk + Search/LoadPage;2026-07-30
0367100019326000130;Поставка кухонного инвентаря;44-ФЗ;"ТОБОЛЬСКИЙ РАЙОН ВОДНЫХ ПУТЕЙ И СУДОХОДСТВА-ФИЛИАЛ ФЕДЕРАЛЬНОГО БЮДЖЕТНОГО УЧРЕЖДЕНИЯ ""АДМИНИСТРАЦИЯ ОБЬ-ИРТЫШСКОГО БАССЕЙНА ВНУТРЕННИХ ВОДНЫХ ПУТЕЙ""";5504002648;720602001;;"ТОБОЛЬСКИЙ РАЙОН ВОДНЫХ ПУТЕЙ И СУДОХОДСТВА-ФИЛИАЛ ФЕДЕРАЛЬНОГО БЮДЖЕТНОГО УЧРЕЖДЕНИЯ ""АДМИНИСТРАЦИЯ ОБЬ-ИРТЫШСКОГО БАССЕЙНА ВНУТРЕННИХ ВОДНЫХ ПУТЕЙ""";5504002648;720602001;;Тюменская область;15907.54;23.07.2026;31.07.2026;"Кастрюля ;; Кастрюля";https://www.rts-tender.ru/poisk/id/l0367100019326000130-1/;нет;кастрюля;rts-tender.ru/poisk + Search/LoadPage;2026-07-30
0352200033426000358;Поставка посуды из нержавеющей стали (Реестровый номер 2026.050089);44-ФЗ;"БЮДЖЕТНОЕ УЧРЕЖДЕНИЕ ЗДРАВООХРАНЕНИЯ ОМСКОЙ ОБЛАСТИ ""ОБЛАСТНАЯ ДЕТСКАЯ КЛИНИЧЕСКАЯ БОЛЬНИЦА""";5504004638;550401001;"Горбунов Олег Юрьевич; 8-3812-533025; odkb-zakupki@yandex.ru";"БЮДЖЕТНОЕ УЧРЕЖДЕНИЕ ЗДРАВООХРАНЕНИЯ ОМСКОЙ ОБЛАСТИ ""ОБЛАСТНАЯ ДЕТСКАЯ КЛИНИЧЕСКАЯ БОЛЬНИЦА""";5504004638;550401001;;Омская область;18000.00;23.07.2026;31.07.2026;"Кастрюля ;; Кастрюля";https://www.rts-tender.ru/poisk/id/l0352200033426000358-1/;нет;кастрюля;rts-tender.ru/poisk + Search/LoadPage;2026-07-30
0311100016926000117;Поставка лабораторных ТМЦ 2026;44-ФЗ;"ФЕДЕРАЛЬНОЕ ГОСУДАРСТВЕННОЕ БЮДЖЕТНОЕ ОБРАЗОВАТЕЛЬНОЕ УЧРЕЖДЕНИЕ ВЫСШЕГО ОБРАЗОВАНИЯ ""КАЗАНСКИЙ НАЦИОНАЛЬНЫЙ ИССЛЕДОВАТЕЛЬСКИЙ ТЕХНОЛОГИЧЕСКИЙ УНИВЕРСИТЕТ""";1655018804;165501001;;"ФЕДЕРАЛЬНОЕ ГОСУДАРСТВЕННОЕ БЮДЖЕТНОЕ ОБРАЗОВАТЕЛЬНОЕ УЧРЕЖДЕНИЕ ВЫСШЕГО ОБРАЗОВАНИЯ ""КАЗАНСКИЙ НАЦИОНАЛЬНЫЙ ИССЛЕДОВАТЕЛЬСКИЙ ТЕХНОЛОГИЧЕСКИЙ УНИВЕРСИТЕТ""";1655018804;165501001;;Республика Татарстан;1941507.00;22.07.2026;30.07.2026;"Кастрюля фарфоровая №2, 250 мл, с ручкой ;; Кастрюля фарфоровая №3, 500 мл, с ручкой";https://www.rts-tender.ru/poisk/id/l0311100016926000117-1/;нет;кастрюля;rts-tender.ru/poisk + Search/LoadPage;2026-07-30
0342300020526000044;"Поставка хозяйственно-бытовых товаров для нужд Государственного бюджетного учреждения здравоохранения Самарской области ""Тольяттинская стоматологическая поликлиника № 1""";44-ФЗ;"ГОСУДАРСТВЕННОЕ БЮДЖЕТНОЕ УЧРЕЖДЕНИЕ ЗДРАВООХРАНЕНИЯ САМАРСКОЙ ОБЛАСТИ ""ТОЛЬЯТТИНСКАЯ СТОМАТОЛОГИЧЕСКАЯ ПОЛИКЛИНИКА № 1""";6320001572;632101001;;"ГОСУДАРСТВЕННОЕ БЮДЖЕТНОЕ УЧРЕЖДЕНИЕ ЗДРАВООХРАНЕНИЯ САМАРСКОЙ ОБЛАСТИ ""ТОЛЬЯТТИНСКАЯ СТОМАТОЛОГИЧЕСКАЯ ПОЛИКЛИНИКА № 1""";6320001572;632101001;;Самарская область;80724.00;21.07.2026;03.08.2026;"Кастрюля ;; Кастрюля";https://www.rts-tender.ru/poisk/id/l0342300020526000044-1/;нет;кастрюля;rts-tender.ru/poisk + Search/LoadPage;2026-07-30
32615610611;Выполнение строительно-монтажных работ по объекту «Газопровод высокого давления до границы земельного участка по адресу: Московская обл, Шаховской р-н, п. Шаховская, ул.Солнечная, дом 2» в целях выполнения мероприятий по подключению (технологическому присоединению) по договору о подключении от 17.08;223-ФЗ;"АКЦИОНЕРНОЕ ОБЩЕСТВО ""МОСОБЛГАЗ""";5032292612;503201001;;"АКЦИОНЕРНОЕ ОБЩЕСТВО ""МОСОБЛГАЗ""";5032292612;503201001;"+8 (498) 5690146; SayanovOA@krasnogorsk.mosoblgaz.ru";Московская область;411026.93;15.01.2026;29.12.2026;;https://www.rts-tender.ru/poisk/id/l32615610611-1/;нет;центробежный компрессор;rts-tender.ru/poisk + Search/LoadPage;2026-07-30
32414353784;Выполнение работ «Ремонт социально-бытовых помещений Закамской ТЭЦ-5» для нужд Филиала «Пермский» ПАО «Т Плюс» (Закамская ТЭЦ-5) (371/25);223-ФЗ;"Филиал ""Пермский"" Публичного акционерного общества «Т Плюс»";6315376946;590443003;;"Филиал ""Пермский"" Публичного акционерного общества «Т Плюс»";6315376946;590443003;;Пермский край;2016000.00;19.12.2024;10.01.2025;;https://www.rts-tender.ru/poisk/id/l32414353784-1/;нет;центробежный компрессор;rts-tender.ru/poisk + Search/LoadPage;2026-07-30
4543461;Запасные части «Borus BRWJ-3,5»;Коммерческие;"АКЦИОНЕРНОЕ ОБЩЕСТВО ""АРТЁМОВСКИЙ РУДНИК""";2466173203;246601001;;"АКЦИОНЕРНОЕ ОБЩЕСТВО ""АРТЁМОВСКИЙ РУДНИК""";2466173203;246601001;;Красноярский край;0.00;30.07.2026;06.08.2026;"Компрессор кондиционера Borus G000000764 WJ3,5 ;; Соответствует запросу “компрессор”";https://www.rts-tender.ru/poisk/id/l4543461-4-12-1/;нет;компрессор;rts-tender.ru/poisk + Search/LoadPage;2026-07-30
32616249443;Поставка запасных частей, по заявкам Заказчика, для проведения ремонтных работ фронтальных погрузчиков SDLG (Мусоросортировочный комплекс);223-ФЗ;"ОБЩЕСТВО С ОГРАНИЧЕННОЙ ОТВЕТСТВЕННОСТЬЮ ""РОСТТЕХ""";2465240182;240401001;;"ОБЩЕСТВО С ОГРАНИЧЕННОЙ ОТВЕТСТВЕННОСТЬЮ ""РОСТТЕХ""";2465240182;240401001;"79658962028; torg@rosttech.online";Красноярский край;2495944.00;30.07.2026;06.08.2026;"Компрессор WP6G160 SDLG 946 (привод шестерней) 1000714254 ;; Компрессор WP6G160 SDLG 946 (привод шестерней) 1000714254";https://www.rts-tender.ru/poisk/id/l32616249443-1/;нет;компрессор;rts-tender.ru/poisk + Search/LoadPage;2026-07-30
4543417;Приобретение Запасных частей ГТТ;Коммерческие;"АКЦИОНЕРНОЕ ОБЩЕСТВО ""ВЫСОЧАЙШИЙ""";3802008553;380201001;;"АКЦИОНЕРНОЕ ОБЩЕСТВО ""ВЫСОЧАЙШИЙ""";3802008553;380201001;;Иркутская область;0.00;30.07.2026;10.08.2026;"Компрессор (compressor G) 4649988 ;; Соответствует запросу “компрессор”";https://www.rts-tender.ru/poisk/id/l4543417-4-12-1/;нет;компрессор;rts-tender.ru/poisk + Search/LoadPage;2026-07-30
0128200000126004463;"Оказание услуг по техническому обслуживанию и ремонту легковых автомобилей и легких грузовых автотранспортных средств (оказание услуг по диагностике, техническому обслуживанию и текущему ремонту автомобилей) для ГБУЗ ""Городская больница ЗАТО г. Радужный"" на 2026 г.";44-ФЗ;МИНИСТЕРСТВО ИМУЩЕСТВЕННЫХ И ЗЕМЕЛЬНЫХ ОТНОШЕНИЙ ВЛАДИМИРСКОЙ ОБЛАСТИ;3329013633;332901001;;"ГОСУДАРСТВЕННОЕ БЮДЖЕТНОЕ УЧРЕЖДЕНИЕ ЗДРАВООХРАНЕНИЯ ""ГОРОДСКАЯ БОЛЬНИЦА ЗАТО Г. РАДУЖНЫЙ ВЛАДИМИРСКОЙ ОБЛАСТИ""";3308004571;330801001;;Владимирская область;400000.00;29.07.2026;07.08.2026;"Компрессор кондиционера Лада Vesta,X-Ray (ОАО""АВТОВАЗ"") ;; Компрессор кондиционера УАЗ-Патриот (6РК) бензин SANDEN (UAZ)";https://www.rts-tender.ru/poisk/id/l0128200000126004463-1/;нет;компрессор;rts-tender.ru/poisk + Search/LoadPage;2026-07-30
3983312;Открытый запрос цен в электронной форме на право заключения договора на поставку, установку и наладку безмасляного винтового компрессора с частотным регулированием на объект: «Технопарк, 1 этап»;Коммерческие;НЕКОММЕРЧЕСКАЯ ОРГАНИЗАЦИЯ ФОНД РАЗВИТИЯ ЦЕНТРА РАЗРАБОТКИ И КОММЕРЦИАЛИЗАЦИИ НОВЫХ ТЕХНОЛОГИЙ;7701058410;773101001;;НЕКОММЕРЧЕСКАЯ ОРГАНИЗАЦИЯ ФОНД РАЗВИТИЯ ЦЕНТРА РАЗРАБОТКИ И КОММЕРЦИАЛИЗАЦИИ НОВЫХ ТЕХНОЛОГИЙ;7701058410;773101001;"+7(495)9560033 доб. 2061; SkZakupki@sk.ru";Москва;8506000.00;29.07.2026;06.08.2026;"Поставка, установка и наладка безмасляного винтового компрессора с частотным регулированием ;; Соответствует запросу “компрессор”";https://www.rts-tender.ru/poisk/id/l6000348-4-2-1/;нет;компрессор;rts-tender.ru/poisk + Search/LoadPage;2026-07-30
0330500001226000027;Оказание услуг по диагностике, техническому обслуживанию и ремонту автотранспортного средства;44-ФЗ;"БЮДЖЕТНОЕ УЧРЕЖДЕНИЕ В СФЕРЕ ЗДРАВООХРАНЕНИЯ ВОЛОГОДСКОЙ ОБЛАСТИ ""ФАРМАЦИЯ""";3525481966;352501001;;"БЮДЖЕТНОЕ УЧРЕЖДЕНИЕ В СФЕРЕ ЗДРАВООХРАНЕНИЯ ВОЛОГОДСКОЙ ОБЛАСТИ ""ФАРМАЦИЯ""";3525481966;352501001;;Вологодская область;500000.00;29.07.2026;05.08.2026;"Оказание услуг по замене компрессора кондиционера для транспортного средства Фольксваген 7НС Транспортер ;; Соответствует запросу “компрессор”";https://www.rts-tender.ru/poisk/id/l0330500001226000027-1/;нет;компрессор;rts-tender.ru/poisk + Search/LoadPage;2026-07-30
0829500001126005069;"Оказание услуг по техническому обслуживанию и ремонту медицинского оборудования с заменой запасных частей ГБУЗ ""ВОКПЦ № 2"" в III-IV кварталах 2026 года";44-ФЗ;"ГОСУДАРСТВЕННОЕ КАЗЕННОЕ УЧРЕЖДЕНИЕ ""ЦЕНТР СОПРОВОЖДЕНИЯ ЗАКУПОК ГОСУДАРСТВЕННЫХ УЧРЕЖДЕНИЙ ЗДРАВООХРАНЕНИЯ ВОЛГОГРАДСКОЙ ОБЛАСТИ""";3460088465;346001001;;"ГОСУДАРСТВЕННОЕ БЮДЖЕТНОЕ УЧРЕЖДЕНИЕ ЗДРАВООХРАНЕНИЯ ""ВОЛГОГРАДСКИЙ ОБЛАСТНОЙ КЛИНИЧЕСКИЙ ПЕРИНАТАЛЬНЫЙ ЦЕНТР № 2"", ВОЛГОГРАД";3446036257;344601001;;Волгоградская область;4697094.36;29.07.2026;06.08.2026;"Оказание услуг по техническому обслуживанию Аппарат искусственной вентиляции легких с принадлежностями (для новорожденных от 500г с интегрированным монитором и компрессором) с контуром пациента и увлажнителем (заводской ;; Оказание услуг по техническому обслуживанию Аппарат искусственной вентиляции легких с принадлежностями (для новорожденных от 500г с интегрированным монитором и компрессором) с контуром пациента и увлажнителем (заводской";https://www.rts-tender.ru/poisk/id/l0829500001126005069-1/;нет;компрессор;rts-tender.ru/poisk + Search/LoadPage;2026-07-30
3983094;(СЗбф Ц-116-26) для определения начальной (максимальной) цены договора на оказание услуг по проверкам спасательных плотов, аварийно-спасательного и противопожарного имущества для судов Северо-Западного бассейнового филиала ФГУП «Росморпорт»;Коммерческие;"ФЕДЕРАЛЬНОЕ ГОСУДАРСТВЕННОЕ УНИТАРНОЕ ПРЕДПРИЯТИЕ ""РОСМОРПОРТ""";7702352454;770701001;;"ФЕДЕРАЛЬНОЕ ГОСУДАРСТВЕННОЕ УНИТАРНОЕ ПРЕДПРИЯТИЕ ""РОСМОРПОРТ""";7702352454;770701001;"+7(812)3807018; I.Shokhina@SPB.ROSMORPORT.RU";Москва;0.00;29.07.2026;04.08.2026;"Анализ качества воздуха компрессоров высокого давления ;; Соответствует запросу “компрессор”";https://www.rts-tender.ru/poisk/id/l6000126-4-2-1/;нет;компрессор;rts-tender.ru/poisk + Search/LoadPage;2026-07-30
0372200105026000486;Поставка компрессора медицинского;44-ФЗ;"САНКТ-ПЕТЕРБУРГСКОЕ ГОСУДАРСТВЕННОЕ БЮДЖЕТНОЕ УЧРЕЖДЕНИЕ ЗДРАВООХРАНЕНИЯ ""ГОРОДСКАЯ БОЛЬНИЦА № 26""";7810248531;781001001;;"САНКТ-ПЕТЕРБУРГСКОЕ ГОСУДАРСТВЕННОЕ БЮДЖЕТНОЕ УЧРЕЖДЕНИЕ ЗДРАВООХРАНЕНИЯ ""ГОРОДСКАЯ БОЛЬНИЦА № 26""";7810248531;781001001;;Санкт-Петербург;279500.00;29.07.2026;06.08.2026;"Компрессор воздушный для медицинских изделий ;; Соответствует запросу “компрессор”";https://www.rts-tender.ru/poisk/id/l0372200105026000486-1/;нет;компрессор;rts-tender.ru/poisk + Search/LoadPage;2026-07-30
0318300445326000296;Поставка товара (подогреватель газа универсальный);44-ФЗ;"ГОСУДАРСТВЕННОЕ БЮДЖЕТНОЕ УЧРЕЖДЕНИЕ ЗДРАВООХРАНЕНИЯ ""АБИНСКАЯ ЦЕНТРАЛЬНАЯ РАЙОННАЯ БОЛЬНИЦА"" МИНИСТЕРСТВА ЗДРАВООХРАНЕНИЯ КРАСНОДАРСКОГО КРАЯ";2323005289;232301001;;"ГОСУДАРСТВЕННОЕ БЮДЖЕТНОЕ УЧРЕЖДЕНИЕ ЗДРАВООХРАНЕНИЯ ""АБИНСКАЯ ЦЕНТРАЛЬНАЯ РАЙОННАЯ БОЛЬНИЦА"" МИНИСТЕРСТВА ЗДРАВООХРАНЕНИЯ КРАСНОДАРСКОГО КРАЯ";2323005289;232301001;;Краснодарский край;12612.00;29.07.2026;06.08.2026;"Комплектующие (запасные части) воздушных или газовых компрессоров, не имеющие самостоятельных группировок ;; Соответствует запросу “компрессор”";https://www.rts-tender.ru/poisk/id/l0318300445326000296-1/;нет;компрессор;rts-tender.ru/poisk + Search/LoadPage;2026-07-30
0371500001226000181;Поставка запасных частей к автомобилям скорой медицинской помощи производства РФ (ГАЗель, УАЗ, Лада);44-ФЗ;"ГОСУДАРСТВЕННОЕ БЮДЖЕТНОЕ УЧРЕЖДЕНИЕ ЗДРАВООХРАНЕНИЯ ЯРОСЛАВСКОЙ ОБЛАСТИ ""СТАНЦИЯ СКОРОЙ МЕДИЦИНСКОЙ ПОМОЩИ И ЦЕНТР МЕДИЦИНЫ КАТАСТРОФ""";7604359300;760401001;;"ГОСУДАРСТВЕННОЕ БЮДЖЕТНОЕ УЧРЕЖДЕНИЕ ЗДРАВООХРАНЕНИЯ ЯРОСЛАВСКОЙ ОБЛАСТИ ""СТАНЦИЯ СКОРОЙ МЕДИЦИНСКОЙ ПОМОЩИ И ЦЕНТР МЕДИЦИНЫ КАТАСТРОФ""";7604359300;760401001;;Ярославская область;300000.00;29.07.2026;06.08.2026;"Подшипник компрессора ЗИЛ-130, шарнира поворот.кулака ГАЗель 4*4 ;; Сальник вакуумного насоса ГАЗ-3309/компрессора ГАЗ-66/ПАЗ 24*40-1";https://www.rts-tender.ru/poisk/id/l0371500001226000181-1/;нет;компрессор;rts-tender.ru/poisk + Search/LoadPage;2026-07-30
10536746;Поставка оборудования для обслуживания автотранспортных средств (г. Ханты-Мансийск);Закупки малого объема;"БЮДЖЕТНОЕ УЧРЕЖДЕНИЕ ДОПОЛНИТЕЛЬНОГО ОБРАЗОВАНИЯ ХАНТЫ-МАНСИЙСКОГО АВТОНОМНОГО ОКРУГА - ЮГРЫ ""СПОРТИВНАЯ ШКОЛА ПАРАЛИМПИЙСКОГО И СУРДЛИМПИЙСКОГО РЕЗЕРВА ""ЦЕНТР АДАПТИВНОГО СПОРТА""";8601030861;860101001;Информация скрыта. Подробнее Доступно в личном кабинете Информация об организаторе и заказчике доступна в личном кабинете. Зарегистрируйтесь или войдите. Войти;"БЮДЖЕТНОЕ УЧРЕЖДЕНИЕ ДОПОЛНИТЕЛЬНОГО ОБРАЗОВАНИЯ ХАНТЫ-МАНСИЙСКОГО АВТОНОМНОГО ОКРУГА - ЮГРЫ ""СПОРТИВНАЯ ШКОЛА ПАРАЛИМПИЙСКОГО И СУРДЛИМПИЙСКОГО РЕЗЕРВА ""ЦЕНТР АДАПТИВНОГО СПОРТА""";8601030861;860101001;Информация скрыта. Подробнее Доступно в личном кабинете Информация об организаторе и заказчике доступна в личном кабинете. Зарегистрируйтесь или войдите. Войти;Ханты-Мансийский автономный округ Югра;0.00;29.07.2026;31.07.2026;"Компрессор автомобильный двухпоршневой ;; Соответствует запросу “компрессор”";https://www.rts-tender.ru/poisk/id/l15031818-3-9-1/;нет;компрессор;rts-tender.ru/poisk + Search/LoadPage;2026-07-30
10536654;Поставка запчастей для автомобиля Коммаш КО-560;Закупки малого объема;"МБУ ""Комбинат благоустройства""";5043057515;504301001;Информация скрыта. Подробнее Доступно в личном кабинете Информация об организаторе и заказчике доступна в личном кабинете. Зарегистрируйтесь или войдите. Войти;"МБУ ""Комбинат благоустройства""";5043057515;504301001;Информация скрыта. Подробнее Доступно в личном кабинете Информация об организаторе и заказчике доступна в личном кабинете. Зарегистрируйтесь или войдите. Войти;Московская область;59916.40;29.07.2026;30.07.2026;"Насосы воздушные или вакуумные; воздушные или прочие газовые компрессоры ;; Соответствует запросу “компрессор”";https://www.rts-tender.ru/poisk/id/l15031710-3-9-1/;нет;компрессор;rts-tender.ru/poisk + Search/LoadPage;2026-07-30
0133200001726002170;Приобретение оборудования для ремонта системы водоснабжения – очистных сооружений, Ивановская область, Пестяковский район, п. Пестяки, ул. Тупицына, д. 41 (в рамках текущего ремонта);44-ФЗ;ДЕПАРТАМЕНТ КОНКУРСОВ И АУКЦИОНОВ ИВАНОВСКОЙ ОБЛАСТИ;3702086910;370201001;;УПРАВЛЕНИЕ МУНИЦИПАЛЬНОГО ХОЗЯЙСТВА АДМИНИСТРАЦИИ ПЕСТЯКОВСКОГО МУНИЦИПАЛЬНОГО РАЙОНА;3720007492;372001001;;Ивановская область;500000.00;29.07.2026;06.08.2026;"Компрессоры прочие, не включенные в другие группировки ;; Соответствует запросу “компрессор”";https://www.rts-tender.ru/poisk/id/l0133200001726002170-1/;нет;компрессор;rts-tender.ru/poisk + Search/LoadPage;2026-07-30
4542701;Мониторинг цен на ремонт и комплектующие для ремонта двигателя Komatsu SAA6D170E-3 №327452 (Фронтальный погрузчик KOMATSU WA700-3 № 51160);Коммерческие;"ОБЩЕСТВО С ОГРАНИЧЕННОЙ ОТВЕТСТВЕННОСТЬЮ ""УПРАВЛЯЮЩАЯ КОМПАНИЯ ЮГК""";7451258929;745101001;;"ПУБЛИЧНОЕ АКЦИОНЕРНОЕ ОБЩЕСТВО ""ЮЖУРАЛЗОЛОТО ГРУППА КОМПАНИЙ""";7424024375;742401001;;Челябинская область;0.00;29.07.2026;03.08.2026;"425-07-21180 ВОЗДУШНЫЙ КОМПРЕССОР ;; Соответствует запросу “компрессор”";https://www.rts-tender.ru/poisk/id/l4542701-4-12-1/;нет;компрессор;rts-tender.ru/poisk + Search/LoadPage;2026-07-30
4542606;"Плавень вольфрамовый для сжигания на ИК-спектрометре CS-9001 (W?99,95%; C? 0,0005; S ?0,0005)";Коммерческие;"ОБЩЕСТВО С ОГРАНИЧЕННОЙ ОТВЕТСТВЕННОСТЬЮ ""ТОРГОВЫЙ ДОМ ПОЛИМЕТАЛЛ""";7805368914;424950001;;"ОБЩЕСТВО С ОГРАНИЧЕННОЙ ОТВЕТСТВЕННОСТЬЮ ""ТОРГОВЫЙ ДОМ ПОЛИМЕТАЛЛ""";7805368914;424950001;;Кемеровская область;0.00;29.07.2026;03.08.2026;"Переходник компрессора для спектрометра PinAAcle 500 Perkin Elmer 09903150 ;; Соответствует запросу “компрессор”";https://www.rts-tender.ru/poisk/id/l4542606-4-12-1/;нет;компрессор;rts-tender.ru/poisk + Search/LoadPage;2026-07-30
4542590;Запчасти УРАЛ для ремонта, с минимальным сроком поставки для ООО Сахавольфрам / Обязательно приложить КП по форме (excel) в составе закупочной документации. Предложения, поданные не по форме КП ЯФТД рассматриваться не будут. Необходима обрешетка или ящик.;Коммерческие;"ОБЩЕСТВО С ОГРАНИЧЕННОЙ ОТВЕТСТВЕННОСТЬЮ ""ТОРГОВЫЙ ДОМ ПОЛИМЕТАЛЛ""";7805368914;424950001;;"ОБЩЕСТВО С ОГРАНИЧЕННОЙ ОТВЕТСТВЕННОСТЬЮ ""ТОРГОВЫЙ ДОМ ПОЛИМЕТАЛЛ""";7805368914;424950001;;Кемеровская область;0.00;29.07.2026;03.08.2026;"Компрессор № 5336-3509012-01 ;; Ремень компрессора BX 943LW 17x900LI";https://www.rts-tender.ru/poisk/id/l4542590-4-12-1/;нет;компрессор;rts-tender.ru/poisk + Search/LoadPage;2026-07-30
0859300019626000420;Оказание услуг по диагностике, техническому обслуживанию и ремонту спецтехники для обеспечения нужд МБУ «ССВПД «Ритуал»;44-ФЗ;"МУНИЦИПАЛЬНОЕ КАЗЕННОЕ УЧРЕЖДЕНИЕ ГОРОДА РЯЗАНИ ""МУНИЦИПАЛЬНЫЙ ЦЕНТР ТОРГОВ""";6234147017;623401001;"Савичева Светлана Петровна; 8-4912-502476; zakupki44@mctrzn.ru";"МУНИЦИПАЛЬНОЕ БЮДЖЕТНОЕ УЧРЕЖДЕНИЕ ""СПЕЦИАЛИЗИРОВАННАЯ СЛУЖБА ПО ВОПРОСАМ ПОХОРОННОГО ДЕЛА ""РИТУАЛ""";6230072378;623001001;;Рязанская область;300000.00;29.07.2026;05.08.2026;"Маслопровод Д-245 компрессора (L=267мм) ММЗ 240-3509150-04 ;; Соответствует запросу “компрессор”";https://www.rts-tender.ru/poisk/id/l0859300019626000420-1/;нет;компрессор;rts-tender.ru/poisk + Search/LoadPage;2026-07-30
0570500000226000027;Поставка автомобильных запасных частей к автобусу КАВЗ 4235-61 (ЯМЗ 53423);44-ФЗ;"ГОСУДАРСТВЕННОЕ УНИТАРНОЕ ПРЕДПРИЯТИЕ ""АВТОТРАНС ЗАПОРОЖСКОЙ ОБЛАСТИ""";9001023536;900101001;"Внуков Алексей Игоревич; 7-990-2601917; adm@gupatz.ru";"ГОСУДАРСТВЕННОЕ УНИТАРНОЕ ПРЕДПРИЯТИЕ ""АВТОТРАНС ЗАПОРОЖСКОЙ ОБЛАСТИ""";9001023536;900101001;;Запорожская область;9900000.00;29.07.2026;06.08.2026;"Ремень привода компрессора кондиционера ;; Шланг компрессора";https://www.rts-tender.ru/poisk/id/l0570500000226000027-1/;нет;компрессор;rts-tender.ru/poisk + Search/LoadPage;2026-07-30
0570500000226000026;Поставка автомобильных запасных частей к автобусам НЕФАЗ;44-ФЗ;"ГОСУДАРСТВЕННОЕ УНИТАРНОЕ ПРЕДПРИЯТИЕ ""АВТОТРАНС ЗАПОРОЖСКОЙ ОБЛАСТИ""";9001023536;900101001;"Внуков Алексей Игоревич; 7-990-2601917; adm@gupatz.ru";"ГОСУДАРСТВЕННОЕ УНИТАРНОЕ ПРЕДПРИЯТИЕ ""АВТОТРАНС ЗАПОРОЖСКОЙ ОБЛАСТИ""";9001023536;900101001;;Запорожская область;9900000.00;29.07.2026;06.08.2026;"Натяжной ролик компрессора кондиционера ;; Ремень привода компрессора кондиционера";https://www.rts-tender.ru/poisk/id/l0570500000226000026-1/;нет;компрессор;rts-tender.ru/poisk + Search/LoadPage;2026-07-30
0570500000226000025;Поставка автомобильных запасных частей к автобусам ПАЗ Vector NEXT;44-ФЗ;"ГОСУДАРСТВЕННОЕ УНИТАРНОЕ ПРЕДПРИЯТИЕ ""АВТОТРАНС ЗАПОРОЖСКОЙ ОБЛАСТИ""";9001023536;900101001;"Внуков Алексей Игоревич; 7-990-2601917; zakupki@gupatz.ru";"ГОСУДАРСТВЕННОЕ УНИТАРНОЕ ПРЕДПРИЯТИЕ ""АВТОТРАНС ЗАПОРОЖСКОЙ ОБЛАСТИ""";9001023536;900101001;;Запорожская область;9900000.00;29.07.2026;06.08.2026;"Ремень приводной компрессора кондиционера ;; Соответствует запросу “компрессор”";https://www.rts-tender.ru/poisk/id/l0570500000226000025-1/;нет;компрессор;rts-tender.ru/poisk + Search/LoadPage;2026-07-30
4542340;СМЦБ-061209 Цех № 55, линия лакирования № 5: диагностика и ремонт теплообменника ALFA Laval SPA-Via delle Albere-36040 Alonte (VI)-Italy Model DXS 200 STK CE 12249012K Serial №1088396 компрессора Bitzer CSH7561-80 №1072701231, холодильная машины № 1 «Чиллера» охлаждения валков.Выход из строя теплооб;Коммерческие;"Акционерное общество ""Самарский металлургический завод """;6310000160;997550001;;"Акционерное общество ""Самарский металлургический завод """;6310000160;997550001;;Байконур;0.00;29.07.2026;05.08.2026;;https://www.rts-tender.ru/poisk/id/l4542340-4-12-1/;нет;компрессор;rts-tender.ru/poisk + Search/LoadPage;2026-07-30
32616246424;Техническое обслуживание и ремонт автомобилей для нужд государственного унитарного предприятия Республики Хакасия «Хакасресводоканал»;223-ФЗ;"АКЦИОНЕРНОЕ ОБЩЕСТВО ""СБЕРБАНК-АВТОМАТИЗИРОВАННАЯ СИСТЕМА ТОРГОВ""";7707308480;770401001;;"ГОСУДАРСТВЕННОЕ УНИТАРНОЕ ПРЕДПРИЯТИЕ РЕСПУБЛИКИ ХАКАСИЯ ""ХАКАСРЕСВОДОКАНАЛ""";1900012160;190001001;;Республика Хакасия;2391000.00;29.07.2026;07.08.2026;"Услуги по ремонту и техническому обслуживанию гидравлического и пневматического силового оборудования, кроме насосов, компрессоров, кранов и клапанов ;; Соответствует запросу “компрессор”";https://www.rts-tender.ru/poisk/id/l32616246424-1/;нет;компрессор;rts-tender.ru/poisk + Search/LoadPage;2026-07-30
0570500000226000024;Поставка автомобильных запасных частей к автобусам ЛИАЗ CITYMAX 12 529265 (Weichai WP7/300E51);44-ФЗ;"ГОСУДАРСТВЕННОЕ УНИТАРНОЕ ПРЕДПРИЯТИЕ ""АВТОТРАНС ЗАПОРОЖСКОЙ ОБЛАСТИ""";9001023536;900101001;"Внуков Алексей Игоревич; 7-990-2601917; zakupki@gupatz.ru";"ГОСУДАРСТВЕННОЕ УНИТАРНОЕ ПРЕДПРИЯТИЕ ""АВТОТРАНС ЗАПОРОЖСКОЙ ОБЛАСТИ""";9001023536;900101001;;Запорожская область;8000000.00;29.07.2026;06.08.2026;"Ремень привода компрессора кондиционера ;; Компрессора воздушные";https://www.rts-tender.ru/poisk/id/l0570500000226000024-1/;нет;компрессор;rts-tender.ru/poisk + Search/LoadPage;2026-07-30
4542287;Винтовой компрессор по тех. характеристикам;Коммерческие;"ПУБЛИЧНОЕ АКЦИОНЕРНОЕ ОБЩЕСТВО ""КОРПОРАЦИЯ ВСМПО-АВИСМА""";6607000556;997550001;;"ПУБЛИЧНОЕ АКЦИОНЕРНОЕ ОБЩЕСТВО ""КОРПОРАЦИЯ ВСМПО-АВИСМА""";6607000556;997550001;;Байконур;0.00;29.07.2026;31.07.2026;"Винтовой компрессор с ресивером ;; Соответствует запросу “компрессор”";https://www.rts-tender.ru/poisk/id/l4542287-4-12-1/;нет;компрессор;rts-tender.ru/poisk + Search/LoadPage;2026-07-30
32616246376;Поставка компрессора дожимающего электрического для филиала «Якутский ВГСО» ФГУП «ВГСЧ»;223-ФЗ;"ФЕДЕРАЛЬНОЕ ГОСУДАРСТВЕННОЕ УНИТАРНОЕ ПРЕДПРИЯТИЕ ""ВОЕНИЗИРОВАННАЯ ГОРНОСПАСАТЕЛЬНАЯ ЧАСТЬ""";7717036797;143302001;"Мазалова Н. В.; 7 41136 32321 2312; n.mazalova@vgsch.mchs.gov.ru";"ФЕДЕРАЛЬНОЕ ГОСУДАРСТВЕННОЕ УНИТАРНОЕ ПРЕДПРИЯТИЕ ""ВОЕНИЗИРОВАННАЯ ГОРНОСПАСАТЕЛЬНАЯ ЧАСТЬ""";7717036797;143302001;"7 41136 32321 2312; n.mazalova@vgsch.mchs.gov.ru";Республика Саха (Якутия);1186714.33;29.07.2026;06.08.2026;"Поставка компрессора дожимающего электрического для филиала «Якутский ВГСО» ФГУП «ВГСЧ» ;; Соответствует запросу “компрессор”";https://www.rts-tender.ru/poisk/id/l32616246376-1/;нет;компрессор;rts-tender.ru/poisk + Search/LoadPage;2026-07-30
0816500000626012237;Поставка запасных частей;44-ФЗ;"ГОСУДАРСТВЕННОЕ КАЗЕННОЕ УЧРЕЖДЕНИЕ РЕСПУБЛИКИ САХА (ЯКУТИЯ) ""ЦЕНТР ЗАКУПОК РЕСПУБЛИКИ САХА (ЯКУТИЯ)""";1435335477;143501001;;"ГОСУДАРСТВЕННОЕ БЮДЖЕТНОЕ УЧРЕЖДЕНИЕ РЕСПУБЛИКИ САХА (ЯКУТИЯ) ""СЛУЖБА АВТОТРАНСПОРТНОГО ОБЕСПЕЧЕНИЯ""";1435075620;143501001;;Республика Саха (Якутия);500000.00;29.07.2026;07.08.2026;"Компрессор кондиционера ;; Соответствует запросу “компрессор”";https://www.rts-tender.ru/poisk/id/l0816500000626012237-1/;нет;компрессор;rts-tender.ru/poisk + Search/LoadPage;2026-07-30
0320300143726000167;Поставка запчастей для спецтехники;44-ФЗ;"МУНИЦИПАЛЬНОЕ КАЗЕННОЕ УЧРЕЖДЕНИЕ ""ОБСЛУЖИВАЮЩЕЕ УЧРЕЖДЕНИЕ""";2505007403;250501001;;"МУНИЦИПАЛЬНОЕ КАЗЕННОЕ УЧРЕЖДЕНИЕ ""ОБСЛУЖИВАЮЩЕЕ УЧРЕЖДЕНИЕ""";2505007403;250501001;;Приморский край;2115988.34;29.07.2026;07.08.2026;"Компрессор ;; Соответствует запросу “компрессор”";https://www.rts-tender.ru/poisk/id/l0320300143726000167-1/;нет;компрессор;rts-tender.ru/poisk + Search/LoadPage;2026-07-30
0321500001826000267;Оказание услуг ремонта узлов и агрегатов спецтехники;44-ФЗ;"ШПАКОВСКИЙ ФИЛИАЛ ГОСУДАРСТВЕННОГО БЮДЖЕТНОГО УЧРЕЖДЕНИЯ СТАВРОПОЛЬСКОГО КРАЯ ""СТАВАВТОДОР""";2635244194;262343001;"Зозуля Ольга Владимировна; 8-86553-72709; shpak-zakupki@mail.ru";"ШПАКОВСКИЙ ФИЛИАЛ ГОСУДАРСТВЕННОГО БЮДЖЕТНОГО УЧРЕЖДЕНИЯ СТАВРОПОЛЬСКОГО КРАЯ ""СТАВАВТОДОР""";2635244194;262343001;;Ставропольский край;3000000.00;29.07.2026;06.08.2026;"Оказание услуг по ремонту Компрессора воздушного двухцилиндровый МТЗ ;; Оказание услуг по ремонту Компрессора воздушного двухцилиндрового импортного";https://www.rts-tender.ru/poisk/id/l0321500001826000267-1/;нет;компрессор;rts-tender.ru/poisk + Search/LoadPage;2026-07-30
32616245709;Поставка компрессора поршневого.;223-ФЗ;"МУНИЦИПАЛЬНОЕ АВТОНОМНОЕ УЧРЕЖДЕНИЕ ""ФИЗКУЛЬТУРНО-ОЗДОРОВИТЕЛЬНЫЙ РЕСУРСНЫЙ ЦЕНТР""";4202007486;420201001;"+7(384)524-6202; sv.nikulina@bk.ru";"МУНИЦИПАЛЬНОЕ АВТОНОМНОЕ УЧРЕЖДЕНИЕ ""ФИЗКУЛЬТУРНО-ОЗДОРОВИТЕЛЬНЫЙ РЕСУРСНЫЙ ЦЕНТР""";4202007486;420201001;"+7(384)524-6202; sv.nikulina@bk.ru";Кемеровская область;348002.30;29.07.2026;30.07.2026;"Поставка компрессора поршневого. ;; Соответствует запросу “компрессор”";https://www.rts-tender.ru/poisk/id/l32616245709-1/;нет;компрессор;rts-tender.ru/poisk + Search/LoadPage;2026-07-30
32616245549;«Ремонт гидроцилиндра телескопирования стрелы автокрана КС-3574»;223-ФЗ;"МУНИЦИПАЛЬНОЕ УНИТАРНОЕ ПРЕДПРИЯТИЕ ""ВОДОПРОВОДНО-КАНАЛИЗАЦИОННОГО ХОЗЯЙСТВА"" ГОРОДСКОГО ОКРУГА ВЕРХНЯЯ ПЫШМА";6606011940;668601001;;"МУНИЦИПАЛЬНОЕ УНИТАРНОЕ ПРЕДПРИЯТИЕ ""ВОДОПРОВОДНО-КАНАЛИЗАЦИОННОГО ХОЗЯЙСТВА"" ГОРОДСКОГО ОКРУГА ВЕРХНЯЯ ПЫШМА";6606011940;668601001;;Свердловская область;255955.17;29.07.2026;05.08.2026;"Услуги по ремонту и техническому обслуживанию гидравлического и пневматического силового оборудования, кроме насосов, компрессоров, кранов и клапанов ;; Соответствует запросу “компрессор”";https://www.rts-tender.ru/poisk/id/l32616245549-1/;нет;компрессор;rts-tender.ru/poisk + Search/LoadPage;2026-07-30
4541777;"фильтрующие элементы на компрессор НВ-30 (АСКЕ-000757 для ООО ""ГОК Кедровский"")";Коммерческие;"АКЦИОНЕРНОЕ ОБЩЕСТВО ""ГОРНО-РУДНАЯ КОМПАНИЯ ""ЗАПАДНАЯ""";1420041925;142001001;;"АКЦИОНЕРНОЕ ОБЩЕСТВО ""ГОРНО-РУДНАЯ КОМПАНИЯ ""ЗАПАДНАЯ""";1420041925;142001001;;Республика Саха (Якутия);0.00;29.07.2026;06.08.2026;;https://www.rts-tender.ru/poisk/id/l4541777-4-12-1/;нет;компрессор;rts-tender.ru/poisk + Search/LoadPage;2026-07-30
0334300039826000288;Поставка медицинских изделий стоматологических;44-ФЗ;"ОБЛАСТНОЕ ГОСУДАРСТВЕННОЕ БЮДЖЕТНОЕ УЧРЕЖДЕНИЕ ЗДРАВООХРАНЕНИЯ ""ИРКУТСКАЯ РАЙОННАЯ БОЛЬНИЦА""";3827004279;382701001;;"ОБЛАСТНОЕ ГОСУДАРСТВЕННОЕ БЮДЖЕТНОЕ УЧРЕЖДЕНИЕ ЗДРАВООХРАНЕНИЯ ""ИРКУТСКАЯ РАЙОННАЯ БОЛЬНИЦА""";3827004279;382701001;;Иркутская область;146130.00;29.07.2026;06.08.2026;"Кожух для компрессора ;; Компрессор воздушный для медицинских изделий";https://www.rts-tender.ru/poisk/id/l0334300039826000288-1/;нет;компрессор;rts-tender.ru/poisk + Search/LoadPage;2026-07-30
0320400001926000125;Поставка сменно-запасных частей для проведения текущего ремонта компрессоров на судах «БИФ ВНИРО»;44-ФЗ;"БАЗА ИССЛЕДОВАТЕЛЬСКОГО ФЛОТА ФЕДЕРАЛЬНОГО ГОСУДАРСТВЕННОГО БЮДЖЕТНОГО НАУЧНОГО УЧРЕЖДЕНИЯ ""ВСЕРОССИЙСКИЙ НАУЧНО-ИССЛЕДОВАТЕЛЬСКИЙ ИНСТИТУТ РЫБНОГО ХОЗЯЙСТВА И ОКЕАНОГРАФИИ""";7708245723;254043001;;"БАЗА ИССЛЕДОВАТЕЛЬСКОГО ФЛОТА ФЕДЕРАЛЬНОГО ГОСУДАРСТВЕННОГО БЮДЖЕТНОГО НАУЧНОГО УЧРЕЖДЕНИЯ ""ВСЕРОССИЙСКИЙ НАУЧНО-ИССЛЕДОВАТЕЛЬСКИЙ ИНСТИТУТ РЫБНОГО ХОЗЯЙСТВА И ОКЕАНОГРАФИИ""";7708245723;254043001;;Приморский край;234486.64;29.07.2026;06.08.2026;;https://www.rts-tender.ru/poisk/id/l0320400001926000125-1/;нет;компрессор;rts-tender.ru/poisk + Search/LoadPage;2026-07-30
4541630;БГК_Запчасти Камаз Урал УАЗ;Коммерческие;"ОБЩЕСТВО С ОГРАНИЧЕННОЙ ОТВЕТСТВЕННОСТЬЮ ""АРЕАЛ. РЕГИОНАЛЬНЫЙ ЦЕНТР""";8703010889;272101001;;"ОБЩЕСТВО С ОГРАНИЧЕННОЙ ОТВЕТСТВЕННОСТЬЮ ""АРЕАЛ. РЕГИОНАЛЬНЫЙ ЦЕНТР""";8703010889;272101001;;Хабаровский край;0.00;29.07.2026;05.08.2026;"Компрессор воздушный SORL/35099960010 ;; Компрессор 45104350902990 (оригинал)";https://www.rts-tender.ru/poisk/id/l4541630-4-12-1/;нет;компрессор;rts-tender.ru/poisk + Search/LoadPage;2026-07-30
0318200071626000028;Услуги по техническому обслуживанию и ремонту оборудования;44-ФЗ;"ГОСУДАРСТВЕННОЕ БЮДЖЕТНОЕ УЧРЕЖДЕНИЕ КРАСНОДАРСКОГО КРАЯ ""КОМБИНАТ ПИТАНИЯ № 1""";2308054210;230801001;"Лысенко Денис Николаевич; 8-861-2686093; kombin.pit1@mail.ru";"ГОСУДАРСТВЕННОЕ БЮДЖЕТНОЕ УЧРЕЖДЕНИЕ КРАСНОДАРСКОГО КРАЯ ""КОМБИНАТ ПИТАНИЯ № 1""";2308054210;230801001;;Краснодарский край;600000.00;28.07.2026;05.08.2026;"Компрессор ;; Компрессор холодильный СК-120 бытовой";https://www.rts-tender.ru/poisk/id/l0318200071626000028-1/;сомнительно;компрессор;rts-tender.ru/poisk + Search/LoadPage;2026-07-30
4541467;Организация консигнационного склада запасных частей для горнотранспортной техники производства CAT по ТЗ для нужд АО «Высочайший»;Коммерческие;"АКЦИОНЕРНОЕ ОБЩЕСТВО ""ВЫСОЧАЙШИЙ""";3802008553;380201001;;"АКЦИОНЕРНОЕ ОБЩЕСТВО ""ВЫСОЧАЙШИЙ""";3802008553;380201001;;Иркутская область;0.00;28.07.2026;31.07.2026;"Компрессор 7E7739/0R2901 ;; Соответствует запросу “компрессор”";https://www.rts-tender.ru/poisk/id/l4541467-4-12-1/;нет;компрессор;rts-tender.ru/poisk + Search/LoadPage;2026-07-30
4541385;"Техническое обслуживание и мелкий ремонт в магазинах ТС ""Читай Город"" по всей РФ";Коммерческие;"ОБЩЕСТВО С ОГРАНИЧЕННОЙ ОТВЕТСТВЕННОСТЬЮ ""ГРАМОТА""";7706293136;780201001;;"ОБЩЕСТВО С ОГРАНИЧЕННОЙ ОТВЕТСТВЕННОСТЬЮ ""ГРАМОТА""";7706293136;780201001;;Санкт-Петербург;472803.60;28.07.2026;05.08.2026;"Замена компрессора (любого типа) ;; Соответствует запросу “компрессор”";https://www.rts-tender.ru/poisk/id/l4541385-4-12-1/;нет;компрессор;rts-tender.ru/poisk + Search/LoadPage;2026-07-30
0318300063426000193;Выполнение работ по техническому обслуживанию и ремонту автотранспортных средств;44-ФЗ;"ГОСУДАРСТВЕННОЕ БЮДЖЕТНОЕ УЧРЕЖДЕНИЕ ЗДРАВООХРАНЕНИЯ ""ТУАПСИНСКАЯ ЦЕНТРАЛЬНАЯ РАЙОННАЯ БОЛЬНИЦА № 2"" МИНИСТЕРСТВА ЗДРАВООХРАНЕНИЯ КРАСНОДАРСКОГО КРАЯ";2355014984;236501001;;"ГОСУДАРСТВЕННОЕ БЮДЖЕТНОЕ УЧРЕЖДЕНИЕ ЗДРАВООХРАНЕНИЯ ""ТУАПСИНСКАЯ ЦЕНТРАЛЬНАЯ РАЙОННАЯ БОЛЬНИЦА № 2"" МИНИСТЕРСТВА ЗДРАВООХРАНЕНИЯ КРАСНОДАРСКОГО КРАЯ";2355014984;236501001;;Краснодарский край;599000.00;28.07.2026;04.08.2026;"Компрессор кондиционера(Hyundai) ;; Соответствует запросу “компрессор”";https://www.rts-tender.ru/poisk/id/l0318300063426000193-1/;нет;компрессор;rts-tender.ru/poisk + Search/LoadPage;2026-07-30
10533207;"Приобретение комплектующих для лазерного гравера (наказ депутата: «Приобретение мебели (складные столы на металлическом каркасе и лазерный гравер для шахматного кружка в ДК ""Родники"")";Закупки малого объема;"Муниципальное учреждение культуры Дворец культуры ""Родники""";5040088177;504001001;Информация скрыта. Подробнее Доступно в личном кабинете Информация об организаторе и заказчике доступна в личном кабинете. Зарегистрируйтесь или войдите. Войти;"Муниципальное учреждение культуры Дворец культуры ""Родники""";5040088177;504001001;Информация скрыта. Подробнее Доступно в личном кабинете Информация об организаторе и заказчике доступна в личном кабинете. Зарегистрируйтесь или войдите. Войти;Московская область;27315.00;28.07.2026;31.07.2026;"Компрессор промышленный ;; Соответствует запросу “компрессор”";https://www.rts-tender.ru/poisk/id/l15027529-3-9-1/;нет;компрессор;rts-tender.ru/poisk + Search/LoadPage;2026-07-30
4541256;Поставка комплектующих и блоков системы управления ELEKTRONIKON для компрессоров Atlas Copco для нужд ООО «АЛАБУГА-ВОЛОКНО».;Коммерческие;"ОБЩЕСТВО С ОГРАНИЧЕННОЙ ОТВЕТСТВЕННОСТЬЮ ""АЛАБУГА-ВОЛОКНО""";1646031132;164601001;;"ОБЩЕСТВО С ОГРАНИЧЕННОЙ ОТВЕТСТВЕННОСТЬЮ ""АЛАБУГА-ВОЛОКНО""";1646031132;164601001;;Республика Татарстан;0.00;28.07.2026;06.08.2026;"Поставка комплектующих и блоков системы управления ELEKTRONIKON для компрессоров Atlas Copco для нужд ООО «АЛАБУГА-ВОЛОКНО». ;; Соответствует запросу “компрессор”";https://www.rts-tender.ru/poisk/id/l4541256-4-11-1/;нет;компрессор;rts-tender.ru/poisk + Search/LoadPage;2026-07-30
4540911;Закупка запчастей для техники Shantui;Коммерческие;"Общество с ограниченной ответственностью ""ВОСТОЧНАЯ ГОРНОРУДНАЯ КОМПАНИЯ""";7705974044;650801001;;"Общество с ограниченной ответственностью ""ВОСТОЧНАЯ ГОРНОРУДНАЯ КОМПАНИЯ""";7705974044;650801001;;Сахалинская область;0.00;28.07.2026;04.08.2026;"Компрессор кондиционера. ;; Компрессор кондиционера (шкив под поликлиновый ремень).";https://www.rts-tender.ru/poisk/id/l4540911-4-12-1/;нет;компрессор;rts-tender.ru/poisk + Search/LoadPage;2026-07-30
4537180;"Труба оребренная; М.09559.00.000СБ применимость: маслохолодильник компрессора АО-1200 _КЧХК_07.2026";Коммерческие;"Филиал ""КЧХК"" Акционерного общества ""Объединенная химическая компания ""УРАЛХИМ"" в городе Кирово-Чепецке";7703647595;431243001;;"Филиал ""КЧХК"" Акционерного общества ""Объединенная химическая компания ""УРАЛХИМ"" в городе Кирово-Чепецке";7703647595;431243001;;Кировская область;0.00;28.07.2026;05.08.2026;"Труба оребренная; М.09559.00.000СБ применимость: маслохолодильник компрессора АО-1200 ;; Соответствует запросу “компрессор”";https://www.rts-tender.ru/poisk/id/l4537180-4-12-1/;нет;компрессор;rts-tender.ru/poisk + Search/LoadPage;2026-07-30
0373200594326000069;"Оказание услуг по замене компрессоров в системе вентиляции и кондиционирования в зданиях ГБУЗ ""ДГП № 129 ДЗМ""";44-ФЗ;"ГОСУДАРСТВЕННОЕ БЮДЖЕТНОЕ УЧРЕЖДЕНИЕ ЗДРАВООХРАНЕНИЯ ГОРОДА МОСКВЫ ""ДЕТСКАЯ ГОРОДСКАЯ ПОЛИКЛИНИКА № 129 ДЕПАРТАМЕНТА ЗДРАВООХРАНЕНИЯ ГОРОДА МОСКВЫ""";7726318501;772601001;;"ГОСУДАРСТВЕННОЕ БЮДЖЕТНОЕ УЧРЕЖДЕНИЕ ЗДРАВООХРАНЕНИЯ ГОРОДА МОСКВЫ ""ДЕТСКАЯ ГОРОДСКАЯ ПОЛИКЛИНИКА № 129 ДЕПАРТАМЕНТА ЗДРАВООХРАНЕНИЯ ГОРОДА МОСКВЫ""";7726318501;772601001;;Москва;1033204.42;28.07.2026;05.08.2026;;https://www.rts-tender.ru/poisk/id/l0373200594326000069-1/;нет;компрессор;rts-tender.ru/poisk + Search/LoadPage;2026-07-30
4536333;Маслоохладитель УН10.79.СБАН для компрессора К-250_КЧХК_07.2026;Коммерческие;"Филиал ""КЧХК"" Акционерного общества ""Объединенная химическая компания ""УРАЛХИМ"" в городе Кирово-Чепецке";7703647595;431243001;;"Филиал ""КЧХК"" Акционерного общества ""Объединенная химическая компания ""УРАЛХИМ"" в городе Кирово-Чепецке";7703647595;431243001;;Кировская область;0.00;28.07.2026;05.08.2026;"Маслоохладитель УН10.79.СБАН для компрессора К-250 ;; Соответствует запросу “компрессор”";https://www.rts-tender.ru/poisk/id/l4536333-4-12-1/;да;компрессор;rts-tender.ru/poisk + Search/LoadPage;2026-07-30
4537349;"Компрессор воздушный установка; 30кВт; ДЭН-30Ш ЧКЗ_КЧХК_07.2024";Коммерческие;"Филиал ""КЧХК"" Акционерного общества ""Объединенная химическая компания ""УРАЛХИМ"" в городе Кирово-Чепецке";7703647595;431243001;;"Филиал ""КЧХК"" Акционерного общества ""Объединенная химическая компания ""УРАЛХИМ"" в городе Кирово-Чепецке";7703647595;431243001;;Кировская область;0.00;28.07.2026;05.08.2026;"Компрессор воздушный установка; 30кВт; ДЭН-30Ш ;; Соответствует запросу “компрессор”";https://www.rts-tender.ru/poisk/id/l4537349-4-12-1/;нет;компрессор;rts-tender.ru/poisk + Search/LoadPage;2026-07-30
4540764;Мониторинг цен на запасные части к буровой установке SOLO DL 2720 SANDVIK;Коммерческие;"ОБЩЕСТВО С ОГРАНИЧЕННОЙ ОТВЕТСТВЕННОСТЬЮ ""УПРАВЛЯЮЩАЯ КОМПАНИЯ ЮГК""";7451258929;745101001;;"ПУБЛИЧНОЕ АКЦИОНЕРНОЕ ОБЩЕСТВО ""ЮЖУРАЛЗОЛОТО ГРУППА КОМПАНИЙ""";7424024375;742401001;;Челябинская область;0.00;28.07.2026;03.08.2026;"Приводной ремень компрессора ;; Сервистный коплект 500 ч компрессора TAMROTOR CT28";https://www.rts-tender.ru/poisk/id/l4540764-4-12-1/;нет;компрессор;rts-tender.ru/poisk + Search/LoadPage;2026-07-30
0301100027826000032;Оказание услуг на техническое обслуживание и регламентно-профилактический ремонт систем кондиционирования помещений Управления;44-ФЗ;УПРАВЛЕНИЕ ФЕДЕРАЛЬНОЙ СЛУЖБЫ ГОСУДАРСТВЕННОЙ РЕГИСТРАЦИИ, КАДАСТРА И КАРТОГРАФИИ ПО РЕСПУБЛИКЕ БАШКОРТОСТАН;0274101138;027401001;;УПРАВЛЕНИЕ ФЕДЕРАЛЬНОЙ СЛУЖБЫ ГОСУДАРСТВЕННОЙ РЕГИСТРАЦИИ, КАДАСТРА И КАРТОГРАФИИ ПО РЕСПУБЛИКЕ БАШКОРТОСТАН;0274101138;027401001;;Республика Башкортостан;1019300.00;28.07.2026;05.08.2026;"Работы по замене компрессора ;; Соответствует запросу “компрессор”";https://www.rts-tender.ru/poisk/id/l0301100027826000032-1/;нет;компрессор;rts-tender.ru/poisk + Search/LoadPage;2026-07-30
4539285;"RUVMN-7930, закупка ЗиП МАЗ, Камаз по заявке 2-1856 для нужд ООО ""Верхне Менкече""""";Коммерческие;"Общество с ограниченной ответственностью ""ГЕОПРОМАЙНИНГ""";7706683947;772801001;;"Общество с ограниченной ответственностью ""ГЕОПРОМАЙНИНГ""";7706683947;772801001;;Москва;0.00;28.07.2026;04.08.2026;"Компрессор 1-но цилиндровый Артикул: 53205-3509015-21 ;; Ремень 937 14х10 привода компрессора зубчатый МАЗ Артикул: 238НБ-1307170 Технические характеристики: клинового ремня 14х10х937";https://www.rts-tender.ru/poisk/id/l4539285-4-12-1/;нет;компрессор;rts-tender.ru/poisk + Search/LoadPage;2026-07-30
0829600008426000187;Оказание услуг по монтажу, демонтажу, техническому обслуживанию и ремонту сплит-систем и оконных кондиционеров;44-ФЗ;"МУНИЦИПАЛЬНОЕ КАЗЕННОЕ УЧРЕЖДЕНИЕ ""ЦЕНТР ИНФОРМАЦИОННОГО ОБЕСПЕЧЕНИЯ"" ГОРОДСКОГО ОКРУГА - ГОРОД ВОЛЖСКИЙ ВОЛГОГРАДСКОЙ ОБЛАСТИ";3435149467;343501001;;"МУНИЦИПАЛЬНОЕ КАЗЕННОЕ УЧРЕЖДЕНИЕ ""АДМИНИСТРАТИВНО-ХОЗЯЙСТВЕННАЯ СЛУЖБА"" ГОРОДСКОГО ОКРУГА - ГОРОД ВОЛЖСКИЙ ВОЛГОГРАДСКОЙ ОБЛАСТИ";3435902000;343501001;;Волгоградская область;200000.00;28.07.2026;04.08.2026;"Замена теплового реле компрессора (без стоимости теплового реле компрессора) (сплит-система мощностью до 6-8 кВт) ;; Замена теплового реле компрессора (без стоимости теплового реле компрессора) (сплит-система мощностью до 6-8 кВт)";https://www.rts-tender.ru/poisk/id/l0829600008426000187-1/;нет;компрессор;rts-tender.ru/poisk + Search/LoadPage;2026-07-30
0373100066926000095;"Поставка кабелей и арматуры кабельной; насосов и компрессоров прочих; изделий пластмассовых прочих";44-ФЗ;"ФЕДЕРАЛЬНОЕ КАЗЕННОЕ УЧРЕЖДЕНИЕ ""ГОСУДАРСТВЕННОЕ УЧРЕЖДЕНИЕ ПО ЭКСПЛУАТАЦИИ АДМИНИСТРАТИВНЫХ ЗДАНИЙ И ДАЧНОГО ХОЗЯЙСТВА МИНИСТЕРСТВА ФИНАНСОВ РОССИЙСКОЙ ФЕДЕРАЦИИ""";7710128054;771001001;"Надельнюк Елена Юрьевна; 7-495-6464121-4654; otd_zakupki@guaz.ru";"ФЕДЕРАЛЬНОЕ КАЗЕННОЕ УЧРЕЖДЕНИЕ ""ГОСУДАРСТВЕННОЕ УЧРЕЖДЕНИЕ ПО ЭКСПЛУАТАЦИИ АДМИНИСТРАТИВНЫХ ЗДАНИЙ И ДАЧНОГО ХОЗЯЙСТВА МИНИСТЕРСТВА ФИНАНСОВ РОССИЙСКОЙ ФЕДЕРАЦИИ""";7710128054;771001001;;Москва;636853.27;28.07.2026;05.08.2026;;https://www.rts-tender.ru/poisk/id/l0373100066926000095-1/;нет;компрессор;rts-tender.ru/poisk + Search/LoadPage;2026-07-30
0895100000126001145;Оказание услуг по техническому обслуживанию и текущему ремонту транспортных средств с использованием запасных частей и материалов исполнителя в г. Тюмень;44-ФЗ;"ФЕДЕРАЛЬНОЕ КАЗЕННОЕ УЧРЕЖДЕНИЕ ""ЦЕНТР ПО ОБЕСПЕЧЕНИЮ ДЕЯТЕЛЬНОСТИ КАЗНАЧЕЙСТВА РОССИИ""";7709895509;770901001;;УПРАВЛЕНИЕ ФЕДЕРАЛЬНОЙ СЛУЖБЫ ПО ВЕТЕРИНАРНОМУ И ФИТОСАНИТАРНОМУ НАДЗОРУ ПО ТЮМЕНСКОЙ ОБЛАСТИ,ЯМАЛО-НЕНЕЦКОМУ И ХАНТЫ-МАНСИЙСКОМУ АВТОНОМНЫМ ОКРУГАМ;7203157641;720301001;;Тюменская область;900000.00;28.07.2026;05.08.2026;"Компрессор кондиционера ;; Компрессор 2190";https://www.rts-tender.ru/poisk/id/l0895100000126001145-1/;нет;компрессор;rts-tender.ru/poisk + Search/LoadPage;2026-07-30
10531462;Поставка компрессора поршневого для нужд ГБУ РО «Ростовоблстройзаказчик»;Закупки малого объема;"Государственное бюджетное учреждение Ростовской области ""Ростовоблстройзаказчик""";6163099188;616301001;Информация скрыта. Подробнее Доступно в личном кабинете Информация об организаторе и заказчике доступна в личном кабинете. Зарегистрируйтесь или войдите. Войти;"Государственное бюджетное учреждение Ростовской области ""Ростовоблстройзаказчик""";6163099188;616301001;Информация скрыта. Подробнее Доступно в личном кабинете Информация об организаторе и заказчике доступна в личном кабинете. Зарегистрируйтесь или войдите. Войти;Ростовская область;37620.00;28.07.2026;03.08.2026;"Компрессор поршневой ;; Соответствует запросу “компрессор”";https://www.rts-tender.ru/poisk/id/l15025504-3-9-1/;нет;компрессор;rts-tender.ru/poisk + Search/LoadPage;2026-07-30
4540170;Компрессор 22ВФ-2,5/1,5СМ2У3 ККЗ;Коммерческие;Акционерное общество «Уральский электрохимический комбинат»;6629022962;785150001;;Акционерное общество «Уральский электрохимический комбинат»;6629022962;785150001;;Санкт-Петербург;0.00;28.07.2026;06.08.2026;"Компрессор 22ВФ-2,5/1,5СМ2У3 ККЗ ;; Соответствует запросу “компрессор”";https://www.rts-tender.ru/poisk/id/l4540170-4-11-1/;нет;компрессор;rts-tender.ru/poisk + Search/LoadPage;2026-07-30
0319100018026000060;Оказание услуг по комплексному обслуживанию инженерных сетей, зданий и помещений органов прокуратуры Красноярского края;44-ФЗ;ПРОКУРАТУРА КРАСНОЯРСКОГО КРАЯ;2466029055;246601001;;ПРОКУРАТУРА КРАСНОЯРСКОГО КРАЯ;2466029055;246601001;;Красноярский край;1000000.00;28.07.2026;04.08.2026;"Конденсатор компрессора ;; Мотор-компрессор Мощность 0,5-2 кВт";https://www.rts-tender.ru/poisk/id/l0319100018026000060-1/;нет;компрессор;rts-tender.ru/poisk + Search/LoadPage;2026-07-30
4539833;з/ч для спецтехники УПиР от 28.07;Коммерческие;"ОБЩЕСТВО С ОГРАНИЧЕННОЙ ОТВЕТСТВЕННОСТЬЮ ""АИМ МЕНЕДЖМЕНТ""";9725042029;772501001;;"АКЦИОНЕРНОЕ ОБЩЕСТВО ""УПРАВЛЕНИЕ ПО ПРОФИЛАКТИКЕ И РЕКУЛЬТИВАЦИИ""";4212005449;421201001;;Кемеровская область;0.00;28.07.2026;30.07.2026;"КОМПРЕССОР ВОЗДУШНЫЙ ОДНОЦИЛИНДРОВЫЙ 202V54100-7131 SITRAK C7H ;; Соответствует запросу “компрессор”";https://www.rts-tender.ru/poisk/id/l4539833-4-12-1/;нет;компрессор;rts-tender.ru/poisk + Search/LoadPage;2026-07-30
4539784;Запасные части на поршневой воздушный компрессор 7ВП-20/220;Коммерческие;"АКЦИОНЕРНОЕ ОБЩЕСТВО ""ПРОИЗВОДСТВЕННОЕ ОБЪЕДИНЕНИЕ ""ЭЛЕКТРОХИМИЧЕСКИЙ ЗАВОД""";2453013555;245301001;;"АКЦИОНЕРНОЕ ОБЩЕСТВО ""ПРОИЗВОДСТВЕННОЕ ОБЪЕДИНЕНИЕ ""ЭЛЕКТРОХИМИЧЕСКИЙ ЗАВОД""";2453013555;245301001;;Красноярский край;0.00;28.07.2026;06.08.2026;"Запасные части на поршневой воздушный компрессор 7ВП-20/220 ;; Соответствует запросу “компрессор”";https://www.rts-tender.ru/poisk/id/l4539784-4-11-1/;нет;компрессор;rts-tender.ru/poisk + Search/LoadPage;2026-07-30
4539726;"Инструмент // ТД000018243 // Золото Кегали Критерии допуска к рассмотрению предложения: 1. ОБЯЗАТЕЛЬНОЕ ЗАПОЛНЕНИЕ КП ПО ФОРМЕ ПОКУПАТЕЛЯ. 2.Подгрузка всех технических характеристик предлагаемых товаров. (паспорта, каталоги, иные ТХ) 3. Доставка до склада Поставщика 4. Заполнение вкладки ""Аналог"" ук";Коммерческие;"ОБЩЕСТВО С ОГРАНИЧЕННОЙ ОТВЕТСТВЕННОСТЬЮ ""ТОРГОВЫЙ ДОМ ПОЛИМЕТАЛЛ""";7805368914;424950001;;"ОБЩЕСТВО С ОГРАНИЧЕННОЙ ОТВЕТСТВЕННОСТЬЮ ""ТОРГОВЫЙ ДОМ ПОЛИМЕТАЛЛ""";7805368914;424950001;;Кемеровская область;0.00;28.07.2026;04.08.2026;"Компрессор автомобильный 12В, 10атм, 75л/мин, LED AC-75 DENZEL №58051 ;; Соответствует запросу “компрессор”";https://www.rts-tender.ru/poisk/id/l4539726-4-12-1/;нет;компрессор;rts-tender.ru/poisk + Search/LoadPage;2026-07-30
32616241097;Поставка насоса(агрегата) ЭЦВ6-16-190 с кожухом охлаждения АМТ6.431.020.09,;223-ФЗ;"АКЦИОНЕРНОЕ ОБЩЕСТВО ""АГЕНТСТВО ПО ГОСУДАРСТВЕННОМУ ЗАКАЗУ РЕСПУБЛИКИ ТАТАРСТАН""";1655391893;165501001;;"АКЦИОНЕРНОЕ ОБЩЕСТВО ""ЕЛАБУЖСКОЕ ПРЕДПРИЯТИЕ ТЕПЛОВЫХ СЕТЕЙ""";1646020589;164601001;;Республика Татарстан;114642.62;28.07.2026;05.08.2026;"Насосы и компрессоры прочие ;; Соответствует запросу “компрессор”";https://www.rts-tender.ru/poisk/id/l32616241097-1/;нет;компрессор;rts-tender.ru/poisk + Search/LoadPage;2026-07-30
0372100049626001723;Аварийная поставка герметичного спирального компрессора;44-ФЗ;"ФЕДЕРАЛЬНОЕ ГОСУДАРСТВЕННОЕ БЮДЖЕТНОЕ УЧРЕЖДЕНИЕ ""НАЦИОНАЛЬНЫЙ МЕДИЦИНСКИЙ ИССЛЕДОВАТЕЛЬСКИЙ ЦЕНТР ИМЕНИ В.А. АЛМАЗОВА"" МИНИСТЕРСТВА ЗДРАВООХРАНЕНИЯ РОССИЙСКОЙ ФЕДЕРАЦИИ";7802030429;781401001;;"ФЕДЕРАЛЬНОЕ ГОСУДАРСТВЕННОЕ БЮДЖЕТНОЕ УЧРЕЖДЕНИЕ ""НАЦИОНАЛЬНЫЙ МЕДИЦИНСКИЙ ИССЛЕДОВАТЕЛЬСКИЙ ЦЕНТР ИМЕНИ В.А. АЛМАЗОВА"" МИНИСТЕРСТВА ЗДРАВООХРАНЕНИЯ РОССИЙСКОЙ ФЕДЕРАЦИИ";7802030429;781401001;;Санкт-Петербург;381878.33;27.07.2026;05.08.2026;"Спиральный компрессор ;; Спиральный компрессор";https://www.rts-tender.ru/poisk/id/l0372100049626001723-1/;нет;компрессор;rts-tender.ru/poisk + Search/LoadPage;2026-07-30
4539637;Закупка Электроинструмента;Коммерческие;"Общество с ограниченной ответственностью ""ГРУППА КОМПАНИЙ ФСК""";7708335695;770801001;;"Общество с ограниченной ответственностью ""ГРУППА КОМПАНИЙ ФСК""";7708335695;770801001;;Москва;0.00;27.07.2026;30.07.2026;"Компрессор воздушный поршневой Hyundai HYC 3050S 2000Вт ;; Соответствует запросу “компрессор”";https://www.rts-tender.ru/poisk/id/l4539637-4-12-1/;нет;компрессор;rts-tender.ru/poisk + Search/LoadPage;2026-07-30
32616213207;Поставка СЗЧ для воздушных компрессоров на СПБУ «Невская»;223-ФЗ;"АКЦИОНЕРНОЕ ОБЩЕСТВО ""АРКТИКМОРНЕФТЕГАЗРАЗВЕДКА""";5190930843;519001001;;"АКЦИОНЕРНОЕ ОБЩЕСТВО ""АРКТИКМОРНЕФТЕГАЗРАЗВЕДКА""";5190930843;519001001;;Мурманская область;2810453.48;27.07.2026;03.08.2026;"Комплектующие (запасные части) воздушных или газовых компрессоров, не имеющие самостоятельных группировок ;; Соответствует запросу “компрессор”";https://www.rts-tender.ru/poisk/id/l32616213207-1/;нет;компрессор;rts-tender.ru/poisk + Search/LoadPage;2026-07-30
0328300032826000561;Поставка запасных частей и комплектующих для автомобилей на шасси КАМАЗ;44-ФЗ;УПРАВЛЕНИЕ МУНИЦИПАЛЬНОГО ЗАКАЗА АДМИНИСТРАЦИИ ГОРОДА ВЛАДИМИРА;3328461618;332801001;;"МУНИЦИПАЛЬНОЕ КАЗЕННОЕ УЧРЕЖДЕНИЕ ""ЦЕНТР УПРАВЛЕНИЯ ГОРОДСКИМИ ДОРОГАМИ""";3328477135;332801001;;Владимирская область;750000.00;27.07.2026;10.08.2026;"Прокладка головки одноцилиндрового компрессора, тип 1 ;; Прокладка головки одноцилиндрового компрессора, тип 2";https://www.rts-tender.ru/poisk/id/l0328300032826000561-1/;нет;компрессор;rts-tender.ru/poisk + Search/LoadPage;2026-07-30
0318300299426000716;Услуги по замене запасных частей;44-ФЗ;"ГОСУДАРСТВЕННОЕ БЮДЖЕТНОЕ УЧРЕЖДЕНИЕ ЗДРАВООХРАНЕНИЯ ""ЕЙСКАЯ ЦЕНТРАЛЬНАЯ РАЙОННАЯ БОЛЬНИЦА"" МИНИСТЕРСТВА ЗДРАВООХРАНЕНИЯ КРАСНОДАРСКОГО КРАЯ";2306017277;230601001;;"ГОСУДАРСТВЕННОЕ БЮДЖЕТНОЕ УЧРЕЖДЕНИЕ ЗДРАВООХРАНЕНИЯ ""ЕЙСКАЯ ЦЕНТРАЛЬНАЯ РАЙОННАЯ БОЛЬНИЦА"" МИНИСТЕРСТВА ЗДРАВООХРАНЕНИЯ КРАСНОДАРСКОГО КРАЯ";2306017277;230601001;;Краснодарский край;599000.00;27.07.2026;06.08.2026;"Поршень компрессора (АДВИС) ;; Вал коленчатый компрессора одноцил.";https://www.rts-tender.ru/poisk/id/l0318300299426000716-1/;нет;компрессор;rts-tender.ru/poisk + Search/LoadPage;2026-07-30
0829500001126005008;Выполнение работ по комплексному техническому обслуживанию и ремонту холодильного и климатического оборудования;44-ФЗ;"ГОСУДАРСТВЕННОЕ КАЗЕННОЕ УЧРЕЖДЕНИЕ ""ЦЕНТР СОПРОВОЖДЕНИЯ ЗАКУПОК ГОСУДАРСТВЕННЫХ УЧРЕЖДЕНИЙ ЗДРАВООХРАНЕНИЯ ВОЛГОГРАДСКОЙ ОБЛАСТИ""";3460088465;346001001;;"ГОСУДАРСТВЕННОЕ БЮДЖЕТНОЕ УЧРЕЖДЕНИЕ ЗДРАВООХРАНЕНИЯ ""ВОЛГОГРАДСКИЙ ОБЛАСТНОЙ КЛИНИЧЕСКИЙ КАРДИОЛОГИЧЕСКИЙ ЦЕНТР"", ВОЛГОГРАД";3443901338;346001001;;Волгоградская область;440799.94;27.07.2026;03.08.2026;"Замена компрессора, техническое обслуживание климатической установки «Weiss» ;; Замена компрессора, техническое обслуживание, дозаправка фреоном, регулировка климатической установки Бикор";https://www.rts-tender.ru/poisk/id/l0829500001126005008-1/;нет;компрессор;rts-tender.ru/poisk + Search/LoadPage;2026-07-30
0167200003426006107;Оказание услуг по диагностике, техническому обслуживанию и ремонту систем очистки воды;44-ФЗ;УПРАВЛЕНИЕ ГОСУДАРСТВЕННЫХ ЗАКУПОК ТЮМЕНСКОЙ ОБЛАСТИ;7202203221;720301001;;ТЮМЕНСКАЯ ОБЛАСТНАЯ ДУМА;7202076936;720301001;;Тюменская область;200000.00;27.07.2026;03.08.2026;"Контроль работы манометров давления в системе очистки воды. Проверка исправности подачи давления компрессора на аэраторе и состояние давления в системе очистки до фильтрации и после фильтрации. (п.1.6 приложения 1 описан ;; Соответствует запросу “компрессор”";https://www.rts-tender.ru/poisk/id/l0167200003426006107-1/;нет;компрессор;rts-tender.ru/poisk + Search/LoadPage;2026-07-30
0167200003426006106;Оказание услуг по диагностике, техническому обслуживанию и ремонту систем кондиционирования серверных помещений;44-ФЗ;УПРАВЛЕНИЕ ГОСУДАРСТВЕННЫХ ЗАКУПОК ТЮМЕНСКОЙ ОБЛАСТИ;7202203221;720301001;;ТЮМЕНСКАЯ ОБЛАСТНАЯ ДУМА;7202076936;720301001;;Тюменская область;500000.00;27.07.2026;03.08.2026;"Роторный компрессор тип 8 ;; Роторный компрессор тип 1";https://www.rts-tender.ru/poisk/id/l0167200003426006106-1/;нет;компрессор;rts-tender.ru/poisk + Search/LoadPage;2026-07-30
0860200000826006585;Поставка запасных частей для автомобилей;44-ФЗ;"ГОСУДАРСТВЕННОЕ КАЗЕННОЕ УЧРЕЖДЕНИЕ САРАТОВСКОЙ ОБЛАСТИ ""ГОСУДАРСТВЕННОЕ АГЕНТСТВО ПО ЦЕНТРАЛИЗАЦИИ ЗАКУПОК""";6454140585;645401001;;"ГОСУДАРСТВЕННОЕ УЧРЕЖДЕНИЕ САРАТОВСКОЙ ОБЛАСТИ ""ТРАНСПОРТНОЕ УПРАВЛЕНИЕ""";6452932497;645201001;;Саратовская область;700000.00;27.07.2026;05.08.2026;"Компрессор кондиционера для автомобиля LADA Granta ;; Соответствует запросу “компрессор”";https://www.rts-tender.ru/poisk/id/l0860200000826006585-1/;нет;компрессор;rts-tender.ru/poisk + Search/LoadPage;2026-07-30
0324300031926000327;Поставка запасных частей для холодильного оборудования;44-ФЗ;"ГОСУДАРСТВЕННОЕ БЮДЖЕТНОЕ УЧРЕЖДЕНИЕ ЗДРАВООХРАНЕНИЯ АРХАНГЕЛЬСКОЙ ОБЛАСТИ ""ПЕРВАЯ ГОРОДСКАЯ КЛИНИЧЕСКАЯ БОЛЬНИЦА ИМ. Е.Е. ВОЛОСЕВИЧ""";2901041574;290101001;"Маркина Ольга Борисовна; 7-8182-632858; 7-8182-275295; otdzak@1gkb.ru";"ГОСУДАРСТВЕННОЕ БЮДЖЕТНОЕ УЧРЕЖДЕНИЕ ЗДРАВООХРАНЕНИЯ АРХАНГЕЛЬСКОЙ ОБЛАСТИ ""ПЕРВАЯ ГОРОДСКАЯ КЛИНИЧЕСКАЯ БОЛЬНИЦА ИМ. Е.Е. ВОЛОСЕВИЧ""";2901041574;290101001;;Архангельская область;172832.00;27.07.2026;04.08.2026;"Компрессор ;; Компрессор";https://www.rts-tender.ru/poisk/id/l0324300031926000327-1/;нет;компрессор;rts-tender.ru/poisk + Search/LoadPage;2026-07-30
0318100045226000077;Поставка оборудования для кухни (компрессор, фреон);44-ФЗ;"ФЕДЕРАЛЬНОЕ ГОСУДАРСТВЕННОЕ БЮДЖЕТНОЕ УЧРЕЖДЕНИЕ ДЕТСКИЙ ПРОТИВОТУБЕРКУЛЕЗНЫЙ САНАТОРИЙ ""ПИОНЕР"" МИНИСТЕРСТВА ЗДРАВООХРАНЕНИЯ РОССИЙСКОЙ ФЕДЕРАЦИИ";2318021310;231801001;;"ФЕДЕРАЛЬНОЕ ГОСУДАРСТВЕННОЕ БЮДЖЕТНОЕ УЧРЕЖДЕНИЕ ДЕТСКИЙ ПРОТИВОТУБЕРКУЛЕЗНЫЙ САНАТОРИЙ ""ПИОНЕР"" МИНИСТЕРСТВА ЗДРАВООХРАНЕНИЯ РОССИЙСКОЙ ФЕДЕРАЦИИ";2318021310;231801001;;Краснодарский край;39866.66;27.07.2026;04.08.2026;"Компрессор поршневой Secop FR8.5CL ;; Соответствует запросу “компрессор”";https://www.rts-tender.ru/poisk/id/l0318100045226000077-1/;нет;компрессор;rts-tender.ru/poisk + Search/LoadPage;2026-07-30
0356500001426006457;Приобретение турбокомпрессора воздушного с электродвигателем на общей фундаментной раме.;44-ФЗ;"ГОСУДАРСТВЕННОЕ КАЗЕННОЕ УЧРЕЖДЕНИЕ ПЕРМСКОГО КРАЯ ""ЦЕНТР ОРГАНИЗАЦИИ ЗАКУПОК""";5902046771;590201001;;"МУНИЦИПАЛЬНОЕ КАЗЕННОЕ УЧРЕЖДЕНИЕ ""УПРАВЛЕНИЕ КАПИТАЛЬНОГО СТРОИТЕЛЬСТВА КУДЫМКАРСКОГО МУНИЦИПАЛЬНОГО ОКРУГА ПЕРМСКОГО КРАЯ""";8107008649;810701001;;;3343333.33;27.07.2026;04.08.2026;"Компрессор промышленный ;; Соответствует запросу “компрессор”";https://www.rts-tender.ru/poisk/id/l0356500001426006457-1/;да;компрессор;rts-tender.ru/poisk + Search/LoadPage;2026-07-30
4539033;Компрессор HSN 8591-160 Bitzer для АПК ПРОМАГРО БЕЗ ПЕРЕТОРЖКИ!!!;Коммерческие;"АКЦИОНЕРНОЕ ОБЩЕСТВО ""СИБИРСКАЯ АГРАРНАЯ ГРУППА""";7017012254;783450001;;"АКЦИОНЕРНОЕ ОБЩЕСТВО ""СИБИРСКАЯ АГРАРНАЯ ГРУППА""";7017012254;783450001;;Санкт-Петербург;1535000.00;27.07.2026;31.07.2026;"Компрессор HSN 8591-160 Bitzer ;; Соответствует запросу “компрессор”";https://www.rts-tender.ru/poisk/id/l4539033-4-12-1/;нет;компрессор;rts-tender.ru/poisk + Search/LoadPage;2026-07-30
10528789;Поставка запасных частей к автомобилям, выполняющим доставку пациентов на сеансы гемодиализа в 2026 г.;Закупки малого объема;"ГОСУДАРСТВЕННОЕ БЮДЖЕТНОЕ УЧРЕЖДЕНИЕ ЗДРАВООХРАНЕНИЯ СТАВРОПОЛЬСКОГО КРАЯ ""КРАЕВОЙ ЦЕНТР СПЕЦИАЛИЗИРОВАННЫХ ВИДОВ МЕДИЦИНСКОЙ ПОМОЩИ № 1""";2624028635;262401001;Информация скрыта. Подробнее Доступно в личном кабинете Информация об организаторе и заказчике доступна в личном кабинете. Зарегистрируйтесь или войдите. Войти;"ГОСУДАРСТВЕННОЕ БЮДЖЕТНОЕ УЧРЕЖДЕНИЕ ЗДРАВООХРАНЕНИЯ СТАВРОПОЛЬСКОГО КРАЯ ""КРАЕВОЙ ЦЕНТР СПЕЦИАЛИЗИРОВАННЫХ ВИДОВ МЕДИЦИНСКОЙ ПОМОЩИ № 1""";2624028635;262401001;Информация скрыта. Подробнее Доступно в личном кабинете Информация об организаторе и заказчике доступна в личном кабинете. Зарегистрируйтесь или войдите. Войти;Ставропольский край;252078.46;27.07.2026;30.07.2026;"Компрессор кондиционера ;; Компрессор кондиционера";https://www.rts-tender.ru/poisk/id/l15022335-3-9-1/;нет;компрессор;rts-tender.ru/poisk + Search/LoadPage;2026-07-30
4538950;Запасные части к самосвалам БЕЛАЗ 7547 - для месторождения Хангалас, базис поставки (Россия, Республика Саха (Якутия) Хангаласский рудный узел: в 150 км восточнее Усть-Неры и в 15 км от посёлка Артык);Коммерческие;"АКЦИОНЕРНОЕ ОБЩЕСТВО ""ОКТО ЗОЛОТО ХАНГАЛАС""";1435360064;143501001;;"АКЦИОНЕРНОЕ ОБЩЕСТВО ""ОКТО ЗОЛОТО ХАНГАЛАС""";1435360064;143501001;;Республика Саха (Якутия);0.00;27.07.2026;03.08.2026;"компрессор 5336-3509012-01/4539210227 ;; ремень компрессора 1100000038";https://www.rts-tender.ru/poisk/id/l4538950-4-12-1/;нет;компрессор;rts-tender.ru/poisk + Search/LoadPage;2026-07-30
4538890;Запасные части для бульдозера LIEBHERR PR764 - для месторождения Хангалас, базис поставки (Россия, Республика Саха (Якутия) Хангаласский рудный узел: в 150 км восточнее Усть-Неры и в 15 км от посёлка Артык);Коммерческие;"АКЦИОНЕРНОЕ ОБЩЕСТВО ""ОКТО ЗОЛОТО ХАНГАЛАС""";1435360064;143501001;;"АКЦИОНЕРНОЕ ОБЩЕСТВО ""ОКТО ЗОЛОТО ХАНГАЛАС""";1435360064;143501001;;Республика Саха (Якутия);0.00;27.07.2026;03.08.2026;"ТУРБО-КОМПРЕССОР 10220747 ;; Соответствует запросу “компрессор”";https://www.rts-tender.ru/poisk/id/l4538890-4-12-1/;нет;компрессор;rts-tender.ru/poisk + Search/LoadPage;2026-07-30
32616238995;«Поставка мотопомпы и компрессора поршневого»;223-ФЗ;"МУП ""ВОДОКАНАЛ""";6606011940;668601001;"Цимбал Людмила Дмитриевна; +73436844789; omts_vodokanal@mail.ru";"МУП ""ВОДОКАНАЛ""";6606011940;668601001;"+73436844789; omts_vodokanal@mail.ru";Свердловская область;59854.61;27.07.2026;04.08.2026;"«Поставка мотопомпы и компрессора поршневого» ;; «Поставка мотопомпы и компрессора поршневого»";https://www.rts-tender.ru/poisk/id/l32616238995-1/;нет;компрессор;rts-tender.ru/poisk + Search/LoadPage;2026-07-30
0118300018726000822;Оказание услуг по диагностике, техническому обслуживанию и ремонту автотранспортных средств;44-ФЗ;АДМИНИСТРАЦИЯ МУНИЦИПАЛЬНОГО ОБРАЗОВАНИЯ ГОРОДСКОЙ ОКРУГ ГОРОД-КУРОРТ СОЧИ КРАСНОДАРСКОГО КРАЯ;2320037148;232001001;"Джарданова Лейла Энверовна; 8-8622-418108-0156; umz@sochiadm.ru";"МУНИЦИПАЛЬНОЕ КАЗЕННОЕ УЧРЕЖДЕНИЕ ""ЦЕНТРАЛИЗОВАННАЯ БУХГАЛТЕРИЯ УПРАВЛЕНИЯ ПО ОБРАЗОВАНИЮ И НАУКЕ АДМИНИСТРАЦИИ МУНИЦИПАЛЬНОГО ОБРАЗОВАНИЯ ГОРОДСКОЙ ОКРУГ ГОРОД-КУРОРТ СОЧИ КРАСНОДАРСКОГО КРАЯ""";2320150538;232001001;;Краснодарский край;400000.00;27.07.2026;04.08.2026;"Замена компрессора кондиционера Шевролет Кобальт О659НЕ 123 ;; Замена компрессора кондиционераХёндай Солярис В755ЕР 123";https://www.rts-tender.ru/poisk/id/l0118300018726000822-1/;нет;компрессор;rts-tender.ru/poisk + Search/LoadPage;2026-07-30
4538753;Компрессор для ПРИМГРЭС;Коммерческие;"ОБЩЕСТВО С ОГРАНИЧЕННОЙ ОТВЕТСТВЕННОСТЬЮ ""АИМ МЕНЕДЖМЕНТ""";9725042029;772501001;;"АКЦИОНЕРНОЕ ОБЩЕСТВО ""СИБИРЬЭНЕРГОРЕМОНТ""";2462028886;246001001;;Красноярский край;0.00;27.07.2026;30.07.2026;"КОМПРЕССОР ПЕРЕД СБ 4/Ф-500 LT100/16 1400Л/МИН 11КВТ 16БАР ;; Соответствует запросу “компрессор”";https://www.rts-tender.ru/poisk/id/l4538753-4-12-1/;нет;компрессор;rts-tender.ru/poisk + Search/LoadPage;2026-07-30
4538505;«Закупка расходных материалов для общехозяйственных нужд для АГРОЭКО-ЛОГИСТИКА август 2026»»;Коммерческие;"ОБЩЕСТВО С ОГРАНИЧЕННОЙ ОТВЕТСТВЕННОСТЬЮ ""АГРОЭКО-ЛОГИСТИКА""";3662288844;366201001;;"ОБЩЕСТВО С ОГРАНИЧЕННОЙ ОТВЕТСТВЕННОСТЬЮ ""АГРОЭКО-ЛОГИСТИКА""";3662288844;366201001;;Воронежская область;0.00;27.07.2026;31.07.2026;"Компрессор ;; Соответствует запросу “компрессор”";https://www.rts-tender.ru/poisk/id/l4538505-4-12-1/;нет;компрессор;rts-tender.ru/poisk + Search/LoadPage;2026-07-30
0351100000726000221;Поставка запчастей к оборудованию;44-ФЗ;"ФЕДЕРАЛЬНОЕ БЮДЖЕТНОЕ УЧРЕЖДЕНИЕ НАУКИ ""ГОСУДАРСТВЕННЫЙ НАУЧНЫЙ ЦЕНТР ВИРУСОЛОГИИ И БИОТЕХНОЛОГИИ ""ВЕКТОР"" ФЕДЕРАЛЬНОЙ СЛУЖБЫ ПО НАДЗОРУ В СФЕРЕ ЗАЩИТЫ ПРАВ ПОТРЕБИТЕЛЕЙ И БЛАГОПОЛУЧИЯ ЧЕЛОВЕКА";5433161342;543301001;"Казак Анна Александровна; 7-383-3634700-1049; kazak_aa@vector.nsc.ru";"ФЕДЕРАЛЬНОЕ БЮДЖЕТНОЕ УЧРЕЖДЕНИЕ НАУКИ ""ГОСУДАРСТВЕННЫЙ НАУЧНЫЙ ЦЕНТР ВИРУСОЛОГИИ И БИОТЕХНОЛОГИИ ""ВЕКТОР"" ФЕДЕРАЛЬНОЙ СЛУЖБЫ ПО НАДЗОРУ В СФЕРЕ ЗАЩИТЫ ПРАВ ПОТРЕБИТЕЛЕЙ И БЛАГОПОЛУЧИЯ ЧЕЛОВЕКА";5433161342;543301001;;Новосибирская область;2799093.48;27.07.2026;03.08.2026;"1. Компрессор 4DES-7Y для лиофильной промышленной сушилки LP50 ;; Соответствует запросу “компрессор”";https://www.rts-tender.ru/poisk/id/l0351100000726000221-1/;нет;компрессор;rts-tender.ru/poisk + Search/LoadPage;2026-07-30
0373200074826000762;Электронный запрос котировок на оказание услуг по проведению технического обслуживания воздушных компрессоров и вакуумных насосов для нужд ГКБ №1 им. Н.И. Пирогова.;44-ФЗ;ГОСУДАРСТВЕННОЕ БЮДЖЕТНОЕ УЧРЕЖДЕНИЕ ЗДРАВООХРАНЕНИЯ ГОРОДА МОСКВЫ ГОРОДСКАЯ КЛИНИЧЕСКАЯ БОЛЬНИЦА № 1 ИМ. Н.И.ПИРОГОВА ДЕПАРТАМЕНТА ЗДРАВООХРАНЕНИЯ ГОРОДА МОСКВЫ;7706055854;770601001;;ГОСУДАРСТВЕННОЕ БЮДЖЕТНОЕ УЧРЕЖДЕНИЕ ЗДРАВООХРАНЕНИЯ ГОРОДА МОСКВЫ ГОРОДСКАЯ КЛИНИЧЕСКАЯ БОЛЬНИЦА № 1 ИМ. Н.И.ПИРОГОВА ДЕПАРТАМЕНТА ЗДРАВООХРАНЕНИЯ ГОРОДА МОСКВЫ;7706055854;770601001;;Москва;390000.00;27.07.2026;03.08.2026;"Техническое обслуживание и ремонт высоковольтного электродвигателя воздушного компрессора ;; Соответствует запросу “компрессор”";https://www.rts-tender.ru/poisk/id/l0373200074826000762-1/;нет;компрессор;rts-tender.ru/poisk + Search/LoadPage;2026-07-30
4538518;закупка автозапчастей с отсрочкой платежа;Коммерческие;"Общество с ограниченной ответственностью управляющая компания ""ПРОМЫШЛЕННО-МЕТАЛЛУРГИЧЕСКИЙ ХОЛДИНГ""";0411075740;772501001;;"Общество с ограниченной ответственностью управляющая компания ""ПРОМЫШЛЕННО-МЕТАЛЛУРГИЧЕСКИЙ ХОЛДИНГ""";0411075740;772501001;;Москва;0.00;27.07.2026;30.07.2026;"Ремень привода компрессора 1103х16х11 ЗиЛ 130-3509250 ;; Соответствует запросу “компрессор”";https://www.rts-tender.ru/poisk/id/l4538518-4-12-1/;нет;компрессор;rts-tender.ru/poisk + Search/LoadPage;2026-07-30
32616238177;Поставка бензоинструмента и электроинструмента;223-ФЗ;"ОБЩЕСТВО С ОГРАНИЧЕННОЙ ОТВЕТСТВЕННОСТЬЮ ""СЕВАСТОПОЛЬЭНЕРГО""";9201519473;920101001;;"ОБЩЕСТВО С ОГРАНИЧЕННОЙ ОТВЕТСТВЕННОСТЬЮ ""СЕВАСТОПОЛЬЭНЕРГО""";9201519473;920101001;;Севастополь;2686000.00;27.07.2026;04.08.2026;"Компрессоры воздушные передвижные на колесных шасси ;; Компрессоры воздушные передвижные на колесных шасси";https://www.rts-tender.ru/poisk/id/l32616238177-1/;нет;компрессор;rts-tender.ru/poisk + Search/LoadPage;2026-07-30
4528082;"Запасные части к компрессорам Aerzen для АО ""Лебединский ГОК"" с фиксацией цены на 12 календарных месяцев.";Коммерческие;"ООО УК ""МЕТАЛЛОИНВЕСТ""";5018108484;773145001;;"АКЦИОНЕРНОЕ ОБЩЕСТВО ""ЛЕБЕДИНСКИЙ ГОРНООБОГАТИТЕЛЬНЫЙ КОМБИНАТ""";3127000014;997550001;;Байконур;0.00;27.07.2026;03.08.2026;"Шпонка компрессора OZG-1159 Aerzen (Шпонка компрессора ГБЖ-10233.00.003 ЛГОК) ;; Шпонка компрессора OZG-1159 Aerzen (Шпонка компрессора ГБЖ-10233.00.003 ЛГОК)";https://www.rts-tender.ru/poisk/id/l4528082-4-12-1/;нет;компрессор;rts-tender.ru/poisk + Search/LoadPage;2026-07-30
0356500003126000094;Поставка запчастей для медицинского оборудования;44-ФЗ;"ГОСУДАРСТВЕННОЕ БЮДЖЕТНОЕ УЧРЕЖДЕНИЕ ЗДРАВООХРАНЕНИЯ ПЕРМСКОГО КРАЯ ""КРАЕВАЯ СТОМАТОЛОГИЧЕСКАЯ ПОЛИКЛИНИКА № 2""";5906156422;590601001;;"ГОСУДАРСТВЕННОЕ БЮДЖЕТНОЕ УЧРЕЖДЕНИЕ ЗДРАВООХРАНЕНИЯ ПЕРМСКОГО КРАЯ ""КРАЕВАЯ СТОМАТОЛОГИЧЕСКАЯ ПОЛИКЛИНИКА № 2""";5906156422;590601001;;Пермский край;996664.73;27.07.2026;05.08.2026;"Фильтр входной для компрессора стоматологического ;; Поршень с шатуном для компрессора стоматологического";https://www.rts-tender.ru/poisk/id/l0356500003126000094-1/;нет;компрессор;rts-tender.ru/poisk + Search/LoadPage;2026-07-30
32616237698;№45 Поставка комплекта технологического оборудования для аддитивного производства изделий из металлических порошковых материалов по технологии селективного лазерного сплавления для оснащения научно-производственного центра испытаний и компетенций в области развития технологий беспилотных авиационных;223-ФЗ;"АКЦИОНЕРНОЕ ОБЩЕСТВО ""АГЕНТСТВО ПО ГОСУДАРСТВЕННОМУ ЗАКАЗУ РЕСПУБЛИКИ ТАТАРСТАН""";1655391893;165501001;;"АКЦИОНЕРНОЕ ОБЩЕСТВО ""УПРАВЛЯЮЩАЯ КОМПАНИЯ ПРОМПАРК""";1841075976;183101001;;Удмуртская Республика;184835000.00;27.07.2026;12.08.2026;"Компрессоры прочие, не включенные в другие группировки ;; Соответствует запросу “компрессор”";https://www.rts-tender.ru/poisk/id/l32616237698-1/;нет;компрессор;rts-tender.ru/poisk + Search/LoadPage;2026-07-30
0380100000126000018;Техническое обслуживание и ремонт автотранспорта;44-ФЗ;ПРОКУРАТУРА РЕСПУБЛИКИ ХАКАСИЯ;1901017523;190101001;;ПРОКУРАТУРА РЕСПУБЛИКИ ХАКАСИЯ;1901017523;190101001;;Республика Хакасия;400000.00;27.07.2026;04.08.2026;"Замена подшипника компрессора кондиционера оригинал TOYOTA CAMRY XV 40 ;; Замена подшипника компрессора кондиционера аналог TOYOTA CAMRY XV 40";https://www.rts-tender.ru/poisk/id/l0380100000126000018-1/;нет;компрессор;rts-tender.ru/poisk + Search/LoadPage;2026-07-30
32616237526;№46 Поставка комплекта технологического оборудования для аддитивного производства изделий из полимерных порошковых материалов по технологии селективного лазерного спекания для оснащения научно-производственного центра испытаний и компетенций в области развития технологий беспилотных авиационных сист;223-ФЗ;"АКЦИОНЕРНОЕ ОБЩЕСТВО ""АГЕНТСТВО ПО ГОСУДАРСТВЕННОМУ ЗАКАЗУ РЕСПУБЛИКИ ТАТАРСТАН""";1655391893;165501001;;"АКЦИОНЕРНОЕ ОБЩЕСТВО ""УПРАВЛЯЮЩАЯ КОМПАНИЯ ПРОМПАРК""";1841075976;183101001;;Удмуртская Республика;23960000.00;27.07.2026;04.08.2026;"Компрессоры прочие, не включенные в другие группировки ;; Соответствует запросу “компрессор”";https://www.rts-tender.ru/poisk/id/l32616237526-1/;нет;компрессор;rts-tender.ru/poisk + Search/LoadPage;2026-07-30
4537283;Оказание услуг по сервисному обслуживанию и ремонту самоходных транспортных средств К-700А, К-701, К-708УДМ, ДЗ-98В, для нужд АО «Коммунаровский рудник»;Коммерческие;"ОБЩЕСТВО С ОГРАНИЧЕННОЙ ОТВЕТСТВЕННОСТЬЮ ""УПРАВЛЯЮЩАЯ КОМПАНИЯ ЮГК""";7451258929;745101001;;"Открытое акционерное общество ""КОММУНАРОВСКИЙ РУДНИК""";1911000014;191101001;;Республика Хакасия;621290.31;27.07.2026;06.08.2026;"компрессор 5336-3509012 ;; Соответствует запросу “компрессор”";https://www.rts-tender.ru/poisk/id/l4537283-4-12-1/;да;компрессор;rts-tender.ru/poisk + Search/LoadPage;2026-07-30
0131200001026004440;2026-04770 Поставка запасных частей для автомобилей;44-ФЗ;МИНИСТЕРСТВО ПО РЕГУЛИРОВАНИЮ КОНТРАКТНОЙ СИСТЕМЫ В СФЕРЕ ЗАКУПОК ВОРОНЕЖСКОЙ ОБЛАСТИ;3666159455;366601001;;"БЮДЖЕТНОЕ УЧРЕЖДЕНИЕ ВОРОНЕЖСКОЙ ОБЛАСТИ ""АВТОБАЗА УПРАВЛЕНИЯ ДЕЛАМИ ВОРОНЕЖСКОЙ ОБЛАСТИ""";3665828424;366501001;;Воронежская область;1852231.00;24.07.2026;03.08.2026;"Компрессор кондиционера ;; Соответствует запросу “компрессор”";https://www.rts-tender.ru/poisk/id/l0131200001026004440-1/;нет;компрессор;rts-tender.ru/poisk + Search/LoadPage;2026-07-30
0246100000426000154;Поставка противопролежневых матрацев воздушных (с компрессором) для социального обеспечения получателей;44-ФЗ;ОТДЕЛЕНИЕ ФОНДА ПЕНСИОННОГО И СОЦИАЛЬНОГО СТРАХОВАНИЯ РОССИЙСКОЙ ФЕДЕРАЦИИ ПО ЛИПЕЦКОЙ ОБЛАСТИ;4826004782;482601001;"Кирьянова Наталия Олеговна; 7-474-2429009; zakupki@48.sfr.gov.ru";ОТДЕЛЕНИЕ ФОНДА ПЕНСИОННОГО И СОЦИАЛЬНОГО СТРАХОВАНИЯ РОССИЙСКОЙ ФЕДЕРАЦИИ ПО ЛИПЕЦКОЙ ОБЛАСТИ;4826004782;482601001;;Липецкая область;391500.00;24.07.2026;05.08.2026;;https://www.rts-tender.ru/poisk/id/l0246100000426000154-1/;нет;компрессор;rts-tender.ru/poisk + Search/LoadPage;2026-07-30
0368200000926000099;Компрессор кондиционера для автомобиля;44-ФЗ;"ОБЛАСТНОЕ ГОСУДАРСТВЕННОЕ КАЗЁННОЕ УЧРЕЖДЕНИЕ ""УПРАВЛЕНИЕ ДЕЛАМИ УЛЬЯНОВСКОЙ ОБЛАСТИ""";7325056619;732501001;;"ОБЛАСТНОЕ ГОСУДАРСТВЕННОЕ КАЗЁННОЕ УЧРЕЖДЕНИЕ ""УПРАВЛЕНИЕ ДЕЛАМИ УЛЬЯНОВСКОЙ ОБЛАСТИ""";7325056619;732501001;;Ульяновская область;27300.00;24.07.2026;05.08.2026;"Компрессор кондиционера для автомобиля ;; Соответствует запросу “компрессор”";https://www.rts-tender.ru/poisk/id/l0368200000926000099-1/;нет;компрессор;rts-tender.ru/poisk + Search/LoadPage;2026-07-30
4537733;компрессор Baratti Engineering GmbH;Коммерческие;"АКЦИОНЕРНОЕ ОБЩЕСТВО ""ПОЛИМАТИЗ""";1646020116;164601001;;"АКЦИОНЕРНОЕ ОБЩЕСТВО ""ПОЛИМАТИЗ""";1646020116;164601001;;Республика Татарстан;0.00;24.07.2026;05.08.2026;"компрессор Baratti Engineering GmbH ;; Соответствует запросу “компрессор”";https://www.rts-tender.ru/poisk/id/l4537733-4-12-1/;нет;компрессор;rts-tender.ru/poisk + Search/LoadPage;2026-07-30
0373100056626000992;Поставка компрессора спирального;44-ФЗ;"ФЕДЕРАЛЬНОЕ ГОСУДАРСТВЕННОЕ БЮДЖЕТНОЕ УЧРЕЖДЕНИЕ ""НАЦИОНАЛЬНЫЙ МЕДИЦИНСКИЙ ИССЛЕДОВАТЕЛЬСКИЙ ЦЕНТР ГЕМАТОЛОГИИ"" МИНИСТЕРСТВА ЗДРАВООХРАНЕНИЯ РОССИЙСКОЙ ФЕДЕРАЦИИ";7714061756;771401001;;"ФЕДЕРАЛЬНОЕ ГОСУДАРСТВЕННОЕ БЮДЖЕТНОЕ УЧРЕЖДЕНИЕ ""НАЦИОНАЛЬНЫЙ МЕДИЦИНСКИЙ ИССЛЕДОВАТЕЛЬСКИЙ ЦЕНТР ГЕМАТОЛОГИИ"" МИНИСТЕРСТВА ЗДРАВООХРАНЕНИЯ РОССИЙСКОЙ ФЕДЕРАЦИИ";7714061756;771401001;;Москва;42715.00;24.07.2026;05.08.2026;"Компрессор спиральный ;; Соответствует запросу “компрессор”";https://www.rts-tender.ru/poisk/id/l0373100056626000992-1/;нет;компрессор;rts-tender.ru/poisk + Search/LoadPage;2026-07-30
0327100004526000039;Приобретение учебного оборудования (лот № 17) в целях реализации проекта развития образовательной организации, реализующей образовательные программы СПО для подготовки кадров отрасли сельского хозяйства;44-ФЗ;"ФЕДЕРАЛЬНОЕ ГОСУДАРСТВЕННОЕ БЮДЖЕТНОЕ ОБРАЗОВАТЕЛЬНОЕ УЧРЕЖДЕНИЕ ВЫСШЕГО ОБРАЗОВАНИЯ ""БРЯНСКИЙ ГОСУДАРСТВЕННЫЙ АГРАРНЫЙ УНИВЕРСИТЕТ""";3208000245;320801001;;"ФЕДЕРАЛЬНОЕ ГОСУДАРСТВЕННОЕ БЮДЖЕТНОЕ ОБРАЗОВАТЕЛЬНОЕ УЧРЕЖДЕНИЕ ВЫСШЕГО ОБРАЗОВАНИЯ ""БРЯНСКИЙ ГОСУДАРСТВЕННЫЙ АГРАРНЫЙ УНИВЕРСИТЕТ""";3208000245;320801001;;Брянская область;3897397.28;24.07.2026;03.08.2026;"Передвижная тележка с мембранным насосом и компрессором ;; Соответствует запросу “компрессор”";https://www.rts-tender.ru/poisk/id/l0327100004526000039-1/;нет;компрессор;rts-tender.ru/poisk + Search/LoadPage;2026-07-30
4537255;Электродвигатель АО ЗСУ (Попозиционная поставка) КП ЗАПОЛНИТЬ ПО НАШЕЙ ФОРМЕ!!! Желательно оригинал;Коммерческие;"ОБЩЕСТВО С ОГРАНИЧЕННОЙ ОТВЕТСТВЕННОСТЬЮ ""ТОРГОВЫЙ ДОМ ПОЛИМЕТАЛЛ""";7805368914;424950001;;"ОБЩЕСТВО С ОГРАНИЧЕННОЙ ОТВЕТСТВЕННОСТЬЮ ""ТОРГОВЫЙ ДОМ ПОЛИМЕТАЛЛ""";7805368914;424950001;;Кемеровская область;0.00;24.07.2026;30.07.2026;"Электродвигатель ABB Motor M2AA112M 3GAA112903-BSA 4 квт, фланцевый, охлождение компрессора GA - 160 ;; Соответствует запросу “компрессор”";https://www.rts-tender.ru/poisk/id/l4537255-4-12-1/;нет;компрессор;rts-tender.ru/poisk + Search/LoadPage;2026-07-30
0351200000726001027;Поставка запасных частей;44-ФЗ;"ГОСУДАРСТВЕННОЕ БЮДЖЕТНОЕ УЧРЕЖДЕНИЕ ЗДРАВООХРАНЕНИЯ НОВОСИБИРСКОЙ ОБЛАСТИ ""ГОСУДАРСТВЕННАЯ НОВОСИБИРСКАЯ ОБЛАСТНАЯ КЛИНИЧЕСКАЯ БОЛЬНИЦА""";5403106150;540301001;"Каштанова Марина Алексеевна; 8-383-3159728; dogovor16@oblmed.nsk.ru";"ГОСУДАРСТВЕННОЕ БЮДЖЕТНОЕ УЧРЕЖДЕНИЕ ЗДРАВООХРАНЕНИЯ НОВОСИБИРСКОЙ ОБЛАСТИ ""ГОСУДАРСТВЕННАЯ НОВОСИБИРСКАЯ ОБЛАСТНАЯ КЛИНИЧЕСКАЯ БОЛЬНИЦА""";5403106150;540301001;;Новосибирская область;316000.00;24.07.2026;03.08.2026;"Сервисный набор (фильтр сепаратора винтового воздушного компрессора, фильтр масляный, фильтр воздушный) ;; Соответствует запросу “компрессор”";https://www.rts-tender.ru/poisk/id/l0351200000726001027-1/;нет;компрессор;rts-tender.ru/poisk + Search/LoadPage;2026-07-30
4537205;Котел для МНВ и котельное оборудование;Коммерческие;"ОБЩЕСТВО С ОГРАНИЧЕННОЙ ОТВЕТСТВЕННОСТЬЮ ""АРЕАЛ. РЕГИОНАЛЬНЫЙ ЦЕНТР""";8703010889;272101001;;"ОБЩЕСТВО С ОГРАНИЧЕННОЙ ОТВЕТСТВЕННОСТЬЮ ""АРЕАЛ. РЕГИОНАЛЬНЫЙ ЦЕНТР""";8703010889;272101001;;Хабаровский край;0.00;24.07.2026;30.07.2026;"Компрессор EnergyLogic 20210111 для горелки 13...15PSI ;; Комплект обслуживания компрессора воздушного EnergyLogic 05000096 для горелок";https://www.rts-tender.ru/poisk/id/l4537205-4-12-1/;нет;компрессор;rts-tender.ru/poisk + Search/LoadPage;2026-07-30
0130200001726000051;Оказание услуг по ремонту автотранспортных средств (служебные автомобили Toyota, Haval);44-ФЗ;ЗАКОНОДАТЕЛЬНОЕ СОБРАНИЕ ВОЛОГОДСКОЙ ОБЛАСТИ;3525066582;352501001;;ЗАКОНОДАТЕЛЬНОЕ СОБРАНИЕ ВОЛОГОДСКОЙ ОБЛАСТИ;3525066582;352501001;;Вологодская область;400000.00;24.07.2026;04.08.2026;"Замена компрессора кондиционера (Услуги по ремонту служебных автомобилей Toyota Camry 2,5, АКПП, VIN XW7BF4FK80S146957, XW7BF4FK20S172230, XW7BF4FK40S171385, XW7BF3HK10S170590, XW7BF3HK60S153199, XW7B13HK00S220054; Toyot ;; Соответствует запросу “компрессор”";https://www.rts-tender.ru/poisk/id/l0130200001726000051-1/;нет;компрессор;rts-tender.ru/poisk + Search/LoadPage;2026-07-30
4536790;Работы на техническое обслуживание холодильной установки камера №1 (Компрессор Bitzer 4Н-15,2-40Р – 1 шт.) цеха переработки, АО «Птицефабрика «Рефтинская»;Коммерческие;"Акционерное общество ""Птицефабрика ""Рефтинская""";6603025045;668301001;;"Акционерное общество ""Птицефабрика ""Рефтинская""";6603025045;668301001;;Свердловская область;0.00;24.07.2026;03.08.2026;;https://www.rts-tender.ru/poisk/id/l4536790-4-12-1/;нет;компрессор;rts-tender.ru/poisk + Search/LoadPage;2026-07-30
0152200000726000026;Оказание услуг по диагностике, техническому обслуживанию и ремонту автотранспортных средств (Реестровый номер 2026.050306);44-ФЗ;ГЛАВНОЕ УПРАВЛЕНИЕ ЛЕСНОГО ХОЗЯЙСТВА ОМСКОЙ ОБЛАСТИ;5503202387;550401001;;ГЛАВНОЕ УПРАВЛЕНИЕ ЛЕСНОГО ХОЗЯЙСТВА ОМСКОЙ ОБЛАСТИ;5503202387;550401001;;Омская область;300000.00;24.07.2026;03.08.2026;"Шланг УАЗ-3163 дв.ЗМЗ-409 кондиционера (компрессор-конденсатор) ;; Шланг УАЗ-3163 кондиционера (компрессор-муфта)";https://www.rts-tender.ru/poisk/id/l0152200000726000026-1/;нет;компрессор;rts-tender.ru/poisk + Search/LoadPage;2026-07-30
4536687;Работы на техническое обслуживание холодильной установки галерей субпродуктов (Компрессоры Bitzer 4TES-12Y-40P (CH) – 2 шт.) цеха переработки, АО «Птицефабрика «Рефтинская».;Коммерческие;"Акционерное общество ""Птицефабрика ""Рефтинская""";6603025045;668301001;;"Акционерное общество ""Птицефабрика ""Рефтинская""";6603025045;668301001;;Свердловская область;0.00;24.07.2026;03.08.2026;"Работы на техническое обслуживание холодильной установки галерей субпродуктов (Компрессоры Bitzer 4TES-12Y-40P (CH) – 2 шт.) цеха переработки, АО «Птицефабрика «Рефтинская». (ОБЯЗАТЕЛЬНО предоставить на торги подробную с ;; Соответствует запросу “компрессор”";https://www.rts-tender.ru/poisk/id/l4536687-4-12-1/;нет;компрессор;rts-tender.ru/poisk + Search/LoadPage;2026-07-30
32616233501;Поставка компрессора (ЯОбЗ030382);223-ФЗ;"АКЦИОНЕРНОЕ ОБЩЕСТВО ПРОИЗВОДСТВЕННОЕ ОБЪЕДИНЕНИЕ ""ЯКУТЦЕМЕНТ""";1431008422;143101001;"Коломиец Н. А.; +7 (423) 2346056; kolomiets.na@tigersnab.ru";"АКЦИОНЕРНОЕ ОБЩЕСТВО ПРОИЗВОДСТВЕННОЕ ОБЪЕДИНЕНИЕ ""ЯКУТЦЕМЕНТ""";1431008422;143101001;"+7 (423) 2346056; kolomiets.na@tigersnab.ru";Республика Саха (Якутия);253435.00;24.07.2026;31.07.2026;"Компрессор СБ4/Ф-500.LT100/16 REMEZA или эквивалент ;; Компрессор СБ4/Ф-500.LT100/16 REMEZA или эквивалент";https://www.rts-tender.ru/poisk/id/l32616233501-1/;нет;компрессор;rts-tender.ru/poisk + Search/LoadPage;2026-07-30
0820500000826003945;Оказание услуг по диагностике, техническому обслуживанию и ремонту автотранспортных средств с использованием запасных частей исполнителя;44-ФЗ;"КРАЕВОЕ ГОСУДАРСТВЕННОЕ КАЗЕННОЕ УЧРЕЖДЕНИЕ ""ЦЕНТР ГОСУДАРСТВЕННЫХ ЗАКУПОК ПРИМОРСКОГО КРАЯ""";2540254652;254001001;;"КРАЕВОЕ ГОСУДАРСТВЕННОЕ БЮДЖЕТНОЕ УЧРЕЖДЕНИЕ ЗДРАВООХРАНЕНИЯ ""ПАРТИЗАНСКАЯ ГОРОДСКАЯ БОЛЬНИЦА № 1""";2509000582;250901001;;Приморский край;2000000.00;24.07.2026;05.08.2026;"Компрессор кондиционера 14+ ;; Муфта компрессора кондиционера (для Sanden)";https://www.rts-tender.ru/poisk/id/l0820500000826003945-1/;нет;компрессор;rts-tender.ru/poisk + Search/LoadPage;2026-07-30
32616233154;Оказание услуг по техническому обслуживанию и ремонту автотранспортной техники;223-ФЗ;"АКЦИОНЕРНОЕ ОБЩЕСТВО ""УССУРИЙСКОЕ ПРЕДПРИЯТИЕ ТЕПЛОВЫХ СЕТЕЙ""";2511111265;251101001;"Астахов Алексей Борисович; +74234322571; omts@umupts.ru";"АКЦИОНЕРНОЕ ОБЩЕСТВО ""УССУРИЙСКОЕ ПРЕДПРИЯТИЕ ТЕПЛОВЫХ СЕТЕЙ""";2511111265;251101001;"+74234322571; omts@umupts.ru";Приморский край;6000000.00;24.07.2026;03.08.2026;"Замена компрессора ;; Соответствует запросу “компрессор”";https://www.rts-tender.ru/poisk/id/l32616233154-1/;нет;компрессор;rts-tender.ru/poisk + Search/LoadPage;2026-07-30
4536273;Сервисное техническое обслуживание и сервисный ремонт технологического оборудования РУ БУК плата управления ВИСА.74.00.001.002 24В буровой станок СБШ хоз.№42, плата управления ВИСА.74.00.001.001 24В буровой станок СБШ хоз.№42, контроллер компрессора КМПРСР ВК-430 24В 10А IP65 буровой станок СБШ хоз.;Коммерческие;"ООО УК ""МЕТАЛЛОИНВЕСТ""";5018108484;773145001;;"АКЦИОНЕРНОЕ ОБЩЕСТВО ""МИХАЙЛОВСКИЙ ГОК ИМЕНИ АНДРЕЯ ВЛАДИМИРОВИЧА ВАРИЧЕВА""";4633001577;997550001;;Байконур;0.00;23.07.2026;04.08.2026;"Сервисное техническое обслуживание и сервисный ремонт технологического оборудования РУ БУК плата управления ВИСА.74.00.001.002 24В буровой станок СБШ хоз.№42, плата управления ВИСА.74.00.001.001 24В буровой станок СБШ хо ;; Соответствует запросу “компрессор”";https://www.rts-tender.ru/poisk/id/l4536273-4-12-1/;да;компрессор;rts-tender.ru/poisk + Search/LoadPage;2026-07-30
32616232483;Поставка запасных частей и расходных материалов для винтовых компрессоров;223-ФЗ;"АО ""БАХЧИСАРАЙСКИЙ ЦЕМЕНТНЫЙ ЗАВОД""";9104031842;910401001;"3655453884; omts@crimcement.com";"АО ""БАХЧИСАРАЙСКИЙ ЦЕМЕНТНЫЙ ЗАВОД""";9104031842;910401001;"3655453884; omts@crimcement.com";Республика Крым;461327.92;23.07.2026;30.07.2026;"Поставка запасных частей и расходных материалов для винтовых компрессоров ;; Поставка запасных частей и расходных материалов для винтовых компрессоров";https://www.rts-tender.ru/poisk/id/l32616232483-1/;нет;компрессор;rts-tender.ru/poisk + Search/LoadPage;2026-07-30
4536287;закупка оборудования;Коммерческие;"ОБЩЕСТВО С ОГРАНИЧЕННОЙ ОТВЕТСТВЕННОСТЬЮ ""СОЮЗМЕТАЛЛСЕРВИС""";7802888337;772701001;;"Филиал №3 ""Макеевский металлургический завод""";9308000360;931143001;;Донецкая Народная Республика;0.00;23.07.2026;30.07.2026;"Контроллер компрессора Airmaster Q1 Y21AIR M01.00 / 1116 CM Q1CMCSTD_E30 (soft_26/02/2020) ;; Соответствует запросу “компрессор”";https://www.rts-tender.ru/poisk/id/l4536287-4-12-1/;нет;компрессор;rts-tender.ru/poisk + Search/LoadPage;2026-07-30
0560300000626000094;Запасные части для ремонта тракторной техники;44-ФЗ;"МУНИЦИПАЛЬНОЕ БЮДЖЕТНОЕ УЧРЕЖДЕНИЕ ""ДОРСТРОЙ""";6453136508;645301001;;"МУНИЦИПАЛЬНОЕ БЮДЖЕТНОЕ УЧРЕЖДЕНИЕ ""ДОРСТРОЙ""";6453136508;645301001;;Саратовская область;1500000.00;23.07.2026;31.07.2026;"Штуцер маслопровода компрессора Д-240 ;; Гайка трубопровода компрессора МТЗ-80";https://www.rts-tender.ru/poisk/id/l0560300000626000094-1/;нет;компрессор;rts-tender.ru/poisk + Search/LoadPage;2026-07-30
4535563;СМЦБ-061407 ВОЗДУХООХЛАДИТЕЛЬ КОМПРЕССОРА К-250-61-5 2-й ступени в сборе;Коммерческие;"Акционерное общество ""Самарский металлургический завод """;6310000160;997550001;;"Акционерное общество ""Самарский металлургический завод """;6310000160;997550001;;Байконур;0.00;23.07.2026;30.07.2026;"ВОЗДУХООХЛАДИТЕЛЬ КОМПРЕССОРА К-250-61-5 2-й ступени в сборе ;; Соответствует запросу “компрессор”";https://www.rts-tender.ru/poisk/id/l4535563-4-12-1/;да;компрессор;rts-tender.ru/poisk + Search/LoadPage;2026-07-30
0372200006226000088;Ремонт винтового компрессора кислородной станции;44-ФЗ;"САНКТ-ПЕТЕРБУРГСКОЕ ГОСУДАРСТВЕННОЕ БЮДЖЕТНОЕ УЧРЕЖДЕНИЕ ЗДРАВООХРАНЕНИЯ ""ГОРОДСКАЯ БОЛЬНИЦА № 14""";7805045350;780501001;"Морев Алексей Геннадьевич; 7-812-7868739; bolniza14econom@yandex.ru";"САНКТ-ПЕТЕРБУРГСКОЕ ГОСУДАРСТВЕННОЕ БЮДЖЕТНОЕ УЧРЕЖДЕНИЕ ЗДРАВООХРАНЕНИЯ ""ГОРОДСКАЯ БОЛЬНИЦА № 14""";7805045350;780501001;;Санкт-Петербург;682600.00;23.07.2026;31.07.2026;"Выполнение работ по ремонту винтового компрессора, входящего в состав кислородной установки ;; Соответствует запросу “компрессор”";https://www.rts-tender.ru/poisk/id/l0372200006226000088-1/;нет;компрессор;rts-tender.ru/poisk + Search/LoadPage;2026-07-30
4535642;СМЦБ-061203 Пневмошланги, штуцера.;Коммерческие;"Акционерное общество ""Самарский металлургический завод """;6310000160;997550001;;"Акционерное общество ""Самарский металлургический завод """;6310000160;997550001;;Байконур;0.00;23.07.2026;30.07.2026;"ШЛАНГ ВЫСОКОГО ДАВЛЕНИЯ ДЛЯ КОМПРЕССОРА ZH15000 (Шланг резиновый пневматический высокого давления 10х17 мм, бухта 100 м МАСТАК 683-10100) ;; Соответствует запросу “компрессор”";https://www.rts-tender.ru/poisk/id/l4535642-4-12-1/;нет;компрессор;rts-tender.ru/poisk + Search/LoadPage;2026-07-30
0318300605726000394;Оказание услуг по ремонту медицинского оборудования с заменой запасных частей;44-ФЗ;"ГОСУДАРСТВЕННОЕ БЮДЖЕТНОЕ УЧРЕЖДЕНИЕ ЗДРАВООХРАНЕНИЯ ""ГОРОДСКАЯ БОЛЬНИЦА ГОРОДА АРМАВИРА"" МИНИСТЕРСТВА ЗДРАВООХРАНЕНИЯ КРАСНОДАРСКОГО КРАЯ";2372011895;237201001;;"ГОСУДАРСТВЕННОЕ БЮДЖЕТНОЕ УЧРЕЖДЕНИЕ ЗДРАВООХРАНЕНИЯ ""ГОРОДСКАЯ БОЛЬНИЦА ГОРОДА АРМАВИРА"" МИНИСТЕРСТВА ЗДРАВООХРАНЕНИЯ КРАСНОДАРСКОГО КРАЯ";2372011895;237201001;;Краснодарский край;516317.54;23.07.2026;31.07.2026;"Разборка и чистка компрессора в результате ""пересоса""Отсасыватель медицинский ""Armed"",вариант исполнения 7A-23В, инв. № 24330325000000041 ;; Запчасть: компрессор СКН-60 R600 H5-02 (-23c 90w)Холодильник Бирюса 107, инв. № 34330282513110001";https://www.rts-tender.ru/poisk/id/l0318300605726000394-1/;нет;компрессор;rts-tender.ru/poisk + Search/LoadPage;2026-07-30
4535742;ТМЦ ЗЧ к локомотивам/компрессорам;Коммерческие;"ОБЩЕСТВО С ОГРАНИЧЕННОЙ ОТВЕТСТВЕННОСТЬЮ ""АИМ МЕНЕДЖМЕНТ""";9725042029;772501001;;"ОБЩЕСТВО С ОГРАНИЧЕННОЙ ОТВЕТСТВЕННОСТЬЮ ""ЕДИНАЯ СЕРВИСНАЯ КОМПАНИЯ СУЭК""";3816006073;246601001;;Красноярский край;0.00;23.07.2026;30.07.2026;;https://www.rts-tender.ru/poisk/id/l4535742-4-12-1/;нет;компрессор;rts-tender.ru/poisk + Search/LoadPage;2026-07-30
4535353;ЗнЗ 1519_Насосы;Коммерческие;"Акционерное общество ""Самарский металлургический завод """;6310000160;997550001;;"Акционерное общество ""Самарский металлургический завод """;6310000160;997550001;;Байконур;0.00;23.07.2026;30.07.2026;"СМЦБ-061401 НАСОС МАСЛЯНЫЙ ШЕСТЕРЕНЧАТЫЙ КОМПРЕССОРА К-250-61 (НАСОС МАСЛЯНЫЙ ШЕСТЕРЕНЧАТЫЙ КОМПРЕССОРА К-250-61) ;; СМЦБ-061401 НАСОС МАСЛЯНЫЙ ШЕСТЕРЕНЧАТЫЙ КОМПРЕССОРА К-250-61 (НАСОС МАСЛЯНЫЙ ШЕСТЕРЕНЧАТЫЙ КОМПРЕССОРА К-250-61)";https://www.rts-tender.ru/poisk/id/l4535353-4-12-1/;да;компрессор;rts-tender.ru/poisk + Search/LoadPage;2026-07-30
0360600004526000099;Запасные части для ремонта транспортных средств;44-ФЗ;"МУНИЦИПАЛЬНОЕ БЮДЖЕТНОЕ УЧРЕЖДЕНИЕ ""СЛУЖБА БЛАГОУСТРОЙСТВА КИРОВСКОГО РАЙОНА""";6452148853;645201001;;"МУНИЦИПАЛЬНОЕ БЮДЖЕТНОЕ УЧРЕЖДЕНИЕ ""СЛУЖБА БЛАГОУСТРОЙСТВА КИРОВСКОГО РАЙОНА""";6452148853;645201001;;Саратовская область;800000.00;23.07.2026;31.07.2026;"Штуцер маслопровода компрессора Д-240 ;; Гайка трубопровода компрессора МТЗ-80";https://www.rts-tender.ru/poisk/id/l0360600004526000099-1/;нет;компрессор;rts-tender.ru/poisk + Search/LoadPage;2026-07-30
0318300605726000392;Оказание услуг по ремонту медицинского оборудования с заменой запасных частей;44-ФЗ;"ГОСУДАРСТВЕННОЕ БЮДЖЕТНОЕ УЧРЕЖДЕНИЕ ЗДРАВООХРАНЕНИЯ ""ГОРОДСКАЯ БОЛЬНИЦА ГОРОДА АРМАВИРА"" МИНИСТЕРСТВА ЗДРАВООХРАНЕНИЯ КРАСНОДАРСКОГО КРАЯ";2372011895;237201001;;"ГОСУДАРСТВЕННОЕ БЮДЖЕТНОЕ УЧРЕЖДЕНИЕ ЗДРАВООХРАНЕНИЯ ""ГОРОДСКАЯ БОЛЬНИЦА ГОРОДА АРМАВИРА"" МИНИСТЕРСТВА ЗДРАВООХРАНЕНИЯ КРАСНОДАРСКОГО КРАЯ";2372011895;237201001;;Краснодарский край;585153.32;23.07.2026;31.07.2026;"Ремонт компрессора блока АДМонитор прикроватный модели BSM-2301K в составе Nihon Kohden (ДТП), зав. № 34431, инв. № 04143311269000044 ;; Соответствует запросу “компрессор”";https://www.rts-tender.ru/poisk/id/l0318300605726000392-1/;нет;компрессор;rts-tender.ru/poisk + Search/LoadPage;2026-07-30
0360600004526000098;Запасные части для ремонта транспортных средств;44-ФЗ;"МУНИЦИПАЛЬНОЕ БЮДЖЕТНОЕ УЧРЕЖДЕНИЕ ""СЛУЖБА БЛАГОУСТРОЙСТВА КИРОВСКОГО РАЙОНА""";6452148853;645201001;;"МУНИЦИПАЛЬНОЕ БЮДЖЕТНОЕ УЧРЕЖДЕНИЕ ""СЛУЖБА БЛАГОУСТРОЙСТВА КИРОВСКОГО РАЙОНА""";6452148853;645201001;;Саратовская область;2200000.00;23.07.2026;31.07.2026;"Трубка 1-но цилиндрового компрессора (медная) Камаз ;; Кольцо уплотнительное воздушного компрессора (прямоугольного сечения)";https://www.rts-tender.ru/poisk/id/l0360600004526000098-1/;нет;компрессор;rts-tender.ru/poisk + Search/LoadPage;2026-07-30
4535059;Оказание услуг по сервисному обслуживанию винтовых воздушных компрессоров DVA-280.;Коммерческие;"ОБЩЕСТВО С ОГРАНИЧЕННОЙ ОТВЕТСТВЕННОСТЬЮ ""ТОРГОВЫЙ ДОМ ПОЛИМЕТАЛЛ""";7805368914;424950001;;"ОБЩЕСТВО С ОГРАНИЧЕННОЙ ОТВЕТСТВЕННОСТЬЮ ""ТОРГОВЫЙ ДОМ ПОЛИМЕТАЛЛ""";7805368914;424950001;;Кемеровская область;0.00;23.07.2026;03.08.2026;"Оказание услуг по сервисному обслуживанию винтовых воздушных компрессоров DVA-280. ;; Соответствует запросу “компрессор”";https://www.rts-tender.ru/poisk/id/l4535059-4-12-1/;нет;компрессор;rts-tender.ru/poisk + Search/LoadPage;2026-07-30
0832100004626000109;Техническое обслуживание и регламентно-профилактический ремонт систем кондиционирования и вентиляции, бытовых кондиционеров и тепловых завес;44-ФЗ;"МЕЖРЕГИОНАЛЬНЫЙ ФИЛИАЛ ФЕДЕРАЛЬНОГО КАЗЕННОГО УЧРЕЖДЕНИЯ ""ЦЕНТР ПО ОБЕСПЕЧЕНИЮ ДЕЯТЕЛЬНОСТИ КАЗНАЧЕЙСТВА РОССИИ"" В Г. НИЖНЕМ НОВГОРОДЕ";7709895509;526043001;;"МЕЖРЕГИОНАЛЬНЫЙ ФИЛИАЛ ФЕДЕРАЛЬНОГО КАЗЕННОГО УЧРЕЖДЕНИЯ ""ЦЕНТР ПО ОБЕСПЕЧЕНИЮ ДЕЯТЕЛЬНОСТИ КАЗНАЧЕЙСТВА РОССИИ"" В Г. НИЖНЕМ НОВГОРОДЕ";7709895509;526043001;;Нижегородская область;600000.00;23.07.2026;03.08.2026;"Замена пускового конденсатора компрессора системы кондиционирования. ;; Проверка работоспособности компрессора системы кондиционирования.";https://www.rts-tender.ru/poisk/id/l0832100004626000109-1/;нет;компрессор;rts-tender.ru/poisk + Search/LoadPage;2026-07-30
0817200000326011602;Поставка пневматических и гидравлических инструментов;44-ФЗ;"КРАЕВОЕ ГОСУДАРСТВЕННОЕ КАЗЕННОЕ УЧРЕЖДЕНИЕ ""ЦЕНТР ГОСУДАРСТВЕННЫХ ЗАКУПОК АЛТАЙСКОГО КРАЯ""";2224164425;222401001;"Ковалева Ольга Ивановна; 7-3852-206-758; koi@gzalt.ru";"КРАЕВОЕ ГОСУДАРСТВЕННОЕ БЮДЖЕТНОЕ УЧРЕЖДЕНИЕ ""УЧРЕЖДЕНИЕ ПО СОДЕРЖАНИЮ АДМИНИСТРАТИВНЫХ ЗДАНИЙ""";2225156794;222501001;;Алтайский край;62830.33;23.07.2026;04.08.2026;"Компрессор воздушный ;; Набор пневмоинструментов для компрессора";https://www.rts-tender.ru/poisk/id/l0817200000326011602-1/;нет;компрессор;rts-tender.ru/poisk + Search/LoadPage;2026-07-30
0269100000226000132;Поставка в 2026 году противопролежневых матрацев воздушных (с компрессором) и противопролежневых подушек (воздушных и гелевых) в целях социального обеспечения лиц, проживающих на территории Челябинской области.;44-ФЗ;ОТДЕЛЕНИЕ ФОНДА ПЕНСИОННОГО И СОЦИАЛЬНОГО СТРАХОВАНИЯ РОССИЙСКОЙ ФЕДЕРАЦИИ ПО ЧЕЛЯБИНСКОЙ ОБЛАСТИ;7453040822;745301001;"Юлмухаметова Алина Рашитовна; 7-351-2649355; zakupki1@74.sfr.gov.ru";ОТДЕЛЕНИЕ ФОНДА ПЕНСИОННОГО И СОЦИАЛЬНОГО СТРАХОВАНИЯ РОССИЙСКОЙ ФЕДЕРАЦИИ ПО ЧЕЛЯБИНСКОЙ ОБЛАСТИ;7453040822;745301001;;Челябинская область;258000.00;23.07.2026;31.07.2026;;https://www.rts-tender.ru/poisk/id/l0269100000226000132-1/;нет;компрессор;rts-tender.ru/poisk + Search/LoadPage;2026-07-30
32616229195;Поставка осушителя воздуха для компрессора DVK 75-7,5;223-ФЗ;"ФЕДЕРАЛЬНОЕ КАЗЕННОЕ ПРЕДПРИЯТИЕ ""АМУРСКИЙ ПАТРОННЫЙ ЗАВОД ""ВЫМПЕЛ"" ИМЕНИ П.В.ФИНОГЕНОВА""";2706000260;270601001;"Эпштейн В. А.; 74214294229; kcko@vympel-apz.ru";"ФЕДЕРАЛЬНОЕ КАЗЕННОЕ ПРЕДПРИЯТИЕ ""АМУРСКИЙ ПАТРОННЫЙ ЗАВОД ""ВЫМПЕЛ"" ИМЕНИ П.В.ФИНОГЕНОВА""";2706000260;270601001;"74214294229; kcko@vympel-apz.ru";Хабаровский край;729263.67;23.07.2026;04.08.2026;"Поставка осушителя воздуха для компрессора DVK 75-7,5 ;; Соответствует запросу “компрессор”";https://www.rts-tender.ru/poisk/id/l32616229195-1/;нет;компрессор;rts-tender.ru/poisk + Search/LoadPage;2026-07-30
0380100001526000010;Оказание услуг по техническому обслуживанию и ремонту транспортных средств;44-ФЗ;УПРАВЛЕНИЕ ФЕДЕРАЛЬНОЙ СЛУЖБЫ ГОСУДАРСТВЕННОЙ РЕГИСТРАЦИИ, КАДАСТРА И КАРТОГРАФИИ ПО РЕСПУБЛИКЕ ХАКАСИЯ;1901065358;190101001;"Захарова Оксана Анатольевна; 7-3902-239048; 7-3902-221050; 19_upr@rosreestr.ru";УПРАВЛЕНИЕ ФЕДЕРАЛЬНОЙ СЛУЖБЫ ГОСУДАРСТВЕННОЙ РЕГИСТРАЦИИ, КАДАСТРА И КАРТОГРАФИИ ПО РЕСПУБЛИКЕ ХАКАСИЯ;1901065358;190101001;;Республика Хакасия;320000.00;23.07.2026;31.07.2026;"Услуги по техническому обслуживанию и ремонту автотранспортных средств: Компрессор кондиционера ;; Услуги по техническому обслуживанию и ремонту автотранспортных средств: Ремень привода компрессора кондиционера";https://www.rts-tender.ru/poisk/id/l0380100001526000010-1/;нет;компрессор;rts-tender.ru/poisk + Search/LoadPage;2026-07-30
32616229087;Поставка материалов и оборудования для участка химподготовки котельной № 5 (Компрессор тип SF);223-ФЗ;"АКЦИОНЕРНОЕ ОБЩЕСТВО ""УССУРИЙСКОЕ ПРЕДПРИЯТИЕ ТЕПЛОВЫХ СЕТЕЙ""";2511111265;251101001;"+79243309393; omts@umupts.ru";"АКЦИОНЕРНОЕ ОБЩЕСТВО ""УССУРИЙСКОЕ ПРЕДПРИЯТИЕ ТЕПЛОВЫХ СЕТЕЙ""";2511111265;251101001;"+79243309393; omts@umupts.ru";Приморский край;30931.67;23.07.2026;31.07.2026;"Компрессор поршневой FINI SF2500-24L-2M ;; Компрессор поршневой FINI SF2500-24L-2M";https://www.rts-tender.ru/poisk/id/l32616229087-1/;нет;компрессор;rts-tender.ru/poisk + Search/LoadPage;2026-07-30
0122300006126000894;Монтаж, демонтаж и ремонт кондиционеров;44-ФЗ;АДМИНИСТРАЦИЯ ГОРОДА ХАБАРОВСКА;2702015107;272101001;;АДМИНИСТРАЦИЯ ГОРОДА ХАБАРОВСКА;2702015107;272101001;;Хабаровский край;300000.00;23.07.2026;31.07.2026;"Замена компрессора (включая сборку-разборку блока) 07,09 ;; Замена компрессора (включая сборку-разборку блока) 12,18,24 модели";https://www.rts-tender.ru/poisk/id/l0122300006126000894-1/;нет;компрессор;rts-tender.ru/poisk + Search/LoadPage;2026-07-30
0891200000626007993;Оказание услуг по техническому обслуживанию томографа магнитно-резонансного Vantage Titan (00008578-ЗК);44-ФЗ;"ГОСУДАРСТВЕННОЕ КАЗЕННОЕ УЧРЕЖДЕНИЕ ""ЗАБАЙКАЛЬСКИЙ ЦЕНТР ГОСУДАРСТВЕННЫХ ЗАКУПОК""";7536155048;753601001;;"ГОСУДАРСТВЕННОЕ УЧРЕЖДЕНИЕ ЗДРАВООХРАНЕНИЯ ""ЗАБАЙКАЛЬСКИЙ КРАЕВОЙ ОНКОЛОГИЧЕСКИЙ ДИСПАНСЕР""";7536024408;753601001;;Забайкальский край;3737100.00;23.07.2026;31.07.2026;"Замена адсорбера гелиевого компрессора Sumitomo F-70 ;; Соответствует запросу “компрессор”";https://www.rts-tender.ru/poisk/id/l0891200000626007993-1/;нет;компрессор;rts-tender.ru/poisk + Search/LoadPage;2026-07-30
0122300006126000905;Поставка запасных частей и расходных материалов на тракторную технику, спецмашины;44-ФЗ;АДМИНИСТРАЦИЯ ГОРОДА ХАБАРОВСКА;2702015107;272101001;;"МУНИЦИПАЛЬНОЕ БЮДЖЕТНОЕ УЧРЕЖДЕНИЕ ГОРОДА ХАБАРОВСКА ""СЕВЕР""";2722132000;272201001;;Хабаровский край;2867544.78;23.07.2026;31.07.2026;"Компрессор жид. охлаж.(Вид 1), КАМАЗ ;; Компрессор жид. охлаж. (Вид 2), КАМАЗ";https://www.rts-tender.ru/poisk/id/l0122300006126000905-1/;нет;компрессор;rts-tender.ru/poisk + Search/LoadPage;2026-07-30
4534673;Лот №8 Поставка запасных частей СНТС, SANY, IBEST, IBT, DERUI, FAMBITION, Siton и Zega;Коммерческие;"Международная компания Акционерное общество ""АРЕАЛ""";2540277272;254001001;;"Международная компания Акционерное общество ""АРЕАЛ""";2540277272;254001001;;Приморский край;0.00;22.07.2026;11.08.2026;"Компрессор воздушный ML02 CSPB25.05-4 ;; Компрессор винтовой в сборе Kaishan/2.292.0052 (оригинал)";https://www.rts-tender.ru/poisk/id/l4534673-4-12-1/;нет;компрессор;rts-tender.ru/poisk + Search/LoadPage;2026-07-30
0318100043326000052;"Поставка запчастей для автотранспорта и самоходных машин (механизмов) Черноерковского филиала ФГБУ ""Управление ""Кубаньмелиоводхоз""";44-ФЗ;"ФЕДЕРАЛЬНОЕ ГОСУДАРСТВЕННОЕ БЮДЖЕТНОЕ УЧРЕЖДЕНИЕ ""УПРАВЛЕНИЕ МЕЛИОРАЦИИ ЗЕМЕЛЬ И СЕЛЬСКОХОЗЯЙСТВЕННОГО ВОДОСНАБЖЕНИЯ ПО КРАСНОДАРСКОМУ КРАЮ""";2312042708;231201001;;"ФЕДЕРАЛЬНОЕ ГОСУДАРСТВЕННОЕ БЮДЖЕТНОЕ УЧРЕЖДЕНИЕ ""УПРАВЛЕНИЕ МЕЛИОРАЦИИ ЗЕМЕЛЬ И СЕЛЬСКОХОЗЯЙСТВЕННОГО ВОДОСНАБЖЕНИЯ ПО КРАСНОДАРСКОМУ КРАЮ""";2312042708;231201001;;Краснодарский край;159873.33;22.07.2026;03.08.2026;"Компрессор кондиционера ;; Соответствует запросу “компрессор”";https://www.rts-tender.ru/poisk/id/l0318100043326000052-1/;нет;компрессор;rts-tender.ru/poisk + Search/LoadPage;2026-07-30
4534461;"компрессор винтовой Atlas Copco GA110VSD +PACK (производство Atlas Copco WUXI КНР) - 1шт.;";Коммерческие;"Общество с ограниченной ответственностью ""ГРУППА КОМПАНИЙ ФСК""";7708335695;770801001;;"Общество с ограниченной ответственностью ""ГРУППА КОМПАНИЙ ФСК""";7708335695;770801001;;Москва;0.00;22.07.2026;06.08.2026;"компрессор винтовой Atlas Copco GA110VSD +PACK (производство Atlas Copco WUXI КНР) - 1шт.; ;; Соответствует запросу “компрессор”";https://www.rts-tender.ru/poisk/id/l4534461-4-12-1/;нет;компрессор;rts-tender.ru/poisk + Search/LoadPage;2026-07-30
0829500001126004882;Выполнение работ по ремонту медицинского оборудования (АЭ213/ОМС/СМП/2026);44-ФЗ;"ГОСУДАРСТВЕННОЕ КАЗЕННОЕ УЧРЕЖДЕНИЕ ""ЦЕНТР СОПРОВОЖДЕНИЯ ЗАКУПОК ГОСУДАРСТВЕННЫХ УЧРЕЖДЕНИЙ ЗДРАВООХРАНЕНИЯ ВОЛГОГРАДСКОЙ ОБЛАСТИ""";3460088465;346001001;;"ГОСУДАРСТВЕННОЕ БЮДЖЕТНОЕ УЧРЕЖДЕНИЕ ЗДРАВООХРАНЕНИЯ ""ВОЛГОГРАДСКАЯ ОБЛАСТНАЯ КЛИНИЧЕСКАЯ БОЛЬНИЦА № 1"", ВОЛГОГРАД";3443901306;344301001;;Волгоградская область;3197136.63;22.07.2026;30.07.2026;"Выполнение работ по ремонту медицинского оборудования: Компрессор медиц.для анестез. и реанимац. ""ДК50"" Зав.№ A-2091-03-07 Инв. 01374608 ;; Соответствует запросу “компрессор”";https://www.rts-tender.ru/poisk/id/l0829500001126004882-1/;нет;компрессор;rts-tender.ru/poisk + Search/LoadPage;2026-07-30
32616226542;Поставка бензо-, электро- и прочего инструмента для нужд Валдайского ПМЭС;223-ФЗ;"филиал ПАО ""Россети"" - МЭС Центра";4716016979;773143001;"Кобякова Ю. Д.; 7 495 9628116 2574; KobyakovaYD@mes-centra.ru";"филиал ПАО ""Россети"" - МЭС Центра";4716016979;773143001;"7 495 9628116 2574; KobyakovaYD@mes-centra.ru";Москва;2994209.40;22.07.2026;30.07.2026;"Компрессор (автомобильный) BERKUT R15 12V-10ATM-40LPM ;; Компрессор (автомобильный) BERKUT R15 12V-10ATM-40LPM";https://www.rts-tender.ru/poisk/id/l32616226542-1/;нет;компрессор;rts-tender.ru/poisk + Search/LoadPage;2026-07-30
0194200000526004574;Оснащение оборудованием спортзалов общеобразовательных школ;44-ФЗ;КОМИТЕТ ПРАВИТЕЛЬСТВА ЧЕЧЕНСКОЙ РЕСПУБЛИКИ ПО ГОСУДАРСТВЕННОМУ ЗАКАЗУ;2016014690;201601001;;МИНИСТЕРСТВО ОБРАЗОВАНИЯ И НАУКИ ЧЕЧЕНСКОЙ РЕСПУБЛИКИ;2020001415;201401001;;Чеченская Республика;1950444.00;22.07.2026;30.07.2026;"Компрессор ручной ;; Соответствует запросу “компрессор”";https://www.rts-tender.ru/poisk/id/l0194200000526004574-1/;нет;компрессор;rts-tender.ru/poisk + Search/LoadPage;2026-07-30
0360600004426000076;Поставка запасных частей для транспортных средств;44-ФЗ;"МУНИЦИПАЛЬНОЕ БЮДЖЕТНОЕ УЧРЕЖДЕНИЕ ""СЛУЖБА БЛАГОУСТРОЙСТВА ОКТЯБРЬСКОГО РАЙОНА""";6451019630;645101001;;"МУНИЦИПАЛЬНОЕ БЮДЖЕТНОЕ УЧРЕЖДЕНИЕ ""СЛУЖБА БЛАГОУСТРОЙСТВА ОКТЯБРЬСКОГО РАЙОНА""";6451019630;645101001;;Саратовская область;500000.00;22.07.2026;30.07.2026;"Трубка КАМАЗ, ПАЗ подвода охл. жидкости к компрессору ;; Соответствует запросу “компрессор”";https://www.rts-tender.ru/poisk/id/l0360600004426000076-1/;нет;компрессор;rts-tender.ru/poisk + Search/LoadPage;2026-07-30
4533242;Оказание услуг по техническому обслуживанию компрессоров и осушителей сжатого воздуха;Коммерческие;"Акционерное общество ""Туганский горно-обогатительный комбинат ""Ильменит""";7014038550;701401001;;"Акционерное общество ""Туганский горно-обогатительный комбинат ""Ильменит""";7014038550;701401001;;Томская область;0.00;22.07.2026;31.07.2026;"Оказание услуг по техническому обслуживанию компрессоров и осушителей сжатого воздуха ;; Соответствует запросу “компрессор”";https://www.rts-tender.ru/poisk/id/l4533242-4-11-1/;нет;компрессор;rts-tender.ru/poisk + Search/LoadPage;2026-07-30
10515435;Оказание услуг по диагностике, техническому обслуживанию и ремонту двигателей внутреннего сгорания для нужд филиала Спецсвязи России – Регионального управления специальной связи по Северо-Западному региону – Управления специальной связи по городу Санкт-Петербургу и Ленинградской области.;Закупки малого объема;"ФЕДЕРАЛЬНОЕ ГОСУДАРСТВЕННОЕ УНИТАРНОЕ ПРЕДПРИЯТИЕ ""ГЛАВНЫЙ ЦЕНТР СПЕЦИАЛЬНОЙ СВЯЗИ""";7717043113;771701001;Информация скрыта. Подробнее Доступно в личном кабинете Информация об организаторе и заказчике доступна в личном кабинете. Зарегистрируйтесь или войдите. Войти;"ФЕДЕРАЛЬНОЕ ГОСУДАРСТВЕННОЕ УНИТАРНОЕ ПРЕДПРИЯТИЕ ""ГЛАВНЫЙ ЦЕНТР СПЕЦИАЛЬНОЙ СВЯЗИ""";7717043113;771701001;Информация скрыта. Подробнее Доступно в личном кабинете Информация об организаторе и заказчике доступна в личном кабинете. Зарегистрируйтесь или войдите. Войти;Москва;100000.00;21.07.2026;03.08.2026;"Расточка блока с хонингованием (компрессор), 1100 ;; Шлифовка шейки компрессора";https://www.rts-tender.ru/poisk/id/l15006433-3-9-1/;нет;компрессор;rts-tender.ru/poisk + Search/LoadPage;2026-07-30
32616222101;Запчасти ВКУ для Сочинской ТЭС;223-ФЗ;"АКЦИОНЕРНОЕ ОБЩЕСТВО ""ИНТЕР РАО-ЭЛЕКТРОГЕНЕРАЦИЯ""";7704784450;770401001;;"АКЦИОНЕРНОЕ ОБЩЕСТВО ""ИНТЕР РАО-ЭЛЕКТРОГЕНЕРАЦИЯ""";7704784450;770401001;;Москва;623947.83;21.07.2026;30.07.2026;"Комплектующие (запасные части) воздушных или газовых компрессоров, не имеющие самостоятельных группировок ;; Соответствует запросу “компрессор”";https://www.rts-tender.ru/poisk/id/l32616222101-1/;нет;компрессор;rts-tender.ru/poisk + Search/LoadPage;2026-07-30
4531538;Закупка компрессора винтового для КрФ Си;Коммерческие;"ОБЩЕСТВО С ОГРАНИЧЕННОЙ ОТВЕТСТВЕННОСТЬЮ ""АИМ МЕНЕДЖМЕНТ""";9725042029;772501001;;"АКЦИОНЕРНОЕ ОБЩЕСТВО ""СИБИРЬЭНЕРГОРЕМОНТ""";2462028886;246001001;;Красноярский край;0.00;21.07.2026;31.07.2026;"КОМПРЕССОР ВИНТОВОЙ АСО-ВК-2.2/10-500 (ВК-55М1-01) 2,2М3/МИН 15КВТ 10КГС/СМ2 ;; Соответствует запросу “компрессор”";https://www.rts-tender.ru/poisk/id/l4531538-4-12-1/;нет;компрессор;rts-tender.ru/poisk + Search/LoadPage;2026-07-30
0256100000126000214;Поставка противопролежневых матрацев воздушных (с компрессором) в целях социального обеспечения граждан в 2026 и 2027 годах;44-ФЗ;ОТДЕЛЕНИЕ ФОНДА ПЕНСИОННОГО И СОЦИАЛЬНОГО СТРАХОВАНИЯ РОССИЙСКОЙ ФЕДЕРАЦИИ ПО ПЕРМСКОМУ КРАЮ;5904084719;590401001;"Черемных Анастасия Алексеевна; 7-342-2643341; (342) 282-40-02; a.cheremnyh@59.sfr.gov.ru";ОТДЕЛЕНИЕ ФОНДА ПЕНСИОННОГО И СОЦИАЛЬНОГО СТРАХОВАНИЯ РОССИЙСКОЙ ФЕДЕРАЦИИ ПО ПЕРМСКОМУ КРАЮ;5904084719;590401001;;Пермский край;1204028.56;21.07.2026;10.08.2026;;https://www.rts-tender.ru/poisk/id/l0256100000126000214-1/;нет;компрессор;rts-tender.ru/poisk + Search/LoadPage;2026-07-30
4531399;"Контрольно измерительные приборы, датчики, манометры. реле, преобразователи для АО ""Междуречье""";Коммерческие;"ОБЩЕСТВО С ОГРАНИЧЕННОЙ ОТВЕТСТВЕННОСТЬЮ ""НОВАЯ ГОРНАЯ УПРАВЛЯЮЩАЯ КОМПАНИЯ""";4217055884;421701001;;"ОБЩЕСТВО С ОГРАНИЧЕННОЙ ОТВЕТСТВЕННОСТЬЮ ""НОВАЯ ГОРНАЯ УПРАВЛЯЮЩАЯ КОМПАНИЯ""";4217055884;421701001;;Кемеровская область;0.00;21.07.2026;31.07.2026;"Реле давления MDR 2/11 GFA AAAA 070A090 CIH XXX CONDOR WERKE 100056 для компрессоров С416М ;; Соответствует запросу “компрессор”";https://www.rts-tender.ru/poisk/id/l4531399-4-12-1/;нет;компрессор;rts-tender.ru/poisk + Search/LoadPage;2026-07-30
4531314;2607-Буровой станок PRD BH 45 250 запасные части и сменное оборудование/ АО «Золото Селигдара»;Коммерческие;"Акционерное общество ""ЗОЛОТО СЕЛИГДАРА""";1402046014;140201001;;"Акционерное общество ""ЗОЛОТО СЕЛИГДАРА""";1402046014;140201001;;Республика Саха (Якутия);0.00;20.07.2026;05.08.2026;"PRD 1090 583 0011 радиатор компрессора WUXI PG1500S-400 ;; X990723 компрессор высокого давления ELGI";https://www.rts-tender.ru/poisk/id/l4531314-4-12-1/;нет;компрессор;rts-tender.ru/poisk + Search/LoadPage;2026-07-30
4531078;2607-Буровой станок Atlas Copco DML сменное оборудование/ АО «Золото Селигдара»;Коммерческие;"Акционерное общество ""ЗОЛОТО СЕЛИГДАРА""";1402046014;140201001;;"Акционерное общество ""ЗОЛОТО СЕЛИГДАРА""";1402046014;140201001;;Республика Саха (Якутия);0.00;20.07.2026;05.08.2026;"2658368086 радиатор компрессора арктический ;; Соответствует запросу “компрессор”";https://www.rts-tender.ru/poisk/id/l4531078-4-12-1/;нет;компрессор;rts-tender.ru/poisk + Search/LoadPage;2026-07-30
4531030;2607-Буровой станок Atlas Copco DM-45 сменное оборудование/ АО «Золото Селигдара»;Коммерческие;"Акционерное общество ""ЗОЛОТО СЕЛИГДАРА""";1402046014;140201001;;"Акционерное общество ""ЗОЛОТО СЕЛИГДАРА""";1402046014;140201001;;Республика Саха (Якутия);0.00;20.07.2026;05.08.2026;"2658332801 компрессор LP ;; Соответствует запросу “компрессор”";https://www.rts-tender.ru/poisk/id/l4531030-4-12-1/;нет;компрессор;rts-tender.ru/poisk + Search/LoadPage;2026-07-30
4530999;2607-Буровой станок Atlas Copco DM-30 сменное оборудование/ АО «Золото Селигдара»;Коммерческие;"Акционерное общество ""ЗОЛОТО СЕЛИГДАРА""";1402046014;140201001;;"Акционерное общество ""ЗОЛОТО СЕЛИГДАРА""";1402046014;140201001;;Республика Саха (Якутия);0.00;20.07.2026;04.08.2026;"2310106490 радиатор компрессора (СОС) 2/1 ;; Соответствует запросу “компрессор”";https://www.rts-tender.ru/poisk/id/l4530999-4-12-1/;нет;компрессор;rts-tender.ru/poisk + Search/LoadPage;2026-07-30
0744200000226006167;Оказание услуг по техническому обслуживанию и ремонту автомобилей;44-ФЗ;"ОБЛАСТНОЕ КАЗЕННОЕ УЧРЕЖДЕНИЕ ""ЦЕНТР ЗАКУПОК КУРСКОЙ ОБЛАСТИ""";4629026949;463201001;;"ОБЛАСТНОЕ КАЗЕННОЕ УЧРЕЖДЕНИЕ ""ИНФОРМАЦИОННО-АНАЛИТИЧЕСКИЙ ЦЕНТР"" КУРСКОЙ ОБЛАСТИ";4629043422;463201001;;Курская область;1000000.00;20.07.2026;30.07.2026;"Шкив компрессора кондиционера в сборе ;; Замена компрессора";https://www.rts-tender.ru/poisk/id/l0744200000226006167-1/;нет;компрессор;rts-tender.ru/poisk + Search/LoadPage;2026-07-30
4526047;Закупка муфты турбины компрессора К-601 (лот 029339);Коммерческие;"Акционерное общество ""ТОЛЬЯТТИАЗОТ""";6320004728;997550001;;"Акционерное общество ""ТОЛЬЯТТИАЗОТ""";6320004728;997550001;;Байконур;0.00;17.07.2026;31.07.2026;;https://www.rts-tender.ru/poisk/id/l4526047-4-12-1/;да;компрессор;rts-tender.ru/poisk + Search/LoadPage;2026-07-30
0240100000126000173;Поставка технических средств реабилитации – противопролежневых матрацев воздушных (с компрессором) (систем противопролежневых с надувным наматрасником с регулируемым давлением) в пользу граждан в целях их социального обеспечения в 2027 году;44-ФЗ;ОТДЕЛЕНИЕ ФОНДА ПЕНСИОННОГО И СОЦИАЛЬНОГО СТРАХОВАНИЯ РОССИЙСКОЙ ФЕДЕРАЦИИ ПО КИРОВСКОЙ ОБЛАСТИ;4346002922;434501001;"Григорова Ольга Александровна; 8-8332-518159; grigorovaoa@43.sfr.gov.ru";ОТДЕЛЕНИЕ ФОНДА ПЕНСИОННОГО И СОЦИАЛЬНОГО СТРАХОВАНИЯ РОССИЙСКОЙ ФЕДЕРАЦИИ ПО КИРОВСКОЙ ОБЛАСТИ;4346002922;434501001;;Кировская область;755832.50;17.07.2026;09.09.2026;;https://www.rts-tender.ru/poisk/id/l0240100000126000173-1/;нет;компрессор;rts-tender.ru/poisk + Search/LoadPage;2026-07-30
32616211800;Поставка запчастей для компрессоров;223-ФЗ;"ОБЩЕСТВО С ОГРАНИЧЕННОЙ ОТВЕТСТВЕННОСТЬЮ ""ЭН+ ТОРГОВЫЙ ДОМ""";3808118560;384901001;;"ОБЩЕСТВО С ОГРАНИЧЕННОЙ ОТВЕТСТВЕННОСТЬЮ ""ЭН+ ТОРГОВЫЙ ДОМ""";3808118560;384901001;;Иркутская область;0.00;16.07.2026;30.07.2026;"Комплектующие (запасные части) воздушных или газовых компрессоров, не имеющие самостоятельных группировок ;; Соответствует запросу “компрессор”";https://www.rts-tender.ru/poisk/id/l32616211800-1/;нет;компрессор;rts-tender.ru/poisk + Search/LoadPage;2026-07-30
0848300053226000254;"Оказание услуг по комплексному техническому, аварийно-диспетчерскому обслуживанию и текущему ремонту инженерных систем зданий МБУДО ЦДО ""РАЗВИТИЕ"" Г. ПУЩИНО ГОРОДСКОГО ОКРУГА СЕРПУХОВ";44-ФЗ;"МУНИЦИПАЛЬНОЕ КАЗЕННОЕ УЧРЕЖДЕНИЕ ""УПРАВЛЕНИЕ МУНИЦИПАЛЬНОГО ЗАКАЗА АДМИНИСТРАЦИИ ГОРОДСКОГО ОКРУГА СЕРПУХОВ МОСКОВСКОЙ ОБЛАСТИ""";5043056381;504301001;;"МУНИЦИПАЛЬНОЕ БЮДЖЕТНОЕ УЧРЕЖДЕНИЕ ДОПОЛНИТЕЛЬНОГО ОБРАЗОВАНИЯ ЦЕНТР ДОПОЛНИТЕЛЬНОГО ОБРАЗОВАНИЯ ""РАЗВИТИЕ"" Г. ПУЩИНО ГОРОДСКОГО ОКРУГА СЕРПУХОВ МОСКОВСКОЙ ОБЛАСТИ";5039006525;503901001;;Московская область;300000.00;16.07.2026;30.07.2026;"Промывка трубопровода системы теплоснабжения до 100 мм с применением компрессора (с составлением акта готовности) ;; Промывка теплообменников системы теплоснабжения / воздушного нагрева с применением компрессора и химии без демонтажа (с составлением акта готовности)";https://www.rts-tender.ru/poisk/id/l0848300053226000254-1/;нет;компрессор;rts-tender.ru/poisk + Search/LoadPage;2026-07-30
4526251;Закупка поршневого компрессора;Коммерческие;"ОБЩЕСТВО С ОГРАНИЧЕННОЙ ОТВЕТСТВЕННОСТЬЮ ""АИМ МЕНЕДЖМЕНТ""";9725042029;772501001;;"Акционерное общество ""НОВОМОСКОВСКАЯ АКЦИОНЕРНАЯ КОМПАНИЯ ""АЗОТ""";7116000066;997550001;;Байконур;0.00;15.07.2026;31.07.2026;"30КГС/СМ2 КОМПРЕССОР ПОРШНЕВОЙ ОЛ1-E.E4000121 MIN300 MAX1500М3/ЧАС 200КВТ ;; Соответствует запросу “компрессор”";https://www.rts-tender.ru/poisk/id/l4526251-4-12-1/;нет;компрессор;rts-tender.ru/poisk + Search/LoadPage;2026-07-30
32616207453;Поставка двигателя КАМАЗ 740.705-100400 ДВС 300 л.с. в сб. (ТНВД генератор, стартер, компрессор, крыльчатка) ЕВРО-4 и Евро-5;223-ФЗ;"МУНИЦИПАЛЬНОЕ АВТОНОМНОЕ УЧРЕЖДЕНИЕ ""ХОЗЯЙСТВЕННОЕ УПРАВЛЕНИЕ МУНИЦИПАЛЬНОГО РАЙОНА УФИМСКИЙ РАЙОН РЕСПУБЛИКИ БАШКОРТОСТАН""";0245960350;024501001;;"МУНИЦИПАЛЬНОЕ АВТОНОМНОЕ УЧРЕЖДЕНИЕ ""ХОЗЯЙСТВЕННОЕ УПРАВЛЕНИЕ МУНИЦИПАЛЬНОГО РАЙОНА УФИМСКИЙ РАЙОН РЕСПУБЛИКИ БАШКОРТОСТАН""";0245960350;024501001;;Республика Башкортостан;1604529.22;15.07.2026;31.07.2026;;https://www.rts-tender.ru/poisk/id/l32616207453-1/;нет;компрессор;rts-tender.ru/poisk + Search/LoadPage;2026-07-30
32616202215;Поставка расходных материалов и комплектующих для дыхательных аппаратов и воздушных компрессоров;223-ФЗ;"АКЦИОНЕРНОЕ ОБЩЕСТВО ""СБЕРБАНК-АВТОМАТИЗИРОВАННАЯ СИСТЕМА ТОРГОВ""";7707308480;770401001;;"ФЕДЕРАЛЬНОЕ ГОСУДАРСТВЕННОЕ БЮДЖЕТНОЕ УЧРЕЖДЕНИЕ ""УПРАВЛЕНИЕ ДОГОВОРНЫХ ПОДРАЗДЕЛЕНИЙ ФЕДЕРАЛЬНОЙ ПРОТИВОПОЖАРНОЙ СЛУЖБЫ ГОСУДАРСТВЕННОЙ ПРОТИВОПОЖАРНОЙ СЛУЖБЫ № 5""";3414016385;345301001;;Волгоградская область;961986.54;14.07.2026;30.07.2026;;https://www.rts-tender.ru/poisk/id/l32616202215-1/;нет;компрессор;rts-tender.ru/poisk + Search/LoadPage;2026-07-30
4517992;Запчасти для спецтехники (Заявки ТОАЗ-5272, ТОАЗ-6538, ТОАЗ-6546, ТОАЗ-6548, ТОАЗ-6613, ТОАЗ-6617);Коммерческие;"Акционерное общество ""ТОЛЬЯТТИАЗОТ""";6320004728;997550001;;"Акционерное общество ""ТОЛЬЯТТИАЗОТ""";6320004728;997550001;;Байконур;0.00;13.07.2026;30.07.2026;"Компрессор (2 цилиндровый) без шкива 130-3509009-11 ;; Соответствует запросу “компрессор”";https://www.rts-tender.ru/poisk/id/l4517992-4-12-1/;нет;компрессор;rts-tender.ru/poisk + Search/LoadPage;2026-07-30
4518094;Запчасти АВТОБУСЫ (Заявки ТОАЗ-006503 и ТОАЗ-006510);Коммерческие;"Акционерное общество ""ТОЛЬЯТТИАЗОТ""";6320004728;997550001;;"Акционерное общество ""ТОЛЬЯТТИАЗОТ""";6320004728;997550001;;Байконур;0.00;13.07.2026;02.08.2026;"Компрессор двухцилиндровый 3509DE2-010 ;; Компрессор двухцилиндровый 4947027";https://www.rts-tender.ru/poisk/id/l4518094-4-12-1/;нет;компрессор;rts-tender.ru/poisk + Search/LoadPage;2026-07-30
4522271;Поставка паяльного инструмента;Коммерческие;"Общество с ограниченной ответственностью ""Иртея""";9725046231;772501001;;"Общество с ограниченной ответственностью ""Иртея""";9725046231;772501001;;Москва;0.00;13.07.2026;06.08.2026;"Четырёхканальная ремонтная станция JBC DMSE-2A с паяльником T245-A, вакуумным паяльником DR560-A и электрическим компрессором MSE-A ;; Соответствует запросу “компрессор”";https://www.rts-tender.ru/poisk/id/l4522271-4-12-1/;нет;компрессор;rts-tender.ru/poisk + Search/LoadPage;2026-07-30
4522030;Оказание услуг по аварийному ремонту кондиционеров и сплит-систем в цехах и подразделениях ООО ПК «Киров Тайр»;Коммерческие;"ОБЩЕСТВО С ОГРАНИЧЕННОЙ ОТВЕТСТВЕННОСТЬЮ ""ПРОИЗВОДСТВЕННЫЙ КОМПЛЕКС ""КИРОВ ТАЙР""";4345465597;434501001;;"ОБЩЕСТВО С ОГРАНИЧЕННОЙ ОТВЕТСТВЕННОСТЬЮ ""ПРОИЗВОДСТВЕННЫЙ КОМПЛЕКС ""КИРОВ ТАЙР""";4345465597;434501001;;Кировская область;0.00;13.07.2026;31.07.2026;"Замена пускового конденсатора компрессора ;; Замена термореле компрессора";https://www.rts-tender.ru/poisk/id/l4522030-4-12-1/;нет;компрессор;rts-tender.ru/poisk + Search/LoadPage;2026-07-30
4518145;Оказание услуг по демонтажу, монтажу технологического оборудования в цехах Жидкий хлор-хлористый кальций и цех Электролиз-выпарка в 2026 году, в соответствии Техническому заданию (RUNAK-10586);Коммерческие;"ОБЩЕСТВО С ОГРАНИЧЕННОЙ ОТВЕТСТВЕННОСТЬЮ ""АИМ МЕНЕДЖМЕНТ""";9725042029;772501001;;"ОБЩЕСТВО С ОГРАНИЧЕННОЙ ОТВЕТСТВЕННОСТЬЮ ""АИМ МЕНЕДЖМЕНТ""";9725042029;772501001;;Москва;0.00;09.07.2026;30.07.2026;"Выполнение комплекса(ов) работ на оказание услуг по лоту №2: - демонтаж, монтаж теплообменников пластинчатых GXD-051-М-5-N-69 в количестве - 2шт. - демонтаж, монтаж растворителей известнякового камня согласно черт. СПКЕ- ;; Соответствует запросу “компрессор”";https://www.rts-tender.ru/poisk/id/l4518145-4-12-1/;нет;компрессор;rts-tender.ru/poisk + Search/LoadPage;2026-07-30
32616189213;"Лот № 0973-РЕМ ПРОД-2026-СЭ. Право заключения договора на выполнение работ по ремонту и обслуживанию оборудования линии инструментального воздуха (компрессоры и воздухоосушители) для нужд ОП ""Южно-Сахалинская ТЭЦ-1""";223-ФЗ;"ПУБЛИЧНОЕ АКЦИОНЕРНОЕ ОБЩЕСТВО ЭНЕРГЕТИКИ И ЭЛЕКТРИФИКАЦИИ ""САХАЛИНЭНЕРГО""";6500000024;650101001;;"ПУБЛИЧНОЕ АКЦИОНЕРНОЕ ОБЩЕСТВО ЭНЕРГЕТИКИ И ЭЛЕКТРИФИКАЦИИ ""САХАЛИНЭНЕРГО""";6500000024;650101001;;Сахалинская область;1458384.00;09.07.2026;03.08.2026;;https://www.rts-tender.ru/poisk/id/l32616189213-1/;нет;компрессор;rts-tender.ru/poisk + Search/LoadPage;2026-07-30
4514966;Годовой конкурс по Запчастям для грузовых ТС 2026 по потребности ООО Сельта и ООО Дикси;Коммерческие;"Акционерное общество ""ТАНДЕР""";2310031475;231001001;;"Акционерное общество ""ТАНДЕР""";2310031475;231001001;;Краснодарский край;0.00;07.07.2026;10.08.2026;"Трубопровод охлаждающей жидкости компрессора ;; Ремень РЭФ эл.двигатель-компрессор";https://www.rts-tender.ru/poisk/id/l4514966-4-12-1/;нет;компрессор;rts-tender.ru/poisk + Search/LoadPage;2026-07-30
4513919;Поставка компрессора природного газа для установки производства водорода методом парового риформинга мощностью 5000 Нм3/ч ООО «Волжская перекись».;Коммерческие;"ОБЩЕСТВО С ОГРАНИЧЕННОЙ ОТВЕТСТВЕННОСТЬЮ ""ВОЛЖСКАЯ ПЕРЕКИСЬ""";5024151858;212401001;;"ОБЩЕСТВО С ОГРАНИЧЕННОЙ ОТВЕТСТВЕННОСТЬЮ ""ВОЛЖСКАЯ ПЕРЕКИСЬ""";5024151858;212401001;;Чувашская Республика;0.00;06.07.2026;31.07.2026;"Поставка компрессора природного газа для установки производства водорода методом парового риформинга мощностью 5000 Нм3/ч ООО «Волжская перекись». ;; Соответствует запросу “компрессор”";https://www.rts-tender.ru/poisk/id/l4513919-4-12-1/;нет;компрессор;rts-tender.ru/poisk + Search/LoadPage;2026-07-30
3954705;Поставка инструмента и оснастки для автотранспорта;Коммерческие;"САНКТ-ПЕТЕРБУРГСКОЕ ГОСУДАРСТВЕННОЕ УНИТАРНОЕ ПРЕДПРИЯТИЕ ""АВТОМАТИЧЕСКАЯ ТЕЛЕФОННАЯ СТАНЦИЯ СМОЛЬНОГО""";7825444176;784201001;"Конфедератова Лариса Геннадьевна; +78125767500 доб. 662; l.konfederatova@sats.spb.ru";"САНКТ-ПЕТЕРБУРГСКОЕ ГОСУДАРСТВЕННОЕ УНИТАРНОЕ ПРЕДПРИЯТИЕ ""АВТОМАТИЧЕСКАЯ ТЕЛЕФОННАЯ СТАНЦИЯ СМОЛЬНОГО""";7825444176;784201001;"+78125767500 доб. 662; l.konfederatova@sats.spb.ru";Санкт-Петербург;0.00;02.07.2026;05.08.2026;"Компрессор автомобильный для подкачки колёс ;; Компрессор воздушный с рессивером";https://www.rts-tender.ru/poisk/id/l5969879-4-2-1/;нет;компрессор;rts-tender.ru/poisk + Search/LoadPage;2026-07-30
4495587;Полное техническое обслуживание и ремонт кофемашин Franke (фулсервис);Коммерческие;"Акционерное общество ""ТАНДЕР""";2310031475;231001001;;"Акционерное общество ""ТАНДЕР""";2310031475;231001001;;Краснодарский край;0.00;19.06.2026;30.07.2026;"Компрессор BC9CN ;; Компрессор для холодильника BC, MC8, MRh8, MC16, MC13D";https://www.rts-tender.ru/poisk/id/l4495587-4-12-1/;нет;компрессор;rts-tender.ru/poisk + Search/LoadPage;2026-07-30
4486557;"Закупочная процедура транспортных запасных частей для нужд компании ТОО ""Казфосфат"" филиала ГПК";Коммерческие;ТОО «Казфосфат» филиал ГПК;991040000313;;;ТОО «Казфосфат» филиал ГПК;991040000313;;;Байконур;0.00;15.06.2026;03.08.2026;"КОМПРЕССОР ВВ-08/8-720 ;; КОМПРЕССОР 5320-3509015";https://www.rts-tender.ru/poisk/id/l4486557-4-12-1/;нет;компрессор;rts-tender.ru/poisk + Search/LoadPage;2026-07-30
0156100009326000026;услуги по ремонту и диагностике автотранспортных средств;44-ФЗ;ГЛАВНОЕ УПРАВЛЕНИЕ ФЕДЕРАЛЬНОЙ СЛУЖБЫ СУДЕБНЫХ ПРИСТАВОВ ПО ПЕРМСКОМУ КРАЮ;5905239700;590501001;;ГЛАВНОЕ УПРАВЛЕНИЕ ФЕДЕРАЛЬНОЙ СЛУЖБЫ СУДЕБНЫХ ПРИСТАВОВ ПО ПЕРМСКОМУ КРАЮ;5905239700;590501001;;Пермский край;126000.00;29.05.2026;08.10.2026;"Шланг кондиционера (компрессор-конденсатор) ;; Шланг подвода воздуха к компрессору ГАЗон-NEXT";https://www.rts-tender.ru/poisk/id/l0156100009326000026-1/;нет;компрессор;rts-tender.ru/poisk + Search/LoadPage;2026-07-30
32616056081;Выполнение работ по устранению замечаний по нарушению требований пожарной безопасности для нужд филиала АО «Мособлгаз» «Север»;223-ФЗ;"АКЦИОНЕРНОЕ ОБЩЕСТВО ""МОСОБЛГАЗ""";5032292612;503201001;"Лисаковская Марина Владимировна; +74986874704; lisakovskayamv@mytishchi.mosoblgaz.ru";"АКЦИОНЕРНОЕ ОБЩЕСТВО ""МОСОБЛГАЗ""";5032292612;503201001;"+74986874704; lisakovskayamv@mytishchi.mosoblgaz.ru";Московская область;2626119.38;28.05.2026;30.07.2026;;https://www.rts-tender.ru/poisk/id/l32616056081-1/;нет;компрессор;rts-tender.ru/poisk + Search/LoadPage;2026-07-30
32616004989;"Выполнение комплекса работ (услуг) в объеме, необходимом для строительства объекта: Жилой дом с инженерными сетями и благоустройством территории (со сносом жилых зданий по адресам: Каширское шоссе, д.9 корп.2; Каширское шоссе, д.9 корп.3; Каширское шоссе, д.11 корп.2) по адресу: г. Москва, внутригор";223-ФЗ;"ГОСУДАРСТВЕННОЕ КАЗЕННОЕ УЧРЕЖДЕНИЕ ГОРОДА МОСКВЫ ""ЦЕНТРАЛИЗАЦИЯ СТРОИТЕЛЬНЫХ ЗАКУПОК""";7710707911;771001001;;МОСКОВСКИЙ ФОНД РЕНОВАЦИИ ЖИЛОЙ ЗАСТРОЙКИ;7703434808;771001001;;Москва;3695560305.00;14.05.2026;13.08.2026;;https://www.rts-tender.ru/poisk/id/l32616004989-1/;нет;компрессор;rts-tender.ru/poisk + Search/LoadPage;2026-07-30
0319100010225000139;Поставка комплектующих и принадлежностей для автотранспортных средств (ГАЗ, ВАЗ, УАЗ);44-ФЗ;ГЛАВНОЕ УПРАВЛЕНИЕ МИНИСТЕРСТВА РОССИЙСКОЙ ФЕДЕРАЦИИ ПО ДЕЛАМ ГРАЖДАНСКОЙ ОБОРОНЫ, ЧРЕЗВЫЧАЙНЫМ СИТУАЦИЯМ И ЛИКВИДАЦИИ ПОСЛЕДСТВИЙ СТИХИЙНЫХ БЕДСТВИЙ ПО КРАСНОЯРСКОМУ КРАЮ;2466154948;246601001;"Пеньковский Евгений Викторович; 7-391-2264414; zakupki@24.mchs.gov.ru";ГЛАВНОЕ УПРАВЛЕНИЕ МИНИСТЕРСТВА РОССИЙСКОЙ ФЕДЕРАЦИИ ПО ДЕЛАМ ГРАЖДАНСКОЙ ОБОРОНЫ, ЧРЕЗВЫЧАЙНЫМ СИТУАЦИЯМ И ЛИКВИДАЦИИ ПОСЛЕДСТВИЙ СТИХИЙНЫХ БЕДСТВИЙ ПО КРАСНОЯРСКОМУ КРАЮ;2466154948;246601001;;Красноярский край;4000000.00;19.11.2025;27.11.2025;"291847П29 ШПИЛЬКА М12х1,25х32 (кронштейна двигателя и компрессора) для ГАЗ, УАЗ ;; 6PK1250 РЕМЕНЬ (1250 мм ) привода генератора и компрессора кондиционера для Сайбер.";https://www.rts-tender.ru/poisk/id/l0319100010225000139-1/;нет;компрессор;rts-tender.ru/poisk + Search/LoadPage;2026-07-30
0818500000825008040;Оказание услуг по диагностике, техническому обслуживанию и ремонту автотранспорта (с заменой запасных частей);44-ФЗ;"ГОСУДАРСТВЕННОЕ КАЗЕННОЕ УЧРЕЖДЕНИЕ КРАСНОДАРСКОГО КРАЯ ""ДИРЕКЦИЯ ГОСУДАРСТВЕННЫХ ЗАКУПОК""";2308265684;230801001;"Тюменцева Татьяна Валерьевна; 8-861-2115459; t.v.tiumentseva@dgz.krasnodar.ru";"ГОСУДАРСТВЕННОЕ БЮДЖЕТНОЕ УЧРЕЖДЕНИЕ ЗДРАВООХРАНЕНИЯ ""СТАНЦИЯ СКОРОЙ МЕДИЦИНСКОЙ ПОМОЩИ ТУАПСИНСКОГО РАЙОНА"" МИНИСТЕРСТВА ЗДРАВООХРАНЕНИЯ КРАСНОДАРСКОГО КРАЯ";2322025677;236501001;"7-86167-24961; ssmptua@miackuban.ru";Краснодарский край;3000000.00;27.10.2025;07.11.2025;"Натяжной ролик компрессора ;; Ремень поликлиновой компрессора кондиционера";https://www.rts-tender.ru/poisk/id/l0818500000825008040-1/;нет;компрессор;rts-tender.ru/poisk + Search/LoadPage;2026-07-30
32414342539;"Поставка автомобилей легковых, переднеприводных для ООО ""Башкирэнерго"" 24-006189";223-ФЗ;"Акционерное общество ""Башкирская электросетевая компания""";0276143694;997450001;;"Акционерное общество ""Башкирская электросетевая компания""";0276143694;997450001;;Байконур;1850000.00;17.12.2024;23.12.2024;;https://www.rts-tender.ru/poisk/id/l32414342539-1/;нет;компрессор;rts-tender.ru/poisk + Search/LoadPage;2026-07-30
32414249398;"Поставка автомобиля легкового 5-местного переднеприводного для ПО ЦЭС ООО ""Башкирэнерго"" 25-002728";223-ФЗ;"Акционерное общество ""Башкирская электросетевая компания""";0276143694;997450001;;"Акционерное общество ""Башкирская электросетевая компания""";0276143694;997450001;;Байконур;1695000.00;27.11.2024;10.12.2024;;https://www.rts-tender.ru/poisk/id/l32414249398-1/;нет;компрессор;rts-tender.ru/poisk + Search/LoadPage;2026-07-30
32414125644;Открытый запрос предложений в электронной форме на право заключения договора на поставку продукции «Фильтроэлементы компрессора» для нужд Филиала «Удмуртский» ПАО «Т Плюс»;223-ФЗ;"Филиал ""Удмуртский"" Публичного акционерного общества «Т Плюс»";6315376946;184143001;;"Филиал ""Удмуртский"" Публичного акционерного общества «Т Плюс»";6315376946;184143001;;Удмуртская Республика;2220820.90;25.10.2024;14.11.2024;"Открытый запрос предложений в электронной форме на право заключения договора на поставку продукции «Фильтроэлементы компрессора» для нужд Филиала «Удмуртский» ПАО «Т Плюс» ;; Соответствует запросу “компрессор”";https://www.rts-tender.ru/poisk/id/l32414125644-1/;нет;компрессор;rts-tender.ru/poisk + Search/LoadPage;2026-07-30
0321300001126000378;Услуги по диагностике, техническому обслуживанию и ремонту автотранспортных средств МКУ «Хозяйственное управление АГС»;44-ФЗ;КОМИТЕТ ЭКОНОМИЧЕСКОГО РАЗВИТИЯ И ТОРГОВЛИ АДМИНИСТРАЦИИ ГОРОДА СТАВРОПОЛЯ;2636023448;263601001;;"МУНИЦИПАЛЬНОЕ КАЗЕННОЕ УЧРЕЖДЕНИЕ ""ХОЗЯЙСТВЕННОЕ УПРАВЛЕНИЕ АДМИНИСТРАЦИИ ГОРОДА СТАВРОПОЛЯ""";2636089738;263601001;;Ставропольский край;1800000.00;29.07.2026;06.08.2026;"Замена турбокомпрессора автомобиля марки Volkswagen Passat ;; Соответствует запросу “турбокомпрессор”";https://www.rts-tender.ru/poisk/id/l0321300001126000378-1/;сомнительно;турбокомпрессор;rts-tender.ru/poisk + Search/LoadPage;2026-07-30
4542928;"Турбокомпрессор для перегружателя Fuchs для ООО ""Оренбургвторчермет""";Коммерческие;"АКЦИОНЕРНОЕ ОБЩЕСТВО ""УРАЛЬСКАЯ СТАЛЬ""";5607019523;997550001;;"АКЦИОНЕРНОЕ ОБЩЕСТВО ""УРАЛЬСКАЯ СТАЛЬ""";5607019523;997550001;;Байконур;0.00;29.07.2026;31.07.2026;"Турбокомпрессор (5411657558) FUCHS MHL340 (Borg Warner) ;; Соответствует запросу “турбокомпрессор”";https://www.rts-tender.ru/poisk/id/l4542928-4-12-1/;да;турбокомпрессор;rts-tender.ru/poisk + Search/LoadPage;2026-07-30
4542539;"Поставка запчастей (ремонта ж.д. техники) для нужд АО ""Алтайвагон"" (Рубцовский филиал) на август 2026г.";Коммерческие;АКЦИОНЕРНОЕ ОБЩЕСТВО АЛТАЙСКОГО ВАГОНОСТРОЕНИЯ;2208000010;785050001;;АКЦИОНЕРНОЕ ОБЩЕСТВО АЛТАЙСКОГО ВАГОНОСТРОЕНИЯ;2208000010;785050001;;Санкт-Петербург;0.00;29.07.2026;03.08.2026;"Турбокомпрессор ТК 18Н-02У2 ;; Соответствует запросу “турбокомпрессор”";https://www.rts-tender.ru/poisk/id/l4542539-4-12-1/;да;турбокомпрессор;rts-tender.ru/poisk + Search/LoadPage;2026-07-30
0870600000826000010;Поставка запчастей для транспортных средств;44-ФЗ;"МУНИЦИПАЛЬНОЕ КАЗЕННОЕ УЧРЕЖДЕНИЕ ""БЛАГОУСТРОЙСТВО"" ГОРОДСКОГО ОКРУГА МЕЛИТОПОЛЬ";9001024339;900101001;;"МУНИЦИПАЛЬНОЕ КАЗЕННОЕ УЧРЕЖДЕНИЕ ""БЛАГОУСТРОЙСТВО"" ГОРОДСКОГО ОКРУГА МЕЛИТОПОЛЬ";9001024339;900101001;;Запорожская область;3891038.96;29.07.2026;05.08.2026;"Турбокомпрессор ;; Соответствует запросу “турбокомпрессор”";https://www.rts-tender.ru/poisk/id/l0870600000826000010-1/;да;турбокомпрессор;rts-tender.ru/poisk + Search/LoadPage;2026-07-30
4536689;Запчасти Sany для ООО Светлое. Поставка в Находку, склад Восточный ТМТ. Форма 2.2 обязательна к заполнению.;Коммерческие;"ОБЩЕСТВО С ОГРАНИЧЕННОЙ ОТВЕТСТВЕННОСТЬЮ ""ТОРГОВЫЙ ДОМ ПОЛИМЕТАЛЛ""";7805368914;424950001;;"ОБЩЕСТВО С ОГРАНИЧЕННОЙ ОТВЕТСТВЕННОСТЬЮ ""ТОРГОВЫЙ ДОМ ПОЛИМЕТАЛЛ""";7805368914;424950001;;Кемеровская область;0.00;29.07.2026;03.08.2026;"Прокладка турбокомпрессора №60248379 ;; Соответствует запросу “турбокомпрессор”";https://www.rts-tender.ru/poisk/id/l4536689-4-12-1/;да;турбокомпрессор;rts-tender.ru/poisk + Search/LoadPage;2026-07-30
4541696;БГК_Запчасти к двс Cummins, Deutz;Коммерческие;"ОБЩЕСТВО С ОГРАНИЧЕННОЙ ОТВЕТСТВЕННОСТЬЮ ""АРЕАЛ. РЕГИОНАЛЬНЫЙ ЦЕНТР""";8703010889;272101001;;"ОБЩЕСТВО С ОГРАНИЧЕННОЙ ОТВЕТСТВЕННОСТЬЮ ""АРЕАЛ. РЕГИОНАЛЬНЫЙ ЦЕНТР""";8703010889;272101001;;Хабаровский край;0.00;29.07.2026;05.08.2026;"Турбокомпрессор Deutz/04299385 (оригинал) ;; Соответствует запросу “турбокомпрессор”";https://www.rts-tender.ru/poisk/id/l4541696-4-12-1/;да;турбокомпрессор;rts-tender.ru/poisk + Search/LoadPage;2026-07-30
0371500001226000177;Поставка запасных частей для автомобилей на базе Ford Transit и Ford Mondeo;44-ФЗ;"ГОСУДАРСТВЕННОЕ БЮДЖЕТНОЕ УЧРЕЖДЕНИЕ ЗДРАВООХРАНЕНИЯ ЯРОСЛАВСКОЙ ОБЛАСТИ ""СТАНЦИЯ СКОРОЙ МЕДИЦИНСКОЙ ПОМОЩИ И ЦЕНТР МЕДИЦИНЫ КАТАСТРОФ""";7604359300;760401001;;"ГОСУДАРСТВЕННОЕ БЮДЖЕТНОЕ УЧРЕЖДЕНИЕ ЗДРАВООХРАНЕНИЯ ЯРОСЛАВСКОЙ ОБЛАСТИ ""СТАНЦИЯ СКОРОЙ МЕДИЦИНСКОЙ ПОМОЩИ И ЦЕНТР МЕДИЦИНЫ КАТАСТРОФ""";7604359300;760401001;;Ярославская область;300000.00;28.07.2026;05.08.2026;"Прокладка на сливную трубку с турбокомпрессора Ford Transit, 2016г.в. ;; Прокладки турбокомпрессора, Ford Transit, 2014г.в.";https://www.rts-tender.ru/poisk/id/l0371500001226000177-1/;сомнительно;турбокомпрессор;rts-tender.ru/poisk + Search/LoadPage;2026-07-30
4540767;ТУРБОКОМПРЕССОР ТК30С-02 (повтор) - рассматриваем производителя только СКБТ;Коммерческие;"ОБЩЕСТВО С ОГРАНИЧЕННОЙ ОТВЕТСТВЕННОСТЬЮ ""АИМ МЕНЕДЖМЕНТ""";9725042029;772501001;;"ОБЩЕСТВО С ОГРАНИЧЕННОЙ ОТВЕТСТВЕННОСТЬЮ ""ЕДИНАЯ СЕРВИСНАЯ КОМПАНИЯ СУЭК""";3816006073;246601001;;Красноярский край;0.00;28.07.2026;31.07.2026;"ТУРБОКОМПРЕССОР ТК30С-02 _ ;; Соответствует запросу “турбокомпрессор”";https://www.rts-tender.ru/poisk/id/l4540767-4-12-1/;да;турбокомпрессор;rts-tender.ru/poisk + Search/LoadPage;2026-07-30
32616242559;Поставка материалов для установки турбокомпрессора ТВ 80-1,2;223-ФЗ;"МУНИЦИПАЛЬНОЕ УНИТАРНОЕ ПРЕДПРИЯТИЕ ""ВОРКУТИНСКИЙ ВОДОКАНАЛ"" МУНИЦИПАЛЬНОГО ОКРУГА ""ВОРКУТА"" РЕСПУБЛИКИ КОМИ";1103047637;110301001;;"МУНИЦИПАЛЬНОЕ УНИТАРНОЕ ПРЕДПРИЯТИЕ ""ВОРКУТИНСКИЙ ВОДОКАНАЛ"" МУНИЦИПАЛЬНОГО ОКРУГА ""ВОРКУТА"" РЕСПУБЛИКИ КОМИ";1103047637;110301001;;Республика Коми;268202.27;28.07.2026;13.08.2026;;https://www.rts-tender.ru/poisk/id/l32616242559-1/;да;турбокомпрессор;rts-tender.ru/poisk + Search/LoadPage;2026-07-30
4539070;Оказание услуг по диагностике, техническому обслуживанию, текущему, капитальному и аварийному ремонту газопоршневых установок Caterpillar (модель G3520E, 8 ед.) для нужд ПАО «ЮГК»;Коммерческие;"ОБЩЕСТВО С ОГРАНИЧЕННОЙ ОТВЕТСТВЕННОСТЬЮ ""УПРАВЛЯЮЩАЯ КОМПАНИЯ ЮГК""";7451258929;745101001;;"ПУБЛИЧНОЕ АКЦИОНЕРНОЕ ОБЩЕСТВО ""ЮЖУРАЛЗОЛОТО ГРУППА КОМПАНИЙ""";7424024375;742401001;;Челябинская область;132635.46;28.07.2026;07.08.2026;"Дефектовка турбокомпрессора ABB TPS57-F33 ;; Ремонт/ТО турбокомпрессора ABB TPS57-F33";https://www.rts-tender.ru/poisk/id/l4539070-4-12-1/;да;турбокомпрессор;rts-tender.ru/poisk + Search/LoadPage;2026-07-30
4539948;"Оказание услуг по диагностике, техническому обслуживанию, текущему, капитальному и аварийному ремонту газопоршневых установок MWM (модель TCG 2020 V12 - 2 ед.; V20 - 9 ед.; модель TCG 2032 V16B - 3 ед.; V16 - 13 ед.) для нужд ПАО «ЮГК»";Коммерческие;"ОБЩЕСТВО С ОГРАНИЧЕННОЙ ОТВЕТСТВЕННОСТЬЮ ""УПРАВЛЯЮЩАЯ КОМПАНИЯ ЮГК""";7451258929;745101001;;"ПУБЛИЧНОЕ АКЦИОНЕРНОЕ ОБЩЕСТВО ""ЮЖУРАЛЗОЛОТО ГРУППА КОМПАНИЙ""";7424024375;742401001;;Челябинская область;193705.50;28.07.2026;07.08.2026;"Демонтаж/монтаж турбокомпрессора ;; Соответствует запросу “турбокомпрессор”";https://www.rts-tender.ru/poisk/id/l4539948-4-12-1/;да;турбокомпрессор;rts-tender.ru/poisk + Search/LoadPage;2026-07-30
32616241397;Закупка в электронном магазине,участниками которой могут быть только субъекты малого и среднего предпринимательства на право заключения договора на выполнение работ по техническому обслуживанию двух турбокомпрессоров АВВ типа TPS 48 F32;223-ФЗ;"АО ""ТЕПЛИЧНОЕ""";7327063643;732701001;"+7(8422)317372; urist@teplichnoe73.ru";"АО ""ТЕПЛИЧНОЕ""";7327063643;732701001;"+7(8422)317372; urist@teplichnoe73.ru";Ульяновская область;1762200.00;28.07.2026;31.07.2026;"Выполнение работ по техническому обслуживанию двух турбокомпрессоров АВВ типа TPS 48 F32 ;; Соответствует запросу “турбокомпрессор”";https://www.rts-tender.ru/poisk/id/l32616241397-1/;да;турбокомпрессор;rts-tender.ru/poisk + Search/LoadPage;2026-07-30
0120100008426000046;"Ремонт и техническое обслуживание систем и механизмов МПСК ""Сергей Тельнов"" проект 12150 Мангуст Главного управления МЧС России по Приморскому краю";44-ФЗ;ГЛАВНОЕ УПРАВЛЕНИЕ МИНИСТЕРСТВА РОССИЙСКОЙ ФЕДЕРАЦИИ ПО ДЕЛАМ ГРАЖДАНСКОЙ ОБОРОНЫ, ЧРЕЗВЫЧАЙНЫМ СИТУАЦИЯМ И ЛИКВИДАЦИИ ПОСЛЕДСТВИЙ СТИХИЙНЫХ БЕДСТВИЙ ПО ПРИМОРСКОМУ КРАЮ;2536150266;254001001;;ГЛАВНОЕ УПРАВЛЕНИЕ МИНИСТЕРСТВА РОССИЙСКОЙ ФЕДЕРАЦИИ ПО ДЕЛАМ ГРАЖДАНСКОЙ ОБОРОНЫ, ЧРЕЗВЫЧАЙНЫМ СИТУАЦИЯМ И ЛИКВИДАЦИИ ПОСЛЕДСТВИЙ СТИХИЙНЫХ БЕДСТВИЙ ПО ПРИМОРСКОМУ КРАЮ;2536150266;254001001;;Приморский край;27952345.38;28.07.2026;05.08.2026;"2.7. Ремонт турбокомпрессоров ;; 1.7 Ремонт турбокомпрессоров";https://www.rts-tender.ru/poisk/id/l0120100008426000046-1/;да;турбокомпрессор;rts-tender.ru/poisk + Search/LoadPage;2026-07-30
0371500001226000175;Поставка запасных частей к автомобилям Ford Transit и Ford Mondeo, Mercedes Benz Sprinter, Fiat Ducato;44-ФЗ;"ГОСУДАРСТВЕННОЕ БЮДЖЕТНОЕ УЧРЕЖДЕНИЕ ЗДРАВООХРАНЕНИЯ ЯРОСЛАВСКОЙ ОБЛАСТИ ""СТАНЦИЯ СКОРОЙ МЕДИЦИНСКОЙ ПОМОЩИ И ЦЕНТР МЕДИЦИНЫ КАТАСТРОФ""";7604359300;760401001;;"ГОСУДАРСТВЕННОЕ БЮДЖЕТНОЕ УЧРЕЖДЕНИЕ ЗДРАВООХРАНЕНИЯ ЯРОСЛАВСКОЙ ОБЛАСТИ ""СТАНЦИЯ СКОРОЙ МЕДИЦИНСКОЙ ПОМОЩИ И ЦЕНТР МЕДИЦИНЫ КАТАСТРОФ""";7604359300;760401001;;Ярославская область;300000.00;27.07.2026;04.08.2026;"Турбокомпрессор в сборе, Ford Transit, 2016г.в. ;; Турбокомпрессор в сборе, Ford Transit, 2020г.в.";https://www.rts-tender.ru/poisk/id/l0371500001226000175-1/;сомнительно;турбокомпрессор;rts-tender.ru/poisk + Search/LoadPage;2026-07-30
4538114;Запасные части на грейдер SDLG G9290, Автогрейдер XCMG,ДЗ-98В, Кировец;Коммерческие;"Закрытое акционерное общество ""ФАРН""";2465096588;246501001;;"Закрытое акционерное общество ""ФАРН""";2465096588;246501001;;Красноярский край;0.00;27.07.2026;31.07.2026;"Комплект патрубков турбокомпрессора ;; Соответствует запросу “турбокомпрессор”";https://www.rts-tender.ru/poisk/id/l4538114-4-12-1/;да;турбокомпрессор;rts-tender.ru/poisk + Search/LoadPage;2026-07-30
4536620;запасные части для спецтехники;Коммерческие;"Общество с ограниченной ответственностью ""Торговый Дом Златоустовский электрометаллургический завод""";7404070888;770445001;;"Общество с ограниченной ответственностью ""Торговый Дом Златоустовский электрометаллургический завод""";7404070888;770445001;;Москва;0.00;24.07.2026;31.07.2026;"Демпфер турбокомпрессора DEUTZ TCD2013 ;; турбокомпрессор для Sennebogen 825.0632";https://www.rts-tender.ru/poisk/id/l4536620-4-12-1/;да;турбокомпрессор;rts-tender.ru/poisk + Search/LoadPage;2026-07-30
32616235545;Приобретение воздушного турбокомпрессора в комплекте с электродвигателем;223-ФЗ;"МУНИЦИПАЛЬНОЕ УНИТАРНОЕ ПРЕДПРИЯТИЕ МУНИЦИПАЛЬНОГО ОБРАЗОВАНИЯ ГОРОД НОРИЛЬСК ""КОММУНАЛЬНЫЕ ОБЪЕДИНЕННЫЕ СИСТЕМЫ""";2457029066;245701001;"Левченко Андрей Васильевич; +7(3919)481842; +LEV1909@rambler.ru";"МУНИЦИПАЛЬНОЕ УНИТАРНОЕ ПРЕДПРИЯТИЕ МУНИЦИПАЛЬНОГО ОБРАЗОВАНИЯ ГОРОД НОРИЛЬСК ""КОММУНАЛЬНЫЕ ОБЪЕДИНЕННЫЕ СИСТЕМЫ""";2457029066;245701001;"+7(3919)481842; +LEV1909@rambler.ru";Красноярский край;8995901.64;24.07.2026;10.08.2026;"Приобретение воздушного турбокомпрессора в комплекте с электродвигателем ;; Соответствует запросу “турбокомпрессор”";https://www.rts-tender.ru/poisk/id/l32616235545-1/;да;турбокомпрессор;rts-tender.ru/poisk + Search/LoadPage;2026-07-30
0345300136426000057;Поставка запасных частей для дорожной техники;44-ФЗ;"МУНИЦИПАЛЬНОЕ БЮДЖЕТНОЕ УЧРЕЖДЕНИЕ ""УПРАВЛЕНИЕ БЛАГОУСТРОЙСТВА И ДОРОЖНОГО ХОЗЯЙСТВА""";4705063078;470501001;"Дегтярева Валентина Александровна; 8-81371-40506; avtobaza.40506@yandex.ru";"МУНИЦИПАЛЬНОЕ БЮДЖЕТНОЕ УЧРЕЖДЕНИЕ ""УПРАВЛЕНИЕ БЛАГОУСТРОЙСТВА И ДОРОЖНОГО ХОЗЯЙСТВА""";4705063078;470501001;;Ленинградская область;1432300.14;23.07.2026;31.07.2026;"турбокомпрессор ЯМЗ-53443-20/23 Е5 (CZ AS) C1329501 ;; Соответствует запросу “турбокомпрессор”";https://www.rts-tender.ru/poisk/id/l0345300136426000057-1/;да;турбокомпрессор;rts-tender.ru/poisk + Search/LoadPage;2026-07-30
1000177881;Турбокомпрессор по ТЗ КГОК 2026;Коммерческие;ЕВРАЗ;7701225358;773101001;;"АО ""ЕВРАЗ КГОК""";6615001962;997550001;;Байконур;0.00;23.07.2026;06.08.2026;"Турбокомпрессор по ТЗ КГОК 2026 ;; Соответствует запросу “турбокомпрессор”";https://www.rts-tender.ru/poisk/id/l1000177881-4-6-1/;да;турбокомпрессор;rts-tender.ru/poisk + Search/LoadPage;2026-07-30
10521163;Поставка товара (турбокомпрессор);Закупки малого объема;"МУНИЦИПАЛЬНОЕ БЮДЖЕТНОЕ УЧРЕЖДЕНИЕ ""ГОРОДСКАЯ ДОРОЖНАЯ СЛУЖБА"" МУНИЦИПАЛЬНОГО ОКРУГА ""ВОРКУТА"" РЕСПУБЛИКИ КОМИ";1103048077;110301001;Информация скрыта. Подробнее Доступно в личном кабинете Информация об организаторе и заказчике доступна в личном кабинете. Зарегистрируйтесь или войдите. Войти;"МУНИЦИПАЛЬНОЕ БЮДЖЕТНОЕ УЧРЕЖДЕНИЕ ""ГОРОДСКАЯ ДОРОЖНАЯ СЛУЖБА"" МУНИЦИПАЛЬНОГО ОКРУГА ""ВОРКУТА"" РЕСПУБЛИКИ КОМИ";1103048077;110301001;Информация скрыта. Подробнее Доступно в личном кабинете Информация об организаторе и заказчике доступна в личном кабинете. Зарегистрируйтесь или войдите. Войти;Республика Коми;34275.00;23.07.2026;31.07.2026;"Турбокомпрессор Borg Warner ;; Соответствует запросу “турбокомпрессор”";https://www.rts-tender.ru/poisk/id/l15013306-3-9-1/;да;турбокомпрессор;rts-tender.ru/poisk + Search/LoadPage;2026-07-30
32616228251;Поставка турбокомпрессора;223-ФЗ;Администрация городского округа город Воронеж;3650002882;366601001;"Михнева О. Д.; 473 2641503; otdelzakypok@inbox.ru";"МУНИЦИПАЛЬНОЕ КАЗЕННОЕ ПРЕДПРИЯТИЕ ГОРОДСКОГО ОКРУГА ГОРОД ВОРОНЕЖ МУНИЦИПАЛЬНАЯ ТРАНСПОРТНАЯ КОМПАНИЯ ""ВОРОНЕЖПАССАЖИРТРАНС""";3661022760;366101001;"473 2641503; otdelzakypok@inbox.ru";Воронежская область;957000.00;22.07.2026;03.08.2026;"Турбокомпрессоры ;; Соответствует запросу “турбокомпрессор”";https://www.rts-tender.ru/poisk/id/l32616228251-1/;да;турбокомпрессор;rts-tender.ru/poisk + Search/LoadPage;2026-07-30
0357200021026000110;Поставка запасных частей для автомобилей;44-ФЗ;"ГОСУДАРСТВЕННОЕ КАЗЕННОЕ УЧРЕЖДЕНИЕ ПСКОВСКОЙ ОБЛАСТИ ""УПРАВЛЕНИЕ ПО ОБЕСПЕЧЕНИЮ ДЕЯТЕЛЬНОСТИ ГОСУДАРСТВЕННЫХ ОРГАНОВ ПСКОВСКОЙ ОБЛАСТИ""";6027021425;602701001;;"ГОСУДАРСТВЕННОЕ КАЗЕННОЕ УЧРЕЖДЕНИЕ ПСКОВСКОЙ ОБЛАСТИ ""УПРАВЛЕНИЕ ПО ОБЕСПЕЧЕНИЮ ДЕЯТЕЛЬНОСТИ ГОСУДАРСТВЕННЫХ ОРГАНОВ ПСКОВСКОЙ ОБЛАСТИ""";6027021425;602701001;;Псковская область;395708.24;21.07.2026;03.08.2026;"Турбокомпрессор для автомобиля Peugeot Traveller ;; Соответствует запросу “турбокомпрессор”";https://www.rts-tender.ru/poisk/id/l0357200021026000110-1/;сомнительно;турбокомпрессор;rts-tender.ru/poisk + Search/LoadPage;2026-07-30
4532334;Закуп турбины (Caterpillar) в сборе;Коммерческие;"ОБЩЕСТВО С ОГРАНИЧЕННОЙ ОТВЕТСТВЕННОСТЬЮ ""ЭЛЬБРУС ДРИЛЛИНГ""";7203556170;720301001;;"ОБЩЕСТВО С ОГРАНИЧЕННОЙ ОТВЕТСТВЕННОСТЬЮ ""ЭЛЬБРУС ДРИЛЛИНГ""";7203556170;720301001;;Тюменская область;0.00;21.07.2026;30.07.2026;"Турбокомпрессор в сборе 4501420 ;; Соответствует запросу “турбокомпрессор”";https://www.rts-tender.ru/poisk/id/l4532334-4-12-1/;да;турбокомпрессор;rts-tender.ru/poisk + Search/LoadPage;2026-07-30
4531772;"Закупка запасных частей (118) для нужд АТУ Филиала АО ""Сегежский ЦБК"" по Лесным ресурсам";Коммерческие;Филиал Акционерного общества «Сегежский целлюлозно-бумажный комбинат» по лесным ресурсам;1006004155;100643001;;Филиал Акционерного общества «Сегежский целлюлозно-бумажный комбинат» по лесным ресурсам;1006004155;100643001;;Республика Карелия;0.00;21.07.2026;30.07.2026;"Турбокомпрессор MTK1825LX Krauf (MAN) ;; Соответствует запросу “турбокомпрессор”";https://www.rts-tender.ru/poisk/id/l4531772-4-12-1/;да;турбокомпрессор;rts-tender.ru/poisk + Search/LoadPage;2026-07-30
32616197030;"225444 Сервисное обслуживание турбокомпрессора TPS57-E01 для нужд Зауральской ТЭЦ филиала ООО ""БГК""";223-ФЗ;"ОБЩЕСТВО С ОГРАНИЧЕННОЙ ОТВЕТСТВЕННОСТЬЮ ""ИНТЕР РАО-ЦЕНТР УПРАВЛЕНИЯ ЗАКУПКАМИ""";7703642903;770401001;;"ОБЩЕСТВО С ОГРАНИЧЕННОЙ ОТВЕТСТВЕННОСТЬЮ ""БАШКИРСКАЯ ГЕНЕРИРУЮЩАЯ КОМПАНИЯ""";0277077282;027801001;;Республика Башкортостан;3575192.00;10.07.2026;30.07.2026;;https://www.rts-tender.ru/poisk/id/l32616197030-1/;да;турбокомпрессор;rts-tender.ru/poisk + Search/LoadPage;2026-07-30
0131100014726000002;техническое обслуживание, содержание и ремонт техники (поставка запасных частей для автомобильной техники);44-ФЗ;ГЛАВНОЕ УПРАВЛЕНИЕ МИНИСТЕРСТВА РОССИЙСКОЙ ФЕДЕРАЦИИ ПО ДЕЛАМ ГРАЖДАНСКОЙ ОБОРОНЫ, ЧРЕЗВЫЧАЙНЫМ СИТУАЦИЯМ И ЛИКВИДАЦИИ ПОСЛЕДСТВИЙ СТИХИЙНЫХ БЕДСТВИЙ ПО ВОРОНЕЖСКОЙ ОБЛАСТИ;3664061454;366401001;"Белкин Денис Сергеевич; 7-473-2969382; gumchs1@36.mchs.gov.ru";ГЛАВНОЕ УПРАВЛЕНИЕ МИНИСТЕРСТВА РОССИЙСКОЙ ФЕДЕРАЦИИ ПО ДЕЛАМ ГРАЖДАНСКОЙ ОБОРОНЫ, ЧРЕЗВЫЧАЙНЫМ СИТУАЦИЯМ И ЛИКВИДАЦИИ ПОСЛЕДСТВИЙ СТИХИЙНЫХ БЕДСТВИЙ ПО ВОРОНЕЖСКОЙ ОБЛАСТИ;3664061454;366401001;;Воронежская область;4500000.00;29.01.2026;06.02.2026;"Патрубок подвода воздуха к турбокомпрессору дв.ЯМЗ-650 ;; Прокладка приёмной трубы турбокомпрессора";https://www.rts-tender.ru/poisk/id/l0131100014726000002-1/;сомнительно;турбокомпрессор;rts-tender.ru/poisk + Search/LoadPage;2026-07-30
0367100002026000004;Поставка запасных частей и расходных материалов для транспортных средств;44-ФЗ;ГЛАВНОЕ УПРАВЛЕНИЕ МИНИСТЕРСТВА РОССИЙСКОЙ ФЕДЕРАЦИИ ПО ДЕЛАМ ГРАЖДАНСКОЙ ОБОРОНЫ, ЧРЕЗВЫЧАЙНЫМ СИТУАЦИЯМ И ЛИКВИДАЦИИ ПОСЛЕДСТВИЙ СТИХИЙНЫХ БЕДСТВИЙ ПО ТЮМЕНСКОЙ ОБЛАСТИ;7202130510;720301001;"Исалимов Нурлан Биккижанович; 7-929-2009800; zakupkimchs@yandex.ru";ГЛАВНОЕ УПРАВЛЕНИЕ МИНИСТЕРСТВА РОССИЙСКОЙ ФЕДЕРАЦИИ ПО ДЕЛАМ ГРАЖДАНСКОЙ ОБОРОНЫ, ЧРЕЗВЫЧАЙНЫМ СИТУАЦИЯМ И ЛИКВИДАЦИИ ПОСЛЕДСТВИЙ СТИХИЙНЫХ БЕДСТВИЙ ПО ТЮМЕНСКОЙ ОБЛАСТИ;7202130510;720301001;;Тюменская область;5500000.00;28.01.2026;05.02.2026;"Турбокомпрессор ISUZU ;; Турбокомпрессор CUMMINS 6ISBe модель HE351W";https://www.rts-tender.ru/poisk/id/l0367100002026000004-1/;да;турбокомпрессор;rts-tender.ru/poisk + Search/LoadPage;2026-07-30
