organizator;lotov
"АО ""Концерн Росэнергоатом""";97
"ООО ""ППТК""";86
"ООО ""ЭЦ ""ИРКУТ""";70
"федеральное государственное казенное учреждение ""Войсковая часть 55056""";48
"ФЕДЕРАЛЬНОЕ ГОСУДАРСТВЕННОЕ БЮДЖЕТНОЕ УЧРЕЖДЕНИЕ ""НАЦИОНАЛЬНЫЙ МЕДИЦИНСКИЙ ИССЛЕДОВАТЕЛЬСКИЙ ЦЕНТР ИМЕНИ В.А. АЛМАЗОВА"" МИНИСТЕРСТВА ЗДРАВООХРАНЕНИЯ РОССИЙСКОЙ";46
"ГОСУДАРСТВЕННОЕ КАЗЕННОЕ УЧРЕЖДЕНИЕ РЯЗАНСКОЙ ОБЛАСТИ ""ЦЕНТР ЗАКУПОК РЯЗАНСКОЙ ОБЛАСТИ""";42
"ПАО ""ТРАНСНЕФТЬ""";41
"ПАО СЗ ""СЕВЕРНАЯ ВЕРФЬ""";39
ГЛАВНОЕ УПРАВЛЕНИЕ МИНИСТЕРСТВА РОССИЙСКОЙ ФЕДЕРАЦИИ ПО ДЕЛАМ ГРАЖДАНСКОЙ ОБОРОНЫ, ЧРЕЗВЫЧАЙНЫМ СИТУАЦИЯМ И ЛИКВИДАЦИИ ПОСЛЕДСТВИЙ СТИХИЙНЫХ БЕДСТВИЙ ПО РЕСПУБЛ;37
"ФЕДЕРАЛЬНОЕ ГОСУДАРСТВЕННОЕ КАЗЕННОЕ УЧРЕЖДЕНИЕ ""ГОСУДАРСТВЕННЫЙ ЦЕНТРАЛЬНЫЙ АЭРОМОБИЛЬНЫЙ СПАСАТЕЛЬНЫЙ ОТРЯД""";37
ТУ РОСИМУЩЕСТВА В АМУРСКОЙ ОБЛАСТИ;35
"АО ""СХК""";34
АО «Транснефть - Север»;33
"АО ""Хиагда""";32
"АО ""СНСЗ""";31
"КИРОВСКОЕ ОБЛАСТНОЕ ГОСУДАРСТВЕННОЕ КАЗЕННОЕ УЧРЕЖДЕНИЕ ""ЦЕНТР ПО ТЕХНИЧЕСКОМУ СОПРОВОЖДЕНИЮ ГОСУДАРСТВЕННЫХ ЗАКУПОК""";31
МИНИСТЕРСТВО КОНКУРЕНТНОЙ ПОЛИТИКИ КАЛУЖСКОЙ ОБЛАСТИ;30
"АО ""НИКИМТ-АТОМСТРОЙ""";30
АО   ТРАНСНЕФТЬ-СИБИРЬ;29
"ООО ""ТРАНСНЕФТЬ - СЕРВИС""";28
БАНК РОССИИ;28
"ГОСУДАРСТВЕННОЕ КАЗЕННОЕ УЧРЕЖДЕНИЕ ОРЕНБУРГСКОЙ ОБЛАСТИ ""ЦЕНТР ОРГАНИЗАЦИИ ЗАКУПОК""";27
ГЛАВНОЕ  УПРАВЛЕНИЕ  ОРГАНИЗАЦИИ  ТОРГОВ  САМАРСКОЙ ОБЛАСТИ;27
Администрация города Екатеринбурга;27
АО   ТРАНСНЕФТЬ-ВЕРХНЯЯ ВОЛГА;26
"ООО ""Байкальская энергетическая компания""";25
"АО ""РИР ЭНЕРГО""";25
"АО ""КВАДРА""";25
"АО ""ПО ЭХЗ""";25
ДЕПАРТАМЕНТ ГОСУДАРСТВЕННОГО ЗАКАЗА ЯМАЛО-НЕНЕЦКОГО АВТОНОМНОГО ОКРУГА;24
"ООО ""Транснефть - Восток""";24
"ФГУП ""ИНЖТЕХЦЕНТР МИНОБОРОНЫ РОССИИ""";24
"ГУП КК ""КУБАНЬВОДКОМПЛЕКС""";23
КОМИТЕТ ПО ВОПРОСАМ ЗАКОННОСТИ, ПРАВОПОРЯДКА И БЕЗОПАСНОСТИ;23
"АО ""РИР""";23
Парфенов Олег Вячеславович;23
"АО ""Юго-Западная ТЭЦ""";22
"ФЕДЕРАЛЬНОЕ ГОСУДАРСТВЕННОЕ БЮДЖЕТНОЕ ОБРАЗОВАТЕЛЬНОЕ УЧРЕЖДЕНИЕ ВЫСШЕГО ОБРАЗОВАНИЯ ""МОСКОВСКИЙ ГОСУДАРСТВЕННЫЙ ТЕХНИЧЕСКИЙ УНИВЕРСИТЕТ ИМЕНИ Н.Э. БАУМАНА (НАЦ";22
"МУП ГЭТ ""УКТ"" Г.КАЛУГИ";21
ГЛАВНОЕ УПРАВЛЕНИЕ МИНИСТЕРСТВА РОССИЙСКОЙ ФЕДЕРАЦИИ ПО ДЕЛАМ ГРАЖДАНСКОЙ ОБОРОНЫ, ЧРЕЗВЫЧАЙНЫМ СИТУАЦИЯМ И ЛИКВИДАЦИИ ПОСЛЕДСТВИЙ СТИХИЙНЫХ БЕДСТВИЙ ПО ЯРОСЛАВ;21
ГОСУДАРСТВЕННОЕ УЧРЕЖДЕНИЕ-РЕГИОНАЛЬНОЕ ОТДЕЛЕНИЕ ФОНДА СОЦИАЛЬНОГО СТРАХОВАНИЯ РОССИЙСКОЙ ФЕДЕРАЦИИ ПО РЕСПУБЛИКЕ БАШКОРТОСТАН;21
ИП Башмаков Вячеслав Вячеславович;21
Ершов Сергей Николаевич;21
АО 'Транснефть-Западная Сибирь';20
УПРАВЛЕНИЕ ГОСУДАРСТВЕННЫХ ЗАКУПОК ТЮМЕНСКОЙ ОБЛАСТИ;20
Ахтямов Дамир Абдуллович;20
Селезнёв Дмитрий Игоревич;20
"КАЗЕННОЕ УЧРЕЖДЕНИЕ ХАНТЫ-МАНСИЙСКОГО АВТОНОМНОГО ОКРУГА - ЮГРЫ ""ЦЕНТРОСПАС-ЮГОРИЯ""";19
"ФКП ""НИЦ РКП""";19
ГЛАВНОЕ УПРАВЛЕНИЕ МИНИСТЕРСТВА РОССИЙСКОЙ ФЕДЕРАЦИИ ПО ДЕЛАМ ГРАЖДАНСКОЙ ОБОРОНЫ,ЧРЕЗВЫЧАЙНЫМ СИТУАЦИЯМ И ЛИКВИДАЦИИ ПОСЛЕДСТВИЙ СТИХИЙНЫХ БЕДСТВИЙ ПО САРАТОВС;19
ООО Транснефть-Балтика;19
Федеральная служба охраны Российской Федерации;19
"ОБЛАСТНОЕ КАЗЕННОЕ УЧРЕЖДЕНИЕ ""УПРАВЛЕНИЕ ГОСУДАРСТВЕННОЙ ПРОТИВОПОЖАРНОЙ СПАСАТЕЛЬНОЙ СЛУЖБЫ ЛИПЕЦКОЙ ОБЛАСТИ""";18
"ФЕДЕРАЛЬНОЕ ГОСУДАРСТВЕННОЕ БЮДЖЕТНОЕ ОБРАЗОВАТЕЛЬНОЕ УЧРЕЖДЕНИЕ ВЫСШЕГО ОБРАЗОВАНИЯ ""БАШКИРСКИЙ ГОСУДАРСТВЕННЫЙ МЕДИЦИНСКИЙ УНИВЕРСИТЕТ"" МИНИСТЕРСТВА ЗДРАВООХР";18
"АО ""ТД РЖД""";18
"АО ""Югорский лесопромышленный холдинг""";18
"ФНПЦ АО ""НПО ""МАРС""";18
"СПБ ГБУ ""МОСТОТРЕСТ""";18
ФЕДЕРАЛЬНАЯ СЛУЖБА ОХРАНЫ РОССИЙСКОЙ ФЕДЕРАЦИИ;18
Министерство экономического развития, промышленной политики и торговли Оренбургской области;18
"федеральное казенное учреждение ""Уральское окружное управление материально-технического снабжения Министерства внутренних дел Российской Федерации""";18
"ГУП ""ВОДОКАНАЛ САНКТ-ПЕТЕРБУРГА""";17
АГЕНТСТВО ГОСУДАРСТВЕННЫХ ЗАКУПОК УЛЬЯНОВСКОЙ ОБЛАСТИ;17
"ПАО ""Павловский автобус""";17
ГЛАВНОЕ УПРАВЛЕНИЕ МИНИСТЕРСТВА РОССИЙСКОЙ ФЕДЕРАЦИИ ПО ДЕЛАМ ГРАЖДАНСКОЙ ОБОРОНЫ, ЧРЕЗВЫЧАЙНЫМ СИТУАЦИЯМ И ЛИКВИДАЦИИ ПОСЛЕДСТВИЙ СТИХИЙНЫХ БЕДСТВИЙ ПО ОМСКОЙ;17
"ФЕДЕРАЛЬНОЕ ГОСУДАРСТВЕННОЕ БЮДЖЕТНОЕ УЧРЕЖДЕНИЕ ""СПЕЦИАЛЬНЫЙ ЛЕТНЫЙ ОТРЯД ""РОССИЯ"" УПРАВЛЕНИЯ ДЕЛАМИ ПРЕЗИДЕНТА РОССИЙСКОЙ ФЕДЕРАЦИИ";17
Дыков Иван Владимирович;17
"ООО ""ЮСБ""";17
Грачёв Артем Олегович;17
"АО ""ДМЗ"" ИМ. Н.П. ФЕДОРОВА""";16
ГЛАВНОЕ УПРАВЛЕНИЕ МИНИСТЕРСТВА РОССИЙСКОЙ ФЕДЕРАЦИИ ПО ДЕЛАМ ГРАЖДАНСКОЙ ОБОРОНЫ, ЧРЕЗВЫЧАЙНЫМ СИТУАЦИЯМ И ЛИКВИДАЦИИ ПОСЛЕДСТВИЙ СТИХИЙНЫХ БЕДСТВИЙ ПО ВОЛГОГР;16
"АО ""ЦКБ МТ ""РУБИН""";16
"ФЕДЕРАЛЬНОЕ ГОСУДАРСТВЕННОЕ БЮДЖЕТНОЕ УЧРЕЖДЕНИЕ ""ФЕДЕРАЛЬНЫЙ ЦЕНТР СЕРДЕЧНО-СОСУДИСТОЙ ХИРУРГИИ"" МИНИСТЕРСТВА ЗДРАВООХРАНЕНИЯ РОССИЙСКОЙ ФЕДЕРАЦИИ (Г. КРАСНОЯР";16
"АО ""ПЗЦМ"", АО ""ПРИОКСКИЙ ЗАВОД ЦВЕТНЫХ МЕТАЛЛОВ""";16
"АО ""ПО ""СЕВМАШ""";16
"АО ""УЭМЗ""";16
Кузьминых Владимир Васильевич;16
"Клиника федерального государственного бюджетного образовательного учреждения высшего образования ""Южно-Уральский государственный медицинский университет"" Минист";16
"ФГАОУ ВО ""КАЗАНСКИЙ (ПРИВОЛЖСКИЙ) ФЕДЕРАЛЬНЫЙ УНИВЕРСИТЕТ"", ФГАОУ ВО КФУ, КФУ, КАЗАНСКИЙ ФЕДЕРАЛЬНЫЙ УНИВЕРСИТЕТ, КАЗАНСКИЙ УНИВЕРСИТЕТ, КАЗАНСКИЙ (ПРИВОЛЖСКИЙ)";16
"АО ""ПСЗ ""ЯНТАРЬ""";15
"ФЕДЕРАЛЬНОЕ ГОСУДАРСТВЕННОЕ БЮДЖЕТНОЕ ОБРАЗОВАТЕЛЬНОЕ УЧРЕЖДЕНИЕ ВЫСШЕГО ОБРАЗОВАНИЯ ""ИРКУТСКИЙ ГОСУДАРСТВЕННЫЙ МЕДИЦИНСКИЙ УНИВЕРСИТЕТ"" МИНИСТЕРСТВА ЗДРАВООХРА";15
"ФГУП ""ВГСЧ""";15
"АО ""ЮЦСС""";15
ГЛАВНОЕ УПРАВЛЕНИЕ МИНИСТЕРСТВА РОССИЙСКОЙ ФЕДЕРАЦИИ ПО ДЕЛАМ ГРАЖДАНСКОЙ ОБОРОНЫ, ЧРЕЗВЫЧАЙНЫМ СИТУАЦИЯМ И ЛИКВИДАЦИИ ПОСЛЕДСТВИЙ СТИХИЙНЫХ БЕДСТВИЙ ПО ОРЕНБУР;15
"АО ""МСЗ""";15
ГОСУДАРСТВЕННОЕ БЮДЖЕТНОЕ УЧРЕЖДЕНИЕ ЗДРАВООХРАНЕНИЯ АСТРАХАНСКОЙ ОБЛАСТИ АЛЕКСАНДРО-МАРИИНСКАЯ ОБЛАСТНАЯ КЛИНИЧЕСКАЯ БОЛЬНИЦА;15
МИНИСТЕРСТВО РАЗВИТИЯ КОНКУРЕНЦИИ И ЭКОНОМИКИ УЛЬЯНОВСКОЙ ОБЛАСТИ;15
Министерство конкурентной политики и тарифов Калужской области;15
"АО ""ОКБМ АФРИКАНТОВ""";14
"АО ""СБЕРБАНК - АСТ""";14
"АО ""ПО ""СТРЕЛА""";14
"Государственное бюджетное учреждение города Москвы по эксплуатации и ремонту инженерных сооружений ""Гормост""";14
МИНИСТЕРСТВО ИМУЩЕСТВЕННЫХ И ЗЕМЕЛЬНЫХ ОТНОШЕНИЙ ВЛАДИМИРСКОЙ ОБЛАСТИ;13
"АО ""СЗФ""";13
"АО""Далур""";13
УПРАВЛЕНИЕ ПО ДЕЛАМ ГРАЖДАНСКОЙ ОБОРОНЫ И ЧРЕЗВЫЧАЙНЫМ СИТУАЦИЯМ ГОРОДА РОСТОВА-НА-ДОНУ;13
МИНИСТЕРСТВО ЦИФРОВОЙ ЭКОНОМИКИ И КОНКУРЕНЦИИ УЛЬЯНОВСКОЙ ОБЛАСТИ;13
"ФЕДЕРАЛЬНОЕ ГОСУДАРСТВЕННОЕ БЮДЖЕТНОЕ ОБРАЗОВАТЕЛЬНОЕ УЧРЕЖДЕНИЕ ВЫСШЕГО ОБРАЗОВАНИЯ ""САНКТ-ПЕТЕРБУРГСКИЙ ГОСУДАРСТВЕННЫЙ УНИВЕРСИТЕТ""";13
Катан Максим Александрович;13
"ФЕДЕРАЛЬНОЕ ГОСУДАРСТВЕННОЕ БЮДЖЕТНОЕ УЧРЕЖДЕНИЕ ""ФЕДЕРАЛЬНЫЙ ЦЕНТР СЕРДЕЧНО-СОСУДИСТОЙ ХИРУРГИИ"" МИНИСТЕРСТВА ЗДРАВООХРАНЕНИЯ РОССИЙСКОЙ ФЕДЕРАЦИИ (Г. ЧЕЛЯБИНС";13
"ПАО ""АЭРОФЛОТ""";12
КОМИТЕТ ГОСУДАРСТВЕННОГО ЗАКАЗА ТВЕРСКОЙ ОБЛАСТИ;12
"СПБ ГКУ ""УПРАВЛЕНИЕ ЗАКАЗЧИКА""";12
"АО ""РУБИН""";12
"ФЕДЕРАЛЬНОЕ БЮДЖЕТНОЕ УЧРЕЖДЕНИЕ ""АДМИНИСТРАЦИЯ АЗОВО-ДОНСКОГО БАССЕЙНА ВНУТРЕННИХ ВОДНЫХ ПУТЕЙ""";12
"АО ""ЦС ""ЗВЕЗДОЧКА""";12
"ФЕДЕРАЛЬНОЕ ГОСУДАРСТВЕННОЕ БЮДЖЕТНОЕ УЧРЕЖДЕНИЕ КУЛЬТУРЫ ""ГОСУДАРСТВЕННЫЙ АКАДЕМИЧЕСКИЙ МАРИИНСКИЙ ТЕАТР""";12
АО   Транснефть - Прикамье;12
ГОСУДАРСТВЕННОЕ УЧРЕЖДЕНИЕ - ПЕНЗЕНСКОЕ РЕГИОНАЛЬНОЕ ОТДЕЛЕНИЕ ФОНДА СОЦИАЛЬНОГО СТРАХОВАНИЯ РОССИЙСКОЙ ФЕДЕРАЦИИ;12
Король Алексей Андреевич;12
КОМИТЕТ ГОСУДАРСТВЕННОГО ЗАКАЗА ВОЛОГОДСКОЙ ОБЛАСТИ;12
"ООО ""Современные технологии""";12
"федеральное казенное учреждение ""Северо-Кавказское окружное управление материально-технического снабжения Министерства внутренних дел Российской Федерации""";12
"Федеральное государственное бюджетное учреждение ""Федеральный центр сердечно-сосудистой хирургии"" Министерства здравоохранения и социального развития Российской";12
"ФБУ ""КОСТРОМСКОЙ ЦСМ""";12
"ГОСУДАРСТВЕННОЕ КАЗЕННОЕ УЧРЕЖДЕНИЕ ПЕНЗЕНСКОЙ ОБЛАСТИ ""УПРАВЛЕНИЕ ПО ОСУЩЕСТВЛЕНИЮ ЗАКУПОК ПЕНЗЕНСКОЙ ОБЛАСТИ""";11
"АО ""ПРОМИНН""";11
"МУНИЦИПАЛЬНОЕ БЮДЖЕТНОЕ УЧРЕЖДЕНИЕ ""СОДЕРЖАНИЕ ГОРОДСКИХ ТЕРРИТОРИЙ""";11
"ОБЛАСТНОЕ ГОСУДАРСТВЕННОЕ КАЗЕННОЕ УЧРЕЖДЕНИЕ БЕЛГОРОДСКОЙ ОБЛАСТИ ""ЦЕНТР ЗАКУПОК""";11
"ООО ""АРМЗ СЕРВИС""";11
ГОСУДАРСТВЕННОЕ КАЗЕННОЕ УЧРЕЖДЕНИЕ ПРИМОРСКОГО КРАЯ ПО ПОЖАРНОЙ БЕЗОПАСНОСТИ, ДЕЛАМ ГРАЖДАНСКОЙ ОБОРОНЫ, ЗАЩИТЕ НАСЕЛЕНИЯ И ТЕРРИТОРИЙ ОТ ЧРЕЗВЫЧАЙНЫХ СИТУАЦИЙ;11
"АО ""ЗЛАТМАШ""";11
"ООО ""АРГОН""";11
"ГОСУДАРСТВЕННОЕ БЮДЖЕТНОЕ УЧРЕЖДЕНИЕ ГОРОДА МОСКВЫ ""АВТОМОБИЛЬНЫЕ ДОРОГИ""";11
"ФЕДЕРАЛЬНОЕ ГОСУДАРСТВЕННОЕ ПРЕДПРИЯТИЕ ""ВЕДОМСТВЕННАЯ ОХРАНА ЖЕЛЕЗНОДОРОЖНОГО ТРАНСПОРТА РОССИЙСКОЙ ФЕДЕРАЦИИ""";11
Алюкаев Александр Александрович;11
"федеральное казенное учреждение ""Приволжское окружное управление материально-технического снабжения Министерства внутренних дел Российской Федерации""";11
Республиканское агентство по государственным закупкам;11
ООО «Аукционторг»;11
"ФЕДЕРАЛЬНОЕ КАЗЕННОЕ УЧРЕЖДЕНИЕ ""ИСПРАВИТЕЛЬНАЯ КОЛОНИЯ № 16 УПРАВЛЕНИЯ ФЕДЕРАЛЬНОЙ СЛУЖБЫ ИСПОЛНЕНИЯ НАКАЗАНИЙ ПО РЕСПУБЛИКЕ БАШКОРТОСТАН""";10
"БЕЛЬСКИЙ РАЙОН ВОДНЫХ ПУТЕЙ И СУДОХОДСТВА-ФИЛИАЛ ФБУ ""АДМИНИСТРАЦИЯ КАМСКОГО БАССЕЙНА ВНУТРЕННИХ ВОДНЫХ ПУТЕЙ""";10
"АО ""СПО ""АРКТИКА""";10
"СУРГУТСКИЙ РАЙОН ВОДНЫХ ПУТЕЙ И СУДОХОДСТВА-ФИЛИАЛ ФЕДЕРАЛЬНОГО БЮДЖЕТНОГО УЧРЕЖДЕНИЯ ""АДМИНИСТРАЦИЯ ОБЬ-ИРТЫШСКОГО БАССЕЙНА ВНУТРЕННИХ ВОДНЫХ ПУТЕЙ""";10
"ФЕДЕРАЛЬНОЕ ГОСУДАРСТВЕННОЕ БЮДЖЕТНОЕ УЧРЕЖДЕНИЕ КУЛЬТУРЫ ""ГОСУДАРСТВЕННЫЙ ЭРМИТАЖ""";10
"САНКТ-ПЕТЕРБУРГСКОЕ ГОСУДАРСТВЕННОЕ КАЗЕННОЕ УЧРЕЖДЕНИЕ ""ПОИСКОВО-СПАСАТЕЛЬНАЯ СЛУЖБА САНКТ-ПЕТЕРБУРГА""";10
"ФЕДЕРАЛЬНОЕ КАЗЕННОЕ УЧРЕЖДЕНИЕ ""УРАЛЬСКОЕ ОКРУЖНОЕ УПРАВЛЕНИЕ МАТЕРИАЛЬНО-ТЕХНИЧЕСКОГО СНАБЖЕНИЯ МИНИСТЕРСТВА ВНУТРЕННИХ ДЕЛ РОССИЙСКОЙ ФЕДЕРАЦИИ""";10
"ФЕДЕРАЛЬНОЕ ГОСУДАРСТВЕННОЕ БЮДЖЕТНОЕ НАУЧНОЕ УЧРЕЖДЕНИЕ ""ФЕДЕРАЛЬНЫЙ ИССЛЕДОВАТЕЛЬСКИЙ ЦЕНТР ИНСТИТУТ ПРИКЛАДНОЙ ФИЗИКИ РОССИЙСКОЙ АКАДЕМИИ НАУК""";10
ООО   ТРАНСНЕФТЬ - ДАЛЬНИЙ ВОСТОК;10
"ОБЩЕСТВО С ОГРАНИЧЕННОЙ ОТВЕТСТВЕННОСТЬЮ ""ПЕРВАЯ СПЕЦИАЛИЗИРОВАННАЯ ОРГАНИЗАЦИЯ ""ГОСУДАРСТВЕННЫЙ ЗАКАЗ""";10
"ГОСУДАРСТВЕННОЕ БЮДЖЕТНОЕ УЧРЕЖДЕНИЕ ЗДРАВООХРАНЕНИЯ ""ПРИМОРСКИЙ КРАЕВОЙ ПЕРИНАТАЛЬНЫЙ ЦЕНТР""";10
"АО ""Транснефть-Приволга""";10
"ФЕДЕРАЛЬНОЕ ГОСУДАРСТВЕННОЕ БЮДЖЕТНОЕ УЧРЕЖДЕНИЕ ""СЕВЕРО-ЗАПАДНЫЙ ФЕДЕРАЛЬНЫЙ МЕДИЦИНСКИЙ ИССЛЕДОВАТЕЛЬСКИЙ ЦЕНТР ИМЕНИ В.А. АЛМАЗОВА"" МИНИСТЕРСТВА ЗДРАВООХРАНЕ";10
ГОСУДАРСТВЕННОЕ УЧРЕЖДЕНИЕ - ПРИМОРСКОЕ РЕГИОНАЛЬНОЕ ОТДЕЛЕНИЕ ФОНДА СОЦИАЛЬНОГО СТРАХОВАНИЯ РОССИЙСКОЙ ФЕДЕРАЦИИ;10
"ООО ""Градиент""";10
Федеральное агентство по поставкам вооружения, военной, специальной техники и материальных средств;10
Комитет по вопросам законности, правопорядка и безопасности;10
АО КБХА;10
"ФЕДЕРАЛЬНОЕ ГОСУДАРСТВЕННОЕ БЮДЖЕТНОЕ УЧРЕЖДЕНИЕ ""ФЕДЕРАЛЬНЫЙ ЦЕНТР ТРАВМАТОЛОГИИ, ОРТОПЕДИИ И ЭНДОПРОТЕЗИРОВАНИЯ"" МИНИСТЕРСТВА ЗДРАВООХРАНЕНИЯ РОССИЙСКОЙ ФЕДЕР";10
"ГОСУДАРСТВЕННОЕ КАЗЕННОЕ УЧРЕЖДЕНИЕ ""ЦЕНТР ЗАКУПОК И БУХГАЛТЕРСКОГО УЧЕТА КУРГАНСКОЙ ОБЛАСТИ""";9
"САНКТ-ПЕТЕРБУРГСКОЕ ГОСУДАРСТВЕННОЕ КАЗЕННОЕ УЧРЕЖДЕНИЕ ""ПОЖАРНО-СПАСАТЕЛЬНЫЙ ОТРЯД ПРОТИВОПОЖАРНОЙ СЛУЖБЫ САНКТ-ПЕТЕРБУРГА ПО НЕВСКОМУ РАЙОНУ САНКТ-ПЕТЕРБУРГА""";9
УПРАВЛЕНИЕ ПО МУНИЦИПАЛЬНЫМ ЗАКУПКАМ И РЕГУЛИРОВАНИЮ ТАРИФОВ АДМИНИСТРАЦИИ ГОРОДА УЛЬЯНОВСКА;9
ДЕПАРТАМЕНТ КОНТРАКТНОЙ СИСТЕМЫ КУЗБАССА;9
"АО ""БАШКИРАВТОДОР""";9
"ГОСУДАРСТВЕННОЕ КАЗЕННОЕ УЧРЕЖДЕНИЕ РОСТОВСКОЙ ОБЛАСТИ ""РОСТОВСКАЯ ОБЛАСТНАЯ ПОИСКОВО-СПАСАТЕЛЬНАЯ СЛУЖБА""";9
Варганов Владимир Федорович;9
"ВЫТЕГОРСКИЙ РАЙОН ГИДРОСООРУЖЕНИЙ И СУДОХОДСТВА - ФИЛИАЛ ФБУ ""АДМИНИСТРАЦИЯ ВОЛГО-БАЛТИЙСКОГО БАССЕЙНА ВНУТРЕННИХ ВОДНЫХ ПУТЕЙ""";9
ГЛАВНОЕ УПРАВЛЕНИЕ МИНИСТЕРСТВА РОССИЙСКОЙ ФЕДЕРАЦИИ ПО ДЕЛАМ ГРАЖДАНСКОЙ ОБОРОНЫ, ЧРЕЗВЫЧАЙНЫМ СИТУАЦИЯМ И ЛИКВИДАЦИИ ПОСЛЕДСТВИЙ СТИХИЙНЫХ БЕДСТВИЙ ПО ЛЕНИНГР;9
"ФГБНУ ""НЦЗ ИМ. П.П. ЛУКЬЯНЕНКО""";9
"ФЕДЕРАЛЬНОЕ КАЗЕННОЕ УЧРЕЖДЕНИЕ ""СЛЕДСТВЕННЫЙ ИЗОЛЯТОР № 1 УПРАВЛЕНИЯ ФЕДЕРАЛЬНОЙ СЛУЖБЫ ИСПОЛНЕНИЯ НАКАЗАНИЙ ПО ХАНТЫ-МАНСИЙСКОМУ АВТОНОМНОМУ ОКРУГУ - ЮГРЕ""";9
ДЕПАРТАМЕНТ КОНКУРСОВ И АУКЦИОНОВ ИВАНОВСКОЙ ОБЛАСТИ;9
АО «Квадра»;9
"ФЕДЕРАЛЬНОЕ ГОСУДАРСТВЕННОЕ КАЗЕННОЕ УЧРЕЖДЕНИЕ ""ПРИВОЛЖСКИЙ РЕГИОНАЛЬНЫЙ ПОИСКОВО-СПАСАТЕЛЬНЫЙ ОТРЯД МЧС РОССИИ""";9
"ООО ""СМУ № 1""";9
Калининская атомная станция;9
"ФЕДЕРАЛЬНОЕ ГОСУДАРСТВЕННОЕ КАЗЕННОЕ УЧРЕЖДЕНИЕ ""ЦЕНТР ПО ПРОВЕДЕНИЮ СПАСАТЕЛЬНЫХ ОПЕРАЦИЙ ОСОБОГО РИСКА ""ЛИДЕР""";9
"АО ""ВНИИНМ""";9
"ФГУП ""ПО ""МАЯК""";9
АО ЧМЗ;9
"ФИЛИАЛ АО ""КОНЦЕРН РОСЭНЕРГОАТОМ"" ""КОЛЬСКАЯ АТОМНАЯ СТАНЦИЯ""";9
ГЛАВНОЕ УПРАВЛЕНИЕ МИНИСТЕРСТВА РОССИЙСКОЙ ФЕДЕРАЦИИ ПО ДЕЛАМ ГРАЖДАНСКОЙ ОБОРОНЫ, ЧРЕЗВЫЧАЙНЫМ СИТУАЦИЯМ И ЛИКВИДАЦИИ ПОСЛЕДСТВИЙ СТИХИЙНЫХ БЕДСТВИЙ ПО МУРМАНС;9
"АО ""УПКБ ""ДЕТАЛЬ""";9
АО   ТРАНСНЕФТЬ - ДРУЖБА;9
"ПАО АНПП ""ТЕМП-АВИА""";9
"АО""СМАЗ""";9
РЕСПУБЛИКАНСКОЕ АГЕНТСТВО ПО ГОСУДАРСТВЕННЫМ ЗАКУПКАМ;9
"ФЕДЕРАЛЬНОЕ ГОСУДАРСТВЕННОЕ БЮДЖЕТНОЕ УЧРЕЖДЕНИЕ ""САНКТ-ПЕТЕРБУРГСКИЙ НАУЧНО-ИССЛЕДОВАТЕЛЬСКИЙ ИНСТИТУТ ФТИЗИОПУЛЬМОНОЛОГИИ"" МИНИСТЕРСТВА ЗДРАВООХРАНЕНИЯ РОССИЙ";9
"ЗАО ""РЕСТЕР""";9
"ФЕДЕРАЛЬНОЕ ГОСУДАРСТВЕННОЕ КАЗЕННОЕ УЧРЕЖДЕНИЕ ""ВОЙСКОВАЯ ЧАСТЬ 55056""";9
департамент государственного заказа Ямало-Ненецкого автономного округа;9
ООО 'ЛедСофт.ру';9
"ГУП ""БАШАВТОТРАНС"" РБ";9
"ГОСУДАРСТВЕННОЕ БЮДЖЕТНОЕ УЧРЕЖДЕНИЕ ЗДРАВООХРАНЕНИЯ РЕСПУБЛИКИ КОМИ ""СЫКТЫВКАРСКАЯ СТАНЦИЯ СКОРОЙ МЕДИЦИНСКОЙ ПОМОЩИ""";9
"АКЦИОНЕРНОЕ ОБЩЕСТВО ""ДАЛЬНЕВОСТОЧНЫЙ ЗАВОД ""ЗВЕЗДА""";9
"САНКТ-ПЕТЕРБУРГСКОЕ ГОСУДАРСТВЕННОЕ БЮДЖЕТНОЕ УЧРЕЖДЕНИЕ ЗДРАВООХРАНЕНИЯ ""ГОРОДСКАЯ СТОМАТОЛОГИЧЕСКАЯ ПОЛИКЛИНИКА № 33""";9
"АО ""ВОДОКАНАЛ-ЧИТА""";8
"ФГБУ НМИЦ ""ЦНИИСИЧЛХ"" МИНЗДРАВА РОССИИ";8
"ФЕДЕРАЛЬНОЕ ГОСУДАРСТВЕННОЕ КАЗЕННОЕ УЧРЕЖДЕНИЕ ""СПЕЦИАЛЬНОЕ УПРАВЛЕНИЕ ФЕДЕРАЛЬНОЙ ПРОТИВОПОЖАРНОЙ СЛУЖБЫ № 46 МИНИСТЕРСТВА РОССИЙСКОЙ ФЕДЕРАЦИИ ПО ДЕЛАМ ГРАЖД";8
"ФЕДЕРАЛЬНОЕ ГОСУДАРСТВЕННОЕ БЮДЖЕТНОЕ УЧРЕЖДЕНИЕ ""НАЦИОНАЛЬНЫЙ ИССЛЕДОВАТЕЛЬСКИЙ ЦЕНТР ""КУРЧАТОВСКИЙ ИНСТИТУТ""";8
"ГКУ РЯЗАНСКОЙ ОБЛАСТИ ""ПРОТИВОПОЖАРНО-СПАСАТЕЛЬНАЯ СЛУЖБА""";8
"ГОСУДАРСТВЕННОЕ КАЗЕННОЕ УЧРЕЖДЕНИЕ СВЕРДЛОВСКОЙ ОБЛАСТИ ""ЛЕЧЕБНО-ОЗДОРОВИТЕЛЬНЫЙ КОМПЛЕКС ПРАВИТЕЛЬСТВА СВЕРДЛОВСКОЙ ОБЛАСТИ""";8
АДМИНИСТРАЦИЯ ГУБЕРНАТОРА НОВГОРОДСКОЙ ОБЛАСТИ;8
ГЛАВНОЕ УПРАВЛЕНИЕ МИНИСТЕРСТВА РОССИЙСКОЙ ФЕДЕРАЦИИ ПО ДЕЛАМ ГРАЖДАНСКОЙ ОБОРОНЫ, ЧРЕЗВЫЧАЙНЫМ СИТУАЦИЯМ И ЛИКВИДАЦИИ ПОСЛЕДСТВИЙ СТИХИЙНЫХ БЕДСТВИЙ ПО КОСТРОМ;8
"АО ""ЧЭМК""";8
"ХАНТЫ-МАНСИЙСКОЕ ОКРУЖНОЕ УПРАВЛЕНИЕ ВОДНЫХ ПУТЕЙ И СУДОХОДСТВА-ФИЛИАЛ ФЕДЕРАЛЬНОГО БЮДЖЕТНОГО УЧРЕЖДЕНИЯ ""АДМИНИСТРАЦИЯ ОБЬ-ИРТЫШСКОГО БАССЕЙНА ВНУТРЕННИХ ВОДН";8
МУП 'УГХ' м.о. г.Пыть-ЯХ;8
"ГОСУДАРСТВЕННОЕ КАЗЕННОЕ УЧРЕЖДЕНИЕ НОВОСИБИРСКОЙ ОБЛАСТИ ""УПРАВЛЕНИЕ КОНТРАКТНОЙ СИСТЕМЫ""";8
Калерина Наталия Маратовна;8
"ГОСУДАРСТВЕННОЕ БЮДЖЕТНОЕ УЧРЕЖДЕНИЕ ЗДРАВООХРАНЕНИЯ РЕСПУБЛИКИ КОМИ ""УХТИНСКАЯ ДЕТСКАЯ БОЛЬНИЦА""";8
"КРАЕВОЕ ГОСУДАРСТВЕННОЕ БЮДЖЕТНОЕ УЧРЕЖДЕНИЕ ЗДРАВООХРАНЕНИЯ ""КЕЖЕМСКАЯ РАЙОННАЯ БОЛЬНИЦА""";8
"ООО ""АЛАБУГА-ВОЛОКНО""";8
"ФЕДЕРАЛЬНОЕ КАЗЕННОЕ УЧРЕЖДЕНИЕ ""ПРИВОЛЖСКОЕ ОКРУЖНОЕ УПРАВЛЕНИЕ МАТЕРИАЛЬНО-ТЕХНИЧЕСКОГО СНАБЖЕНИЯ МИНИСТЕРСТВА ВНУТРЕННИХ ДЕЛ РОССИЙСКОЙ ФЕДЕРАЦИИ""";8
"ГОСУДАРСТВЕННОЕ БЮДЖЕТНОЕ УЧРЕЖДЕНИЕ ЗДРАВООХРАНЕНИЯ РЕСПУБЛИКИ КАРЕЛИЯ ""БОЛЬНИЦА СКОРОЙ МЕДИЦИНСКОЙ ПОМОЩИ""";8
Баранов Руслан Вячеславович;8
Сергеев Константин Валерьевич;8
"ФЕДЕРАЛЬНОЕ КАЗЕННОЕ ПРЕДПРИЯТИЕ ""ЗАВОД ИМЕНИ Я.М.СВЕРДЛОВА""";8
Симакин Виталий Геннадьевич;8
"ЕКАТЕРИНБУРГСКОЕ МУНИЦИПАЛЬНОЕ УНИТАРНОЕ ПРЕДПРИЯТИЕ ""ЕКАТЕРИНБУРГСКИЙ МЕТРОПОЛИТЕН""";8
ГОСУДАРСТВЕННОЕ УЧРЕЖДЕНИЕ-КИРОВСКОЕ РЕГИОНАЛЬНОЕ ОТДЕЛЕНИЕ ФОНДА СОЦИАЛЬНОГО СТРАХОВАНИЯ РОССИЙСКОЙ ФЕДЕРАЦИИ;8
"ФЕДЕРАЛЬНОЕ БЮДЖЕТНОЕ УЧРЕЖДЕНИЕ ""ФЕДЕРАЛЬНОЕ УПРАВЛЕНИЕ ПО БЕЗОПАСНОМУ ХРАНЕНИЮ И УНИЧТОЖЕНИЮ ХИМИЧЕСКОГО ОРУЖИЯ ПРИ МИНИСТЕРСТВЕ ПРОМЫШЛЕННОСТИ И ТОРГОВЛИ РОС";8
Машковцев Юрий Александрович;8
Министерство конкурентной политики Калужской области;8
ООО 'АУКЦИОННЫЙ ДОМ';8
Губарева Татьяна Николаевна;8
министерство имущественных и земельных отношений Рязанской области;8
ООО 'Консультант АКТИВ';8
Бондарева Ирина Анатольевна;8
Болтушкин Андрей Константинович;8
"государственное бюджетное учреждение здравоохранения ""Краевая клиническая больница № 1 имени профессора С.В.Очаповского"" департамента здравоохранения Краснодарс";8
Управление по размещению государственного заказа Пензенской области;8
МТУ РОСИМУЩЕСТВА В РЕСПУБЛИКЕ МОРДОВИЯ, РЕСПУБЛИКЕ МАРИЙ ЭЛ, ЧУВАШСКОЙ РЕСПУБЛИКЕ И ПЕНЗЕНСКОЙ ОБЛАСТИ;8
"АО ""САХАТРАНСНЕФТЕГАЗ""";7
"ГОСУДАРСТВЕННОЕ БЮДЖЕТНОЕ УЧРЕЖДЕНИЕ ЗДРАВООХРАНЕНИЯ ПЕРМСКОГО КРАЯ ""КРАЕВАЯ ДЕТСКАЯ КЛИНИЧЕСКАЯ БОЛЬНИЦА""";7
"АО ""ЗИО-ПОДОЛЬСК""";7
ГЛАВНОЕ УПРАВЛЕНИЕ МИНИСТЕРСТВА РОССИЙСКОЙ ФЕДЕРАЦИИ ПО ДЕЛАМ ГРАЖДАНСКОЙ ОБОРОНЫ, ЧРЕЗВЫЧАЙНЫМ СИТУАЦИЯМ И ЛИКВИДАЦИИ ПОСЛЕДСТВИЙ СТИХИЙНЫХ БЕДСТВИЙ ПО ИРКУТСК;7
"АО ""ЭНЕРГОРЕМОНТ ПЛЮС""";7
"ФОНД ""СКОЛКОВО""";7
"АМУРСКИЙ ФИЛИАЛ ФЕДЕРАЛЬНОГО ГОСУДАРСТВЕННОГО БЮДЖЕТНОГО УЧРЕЖДЕНИЯ ""ГЛАВНОЕ БАССЕЙНОВОЕ УПРАВЛЕНИЕ ПО РЫБОЛОВСТВУ И СОХРАНЕНИЮ ВОДНЫХ БИОЛОГИЧЕСКИХ РЕСУРСОВ""";7
"ФЕДЕРАЛЬНОЕ КАЗЕННОЕ ЛЕЧЕБНО-ПРОФИЛАКТИЧЕСКОЕ УЧРЕЖДЕНИЕ ""РЕСПУБЛИКАНСКАЯ БОЛЬНИЦА № 2 УПРАВЛЕНИЯ ФЕДЕРАЛЬНОЙ СЛУЖБЫ ИСПОЛНЕНИЯ НАКАЗАНИЙ ПО РЕСПУБЛИКЕ КАРЕЛИЯ""";7
"АО ""ЦМКБ ""АЛМАЗ""";7
"ФЕДЕРАЛЬНОЕ ГОСУДАРСТВЕННОЕ БЮДЖЕТНОЕ ОБРАЗОВАТЕЛЬНОЕ УЧРЕЖДЕНИЕ ВЫСШЕГО ОБРАЗОВАНИЯ ""МОСКОВСКИЙ ГОСУДАРСТВЕННЫЙ УНИВЕРСИТЕТ ИМЕНИ М.В.ЛОМОНОСОВА""";7
"АО ""КФ""";7
"ГОСУДАРСТВЕННОЕ КАЗЕННОЕ УЧРЕЖДЕНИЕ АСТРАХАНСКОЙ ОБЛАСТИ ""РЕГИОНАЛЬНЫЙ ЦЕНТР ОРГАНИЗАЦИИ ЗАКУПОК""";7
ГОСУДАРСТВЕННЫЙ КОМИТЕТ ПО РЕГУЛИРОВАНИЮ КОНТРАКТНОЙ СИСТЕМЫ В СФЕРЕ ЗАКУПОК РЕСПУБЛИКИ ХАКАСИЯ;7
ГЛАВНОЕ УПРАВЛЕНИЕ МИНИСТЕРСТВА РОССИЙСКОЙ ФЕДЕРАЦИИ ПО ДЕЛАМ ГРАЖДАНСКОЙ ОБОРОНЫ, ЧРЕЗВЫЧАЙНЫМ СИТУАЦИЯМ И ЛИКВИДАЦИИ ПОСЛЕДСТВИЙ СТИХИЙНЫХ БЕДСТВИЙ ПО ПРИМОРС;7
"ООО ""ТВЕРЬ ВОДОКАНАЛ""";7
ООО «МК ЛИЗИНГ»;7
"САНКТ-ПЕТЕРБУРГСКОЕ ГОСУДАРСТВЕННОЕ КАЗЕННОЕ УЧРЕЖДЕНИЕ ""ПОЖАРНО-СПАСАТЕЛЬНЫЙ ОТРЯД ПРОТИВОПОЖАРНОЙ СЛУЖБЫ САНКТ-ПЕТЕРБУРГА ПО КИРОВСКОМУ РАЙОНУ САНКТ-ПЕТЕРБУРГ";7
"ФГУП ""ГОСКОРПОРАЦИЯ ПО ОРВД""";7
"КРАЕВОЕ ГОСУДАРСТВЕННОЕ КАЗЕННОЕ УЧРЕЖДЕНИЕ ""ЦЕНТР ГОСУДАРСТВЕННЫХ ЗАКУПОК ПРИМОРСКОГО КРАЯ""";7
ГЛАВНОЕ УПРАВЛЕНИЕ МИНИСТЕРСТВА РОССИЙСКОЙ ФЕДЕРАЦИИ ПО ДЕЛАМ ГРАЖДАНСКОЙ ОБОРОНЫ, ЧРЕЗВЫЧАЙНЫМ СИТУАЦИЯМ И ЛИКВИДАЦИИ ПОСЛЕДСТВИЙ СТИХИЙНЫХ БЕДСТВИЙ ПО МОСКОВС;7
"МУНИЦИПАЛЬНОЕ КАЗЕННОЕ УЧРЕЖДЕНИЕ ГОРОДСКОГО ОКРУГА ТОЛЬЯТТИ ""ЦЕНТР ХОЗЯЙСТВЕННО-ТРАНСПОРТНОГО ОБЕСПЕЧЕНИЯ""";7
"ФГУП ""КОМБИНАТ ""ЭЛЕКТРОХИМПРИБОР""";7
"ООО ""НПО ""ЦЕНТРОТЕХ""";7
"САНКТ-ПЕТЕРБУРГСКОЕ ГОСУДАРСТВЕННОЕ БЮДЖЕТНОЕ УЧРЕЖДЕНИЕ ЗДРАВООХРАНЕНИЯ ""ГОРОДСКАЯ ПОЛИКЛИНИКА № 54""";7
ПАО «Квадра»;7
"ООО ""РУСАТ""";7
ДЕПАРТАМЕНТ ИМУЩЕСТВЕННЫХ И ЗЕМЕЛЬНЫХ ОТНОШЕНИЙ ВЛАДИМИРСКОЙ ОБЛАСТИ;7
"АО ""АЭХК""";7
"ФГУП ""РФЯЦ - ВНИИТФ ИМ. АКАДЕМ. Е.И. ЗАБАБАХИНА""";7
"ООО ""ТРЕСТ РОССЭМ""";7
"АО ""ТРАНСНЕФТЬ-УРАЛ""";7
"МУНИЦИПАЛЬНОЕ КАЗЕННОЕ УЧРЕЖДЕНИЕ ""ЧИСТЫЙ ГОРОД""";7
МТУ РОСИМУЩЕСТВА В КУРСКОЙ И БЕЛГОРОДСКОЙ ОБЛАСТЯХ;7
"АО ""АВАНГАРД""";7
УПРАВЛЕНИЕ ВООРУЖЕНИЯ ФЕДЕРАЛЬНОЙ СЛУЖБЫ ОХРАНЫ РОССИЙСКОЙ ФЕДЕРАЦИИ;7
"ООО ""Транснефть - Порт Приморск""";7
"ФГУП ""ЦНИИХМ""";7
Немчур Александр Николаевич;7
"ГОСУДАРСТВЕННОЕ (ОБЛАСТНОЕ) БЮДЖЕТНОЕ УЧРЕЖДЕНИЕ ""УПРАВЛЕНИЕ ГОСУДАРСТВЕННОЙ ПРОТИВОПОЖАРНОЙ СПАСАТЕЛЬНОЙ СЛУЖБЫ ЛИПЕЦКОЙ ОБЛАСТИ""";7
"ГОСУДАРСТВЕННОЕ БЮДЖЕТНОЕ УЧРЕЖДЕНИЕ ЗДРАВООХРАНЕНИЯ ПСКОВСКОЙ ОБЛАСТИ ""ПСКОВСКИЙ ПЕРИНАТАЛЬНЫЙ ЦЕНТР""";7
"ГОСУДАРСТВЕННОЕ БЮДЖЕТНОЕ УЧРЕЖДЕНИЕ ЗДРАВООХРАНЕНИЯ СВЕРДЛОВСКОЙ ОБЛАСТИ ""ПРОТИВОТУБЕРКУЛЕЗНЫЙ ДИСПАНСЕР""";7
"ПАО ""Салют""";7
"ФЕДЕРАЛЬНОЕ ГОСУДАРСТВЕННОЕ КАЗЕННОЕ УЧРЕЖДЕНИЕ КОМБИНАТ ""БОРЕЦ"" УПРАВЛЕНИЯ ФЕДЕРАЛЬНОГО АГЕНТСТВА ПО ГОСУДАРСТВЕННЫМ РЕЗЕРВАМ ПО УРАЛЬСКОМУ ФЕДЕРАЛЬНОМУ ОКРУГУ";7
"ГОСУДАРСТВЕННОЕ КАЗЕННОЕ УЧРЕЖДЕНИЕ СВЕРДЛОВСКОЙ ОБЛАСТИ ""УПРАВЛЕНИЕ ЗДАНИЯМИ ПРАВИТЕЛЬСТВА СВЕРДЛОВСКОЙ ОБЛАСТИ""";7
"ГОСУДАРСТВЕННОЕ КАЗЕННОЕ УЧРЕЖДЕНИЕ ПЕРМСКОГО КРАЯ ""УПРАВЛЕНИЕ ГОСУДАРСТВЕННОЙ ПРОТИВОПОЖАРНОЙ СЛУЖБЫ ПЕРМСКОГО КРАЯ""";7
"ГОСУДАРСТВЕННОЕ БЮДЖЕТНОЕ УЧРЕЖДЕНИЕ ЗДРАВООХРАНЕНИЯ СВЕРДЛОВСКОЙ ОБЛАСТИ ""СВЕРДЛОВСКИЙ ОБЛАСТНОЙ КЛИНИЧЕСКИЙ ПСИХОНЕВРОЛОГИЧЕСКИЙ ГОСПИТАЛЬ ДЛЯ ВЕТЕРАНОВ ВОЙН""";7
"ГОСУДАРСТВЕННОЕ БЮДЖЕТНОЕ УЧРЕЖДЕНИЕ ЗДРАВООХРАНЕНИЯ ""НАУЧНО-ИССЛЕДОВАТЕЛЬСКИЙ ИНСТИТУТ - КРАЕВАЯ КЛИНИЧЕСКАЯ БОЛЬНИЦА № 1 ИМЕНИ ПРОФЕССОРА С.В.ОЧАПОВСКОГО"" МИН";7
"ФЕДЕРАЛЬНОЕ ГОСУДАРСТВЕННОЕ КАЗЕННОЕ УЧРЕЖДЕНИЕ ""30 ОТРЯД ФЕДЕРАЛЬНОЙ ПРОТИВОПОЖАРНОЙ СЛУЖБЫ ПО КРАСНОЯРСКОМУ КРАЮ""";7
"ПАО ""КЭМЗ""";7
Колочкова Асмик Давидовна;7
"ФЕДЕРАЛЬНОЕ ГОСУДАРСТВЕННОЕ БЮДЖЕТНОЕ ОБРАЗОВАТЕЛЬНОЕ УЧРЕЖДЕНИЕ ВЫСШЕГО ОБРАЗОВАНИЯ ""САМАРСКИЙ ГОСУДАРСТВЕННЫЙ МЕДИЦИНСКИЙ УНИВЕРСИТЕТ"" МИНИСТЕРСТВА ЗДРАВООХРА";7
"КРАЕВОЕ ГОСУДАРСТВЕННОЕ БЮДЖЕТНОЕ УЧРЕЖДЕНИЕ ЗДРАВООХРАНЕНИЯ ""АРСЕНЬЕВСКАЯ СТОМАТОЛОГИЧЕСКАЯ ПОЛИКЛИНИКА""";7
МИНИСТЕРСТВО ЭКОНОМИЧЕСКОГО РАЗВИТИЯ УЛЬЯНОВСКОЙ ОБЛАСТИ;7
"Клиника государственного бюджетного образовательного учреждения высшего профессионального образования ""Южно-Уральский государственный медицинский университет"" М";7
"муниципальное казенное учреждение ""Управление по делам гражданской обороны и чрезвычайным ситуациям города Ростова-на-Дону""";7
"федеральное казенное учреждение ""Сибирское окружное управление материально-технического снабжения Министерства внутренних дел Российской Федерации""";7
"федеральное казенное учреждение ""Войсковая часть 28178""";7
"АО ""360 АРЗ""";7
Суслин Григорий Иванович;7
"федеральное государственное унитарное предприятие ""Центральный институт авиационного моторостроения имени П.И. Баранова""";7
"Санкт-Петербургское государственное бюджетное учреждение здравоохранения ""Городская больница № 33""";7
"ГОСУДАРСТВЕННОЕ БЮДЖЕТНОЕ УЧРЕЖДЕНИЕ КРАСНОДАРСКОГО КРАЯ ""КРАЕВОЙ ЛЕСОПОЖАРНЫЙ ЦЕНТР""";7
"МУНИЦИПАЛЬНОЕ КАЗЕННОЕ УЧРЕЖДЕНИЕ ""ЦЕНТР ОРГАНИЗАЦИИ И ПРОВЕДЕНИЯ КОНКУРСНЫХ ПРОЦЕДУР"" ГОРОДСКОГО ОКРУГА ГОРОД УФА РЕСПУБЛИКИ БАШКОРТОСТАН";7
АО   Черномортранснефть;7
"АО ""ТРАНСНЕФТЬ - СЕВЕР""";6
"ООО ""ТРАНСНЕФТЬ - ДАЛЬНИЙ ВОСТОК""";6
"САНКТ-ПЕТЕРБУРГСКОЕ ГОСУДАРСТВЕННОЕ КАЗЕННОЕ УЧРЕЖДЕНИЕ ""ПОЖАРНО-СПАСАТЕЛЬНЫЙ ОТРЯД ПРОТИВОПОЖАРНОЙ СЛУЖБЫ САНКТ-ПЕТЕРБУРГА ПО ПУШКИНСКОМУ РАЙОНУ САНКТ-ПЕТЕРБУР";6
"АО ""ТРАНСНЕФТЬ - ВЕРХНЯЯ ВОЛГА""";6
"АО ""ВОДОКАНАЛ""";6
"ООО ""КМК""";6
УФПС Г.МОСКВЫ;6
ГЛАВНОЕ УПРАВЛЕНИЕ МИНИСТЕРСТВА РОССИЙСКОЙ ФЕДЕРАЦИИ ПО ДЕЛАМ ГРАЖДАНСКОЙ ОБОРОНЫ, ЧРЕЗВЫЧАЙНЫМ СИТУАЦИЯМ И ЛИКВИДАЦИИ ПОСЛЕДСТВИЙ СТИХИЙНЫХ БЕДСТВИЙ ПО РОСТОВС;6
"ООО ""КЭНК""";6
"МАУ ДО ""СШОР ""ОРЛЕНОК"" Г. ПЕРМИ";6
"САНКТ-ПЕТЕРБУРГСКОЕ ГОСУДАРСТВЕННОЕ БЮДЖЕТНОЕ УЧРЕЖДЕНИЕ ЗДРАВООХРАНЕНИЯ ""СТОМАТОЛОГИЧЕСКАЯ ПОЛИКЛИНИКА №4""";6
"МУНИЦИПАЛЬНОЕ КАЗЕННОЕ УЧРЕЖДЕНИЕ ""ЦЕНТР УЧЕТА И ОТЧЕТНОСТИ МУНИЦИПАЛЬНЫХ УЧРЕЖДЕНИЙ ГОРОДА КИРОВСКА""";6
"АО ""ЮТТС""";6
"ГОСУДАРСТВЕННОЕ БЮДЖЕТНОЕ УЧРЕЖДЕНИЕ ЯРОСЛАВСКОЙ ОБЛАСТИ ""ПОЖАРНО-СПАСАТЕЛЬНАЯ СЛУЖБА ЯРОСЛАВСКОЙ ОБЛАСТИ""";6
"ПАО ""Т ПЛЮС""";6
"АО ""ЮГОРСКИЙ ЛЕСОПРОМЫШЛЕННЫЙ ХОЛДИНГ""";6
"АО ""СКТБЭ""";6
"САНКТ-ПЕТЕРБУРГСКОЕ ГОСУДАРСТВЕННОЕ КАЗЕННОЕ УЧРЕЖДЕНИЕ ""ПОЖАРНО-СПАСАТЕЛЬНЫЙ ОТРЯД ПРОТИВОПОЖАРНОЙ СЛУЖБЫ САНКТ-ПЕТЕРБУРГА ПО ВЫБОРГСКОМУ РАЙОНУ САНКТ-ПЕТЕРБУР";6
"ФЕДЕРАЛЬНОЕ ГОСУДАРСТВЕННОЕ БЮДЖЕТНОЕ УЧРЕЖДЕНИЕ ""ГИДРОСПЕЦГЕОЛОГИЯ""";6
"ГОСУДАРСТВЕННОЕ КАЗЕННОЕ УЧРЕЖДЕНИЕ ПЕРМСКОГО КРАЯ ""ЦЕНТР ОРГАНИЗАЦИИ ЗАКУПОК""";6
"ФЕДЕРАЛЬНОЕ ГОСУДАРСТВЕННОЕ БЮДЖЕТНОЕ УЧРЕЖДЕНИЕ НАЦИОНАЛЬНЫЙ МЕДИЦИНСКИЙ ИССЛЕДОВАТЕЛЬСКИЙ ЦЕНТР ""ЦЕНТРАЛЬНЫЙ НАУЧНО-ИССЛЕДОВАТЕЛЬСКИЙ ИНСТИТУТ СТОМАТОЛОГИИ И";6
"ОАО ""СМЗ""";6
"САНКТ-ПЕТЕРБУРГСКОЕ ГОСУДАРСТВЕННОЕ КАЗЕННОЕ УЧРЕЖДЕНИЕ ""ПОЖАРНО-СПАСАТЕЛЬНЫЙ ОТРЯД ПРОТИВОПОЖАРНОЙ СЛУЖБЫ САНКТ-ПЕТЕРБУРГА ПО ПРИМОРСКОМУ РАЙОНУ САНКТ-ПЕТЕРБУР";6
"ГОСУДАРСТВЕННОЕ КАЗЕННОЕ УЧРЕЖДЕНИЕ РЕСПУБЛИКИ КАРЕЛИЯ ""ЦЕНТР ОРГАНИЗАЦИИ ЗАКУПОК РЕСПУБЛИКИ КАРЕЛИЯ И МОНИТОРИНГА В СФЕРЕ ЭКОНОМИКИ""";6
"САНКТ-ПЕТЕРБУРГСКОЕ ГОСУДАРСТВЕННОЕ КАЗЕННОЕ УЧРЕЖДЕНИЕ ""ПОЖАРНО-СПАСАТЕЛЬНЫЙ ОТРЯД ПРОТИВОПОЖАРНОЙ СЛУЖБЫ САНКТ-ПЕТЕРБУРГА ПО КРАСНОСЕЛЬСКОМУ РАЙОНУ САНКТ-ПЕТЕ";6
"ФЕДЕРАЛЬНОЕ ГОСУДАРСТВЕННОЕ БЮДЖЕТНОЕ ОБРАЗОВАТЕЛЬНОЕ УЧРЕЖДЕНИЕ ВЫСШЕГО ОБРАЗОВАНИЯ ""СТАВРОПОЛЬСКИЙ ГОСУДАРСТВЕННЫЙ МЕДИЦИНСКИЙ УНИВЕРСИТЕТ"" МИНИСТЕРСТВА ЗДРАВ";6
"ПАО ""ПРОЛЕТАРСКИЙ ЗАВОД""";6
"ПАО ""АСЗ""";6
"АО ""10 СРЗ""";6
"ЯМАЛО-НЕНЕЦКОЕ ОКРУЖНОЕ УПРАВЛЕНИЕ ВОДНЫХ ПУТЕЙ И СУДОХОДСТВА-ФИЛИАЛ ФЕДЕРАЛЬНОГО БЮДЖЕТНОГО УЧРЕЖДЕНИЯ ""АДМИНИСТРАЦИЯ ОБЬ-ИРТЫШСКОГО БАССЕЙНА ВНУТРЕННИХ ВОДНЫХ";6
"ФЕДЕРАЛЬНОЕ ГОСУДАРСТВЕННОЕ БЮДЖЕТНОЕ УЧРЕЖДЕНИЕ ""АВИАЦИОННО-СПАСАТЕЛЬНАЯ КОМПАНИЯ МИНИСТЕРСТВА РОССИЙСКОЙ ФЕДЕРАЦИИ ПО ДЕЛАМ ГРАЖДАНСКОЙ ОБОРОНЫ,ЧРЕЗВЫЧАЙНЫМ С";6
"ООО ""ТОРГМАСТЕР""";6
ГЛАВНОЕ УПРАВЛЕНИЕ МИНИСТЕРСТВА РОССИЙСКОЙ ФЕДЕРАЦИИ ПО ДЕЛАМ ГРАЖДАНСКОЙ ОБОРОНЫ, ЧРЕЗВЫЧАЙНЫМ СИТУАЦИЯМ И ЛИКВИДАЦИИ ПОСЛЕДСТВИЙ СТИХИЙНЫХ БЕДСТВИЙ ПО ВОРОНЕЖ;6
"ЧЕБОКСАРСКИЙ РАЙОН ГИДРОТЕХНИЧЕСКИХ СООРУЖЕНИЙ И СУДОХОДСТВА - ФИЛИАЛ ФЕДЕРАЛЬНОГО БЮДЖЕТНОГО УЧРЕЖДЕНИЯ ""АДМИНИСТРАЦИЯ ВОЛЖСКОГО БАССЕЙНА ВНУТРЕННИХ ВОДНЫХ ПУТ";6
"АО ""НИИП""";6
"ФЕДЕРАЛЬНОЕ ГОСУДАРСТВЕННОЕ БЮДЖЕТНОЕ УЧРЕЖДЕНИЕ ""УПРАВЛЕНИЕ ПО ЭКСПЛУАТАЦИИ ЗДАНИЙ В СЕВЕРО-ЗАПАДНОМ ФЕДЕРАЛЬНОМ ОКРУГЕ"" УПРАВЛЕНИЯ ДЕЛАМИ ПРЕЗИДЕНТА РОССИЙСКО";6
"ФЕДЕРАЛЬНОЕ КАЗЕННОЕ УЧРЕЖДЕНИЕ ""СЕВЕРО-КАВКАЗСКОЕ ОКРУЖНОЕ УПРАВЛЕНИЕ МАТЕРИАЛЬНО-ТЕХНИЧЕСКОГО СНАБЖЕНИЯ МИНИСТЕРСТВА ВНУТРЕННИХ ДЕЛ РОССИЙСКОЙ ФЕДЕРАЦИИ""";6
"ФГУП ""РФЯЦ - ВНИИЭФ""";6
Болдин Владимир Анатольевич;6
"МУП ""БОРОВИЧСКИЙ ВОДОКАНАЛ""";6
"АО ""ВПК ""НПО МАШИНОСТРОЕНИЯ""";6
"СПб ГБУ ""Мостотрест""";6
АО «Кронштадтский морской завод»;6
ГЛАВНОЕ УПРАВЛЕНИЕ МИНИСТЕРСТВА РОССИЙСКОЙ ФЕДЕРАЦИИ ПО ДЕЛАМ ГРАЖДАНСКОЙ ОБОРОНЫ, ЧРЕЗВЫЧАЙНЫМ СИТУАЦИЯМ И ЛИКВИДАЦИИ ПОСЛЕДСТВИЙ СТИХИЙНЫХ БЕДСТВИЙ ПО НИЖЕГОР;6
ООО «Сенгилеевский цементный завод»;6
"ФЕДЕРАЛЬНОЕ ГОСУДАРСТВЕННОЕ БЮДЖЕТНОЕ ОБРАЗОВАТЕЛЬНОЕ УЧРЕЖДЕНИЕ ""МЕЖДУНАРОДНЫЙ ДЕТСКИЙ ЦЕНТР ""АРТЕК""";6
"ФГУП""РНИИРС"" ИЛИ ФГУП""ФЕДЕРАЛЬНЫЙ НАУЧНО-ПРОИЗВОДСТВЕННЫЙ ЦЕНТР РНИИРС""";6
"ФЕДЕРАЛЬНОЕ КАЗЕННОЕ УЧРЕЖДЕНИЕ ""ИСПРАВИТЕЛЬНАЯ КОЛОНИЯ № 7 УПРАВЛЕНИЯ ФЕДЕРАЛЬНОЙ СЛУЖБЫ ИСПОЛНЕНИЯ НАКАЗАНИЙ ПО РЕСПУБЛИКЕ БАШКОРТОСТАН""";6
"ФЕДЕРАЛЬНОЕ ГОСУДАРСТВЕННОЕ КАЗЕННОЕ УЧРЕЖДЕНИЕ ""СИБИРСКИЙ СПАСАТЕЛЬНЫЙ ЦЕНТР МЧС РОССИИ""";6
"ФЕДЕРАЛЬНОЕ ГОСУДАРСТВЕННОЕ КАЗЕННОЕ УЧРЕЖДЕНИЕ ""14 ОТРЯД ФЕДЕРАЛЬНОЙ ПРОТИВОПОЖАРНОЙ СЛУЖБЫ ПО КРАСНОДАРСКОМУ КРАЮ""";6
ГОСУДАРСТВЕННОЕ БЮДЖЕТНОЕ УЧРЕЖДЕНИЕ ЗДРАВООХРАНЕНИЯ РЕСПУБЛИКИ БАШКОРТОСТАН СТОМАТОЛОГИЧЕСКАЯ ПОЛИКЛИНИКА № 6 ГОРОДА УФА;6
"КАЗЕННОЕ УЧРЕЖДЕНИЕ ОМСКОЙ ОБЛАСТИ ""ЦЕНТР ПО ОСУЩЕСТВЛЕНИЮ ЗАКУПОК ТОВАРОВ, РАБОТ, УСЛУГ В СФЕРЕ ЗДРАВООХРАНЕНИЯ""";6
"ФЕДЕРАЛЬНОЕ ГОСУДАРСТВЕННОЕ БЮДЖЕТНОЕ УЧРЕЖДЕНИЕ ЗДРАВООХРАНЕНИЯ ""СЕВЕРНЫЙ МЕДИЦИНСКИЙ КЛИНИЧЕСКИЙ ЦЕНТР ИМЕНИ Н.А. СЕМАШКО ФЕДЕРАЛЬНОГО МЕДИКО-БИОЛОГИЧЕСКОГО А";6
Пашкова Олена Алексеевна;6
ИП КРИВОВ АЛЕКСАНДР ИВАНОВИЧ;6
ФГАОУ ВО НИ ТПУ, ТПУ, НАЦИОНАЛЬНЫЙ ИССЛЕДОВАТЕЛЬСКИЙ ТОМСКИЙ ПОЛИТЕХНИЧЕСКИЙ УНИВЕРСИТЕТ, ТОМСКИЙ ПОЛИТЕХНИЧЕСКИЙ УНИВЕРСИТЕТ;6
"ФКП ""ВГКЗХЕ""";6
"Администрация муниципального образования ""Северодвинск""";6
ООО   ВОЗДЕЙСТВИЕ;6
ИТ СО РАН;6
"ОТКРЫТОЕ АКЦИОНЕРНОЕ ОБЩЕСТВО ""ЕКАТЕРИНБУРГГАЗ""";6
Департамент государственных закупок Кировской области;6
"ГОСУДАРСТВЕННОЕ КАЗЕННОЕ УЧРЕЖДЕНИЕ РОСТОВСКОЙ ОБЛАСТИ ""ПРОТИВОПОЖАРНАЯ СЛУЖБА РОСТОВСКОЙ ОБЛАСТИ""";6
"ООО ""ИСТЕЙТ МЕНЕДЖМЕНТ ГРУП""";6
"КРАЕВОЕ ГОСУДАРСТВЕННОЕ БЮДЖЕТНОЕ УЧРЕЖДЕНИЕ ЗДРАВООХРАНЕНИЯ ""ВЛАДИВОСТОКСКАЯ КЛИНИЧЕСКАЯ БОЛЬНИЦА № 1""";6
ДЕПАРТАМЕНТ ИМУЩЕСТВЕННЫХ И ЖИЛИЩНЫХ ОТНОШЕНИЙ;6
"ГОСУДАРСТВЕННОЕ КАЗЕННОЕ УЧРЕЖДЕНИЕ ""ЦЕНТРАЛЬНЫЙ КЛИНИЧЕСКИЙ ГОСПИТАЛЬ ФТС РОССИИ""";6
АДМИНИСТРАЦИЯ МУНИЦИПАЛЬНОГО ОБРАЗОВАНИЯ СЛАВЯНСКИЙ РАЙОН;6
ООО   КАПИТАЛ;6
Администрация Ртищевского муниципального района Саратовской области;6
"государственное казенное учреждение ""Центральная поликлиника ФТС России""";6
"ОБЛАСТНОЕ ГОСУДАРСТВЕННОЕ КАЗЁННОЕ УЧРЕЖДЕНИЕ ""УПРАВЛЕНИЕ ДЕЛАМИ УЛЬЯНОВСКОЙ ОБЛАСТИ""";5
"ООО ""МРИЯ""";5
"ГОСУДАРСТВЕННОЕ БЮДЖЕТНОЕ УЧРЕЖДЕНИЕ ЗДРАВООХРАНЕНИЯ ПЕРМСКОГО КРАЯ ""ГОРОДСКАЯ КЛИНИЧЕСКАЯ БОЛЬНИЦА ИМ. М.А. ТВЕРЬЕ""";5
"ГОСУДАРСТВЕННОЕ УЧРЕЖДЕНИЕ ЗДРАВООХРАНЕНИЯ САРАТОВСКОЙ ОБЛАСТИ ""БАЛАКОВСКАЯ ГОРОДСКАЯ КЛИНИЧЕСКАЯ БОЛЬНИЦА""";5
"САНКТ-ПЕТЕРБУРГСКОЕ ГОСУДАРСТВЕННОЕ КАЗЕННОЕ УЧРЕЖДЕНИЕ ""ПОЖАРНО-СПАСАТЕЛЬНЫЙ ОТРЯД ПРОТИВОПОЖАРНОЙ СЛУЖБЫ САНКТ-ПЕТЕРБУРГА ПО МОСКОВСКОМУ РАЙОНУ САНКТ-ПЕТЕРБУР";5
"МКП Г.НЯГАНИ ""НРК""";5
"АО ""КРОНШТАДТ""";5
"ФЕДЕРАЛЬНОЕ ГОСУДАРСТВЕННОЕ КАЗЕННОЕ УЧРЕЖДЕНИЕ ""СПЕЦИАЛЬНОЕ УПРАВЛЕНИЕ ФЕДЕРАЛЬНОЙ ПРОТИВОПОЖАРНОЙ СЛУЖБЫ № 48 МИНИСТЕРСТВА РОССИЙСКОЙ ФЕДЕРАЦИИ ПО ДЕЛАМ ГРАЖД";5
"ГОСУДАРСТВЕННОЕ БЮДЖЕТНОЕ УЧРЕЖДЕНИЕ ЗДРАВООХРАНЕНИЯ ПЕРМСКОГО КРАЯ ""ЧАЙКОВСКАЯ СТОМАТОЛОГИЧЕСКАЯ ПОЛИКЛИНИКА""";5
"ФЕДЕРАЛЬНОЕ КАЗЕННОЕ УЧРЕЖДЕНИЕ ""ИСПРАВИТЕЛЬНАЯ КОЛОНИЯ № 28 ГЛАВНОГО УПРАВЛЕНИЯ ФЕДЕРАЛЬНОЙ СЛУЖБЫ ИСПОЛНЕНИЯ НАКАЗАНИЙ ПО ПЕРМСКОМУ КРАЮ""";5
"АО ""СЕВЕРРЕЧФЛОТ""";5
"МУНИЦИПАЛЬНОЕ КАЗЕННОЕ УЧРЕЖДЕНИЕ ""УПРАВЛЕНИЕ МУНИЦИПАЛЬНОГО ЗАКАЗА ГОРОДА ЛИПЕЦКА""";5
МИНИСТЕРСТВО КОНКУРЕНТНОЙ ПОЛИТИКИ ЯРОСЛАВСКОЙ ОБЛАСТИ;5
"ГОСУДАРСТВЕННОЕ КАЗЕННОЕ УЧРЕЖДЕНИЕ ВОЛОГОДСКОЙ ОБЛАСТИ ""ЦЕНТР ЗАКУПОК""";5
СЕДЬМОЙ АРБИТРАЖНЫЙ АПЕЛЛЯЦИОННЫЙ СУД;5
"ООО ""ЛОВОЗЕРСКИЙ ГОК""";5
"МУП ""ИПТ""";5
"ТУАПСИНСКИЙ ПОИСКОВО-СПАСАТЕЛЬНЫЙ ОТРЯД МЧС РОССИИ (ФИЛИАЛ ФЕДЕРАЛЬНОГО ГОСУДАРСТВЕННОГО КАЗЕННОГО УЧРЕЖДЕНИЯ ""ЮЖНЫЙ РЕГИОНАЛЬНЫЙ ПОИСКОВО-СПАСАТЕЛЬНЫЙ ОТРЯД МЧ";5
"Тихоокеанский филиал ФГБНУ ""ВНИРО"" (""ТИНРО"")";5
НКРВПС;5
"СОСНОВЕЦКИЙ РАЙОН ГИДРОСООРУЖЕНИЙ-ФИЛИАЛ ФЕДЕРАЛЬНОГО БЮДЖЕТНОГО УЧРЕЖДЕНИЯ ""АДМИНИСТРАЦИЯ БЕЛОМОРСКО-ОНЕЖСКОГО БАССЕЙНА ВНУТРЕННИХ ВОДНЫХ ПУТЕЙ""";5
"ФЕДЕРАЛЬНОЕ КАЗЕННОЕ УЧРЕЖДЕНИЕ ""ИСПРАВИТЕЛЬНАЯ КОЛОНИЯ № 15 ГЛАВНОГО УПРАВЛЕНИЯ ФЕДЕРАЛЬНОЙ СЛУЖБЫ ИСПОЛНЕНИЯ НАКАЗАНИЙ ПО КРАСНОЯРСКОМУ КРАЮ""";5
"Филиал ""Судоремонтный завод"" Нерпа""";5
"ФЕДЕРАЛЬНОЕ КАЗЕННОЕ УЧРЕЖДЕНИЕ ЗДРАВООХРАНЕНИЯ ""МЕДИКО-САНИТАРНАЯ ЧАСТЬ МИНИСТЕРСТВА ВНУТРЕННИХ ДЕЛ РОССИЙСКОЙ ФЕДЕРАЦИИ ПО ХАБАРОВСКОМУ КРАЮ""";5
"ФЕДЕРАЛЬНОЕ КАЗЕННОЕ УЧРЕЖДЕНИЕ ""ГЛАВНОЕ БЮРО МЕДИКО-СОЦИАЛЬНОЙ ЭКСПЕРТИЗЫ ПО МАГАДАНСКОЙ ОБЛАСТИ"" МИНИСТЕРСТВА ТРУДА И СОЦИАЛЬНОЙ ЗАЩИТЫ РОССИЙСКОЙ ФЕДЕРАЦИИ";5
"ГБУЗ СО ""Белоярская ЦРБ""";5
"АО ""Атомспецтранс""";5
"ООО ""КОЛЬСКАЯ АЭС-АВТО""";5
"ООО ""ЭНКИ""";5
"ПАО ""ТАТНЕФТЬ"" ИМ. В.Д. ШАШИНА";5
"АО ИК ""АСЭ""";5
АО 'Тепличное';5
"АО ""АТОМЭНЕРГОРЕМОНТ""";5
АО АСЭ;5
"ФГУП ""ФЭО""";5
ФГБНУ ФНЦ ВНИИМК;5
КУИ БГО;5
"ФЕДЕРАЛЬНОЕ ГОСУДАРСТВЕННОЕ БЮДЖЕТНОЕ УЧРЕЖДЕНИЕ ""АВТОБАЗА № 2"" УПРАВЛЕНИЯ ДЕЛАМИ ПРЕЗИДЕНТА РОССИЙСКОЙ ФЕДЕРАЦИИ";5
"АО ""ЦКБМ""";5
"АО ""Салют""";5
"САНКТ-ПЕТЕРБУРГСКОЕ ГОСУДАРСТВЕННОЕ БЮДЖЕТНОЕ УЧРЕЖДЕНИЕ ЗДРАВООХРАНЕНИЯ ""РОДИЛЬНЫЙ ДОМ №17""";5
"ГОСУДАРСТВЕННОЕ БЮДЖЕТНОЕ УЧРЕЖДЕНИЕ ЗДРАВООХРАНЕНИЯ МОСКОВСКОЙ ОБЛАСТИ ""РАМЕНСКАЯ ЦЕНТРАЛЬНАЯ РАЙОННАЯ БОЛЬНИЦА""";5
"ООО ""СМУ №1""";5
Комитет по управлению муниципальным имуществом Кстовского муниципального района;5
"ФЕДЕРАЛЬНОЕ ГОСУДАРСТВЕННОЕ БЮДЖЕТНОЕ УЧРЕЖДЕНИЕ ""НАЦИОНАЛЬНЫЙ МЕДИЦИНСКИЙ ИССЛЕДОВАТЕЛЬСКИЙ ЦЕНТР ОНКОЛОГИИ ИМЕНИ Н.Н. БЛОХИНА"" МИНИСТЕРСТВА ЗДРАВООХРАНЕНИЯ РО";5
"ФЕДЕРАЛЬНОЕ ГОСУДАРСТВЕННОЕ БЮДЖЕТНОЕ ОБРАЗОВАТЕЛЬНОЕ УЧРЕЖДЕНИЕ ВЫСШЕГО ОБРАЗОВАНИЯ ""РОССИЙСКИЙ ХИМИКО-ТЕХНОЛОГИЧЕСКИЙ УНИВЕРСИТЕТ ИМЕНИ Д.И. МЕНДЕЛЕЕВА""";5
"Филиал АО ""Концерн Росэнергоатом"" ""Смоленская атомная станция""";5
"ГОСУДАРСТВЕННОЕ БЮДЖЕТНОЕ УЧРЕЖДЕНИЕ КРАСНОДАРСКОГО КРАЯ ""ДИРЕКЦИЯ ПО ЭКСПЛУАТАЦИИ СПОРТИВНЫХ СООРУЖЕНИЙ""";5
"МУП ""ВОДОКАНАЛ Г.ГЛАЗОВА""";5
"ФЕДЕРАЛЬНОЕ ГОСУДАРСТВЕННОЕ БЮДЖЕТНОЕ ОБРАЗОВАТЕЛЬНОЕ УЧРЕЖДЕНИЕ ВЫСШЕГО ОБРАЗОВАНИЯ ""СЕВЕРО-ЗАПАДНЫЙ ГОСУДАРСТВЕННЫЙ МЕДИЦИНСКИЙ УНИВЕРСИТЕТ ИМЕНИ И.И. МЕЧНИКО";5
"ФЕДЕРАЛЬНОЕ ГОСУДАРСТВЕННОЕ КАЗЕННОЕ УЧРЕЖДЕНИЕ ""2 ОТРЯД ФЕДЕРАЛЬНОЙ ПРОТИВОПОЖАРНОЙ СЛУЖБЫ ПО РЕСПУБЛИКЕ КОМИ""";5
"ФЕДЕРАЛЬНОЕ КАЗЕННОЕ УЧРЕЖДЕНИЕ ""СИБИРСКОЕ ОКРУЖНОЕ УПРАВЛЕНИЕ МАТЕРИАЛЬНО-ТЕХНИЧЕСКОГО СНАБЖЕНИЯ МИНИСТЕРСТВА ВНУТРЕННИХ ДЕЛ РОССИЙСКОЙ ФЕДЕРАЦИИ""";5
"МУРМАНСКОЕ МУНИЦИПАЛЬНОЕ КАЗЕННОЕ УЧРЕЖДЕНИЕ ""УПРАВЛЕНИЕ ЗАКУПОК""";5
"ФЕДЕРАЛЬНОЕ ГОСУДАРСТВЕННОЕ КАЗЕННОЕ УЧРЕЖДЕНИЕ ""1 ОТРЯД ФЕДЕРАЛЬНОЙ ПРОТИВОПОЖАРНОЙ СЛУЖБЫ ПО УДМУРТСКОЙ РЕСПУБЛИКЕ""";5
"ООО ""ЦЭИ АБАШ""";5
"ФЕДЕРАЛЬНОЕ ГОСУДАРСТВЕННОЕ КАЗЕННОЕ УЧРЕЖДЕНИЕ ЗДРАВООХРАНЕНИЯ ""ГЛАВНЫЙ ВОЕННЫЙ КЛИНИЧЕСКИЙ ГОСПИТАЛЬ ВОЙСК НАЦИОНАЛЬНОЙ ГВАРДИИ РОССИЙСКОЙ ФЕДЕРАЦИИ""";5
Метлицкий Игорь Иосифович;5
"ФЕДЕРАЛЬНОЕ ГОСУДАРСТВЕННОЕ КАЗЕННОЕ УЧРЕЖДЕНИЕ ""1 ОТРЯД ФЕДЕРАЛЬНОЙ ПРОТИВОПОЖАРНОЙ СЛУЖБЫ ПО РЕСПУБЛИКЕ ХАКАСИЯ""";5
"ГОСУДАРСТВЕННОЕ БЮДЖЕТНОЕ УЧРЕЖДЕНИЕ ЗДРАВООХРАНЕНИЯ ""КРАЕВАЯ ДЕТСКАЯ СТОМАТОЛОГИЧЕСКАЯ ПОЛИКЛИНИКА""";5
"САНКТ-ПЕТЕРБУРГСКОЕ ГОСУДАРСТВЕННОЕ БЮДЖЕТНОЕ УЧРЕЖДЕНИЕ ""ЦЕНТР СОЦИАЛЬНОЙ РЕАБИЛИТАЦИИ ИНВАЛИДОВ""";5
"ГОСУДАРСТВЕННОЕ БЮДЖЕТНОЕ УЧРЕЖДЕНИЕ ЗДРАВООХРАНЕНИЯ РЕСПУБЛИКИ КАРЕЛИЯ ""ДЕТСКАЯ РЕСПУБЛИКАНСКАЯ БОЛЬНИЦА""";5
"федеральное государственное казенное учреждение ""Пограничное управление Федеральной службы безопасности Российской Федерации по Республике Бурятия""";5
"ФЕДЕРАЛЬНОЕ ГОСУДАРСТВЕННОЕ УНИТАРНОЕ ПРЕДПРИЯТИЕ ""НАУЧНО-ПРОИЗВОДСТВЕННЫЙ ЦЕНТР АВТОМАТИКИ И ПРИБОРОСТРОЕНИЯ ИМЕНИ АКАДЕМИКА Н.А.ПИЛЮГИНА""";5
"ОАО ""514 АРЗ""";5
МИНИСТЕРСТВО ЭКОНОМИЧЕСКОГО РАЗВИТИЯ, ПРОМЫШЛЕННОЙ ПОЛИТИКИ И ТОРГОВЛИ ОРЕНБУРГСКОЙ ОБЛАСТИ;5
ООО 'ЭТП';5
Государственное учреждение - Приморское региональное отделение Фонда социального страхования Российской Федерации;5
ГОСУДАРСТВЕННОЕ УЧРЕЖДЕНИЕ - КУЗБАССКОЕ РЕГИОНАЛЬНОЕ ОТДЕЛЕНИЕ ФОНДА СОЦИАЛЬНОГО СТРАХОВАНИЯ РОССИЙСКОЙ ФЕДЕРАЦИИ;5
Сибирский региональный центр по делам гражданской обороны, чрезвычайным ситуациям и ликвидации последствий стихийных бедствий;5
"государственное бюджетное образовательное учреждение высшего профессионального образования ""Красноярский государственный медицинский университет имени профессор";5
"Государственное бюджетное учреждение здравоохранения Республики Карелия ""Больница скорой медицинской помощи""";5
"федеральное государственное казенное учреждение ""Специальное управление федеральной противопожарной службы № 79 Министерства Российской Федерации по делам гражд";5
"федеральное государственное бюджетное учреждение ""Всероссийский центр экстренной и радиационной медицины имени А.М. Никифорова"" Министерства Российской Федераци";5
ООО КК «АРЕНА»;5
государственное казенное учреждение Приморского края по пожарной безопасности, делам гражданской обороны, защите населения и территорий от чрезвычайных ситуаций;5
"федеральное государственное бюджетное учреждение ""Федеральный центр травматологии, ортопедии и эндопротезирования"" Министерства здравоохранения Российской Федер";5
ООО 'Олета';5
"федеральное государственное казенное учреждение ""5 отряд федеральной противопожарной службы по Ульяновской области""";5
Мокрушев Руслан Борисович;5
Министерство экономики Ульяновской области;5
"Государственное бюджетное образовательное учреждение высшего профессионального образования ""Башкирский государственный медицинский университет"" Министерства здр";5
Государственное учреждение - Санкт-Петербургское региональное отделение Фонда социального страхования Российской Федерации;5
Министерство внутренних дел Российской Федерации;5
"МУНИЦИПАЛЬНОЕ КАЗЕННОЕ УЧРЕЖДЕНИЕ ""ЦЕНТР ОБЕСПЕЧЕНИЯ ДЕЯТЕЛЬНОСТИ АДМИНИСТРАЦИИ КАМЫШЛОВСКОГО ГОРОДСКОГО ОКРУГА""";5
администрация Череповецкого муниципального района;5
ТУ Росимущества в Амурской области;5
"КРАЕВОЕ ГОСУДАРСТВЕННОЕ  БЮДЖЕТНОЕ УЧРЕЖДЕНИЕ ЗДРАВООХРАНЕНИЯ ""ВЛАДИВОСТОКСКАЯ КЛИНИЧЕСКАЯ БОЛЬНИЦА № 4 """;5
АДМИНИСТРАЦИЯ ВЕРХНЕБУРЕИНСКОГО МУНИЦИПАЛЬНОГО РАЙОНА ХАБАРОВСКОГО КРАЯ;5
КОМИТЕТ ГОСУДАРСТВЕННОГО ЗАКАЗА ПРАВИТЕЛЬСТВА ХАБАРОВСКОГО КРАЯ;5
"ФГУП ""ГХК""";5
"САНКТ-ПЕТЕРБУРГСКОЕ ГОСУДАРСТВЕННОЕ БЮДЖЕТНОЕ УЧРЕЖДЕНИЕ ЗДРАВООХРАНЕНИЯ ""ГОРОДСКОЙ КОНСУЛЬТАТИВНО-ДИАГНОСТИЧЕСКИЙ ЦЕНТР № 1""";5
"КОГАОУ ""СШ ""Юность""";5
"ГОСУДАРСТВЕННОЕ КАЗЕННОЕ УЧРЕЖДЕНИЕ ""ЦЕНТРАЛЬНАЯ ПОЛИКЛИНИКА ФТС РОССИИ""";5
"ООО ""РЕГИОНАЛЬНОЕ ДОЛГОВОЕ АГЕНТСТВО""";5
ГЦМПП - филиал ФГУП 'Почта России';5
"Санкт-Петербургское государственное бюджетное учреждение здравоохранения ""Городская Покровская больница""";5
"государственное бюджетное учреждение здравоохранения Свердловской области ""Научно-практический центр специализированных видов медицинской помощи ""Уральский инст";5
"Государственное образовательное учреждение высшего профессионального образования ""Санкт-Петербургский государственный медицинский университет имени академика И.";5
"ООО ""УК ""ЭВОЛЮЦИЯ""";4
"ООО ""НОВО-РЯЗАНСКАЯ ТЭЦ""";4
"АО ""ПОЧТА РОССИИ""";4
УФПС Г. САНКТ-ПЕТЕРБУРГА И ЛЕНИНГРАДСКОЙ ОБЛАСТИ;4
"САНКТ-ПЕТЕРБУРГСКОЕ ГОСУДАРСТВЕННОЕ КАЗЕННОЕ УЧРЕЖДЕНИЕ ""ПОЖАРНО-СПАСАТЕЛЬНЫЙ ОТРЯД ПРОТИВОПОЖАРНОЙ СЛУЖБЫ САНКТ-ПЕТЕРБУРГА ПО ЦЕНТРАЛЬНОМУ РАЙОНУ САНКТ-ПЕТЕРБУ";4
"ФЕДЕРАЛЬНОЕ ГОСУДАРСТВЕННОЕ БЮДЖЕТНОЕ УЧРЕЖДЕНИЕ ЗДРАВООХРАНЕНИЯ ""ПЕРМСКИЙ КЛИНИЧЕСКИЙ ЦЕНТР ФЕДЕРАЛЬНОГО МЕДИКО-БИОЛОГИЧЕСКОГО АГЕНТСТВА""";4
"ОБЛАСТНОЕ ГОСУДАРСТВЕННОЕ КАЗЁННОЕ УЧРЕЖДЕНИЕ ""СЛУЖБА ГРАЖДАНСКОЙ ЗАЩИТЫ И ПОЖАРНОЙ БЕЗОПАСНОСТИ УЛЬЯНОВСКОЙ ОБЛАСТИ""";4
"ООО ""ВК ""МАНЖЕРОК""";4
"ФЕДЕРАЛЬНОЕ КАЗЕННОЕ УЧРЕЖДЕНИЕ ""ИСПРАВИТЕЛЬНАЯ КОЛОНИЯ № 3 УПРАВЛЕНИЯ ФЕДЕРАЛЬНОЙ СЛУЖБЫ ИСПОЛНЕНИЯ НАКАЗАНИЙ ПО ЯМАЛО-НЕНЕЦКОМУ АВТОНОМНОМУ ОКРУГУ""";4
ГЛАВНОЕ УПРАВЛЕНИЕ МИНИСТЕРСТВА РОССИЙСКОЙ ФЕДЕРАЦИИ ПО ДЕЛАМ ГРАЖДАНСКОЙ ОБОРОНЫ, ЧРЕЗВЫЧАЙНЫМ СИТУАЦИЯМ И ЛИКВИДАЦИИ ПОСЛЕДСТВИЙ СТИХИЙНЫХ БЕДСТВИЙ ПО КАМЧАТС;4
"КРАСНОЯРСКИЙ ФИЛИАЛ АО ""АТОМСПЕЦТРАНС""";4
"БАЛАКОВСКИЙ РАЙОН ГИДРОТЕХНИЧЕСКИХ СООРУЖЕНИЙ И СУДОХОДСТВА - ФИЛИАЛ ФЕДЕРАЛЬНОГО БЮДЖЕТНОГО УЧРЕЖДЕНИЯ ""АДМИНИСТРАЦИЯ ВОЛЖСКОГО БАССЕЙНА ВНУТРЕННИХ ВОДНЫХ ПУТЕ";4
"МУП ""ЖИЛКОМУСЛУГИ""";4
"ФГАУ ""ОК ""ДАГОМЫС""";4
"ФБУ ""РОСТОВСКИЙ ЦСМ""";4
"ООО ""ТРАНСНЕФТЬ - БАЛТИКА""";4
ГЛАВНОЕ УПРАВЛЕНИЕ МИНИСТЕРСТВА РОССИЙСКОЙ ФЕДЕРАЦИИ ПО ДЕЛАМ ГРАЖДАНСКОЙ ОБОРОНЫ, ЧРЕЗВЫЧАЙНЫМ СИТУАЦИЯМ И ЛИКВИДАЦИИ ПОСЛЕДСТВИЙ СТИХИЙНЫХ БЕДСТВИЙ ПО УЛЬЯНОВ;4
АДМИНИСТРАЦИЯ ТАЗОВСКОГО РАЙОНА;4
"ГОСУДАРСТВЕННОЕ БЮДЖЕТНОЕ УЧРЕЖДЕНИЕ ЗДРАВООХРАНЕНИЯ ПЕРМСКОГО КРАЯ ""ОРДЕНА ""ЗНАК ПОЧЁТА"" ПЕРМСКАЯ КРАЕВАЯ КЛИНИЧЕСКАЯ БОЛЬНИЦА""";4
"ГОСУДАРСТВЕННОЕ БЮДЖЕТНОЕ УЧРЕЖДЕНИЕ ЗДРАВООХРАНЕНИЯ РЕСПУБЛИКИ КАРЕЛИЯ ""МЕДВЕЖЬЕГОРСКАЯ ЦЕНТРАЛЬНАЯ РАЙОННАЯ БОЛЬНИЦА""";4
"МУП ""ТВК""";4
"ФЕДЕРАЛЬНОЕ ГОСУДАРСТВЕННОЕ КАЗЕННОЕ УЧРЕЖДЕНИЕ ""СПЕЦИАЛЬНОЕ УПРАВЛЕНИЕ ФЕДЕРАЛЬНОЙ ПРОТИВОПОЖАРНОЙ СЛУЖБЫ № 22 МИНИСТЕРСТВА РОССИЙСКОЙ ФЕДЕРАЦИИ ПО ДЕЛАМ ГРАЖД";4
"ГОСУДАРСТВЕННОЕ БЮДЖЕТНОЕ УЧРЕЖДЕНИЕ ЗДРАВООХРАНЕНИЯ ПЕРМСКОГО КРАЯ ""НЫТВЕНСКАЯ РАЙОННАЯ БОЛЬНИЦА""";4
"ГОСУДАРСТВЕННОЕ УЧРЕЖДЕНИЕ ЗДРАВООХРАНЕНИЯ ""ЛИПЕЦКАЯ ГОРОДСКАЯ БОЛЬНИЦА № 4 ""ЛИПЕЦК-МЕД""";4
"ФЕДЕРАЛЬНОЕ БЮДЖЕТНОЕ ЛЕЧЕБНО-ПРОФИЛАКТИЧЕСКОЕ УЧРЕЖДЕНИЕ ""САНАТОРИЙ ""ЭЛЛАДА"" ФЕДЕРАЛЬНОЙ НАЛОГОВОЙ СЛУЖБЫ""";4
МКП ЯО;4
"ФЕДЕРАЛЬНОЕ ГОСУДАРСТВЕННОЕ БЮДЖЕТНОЕ УЧРЕЖДЕНИЕ ""НАЦИОНАЛЬНЫЙ МЕДИЦИНСКИЙ ИССЛЕДОВАТЕЛЬСКИЙ ЦЕНТР ДЕТСКОЙ ГЕМАТОЛОГИИ, ОНКОЛОГИИ И ИММУНОЛОГИИ ИМЕНИ ДМИТРИЯ РО";4
"ФИЛИАЛ ""СУДОРЕМОНТНЫЙ ЗАВОД ""НЕРПА""";4
"ФЕДЕРАЛЬНОЕ КАЗЕННОЕ УЧРЕЖДЕНИЕ ""ИСПРАВИТЕЛЬНАЯ КОЛОНИЯ № 29 ГЛАВНОГО УПРАВЛЕНИЯ ФЕДЕРАЛЬНОЙ СЛУЖБЫ ИСПОЛНЕНИЯ НАКАЗАНИЙ ПО КЕМЕРОВСКОЙ ОБЛАСТИ - КУЗБАССУ""";4
"МБУ ""ДОРРЕМСТРОЙ""";4
"ФЕДЕРАЛЬНОЕ ГОСУДАРСТВЕННОЕ БЮДЖЕТНОЕ НАУЧНОЕ УЧРЕЖДЕНИЕ ""ФЕДЕРАЛЬНЫЙ ИССЛЕДОВАТЕЛЬСКИЙ ЦЕНТР ""КРАСНОЯРСКИЙ НАУЧНЫЙ ЦЕНТР СИБИРСКОГО ОТДЕЛЕНИЯ РОССИЙСКОЙ АКАДЕМ";4
"БЮДЖЕТНОЕ УЧРЕЖДЕНИЕ ХАНТЫ-МАНСИЙСКОГО АВТОНОМНОГО ОКРУГА - ЮГРЫ ""ОКРУЖНОЙ КАРДИОЛОГИЧЕСКИЙ ДИСПАНСЕР ""ЦЕНТР ДИАГНОСТИКИ И СЕРДЕЧНО-СОСУДИСТОЙ ХИРУРГИИ""";4
"ГОСУДАРСТВЕННОЕ КАЗЕННОЕ УЧРЕЖДЕНИЕ РЕСПУБЛИКИ МОРДОВИЯ ""РЕГИОНАЛЬНЫЙ ЦЕНТР ОРГАНИЗАЦИИ ЗАКУПОК""";4
"ПАО ""ЗАВОД ""КРАСНОЕ СОРМОВО""";4
"ГОСУДАРСТВЕННОЕ БЮДЖЕТНОЕ УЧРЕЖДЕНИЕ ЗДРАВООХРАНЕНИЯ ПЕРМСКОГО КРАЯ ""ЧАЙКОВСКАЯ ЦЕНТРАЛЬНАЯ ГОРОДСКАЯ БОЛЬНИЦА""";4
КОМИТЕТ ПО КОНКУРЕНТНОЙ ПОЛИТИКЕ МУРМАНСКОЙ ОБЛАСТИ;4
"ФЕДЕРАЛЬНОЕ КАЗЕННОЕ УЧРЕЖДЕНИЕ ""ИСПРАВИТЕЛЬНАЯ КОЛОНИЯ № 33 ГЛАВНОГО УПРАВЛЕНИЯ ФЕДЕРАЛЬНОЙ СЛУЖБЫ ИСПОЛНЕНИЯ НАКАЗАНИЙ ПО ПРИМОРСКОМУ КРАЮ""";4
АДМИНИСТРАЦИЯ ЛЕСНОГО МУНИЦИПАЛЬНОГО ОКРУГА ТВЕРСКОЙ ОБЛАСТИ;4
"ЕНИСЕЙСКИЙ РАЙОН ВОДНЫХ ПУТЕЙ И СУДОХОДСТВА - ФИЛИАЛ ФБУ ""АДМИНИСТРАЦИЯ ЕНИСЕЙСКОГО БАССЕЙНА ВНУТРЕННИХ ВОДНЫХ ПУТЕЙ""";4
ОТДЕЛ ПО ЭКОНОМИКЕ, УПРАВЛЕНИЮ МУНИЦИПАЛЬНЫМ ИМУЩЕСТВОМ И ЗЕМЕЛЬНЫМ ОТНОШЕНИЯМ АДМИНИСТРАЦИИ БОГУЧАРСКОГО МУНИЦИПАЛЬНОГО РАЙОНА ВОРОНЕЖСКОЙ ОБЛАСТИ;4
"ФЕДЕРАЛЬНОЕ КАЗЕННОЕ УЧРЕЖДЕНИЕ ""ЛЕЧЕБНОЕ ИСПРАВИТЕЛЬНОЕ УЧРЕЖДЕНИЕ № 1 УПРАВЛЕНИЯ ФЕДЕРАЛЬНОЙ СЛУЖБЫ ИСПОЛНЕНИЯ НАКАЗАНИЙ ПО ТОМСКОЙ ОБЛАСТИ""";4
ФГУП РСВО;4
"ГОСУДАРСТВЕННОЕ БЮДЖЕТНОЕ УЧРЕЖДЕНИЕ ЗДРАВООХРАНЕНИЯ ""ТБИЛИССКАЯ ЦЕНТРАЛЬНАЯ РАЙОННАЯ БОЛЬНИЦА"" МИНИСТЕРСТВА ЗДРАВООХРАНЕНИЯ КРАСНОДАРСКОГО КРАЯ";4
"ГОСУДАРСТВЕННОЕ БЮДЖЕТНОЕ УЧРЕЖДЕНИЕ ЗДРАВООХРАНЕНИЯ ПЕРМСКОГО КРАЯ ""ПЕРМСКАЯ КРАЕВАЯ КЛИНИЧЕСКАЯ ИНФЕКЦИОННАЯ БОЛЬНИЦА""";4
"АО  ""ПРОМЫШЛЕННЫЕ ИННОВАЦИИ""";4
"ФЕДЕРАЛЬНОЕ ГОСУДАРСТВЕННОЕ БЮДЖЕТНОЕ УЧРЕЖДЕНИЕ ""ВСЕРОССИЙСКИЙ ЦЕНТР ЭКСТРЕННОЙ И РАДИАЦИОННОЙ МЕДИЦИНЫ ИМЕНИ А.М. НИКИФОРОВА"" МИНИСТЕРСТВА РОССИЙСКОЙ ФЕДЕРАЦИ";4
"ФЕДЕРАЛЬНОЕ КАЗЕННОЕ УЧРЕЖДЕНИЕ ""ЛЕЧЕБНОЕ ИСПРАВИТЕЛЬНОЕ УЧРЕЖДЕНИЕ № 2 УПРАВЛЕНИЯ ФЕДЕРАЛЬНОЙ СЛУЖБЫ ИСПОЛНЕНИЯ НАКАЗАНИЙ ПО ЕВРЕЙСКОЙ АВТОНОМНОЙ ОБЛАСТИ""";4
"ФИНАНСОВОЕ УПРАВЛЕНИЕ АДМИНИСТРАЦИИ МУНИЦИПАЛЬНОГО ОБРАЗОВАНИЯ ГОРОДСКОГО ОКРУГА ""ВОРКУТА""";4
"филиал АО ""Концерн Росэнергоатом"" ""Ростовская атомная станция""";4
"ФИЛИАЛ АО ""КОНЦЕРН РОСЭНЕРГОАТОМ"" ""ЛЕНИНГРАДСКАЯ АТОМНАЯ СТАНЦИЯ""";4
"АО ""АТМ""";4
Филиал «Кемеровский военизированный горноспасательный отряд» Федерального государственного унитарного предприятия «Военизированная горноспасательная часть»;4
"ФКП ""АВАНГАРД""";4
"АО ""ТВЭЛ-СТРОЙ""";4
"УРАЛЬСКИЙ НАУЧНО-ИССЛЕДОВАТЕЛЬСКИЙ ИНСТИТУТ ФТИЗИОПУЛЬМОНОЛОГИИ - ФИЛИАЛ ФЕДЕРАЛЬНОГО ГОСУДАРСТВЕННОГО БЮДЖЕТНОГО УЧРЕЖДЕНИЯ ""НАЦИОНАЛЬНЫЙ МЕДИЦИНСКИЙ ИССЛЕДОВА";4
УИЗО АБМО СК;4
"МУП ""УПП МГО""";4
"АО ""НПО ЭНЕРГОМАШ""";4
"АО ""КРАСНАЯ ЗВЕЗДА""";4
"ПАО ""КМЗ""";4
ЛГ МУП   УТВиВ;4
"АО ""ИРМ""";4
"ФГУП ""НИТИ ИМ. А.П. АЛЕКСАНДРОВА""";4
ВОЙСКОВАЯ ЧАСТЬ 6942;4
ГЛАВНОЕ УПРАВЛЕНИЕ МИНИСТЕРСТВА РОССИЙСКОЙ ФЕДЕРАЦИИ ПО ДЕЛАМ ГРАЖДАНСКОЙ ОБОРОНЫ, ЧРЕЗВЫЧАЙНЫМ СИТУАЦИЯМ И ЛИКВИДАЦИИ ПОСЛЕДСТВИЙ СТИХИЙНЫХ БЕДСТВИЙ ПО ПСКОВСК;4
ФЕДЕРАЛЬНОЕ ГОСУДАРСТВЕННОЕ БЮДЖЕТНОЕ УЧРЕЖДЕНИЕ НАУКИ ПЕРМСКИЙ ФЕДЕРАЛЬНЫЙ ИССЛЕДОВАТЕЛЬСКИЙ ЦЕНТР УРАЛЬСКОГО ОТДЕЛЕНИЯ РОССИЙСКОЙ АКАДЕМИИ НАУК;4
ГЛАВНОЕ УПРАВЛЕНИЕ МИНИСТЕРСТВА РОССИЙСКОЙ ФЕДЕРАЦИИ ПО ДЕЛАМ ГРАЖДАНСКОЙ ОБОРОНЫ, ЧРЕЗВЫЧАЙНЫМ СИТУАЦИЯМ И ЛИКВИДАЦИИ ПОСЛЕДСТВИЙ СТИХИЙНЫХ БЕДСТВИЙ ПО ЗАБАЙКА;4
ФГБУ санаторий им. М. И. Калинина Минздрава России;4
"МУНИЦИПАЛЬНОЕ КАЗЕННОЕ УЧРЕЖДЕНИЕ ""УПРАВЛЕНИЕ ПО ПРЕДУПРЕЖДЕНИЮ ЧРЕЗВЫЧАЙНЫХ СИТУАЦИЙ И ГРАЖДАНСКОЙ ЗАЩИТЫ МУНИЦИПАЛЬНОГО ОБРАЗОВАНИЯ КРЫМСКИЙ РАЙОН""";4
"МУП ""ТЕПЛОВОДОКАНАЛ""";4
"САНКТ-ПЕТЕРБУРГСКОЕ ГОСУДАРСТВЕННОЕ БЮДЖЕТНОЕ УЧРЕЖДЕНИЕ СОЦИАЛЬНОГО ОБСЛУЖИВАНИЯ НАСЕЛЕНИЯ ""ЦЕНТР СОЦИАЛЬНОЙ ПОМОЩИ СЕМЬЕ И ДЕТЯМ АДМИРАЛТЕЙСКОГО РАЙОНА САНКТ-";4
"ФЕДЕРАЛЬНОЕ ГОСУДАРСТВЕННОЕ БЮДЖЕТНОЕ УЧРЕЖДЕНИЕ ""10 ОТРЯД ФЕДЕРАЛЬНОЙ ПРОТИВОПОЖАРНОЙ СЛУЖБЫ ГОСУДАРСТВЕННОЙ ПРОТИВОПОЖАРНОЙ СЛУЖБЫ ПО ХАБАРОВСКОМУ КРАЮ (ДОГОВ";4
Лазарева Елена ивановна;4
ГОСУДАРСТВЕННОЕ КАЗЕННОЕ УЧРЕЖДЕНИЕ ПО ЭКСПЛУАТАЦИИ И СОДЕРЖАНИЮ АДМИНИСТРАТИВНЫХ ЗДАНИЙ АДМИНИСТРАЦИИ КРАСНОДАРСКОГО КРАЯ;4
КОНТРАКТНОЕ АГЕНТСТВО АРХАНГЕЛЬСКОЙ ОБЛАСТИ;4
"САРАТОВСКИЙ РАЙОН ВОДНЫХ ПУТЕЙ И СУДОХОДСТВА - ФИЛИАЛ ФЕДЕРАЛЬНОГО БЮДЖЕТНОГО УЧРЕЖДЕНИЯ ""АДМИНИСТРАЦИЯ ВОЛЖСКОГО БАССЕЙНА ВНУТРЕННИХ ВОДНЫХ ПУТЕЙ""";4
"ФЕДЕРАЛЬНОЕ КАЗЕННОЕ УЧРЕЖДЕНИЕ ""РЕСПУБЛИКАНСКАЯ КЛИНИЧЕСКАЯ ИНФЕКЦИОННАЯ БОЛЬНИЦА"" МИНИСТЕРСТВА ЗДРАВООХРАНЕНИЯ РОССИЙСКОЙ ФЕДЕРАЦИИ";4
"СВИРСКИЙ РАЙОН ГИДРОСООРУЖЕНИЙ И СУДОХОДСТВА - ФИЛИАЛ ФБУ ""АДМИНИСТРАЦИЯ ВОЛГО-БАЛТИЙСКОГО БАССЕЙНА ВНУТРЕННИХ ВОДНЫХ ПУТЕЙ""";4
"АО ""СПМБМ ""МАЛАХИТ""";4
"ФЕДЕРАЛЬНОЕ ГОСУДАРСТВЕННОЕ КАЗЕННОЕ УЧРЕЖДЕНИЕ ""НЕВСКИЙ СПАСАТЕЛЬНЫЙ ЦЕНТР МЧС РОССИИ""";4
Лубочкин Артем Александрович;4
"КРАЕВОЕ ГОСУДАРСТВЕННОЕ БЮДЖЕТНОЕ УЧРЕЖДЕНИЕ ЗДРАВООХРАНЕНИЯ  ""КЕЖЕМСКАЯ РАЙОННАЯ БОЛЬНИЦА""";4
"МУНИЦИПАЛЬНОЕ БЮДЖЕТНОЕ УЧРЕЖДЕНИЕ ЗДРАВООХРАНЕНИЯ ""ГОРОДСКАЯ БОЛЬНИЦА №20 ГОРОДА РОСТОВА-НА-ДОНУ""";4
УПРАВЛЕНИЕ СУДЕБНОГО ДЕПАРТАМЕНТА В ВОЛОГОДСКОЙ ОБЛАСТИ;4
"САНКТ-ПЕТЕРБУРГСКОЕ ГОСУДАРСТВЕННОЕ БЮДЖЕТНОЕ УЧРЕЖДЕНИЕ ЗДРАВООХРАНЕНИЯ  ""СТОМАТОЛОГИЧЕСКАЯ ПОЛИКЛИНИКА  № 15""";4
"ГОСУДАРСТВЕННОЕ КРАЕВОЕ БЮДЖЕТНОЕ УЧРЕЖДЕНИЕ ""УПРАВЛЕНИЕ ПО ЭКСПЛУАТАЦИИ АДМИНИСТРАТИВНЫХ ЗДАНИЙ""";4
"акционерное общество ""Производственное объединение ""Северное машиностроительное предприятие""";4
"ГОСУДАРСТВЕННОЕ БЮДЖЕТНОЕ УЧРЕЖДЕНИЕ ЗДРАВООХРАНЕНИЯ СВЕРДЛОВСКОЙ ОБЛАСТИ ""СВЕРДЛОВСКАЯ ОБЛАСТНАЯ КЛИНИЧЕСКАЯ ПСИХИАТРИЧЕСКАЯ БОЛЬНИЦА""";4
"КГБУЗ ""ВСП № 2""";4
ВОЙСКОВАЯ ЧАСТЬ 66631;4
"ГОСУДАРСТВЕННОЕ КАЗЕННОЕ УЧРЕЖДЕНИЕ КРАСНОДАРСКОГО КРАЯ ""КРАСНОДАРСКАЯ КРАЕВАЯ АВАРИЙНО-СПАСАТЕЛЬНАЯ СЛУЖБА ""КУБАНЬ-СПАС""";4
"БЮДЖЕТНОЕ УЧРЕЖДЕНИЕ ХАНТЫ-МАНСИЙСКОГО АВТОНОМНОГО ОКРУГА - ЮГРЫ ""НЕФТЕЮГАНСКАЯ РАЙОННАЯ БОЛЬНИЦА""";4
ТУ РОСИМУЩЕСТВА В СТАВРОПОЛЬСКОМ КРАЕ;4
ГОСУДАРСТВЕННОЕ УЧРЕЖДЕНИЕ - РЕГИОНАЛЬНОЕ ОТДЕЛЕНИЕ ФОНДА СОЦИАЛЬНОГО СТРАХОВАНИЯ РОССИЙСКОЙ ФЕДЕРАЦИИ ПО РЕСПУБЛИКЕ МОРДОВИЯ;4
"АКЦИОНЕРНОЕ ОБЩЕСТВО ""ЗАВОД ИМЕНИ А.А.КУЛАКОВА""";4
КОНКУРСНОЕ АГЕНТСТВО КАЛИНИНГРАДСКОЙ ОБЛАСТИ;4
"ГОСУДАРСТВЕННОЕ БЮДЖЕТНОЕ УЧРЕЖДЕНИЕ ЗДРАВООХРАНЕНИЯ ЛЕНИНГРАДСКОЙ ОБЛАСТИ ""ВЫБОРГСКАЯ МЕЖРАЙОННАЯ БОЛЬНИЦА""";4
ГЛАВНОЕ УПРАВЛЕНИЕ МИНИСТЕРСТВА РОССИЙСКОЙ ФЕДЕРАЦИИ ПО ДЕЛАМ ГРАЖДАНСКОЙ ОБОРОНЫ, ЧРЕЗВЫЧАЙНЫМ СИТУАЦИЯМ И ЛИКВИДАЦИИ ПОСЛЕДСТВИЙ СТИХИЙНЫХ БЕДСТВИЙ ПО Г. САНК;4
"ООО ""БизнесЦентр""";4
"АО ""Сегежский ЦБК""";4
"ФЕДЕРАЛЬНОЕ КАЗЕННОЕ УЧРЕЖДЕНИЕ ""ВОЙСКОВАЯ ЧАСТЬ 28178""";4
АДМИНИСТРАЦИЯ НЕФТЕЮГАНСКОГО РАЙОНА;4
"ФЕДЕРАЛЬНОЕ ГОСУДАРСТВЕННОЕ БЮДЖЕТНОЕ УЧРЕЖДЕНИЕ ""48 ЦЕНТРАЛЬНЫЙ НАУЧНО-ИССЛЕДОВАТЕЛЬСКИЙ ИНСТИТУТ"" МИНИСТЕРСТВА ОБОРОНЫ РОССИЙСКОЙ ФЕДЕРАЦИИ";4
"МУНИЦИПАЛЬНОЕ УНИТАРНОЕ ПРЕДПРИЯТИЕ ""ПЕРМГОРЭЛЕКТРОТРАНС""";4
"МУНИЦИПАЛЬНОЕ БЮДЖЕТНОЕ УЧРЕЖДЕНИЕ ЗДРАВООХРАНЕНИЯ ""ТУАПСИНСКАЯ СТОМАТОЛОГИЧЕСКАЯ ПОЛИКЛИНИКА""";4
"БЮДЖЕТНОЕ УЧРЕЖДЕНИЕ ЗДРАВООХРАНЕНИЯ УДМУРТСКОЙ РЕСПУБЛИКИ ""МОЖГИНСКАЯ РАЙОННАЯ БОЛЬНИЦА МИНИСТЕРСТВА ЗДРАВООХРАНЕНИЯ УДМУРТСКОЙ РЕСПУБЛИКИ""";4
Иванова Юлия Викторовна;4
"АКЦИОНЕРНОЕ ОБЩЕСТВО ""НАУЧНО-ПРОИЗВОДСТВЕННАЯ КОРПОРАЦИЯ ""УРАЛВАГОНЗАВОД"" ИМЕНИ Ф.Э. ДЗЕРЖИНСКОГО""";4
"ГОСУДАРСТВЕННОЕ БЮДЖЕТНОЕ УЧРЕЖДЕНИЕ РОСТОВСКОЙ ОБЛАСТИ ""ЛЕЧЕБНО-РЕАБИЛИТАЦИОННЫЙ ЦЕНТР № 2""";4
"ООО ДЦ ""АКЦЕПТ""";4
"ФЕДЕРАЛЬНОЕ ГОСУДАРСТВЕННОЕ БЮДЖЕТНОЕ НАУЧНОЕ УЧРЕЖДЕНИЕ ""НАУЧНО-ИССЛЕДОВАТЕЛЬСКИЙ ИНСТИТУТ КОМПЛЕКСНЫХ ПРОБЛЕМ СЕРДЕЧНО-СОСУДИСТЫХ ЗАБОЛЕВАНИЙ""";4
ООО «Транснефть - Порт Усть-Луга»;4
"КАЗЕННОЕ УЧРЕЖДЕНИЕ ХАНТЫ-МАНСИЙСКОГО АВТОНОМНОГО ОКРУГА - ЮГРЫ ""ПЫТЬ-ЯХСКИЙ ЦЕНТР ЗАНЯТОСТИ НАСЕЛЕНИЯ""";4
"федеральное государственное казенное учреждение ""Войсковая часть 52295""";4
"ГОСУДАРСТВЕННОЕ БЮДЖЕТНОЕ УЧРЕЖДЕНИЕ ЗДРАВООХРАНЕНИЯ ПЕРМСКОГО КРАЯ ""ОКТЯБРЬСКАЯ ЦЕНТРАЛЬНАЯ РАЙОННАЯ БОЛЬНИЦА""";4
Чернышева Людмила Николаевна;4
ГНЦ ФГУГП 'Южморгеология';4
"федеральное государственное бюджетное учреждение ""Федеральный центр сердечно-сосудистой хирургии"" Министерства здравоохранения Российской Федерации (г. Пенза)";4
"ООО ""АТД ""Андер Медиа""";4
Горбачев  Иван Юрьевич;4
Рогожин Владислав Анатольевич;4
Остапенко Никита Николаевич;4
"Открытое акционерное общество ""Центр технологии судостроения и судоремонта""";4
Авалян Альберт Гамлетович;4
"ООО ""РЦПАУ""";4
"федеральное казенное учреждение ""Объединение исправительных колоний № 36 Главного управления Федеральной службы исполнения наказаний по Красноярскому краю""";4
Государственное учреждение - Сахалинское региональное отделение Фонда социального страхования Российской Федерации;4
Департамент государственных закупок Свердловской области;4
"федеральное казенное учреждение ""Исправительная колония № 14 Главного управления Федеральной службы исполнения наказаний по Ростовской области""";4
"Санкт-Петербургское государственное бюджетное учреждение здравоохранения ""Городская стоматологическая поликлиника № 33""";4
"федеральное государственное казенное учреждение ""Пограничное управление Федеральной службы безопасности Российской Федерации по Республике Ингушетия""";4
Лебедев Александр Иванович;4
Татаринов  Сергей Владимирович;4
ОАО '308 АРЗ';4
"федеральное государственное бюджетное образовательное учреждение высшего профессионального образования ""Южно-Уральский государственный университет"" (национальны";4
Государственное научное учреждение Всероссийский научно-исследовательский институт механизации сельского хозяйства Российской академии сельскохозяйственных наук;4
Баринов Вячеслав Евгеньевич;4
"ООО ""Юрист""";4
"федеральное государственное казенное учреждение ""Пограничное управление Федеральной службы безопасности Российской Федерации по городу Санкт-Петербургу и Ленинг";4
Департамент государственного заказа Ханты-Мансийского автономного округа - Югры;4
"Муниципальное учреждение здравоохранения ""Солнечногорская центральная районная больница""";4
Лебедев Сергей Викторович;4
Департамент экономики Орловской области;4
"""Омский летно-технический колледж гражданской авиации имени А.В. Ляпидевского"" филиал Федерального государственного образовательного учреждения высшего професси";4
"Государственное учреждение Ростовской области ""Ростовская областная поисково-спасательная служба во внутренних водах и территориальном море Российской Федерации";4
"ФЕДЕРАЛЬНЫЙ СЕЛЕКЦИОННО-ГЕНЕТИЧЕСКИЙ ЦЕНТР РЫБОВОДСТВА ФИЛИАЛ ФЕДЕРАЛЬНОГО ГОСУДАРСТВЕННОГО БЮДЖЕТНОГО УЧРЕЖДЕНИЯ ""ГЛАВНОЕ БАССЕЙНОВОЕ УПРАВЛЕНИЕ ПО РЫБОЛОВСТВУ";4
АДМИНИСТРАЦИЯ ПОГРАНИЧНОГО МУНИЦИПАЛЬНОГО ОКРУГА ПРИМОРСКОГО КРАЯ;4
"ФСГЦР ФИЛИАЛ ФГБУ ""ГЛАВРЫБВОД""";4
АДМИНИСТРАЦИЯ УССУРИЙСКОГО ГОРОДСКОГО ОКРУГА;4
"Администрация муниципального образования ""Уемское""";4
Управление государственного заказа и лицензирования Белгородской области;4
"ГОСУДАРСТВЕННОЕ БЮДЖЕТНОЕ УЧРЕЖДЕНИЕ ЗДРАВООХРАНЕНИЯ ПЕРМСКОГО КРАЯ ""ЧЕРНУШИНСКАЯ РАЙОННАЯ БОЛЬНИЦА""";4
"ООО ""ГАРАНТТРАНСЮГ""";4
"НИЖНЕ-КАМСКИЙ РАЙОН ВОДНЫХ ПУТЕЙ И СУДОХОДСТВА-ФИЛИАЛ ФБУ ""АДМИНИСТРАЦИЯ КАМСКОГО БАССЕЙНА ВНУТРЕННИХ ВОДНЫХ ПУТЕЙ""";4
"ГОСУДАРСТВЕННОЕ ПРЕДПРИЯТИЕ ПСКОВСКОЙ ОБЛАСТИ ""ПСКОВПАССАЖИРАВТОТРАНС""";4
Бирюков Александр Сергеевич;4
ТУ РОСИМУЩЕСТВА В РЕСПУБЛИКЕ КОМИ;4
"ФГАУ ""НМИЦ ЗДОРОВЬЯ ДЕТЕЙ"" МИНЗДРАВА РОССИИ";4
ТУ РОСИМУЩЕСТВА В ЧУКОТСКОМ АВТОНОМНОМ ОКРУГЕ;4
"МУНИЦИПАЛЬНОЕ КАЗЕННОЕ УЧРЕЖДЕНИЕ РОССОШАНСКОГО МУНИЦИПАЛЬНОГО РАЙОНА ""УПРАВЛЕНИЕ МУНИЦИПАЛЬНЫМИ ЗАКУПКАМИ""";4
"ФБУ ""ГИЛС И НП""";4
ООО РПК-Высоцк ЛУКОЙЛ-II;4
"АО ""НИИЭФА""";4
"ФЕДЕРАЛЬНОЕ ГОСУДАРСТВЕННОЕ БЮДЖЕТНОЕ УЧРЕЖДЕНИЕ ДЕТСКИЙ ТУБЕРКУЛЕЗНЫЙ САНАТОРИЙ ""КИРИЦЫ"" МИНИСТЕРСТВА ЗДРАВООХРАНЕНИЯ РОССИЙСКОЙ ФЕДЕРАЦИИ";4
АДМИНИСТРАЦИЯ РТИЩЕВСКОГО МУНИЦИПАЛЬНОГО РАЙОНА САРАТОВСКОЙ ОБЛАСТИ;4
"САНКТ-ПЕТЕРБУРГСКОЕ ГОСУДАРСТВЕННОЕ БЮДЖЕТНОЕ УЧРЕЖДЕНИЕ ЗДРАВООХРАНЕНИЯ ""РОДИЛЬНЫЙ ДОМ № 1 (СПЕЦИАЛИЗИРОВАННЫЙ)""";4
"ФГБУ ""НМИЦ КАРДИОЛОГИИ"" МИНЗДРАВА РОССИИ";4
"САНКТ-ПЕТЕРБУРГСКОЕ ГОСУДАРСТВЕННОЕ БЮДЖЕТНОЕ УЧРЕЖДЕНИЕ ЗДРАВООХРАНЕНИЯ ""ГОРОДСКАЯ БОЛЬНИЦА № 20""";4
"ФЕДЕРАЛЬНОЕ БЮДЖЕТНОЕ УЧРЕЖДЕНИЕ ""АДМИНИСТРАЦИЯ ВОЛГО-ДОНСКОГО БАССЕЙНА ВНУТРЕННИХ ВОДНЫХ ПУТЕЙ""";4
"ГОСУДАРСТВЕННОЕ КАЗЕННОЕ УЧРЕЖДЕНИЕ ГОРОДА МОСКВЫ ""АГЕНТСТВО ПО ЗАКУПКАМ (КОНТРАКТНАЯ СЛУЖБА) ДЕПАРТАМЕНТА ЗДРАВООХРАНЕНИЯ ГОРОДА МОСКВЫ""";4
АО 'Екатеринбурггаз';4
ГОСУДАРСТВЕННОЕ БЮДЖЕТНОЕ УЧРЕЖДЕНИЕ ЗДРАВООХРАНЕНИЯ РЕСПУБЛИКИ БАШКОРТОСТАН ГОРОДСКАЯ КЛИНИЧЕСКАЯ БОЛЬНИЦА № 13 ГОРОДА УФА;4
Белых Андрей Павлович;4
"ООО ""Консалт аудит""";4
Рыбалко Данил Алексеевич;4
Пархоменко Алексей Сергеевич;4
"Санкт-Петербургское государственное бюджетное учреждение здравоохранения ""Госпиталь для ветеранов войн""";4
Федеральное государственное бюджетное учреждение науки Институт нанотехнологий микроэлектроники Российской академии наук;4
Кузнецов Павел Владимирович;4
"федеральное государственное бюджетное учреждение ""Федеральный центр сердечно-сосудистой хирургии"" Министерства здравоохранения Российской Федерации (г.Челябинск";4
Мудров Владимир Николаевич;4
Лишай Андрей Павлович;4
"федеральное государственное бюджетное учреждение ""Федеральный Центр сердца, крови и эндокринологии имени В.А. Алмазова"" Министерства здравоохранения Российской";4
"Государственное учреждение здравоохранения ""Свердловская областная клиническая больница N 1""";4
МТУ РОСИМУЩЕСТВА В МУРМАНСКОЙ ОБЛАСТИ И РЕСПУБЛИКЕ КАРЕЛИЯ;3
"АО ""ТРАНСНЕФТЬ - ДРУЖБА""";3
"отряд ФПС ГПС - Ставропольский филиал ФГБУ ""Управление ДП ФПС ГПС № 5""";3
"ФЕДЕРАЛЬНОЕ ГОСУДАРСТВЕННОЕ КАЗЕННОЕ УЧРЕЖДЕНИЕ ""СПЕЦИАЛЬНОЕ УПРАВЛЕНИЕ ФЕДЕРАЛЬНОЙ ПРОТИВОПОЖАРНОЙ СЛУЖБЫ № 8 МИНИСТЕРСТВА РОССИЙСКОЙ ФЕДЕРАЦИИ ПО ДЕЛАМ ГРАЖДА";3
"ГОРОДЕЦКИЙ РАЙОН ГИДРОТЕХНИЧЕСКИХ СООРУЖЕНИЙ И СУДОХОДСТВА - ФИЛИАЛ ФЕДЕРАЛЬНОГО БЮДЖЕТНОГО УЧРЕЖДЕНИЯ ""АДМИНИСТРАЦИЯ ВОЛЖСКОГО БАССЕЙНА ВНУТРЕННИХ ВОДНЫХ ПУТЕЙ";3
"КАСПИЙСКИЙ ФИЛИАЛ ФЕДЕРАЛЬНОГО ГОСУДАРСТВЕННОГО БЮДЖЕТНОГО УЧРЕЖДЕНИЯ ""ГЛАВНОЕ БАССЕЙНОВОЕ УПРАВЛЕНИЕ ПО РЫБОЛОВСТВУ И СОХРАНЕНИЮ ВОДНЫХ БИОЛОГИЧЕСКИХ РЕСУРСОВ""";3
МИНИСТЕРСТВО ПО РЕГУЛИРОВАНИЮ КОНТРАКТНОЙ СИСТЕМЫ В СФЕРЕ ЗАКУПОК ВОРОНЕЖСКОЙ ОБЛАСТИ;3
"ГОСУДАРСТВЕННОЕ БЮДЖЕТНОЕ УЧРЕЖДЕНИЕ ЗДРАВООХРАНЕНИЯ ""СТОМАТОЛОГИЧЕСКАЯ ПОЛИКЛИНИКА ГОРОДА УЛЬЯНОВСКА""";3
АДМИНИСТРАЦИЯ ГОРОДА НИЖНИЙ ТАГИЛ;3
"САНКТ-ПЕТЕРБУРГСКОЕ ГОСУДАРСТВЕННОЕ БЮДЖЕТНОЕ СТАЦИОНАРНОЕ УЧРЕЖДЕНИЕ СОЦИАЛЬНОГО ОБСЛУЖИВАНИЯ ""ДОМ - ИНТЕРНАТ ДЛЯ ПРЕСТАРЕЛЫХ И ИНВАЛИДОВ №1""";3
"ГБУ РО ""ОКПЦ""";3
"ФЕДЕРАЛЬНОЕ ГОСУДАРСТВЕННОЕ КАЗЕННОЕ УЧРЕЖДЕНИЕ ""СПЕЦИАЛЬНОЕ УПРАВЛЕНИЕ ФЕДЕРАЛЬНОЙ ПРОТИВОПОЖАРНОЙ СЛУЖБЫ № 31 МИНИСТЕРСТВА РОССИЙСКОЙ ФЕДЕРАЦИИ ПО ДЕЛАМ ГРАЖД";3
"ФЕДЕРАЛЬНОЕ КАЗЕННОЕ УЧРЕЖДЕНИЕ ""ИСПРАВИТЕЛЬНАЯ КОЛОНИЯ № 5 УПРАВЛЕНИЯ ФЕДЕРАЛЬНОЙ СЛУЖБЫ ИСПОЛНЕНИЯ НАКАЗАНИЙ ПО ТАМБОВСКОЙ ОБЛАСТИ""";3
"МУНИЦИПАЛЬНОЕ БЮДЖЕТНОЕ УЧРЕЖДЕНИЕ ""СЛУЖБА БЛАГОУСТРОЙСТВА  КИРОВСКОГО РАЙОНА""";3
"ГОСУДАРСТВЕННОЕ БЮДЖЕТНОЕ УЧРЕЖДЕНИЕ ЗДРАВООХРАНЕНИЯ ""УСТЬ-ЛАБИНСКАЯ ЦЕНТРАЛЬНАЯ РАЙОННАЯ БОЛЬНИЦА"" МИНИСТЕРСТВА ЗДРАВООХРАНЕНИЯ КРАСНОДАРСКОГО КРАЯ";3
"АО ""ТЭК СПБ""";3
"ГОСУДАРСТВЕННОЕ БЮДЖЕТНОЕ УЧРЕЖДЕНИЕ ЗДРАВООХРАНЕНИЯ НИЖЕГОРОДСКОЙ ОБЛАСТИ ""ГОРОДСКАЯ ПОЛИКЛИНИКА № 51 КАНАВИНСКОГО РАЙОНА Г.НИЖНЕГО НОВГОРОДА""";3
ГБУ РО ОКОД;3
"ФЕДЕРАЛЬНОЕ КАЗЕННОЕ УЧРЕЖДЕНИЕ ""ИСПРАВИТЕЛЬНАЯ КОЛОНИЯ № 5 ГЛАВНОГО УПРАВЛЕНИЯ ФЕДЕРАЛЬНОЙ СЛУЖБЫ ИСПОЛНЕНИЯ НАКАЗАНИЙ ПО КЕМЕРОВСКОЙ ОБЛАСТИ - КУЗБАССУ""";3
"ГОСУДАРСТВЕННОЕ БЮДЖЕТНОЕ УЧРЕЖДЕНИЕ ЗДРАВООХРАНЕНИЯ РЕСПУБЛИКИ КОМИ ""УСТЬ-ЦИЛЕМСКАЯ ЦЕНТРАЛЬНАЯ РАЙОННАЯ БОЛЬНИЦА""";3
"ФЕДЕРАЛЬНОЕ ГОСУДАРСТВЕННОЕ БЮДЖЕТНОЕ УЧРЕЖДЕНИЕ САНАТОРИЙ ""ЛЕСНОЕ"" МИНИСТЕРСТВА ЗДРАВООХРАНЕНИЯ РОССИЙСКОЙ ФЕДЕРАЦИИ";3
"ФЕДЕРАЛЬНОЕ ГОСУДАРСТВЕННОЕ КАЗЕННОЕ УЧРЕЖДЕНИЕ ""СПЕЦИАЛЬНОЕ УПРАВЛЕНИЕ ФЕДЕРАЛЬНОЙ ПРОТИВОПОЖАРНОЙ СЛУЖБЫ № 7 МИНИСТЕРСТВА РОССИЙСКОЙ ФЕДЕРАЦИИ ПО ДЕЛАМ ГРАЖДА";3
"ГОСУДАРСТВЕННОЕ БЮДЖЕТНОЕ УЧРЕЖДЕНИЕ ЗДРАВООХРАНЕНИЯ ""ПРИМОРСКАЯ КРАЕВАЯ КЛИНИЧЕСКАЯ БОЛЬНИЦА № 1""";3
"МУНИЦИПАЛЬНОЕ БЮДЖЕТНОЕ УЧРЕЖДЕНИЕ ""СЛУЖБА БЛАГОУСТРОЙСТВА ВОЛЖСКОГО РАЙОНА""";3
"САМАРСКИЙ РАЙОН ВОДНЫХ ПУТЕЙ И СУДОХОДСТВА - ФИЛИАЛ ФЕДЕРАЛЬНОГО БЮДЖЕТНОГО УЧРЕЖДЕНИЯ ""АДМИНИСТРАЦИЯ ВОЛЖСКОГО БАССЕЙНА ВНУТРЕННИХ ВОДНЫХ ПУТЕЙ""";3
"МУНИЦИПАЛЬНОЕ АВТОНОМНОЕ УЧРЕЖДЕНИЕ ""МНОГОФУНКЦИОНАЛЬНЫЙ МОЛОДЕЖНЫЙ ЦЕНТР"" АЛЕКСАНДРОВО-ГАЙСКОГО МУНИЦИПАЛЬНОГО РАЙОНА САРАТОВСКОЙ ОБЛАСТИ";3
"АО ""АЭМ-ТЕХНОЛОГИИ""";3
"САНКТ-ПЕТЕРБУРГСКОЕ ГОСУДАРСТВЕННОЕ КАЗЕННОЕ УЧРЕЖДЕНИЕ ""ПОЖАРНО-СПАСАТЕЛЬНЫЙ ОТРЯД ИМЕНИ КНЯЗЯ А.Д.ЛЬВОВА ПРОТИВОПОЖАРНОЙ СЛУЖБЫ САНКТ-ПЕТЕРБУРГА ПО ПЕТРОДВОРЦ";3
"АО ""НГЭС""";3
АГЕНТСТВО ГОСУДАРСТВЕННОГО ЗАКАЗА КРАСНОЯРСКОГО КРАЯ;3
"ГБУ РО ""ОКБ""";3
"ФЕДЕРАЛЬНОЕ КАЗЕННОЕ УЧРЕЖДЕНИЕ ""ИСПРАВИТЕЛЬНАЯ КОЛОНИЯ № 4 УПРАВЛЕНИЯ ФЕДЕРАЛЬНОЙ СЛУЖБЫ ИСПОЛНЕНИЯ НАКАЗАНИЙ ПО РЕСПУБЛИКЕ МАРИЙ ЭЛ""";3
ООО «АГР»;3
Южное ГУ Банка России;3
КУИ ГОРОДА СНЕЖИНСКА;3
"ФЕДЕРАЛЬНОЕ ГОСУДАРСТВЕННОЕ БЮДЖЕТНОЕ УЧРЕЖДЕНИЕ ""25 ОТРЯД ФЕДЕРАЛЬНОЙ ПРОТИВОПОЖАРНОЙ СЛУЖБЫ ГОСУДАРСТВЕННОЙ ПРОТИВОПОЖАРНОЙ СЛУЖБЫ ПО КЕМЕРОВСКОЙ ОБЛАСТИ (ДОГ";3
"ФЕДЕРАЛЬНОЕ ГОСУДАРСТВЕННОЕ БЮДЖЕТНОЕ ОБРАЗОВАТЕЛЬНОЕ УЧРЕЖДЕНИЕ ВЫСШЕГО ОБРАЗОВАНИЯ ""УРАЛЬСКИЙ ИНСТИТУТ ГОСУДАРСТВЕННОЙ ПРОТИВОПОЖАРНОЙ СЛУЖБЫ МИНИСТЕРСТВА РОС";3
"АО ""АДМИРАЛТЕЙСКИЕ ВЕРФИ""";3
ГЛАВНОЕ УПРАВЛЕНИЕ МИНИСТЕРСТВА РОССИЙСКОЙ ФЕДЕРАЦИИ ПО ДЕЛАМ ГРАЖДАНСКОЙ ОБОРОНЫ, ЧРЕЗВЫЧАЙНЫМ СИТУАЦИЯМ И ЛИКВИДАЦИИ ПОСЛЕДСТВИЙ СТИХИЙНЫХ БЕДСТВИЙ ПО ВОЛОГОД;3
АРБИТРАЖНЫЙ СУД СВЕРДЛОВСКОЙ ОБЛАСТИ;3
"ФЕДЕРАЛЬНОЕ КАЗЕННОЕ УЧРЕЖДЕНИЕ ""ИСПРАВИТЕЛЬНАЯ КОЛОНИЯ № 29 УПРАВЛЕНИЯ ФЕДЕРАЛЬНОЙ СЛУЖБЫ ИСПОЛНЕНИЯ НАКАЗАНИЙ ПО САМАРСКОЙ ОБЛАСТИ""";3
"ПЕРМСКИЙ РАЙОН ГИДРОТЕХНИЧЕСКИХ СООРУЖЕНИЙ И СУДОХОДСТВА-ФИЛИАЛ ФБУ ""АДМИНИСТРАЦИЯ КАМСКОГО БАССЕЙНА ВНУТРЕННИХ ВОДНЫХ ПУТЕЙ""";3
"ФЕДЕРАЛЬНОЕ  ГОСУДАРСТВЕННОЕ  БЮДЖЕТНОЕ  ОБРАЗОВАТЕЛЬНОЕ  УЧРЕЖДЕНИЕ  ""ВСЕРОССИЙСКИЙ ДЕТСКИЙ ЦЕНТР  ""СМЕНА""";3
"ФЕДЕРАЛЬНОЕ КАЗЕННОЕ УЧРЕЖДЕНИЕ ""ИСПРАВИТЕЛЬНАЯ КОЛОНИЯ № 9 УПРАВЛЕНИЯ ФЕДЕРАЛЬНОЙ СЛУЖБЫ ИСПОЛНЕНИЯ НАКАЗАНИЙ ПО РЕСПУБЛИКЕ КАРЕЛИЯ""";3
"ФЕДЕРАЛЬНОЕ КАЗЕННОЕ УЧРЕЖДЕНИЕ ЗДРАВООХРАНЕНИЯ ""САНАТОРИЙ ""ГОРБАТОВ"" МИНИСТЕРСТВА ВНУТРЕННИХ ДЕЛ РОССИЙСКОЙ ФЕДЕРАЦИИ""";3
"ФИНАНСОВОЕ УПРАВЛЕНИЕ АДМИНИСТРАЦИИ МУНИЦИПАЛЬНОГО ОБРАЗОВАНИЯ ГОРОДСКОГО ОКРУГА ""ИНТА""";3
"ФЕДЕРАЛЬНОЕ КАЗЕННОЕ УЧРЕЖДЕНИЕ ""ИСПРАВИТЕЛЬНАЯ КОЛОНИЯ № 15 ГЛАВНОГО УПРАВЛЕНИЯ ФЕДЕРАЛЬНОЙ СЛУЖБЫ ИСПОЛНЕНИЯ НАКАЗАНИЙ ПО РОСТОВСКОЙ ОБЛАСТИ""";3
"МУНИЦИПАЛЬНОЕ БЮДЖЕТНОЕ УЧРЕЖДЕНИЕ ""МЕМОРИАЛ"" МУНИЦИПАЛЬНОГО ОБРАЗОВАНИЯ ""ГОРОД МИРНЫЙ"" МИРНИНСКОГО РАЙОНА РЕСПУБЛИКИ САХА (ЯКУТИЯ)";3
"ФЕДЕРАЛЬНОЕ КАЗЕННОЕ УЧРЕЖДЕНИЕ ЗДРАВООХРАНЕНИЯ ""МЕДИКО-САНИТАРНАЯ ЧАСТЬ № 42 ФЕДЕРАЛЬНОЙ СЛУЖБЫ ИСПОЛНЕНИЯ НАКАЗАНИЙ""";3
"МУНИЦИПАЛЬНОЕ КАЗЁННОЕ УЧРЕЖДЕНИЕ ""СЛУЖБА МУНИЦИПАЛЬНОГО ЗАКАЗА УСТЬ-ТАРКСКОГО РАЙОНА""";3
"ФКУ ""9 ОФПС ГПС по Ставропольскому краю (договорной)""";3
"ФЕДЕРАЛЬНОЕ ГОСУДАРСТВЕННОЕ БЮДЖЕТНОЕ ОБРАЗОВАТЕЛЬНОЕ УЧРЕЖДЕНИЕ ВЫСШЕГО ОБРАЗОВАНИЯ ""АКАДЕМИЯ ГОСУДАРСТВЕННОЙ ПРОТИВОПОЖАРНОЙ СЛУЖБЫ МИНИСТЕРСТВА РОССИЙСКОЙ ФЕ";3
"САНКТ-ПЕТЕРБУРГСКОЕ ГОСУДАРСТВЕННОЕ БЮДЖЕТНОЕ УЧРЕЖДЕНИЕ СОЦИАЛЬНОГО ОБСЛУЖИВАНИЯ НАСЕЛЕНИЯ ""ЦЕНТР СОЦИАЛЬНОЙ РЕАБИЛИТАЦИИ ИНВАЛИДОВ И ДЕТЕЙ-ИНВАЛИДОВ КОЛПИНСКО";3
"АО ""КОРПОРАЦИЯ ""ВНИИЭМ""";3
"ФЕДЕРАЛЬНОЕ КАЗЕННОЕ УЧРЕЖДЕНИЕ ""ИСПРАВИТЕЛЬНАЯ КОЛОНИЯ № 4 УПРАВЛЕНИЯ ФЕДЕРАЛЬНОЙ СЛУЖБЫ ИСПОЛНЕНИЯ НАКАЗАНИЙ ПО УЛЬЯНОВСКОЙ ОБЛАСТИ""";3
"АО ""МЯСОПРОДУКТЫ""";3
"Акционерное общество ""Экспедиция №2""";3
"ФЕДЕРАЛЬНОЕ ГОСУДАРСТВЕННОЕ КАЗЕННОЕ УЧРЕЖДЕНИЕ ""СПЕЦИАЛЬНОЕ УПРАВЛЕНИЕ ФЕДЕРАЛЬНОЙ ПРОТИВОПОЖАРНОЙ СЛУЖБЫ № 25 МИНИСТЕРСТВА РОССИЙСКОЙ ФЕДЕРАЦИИ ПО ДЕЛАМ ГРАЖД";3
"РЕСПУБЛИКАНСКОЕ ГОСУДАРСТВЕННОЕ КАЗЕННОЕ УЧРЕЖДЕНИЕ ""УПРАВЛЕНИЕ ГОСУДАРСТВЕННОЙ ПРОТИВОПОЖАРНОЙ СЛУЖБЫ РЕСПУБЛИКИ МАРИЙ ЭЛ""";3
МТУ РОСИМУЩЕСТВА В УДМУРТСКОЙ РЕСПУБЛИКЕ И КИРОВСКОЙ ОБЛАСТИ;3
"ФЕДЕРАЛЬНОЕ ГОСУДАРСТВЕННОЕ КАЗЕННОЕ УЧРЕЖДЕНИЕ КОМБИНАТ ""МИР"" УПРАВЛЕНИЯ ФЕДЕРАЛЬНОГО АГЕНТСТВА ПО ГОСУДАРСТВЕННЫМ РЕЗЕРВАМ ПО ЮЖНОМУ ФЕДЕРАЛЬНОМУ ОКРУГУ";3
"ООО ""КАЛИНИНСКАЯ АЭС-СЕРВИС""";3
"ГОСУДАРСТВЕННОЕ УЧРЕЖДЕНИЕ ЗДРАВООХРАНЕНИЯ ""УЛЬЯНОВСКИЙ ОБЛАСТНОЙ КЛИНИЧЕСКИЙ ГОСПИТАЛЬ ВЕТЕРАНОВ ВОЙН""";3
"АКЦИОНЕРНОЕ ОБЩЕСТВО ""КОНЦЕРН ""МОРСКОЕ ПОДВОДНОЕ ОРУЖИЕ - ГИДРОПРИБОР""";3
"ФЕДЕРАЛЬНОЕ ГОСУДАРСТВЕННОЕ БЮДЖЕТНОЕ УЧРЕЖДЕНИЕ ""ФЕДЕРАЛЬНЫЙ ЦЕНТР СЕРДЕЧНО-СОСУДИСТОЙ ХИРУРГИИ"" МИНИСТЕРСТВА ЗДРАВООХРАНЕНИЯ РОССИЙСКОЙ ФЕДЕРАЦИИ (Г. ХАБАРОВС";3
"ФЕДЕРАЛЬНОЕ ГОСУДАРСТВЕННОЕ БЮДЖЕТНОЕ УЧРЕЖДЕНИЕ ""ФЕДЕРАЛЬНЫЙ ЦЕНТР СЕРДЕЧНО-СОСУДИСТОЙ ХИРУРГИИ"" МИНИСТЕРСТВА ЗДРАВООХРАНЕНИЯ РОССИЙСКОЙ ФЕДЕРАЦИИ (Г. ПЕНЗА)";3
"ГОСУДАРСТВЕННОЕ БЮДЖЕТНОЕ УЧРЕЖДЕНИЕ ЗДРАВООХРАНЕНИЯ ""ДИНСКАЯ ЦЕНТРАЛЬНАЯ РАЙОННАЯ БОЛЬНИЦА"" МИНИСТЕРСТВА ЗДРАВООХРАНЕНИЯ КРАСНОДАРСКОГО КРАЯ";3
"ЛГ МУП ""УТВИВ""";3
УФПС Новосибирской области;3
"АО ""Управление административными зданиями""";3
"ФГУП ""НЦ ""Сигнал""";3
"СЕВЕРО-ЗАПАДНЫЙ ФИЛИАЛ ФЕДЕРАЛЬНОГО ГОСУДАРСТВЕННОГО БЮДЖЕТНОГО УЧРЕЖДЕНИЯ ""ГЛАВНОЕ БАССЕЙНОВОЕ УПРАВЛЕНИЕ ПО РЫБОЛОВСТВУ И СОХРАНЕНИЮ ВОДНЫХ БИОЛОГИЧЕСКИХ РЕСУ";3
"ФГУП ""АТОМФЛОТ""";3
Администрация Коркинского городского поселения;3
КОМИТЕТ ПО ЗАКУПКАМ ПСКОВСКОЙ ОБЛАСТИ;3
"АО ""ГНЦ РФ - ФЭИ""";3
"АО ""ГОСНИИМАШ""";3
"АО ""ПОЛИТЕХСТРОЙ""";3
"АО ""ММЗ""";3
"ТОБОЛЬСКИЙ РАЙОН ВОДНЫХ ПУТЕЙ И СУДОХОДСТВА-ФИЛИАЛ ФЕДЕРАЛЬНОГО БЮДЖЕТНОГО УЧРЕЖДЕНИЯ ""АДМИНИСТРАЦИЯ ОБЬ-ИРТЫШСКОГО БАССЕЙНА ВНУТРЕННИХ ВОДНЫХ ПУТЕЙ""";3
"ГОСУДАРСТВЕННОЕ КАЗЕННОЕ УЧРЕЖДЕНИЕ ПСКОВСКОЙ ОБЛАСТИ ""УПРАВЛЕНИЕ ОБЕСПЕЧЕНИЯ ДЕЯТЕЛЬНОСТИ В ЧРЕЗВЫЧАЙНЫХ СИТУАЦИЯХ""";3
ФЕДЕРАЛЬНОЕ ГОСУДАРСТВЕННОЕ БЮДЖЕТНОЕ УЧРЕЖДЕНИЕ НАУКИ ИНСТИТУТ ЛАЗЕРНОЙ ФИЗИКИ СИБИРСКОГО ОТДЕЛЕНИЯ РОССИЙСКОЙ АКАДЕМИИ НАУК;3
"ГОСУДАРСТВЕННОЕ БЮДЖЕТНОЕ УЧРЕЖДЕНИЕ ЗДРАВООХРАНЕНИЯ ""ПРОТИВОТУБЕРКУЛЕЗНЫЙ ДИСПАНСЕР № 12"" МИНИСТЕРСТВА ЗДРАВООХРАНЕНИЯ КРАСНОДАРСКОГО КРАЯ";3
ОМСКИЙ ЛЁТНО-ТЕХНИЧЕСКИЙ КОЛЛЕДЖ ГРАЖДАНСКОЙ АВИАЦИИ ИМЕНИ А.В. ЛЯПИДЕВСКОГО - ФИЛИАЛ ФЕДЕРАЛЬНОГО ГОСУДАРСТВЕННОГО БЮДЖЕТНОГО ОБРАЗОВАТЕЛЬНОГО УЧРЕЖДЕНИЯ ВЫСШЕ;3
АО «Липецкцемент»;3
"ФЕДЕРАЛЬНОЕ ГОСУДАРСТВЕННОЕ КАЗЕННОЕ УЧРЕЖДЕНИЕ ""СПЕЦИАЛЬНОЕ УПРАВЛЕНИЕ ФЕДЕРАЛЬНОЙ ПРОТИВОПОЖАРНОЙ СЛУЖБЫ № 19 МИНИСТЕРСТВА РОССИЙСКОЙ ФЕДЕРАЦИИ ПО ДЕЛАМ ГРАЖД";3
"ФЕДЕРАЛЬНОЕ ГОСУДАРСТВЕННОЕ БЮДЖЕТНОЕ УЧРЕЖДЕНИЕ ""СЕВЕРО-ЗАПАДНЫЙ АВИАЦИОННО-СПАСАТЕЛЬНЫЙ ЦЕНТР МЧС РОССИИ""";3
"ФЕДЕРАЛЬНОЕ ГОСУДАРСТВЕННОЕ БЮДЖЕТНОЕ УЧРЕЖДЕНИЕ ЗДРАВООХРАНЕНИЯ ""ЮЖНЫЙ ОКРУЖНОЙ МЕДИЦИНСКИЙ ЦЕНТР ФЕДЕРАЛЬНОГО МЕДИКО-БИОЛОГИЧЕСКОГО АГЕНТСТВА""";3
ЗАКОНОДАТЕЛЬНОЕ СОБРАНИЕ САНКТ-ПЕТЕРБУРГА;3
"Филиал АО ""РИР"" в г. Новоуральске";3
"ЗАО ""Осколцемент""";3
"ФЕДЕРАЛЬНОЕ ГОСУДАРСТВЕННОЕ КАЗЕННОЕ УЧРЕЖДЕНИЕ КОМБИНАТ ""ГОРНЫЙ"" УПРАВЛЕНИЯ ФЕДЕРАЛЬНОГО АГЕНТСТВА ПО ГОСУДАРСТВЕННЫМ РЕЗЕРВАМ ПО УРАЛЬСКОМУ ФЕДЕРАЛЬНОМУ ОКРУГ";3
УПРАВЛЕНИЕ МУНИЦИПАЛЬНОГО ЗАКАЗА АДМИНИСТРАЦИИ ГОРОДА ЛИПЕЦКА;3
"АО ""КОНЦЕРН ""МПО - ГИДРОПРИБОР""";3
"ФГУП ""ВНИИФТРИ""";3
"ООО ""ГЭХ ЗАКУПКИ""";3
"МУНИЦИПАЛЬНОЕ КАЗЕННОЕ УЧРЕЖДЕНИЕ ""ЦЕНТР ЗАКУПОК-ДОЛГОПРУДНЫЙ""";3
ГЛАВНОЕ УПРАВЛЕНИЕ СМОЛЕНСКОЙ ОБЛАСТИ ПО РЕГУЛИРОВАНИЮ КОНТРАКТНОЙ СИСТЕМЫ;3
"АО ""БАНК ДОМ.РФ""";3
АДМИНИСТРАЦИЯ ГОРОДА НОЯБРЬСКА;3
"ГОСУДАРСТВЕННОЕ УЧРЕЖДЕНИЕ ЗДРАВООХРАНЕНИЯ ""САРАТОВСКАЯ СТОМАТОЛОГИЧЕСКАЯ ПОЛИКЛИНИКА № 8""";3
"ГОСУДАРСТВЕННОЕ БЮДЖЕТНОЕ УЧРЕЖДЕНИЕ ЗДРАВООХРАНЕНИЯ ЛЕНИНГРАДСКОЙ ОБЛАСТИ ""КИРИШСКАЯ КЛИНИЧЕСКАЯ МЕЖРАЙОННАЯ БОЛЬНИЦА""";3
"ООО ""НИИ Транснефть""";3
"ФГАОУ ВО ""УРФУ ИМЕНИ ПЕРВОГО ПРЕЗИДЕНТА РОССИИ Б.Н. ЕЛЬЦИНА"", УРАЛЬСКИЙ ФЕДЕРАЛЬНЫЙ УНИВЕРСИТЕТ, УРФУ, УРАЛЬСКИЙ ФЕДЕРАЛЬНЫЙ УНИВЕРСИТЕТ ИМЕНИ ПЕРВОГО ПРЕЗИДЕНТ";3
"ФЕДЕРАЛЬНОЕ ГОСУДАРСТВЕННОЕ КАЗЕННОЕ УЧРЕЖДЕНИЕ ""СПЕЦИАЛЬНОЕ УПРАВЛЕНИЕ ФЕДЕРАЛЬНОЙ ПРОТИВОПОЖАРНОЙ СЛУЖБЫ № 29 МИНИСТЕРСТВА РОССИЙСКОЙ ФЕДЕРАЦИИ ПО ДЕЛАМ ГРАЖД";3
Концевой Константин Иванович;3
"ФЕДЕРАЛЬНОЕ КАЗЕННОЕ УЧРЕЖДЕНИЕ ""ИСПРАВИТЕЛЬНАЯ КОЛОНИЯ № 12 ГЛАВНОГО УПРАВЛЕНИЯ ФЕДЕРАЛЬНОЙ СЛУЖБЫ ИСПОЛНЕНИЯ НАКАЗАНИЙ ПО СВЕРДЛОВСКОЙ ОБЛАСТИ""";3
ГУП ПЭО   Байконурэнерго   г. Байконур;3
"МУНИЦИПАЛЬНОЕ КАЗЕННОЕ УЧРЕЖДЕНИЕ ГОРОДА НОВОСИБИРСКА ""НОВОСИБИРСКИЙ ЦЕНТР ПО ПРОБЛЕМАМ ДОМАШНИХ ЖИВОТНЫХ""";3
"ГКУ РО ""Центр закупок Рязанской области""";3
"АКЦИОНЕРНОЕ ОБЩЕСТВО ТУРАЕВСКОЕ МАШИНОСТРОИТЕЛЬНОЕ КОНСТРУКТОРСКОЕ БЮРО ""СОЮЗ""";3
"АО ""ТАЛК""";3
"ГОСУДАРСТВЕННОЕ КАЗЕННОЕ УЧРЕЖДЕНИЕ ""ПРОТИВОПОЖАРНАЯ И АВАРИЙНО-СПАСАТЕЛЬНАЯ СЛУЖБА СТАВРОПОЛЬСКОГО КРАЯ""";3
УМИ;3
"БЮДЖЕТНОЕ СПЕЦИАЛИЗИРОВАННОЕ УЧРЕЖДЕНИЕ ""ФОНД ИМУЩЕСТВА КАЛУЖСКОЙ ОБЛАСТИ""";3
"ФЕДЕРАЛЬНОЕ КАЗЕННОЕ УЧРЕЖДЕНИЕ ""ИСПРАВИТЕЛЬНАЯ КОЛОНИЯ № 4 УПРАВЛЕНИЯ ФЕДЕРАЛЬНОЙ СЛУЖБЫ ИСПОЛНЕНИЯ НАКАЗАНИЙ ПО РЕСПУБЛИКЕ БАШКОРТОСТАН""";3
"ВЕРХНЕ-КАМСКИЙ РАЙОН ВОДНЫХ ПУТЕЙ И СУДОХОДСТВА-ФИЛИАЛ ФБУ ""АДМИНИСТРАЦИЯ КАМСКОГО БАССЕЙНА ВНУТРЕННИХ ВОДНЫХ ПУТЕЙ""";3
"МКП МО Г. НЯГАНЬ ""НРК""";3
"БАЗА ИССЛЕДОВАТЕЛЬСКОГО ФЛОТА ФЕДЕРАЛЬНОГО ГОСУДАРСТВЕННОГО БЮДЖЕТНОГО НАУЧНОГО УЧРЕЖДЕНИЯ ""ВСЕРОССИЙСКИЙ НАУЧНО-ИССЛЕДОВАТЕЛЬСКИЙ ИНСТИТУТ РЫБНОГО ХОЗЯЙСТВА И";3
"ГОСУДАРСТВЕННОЕ БЮДЖЕТНОЕ УЧРЕЖДЕНИЕ ЗДРАВООХРАНЕНИЯ СВЕРДЛОВСКОЙ ОБЛАСТИ ""АРТИНСКАЯ ЦЕНТРАЛЬНАЯ РАЙОННАЯ БОЛЬНИЦА""";3
"УНИВЕРСИТЕТ ИТМО; НИУ ИТМО; ИТМО";3
ИФП СО РАН;3
ТУ Росимущества в Ставропольском крае;3
"ГОСУДАРСТВЕННОЕ БЮДЖЕТНОЕ УЧРЕЖДЕНИЕ ""САНКТ-ПЕТЕРБУРГСКИЙ НАУЧНО-ИССЛЕДОВАТЕЛЬСКИЙ ИНСТИТУТ СКОРОЙ ПОМОЩИ ИМЕНИ  И.И. ДЖАНЕЛИДЗЕ""";3
"ФЕДЕРАЛЬНОЕ ГОСУДАРСТВЕННОЕ БЮДЖЕТНОЕ УЧРЕЖДЕНИЕ ""4 ПОЖАРНАЯ ЧАСТЬ ФЕДЕРАЛЬНОЙ ПРОТИВОПОЖАРНОЙ СЛУЖБЫ ГОСУДАРСТВЕННОЙ ПРОТИВОПОЖАРНОЙ СЛУЖБЫ ПО ХАБАРОВСКОМУ КРА";3
"ОМС ""Комитет по управлению имуществом""";3
"МУНИЦИПАЛЬНОЕ КАЗЕННОЕ УЧРЕЖДЕНИЕ ""ЦЕНТР ЗАКУПОК ГОРОДА ПЕНЗЫ""";3
"ФЕДЕРАЛЬНОЕ ГОСУДАРСТВЕННОЕ КАЗЕННОЕ УЧРЕЖДЕНИЕ ""1 ОТРЯД ФЕДЕРАЛЬНОЙ ПРОТИВОПОЖАРНОЙ СЛУЖБЫ ПО ВОРОНЕЖСКОЙ ОБЛАСТИ""";3
"ГОСУДАРСТВЕННОЕ БЮДЖЕТНОЕ УЧРЕЖДЕНИЕ ЗДРАВООХРАНЕНИЯ СВЕРДЛОВСКОЙ ОБЛАСТИ ""ГОРОДСКАЯ ИНФЕКЦИОННАЯ БОЛЬНИЦА ГОРОД НИЖНИЙ ТАГИЛ""";3
"АО ""ЭЛЕКТРОТЯГА""";3
"ФГБОУ ВО ""ОМСКИЙ ГОСУДАРСТВЕННЫЙ ТЕХНИЧЕСКИЙ УНИВЕРСИТЕТ"", ОМГТУ, ОМСКИЙ ГОСУДАРСТВЕННЫЙ ТЕХНИЧЕСКИЙ УНИВЕРСИТЕТ";3
"ФЕДЕРАЛЬНОЕ ГОСУДАРСТВЕННОЕ КАЗЕННОЕ УЧРЕЖДЕНИЕ ""1 ОТРЯД ФЕДЕРАЛЬНОЙ ПРОТИВОПОЖАРНОЙ СЛУЖБЫ ПО УЛЬЯНОВСКОЙ ОБЛАСТИ""";3
"ФЕДЕРАЛЬНОЕ ГОСУДАРСТВЕННОЕ КАЗЕННОЕ УЧРЕЖДЕНИЕ ""1 ОТРЯД ФЕДЕРАЛЬНОЙ ПРОТИВОПОЖАРНОЙ СЛУЖБЫ ПО НИЖЕГОРОДСКОЙ ОБЛАСТИ""";3
"ФЕДЕРАЛЬНОЕ ГОСУДАРСТВЕННОЕ КАЗЕННОЕ УЧРЕЖДЕНИЕ ""ОТРЯД ФЕДЕРАЛЬНОЙ ПРОТИВОПОЖАРНОЙ СЛУЖБЫ ПО ОРЛОВСКОЙ ОБЛАСТИ""";3
"ФЕДЕРАЛЬНОЕ ГОСУДАРСТВЕННОЕ КАЗЕННОЕ УЧРЕЖДЕНИЕ ""4 ОТРЯД ФЕДЕРАЛЬНОЙ ПРОТИВОПОЖАРНОЙ СЛУЖБЫ ПО ОМСКОЙ ОБЛАСТИ""";3
"МУНИЦИПАЛЬНОЕ ПРЕДПРИЯТИЕ ЗАТО ЖЕЛЕЗНОГОРСК КРАСНОЯРСКОГО КРАЯ ""ГОРОДСКАЯ ТЕЛЕФОННАЯ СЕТЬ""";3
МИНИСТЕРСТВО ИМУЩЕСТВЕННЫХ И ЗЕМЕЛЬНЫХ ОТНОШЕНИЙ ТВЕРСКОЙ ОБЛАСТИ;3
"ФЕДЕРАЛЬНОЕ КАЗЕННОЕ УЧРЕЖДЕНИЕ ""9 ОТРЯД ФЕДЕРАЛЬНОЙ ПРОТИВОПОЖАРНОЙ СЛУЖБЫ ГОСУДАРСТВЕННОЙ ПРОТИВОПОЖАРНОЙ СЛУЖБЫ ПО СТАВРОПОЛЬСКОМУ КРАЮ (ДОГОВОРНОЙ)""";3
"ФЕДЕРАЛЬНОЕ ГОСУДАРСТВЕННОЕ УНИТАРНОЕ ПРЕДПРИЯТИЕ ""ГОСУДАРСТВЕННАЯ КОРПОРАЦИЯ ПО ОРГАНИЗАЦИИ ВОЗДУШНОГО ДВИЖЕНИЯ В РОССИЙСКОЙ ФЕДЕРАЦИИ""";3
"ГОСУДАРСТВЕННОЕ БЮДЖЕТНОЕ УЧРЕЖДЕНИЕ ЗДРАВООХРАНЕНИЯ СВЕРДЛОВСКОЙ ОБЛАСТИ ""КАЧКАНАРСКАЯ ЦЕНТРАЛЬНАЯ ГОРОДСКАЯ БОЛЬНИЦА""";3
"ФЕДЕРАЛЬНОЕ ГОСУДАРСТВЕННОЕ КАЗЕННОЕ УЧРЕЖДЕНИЕ КОМБИНАТ ""САМОЦВЕТ"" УПРАВЛЕНИЯ ФЕДЕРАЛЬНОГО АГЕНТСТВА ПО ГОСУДАРСТВЕННЫМ РЕЗЕРВАМ ПО УРАЛЬСКОМУ ФЕДЕРАЛЬНОМУ ОКР";3
"ФЕДЕРАЛЬНОЕ ГОСУДАРСТВЕННОЕ УНИТАРНОЕ ПРЕДПРИЯТИЕ ""ВОЕНИЗИРОВАННАЯ ГОРНОСПАСАТЕЛЬНАЯ ЧАСТЬ""";3
Садыков Руслан Ринатович;3
"МУНИЦИПАЛЬНОЕ УНИТАРНОЕ ПРЕДПРИЯТИЕ ""ВОДОПРОВОДНО-КАНАЛИЗАЦИОННОЕ ХОЗЯЙСТВО Г.ГЛАЗОВА"" МУНИЦИПАЛЬНОГО ОБРАЗОВАНИЯ ""ГОРОД ГЛАЗОВ""";3
Зонова Ольга Сергеевна;3
АДМИНИСТРАЦИЯ ГОРОДСКОГО ОКРУГА ГОРОД СТЕРЛИТАМАК РЕСПУБЛИКИ БАШКОРТОСТАН;3
"САНКТ-ПЕТЕРБУРГСКОЕ ГОСУДАРСТВЕННОЕ БЮДЖЕТНОЕ УЧРЕЖДЕНИЕ ЗДРАВООХРАНЕНИЯ ""КЛИНИЧЕСКАЯ ИНФЕКЦИОННАЯ БОЛЬНИЦА ИМ. С.П. БОТКИНА""";3
"ООО ""ФПК""";3
"САНКТ-ПЕТЕРБУРГСКОЕ ГОСУДАРСТВЕННОЕ БЮДЖЕТНОЕ УЧРЕЖДЕНИЕ ЗДРАВООХРАНЕНИЯ ""СТОМАТОЛОГИЧЕСКАЯ ПОЛИКЛИНИКА № 28 КРАСНОСЕЛЬСКОГО РАЙОНА""";3
"ФЕДЕРАЛЬНОЕ ГОСУДАРСТВЕННОЕ УНИТАРНОЕ ПРЕДПРИЯТИЕ ""МОСКОВСКОЕ ПРОТЕЗНО-ОРТОПЕДИЧЕСКОЕ ПРЕДПРИЯТИЕ"" МИНИСТЕРСТВА ТРУДА И СОЦИАЛЬНОЙ ЗАЩИТЫ РОССИЙСКОЙ ФЕДЕРАЦИИ";3
"АО ""ЯМАЛКОММУНЭНЕРГО""";3
УПРАВЛЕНИЕ ЭКОНОМИКИ И ИМУЩЕСТВЕННЫХ ОТНОШЕНИЙ ГОРОДА КАЛУГИ;3
"ФЕДЕРАЛЬНОЕ ГОСУДАРСТВЕННОЕ БЮДЖЕТНОЕ УЧРЕЖДЕНИЕ ЗДРАВООХРАНЕНИЯ ""ЦЕНТРАЛЬНАЯ МЕДИКО-САНИТАРНАЯ ЧАСТЬ № 58 ФЕДЕРАЛЬНОГО МЕДИКО-БИОЛОГИЧЕСКОГО АГЕНТСТВА""";3
"МУНИЦИПАЛЬНОЕ КАЗЕННОЕ УЧРЕЖДЕНИЕ БЕЛОГЛИНСКОГО РАЙОНА ""ЦЕНТР ПО ОСУЩЕСТВЛЕНИЮ ЗАКУПОК МУНИЦИПАЛЬНОГО ОБРАЗОВАНИЯ БЕЛОГЛИНСКИЙ РАЙОН""";3
"ООО ""ЭЛТОР""";3
"ГОСУДАРСТВЕННОЕ КАЗЕННОЕ УЧРЕЖДЕНИЕ ГОРОДА МОСКВЫ ""ДИРЕКЦИЯ ЗАКАЗЧИКА ЖИЛИЩНО-КОММУНАЛЬНОГО ХОЗЯЙСТВА И БЛАГОУСТРОЙСТВА ЮЖНОГО АДМИНИСТРАТИВНОГО ОКРУГА""";3
УПРАВЛЕНИЕ ФЕДЕРАЛЬНОЙ СЛУЖБЫ БЕЗОПАСНОСТИ РОССИЙСКОЙ ФЕДЕРАЦИИ ПО СВЕРДЛОВСКОЙ ОБЛАСТИ;3
"ФЕДЕРАЛЬНОЕ ГОСУДАРСТВЕННОЕ КАЗЕННОЕ УЧРЕЖДЕНИЕ ""2 ПОЖАРНО-СПАСАТЕЛЬНЫЙ ОТРЯД ФЕДЕРАЛЬНОЙ ПРОТИВОПОЖАРНОЙ СЛУЖБЫ ПО РЕСПУБЛИКЕ КРЫМ""";3
"ГОСУДАРСТВЕННОЕ БЮДЖЕТНОЕ УЧРЕЖДЕНИЕ РОСТОВСКОЙ ОБЛАСТИ ""ЦЕНТР МЕДИЦИНСКОЙ РЕАБИЛИТАЦИИ № 2"" В Г. НОВОШАХТИНСКЕ";3
"ГОСУДАРСТВЕННОЕ УЧРЕЖДЕНИЕ ЗДРАВООХРАНЕНИЯ САРАТОВСКОЙ ОБЛАСТИ ""ТАТИЩЕВСКАЯ РАЙОННАЯ БОЛЬНИЦА""";3
"ГОСУДАРСТВЕННОЕ УЧРЕЖДЕНИЕ  ЗДРАВООХРАНЕНИЯ ""САРАТОВСКАЯ СТОМАТОЛОГИЧЕСКАЯ ПОЛИКЛИНИКА № 5""";3
ИП Потебенько Эдуард Николаевич;3
Порфирьев Леонид Михайлович;3
"ГОСУДАРСТВЕННОЕ БЮДЖЕТНОЕ УЧРЕЖДЕНИЕ ЗДРАВООХРАНЕНИЯ МОСКОВСКОЙ ОБЛАСТИ ""СОЛНЕЧНОГОРСКАЯ ЦЕНТРАЛЬНАЯ РАЙОННАЯ БОЛЬНИЦА""";3
"АВТОНОМНАЯ НЕКОММЕРЧЕСКАЯ ОРГАНИЗАЦИЯ ""АГЕНТСТВО КОНКУРСНЫХ ТЕХНОЛОГИЙ""";3
Пашкова Светлана Валентиновна;3
"ГОСУДАРСТВЕННОЕ БЮДЖЕТНОЕ УЧРЕЖДЕНИЕ ЗДРАВООХРАНЕНИЯ РЕСПУБЛИКИ КАРЕЛИЯ ""ПУДОЖСКАЯ ЦЕНТРАЛЬНАЯ РАЙОННАЯ БОЛЬНИЦА""";3
"ФЕДЕРАЛЬНОЕ ГОСУДАРСТВЕННОЕ УНИТАРНОЕ ПРЕДПРИЯТИЕ ""ЦЕНТРАЛЬНЫЙ ИНСТИТУТ АВИАЦИОННОГО МОТОРОСТРОЕНИЯ ИМЕНИ П.И. БАРАНОВА""";3
АДМИНИСТРАЦИЯ ГОРОДА ОРЕНБУРГА;3
Литвинов Евгений Анатольевич;3
"ФЕДЕРАЛЬНОЕ ГОСУДАРСТВЕННОЕ КАЗЕННОЕ УЧРЕЖДЕНИЕ ""ВОЙСКОВАЯ ЧАСТЬ 52295""";3
"ФЕДЕРАЛЬНОЕ ГОСУДАРСТВЕННОЕ КАЗЕННОЕ УЧРЕЖДЕНИЕ ""ПОГРАНИЧНОЕ УПРАВЛЕНИЕ ФЕДЕРАЛЬНОЙ СЛУЖБЫ БЕЗОПАСНОСТИ РОССИЙСКОЙ ФЕДЕРАЦИИ ПО РЕСПУБЛИКЕ КАЛМЫКИЯ И АСТРАХАНСК";3
Александр Сергеевич Горячев;3
Бородкина Светлана Павловна;3
"ГОСУДАРСТВЕННОЕ БЮДЖЕТНОЕ УЧРЕЖДЕНИЕ ЗДРАВООХРАНЕНИЯ ПЕРМСКОГО КРАЯ ""МЕДСАНЧАСТЬ № 9 ИМ. М.А. ТВЕРЬЕ""";3
АДМИНИСТРАЦИЯ ПАЛКИНСКОГО РАЙОНА;3
"РЕСПУБЛИКАНСКОЕ ГОСУДАРСТВЕННОЕ БЮДЖЕТНОЕ ЛЕЧЕБНО-ПРОФИЛАКТИЧЕСКОЕ УЧРЕЖДЕНИЕ ""РЕСПУБЛИКАНСКИЙ ПЕРИНАТАЛЬНЫЙ ЦЕНТР""";3
МОСКОВСКИЙ ГОСУДАРСТВЕННЫЙ УНИВЕРСИТЕТ ИМЕНИ М.В.ЛОМОНОСОВА, МГУ ИМЕНИ М.В.ЛОМОНОСОВА, МОСКОВСКИЙ УНИВЕРСИТЕТ ИЛИ МГУ;3
ДЕПАРТАМЕНТ ИМУЩЕСТВЕННЫХ ОТНОШЕНИЙ И ГОСУДАРСТВЕННЫХ ЗАКУПОК НОВГОРОДСКОЙ ОБЛАСТИ;3
МИНИСТЕРСТВО ТРУДА И СОЦИАЛЬНОЙ ЗАЩИТЫ РОССИЙСКОЙ ФЕДЕРАЦИИ;3
"АКЦИОНЕРНОЕ ОБЩЕСТВО ""НАУЧНО-ИССЛЕДОВАТЕЛЬСКИЙ ИНСТИТУТ ""ПОЛЮС"" ИМ. М.Ф.СТЕЛЬМАХА""";3
"ФЕДЕРАЛЬНОЕ ГОСУДАРСТВЕННОЕ КАЗЕННОЕ УЧРЕЖДЕНИЕ ""СИБИРСКИЙ РЕГИОНАЛЬНЫЙ ПОИСКОВО-СПАСАТЕЛЬНЫЙ ОТРЯД МЧС РОССИИ""";3
"федеральное государственное казенное учреждение ""Войсковая часть 45185""";3
СЛУЖБА ОХРАНЫ ПО СЕВЕРО-ЗАПАДНОМУ ФЕДЕРАЛЬНОМУ ОКРУГУ ФЕДЕРАЛЬНОЙ СЛУЖБЫ ОХРАНЫ РОССИЙСКОЙ ФЕДЕРАЦИИ;3
"ФЕДЕРАЛЬНОЕ ГОСУДАРСТВЕННОЕ БЮДЖЕТНОЕ УЧРЕЖДЕНИЕ ""СРЕДНЕ-ВОЛЖСКОЕ БАССЕЙНОВОЕ УПРАВЛЕНИЕ ПО РЫБОЛОВСТВУ И СОХРАНЕНИЮ ВОДНЫХ БИОЛОГИЧЕСКИХ РЕСУРСОВ""";3
"ООО ""ВЕТРАН""";3
"МУНИЦИПАЛЬНОЕ БЮДЖЕТНОЕ УЧРЕЖДЕНИЕ ЗДРАВООХРАНЕНИЯ МУНИЦИПАЛЬНОГО ОБРАЗОВАНИЯ ЛАБИНСКИЙ РАЙОН КРАСНОДАРСКОГО КРАЯ ""ЦЕНТРАЛЬНАЯ РАЙОННАЯ БОЛЬНИЦА""";3
"ГОСУДАРСТВЕННОЕ УЧРЕЖДЕНИЕ ЗДРАВООХРАНЕНИЯ САРАТОВСКОЙ ОБЛАСТИ ""ДЕТСКАЯ ГОРОДСКАЯ БОЛЬНИЦА Г. БАЛАКОВО""";3
"ГОСУДАРСТВЕННОЕ БЮДЖЕТНОЕ УЧРЕЖДЕНИЕ ЗДРАВООХРАНЕНИЯ АСТРАХАНСКОЙ ОБЛАСТИ ""ГОРОДСКАЯ БОЛЬНИЦА ЗАТО ЗНАМЕНСК""";3
"ФЕДЕРАЛЬНОЕ ГОСУДАРСТВЕННОЕ БЮДЖЕТНОЕ УЧРЕЖДЕНИЕ ""ФЕДЕРАЛЬНОЕ БЮРО МЕДИКО-СОЦИАЛЬНОЙ ЭКСПЕРТИЗЫ"" МИНИСТЕРСТВА ТРУДА И СОЦИАЛЬНОЙ ЗАЩИТЫ РОССИЙСКОЙ ФЕДЕРАЦИИ";3
"казенное учреждение Ханты-Мансийского автономного округа - Югры ""Пыть-Яхский центр занятости населения""";3
"ОБЩЕСТВО С ОГРАНИЧЕННОЙ ОТВЕТСТВЕННОСТЬЮ ""ЭКОНОМ ГРУПП""";3
ЦЕНТРАЛЬНОЕ ТАМОЖЕННОЕ УПРАВЛЕНИЕ;3
Логинов Олег Анатольевич;3
ГОСУДАРСТВЕННОЕ УЧРЕЖДЕНИЕ-КРАСНОДАРСКОЕ РЕГИОНАЛЬНОЕ ОТДЕЛЕНИЕ ФОНДА СОЦИАЛЬНОГО СТРАХОВАНИЯ РОССИЙСКОЙ ФЕДЕРАЦИИ;3
ВОЙСКОВАЯ ЧАСТЬ 3532;3
"МУНИЦИПАЛЬНОЕ БЮДЖЕТНОЕ УЧРЕЖДЕНИЕ ЗДРАВООХРАНЕНИЯ ""ЦЕНТРАЛЬНАЯ РАЙОННАЯ БОЛЬНИЦА"" АДМИНИСТРАЦИИ МУНИЦИПАЛЬНОГО ОБРАЗОВАНИЯ ПАВЛОВСКИЙ РАЙОН";3
"Санкт-Петербургское государственное бюджетное учреждение здравоохранения ""Стоматологическая поликлиника №6""";3
"ФЕДЕРАЛЬНОЕ ГОСУДАРСТВЕННОЕ БЮДЖЕТНОЕ УЧРЕЖДЕНИЕ ""ЦЕНТРАЛЬНЫЙ НАУЧНО-ИССЛЕДОВАТЕЛЬСКИЙ ИНСТИТУТ СТОМАТОЛОГИИ И ЧЕЛЮСТНО-ЛИЦЕВОЙ ХИРУРГИИ"" МИНИСТЕРСТВА ЗДРАВООХР";3
"ФЕДЕРАЛЬНОЕ БЮДЖЕТНОЕ УЧРЕЖДЕНИЕ ЦЕНТР РЕАБИЛИТАЦИИ ФОНДА СОЦИАЛЬНОГО СТРАХОВАНИЯ РОССИЙСКОЙ ФЕДЕРАЦИИ ""ВОЛГОГРАД""";3
УФПС ЧЕЛЯБИНСКОЙ ОБЛАСТИ;3
государственное бюджетное учреждение здравоохранения Республики Башкортостан Туймазинская центральная районная больница;3
"ФЕДЕРАЛЬНОЕ ГОСУДАРСТВЕННОЕ КАЗЕННОЕ УЧРЕЖДЕНИЕ ""АРКТИЧЕСКИЙ СПАСАТЕЛЬНЫЙ УЧЕБНО-НАУЧНЫЙ ЦЕНТР ""ВЫТЕГРА""";3
Главное управление Министерства Российской Федерации по делам гражданской обороны, чрезвычайным ситуациям и ликвидации последствий стихийных бедствий по Нижегор;3
"краевое государственное бюджетное учреждение здравоохранения ""Спасская стоматологическая поликлиника""";3
"Государственное бюджетное учреждение здравоохранения Нижегородской области ""Выксунская центральная районная больница""";3
"Санкт-Петербургское государственное бюджетное учреждение здравоохранения ""Поликлиника стоматологическая № 16""";3
Бакиров Нафис Фавзиевич;3
ФЕДЕРАЛЬНОЕ ГОСУДАРСТВЕННОЕ БЮДЖЕТНОЕ УЧРЕЖДЕНИЕ НАУКИ ИНСТИТУТ КАТАЛИЗА ИМ. Г.К. БОРЕСКОВА СИБИРСКОГО ОТДЕЛЕНИЯ РОССИЙСКОЙ АКАДЕМИИ НАУК;3
"федеральное государственное бюджетное образовательное учреждение дополнительного профессионального образования ""Учебный центр федеральной противопожарной службы";3
Некеров Александр Викторович;3
"федеральное государственное бюджетное учреждение ""Новосибирский научно-исследовательский институт патологии кровообращения имени академика Е.Н. Мешалкина"" Минис";3
Федеральное государственное бюджетное учреждение науки Физико-технологический институт Российской академии наук;3
Приокское управление Федеральной службы по экологическому, технологическому и атомному надзору;3
"филиал ""Санаторно-курортный комплекс ""Вулан"" федерального государственного бюджетного учреждения ""Российский научный центр медицинской реабилитации и курортолог";3
"Федеральное государственное бюджетное учреждение здравоохранения ""Клиническая больница № 119 Федерального медико-биологического агентства""";3
Большакова Ирина Александровна;3
Государственное учреждение - Кузбасское региональное отделение Фонда социального страхования Российской Федерации;3
"федеральное государственное казенное учреждение ""Пограничное управление Федеральной службы безопасности Российской Федерации по Приморскому краю""";3
"федеральное государственное бюджетное учреждение ""Консультативно-диагностический центр с поликлиникой"" Управления делами Президента Российской Федерации";3
"федеральное государственное бюджетное образовательное учреждение высшего профессионального образования ""Санкт-Петербургский государственный университет""";3
"Федеральное государственное бюджетное учреждение здравоохранения ""Северный медицинский клинический центр имени Н.А. Семашко Федерального медико-биологического а";3
Управление Федеральной налоговой службы по Ивановской области;3
ЛИН СО РАН;3
"Муниципальное лечебно-профилактическое учреждение ""Егорьевская центральная районная больница""";3
"Федеральное государственное бюджетное учреждение ""Федеральный центр сердечно-сосудистой хирургии"" Министерства здравоохранения Российской Федерации (г. Астрахан";3
"Открытое акционерное общество ""Пензенское производственное объединение ""Электроприбор""";3
Николаева Оксана Владимировна;3
"федеральное государственное бюджетное учреждение ""Федеральный медицинский исследовательский центр имени В.А. Алмазова"" Министерства здравоохранения Российской Ф";3
"федеральное государственное бюджетное лечебно-профилактическое учреждение ""Научно-клинический центр охраны здоровья шахтеров""";3
"федеральное государственное казенное учреждение ""Специальное управление федеральной противопожарной службы № 51 Министерства Российской Федерации по делам гражд";3
Министерство имущественных и земельных отношений Тверской области;3
"Федеральное бюджетное учреждение ""Администрация Обь-Иртышского бассейна внутренних водных путей""";3
государственное бюджетное образовательное учреждение высшего профессионального образования Первый Московский государственный медицинский университет имени И.М.;3
Абросимов Алексей Михайлович;3
Федеральное государственное бюджетное учреждение науки Томский научный центр Сибирского отделения Российской академии наук;3
Фаткуллин Салават Факилевич;3
Прокофьев Виктор Викторович;3
ООО ЮК «Союз-Консалтинг»;3
Салихов Руслан Иосифович;3
Киселева Елизавета Александровна;3
"государственное бюджетное образовательное учреждение высшего профессионального образования ""Волгоградский государственный медицинский университет"" Министерства";3
"муниципальное бюджетное учреждение здравоохранения ""Городская больница №6 города Ростова-на-Дону""";3
Федеральное государственное бюджетное учреждение науки Институт прикладной физики Российской академии наук;3
"федеральное казенное учреждение ""Главный военный клинический госпиталь внутренних войск Министерства внутренних дел Российской Федерации""";3
"федеральное государственное бюджетное учреждение ""Московский научно-исследовательский онкологический институт имени П.А. Герцена"" Министерства здравоохранения Р";3
"федеральное казенное учреждение ""Исправительная колония № 7 Главного управления Федеральной службы исполнения наказаний по Республике Башкортостан""";3
"федеральное государственное бюджетное учреждение ""Гематологический научный центр"" Министерства здравоохранения Российской Федерации";3
"федеральное государственное бюджетное учреждение ""Центральный научно-исследовательский институт стоматологии и челюстно-лицевой хирургии"" Министерства здравоохр";3
"федеральное бюджетное учреждение ""Федеральное управление по безопасному хранению и уничтожению химического оружия при Министерстве промышленности и торговли Рос";3
Китов Сергей Владимирович;3
Администрация муниципального района Учалинский район Республики Башкортостан;3
"федеральное государственное бюджетное образовательное учреждение высшего профессионального образования ""Московский государственный технический университет имени";3
"государственное бюджетное учреждение здравоохранения Свердловской области ""Противотуберкулезный диспансер""";3
"государственное (областное) бюджетное учреждение ""Управление государственной противопожарной спасательной службы Липецкой области""";3
"Общество с ограниченной ответственностью ""Сектор успеха""";3
Управление по размещению госзаказа Липецкой области;3
"федеральное государственное унитарное предприятие ""Всероссийский научно-исследовательский институт авиационных материалов""";3
Приходько Роман Станиславович;3
"Федеральное государственное бюджетное учреждение ""Федеральный Центр сердца, крови и эндокринологии имени В.А. Алмазова"" Министерства здравоохранения и социально";3
Администрация городского округа - город Волжский Волгоградской области;3
Федеральное государственное бюджетное учреждение науки Институт теоретической и прикладной механики им. С.А. Христиановича Сибирского отделения Российской акаде;3
"Санкт-Петербургское государственное бюджетное учреждение здравоохранения ""Детская городская больница № 22""";3
"федеральное государственное бюджетное образовательное учреждение высшего профессионального образования ""Санкт-Петербургский государственный политехнический унив";3
"Муниципальное учреждение здравоохранения "" Кяхтинская Центральная Районная Больница """;3
отдел по гражданской обороне, чрезвычайным ситуациям и пожарной безопасности Приморского края;3
Федеральное государственное бюджетное учреждение науки Институт физики полупроводников им. А.В. Ржанова Сибирского отделения Российской академии наук;3
управление государственного заказа Амурской области;3
"федеральное государственное бюджетное образовательное учреждение высшего профессионального образования ""Башкирский государственный университет""";3
"Государственное бюджетное образовательное учреждение высшего профессионального образования ""Самарский государственный медицинский университет"" Министерства здра";3
"федеральное государственное бюджетное образовательное учреждение высшего профессионального образования ""Пермский национальный исследовательский политехнический";3
"федеральное государственное образовательное учреждение высшего профессионального образования ""Московский государственный университет имени М.В.Ломоносова""";3
Комитет государственного заказа Вологодской области;3
"Муниципальное учреждение ""Администрация Муниципального образования ""Чебаркульский городской округ""";3
"Федеральное государственное учреждение Министерства обороны Российской Федерации ""Центральный спортивный клуб Армии""";3
"Федеральное государственное образовательное учреждение высшего профессионального образования ""Национальный исследовательский технологический университет ""МИСиС""";3
"МУП ""ЭНЕРГОСЕРВИС"" МО КРАСНОУФИМСКИЙ РАЙОН";3
"ОБЛАСТНОЕ КАЗЕННОЕ УЧРЕЖДЕНИЕ ""ЛИПЕЦКИЙ ОБЛАСТНОЙ ПРОТИВОТУБЕРКУЛЕЗНЫЙ САНАТОРИЙ ""ЛЕСНАЯ СКАЗКА""";3
АДМИНИСТРАЦИЯ МУНИЦИПАЛЬНОГО ОБРАЗОВАНИЯ - РЫБНОВСКИЙ МУНИЦИПАЛЬНЫЙ РАЙОН РЯЗАНСКОЙ ОБЛАСТИ;3
"МУНИЦИПАЛЬНОЕ КАЗЕННОЕ УЧРЕЖДЕНИЕ ""КОМИТЕТ ПО ЗАКУПКАМ"" ГОРОДСКОГО ОКРУГА КАШИРА";3
Кислицын Андрей  Петрович;3
"ФГУП ""ПСЗ""; ФГУП ""ПРИБОРОСТРОИТЕЛЬНЫЙ ЗАВОД""";3
"ФЕДЕРАЛЬНОЕ КАЗЕННОЕ УЧРЕЖДЕНИЕ ЗДРАВООХРАНЕНИЯ ""САНАТОРИЙ ""ЛЕСНОЕ ОЗЕРО"" МИНИСТЕРСТВА ВНУТРЕННИХ ДЕЛ РОССИЙСКОЙ ФЕДЕРАЦИИ""";3
АДМИНИСТРАЦИЯ ПОЖАРСКОГО МУНИЦИПАЛЬНОГО РАЙОНА ПРИМОРСКОГО КРАЯ;3
АДМИНИСТРАЦИЯ ПЕРВОМАЙСКОГО ГОРОДСКОГО ПОСЕЛЕНИЯ КОРКИНСКОГО МУНИЦИПАЛЬНОГО РАЙОНА ЧЕЛЯБИНСКОЙ ОБЛАСТИ;3
ФКП РФО;3
"федеральное государственное унитарное предприятие ""Производственное объединение ""Октябрь""";3
"ФЕДЕРАЛЬНОЕ БЮДЖЕТНОЕ УЧРЕЖДЕНИЕ ""АДМИНИСТРАЦИЯ ВОЛГО-БАЛТИЙСКОГО БАССЕЙНА ВНУТРЕННИХ ВОДНЫХ ПУТЕЙ""";3
"АО ""ТЕПЛИЧНОЕ""";3
"ООО ""ТРАНСНЕФТЬ - ВОСТОК""";3
ДЕПАРТАМЕНТ КОНТРАКТНОЙ СИСТЕМЫ В СФЕРЕ ЗАКУПОК АДМИНИСТРАЦИИ ГОРОДА ОМСКА;3
"ФЕДЕРАЛЬНОЕ КАЗЕННОЕ УЧРЕЖДЕНИЕ ""ИСПРАВИТЕЛЬНАЯ КОЛОНИЯ № 42 С ОСОБЫМИ УСЛОВИЯМИ ХОЗЯЙСТВЕННОЙ ДЕЯТЕЛЬНОСТИ УПРАВЛЕНИЯ ФЕДЕРАЛЬНОЙ СЛУЖБЫ ИСПОЛНЕНИЯ НАКАЗАНИЙ П";3
"АО ""Атомкомплект""";3
"ООО ""ВИС-МАГНИТ""";3
"Управление по строительству и жилищно-коммунальному хозяйству Администрации муниципального образования ""Гагаринский район"" Смоленской области";3
Администрация городского поселения - город Острогожск Острогожского муниципального района Воронежской области;3
"""Управление жилищно-коммунального хозяйства, топлива и энергетики администрации города Комсомольска-на-Амуре Хабаровского края""";3
"СОЛИКАМСКОЕ МУП ""ТЕПЛОЭНЕРГО""";3
"АО ""НИИМАШ""";3
"ГАУЗ СО ""ДГКБ № 9""";3
"Филиал АО ""АЭМ-технологии"" ""Петрозаводскмаш"" в г. Петрозаводск";3
ДЕПАРТАМЕНТ ГОСУДАРСТВЕННЫХ ЗАКУПОК СВЕРДЛОВСКОЙ ОБЛАСТИ;3
"МУНИЦИПАЛЬНОЕ КАЗЕННОЕ УЧРЕЖДЕНИЕ ВОЛОГОДСКОГО МУНИЦИПАЛЬНОГО ОКРУГА ""РАСЧЕТНО-АНАЛИТИЧЕСКИЙ ЦЕНТР""";3
"ФГУП ""РАДОН""";3
ГЛАВНОЕ УПРАВЛЕНИЕ МИНИСТЕРСТВА РОССИЙСКОЙ ФЕДЕРАЦИИ ПО ДЕЛАМ ГРАЖДАНСКОЙ ОБОРОНЫ, ЧРЕЗВЫЧАЙНЫМ СИТУАЦИЯМ И ЛИКВИДАЦИИ ПОСЛЕДСТВИЙ СТИХИЙНЫХ БЕДСТВИЙ ПО УДМУРТС;3
"ГОСУДАРСТВЕННОЕ БЮДЖЕТНОЕ УЧРЕЖДЕНИЕ ЗДРАВООХРАНЕНИЯ ""СПЕЦИАЛИЗИРОВАННАЯ КЛИНИЧЕСКАЯ ИНФЕКЦИОННАЯ БОЛЬНИЦА"" МИНИСТЕРСТВА ЗДРАВООХРАНЕНИЯ КРАСНОДАРСКОГО КРАЯ";3
"ГОСУДАРСТВЕННОЕ БЮДЖЕТНОЕ УЧРЕЖДЕНИЕ ЗДРАВООХРАНЕНИЯ РЕСПУБЛИКИ КАРЕЛИЯ ""РЕСПУБЛИКАНСКИЙ ПЕРИНАТАЛЬНЫЙ ЦЕНТР""";3
"БЮДЖЕТНОЕ УЧРЕЖДЕНИЕ НЕФТЕЮГАНСКОГО РАЙОНА ФИЗКУЛЬТУРНО-СПОРТИВНОЕ ОБЪЕДИНЕНИЕ ""АТЛАНТ""";3
КУМИ;3
"Филиал АО ""ОРКК"" - ""НИИ КП""";3
ГЛАВНОЕ УПРАВЛЕНИЕ МИНИСТЕРСТВА РОССИЙСКОЙ ФЕДЕРАЦИИ ПО ДЕЛАМ ГРАЖДАНСКОЙ ОБОРОНЫ, ЧРЕЗВЫЧАЙНЫМ СИТУАЦИЯМ И ЛИКВИДАЦИИ ПОСЛЕДСТВИЙ СТИХИЙНЫХ БЕДСТВИЙ ПО СТАВРОП;3
"ФКП""ГОРНЫЙ""";3
"ФЕДЕРАЛЬНОЕ БЮДЖЕТНОЕ УЧРЕЖДЕНИЕ ""АДМИНИСТРАЦИЯ ПЕЧОРСКОГО БАССЕЙНА ВНУТРЕННИХ ВОДНЫХ ПУТЕЙ""";3
ООО «Сбербанк-Сервис»;3
"ГОСУДАРСТВЕННОЕ БЮДЖЕТНОЕ УЧРЕЖДЕНИЕ ЗДРАВООХРАНЕНИЯ СВЕРДЛОВСКОЙ ОБЛАСТИ ""НАУЧНО-ПРАКТИЧЕСКИЙ ЦЕНТР СПЕЦИАЛИЗИРОВАННЫХ ВИДОВ МЕДИЦИНСКОЙ ПОМОЩИ ""УРАЛЬСКИЙ ИНСТ";3
Складчиков Кирилл Вячеславович;3
"ФЕДЕРАЛЬНОЕ ГОСУДАРСТВЕННОЕ КАЗЕННОЕ УЧРЕЖДЕНИЕ ""1 ОТРЯД ФЕДЕРАЛЬНОЙ ПРОТИВОПОЖАРНОЙ СЛУЖБЫ ПО РЕСПУБЛИКЕ МОРДОВИЯ""";3
"САНКТ-ПЕТЕРБУРГСКОЕ ГОСУДАРСТВЕННОЕ БЮДЖЕТНОЕ УЧРЕЖДЕНИЕ ЗДРАВООХРАНЕНИЯ ""ГОРОДСКАЯ БОЛЬНИЦА № 38 ИМ.Н.А.СЕМАШКО""";3
"ГОСУДАРСТВЕННОЕ УЧРЕЖДЕНИЕ ЗДРАВООХРАНЕНИЯ ""САРАТОВСКАЯ ГОРОДСКАЯ ДЕТСКАЯ ПОЛИКЛИНИКА № 4""";3
"ФЕДЕРАЛЬНОЕ КАЗЕННОЕ УЧРЕЖДЕНИЕ ""ГОСУДАРСТВЕННОЕ УЧРЕЖДЕНИЕ ПО ФОРМИРОВАНИЮ ГОСУДАРСТВЕННОГО ФОНДА ДРАГОЦЕННЫХ МЕТАЛЛОВ И ДРАГОЦЕННЫХ КАМНЕЙ РОССИЙСКОЙ ФЕДЕРАЦИ";3
"ГОСУДАРСТВЕННОЕ УЧРЕЖДЕНИЕ ЗДРАВООХРАНЕНИЯ САРАТОВСКОЙ ОБЛАСТИ ""НОВОУЗЕНСКАЯ РАЙОННАЯ БОЛЬНИЦА""";3
"ООО ""ВФК""";3
Кокодий Валерий Николаевич;3
ООО   ТРЕАЛ-ИНВЕСТ;3
"Северокавказский филиал Федерального государственного бюджетного учреждения культуры ""Государственный музей искусства народов Востока""";3
"АКЦИОНЕРНОЕ ОБЩЕСТВО ""НАУЧНО-ПРОИЗВОДСТВЕННЫЙ ЦЕНТР ""ПОЛЮС""";3
Телков Олег Анатольевич;3
"федеральное государственное бюджетное учреждение ""Федеральный центр сердечно-сосудистой хирургии"" Министерства здравоохранения Российской Федерации (г. Пермь)";3
"государственное бюджетное образовательное учреждение высшего профессионального образования ""Самарский государственный медицинский университет"" Министерства здра";3
Дегтярев Андрей Николаевич;3
"ООО ""ГУДВИЛЛ ПЛЮС""";3
"Санкт-Петербургское государственное бюджетное учреждение здравоохранения ""Городская поликлиника № 109""";3
"муниципальное бюджетное учреждение здравоохранения городского округа Тольятти ""Городская больница №2 имени В.В. Баныкина""";3
"Бюджетное специализированное учреждение ""Фонд имущества Калужской области""";3
комитет Ставропольского края по государственному заказу;3
Управление государственного заказа Министерства обороны Российской Федерации;3
"ГОСУДАРСТВЕННОЕ БЮДЖЕТНОЕ УЧРЕЖДЕНИЕ ЗДРАВООХРАНЕНИЯ ВЛАДИМИРСКОЙ ОБЛАСТИ ""ОБЛАСТНОЙ КЛИНИЧЕСКИЙ ОНКОЛОГИЧЕСКИЙ ДИСПАНСЕР""";2
АДМИНИСТРАЦИЯ МУНИЦИПАЛЬНОГО ОБРАЗОВАНИЯ ПИКАЛЕВСКОЕ ГОРОДСКОЕ ПОСЕЛЕНИЕ БОКСИТОГОРСКОГО МУНИЦИПАЛЬНОГО РАЙОНА ЛЕНИНГРАДСКОЙ ОБЛАСТИ;2
"ФЕДЕРАЛЬНОЕ ГОСУДАРСТВЕННОЕ БЮДЖЕТНОЕ УЧРЕЖДЕНИЕ ""ЦЕНТР ЛАБОРАТОРНОГО АНАЛИЗА И ТЕХНИЧЕСКИХ ИЗМЕРЕНИЙ ПО ЮЖНОМУ ФЕДЕРАЛЬНОМУ ОКРУГУ""";2
АО «КТК-Р»;2
"МУП ""УГХ"" М.О.Г.ПЫТЬ-ЯХ";2
Волго-Вятский Банк ПАО Сбербанк;2
"ГОСУДАРСТВЕННОЕ КАЗЕННОЕ УЧРЕЖДЕНИЕ РЕСПУБЛИКИ КОМИ ""ЦЕНТР ОБЕСПЕЧЕНИЯ ОРГАНИЗАЦИИ И ПРОВЕДЕНИЯ ТОРГОВ""";2
"АО ""СВЯЗЬТРАНСНЕФТЬ""";2
"ФГБУ ""25 ОТРЯД ФПС ГПС ПО КЕМЕРОВСКОЙ ОБЛАСТИ (ДОГОВОРНОЙ)""";2
"ФЕДЕРАЛЬНОЕ ГОСУДАРСТВЕННОЕ БЮДЖЕТНОЕ УЧРЕЖДЕНИЕ ""ВСЕРОССИЙСКИЙ НАУЧНО-ИССЛЕДОВАТЕЛЬСКИЙ ГЕОЛОГИЧЕСКИЙ ИНСТИТУТ ИМ. А.П. КАРПИНСКОГО""";2
"ФЕДЕРАЛЬНОЕ БЮДЖЕТНОЕ ЛЕЧЕБНО-ПРОФИЛАКТИЧЕСКОЕ УЧРЕЖДЕНИЕ ""САНАТОРИЙ ""ДНЕПР"" ФЕДЕРАЛЬНОЙ НАЛОГОВОЙ СЛУЖБЫ""";2
"ООО ""АССЕТ МЕНЕДЖМЕНТ""";2
"АО ""ТРАНСНЕФТЬ-ПОДВОДСЕРВИС""";2
"ООО ""ПРЕСТИЖСЕРВИСГРУПП""";2
"БЮДЖЕТНОЕ УЧРЕЖДЕНИЕ ЗДРАВООХРАНЕНИЯ ОМСКОЙ ОБЛАСТИ ""ОМСКАЯ ЦЕНТРАЛЬНАЯ РАЙОННАЯ БОЛЬНИЦА""";2
"АО ""ТРАНСНЕФТЬ - УРАЛ""";2
"АКЦИОНЕРНОЕ ОБЩЕСТВО ""НАУЧНО-ПРОИЗВОДСТВЕННОЕ ПРЕДПРИЯТИЕ ""КРАСНОЗНАМЁНЕЦ""";2
"МУП Г. РЯЗАНИ ""УРТ""";2
ГЛАВНОЕ УПРАВЛЕНИЕ МИНИСТЕРСТВА РОССИЙСКОЙ ФЕДЕРАЦИИ ПО ДЕЛАМ ГРАЖДАНСКОЙ ОБОРОНЫ, ЧРЕЗВЫЧАЙНЫМ СИТУАЦИЯМ И ЛИКВИДАЦИИ ПОСЛЕДСТВИЙ СТИХИЙНЫХ БЕДСТВИЙ ПО КРАСНОД;2
"МУНИЦИПАЛЬНОЕ КАЗЁННОЕ УЧРЕЖДЕНИЕ ""СЛУЖБА БЛАГОУСТРОЙСТВА ЧЕРНИГОВСКОГО МУНИЦИПАЛЬНОГО ОКРУГА""";2
АДМИНИСТРАЦИЯ МУНИЦИПАЛЬНОГО ОБРАЗОВАНИЯ ГОРОД АПАТИТЫ С ПОДВЕДОМСТВЕННОЙ ТЕРРИТОРИЕЙ МУРМАНСКОЙ ОБЛАСТИ;2
"ФЕДЕРАЛЬНОЕ БЮДЖЕТНОЕ УЧРЕЖДЕНИЕ НАУКИ ""ГОСУДАРСТВЕННЫЙ НАУЧНЫЙ ЦЕНТР ПРИКЛАДНОЙ МИКРОБИОЛОГИИ И БИОТЕХНОЛОГИИ"" ФЕДЕРАЛЬНОЙ СЛУЖБЫ ПО НАДЗОРУ В СФЕРЕ ЗАЩИТЫ ПРА";2
"ФЕДЕРАЛЬНОЕ КАЗЕННОЕ УЧРЕЖДЕНИЕ ""БАЗА МАТЕРИАЛЬНО-ТЕХНИЧЕСКОГО И ВОЕННОГО СНАБЖЕНИЯ ГЛАВНОГО УПРАВЛЕНИЯ ФЕДЕРАЛЬНОЙ СЛУЖБЫ ИСПОЛНЕНИЯ НАКАЗАНИЙ ПО КРАСНОЯРСКОМУ";2
"ООО ""ПОЛИКЛИНИКА ИМ. НИГИНСКОГО""";2
МИНИСТЕРСТВО ПО РЕГУЛИРОВАНИЮ КОНТРАКТНОЙ СИСТЕМЫ В СФЕРЕ ЗАКУПОК ИРКУТСКОЙ ОБЛАСТИ;2
АДМИНИСТРАЦИЯ ГОРОДА УРАЙ;2
ГЛАВНОЕ УПРАВЛЕНИЕ МИНИСТЕРСТВА РОССИЙСКОЙ ФЕДЕРАЦИИ ПО ДЕЛАМ ГРАЖДАНСКОЙ ОБОРОНЫ, ЧРЕЗВЫЧАЙНЫМ СИТУАЦИЯМ И ЛИКВИДАЦИИ ПОСЛЕДСТВИЙ СТИХИЙНЫХ БЕДСТВИЙ ПО ТВЕРСКО;2
ГОСУДАРСТВЕННОЕ УЧРЕЖДЕНИЕ ЗДРАВООХРАНЕНИЯ УЛЬЯНОВСКАЯ ОБЛАСТНАЯ КЛИНИЧЕСКАЯ БОЛЬНИЦА;2
"ГОСУДАРСТВЕННОЕ БЮДЖЕТНОЕ УЧРЕЖДЕНИЕ ЗДРАВООХРАНЕНИЯ РЕСПУБЛИКИ КОМИ ""КОМИ РЕСПУБЛИКАНСКАЯ КЛИНИЧЕСКАЯ БОЛЬНИЦА""";2
"ФЕДЕРАЛЬНОЕ ГОСУДАРСТВЕННОЕ БЮДЖЕТНОЕ ОБРАЗОВАТЕЛЬНОЕ УЧРЕЖДЕНИЕ ВЫСШЕГО ОБРАЗОВАНИЯ ""КОМСОМОЛЬСКИЙ-НА-АМУРЕ ГОСУДАРСТВЕННЫЙ УНИВЕРСИТЕТ""";2
"ГБУ РЕСПУБЛИКИ МАРИЙ ЭЛ ""АВТОБАЗА ПРАВИТЕЛЬСТВА РЕСПУБЛИКИ МАРИЙ ЭЛ""";2
"БЮДЖЕТНОЕ УЧРЕЖДЕНИЕ ЗДРАВООХРАНЕНИЯ ОРЛОВСКОЙ ОБЛАСТИ ""ЛИВЕНСКАЯ ЦЕНТРАЛЬНАЯ РАЙОННАЯ БОЛЬНИЦА""";2
"ВОЛГОГРАДСКИЙ ФИЛИАЛ ФЕДЕРАЛЬНОГО КАЗЕННОГО УЧРЕЖДЕНИЯ ""ГЛАВНЫЙ ЦЕНТР ИНЖЕНЕРНО-ТЕХНИЧЕСКОГО ОБЕСПЕЧЕНИЯ И СВЯЗИ ФЕДЕРАЛЬНОЙ СЛУЖБЫ ИСПОЛНЕНИЯ НАКАЗАНИЙ""";2
"ФИНАНСОВОЕ УПРАВЛЕНИЕ АДМИНИСТРАЦИИ МУНИЦИПАЛЬНОГО ОКРУГА ""ВОРКУТА"" РЕСПУБЛИКИ КОМИ";2
"АО ""ДАЛЬГИПРОТРАНС""";2
"ГОСУДАРСТВЕННОЕ БЮДЖЕТНОЕ УЧРЕЖДЕНИЕ ЗДРАВООХРАНЕНИЯ ЛЕНИНГРАДСКОЙ ОБЛАСТИ ""ВОЛХОВСКАЯ МЕЖРАЙОННАЯ БОЛЬНИЦА""";2
КАМЧАТСКИЙ КРАЕВОЙ СУД;2
ФЕДЕРАЛЬНОЕ ГОСУДАРСТВЕННОЕ БЮДЖЕТНОЕ УЧРЕЖДЕНИЕ НАУКИ ИНСТИТУТ ТЕОРЕТИЧЕСКОЙ И ПРИКЛАДНОЙ МЕХАНИКИ ИМ. С.А. ХРИСТИАНОВИЧА СИБИРСКОГО ОТДЕЛЕНИЯ РОССИЙСКОЙ АКАДЕ;2
ФЕДЕРАЛЬНОЕ ГОСУДАРСТВЕННОЕ БЮДЖЕТНОЕ УЧРЕЖДЕНИЕ НАУКИ ИНСТИТУТ ПРИКЛАДНОЙ АСТРОНОМИИ РОССИЙСКОЙ АКАДЕМИИ НАУК;2
КОМИТЕТ РЕСПУБЛИКИ АДЫГЕЯ ПО РЕГУЛИРОВАНИЮ КОНТРАКТНОЙ СИСТЕМЫ В СФЕРЕ ЗАКУПОК;2
АДМИНИСТРАЦИЯ СЯМЖЕНСКОГО МУНИЦИПАЛЬНОГО ОКРУГА ВОЛОГОДСКОЙ ОБЛАСТИ;2
"ФЕДЕРАЛЬНОЕ ГОСУДАРСТВЕННОЕ КАЗЕННОЕ УЧРЕЖДЕНИЕ ""ТУЛЬСКИЙ СПАСАТЕЛЬНЫЙ ЦЕНТР МЧС РОССИИ""";2
КОМИТЕТ МУНИЦИПАЛЬНОЙ ЭКОНОМИКИ АДМИНИСТРАЦИИ ГОРОДА АБАКАНА;2
"КРАЕВОЕ ГОСУДАРСТВЕННОЕ БЮДЖЕТНОЕ УЧРЕЖДЕНИЕ ЗДРАВООХРАНЕНИЯ ""ЧЕРНИГОВСКАЯ ЦЕНТРАЛЬНАЯ РАЙОННАЯ БОЛЬНИЦА""";2
"ГОСУДАРСТВЕННОЕ БЮДЖЕТНОЕ УЧРЕЖДЕНИЕ ЗДРАВООХРАНЕНИЯ МОСКОВСКОЙ ОБЛАСТИ ""КАШИРСКАЯ БОЛЬНИЦА""";2
"ГОСУДАРСТВЕННОЕ БЮДЖЕТНОЕ ПРОФЕССИОНАЛЬНОЕ ОБРАЗОВАТЕЛЬНОЕ УЧРЕЖДЕНИЕ НОВОСИБИРСКОЙ ОБЛАСТИ ""ВЕНГЕРОВСКИЙ ЦЕНТР ПРОФЕССИОНАЛЬНОГО ОБУЧЕНИЯ""";2
МУНИЦИПАЛЬНОЕ КАЗЕННОЕ УЧРЕЖДЕНИЕ АДМИНИСТРАЦИЯ ГОРОДСКОГО ОКРУГА СТРЕЖЕВОЙ;2
"ГБУ РО ""ОДКБ ИМ. Н.В. ДМИТРИЕВОЙ""";2
"ГОСУДАРСТВЕННОЕ БЮДЖЕТНОЕ УЧРЕЖДЕНИЕ ЗДРАВООХРАНЕНИЯ ПЕРМСКОГО КРАЯ ""КРАСНОКАМСКАЯ ГОРОДСКАЯ БОЛЬНИЦА""";2
"ООО ""АКТАРУС""";2
"МУП ""ПЕРМГОРЭЛЕКТРОТРАНС""";2
"ФЕДЕРАЛЬНОЕ ГОСУДАРСТВЕННОЕ КАЗЕННОЕ УЧРЕЖДЕНИЕ ""СПЕЦИАЛЬНОЕ УПРАВЛЕНИЕ ФЕДЕРАЛЬНОЙ ПРОТИВОПОЖАРНОЙ СЛУЖБЫ № 57 МИНИСТЕРСТВА РОССИЙСКОЙ ФЕДЕРАЦИИ ПО ДЕЛАМ ГРАЖД";2
ЦЕНТРАЛЬНОЕ ЭКСПЕРТНО-КРИМИНАЛИСТИЧЕСКОЕ ТАМОЖЕННОЕ УПРАВЛЕНИЕ;2
"ГОСУДАРСТВЕННОЕ БЮДЖЕТНОЕ УЧРЕЖДЕНИЕ ЗДРАВООХРАНЕНИЯ ""ГОРОДСКАЯ БОЛЬНИЦА № 1 ГОРОДА НОВОРОССИЙСКА"" МИНИСТЕРСТВА ЗДРАВООХРАНЕНИЯ КРАСНОДАРСКОГО КРАЯ";2
"МУП ""ШТЭС""";2
"ФЕДЕРАЛЬНОЕ ГОСУДАРСТВЕННОЕ БЮДЖЕТНОЕ ОБРАЗОВАТЕЛЬНОЕ УЧРЕЖДЕНИЕ ВЫСШЕГО ОБРАЗОВАНИЯ ""УРАЛЬСКИЙ ГОСУДАРСТВЕННЫЙ УНИВЕРСИТЕТ ПУТЕЙ СООБЩЕНИЯ""";2
"ФЕДЕРАЛЬНОЕ ГОСУДАРСТВЕННОЕ БЮДЖЕТНОЕ УЧРЕЖДЕНИЕ ""УПРАВЛЕНИЕ ДОГОВОРНЫХ ПОДРАЗДЕЛЕНИЙ ФЕДЕРАЛЬНОЙ ПРОТИВОПОЖАРНОЙ СЛУЖБЫ ГОСУДАРСТВЕННОЙ ПРОТИВОПОЖАРНОЙ СЛУЖБЫ";2
"ОБЛАСТНОЕ КАЗЕННОЕ УЧРЕЖДЕНИЕ ""ЦЕНТР ЗАКУПОК КУРСКОЙ ОБЛАСТИ""";2
"ГБУ РО ""ОКБ ИМ. Н.А. СЕМАШКО""";2
"МУНИЦИПАЛЬНОЕ КАЗЕННОЕ УЧРЕЖДЕНИЕ ""ЦЕНТР ПРОВЕДЕНИЯ ТОРГОВ ГОРОДСКОГО ОКРУГА ЗАРАЙСК""";2
ВЛАДИВОСТОКСКАЯ ТАМОЖНЯ;2
ПЕЧОРСКОЕ УПРАВЛЕНИЕ ФЕДЕРАЛЬНОЙ СЛУЖБЫ ПО ЭКОЛОГИЧЕСКОМУ, ТЕХНОЛОГИЧЕСКОМУ И АТОМНОМУ НАДЗОРУ;2
ФГБУЗ ЦМСЧ №120 ФМБА РОССИИ;2
ГЛАВНОЕ УПРАВЛЕНИЕ МИНИСТЕРСТВА РОССИЙСКОЙ ФЕДЕРАЦИИ ПО ДЕЛАМ ГРАЖДАНСКОЙ ОБОРОНЫ, ЧРЕЗВЫЧАЙНЫМ СИТУАЦИЯМ И ЛИКВИДАЦИИ ПОСЛЕДСТВИЙ СТИХИЙНЫХ БЕДСТВИЙ ПО РЯЗАНСК;2
"ФЕДЕРАЛЬНОЕ КАЗЕННОЕ УЧРЕЖДЕНИЕ ""БАЗА МАТЕРИАЛЬНО-ТЕХНИЧЕСКОГО И ВОЕННОГО СНАБЖЕНИЯ ГЛАВНОГО УПРАВЛЕНИЯ ФЕДЕРАЛЬНОЙ СЛУЖБЫ ИСПОЛНЕНИЯ НАКАЗАНИЙ ПО ПРИМОРСКОМУ К";2
"Филиал АО ""Квадра"" - ""Липецкая генерация""";2
"ФЕДЕРАЛЬНОЕ КАЗЕННОЕ УЧРЕЖДЕНИЕ ""ИСПРАВИТЕЛЬНАЯ КОЛОНИЯ № 16 УПРАВЛЕНИЯ ФЕДЕРАЛЬНОЙ СЛУЖБЫ ИСПОЛНЕНИЯ НАКАЗАНИЙ ПО АРХАНГЕЛЬСКОЙ ОБЛАСТИ""";2
"ОМСКИЙ РАЙОН ВОДНЫХ ПУТЕЙ И СУДОХОДСТВА-ФИЛИАЛ ФЕДЕРАЛЬНОГО БЮДЖЕТНОГО УЧРЕЖДЕНИЯ ""АДМИНИСТРАЦИЯ ОБЬ-ИРТЫШСКОГО БАССЕЙНА ВНУТРЕННИХ ВОДНЫХ ПУТЕЙ""";2
УФПС САМАРСКОЙ ОБЛАСТИ;2
"МАУ СОК ""РУБИН""";2
"ФЕДЕРАЛЬНОЕ ГОСУДАРСТВЕННОЕ БЮДЖЕТНОЕ ОБРАЗОВАТЕЛЬНОЕ УЧРЕЖДЕНИЕ ВЫСШЕГО ОБРАЗОВАНИЯ ""ЯРОСЛАВСКИЙ ГОСУДАРСТВЕННЫЙ УНИВЕРСИТЕТ ИМ. П.Г. ДЕМИДОВА""";2
"ФЕДЕРАЛЬНОЕ ГОСУДАРСТВЕННОЕ БЮДЖЕТНОЕ НАУЧНОЕ УЧРЕЖДЕНИЕ ""ФЕДЕРАЛЬНЫЙ НАУЧНЫЙ ЦЕНТР ПИЩЕВЫХ СИСТЕМ ИМ. В.М. ГОРБАТОВА"" РАН";2
"ГОСУДАРСТВЕННОЕ БЮДЖЕТНОЕ УЧРЕЖДЕНИЕ ""МЕЖРАЙОННАЯ БОЛЬНИЦА № 6""";2
"АО ""СПТБ ЗВЕЗДОЧКА""";2
"ФГБНУ ""ФНЦ ПИЩЕВЫХ СИСТЕМ ИМ. В.М. ГОРБАТОВА"" РАН";2
"САНКТ-ПЕТЕРБУРГСКОЕ ГОСУДАРСТВЕННОЕ БЮДЖЕТНОЕ УЧРЕЖДЕНИЕ ""ДИРЕКЦИЯ ПО УПРАВЛЕНИЮ ОБЪЕКТАМИ АДМИНИСТРАТИВНОГО НАЗНАЧЕНИЯ""";2
"ГОСУДАРСТВЕННОЕ АВТОНОМНОЕ УЧРЕЖДЕНИЕ СОЦИАЛЬНОГО ОБСЛУЖИВАНИЯ СВЕРДЛОВСКОЙ ОБЛАСТИ ""КОМПЛЕКСНЫЙ ЦЕНТР СОЦИАЛЬНОГО ОБСЛУЖИВАНИЯ НАСЕЛЕНИЯ ""ИЗУМРУД"" ГОРОДА КИРОВ";2
ФАУ ДПО АСТРАХАНСКИЙ УЧЕБНЫЙ ЦЕНТР ФПС;2
"ФЕДЕРАЛЬНОЕ КАЗЕННОЕ УЧРЕЖДЕНИЕ ""ИСПРАВИТЕЛЬНАЯ КОЛОНИЯ № 2 ГЛАВНОГО УПРАВЛЕНИЯ ФЕДЕРАЛЬНОЙ СЛУЖБЫ ИСПОЛНЕНИЯ НАКАЗАНИЙ ПО НИЖЕГОРОДСКОЙ ОБЛАСТИ""";2
"АО ""КАЛИНИНГРАДГАЗИФИКАЦИЯ""";2
"ФЕДЕРАЛЬНОЕ КАЗЕННОЕ УЧРЕЖДЕНИЕ ""ИСПРАВИТЕЛЬНАЯ КОЛОНИЯ № 1 УПРАВЛЕНИЯ ФЕДЕРАЛЬНОЙ СЛУЖБЫ ИСПОЛНЕНИЯ НАКАЗАНИЙ ПО РЕСПУБЛИКЕ КАРЕЛИЯ""";2
"ФЕДЕРАЛЬНОЕ КАЗЕННОЕ УЧРЕЖДЕНИЕ ""ИСПРАВИТЕЛЬНАЯ КОЛОНИЯ № 20 ГЛАВНОГО УПРАВЛЕНИЯ ФЕДЕРАЛЬНОЙ СЛУЖБЫ ИСПОЛНЕНИЯ НАКАЗАНИЙ ПО НИЖЕГОРОДСКОЙ ОБЛАСТИ""";2
"ГОСУДАРСТВЕННОЕ БЮДЖЕТНОЕ УЧРЕЖДЕНИЕ ЗДРАВООХРАНЕНИЯ ""ДЕТСКАЯ КРАЕВАЯ КЛИНИЧЕСКАЯ БОЛЬНИЦА"" МИНИСТЕРСТВА ЗДРАВООХРАНЕНИЯ КРАСНОДАРСКОГО КРАЯ";2
"КАЛИНИНГРАДСКИЙ ФИЛИАЛ ФГБУ ""ГЛАВРЫБВОД""";2
"ГОСУДАРСТВЕННОЕ УЧРЕЖДЕНИЕ ЗДРАВООХРАНЕНИЯ ""ЧЕРДАКЛИНСКАЯ РАЙОННАЯ БОЛЬНИЦА""";2
"ГОСУДАРСТВЕННОЕ БЮДЖЕТНОЕ УЧРЕЖДЕНИЕ ЗДРАВООХРАНЕНИЯ АСТРАХАНСКОЙ ОБЛАСТИ ""АХТУБИНСКАЯ РАЙОННАЯ БОЛЬНИЦА""";2
"МУНИЦИПАЛЬНОЕ КАЗЕННОЕ УЧРЕЖДЕНИЕ ""ЗЕЛЕНЫЙ ВЛАДИВОСТОК""";2
"САНКТ-ПЕТЕРБУРГСКОЕ ГОСУДАРСТВЕННОЕ КАЗЕННОЕ УЧРЕЖДЕНИЕ ""ПОЖАРНО-СПАСАТЕЛЬНЫЙ ОТРЯД ПРОТИВОПОЖАРНОЙ СЛУЖБЫ САНКТ-ПЕТЕРБУРГА ПО ФРУНЗЕНСКОМУ РАЙОНУ САНКТ-ПЕТЕРБУ";2
"КРАЕВОЕ ГОСУДАРСТВЕННОЕ БЮДЖЕТНОЕ УЧРЕЖДЕНИЕ ""УПРАВЛЕНИЕ АВТОМОБИЛЬНЫХ ДОРОГ И ТРАНСПОРТА"" ПЕРМСКОГО КРАЯ";2
ДЕПАРТАМЕНТ ФИНАНСОВ АДМИНИСТРАЦИИ ГОРОДСКОГО ОКРУГА САМАРА;2
"ФЕДЕРАЛЬНОЕ ГОСУДАРСТВЕННОЕ БЮДЖЕТНОЕ УЧРЕЖДЕНИЕ ""ЮЖНЫЙ АВИАЦИОННО-СПАСАТЕЛЬНЫЙ ЦЕНТР МЧС РОССИИ""";2
"УФПС ""ТАТАРСТАН ПОЧТАСЫ""";2
"ПРИВОЛЖСКИЙ ФИЛИАЛ ФЕДЕРАЛЬНОГО КАЗЕННОГО УЧРЕЖДЕНИЯ ""ЦЕНТРАЛЬНАЯ БАЗА ИЗМЕРИТЕЛЬНОЙ ТЕХНИКИ МИНИСТЕРСТВА РОССИЙСКОЙ ФЕДЕРАЦИИ ПО ДЕЛАМ ГРАЖДАНСКОЙ ОБОРОНЫ, ЧРЕ";2
"ГОСУДАРСТВЕННОЕ КРАЕВОЕ БЮДЖЕТНОЕ УЧРЕЖДЕНИЕ ""ЦЕНТР СПОРТИВНОЙ ПОДГОТОВКИ ПЕРМСКОГО КРАЯ""";2
"МУНИЦИПАЛЬНОЕ БЮДЖЕТНОЕ УЧРЕЖДЕНИЕ ""ЧИСТЫЙ ГОРОД""";2
"ФЕДЕРАЛЬНОЕ КАЗЕННОЕ УЧРЕЖДЕНИЕ ""ИСПРАВИТЕЛЬНАЯ КОЛОНИЯ № 2 УПРАВЛЕНИЯ ФЕДЕРАЛЬНОЙ СЛУЖБЫ ИСПОЛНЕНИЯ НАКАЗАНИЙ ПО САРАТОВСКОЙ ОБЛАСТИ""";2
"ФЕДЕРАЛЬНОЕ КАЗЕННОЕ УЧРЕЖДЕНИЕ ""ИСПРАВИТЕЛЬНАЯ КОЛОНИЯ № 3 УПРАВЛЕНИЯ ФЕДЕРАЛЬНОЙ СЛУЖБЫ ИСПОЛНЕНИЯ НАКАЗАНИЙ ПО УЛЬЯНОВСКОЙ ОБЛАСТИ""";2
"АО ""АТЦ РОСАТОМА""";2
АДМИНИСТРАЦИЯ СЕВЕРО-ЕНИСЕЙСКОГО РАЙОНА;2
"ОГАУЗ ""РОСЛАВЛЬСКАЯ МЕЖРАЙОННАЯ СТОМАТОЛОГИЧЕСКАЯ ПОЛИКЛИНИКА""";2
"ФЕДЕРАЛЬНОЕ КАЗЕННОЕ УЧРЕЖДЕНИЕ ЗДРАВООХРАНЕНИЯ ""ГЛАВНЫЙ КЛИНИЧЕСКИЙ ГОСПИТАЛЬ МИНИСТЕРСТВА ВНУТРЕННИХ ДЕЛ РОССИЙСКОЙ ФЕДЕРАЦИИ""";2
"ОАО ""НИИ командных приборов""";2
"ФБУ ""НИЖЕГОРОДСКИЙ ЦСМ""";2
ФГБУЗ СМКЦ ИМ. Н.А. СЕМАШКО ФМБА РОССИИ;2
Позднякова Екатерина Алексеевна;2
"ФЕДЕРАЛЬНОЕ КАЗЕННОЕ УЧРЕЖДЕНИЕ ""ИСПРАВИТЕЛЬНАЯ КОЛОНИЯ № 9 УПРАВЛЕНИЯ ФЕДЕРАЛЬНОЙ СЛУЖБЫ ИСПОЛНЕНИЯ НАКАЗАНИЙ ПО КУРСКОЙ ОБЛАСТИ""";2
"САНКТ-ПЕТЕРБУРГСКОЕ ГОСУДАРСТВЕННОЕ БЮДЖЕТНОЕ УЧРЕЖДЕНИЕ ЦЕНТР ДЛЯ ДЕТЕЙ-СИРОТ И ДЕТЕЙ, ОСТАВШИХСЯ БЕЗ ПОПЕЧЕНИЯ РОДИТЕЛЕЙ ""ЦЕНТР СОДЕЙСТВИЯ СЕМЕЙНОМУ ВОСПИТАНИ";2
ВЕРХНЕ-ВОЛЖСКОЕ МЕЖРЕГИОНАЛЬНОЕ УПРАВЛЕНИЕ ФЕДЕРАЛЬНОЙ СЛУЖБЫ ПО НАДЗОРУ В СФЕРЕ ПРИРОДОПОЛЬЗОВАНИЯ;2
"ФЕДЕРАЛЬНОЕ КАЗЕННОЕ УЧРЕЖДЕНИЕ ""ИСПРАВИТЕЛЬНАЯ КОЛОНИЯ № 3 УПРАВЛЕНИЯ ФЕДЕРАЛЬНОЙ СЛУЖБЫ ИСПОЛНЕНИЯ НАКАЗАНИЙ ПО Г. САНКТ-ПЕТЕРБУРГУ И ЛЕНИНГРАДСКОЙ ОБЛАСТИ""";2
"МУП ""ДСУ Г. ВЕЛИКИЕ ЛУКИ""";2
"БЮДЖЕТНОЕ УЧРЕЖДЕНИЕ ХАНТЫ-МАНСИЙСКОГО АВТОНОМНОГО ОКРУГА - ЮГРЫ ""УРАЙСКАЯ ГОРОДСКАЯ КЛИНИЧЕСКАЯ БОЛЬНИЦА""";2
ДЕПАРТАМЕНТ ГОСУДАРСТВЕННОГО ЗАКАЗА ЯРОСЛАВСКОЙ ОБЛАСТИ;2
УПРАВЛЕНИЕ ФЕДЕРАЛЬНОЙ СЛУЖБЫ ПО НАДЗОРУ В СФЕРЕ ЗАЩИТЫ ПРАВ ПОТРЕБИТЕЛЕЙ И БЛАГОПОЛУЧИЯ ЧЕЛОВЕКА ПО ОМСКОЙ ОБЛАСТИ;2
ООО «РЭНЕРА»;2
ФГУП ГЦСС;2
ФЕДЕРАЛЬНОЕ ГОСУДАРСТВЕННОЕ БЮДЖЕТНОЕ УЧРЕЖДЕНИЕ НАУКИ ОБЪЕДИНЕННЫЙ ИНСТИТУТ ВЫСОКИХ ТЕМПЕРАТУР РОССИЙСКОЙ АКАДЕМИИ НАУК;2
"АО ""ФНПЦ ""ПО ""СТАРТ"" ИМ. М.В. ПРОЦЕНКО""";2
"МУНИЦИПАЛЬНОЕ КАЗЕННОЕ УЧРЕЖДЕНИЕ ""ЦЕНТР ОБЕСПЕЧЕНИЯ ФУНКЦИОНИРОВАНИЯ ОБРАЗОВАТЕЛЬНЫХ ОРГАНИЗАЦИЙ СЕВЕРОДВИНСКА""";2
"ГОСУДАРСТВЕННОЕ КАЗЕННОЕ УЧРЕЖДЕНИЕ КРАСНОДАРСКОГО КРАЯ ""ТЕМРЮКСКАЯ ЦЕНТРАЛИЗОВАННАЯ БУХГАЛТЕРИЯ УЧРЕЖДЕНИЙ СОЦИАЛЬНОГО ОБСЛУЖИВАНИЯ""";2
УПРАВЛЕНИЕ ФЕДЕРАЛЬНОЙ СЛУЖБЫ ГОСУДАРСТВЕННОЙ РЕГИСТРАЦИИ, КАДАСТРА И КАРТОГРАФИИ ПО РЕСПУБЛИКЕ БАШКОРТОСТАН;2
"АО ""АТОМСПЕЦТРАНС""";2
МТУ РОСИМУЩЕСТВА В ЗАБАЙКАЛЬСКОМ КРАЕ И РЕСПУБЛИКЕ БУРЯТИЯ;2
КОМИТЕТ ПО УПРАВЛЕНИЮ МУНИЦИПАЛЬНЫМ ИМУЩЕСТВОМ КСТОВСКОГО МУНИЦИПАЛЬНОГО РАЙОНА;2
"ГОСУДАРСТВЕННОЕ УЧРЕЖДЕНИЕ ЗДРАВООХРАНЕНИЯ ""ЕЛЕЦКАЯ  РАЙОННАЯ БОЛЬНИЦА""";2
"ФЕДЕРАЛЬНОЕ ГОСУДАРСТВЕННОЕ БЮДЖЕТНОЕ  УЧРЕЖДЕНИЕ ""СОЧИНСКИЙ НАЦИОНАЛЬНЫЙ ПАРК""";2
УПРАВЛЕНИЕ МУНИЦИПАЛЬНОГО ИМУЩЕСТВА ПРИУРАЛЬСКОГО РАЙОНА;2
"АО ""АТОМТЕХЭНЕРГО""";2
АДМИНИСТРАЦИЯ ЗАКРЫТОГО АДМИНИСТРАТИВНО-ТЕРРИТОРИАЛЬНОГО ОБРАЗОВАНИЯ ОЗЕРНЫЙ ТВЕРСКОЙ ОБЛАСТИ;2
"АО ""ГНЦ НИИАР""";2
"ФЕДЕРАЛЬНОЕ ГОСУДАРСТВЕННОЕ БЮДЖЕТНОЕ НАУЧНОЕ УЧРЕЖДЕНИЕ ""НАУЧНО-ИССЛЕДОВАТЕЛЬСКИЙ ИНСТИТУТ АКУШЕРСТВА, ГИНЕКОЛОГИИ И РЕПРОДУКТОЛОГИИ ИМЕНИ Д.О. ОТТА""";2
"МУНИЦИПАЛЬНОЕ КАЗЕННОЕ УЧРЕЖДЕНИЕ ""ЕГОРЬЕВСКИЙ ЦЕНТР ЗАКУПОК""";2
"ФЕДЕРАЛЬНОЕ КАЗЕННОЕ УЧРЕЖДЕНИЕ ""НАЛОГ-СЕРВИС"" ФЕДЕРАЛЬНОЙ НАЛОГОВОЙ СЛУЖБЫ (Г. МОСКВА)";2
"ФЕДЕРАЛЬНОЕ КАЗЕННОЕ УЧРЕЖДЕНИЕ ""ИСПРАВИТЕЛЬНАЯ КОЛОНИЯ № 11 УПРАВЛЕНИЯ ФЕДЕРАЛЬНОЙ СЛУЖБЫ ИСПОЛНЕНИЯ НАКАЗАНИЙ ПО КИРОВСКОЙ ОБЛАСТИ""";2
"ФЕДЕРАЛЬНОЕ КАЗЕННОЕ УЧРЕЖДЕНИЕ ""ЛЕЧЕБНОЕ ИСПРАВИТЕЛЬНОЕ УЧРЕЖДЕНИЕ № 42 ГЛАВНОГО УПРАВЛЕНИЯ ФЕДЕРАЛЬНОЙ СЛУЖБЫ ИСПОЛНЕНИЯ НАКАЗАНИЙ ПО КЕМЕРОВСКОЙ ОБЛАСТИ - КУ";2
АДМИНИСТРАЦИЯ МУНИЦИПАЛЬНОГО ОБРАЗОВАНИЯ ГОРОДСКОГО ПОСЕЛЕНИЯ ТАЛИНКА;2
"ФБУ ""ЦСМ РЕСПУБЛИКИ БАШКОРТОСТАН""";2
"АО ""ЦКБА""";2
"ФЕДЕРАЛЬНОЕ КАЗЕННОЕ УЧРЕЖДЕНИЕ ""ИСПРАВИТЕЛЬНАЯ КОЛОНИЯ № 6 УПРАВЛЕНИЯ ФЕДЕРАЛЬНОЙ СЛУЖБЫ ИСПОЛНЕНИЯ НАКАЗАНИЙ ПО КУРГАНСКОЙ ОБЛАСТИ""";2
МАУ ЦДДП;2
"ФЕДЕРАЛЬНОЕ КАЗЕННОЕ УЧРЕЖДЕНИЕ ЗДРАВООХРАНЕНИЯ ""МЕДИКО-САНИТАРНАЯ ЧАСТЬ № 36 ФЕДЕРАЛЬНОЙ СЛУЖБЫ ИСПОЛНЕНИЯ НАКАЗАНИЙ""";2
ИКИ РАН;2
"ГОСУДАРСТВЕННОЕ УЧРЕЖДЕНИЕ ЗДРАВООХРАНЕНИЯ ""ОБЛАСТНАЯ ДЕТСКАЯ БОЛЬНИЦА""";2
ФГУП 'ВГСЧ';2
"САНКТ-ПЕТЕРБУРГСКОЕ ГОСУДАРСТВЕННОЕ БЮДЖЕТНОЕ УЧРЕЖДЕНИЕ ЗДРАВООХРАНЕНИЯ ""СТОМАТОЛОГИЧЕСКАЯ ПОЛИКЛИНИКА № 18""";2
АДМИНИСТРАЦИЯ МУНИЦИПАЛЬНОГО ОБРАЗОВАНИЯ ЕЙСКИЙ РАЙОН;2
"САНКТ-ПЕТЕРБУРГСКОЕ ГОСУДАРСТВЕННОЕ БЮДЖЕТНОЕ ПРОФЕССИОНАЛЬНОЕ ОБРАЗОВАТЕЛЬНОЕ УЧРЕЖДЕНИЕ ""САНКТ-ПЕТЕРБУРГСКИЙ ТЕХНИКУМ ОТРАСЛЕВЫХ ТЕХНОЛОГИЙ, ФИНАНСОВ И ПРАВА""";2
ВОЙСКОВАЯ ЧАСТЬ 3186;2
"ФЕДЕРАЛЬНОЕ КАЗЕННОЕ УЧРЕЖДЕНИЕ ""СЛЕДСТВЕННЫЙ ИЗОЛЯТОР № 3 УПРАВЛЕНИЯ ФЕДЕРАЛЬНОЙ СЛУЖБЫ ИСПОЛНЕНИЯ НАКАЗАНИЙ ПО ОРЕНБУРГСКОЙ ОБЛАСТИ""";2
АО «УЭХК»;2
"ФЕДЕРАЛЬНОЕ КАЗЕННОЕ УЧРЕЖДЕНИЕ ЗДРАВООХРАНЕНИЯ ""САНАТОРИЙ ""СОСНОВЫЙ"" МИНИСТЕРСТВА ВНУТРЕННИХ ДЕЛ РОССИЙСКОЙ ФЕДЕРАЦИИ""";2
ГЛАВНОЕ УПРАВЛЕНИЕ МИНИСТЕРСТВА РОССИЙСКОЙ ФЕДЕРАЦИИ ПО ДЕЛАМ ГРАЖДАНСКОЙ ОБОРОНЫ, ЧРЕЗВЫЧАЙНЫМ СИТУАЦИЯМ И ЛИКВИДАЦИИ ПОСЛЕДСТВИЙ СТИХИЙНЫХ БЕДСТВИЙ ПО КАЛУЖСК;2
"АО ""ПЗ ""МАШ"", АО ""ПЕРМСКИЙ ЗАВОД ""МАШИНОСТРОИТЕЛЬ""";2
"Отдел имущественных отношений Администрации МО ""Кезский район""";2
"ГОСУДАРСТВЕННОЕ КАЗЕННОЕ УЧРЕЖДЕНИЕ СВЕРДЛОВСКОЙ ОБЛАСТИ ""ТЕРРИТОРИАЛЬНЫЙ ЦЕНТР МОНИТОРИНГА И РЕАГИРОВАНИЯ НА ЧРЕЗВЫЧАЙНЫЕ СИТУАЦИИ В СВЕРДЛОВСКОЙ ОБЛАСТИ""";2
"АО ""ГНЦ РФ ТРИНИТИ""";2
"ГОСУДАРСТВЕННОЕ БЮДЖЕТНОЕ УЧРЕЖДЕНИЕ ЗДРАВООХРАНЕНИЯ МОСКОВСКОЙ ОБЛАСТИ ""НАРО-ФОМИНСКАЯ СТОМАТОЛОГИЧЕСКАЯ ПОЛИКЛИНИКА""";2
"ФЕДЕРАЛЬНОЕ КАЗЕННОЕ УЧРЕЖДЕНИЕ ЗДРАВООХРАНЕНИЯ ""МЕДИКО-САНИТАРНАЯ ЧАСТЬ МИНИСТЕРСТВА ВНУТРЕННИХ ДЕЛ РОССИЙСКОЙ ФЕДЕРАЦИИ ПО РЕСПУБЛИКЕ БАШКОРТОСТАН""";2
УПРАВЛЕНИЕ ФЕДЕРАЛЬНОЙ СЛУЖБЫ ИСПОЛНЕНИЯ НАКАЗАНИЙ ПО РЕСПУБЛИКЕ КРЫМ И Г. СЕВАСТОПОЛЮ;2
"ГОСУДАРСТВЕННОЕ БЮДЖЕТНОЕ УЧРЕЖДЕНИЕ ЗДРАВООХРАНЕНИЯ СТАВРОПОЛЬСКОГО КРАЯ ""ТРУНОВСКАЯ РАЙОННАЯ БОЛЬНИЦА""";2
"АО ""ЕВРОЦЕМЕНТ ГРУП""";2
"ГОСУДАРСТВЕННОЕ УЧРЕЖДЕНИЕ ЗДРАВООХРАНЕНИЯ ""ГРЯЗИНСКАЯ ЦЕНТРАЛЬНАЯ РАЙОННАЯ БОЛЬНИЦА""";2
АДМИНИСТРАЦИЯ ГОРОДА ДУДИНКИ;2
"МУНИЦИПАЛЬНОЕ КАЗЕННОЕ УЧРЕЖДЕНИЕ ПУШКИНСКОГО ГОРОДСКОГО ОКРУГА МОСКОВСКОЙ ОБЛАСТИ ""ТЕНДЕРНЫЙ КОМИТЕТ""";2
"КРАЕВОЕ ГОСУДАРСТВЕННОЕ КАЗЕННОЕ УЧРЕЖДЕНИЕ ""АМГУНЬСКОЕ ЛЕСНИЧЕСТВО""";2
АО «Катавский цемент»;2
"филиал ""КВГСО"" ФГУП ""ВГСЧ""";2
"ФЕДЕРАЛЬНОЕ ГОСУДАРСТВЕННОЕ КАЗЕННОЕ УЧРЕЖДЕНИЕ ""СПЕЦИАЛЬНОЕ УПРАВЛЕНИЕ ФЕДЕРАЛЬНОЙ ПРОТИВОПОЖАРНОЙ СЛУЖБЫ № 1 МИНИСТЕРСТВА РОССИЙСКОЙ ФЕДЕРАЦИИ ПО ДЕЛАМ ГРАЖДА";2
"ГУП ""БРЯНСККОММУНЭНЕРГО""";2
"МУП ""ФЁДОРОВСКОЕ ЖКХ""";2
"МАУ ""ПАРК ""РОЕВ РУЧЕЙ""";2
Уральское ГУ Банка России;2
"АО ""МАЛЬЦОВСКИЙ ПОРТЛАНДЦЕМЕНТ""";2
"ФБУЗ ""ЦЕНТР ГИГИЕНЫ И ЭПИДЕМИОЛОГИИ В МОСКОВСКОЙ ОБЛАСТИ"" ФБУЗ ""ЦГИЭ В МОСКОВСКОЙ ОБЛАСТИ";2
"ГОСУДАРСТВЕННОЕ ПРЕДПРИЯТИЕ ЧУКОТСКОГО АВТОНОМНОГО ОКРУГА ""ЧУКОТАВИА""";2
"АО ""Невьянский цементник""";2
АДМИНИСТРАЦИЯ ЗАПАДНОДВИНСКОГО РАЙОНА;2
Комитет Республики Адыгея по имущественным отношениям;2
СЛУЖБА ОХРАНЫ В КРЫМУ ФЕДЕРАЛЬНОЙ СЛУЖБЫ ОХРАНЫ РОССИЙСКОЙ ФЕДЕРАЦИИ;2
"КОМИ ФИЛИАЛ ФЕДЕРАЛЬНОГО ГОСУДАРСТВЕННОГО БЮДЖЕТНОГО УЧРЕЖДЕНИЯ ""ГЛАВНОЕ БАССЕЙНОВОЕ УПРАВЛЕНИЕ ПО РЫБОЛОВСТВУ И СОХРАНЕНИЮ ВОДНЫХ БИОЛОГИЧЕСКИХ РЕСУРСОВ""";2
МП «ТТ»;2
"ФЕДЕРАЛЬНОЕ КАЗЕННОЕ УЧРЕЖДЕНИЕ ""ЛЕЧЕБНОЕ ИСПРАВИТЕЛЬНОЕ УЧРЕЖДЕНИЕ № 47 ГЛАВНОГО УПРАВЛЕНИЯ ФЕДЕРАЛЬНОЙ СЛУЖБЫ ИСПОЛНЕНИЯ НАКАЗАНИЙ ПО ПРИМОРСКОМУ КРАЮ""";2
"САНКТ-ПЕТЕРБУРГСКОЕ ГОСУДАРСТВЕННОЕ КАЗЕННОЕ УЧРЕЖДЕНИЕ ""ЦЕНТР ОБЕСПЕЧЕНИЯ МЕРОПРИЯТИЙ ГРАЖДАНСКОЙ ЗАЩИТЫ""";2
"ГОСУДАРСТВЕННОЕ КАЗЕННОЕ УЧРЕЖДЕНИЕ ЗДРАВООХРАНЕНИЯ СТАВРОПОЛЬСКОГО КРАЯ ""КРАЕВОЙ ПСИХОНЕВРОЛОГИЧЕСКИЙ САНАТОРИЙ ""РОМАШКА"" ДЛЯ ДЕТЕЙ, В ТОМ ЧИСЛЕ ДЛЯ ДЕТЕЙ С РО";2
ГЛАВНОЕ УПРАВЛЕНИЕ МИНИСТЕРСТВА РОССИЙСКОЙ ФЕДЕРАЦИИ ПО ДЕЛАМ ГРАЖДАНСКОЙ ОБОРОНЫ, ЧРЕЗВЫЧАЙНЫМ СИТУАЦИЯМ И ЛИКВИДАЦИИ ПОСЛЕДСТВИЙ СТИХИЙНЫХ БЕДСТВИЙ ПО НОВГОРО;2
"ФЕДЕРАЛЬНОЕ ГОСУДАРСТВЕННОЕ БЮДЖЕТНОЕ УЧРЕЖДЕНИЕ ""РОССИЙСКИЙ ЦЕНТР СУДЕБНО-МЕДИЦИНСКОЙ ЭКСПЕРТИЗЫ"" МИНИСТЕРСТВА ЗДРАВООХРАНЕНИЯ РОССИЙСКОЙ ФЕДЕРАЦИИ";2
"ГОСУДАРСТВЕННОЕ БЮДЖЕТНОЕ УЧРЕЖДЕНИЕ ЗДРАВООХРАНЕНИЯ ""ОТРАДНЕНСКАЯ ЦЕНТРАЛЬНАЯ РАЙОННАЯ БОЛЬНИЦА"" МИНИСТЕРСТВА ЗДРАВООХРАНЕНИЯ КРАСНОДАРСКОГО КРАЯ";2
"САНКТ-ПЕТЕРБУРГСКОЕ ГОСУДАРСТВЕННОЕ БЮДЖЕТНОЕ УЧРЕЖДЕНИЕ ЗДРАВООХРАНЕНИЯ ""КОЖНО-ВЕНЕРОЛОГИЧЕСКИЙ ДИСПАНСЕР № 4""";2
"АО ""ТРАНСНЕФТЬ - СИБИРЬ""";2
"МУНИЦИПАЛЬНОЕ БЮДЖЕТНОЕ УЧРЕЖДЕНИЕ НОВОУРАЛЬСКОГО ГОРОДСКОГО ОКРУГА ""ДОРОЖНО-КОММУНАЛЬНАЯ СЛУЖБА""";2
"ФЕДЕРАЛЬНОЕ ГОСУДАРСТВЕННОЕ БЮДЖЕТНОЕ УЧРЕЖДЕНИЕ ВЫСШЕГО ОБРАЗОВАНИЯ И НАУКИ ""САНКТ-ПЕТЕРБУРГСКИЙ НАЦИОНАЛЬНЫЙ ИССЛЕДОВАТЕЛЬСКИЙ АКАДЕМИЧЕСКИЙ УНИВЕРСИТЕТ ИМЕНИ";2
"ФЕДЕРАЛЬНОЕ КАЗЕННОЕ УЧРЕЖДЕНИЕ ЗДРАВООХРАНЕНИЯ ""МЕДИКО-САНИТАРНАЯ ЧАСТЬ № 75 ФЕДЕРАЛЬНОЙ СЛУЖБЫ ИСПОЛНЕНИЯ НАКАЗАНИЙ""";2
"УМП ""Водоканал""";2
"АО ""РЭПХ""";2
"АКЦИОНЕРНОЕ ОБЩЕСТВО ""ПРОИЗВОДСТВЕННОЕ ОБЪЕДИНЕНИЕ ""СЕВЕРНОЕ МАШИНОСТРОИТЕЛЬНОЕ ПРЕДПРИЯТИЕ""";2
"ФЕДЕРАЛЬНОЕ КАЗЕННОЕ ОБРАЗОВАТЕЛЬНОЕ УЧРЕЖДЕНИЕ ВЫСШЕГО ОБРАЗОВАНИЯ ""КУЗБАССКИЙ ИНСТИТУТ ФЕДЕРАЛЬНОЙ СЛУЖБЫ ИСПОЛНЕНИЯ НАКАЗАНИЙ""";2
"ФЕДЕРАЛЬНОЕ КАЗЕННОЕ УЧРЕЖДЕНИЕ ""ИСПРАВИТЕЛЬНАЯ КОЛОНИЯ № 18 ГЛАВНОГО УПРАВЛЕНИЯ ФЕДЕРАЛЬНОЙ СЛУЖБЫ ИСПОЛНЕНИЯ НАКАЗАНИЙ ПО ЧЕЛЯБИНСКОЙ ОБЛАСТИ""";2
"ООО ""ТРВ-ИНЖИНИРИНГ""";2
АО   Связьтранснефть;2
"ФЕДЕРАЛЬНОЕ ГОСУДАРСТВЕННОЕ БЮДЖЕТНОЕ ПРОФЕССИОНАЛЬНОЕ ОБРАЗОВАТЕЛЬНОЕ УЧРЕЖДЕНИЕ ""ГОСУДАРСТВЕННОЕ УЧИЛИЩЕ (ТЕХНИКУМ) ОЛИМПИЙСКОГО РЕЗЕРВА В Г. КОНДОПОГЕ""";2
ФЕДЕРАЛЬНОЕ ГОСУДАРСТВЕННОЕ БЮДЖЕТНОЕ УЧРЕЖДЕНИЕ НАУКИ ИНСТИТУТ ФИЗИКИ ПОЛУПРОВОДНИКОВ ИМ. А.В. РЖАНОВА СИБИРСКОГО ОТДЕЛЕНИЯ РОССИЙСКОЙ АКАДЕМИИ НАУК;2
"ФЕДЕРАЛЬНОЕ ГОСУДАРСТВЕННОЕ БЮДЖЕТНОЕ УЧРЕЖДЕНИЕ ""УПРАВЛЕНИЕ ПО ЭКСПЛУАТАЦИИ ЗДАНИЙ ФЕДЕРАЛЬНОГО СОБРАНИЯ РОССИЙСКОЙ ФЕДЕРАЦИИ"" УПРАВЛЕНИЯ ДЕЛАМИ ПРЕЗИДЕНТА РОС";2
"КОМИТЕТ ПО УПРАВЛЕНИЮ ИМУЩЕСТВОМ АДМИНИСТРАЦИИ МУНИЦИПАЛЬНОГО ОБРАЗОВАНИЯ ""ХОЛМОГОРСКИЙ МУНИЦИПАЛЬНЫЙ РАЙОН""";2
"ФЕДЕРАЛЬНОЕ КАЗЕННОЕ УЧРЕЖДЕНИЕ ""СЛЕДСТВЕННЫЙ ИЗОЛЯТОР № 1 ГЛАВНОГО УПРАВЛЕНИЯ ФЕДЕРАЛЬНОЙ СЛУЖБЫ ИСПОЛНЕНИЯ НАКАЗАНИЙ ПО НОВОСИБИРСКОЙ ОБЛАСТИ""";2
"ГОСУДАРСТВЕННОЕ БЮДЖЕТНОЕ УЧРЕЖДЕНИЕ ЗДРАВООХРАНЕНИЯ РЕСПУБЛИКИ КАРЕЛИЯ ""ПРЯЖИНСКАЯ ЦЕНТРАЛЬНАЯ РАЙОННАЯ БОЛЬНИЦА""";2
КИО администрации города Лысьвы;2
"ФЕДЕРАЛЬНОЕ ГОСУДАРСТВЕННОЕ КАЗЕННОЕ УЧРЕЖДЕНИЕ ""СЕВЕРО-ЗАПАДНЫЙ РЕГИОНАЛЬНЫЙ ПОИСКОВО-СПАСАТЕЛЬНЫЙ ОТРЯД МЧС РОССИИ""";2
"АО ""НПО ЭЛЕКТРОМЕХАНИКИ""";2
"АО ""КМКР""";2
"АО ""КОРЯКЭНЕРГО""";2
"ФЕДЕРАЛЬНОЕ ГОСУДАРСТВЕННОЕ КАЗЕННОЕ ОБРАЗОВАТЕЛЬНОЕ УЧРЕЖДЕНИЕ ВЫСШЕГО ОБРАЗОВАНИЯ ""ВОЛГОГРАДСКАЯ АКАДЕМИЯ МИНИСТЕРСТВА ВНУТРЕННИХ ДЕЛ РОССИЙСКОЙ ФЕДЕРАЦИИ""";2
"ГОСУДАРСТВЕННОЕ БЮДЖЕТНОЕ УЧРЕЖДЕНИЕ ЗДРАВООХРАНЕНИЯ ПЕРМСКОГО КРАЯ ""БЕРЕЗОВСКАЯ ЦЕНТРАЛЬНАЯ РАЙОННАЯ БОЛЬНИЦА""";2
"ГОСУДАРСТВЕННОЕ БЮДЖЕТНОЕ УЧРЕЖДЕНИЕ КАЛИНИНГРАДСКОЙ ОБЛАСТИ ""ОТРЯД ГОСУДАРСТВЕННОЙ ПРОТИВОПОЖАРНОЙ СЛУЖБЫ И ОБЕСПЕЧЕНИЯ МЕРОПРИЯТИЙ ГРАЖДАНСКОЙ ОБОРОНЫ""";2
"МУНИЦИПАЛЬНОЕ БЮДЖЕТНОЕ УЧРЕЖДЕНИЕ ЗДРАВООХРАНЕНИЯ ""ЦЕНТРАЛЬНАЯ РАЙОННАЯ БОЛЬНИЦА"" ОРЛОВСКОГО РАЙОНА РОСТОВСКОЙ ОБЛАСТИ";2
"ФГБНУ ""НИИ АГИР ИМ. Д.О. ОТТА""";2
"ГОСУДАРСТВЕННОЕ БЮДЖЕТНОЕ УЧРЕЖДЕНИЕ ЗДРАВООХРАНЕНИЯ ПСКОВСКОЙ ОБЛАСТИ ""ВЕЛИКОЛУКСКАЯ ДЕТСКАЯ ГОРОДСКАЯ БОЛЬНИЦА""";2
"ФИЛИАЛ ФЕДЕРАЛЬНОГО КАЗЕННОГО УЧРЕЖДЕНИЯ ""ГОСУДАРСТВЕННОЕ УЧРЕЖДЕНИЕ ПО ФОРМИРОВАНИЮ ГОСУДАРСТВЕННОГО ФОНДА ДРАГОЦЕННЫХ МЕТАЛЛОВ И ДРАГОЦЕННЫХ КАМНЕЙ РОССИЙСКОЙ";2
ООО ПРГ-Спорт;2
"ГОСУДАРСТВЕННОЕ БЮДЖЕТНОЕ УЧРЕЖДЕНИЕ ПЕРМСКОГО КРАЯ ""ЧУСОВСКОЙ ЛЕСХОЗ""";2
"АУ РК ""РСП""";2
АДМИНИСТРАЦИЯ ЯЛУТОРОВСКОГО РАЙОНА;2
"МУНИЦИПАЛЬНОЕ КАЗЕННОЕ УЧРЕЖДЕНИЕ МОЖАЙСКОГО ГОРОДСКОГО ОКРУГА МОСКОВСКОЙ ОБЛАСТИ ""ЦЕНТР ТОРГОВ""";2
"ФИЛИАЛ ФЕДЕРАЛЬНОГО ГОСУДАРСТВЕННОГО БЮДЖЕТНОГО УЧРЕЖДЕНИЯ ""РОССИЙСКИЙ СЕЛЬСКОХОЗЯЙСТВЕННЫЙ ЦЕНТР"" ПО СТАВРОПОЛЬСКОМУ КРАЮ";2
ВОЙСКОВАЯ ЧАСТЬ 6909;2
"ФЕДЕРАЛЬНОЕ КАЗЕННОЕ УЧРЕЖДЕНИЕ ""ГЛАВНОЕ БЮРО МЕДИКО-СОЦИАЛЬНОЙ ЭКСПЕРТИЗЫ ПО БРЯНСКОЙ ОБЛАСТИ"" МИНИСТЕРСТВА ТРУДА И СОЦИАЛЬНОЙ ЗАЩИТЫ РОССИЙСКОЙ ФЕДЕРАЦИИ";2
"ГОСУДАРСТВЕННОЕ КАЗЕННОЕ УЧРЕЖДЕНИЕ АСТРАХАНСКОЙ ОБЛАСТИ ""ОБЛАСТНАЯ СПАСАТЕЛЬНО-ПОЖАРНАЯ СЛУЖБА""";2
"ЛАНГЕПАССКОЕ ГОРОДСКОЕ МУНИЦИПАЛЬНОЕ КАЗЕННОЕ УЧРЕЖДЕНИЕ ""УПРАВЛЕНИЕ ПО ОБЕСПЕЧЕНИЮ ДЕЯТЕЛЬНОСТИ ОРГАНОВ МЕСТНОГО САМОУПРАВЛЕНИЯ""";2
"ФЕДЕРАЛЬНОЕ КАЗЕННОЕ УЧРЕЖДЕНИЕ ""ИСПРАВИТЕЛЬНАЯ КОЛОНИЯ № 10 ГЛАВНОГО УПРАВЛЕНИЯ ФЕДЕРАЛЬНОЙ СЛУЖБЫ ИСПОЛНЕНИЯ НАКАЗАНИЙ ПО ЧЕЛЯБИНСКОЙ ОБЛАСТИ""";2
"ГОСУДАРСТВЕННОЕ БЮДЖЕТНОЕ УЧРЕЖДЕНИЕ ЗДРАВООХРАНЕНИЯ ПЕРМСКОГО КРАЯ ""ГОРОДСКАЯ КЛИНИЧЕСКАЯ БОЛЬНИЦА ИМ. СИМХИ НАФТОЛИЕВИЧА ГРИНБЕРГА""";2
ГОСУДАРСТВЕННОЕ БЮДЖЕТНОЕ УЧРЕЖДЕНИЕ ЗДРАВООХРАНЕНИЯ РЕСПУБЛИКИ БАШКОРТОСТАН ГОРОДСКАЯ КЛИНИЧЕСКАЯ БОЛЬНИЦА № 8 ГОРОДА УФА;2
"ФЕДЕРАЛЬНОЕ КАЗЕННОЕ УЧРЕЖДЕНИЕ ""ИСПРАВИТЕЛЬНАЯ КОЛОНИЯ № 3 УПРАВЛЕНИЯ ФЕДЕРАЛЬНОЙ СЛУЖБЫ ИСПОЛНЕНИЯ НАКАЗАНИЙ ПО ТОМСКОЙ ОБЛАСТИ""";2
"ГОСУДАРСТВЕННОЕ БЮДЖЕТНОЕ УЧРЕЖДЕНИЕ ЗДРАВООХРАНЕНИЯ РЕСПУБЛИКИ КОМИ ""УСТЬ-ВЫМСКАЯ ЦЕНТРАЛЬНАЯ РАЙОННАЯ БОЛЬНИЦА""";2
ГОСУДАРСТВЕННОЕ УЧРЕЖДЕНИЕ-РЕГИОНАЛЬНОЕ ОТДЕЛЕНИЕ ФОНДА СОЦИАЛЬНОГО СТРАХОВАНИЯ РОССИЙСКОЙ ФЕДЕРАЦИИ ПО РЕСПУБЛИКЕ АДЫГЕЯ;2
"ГОСУДАРСТВЕННОЕ БЮДЖЕТНОЕ УЧРЕЖДЕНИЕ ЗДРАВООХРАНЕНИЯ ""ТУАПСИНСКАЯ ЦЕНТРАЛЬНАЯ РАЙОННАЯ БОЛЬНИЦА № 1"" МИНИСТЕРСТВА ЗДРАВООХРАНЕНИЯ КРАСНОДАРСКОГО КРАЯ";2
ШЕСТНАДЦАТЫЙ АРБИТРАЖНЫЙ АПЕЛЛЯЦИОННЫЙ СУД;2
"ГОСУДАРСТВЕННОЕ БЮДЖЕТНОЕ УЧРЕЖДЕНИЕ ЗДРАВООХРАНЕНИЯ ""КУЩЕВСКАЯ ЦЕНТРАЛЬНАЯ РАЙОННАЯ БОЛЬНИЦА"" МИНИСТЕРСТВА ЗДРАВООХРАНЕНИЯ КРАСНОДАРСКОГО КРАЯ";2
"ГОСУДАРСТВЕННОЕ БЮДЖЕТНОЕ УЧРЕЖДЕНИЕ ЗДРАВООХРАНЕНИЯ СВЕРДЛОВСКОЙ ОБЛАСТИ ""ДЕТСКАЯ ГОРОДСКАЯ БОЛЬНИЦА ГОРОД КАМЕНСК-УРАЛЬСКИЙ""";2
"ФЕДЕРАЛЬНОЕ  КАЗЕННОЕ УЧРЕЖДЕНИЕ ""ИСПРАВИТЕЛЬНАЯ КОЛОНИЯ № 2 УПРАВЛЕНИЯ ФЕДЕРАЛЬНОЙ СЛУЖБЫ ИСПОЛНЕНИЯ НАКАЗАНИЙ ПО РЕСПУБЛИКЕ БУРЯТИЯ""";2
"ФЕДЕРАЛЬНОЕ ГОСУДАРСТВЕННОЕ БЮДЖЕТНОЕ УЧРЕЖДЕНИЕ ""УПРАВЛЕНИЕ ПО МЕЛИОРАЦИИ ЗЕМЕЛЬ, ВОДНОМУ ХОЗЯЙСТВУ И БЕЗОПАСНОСТИ ГИДРОТЕХНИЧЕСКИХ СООРУЖЕНИЙ ""СПЕЦМЕЛИОВОДХОЗ";2
АО 'Завод 'Двигатель';2
ГОСУДАРСТВЕННОЕ БЮДЖЕТНОЕ УЧРЕЖДЕНИЕ ЗДРАВООХРАНЕНИЯ РЕСПУБЛИКИ БАШКОРТОСТАН ДЕТСКАЯ СТОМАТОЛОГИЧЕСКАЯ ПОЛИКЛИНИКА № 7 ГОРОДА УФА;2
"ГОСУДАРСТВЕННОЕ БЮДЖЕТНОЕ УЧРЕЖДЕНИЕ РЕСПУБЛИКИ МАРИЙ ЭЛ ""ЙОШКАР-ОЛИНСКАЯ ГОРОДСКАЯ БОЛЬНИЦА""";2
"МУНИЦИПАЛЬНОЕ БЮДЖЕТНОЕ ОБРАЗОВАТЕЛЬНОЕ УЧРЕЖДЕНИЕ ДОПОЛНИТЕЛЬНОГО ОБРАЗОВАНИЯ ""ЦЕНТР ДОПОЛНИТЕЛЬНОГО ОБРАЗОВАНИЯ ИМ. Б.Б.ПРОТАСОВА""";2
"ГОСУДАРСТВЕННОЕ БЮДЖЕТНОЕ УЧРЕЖДЕНИЕ ""ХОЗЯЙСТВЕННОЕ УПРАВЛЕНИЕ АДМИНИСТРАЦИИ КРАЯ""";2
"ФЕДЕРАЛЬНОЕ ГОСУДАРСТВЕННОЕ КАЗЕННОЕ УЧРЕЖДЕНИЕ ""СПЕЦИАЛЬНОЕ УПРАВЛЕНИЕ ФЕДЕРАЛЬНОЙ ПРОТИВОПОЖАРНОЙ СЛУЖБЫ № 2 МИНИСТЕРСТВА РОССИЙСКОЙ ФЕДЕРАЦИИ ПО ДЕЛАМ ГРАЖДА";2
УПРАВЛЕНИЕ ФЕДЕРАЛЬНОЙ СЛУЖБЫ ГОСУДАРСТВЕННОЙ РЕГИСТРАЦИИ, КАДАСТРА И КАРТОГРАФИИ ПО КРАСНОЯРСКОМУ КРАЮ;2
МУНИЦИПАЛЬНОЕ БЮДЖЕТНОЕ УЧРЕЖДЕНИЕ ДОПОЛНИТЕЛЬНОГО ОБРАЗОВАНИЯ ДЕТСКО-ЮНОШЕСКАЯ СПОРТИВНАЯ ШКОЛА № 3 Г.СЕВЕРОМОРСК;2
"ФЕДЕРАЛЬНОЕ ГОСУДАРСТВЕННОЕ КАЗЕННОЕ УЧРЕЖДЕНИЕ ""54 ОТРЯД ФЕДЕРАЛЬНОЙ ПРОТИВОПОЖАРНОЙ СЛУЖБЫ ПО СВЕРДЛОВСКОЙ ОБЛАСТИ""";2
"ГОСУДАРСТВЕННОЕ УЧРЕЖДЕНИЕ ЗДРАВООХРАНЕНИЯ САРАТОВСКОЙ ОБЛАСТИ ""РТИЩЕВСКАЯ РАЙОННАЯ БОЛЬНИЦА""";2
"ФЕДЕРАЛЬНОЕ КАЗЕННОЕ УЧРЕЖДЕНИЕ ЗДРАВООХРАНЕНИЯ ""МЕДИКО-САНИТАРНАЯ ЧАСТЬ МИНИСТЕРСТВА ВНУТРЕННИХ ДЕЛ РОССИЙСКОЙ ФЕДЕРАЦИИ ПО САРАТОВСКОЙ ОБЛАСТИ""";2
"МУНИЦИПАЛЬНОЕ КАЗЕННОЕ ПРЕДПРИЯТИЕ АННИНСКОГО ГОРОДСКОГО ПОСЕЛЕНИЯ АННИНСКОГО МУНИЦИПАЛЬНОГО РАЙОНА ВОРОНЕЖСКОЙ ОБЛАСТИ ""БЛАГОУСТРОЙСТВО""";2
ГОСУДАРСТВЕННОЕ БЮДЖЕТНОЕ ОБЩЕОБРАЗОВАТЕЛЬНОЕ УЧРЕЖДЕНИЕ СРЕДНЯЯ ОБЩЕОБРАЗОВАТЕЛЬНАЯ ШКОЛА № 412 ПЕТРОДВОРЦОВОГО РАЙОНА САНКТ-ПЕТЕРБУРГА;2
"ГОСУДАРСТВЕННОЕ БЮДЖЕТНОЕ УЧРЕЖДЕНИЕ КРАСНОДАРСКОГО КРАЯ ""МНОГОФУНКЦИОНАЛЬНЫЙ СПОРТИВНЫЙ КОМПЛЕКС""";2
"ГОСУДАРСТВЕННОЕ БЮДЖЕТНОЕ УЧРЕЖДЕНИЕ ЗДРАВООХРАНЕНИЯ СВЕРДЛОВСКОЙ ОБЛАСТИ ""СВЕРДЛОВСКИЙ ОБЛАСТНОЙ ОНКОЛОГИЧЕСКИЙ ДИСПАНСЕР""";2
ГОСУДАРСТВЕННОЕ УЧРЕЖДЕНИЕ-УПРАВЛЕНИЕ ПЕНСИОННОГО ФОНДА РОССИЙСКОЙ ФЕДЕРАЦИИ  В ГОРОДЕ-КУРОРТЕ АНАПЕ КРАСНОДАРСКОГО КРАЯ;2
"ФЕДЕРАЛЬНОЕ ГОСУДАРСТВЕННОЕ КАЗЕННОЕ УЧРЕЖДЕНИЕ ""1 ОТРЯД ФЕДЕРАЛЬНОЙ ПРОТИВОПОЖАРНОЙ СЛУЖБЫ ПО ЯРОСЛАВСКОЙ ОБЛАСТИ""";2
Гарифуллин Фидан Каримович;2
"ФЕДЕРАЛЬНОЕ ГОСУДАРСТВЕННОЕ КАЗЕННОЕ УЧРЕЖДЕНИЕ ""1 ОТРЯД ФЕДЕРАЛЬНОЙ ПРОТИВОПОЖАРНОЙ СЛУЖБЫ ПО ЗАБАЙКАЛЬСКОМУ КРАЮ""";2
"ФЕДЕРАЛЬНОЕ ГОСУДАРСТВЕННОЕ БЮДЖЕТНОЕ УЧРЕЖДЕНИЕ ""ГЛАВНОЕ БАССЕЙНОВОЕ УПРАВЛЕНИЕ ПО РЫБОЛОВСТВУ И СОХРАНЕНИЮ ВОДНЫХ БИОЛОГИЧЕСКИХ РЕСУРСОВ""";2
"ФБУЗ ""ЦЕНТР ГИГИЕНЫ И ЭПИДЕМИОЛОГИИ В ПЕРМСКОМ КРАЕ""";2
"ФГАУ ""ЛРЦ"" Минздрава России";2
"ФЕДЕРАЛЬНОЕ ГОСУДАРСТВЕННОЕ КАЗЕННОЕ УЧРЕЖДЕНИЕ КОМБИНАТ ""ПРОЕКТ"" УПРАВЛЕНИЯ ФЕДЕРАЛЬНОГО АГЕНТСТВА ПО ГОСУДАРСТВЕННЫМ РЕЗЕРВАМ ПО ПРИВОЛЖСКОМУ ФЕДЕРАЛЬНОМУ ОКР";2
"ГОСУДАРСТВЕННОЕ БЮДЖЕТНОЕ УЧРЕЖДЕНИЕ ЗДРАВООХРАНЕНИЯ РЕСПУБЛИКИ КРЫМ ""СИМФЕРОПОЛЬСКИЙ КЛИНИЧЕСКИЙ РОДИЛЬНЫЙ ДОМ №2""";2
Рябков Виталий Борисович;2
"ГОСУДАРСТВЕННОЕ КАЗЕННОЕ УЧРЕЖДЕНИЕ ПЕРМСКОГО КРАЯ ""1 ОТРЯД ПРОТИВОПОЖАРНОЙ СЛУЖБЫ ПЕРМСКОГО КРАЯ""";2
"АДМИНИСТРАЦИЯ ГОРОДСКОГО ПОСЕЛЕНИЯ ""РАБОЧИЙ ПОСЕЛОК СОЛНЕЧНЫЙ"" СОЛНЕЧНОГО МУНИЦИПАЛЬНОГО РАЙОНА ХАБАРОВСКОГО КРАЯ";2
ИП Франов Игорь Викторович;2
"МУНИЦИПАЛЬНОЕ КАЗЕННОЕ УЧРЕЖДЕНИЕ ГОРОДА РЯЗАНИ ""МУНИЦИПАЛЬНЫЙ ЦЕНТР ТОРГОВ""";2
"АО ""МСЧ ""НЕФТЯНИК""";2
"ФЕДЕРАЛЬНОЕ КАЗЕННОЕ УЧРЕЖДЕНИЕ ""ИСПРАВИТЕЛЬНАЯ КОЛОНИЯ № 1 УПРАВЛЕНИЯ ФЕДЕРАЛЬНОЙ СЛУЖБЫ ИСПОЛНЕНИЯ НАКАЗАНИЙ ПО КОСТРОМСКОЙ ОБЛАСТИ""";2
"АО ""ДИКСИ Юг""";2
"ГОСУДАРСТВЕННОЕ БЮДЖЕТНОЕ УЧРЕЖДЕНИЕ ЗДРАВООХРАНЕНИЯ ""КЛИНИЧЕСКИЙ ПРОТИВОТУБЕРКУЛЕЗНЫЙ ДИСПАНСЕР"" МИНИСТЕРСТВА ЗДРАВООХРАНЕНИЯ КРАСНОДАРСКОГО КРАЯ";2
"ФЕДЕРАЛЬНОЕ КАЗЕННОЕ ПРЕДПРИЯТИЕ ""НАУЧНО-ИСПЫТАТЕЛЬНЫЙ ЦЕНТР РАКЕТНО-КОСМИЧЕСКОЙ ПРОМЫШЛЕННОСТИ""";2
ФЕДЕРАЛЬНОЕ ГОСУДАРСТВЕННОЕ БЮДЖЕТНОЕ УЧРЕЖДЕНИЕ НАУКИ ДАГЕСТАНСКИЙ НАУЧНЫЙ ЦЕНТР РОССИЙСКОЙ АКАДЕМИИ НАУК;2
ГОСУДАРСТВЕННОЕ БЮДЖЕТНОЕ УЧРЕЖДЕНИЕ ЗДРАВООХРАНЕНИЯ РЕСПУБЛИКИ БАШКОРТОСТАН ГОРОДСКАЯ КЛИНИЧЕСКАЯ БОЛЬНИЦА № 18 ГОРОДА УФА;2
"МУНИЦИПАЛЬНОЕ БЮДЖЕТНОЕ УЧРЕЖДЕНИЕ ""УПРАВЛЕНИЕ БЛАГОУСТРОЙСТВА И ДОРОЖНОГО ХОЗЯЙСТВА""";2
ГБОУ ВПО ЮУГМУ МИНЗДРАВА РОССИИ;2
"ФЕДЕРАЛЬНОЕ КАЗЕННОЕ УЧРЕЖДЕНИЕ ""ЦЕНТР УПРАВЛЕНИЯ В КРИЗИСНЫХ СИТУАЦИЯХ ГЛАВНОГО УПРАВЛЕНИЯ МЧС РОССИИ ПО ПЕРМСКОМУ КРАЮ""";2
"УНИТАРНОЕ МУНИЦИПАЛЬНОЕ ПРЕДПРИЯТИЕ ""ВОДОКАНАЛ"" ГОРОДСКОГО ОКРУГА РЕВДА";2
"ГБУ РС (Я) ""МИРНИНСКАЯ ЦРБ""";2
"ФЕДЕРАЛЬНОЕ ГОСУДАРСТВЕННОЕ БЮДЖЕТНОЕ ОБРАЗОВАТЕЛЬНОЕ УЧРЕЖДЕНИЕ ВЫСШЕГО ОБРАЗОВАНИЯ ""ВОЛГОГРАДСКИЙ ГОСУДАРСТВЕННЫЙ МЕДИЦИНСКИЙ УНИВЕРСИТЕТ"" МИНИСТЕРСТВА ЗДРАВО";2
"МУНИЦИПАЛЬНОЕ УНИТАРНОЕ ПРЕДПРИЯТИЕ ГРЯЗОВЕЦКОГО МУНИЦИПАЛЬНОГО РАЙОНА ВОЛОГОДСКОЙ ОБЛАСТИ ""ГРЯЗОВЕЦКАЯ ЭЛЕКТРОТЕПЛОСЕТЬ""";2
"ГОСУДАРСТВЕННОЕ КАЗЕННОЕ УЧРЕЖДЕНИЕ СОЦИАЛЬНОГО ОБСЛУЖИВАНИЯ СВЕРДЛОВСКОЙ ОБЛАСТИ ""СОЦИАЛЬНО-РЕАБИЛИТАЦИОННЫЙ ЦЕНТР ДЛЯ НЕСОВЕРШЕННОЛЕТНИХ ВЕРХОТУРСКОГО РАЙОНА""";2
"ГАУ ЯНАО ""Ледовый Дворец""";2
"ГОСУДАРСТВЕННОЕ БЮДЖЕТНОЕ УЧРЕЖДЕНИЕ ЗДРАВООХРАНЕНИЯ СВЕРДЛОВСКОЙ ОБЛАСТИ ""ОБЛАСТНАЯ СТАНЦИЯ ПЕРЕЛИВАНИЯ КРОВИ""";2
"ГОСУДАРСТВЕННОЕ КАЗЕННОЕ УЧРЕЖДЕНИЕ РОСТОВСКОЙ ОБЛАСТИ ""РОСТОВСКАЯ ОБЛАСТНАЯ ПОИСКОВО-СПАСАТЕЛЬНАЯ СЛУЖБА ВО ВНУТРЕННИХ ВОДАХ И ТЕРРИТОРИАЛЬНОМ МОРЕ РОССИЙСКОЙ";2
"МУНИЦИПАЛЬНОЕ ПРЕДПРИЯТИЕ  ""МАГНИТОГОРСКИЙ ГОРОДСКОЙ ТРАНСПОРТ""";2
"САНКТ-ПЕТЕРБУРГСКОЕ ГОСУДАРСТВЕННОЕ БЮДЖЕТНОЕ УЧРЕЖДЕНИЕ ЗДРАВООХРАНЕНИЯ ""ГОРОДСКАЯ АЛЕКСАНДРОВСКАЯ БОЛЬНИЦА""";2
"ФЕДЕРАЛЬНОЕ ГОСУДАРСТВЕННОЕ БЮДЖЕТНОЕ УЧРЕЖДЕНИЕ ""УЧЕБНО-ТРЕНИРОВОЧНЫЙ ЦЕНТР ""НОВОГОРСК""";2
"ОБЛАСТНОЕ ГОСУДАРСТВЕННОЕ БЮДЖЕТНОЕ УЧРЕЖДЕНИЕ ЗДРАВООХРАНЕНИЯ ""НИКОЛАЕВСКАЯ РАЙОННАЯ БОЛЬНИЦА""";2
"САНКТ-ПЕТЕРБУРГСКОЕ ГОСУДАРСТВЕННОЕ БЮДЖЕТНОЕ УЧРЕЖДЕНИЕ КУЛЬТУРЫ ""ЦЕНТРАЛЬНЫЙ ПАРК КУЛЬТУРЫ И ОТДЫХА ИМЕНИ С.М. КИРОВА""";2
"ФЕДЕРАЛЬНОЕ КАЗЕННОЕ УЧРЕЖДЕНИЕ ""ЦЕНТР ХОЗЯЙСТВЕННОГО И СЕРВИСНОГО ОБЕСПЕЧЕНИЯ УПРАВЛЕНИЯ МИНИСТЕРСТВА ВНУТРЕННИХ ДЕЛ РОССИЙСКОЙ ФЕДЕРАЦИИ ПО РЯЗАНСКОЙ ОБЛАСТИ""";2
"ГОСУДАРСТВЕННОЕ КАЗЁННОЕ УЧРЕЖДЕНИЕ РЕСПУБЛИКИ КРЫМ ""ПОЖАРНАЯ ОХРАНА РЕСПУБЛИКИ КРЫМ""";2
"САНКТ-ПЕТЕРБУРГСКОЕ ГОСУДАРСТВЕННОЕ БЮДЖЕТНОЕ УЧРЕЖДЕНИЕ ЗДРАВООХРАНЕНИЯ ""СТОМАТОЛОГИЧЕСКАЯ ПОЛИКЛИНИКА № 9""";2
Центрально-Черноземный банк ПАО Сбербанк;2
"ФЕДЕРАЛЬНОЕ ГОСУДАРСТВЕННОЕ УНИТАРНОЕ ПРЕДПРИЯТИЕ ""ВСЕРОССИЙСКИЙ НАУЧНО-ИССЛЕДОВАТЕЛЬСКИЙ ИНСТИТУТ ФИЗИКО-ТЕХНИЧЕСКИХ И РАДИОТЕХНИЧЕСКИХ ИЗМЕРЕНИЙ""";2
"ОТКРЫТОЕ АКЦИОНЕРНОЕ ОБЩЕСТВО ""КОРПОРАЦИЯ КОСМИЧЕСКИХ СИСТЕМ СПЕЦИАЛЬНОГО НАЗНАЧЕНИЯ ""КОМЕТА""";2
"МУНИЦИПАЛЬНОЕ КАЗЕННОЕ УЧРЕЖДЕНИЕ ""ЦЕНТР ЗАКУПОЧНЫХ ПРОЦЕДУР"" ГОРОДСКОГО ОКРУГА ГОРОД САЛАВАТ РЕСПУБЛИКИ БАШКОРТОСТАН";2
"ФЕДЕРАЛЬНОЕ КАЗЕННОЕ УЧРЕЖДЕНИЕ ""КОЛОНИЯ-ПОСЕЛЕНИЕ № 2 УПРАВЛЕНИЯ ФЕДЕРАЛЬНОЙ СЛУЖБЫ ИСПОЛНЕНИЯ НАКАЗАНИЙ ПО РЕСПУБЛИКЕ САХА (ЯКУТИЯ)""";2
"ГОСУДАРСТВЕННОЕ УНИТАРНОЕ ПРЕДПРИЯТИЕ ЧУВАШСКОЙ РЕСПУБЛИКИ ""БИОЛОГИЧЕСКИЕ ОЧИСТНЫЕ СООРУЖЕНИЯ"" МИНИСТЕРСТВА СТРОИТЕЛЬСТВА, АРХИТЕКТУРЫ И ЖИЛИЩНО-КОММУНАЛЬНОГО Х";2
"ГОСУДАРСТВЕННОЕ БЮДЖЕТНОЕ УЧРЕЖДЕНИЕ ЗДРАВООХРАНЕНИЯ КАЛИНИНГРАДСКОЙ ОБЛАСТИ ""СВЕТЛОВСКАЯ ЦЕНТРАЛЬНАЯ ГОРОДСКАЯ БОЛЬНИЦА""";2
"ФЕДЕРАЛЬНОЕ ГОСУДАРСТВЕННОЕ УНИТАРНОЕ ПРЕДПРИЯТИЕ ""ЦЕНТРАЛЬНЫЙ НАУЧНО-ИССЛЕДОВАТЕЛЬСКИЙ ИНСТИТУТ КОНСТРУКЦИОННЫХ МАТЕРИАЛОВ ""ПРОМЕТЕЙ"" ИМЕНИ И.В. ГОРЫНИНА НАЦИО";2
АДМИНИСТРАЦИЯ МУНИЦИПАЛЬНОГО ОБРАЗОВАНИЯ НОВОПОКРОВСКИЙ РАЙОН;2
"ГОСУДАРСТВЕННОЕ БЮДЖЕТНОЕ УЧРЕЖДЕНИЕ ЗДРАВООХРАНЕНИЯ НЕНЕЦКОГО АВТОНОМНОГО ОКРУГА ""НЕНЕЦКАЯ ОКРУЖНАЯ БОЛЬНИЦА""";2
ФЕДЕРАЛЬНОЕ ГОСУДАРСТВЕННОЕ БЮДЖЕТНОЕ УЧРЕЖДЕНИЕ НАУКИ ИНСТИТУТ ОРГАНИЧЕСКОЙ ХИМИИ ИМ. Н.Д. ЗЕЛИНСКОГО РОССИЙСКОЙ АКАДЕМИИ НАУК;2
"ФЕДЕРАЛЬНОЕ ГОСУДАРСТВЕННОЕ КАЗЕННОЕ УЧРЕЖДЕНИЕ ""3 ОТРЯД ФЕДЕРАЛЬНОЙ ПРОТИВОПОЖАРНОЙ СЛУЖБЫ ПО КИРОВСКОЙ ОБЛАСТИ""";2
"ФЕДЕРАЛЬНОЕ ГОСУДАРСТВЕННОЕ КАЗЕННОЕ УЧРЕЖДЕНИЕ ""ЦЕНТРАЛЬНАЯ СТОМАТОЛОГИЧЕСКАЯ ПОЛИКЛИНИКА ФЕДЕРАЛЬНОЙ СЛУЖБЫ БЕЗОПАСНОСТИ РОССИЙСКОЙ ФЕДЕРАЦИИ""";2
"ПОЛИТЕХНИЧЕСКИЙ ИНСТИТУТ (ФИЛИАЛ) ФЕДЕРАЛЬНОГО ГОСУДАРСТВЕННОГО БЮДЖЕТНОГО ОБРАЗОВАТЕЛЬНОГО УЧРЕЖДЕНИЯ ВЫСШЕГО ОБРАЗОВАНИЯ ""ДОНСКОЙ ГОСУДАРСТВЕННЫЙ ТЕХНИЧЕСКИЙ";2
"МУНИЦИПАЛЬНОЕ БЮДЖЕТНОЕ УЧРЕЖДЕНИЕ ЗДРАВООХРАНЕНИЯ ""ГОРОДСКАЯ БОЛЬНИЦА №6 ГОРОДА РОСТОВА-НА-ДОНУ""";2
"АДМИНИСТРАЦИЯ БЛАГОВЕЩЕНСКОГО РАЙОНА ВНУТРЕННИХ ВОДНЫХ ПУТЕЙ-ФИЛИАЛ ФЕДЕРАЛЬНОГО БЮДЖЕТНОГО УЧРЕЖДЕНИЯ ""АДМИНИСТРАЦИЯ АМУРСКОГО БАССЕЙНА ВНУТРЕННИХ ВОДНЫХ ПУТЕЙ";2
"ГОСУДАРСТВЕННОЕ БЮДЖЕТНОЕ УЧРЕЖДЕНИЕ ЗДРАВООХРАНЕНИЯ ""ХАДЫЖЕНСКАЯ СТОМАТОЛОГИЧЕСКАЯ ПОЛИКЛИНИКА"" МИНИСТЕРСТВА ЗДРАВООХРАНЕНИЯ КРАСНОДАРСКОГО КРАЯ";2
"АО ""КОНЦЕРН ""ЦНИИ ""ЭЛЕКТРОПРИБОР""";2
"ФЕДЕРАЛЬНОЕ ГОСУДАРСТВЕННОЕ БЮДЖЕТНОЕ ВОЕННОЕ ОБРАЗОВАТЕЛЬНОЕ УЧРЕЖДЕНИЕ ВЫСШЕГО ОБРАЗОВАНИЯ ""АКАДЕМИЯ ГРАЖДАНСКОЙ ЗАЩИТЫ МИНИСТЕРСТВА РОССИЙСКОЙ ФЕДЕРАЦИИ ПО Д";2
УПРАВЛЕНИЕ ВООРУЖЕНИЯ СЛУЖБЫ ИНЖЕНЕРНО-ТЕХНИЧЕСКОГО ОБЕСПЕЧЕНИЯ ФЕДЕРАЛЬНОЙ СЛУЖБЫ ОХРАНЫ РОССИЙСКОЙ ФЕДЕРАЦИИ;2
"КГПОАУ ""КАМЧАТСКИЙ ПОЛИТЕХНИЧЕСКИЙ ТЕХНИКУМ""";2
"ФЕДЕРАЛЬНОЕ ГОСУДАРСТВЕННОЕ БЮДЖЕТНОЕ ОБРАЗОВАТЕЛЬНОЕ УЧРЕЖДЕНИЕ ВЫСШЕГО ОБРАЗОВАНИЯ ""УФИМСКИЙ ГОСУДАРСТВЕННЫЙ АВИАЦИОННЫЙ ТЕХНИЧЕСКИЙ УНИВЕРСИТЕТ""";2
"ФЕДЕРАЛЬНОЕ ГОСУДАРСТВЕННОЕ УНИТАРНОЕ ПРЕДПРИЯТИЕ ""НАУЧНЫЙ ЦЕНТР ""СИГНАЛ""";2
"АДМИНИСТРАЦИЯ МУНИЦИПАЛЬНОГО ОБРАЗОВАНИЯ ""СЕВЕРОДВИНСК""";2
ФБУН ГНЦ ПМБ;2
"БЮДЖЕТНОЕ УЧРЕЖДЕНИЕ ЗДРАВООХРАНЕНИЯ УДМУРТСКОЙ РЕСПУБЛИКИ ""ПЕРВАЯ РЕСПУБЛИКАНСКАЯ КЛИНИЧЕСКАЯ БОЛЬНИЦА МИНИСТЕРСТВА ЗДРАВООХРАНЕНИЯ УДМУРТСКОЙ РЕСПУБЛИКИ""";2
"ГОСУДАРСТВЕННОЕ УЧРЕЖДЕНИЕ ЗДРАВООХРАНЕНИЯ САРАТОВСКОЙ ОБЛАСТИ ""ГОРОДСКАЯ БОЛЬНИЦА Г. БАЛАКОВО""";2
"МУНИЦИПАЛЬНОЕ УНИТАРНОЕ ПРЕДПРИЯТИЕ ""ЧЕРЕПОВЕЦКАЯ АВТОКОЛОННА № 1456""";2
"ФЕДЕРАЛЬНОЕ КАЗЕННОЕ УЧРЕЖДЕНИЕ ""ПРИВОЛЖСКИЙ АВИАЦИОННЫЙ ПОИСКОВО - СПАСАТЕЛЬНЫЙ ЦЕНТР""";2
ОАО '31 ЗАТО';2
"ГОСУДАРСТВЕННОЕ КАЗЕННОЕ УЧРЕЖДЕНИЕ СВЕРДЛОВСКОЙ ОБЛАСТИ ""УПРАВЛЕНИЕ АДМИНИСТРАТИВНЫМИ ЗДАНИЯМИ ГУБЕРНАТОРА СВЕРДЛОВСКОЙ ОБЛАСТИ""";2
"МУНИЦИПАЛЬНОЕ БЮДЖЕТНОЕ УЧРЕЖДЕНИЕ ЕЙСКОГО ГОРОДСКОГО ПОСЕЛЕНИЯ ЕЙСКОГО РАЙОНА ""СЛУЖБА СПАСЕНИЯ Г. ЕЙСКА""";2
"ФЕДЕРАЛЬНОЕ ГОСУДАРСТВЕННОЕ КАЗЕННОЕ УЧРЕЖДЕНИЕ ""ГЛАВНЫЙ КЛИНИЧЕСКИЙ ВОЕННЫЙ ГОСПИТАЛЬ ФЕДЕРАЛЬНОЙ СЛУЖБЫ БЕЗОПАСНОСТИ РОССИЙСКОЙ ФЕДЕРАЦИИ""";2
"ПАО АФК ""Система""";2
"МУНИЦИПАЛЬНОЕ КАЗЕННОЕ УЧРЕЖДЕНИЕ ""МУНИЦИПАЛЬНЫЙ ЗАКАЗ МУНИЦИПАЛЬНОГО ОБРАЗОВАНИЯ КОРЕНОВСКИЙ РАЙОН""";2
"ФЕДЕРАЛЬНОЕ ГОСУДАРСТВЕННОЕ БЮДЖЕТНОЕ НАУЧНОЕ УЧРЕЖДЕНИЕ ""ЯКУТСКИЙ НАУЧНЫЙ ЦЕНТР КОМПЛЕКСНЫХ МЕДИЦИНСКИХ ПРОБЛЕМ""";2
Скориков Виктор Евгеньевич;2
ГУП ЛО   ВОДОКАНАЛ Г. ПИКАЛЕВО;2
"КИРОВСКОЕ ОБЛАСТНОЕ ГОСУДАРСТВЕННОЕ БЮДЖЕТНОЕ УЧРЕЖДЕНИЕ ЗДРАВООХРАНЕНИЯ ""КИРОВСКИЙ ОБЛАСТНОЙ КЛИНИЧЕСКИЙ ПЕРИНАТАЛЬНЫЙ ЦЕНТР""";2
ГОСУДАРСТВЕННОЕ БЮДЖЕТНОЕ УЧРЕЖДЕНИЕ ЗДРАВООХРАНЕНИЯ РЕСПУБЛИКИ КРЫМ «ЧЕРНОМОРСКАЯ ЦЕНТРАЛЬНАЯ РАЙОННАЯ БОЛЬНИЦА»;2
"МУНИЦИПАЛЬНОЕ КАЗЕННОЕ УЧРЕЖДЕНИЕ ""ЖИЛИЩНО-КОММУНАЛЬНОЕ УПРАВЛЕНИЕ""";2
"ГОСУДАРСТВЕННОЕ УЧРЕЖДЕНИЕ ЗДРАВООХРАНЕНИЯ САРАТОВСКОЙ ОБЛАСТИ ""БАЛТАЙСКАЯ РАЙОННАЯ БОЛЬНИЦА""";2
"ФЕДЕРАЛЬНОЕ ГОСУДАРСТВЕННОЕ БЮДЖЕТНОЕ УЧРЕЖДЕНИЕ ""ФЕДЕРАЛЬНЫЙ ЦЕНТР НЕЙРОХИРУРГИИ"" МИНИСТЕРСТВА ЗДРАВООХРАНЕНИЯ РОССИЙСКОЙ ФЕДЕРАЦИИ (Г.ТЮМЕНЬ)";2
"ГОСУДАРСТВЕННОЕ БЮДЖЕТНОЕ УЧРЕЖДЕНИЕ ЗДРАВООХРАНЕНИЯ СВЕРДЛОВСКОЙ ОБЛАСТИ ""ДЕТСКАЯ ГОРОДСКАЯ БОЛЬНИЦА ГОРОД НИЖНИЙ ТАГИЛ""";2
ФЕДЕРАЛЬНОЕ ГОСУДАРСТВЕННОЕ БЮДЖЕТНОЕ УЧРЕЖДЕНИЕ НАУКИ ИНСТИТУТ МЕТАЛЛУРГИИ УРАЛЬСКОГО ОТДЕЛЕНИЯ РОССИЙСКОЙ АКАДЕМИИ НАУК;2
"ПНИПУ, ФГБОУ ВО ""ПЕРМСКИЙ НАЦИОНАЛЬНЫЙ ИССЛЕДОВАТЕЛЬСКИЙ ПОЛИТЕХНИЧЕСКИЙ УНИВЕРСИТЕТ"", ФГБОУ ВО ""ПНИПУ""";2
УПРАВЛЕНИЕ ФЕДЕРАЛЬНОЙ СЛУЖБЫ ПО ВЕТЕРИНАРНОМУ И ФИТОСАНИТАРНОМУ НАДЗОРУ ПО РЕСПУБЛИКАМ ХАКАСИЯ И ТЫВА И КЕМЕРОВСКОЙ ОБЛАСТИ;2
"ФЕДЕРАЛЬНОЕ ГОСУДАРСТВЕННОЕ БЮДЖЕТНОЕ УЧРЕЖДЕНИЕ ""УРАЛЬСКИЙ НАУЧНО-ИССЛЕДОВАТЕЛЬСКИЙ ИНСТИТУТ ФТИЗИОПУЛЬМОНОЛОГИИ"" МИНИСТЕРСТВА ЗДРАВООХРАНЕНИЯ РОССИЙСКОЙ ФЕДЕР";2
"ФЕДЕРАЛЬНОЕ ГОСУДАРСТВЕННОЕ БЮДЖЕТНОЕ УЧРЕЖДЕНИЕ ""НОВОСИБИРСКИЙ НАУЧНО-ИССЛЕДОВАТЕЛЬСКИЙ ИНСТИТУТ ТУБЕРКУЛЕЗА"" МИНИСТЕРСТВА ЗДРАВООХРАНЕНИЯ РОССИЙСКОЙ ФЕДЕРАЦИИ";2
АДМИНИСТРАЦИЯ ИСТРИНСКОГО МУНИЦИПАЛЬНОГО РАЙОНА МОСКОВСКОЙ ОБЛАСТИ;2
"федеральное государственное казенное учреждение ""Войсковая часть 34435""";2
Абросимов Михаил Анатольевич;2
Администрация муниципального образования город Салехард;2
"АДМИНИСТРАЦИЯ МУНИЦИПАЛЬНОГО ОБРАЗОВАНИЯ ""ВАВОЖСКИЙ РАЙОН""";2
"ГОСУДАРСТВЕННОЕ БЮДЖЕТНОЕ ОБРАЗОВАТЕЛЬНОЕ УЧРЕЖДЕНИЕ ДОПОЛНИТЕЛЬНОГО ОБРАЗОВАНИЯ ДЕТЕЙ ""САНКТ-ПЕТЕРБУРГСКАЯ СПЕЦИАЛИЗИРОВАННАЯ ДЕТСКО-ЮНОШЕСКАЯ ШКОЛА ОЛИМПИЙСКО";2
ГБУЗ РБ ТУЙМАЗИНСКАЯ ЦРБ;2
Фокина Наталья Сергеевна;2
"ГОСУДАРСТВЕННОЕ УЧРЕЖДЕНИЕ ЗДРАВООХРАНЕНИЯ ""ЕЛЕЦКАЯ ГОРОДСКАЯ БОЛЬНИЦА № 1 ИМ. Н. А. СЕМАШКО""";2
Управление Федеральной службы безопасности Российской Федерации по Мурманской области;2
Администрация городского округа Новокуйбышевск;2
"ФЕДЕРАЛЬНОЕ ГОСУДАРСТВЕННОЕ КАЗЕННОЕ УЧРЕЖДЕНИЕ ""ВОЙСКОВАЯ ЧАСТЬ  95504""";2
ФЕДЕРАЛЬНОЕ КАЗЕННОЕ УЧРЕЖДЕНИЕ ЗДРАВООХРАНЕНИЯ «САНАТОРИЙ «СОКОЛ» МИНИСТЕРСТВА ВНУТРЕННИХ ДЕЛ РОССИЙСКОЙ ФЕДЕРАЦИИ»;2
Светлова Татьяна Владимировна;2
"Федеральное государственное казенное учреждение ""Войсковая часть 2444""";2
"федеральное государственное казенное военное образовательное учреждение высшего профессионального образования ""Новосибирский военный институт внутренних войск и";2
"Сургутский район водных путей и судоходства-филиал Федерального бюджетного учреждения ""Администрация Обь-Иртышского бассейна внутренних водных путей""";2
Государственный комитет Псковской области по организации государственных закупок;2
ГОСУДАРСТВЕННОЕ БЮДЖЕТНОЕ СПЕЦИАЛЬНОЕ (КОРРЕКЦИОННОЕ) ОБРАЗОВАТЕЛЬНОЕ УЧРЕЖДЕНИЕ ДЛЯ ОБУЧАЮЩИХСЯ, ВОСПИТАННИКОВ С ОГРАНИЧЕННЫМИ ВОЗМОЖНОСТЯМИ ЗДОРОВЬЯ СПЕЦИАЛЬН;2
"федеральное казенное учреждение ""Исправительная колония № 7 Управления Федеральной службы исполнения наказаний по Республике Карелия""";2
"ФЕДЕРАЛЬНОЕ ГОСУДАРСТВЕННОЕ БЮДЖЕТНОЕ ОБРАЗОВАТЕЛЬНОЕ УЧРЕЖДЕНИЕ ВЫСШЕГО ПРОФЕССИОНАЛЬНОГО ОБРАЗОВАНИЯ ""МОСКОВСКИЙ ГОСУДАРСТВЕННЫЙ ТЕХНИЧЕСКИЙ УНИВЕРСИТЕТ ИМЕНИ";2
"ГОСУДАРСТВЕННОЕ БЮДЖЕТНОЕ УЧРЕЖДЕНИЕ ЗДРАВООХРАНЕНИЯ РЕСПУБЛИКИ КАРЕЛИЯ ""РЕСПУБЛИКАНСКАЯ БОЛЬНИЦА ИМ. В.А. БАРАНОВА""";2
"КАЗЕННОЕ УЧРЕЖДЕНИЕ НЕНЕЦКОГО АВТОНОМНОГО ОКРУГА ""СЛУЖБА МАТЕРИАЛЬНО-ТЕХНИЧЕСКОГО ОБЕСПЕЧЕНИЯ ДЕЯТЕЛЬНОСТИ ОРГАНОВ ГОСУДАРСТВЕННОЙ ВЛАСТИ НЕНЕЦКОГО АВТОНОМНОГО";2
Центральная таможня (Кинологический центр ФТС России);2
"ГБУЗ ПК ""ЧАЙКОВСКАЯ СП""";2
Министерство труда и социальной защиты Российской Федерации;2
Управление специальной связи и информации Федеральной службы охраны Российской Федерации в Дальневосточном федеральном округе;2
"ФЕДЕРАЛЬНОЕ КАЗЕННОЕ УЧРЕЖДЕНИЕ ЗДРАВООХРАНЕНИЯ ""МЕДИКО-САНИТАРНАЯ ЧАСТЬ № 52 ФЕДЕРАЛЬНОЙ СЛУЖБЫ ИСПОЛНЕНИЯ НАКАЗАНИЙ""";2
ФГАУ 'МНТК 'МИКРОХИРУРГИЯ ГЛАЗА' ИМ. АКАД. С.Н. ФЕДОРОВА' МИНЗДРАВА РОССИИ;2
"ФЕДЕРАЛЬНОЕ ГОСУДАРСТВЕННОЕ КАЗЕННОЕ УЧРЕЖДЕНИЕ ""ПОГРАНИЧНОЕ УПРАВЛЕНИЕ ФЕДЕРАЛЬНОЙ СЛУЖБЫ БЕЗОПАСНОСТИ РОССИЙСКОЙ ФЕДЕРАЦИИ ПО ЗАПАДНОМУ АРКТИЧЕСКОМУ РАЙОНУ""";2
"ФЕДЕРАЛЬНОЕ ГОСУДАРСТВЕННОЕ КАЗЕННОЕ УЧРЕЖДЕНИЕ ""ПОГРАНИЧНОЕ УПРАВЛЕНИЕ ФЕДЕРАЛЬНОЙ СЛУЖБЫ БЕЗОПАСНОСТИ РОССИЙСКОЙ ФЕДЕРАЦИИ ПО РЕСПУБЛИКЕ КРЫМ""";2
"федеральное казенное учреждение здравоохранения ""Санаторий ""Подмосковье"" Министерства внутренних дел Российской Федерации""";2
"АСЦ - филиал ФГУП ""Почта России""";2
ГОСУДАРСТВЕННОЕ БЮДЖЕТНОЕ ОБРАЗОВАТЕЛЬНОЕ УЧРЕЖДЕНИЕ ВЫСШЕГО ПРОФЕССИОНАЛЬНОГО ОБРАЗОВАНИЯ ПЕРВЫЙ МОСКОВСКИЙ ГОСУДАРСТВЕННЫЙ МЕДИЦИНСКИЙ УНИВЕРСИТЕТ ИМЕНИ И.М.;2
"ФЕДЕРАЛЬНОЕ ГОСУДАРСТВЕННОЕ БЮДЖЕТНОЕ УЧРЕЖДЕНИЕ ""СУРСКИЙ ГИДРОУЗЕЛ""";2
Межрайонная инспекция Федеральной налоговой службы по крупнейшим налогоплательщикам по Ростовской области;2
"Муниципальное бюджетное учреждение ""Центр организации и проведения конкурсных процедур"" городского округа город Уфа Республики Башкортостан";2
"ФЕДЕРАЛЬНОЕ ГОСУДАРСТВЕННОЕ КАЗЕННОЕ УЧРЕЖДЕНИЕ ""ВОЙСКОВАЯ ЧАСТЬ 28735""";2
"ФЕДЕРАЛЬНОЕ ГОСУДАРСТВЕННОЕ УНИТАРНОЕ ПРЕДПРИЯТИЕ ""ВСЕРОССИЙСКИЙ НАУЧНО-ИССЛЕДОВАТЕЛЬСКИЙ ИНСТИТУТ АВИАЦИОННЫХ МАТЕРИАЛОВ""";2
государственное казенное учреждение по эксплуатации и содержанию административных зданий администрации Краснодарского края;2
"ФГБОУ ВО ""ПИМУ""МИНЗДРАВА РОССИИ";2
"ГОСУДАРСТВЕННОЕ БЮДЖЕТНОЕ УЧРЕЖДЕНИЕ ЗДРАВООХРАНЕНИЯ ""КРАЕВАЯ КЛИНИЧЕСКАЯ БОЛЬНИЦА № 2"" МИНИСТЕРСТВА ЗДРАВООХРАНЕНИЯ КРАСНОДАРСКОГО КРАЯ";2
"ГБУЗ ПК  "" Бардымская ЦРБ им. А.П. курочкиной""";2
"ФЕДЕРАЛЬНОЕ ГОСУДАРСТВЕННОЕ КАЗЕННОЕ УЧРЕЖДЕНИЕ ""ВОЙСКОВАЯ ЧАСТЬ 83417""";2
"КРАЕВОЕ ГОСУДАРСТВЕННОЕ БЮДЖЕТНОЕ УЧРЕЖДЕНИЕ ЗДРАВООХРАНЕНИЯ ""ВЛАДИВОСТОКСКАЯ ПОЛИКЛИНИКА № 7""";2
"ФЕДЕРАЛЬНОЕ ГОСУДАРСТВЕННОЕ КАЗЕННОЕ УЧРЕЖДЕНИЕ ""ОТРЯД ФЕДЕРАЛЬНОЙ ПРОТИВОПОЖАРНОЙ СЛУЖБЫ ПО ЕВРЕЙСКОЙ АВТОНОМНОЙ ОБЛАСТИ""";2
"КРАЕВОЕ ГОСУДАРСТВЕННОЕ БЮДЖЕТНОЕ УЧРЕЖДЕНИЕ ЗДРАВООХРАНЕНИЯ ""ЛЕСОЗАВОДСКАЯ СТОМАТОЛОГИЧЕСКАЯ ПОЛИКЛИНИКА""";2
ОАО «НИИ ОЭП»;2
"ФЕДЕРАЛЬНОЕ КАЗЕННОЕ УЧРЕЖДЕНИЕ ""АРЗАМАССКАЯ ВОСПИТАТЕЛЬНАЯ КОЛОНИЯ ГЛАВНОГО УПРАВЛЕНИЯ ФЕДЕРАЛЬНОЙ СЛУЖБЫ ИСПОЛНЕНИЯ НАКАЗАНИЙ ПО НИЖЕГОРОДСКОЙ ОБЛАСТИ""";2
"МУНИЦИПАЛЬНОЕ БЮДЖЕТНОЕ  УЧРЕЖДЕНИЕ ЗДРАВООХРАНЕНИЯ ""ЦЕНТРАЛЬНАЯ РАЙОННАЯ БОЛЬНИЦА"" ОРЛОВСКОГО РАЙОНА РОСТОВСКОЙ ОБЛАСТИ";2
"ГОСУДАРСТВЕННОЕ БЮДЖЕТНОЕ УЧРЕЖДЕНИЕ ЗДРАВООХРАНЕНИЯ РЕСПУБЛИКИ КОМИ ""КОРТКЕРОССКАЯ ЦЕНТРАЛЬНАЯ РАЙОННАЯ БОЛЬНИЦА""";2
"федеральное государственное казенное учреждение ""Пограничное управление Федеральной службы безопасности Российской Федерации по Республике Калмыкия и Астраханск";2
ООО УК   ЦЕНТР-ЭКСПЕРТ;2
Министерство экономического развития Ульяновской области;2
Шкодин Виталий Витальевич;2
"федеральное государственное бюджетное учреждение ""Московское бассейновое управление по рыболовству и сохранению водных биологических ресурсов""";2
Лисик Евгений Юрьевич;2
"федеральное казенное учреждение ""Восточно-Сибирское окружное управление материально-технического снабжения Министерства внутренних дел Российской Федерации""";2
"федеральное казенное учреждение ""Войсковая часть 77065""";2
"федеральное государственное бюджетное учреждение ""Ростовский научно-исследовательский институт акушерства и педиатрии"" Министерства здравоохранения Российской Ф";2
Управление Федерального казначейства по Пермскому краю;2
"государственное бюджетное образовательное учреждение высшего профессионального образования ""Московский государственный медико-стоматологический университет имен";2
"федеральное государственное казенное учреждение ""1042 Спасательный центр МЧС России""";2
"федеральное государственное казенное учреждение ""Центр по проведению спасательных операций особого риска ""Лидер""";2
"государственное бюджетное учреждение здравоохранения ""Приморский краевой перинатальный центр""";2
"Санкт-Петербургское государственное бюджетное учреждение здравоохранения ""Городская поликлиника № 37""";2
"Финансовое управление Администрации муниципального образования ""Сычевский район"" Смоленской области";2
Администрация Истринского муниципального района Московской области;2
"федеральное казенное учреждение здравоохранения ""Медико-санитарная часть № 73 Федеральной службы исполнения наказаний""";2
"Санкт-Петербургское государственное бюджетное учреждение ""Центр контроля качества товаров (продукции), работ и услуг""";2
"Федеральное бюджетное образовательное учреждение высшего профессионального образования ""Морской государственный университет имени адмирала Г.И. Невельского""";2
Федеральное государственное бюджетное учреждение науки Институт проблем экологии и эволюции им. А.Н. Северцова Российской академии наук;2
"АО ""261 РЕМОНТНЫЙ ЗАВОД""";2
Городилова Наталья Александровна;2
"федеральное государственное бюджетное учреждение ""Федеральный центр нейрохирургии"" Министерства здравоохранения Российской Федерации (г. Тюмень)";2
"Санкт-Петербургское государственное бюджетное стационарное учреждение социального обслуживания ""Психоневрологический интернат №1""";2
Комитет по муниципальным закупкам и регулированию тарифов администрации города Ульяновска;2
"Открытое акционерное общество ""Научно-исследовательский институт полимерных материалов""";2
Межрайонная инспекция Федеральной налоговой службы № 6 по Астраханской области;2
"федеральное государственное бюджетное образовательное учреждение высшего профессионального образования ""Уральский институт Государственной противопожарной служб";2
"федеральное казенное учреждение ""Главный центр административно-хозяйственного и транспортного обеспечения Министерства внутренних дел Российской Федерации""";2
"государственное бюджетное образовательное учреждение высшего профессионального образования ""Северо-Западный государственный медицинский университет имени И.И. М";2
Администрация Мариинско-Посадского района Чувашской Республики;2
"федеральное государственное бюджетное учреждение ""Федеральный центр сердечно-сосудистой хирургии"" Министерства здравоохранения Российской Федерации (г. Хабаровс";2
"Санкт-Петербургское государственное казенное учреждение ""Поисково-спасательная служба Санкт-Петербурга""";2
"ООО ""КОРАЛЛ""";2
"Открытое акционерное общество ""Равенство""";2
"федеральное государственное бюджетное учреждение ""Производственно-технический центр федеральной противопожарной службы по Тверской области""";2
"ОАО ""192 ЦЗЖТ""";2
Администрация Черноморского городского поселения Северского района;2
Рунов Юрий Викторович;2
"федеральное государственное казенное учреждение ""2 отряд федеральной противопожарной службы по Иркутской области""";2
"Муниципальное учреждение здравоохранения ""Озерская центральная районная больница""";2
"Администрация муниципального образования городской округ ""Смирныховский"" Сахалинской области Российской Федерации";2
"государственное бюджетное учреждение здравоохранения Свердловской области ""Верхнепышминская центральная городская больница имени П.Д. Бородина""";2
Управление государственных закупок Тюменской области;2
Рычков Алексей Михайлович;2
"федеральное государственное казенное учреждение ""Войсковая часть 83417""";2
Министерство экономики и планирования Ульяновской области;2
администрация города Югорска;2
"Муниципальное учреждение Спортивный комплекс ""Дмитров""";2
"СПБ ГУДСП ""ПЕТРОДВОРЦОВОЕ""";2
"государственное бюджетное учреждение здравоохранения Свердловской области ""Городская больница № 7 город Каменск-Уральский""";2
Главное управление Министерства Российской Федерации по делам гражданской обороны, чрезвычайным ситуациям и ликвидации последствий стихийных бедствий по Костром;2
"Ханты-Мансийское окружное управление водных путей и судоходства-филиал Федерального бюджетного учреждения ""Администрация Обь-Иртышского бассейна внутренних водн";2
"Федеральное государственное бюджетное учреждение ""Научный центр неврологии"" Российской академии медицинских наук";2
"АО ""УНИИКМ""";2
"федеральное государственное бюджетное учреждение ""Производственно-технический центр федеральной противопожарной службы по Саратовской области""";2
"""Омский летно-технический колледж гражданской авиации имени А.В. Ляпидевского"" филиал Федерального государственного бюджетного образовательного учреждения высше";2
"Федеральное государственное бюджетное учреждение санаторий ""Горный воздух"" Министерства здравоохранения и социального развития Российской Федерации";2
"Череповецкий район водных путей и судоходства - филиал ФБУ ""Администрация Волго-Балтийского бассейна внутренних водных путей""";2
Аглямов Альберт Индусович;2
"Санкт-Петербургское государственное бюджетное учреждение здравоохранения ""Родильный дом №17""";2
АО 'Челябинскгоргаз';2
ФГУП 'НПП 'Исток';2
Федеральное государственное бюджетное учреждение здравоохранения Центральная клиническая больница Сибирского отделения Российской академии наук;2
"Филиал федерального государственного бюджетного учреждения ""Федеральная кадастровая палата Федеральной службы государственной регистрации, кадастра и картографи";2
"Федеральное государственное бюджетное учреждение здравоохранения ""Южный окружной медицинский центр Федерального медико-биологического агентства""";2
Федеральное государственное бюджетное учреждение науки Институт металлургии и материаловедения им. А.А. Байкова Российской академии наук;2
"федеральное бюджетное учреждение ""Центр лабораторного анализа и технических измерений по Уральскому федеральному округу""";2
"Федеральное бюджетное учреждение ""Государственный региональный центр стандартизации, метрологии и испытаний в Омской области""";2
Клековкин Владимир Николаевич;2
"муниципальное бюджетное учреждение ""Защита и безопасность""";2
"ЗАО ""Кей энд Джи""";2
5 отдел управления вооружения Службы инженерно-технического обеспечения Федеральной службы охраны Российской Федерации;2
Федеральное государственное бюджетное учреждение науки Институт теплофизики им. С.С. Кутателадзе Сибирского отделения Российской академии наук;2
Администрация Новоигирминского городского поселения Нижнеилимского района;2
"государственное бюджетное учреждение здравоохранения ""Краевой клинический стоматологический центр"" министерства здравоохранения Краснодарского края";2
Ковалева Татьяна Игоревна;2
"федеральное государственное казенное учреждение ""Управление военизированных горноспасательных частей в строительстве""";2
"Санкт-Петербургское государственное бюджетное учреждение здравоохранения ""Стоматологическая поликлиника № 31 Невского района""";2
"федеральное казенное учреждение ""Исправительная колония № 14 Главного управления Федеральной службы исполнения наказаний по Нижегородской области""";2
"федеральное государственное бюджетное образовательное учреждение высшего профессионального образования ""Омский государственный технический университет""";2
"Государственное бюджетное учреждение здравоохранения Свердловской области ""Свердловский областной клинический психоневрологический госпиталь для ветеранов войн""";2
"федеральное казенное учреждение ""Исправительная колония № 1 Управления Федеральной службы исполнения наказаний по Костромской области""";2
контрактное агентство Архангельской области;2
"Санкт-Петербургское государственное бюджетное учреждение ""Культурный центр ""Троицкий""";2
Министерство экономики Удмуртской Республики;2
"Сургутский район водных путей и судоходства-филиал Федерального бюджетного учреждения ""Обь-Иртышское государственное бассейновое управление водных путей и судох";2
Клочко  Елена Алексеевна;2
"Государственное бюджетное учреждение здравоохранения города Москвы ""Московский научно-практический центр медицинской реабилитации, восстановительной и спортивно";2
"Санкт-Петербургское государственное бюджетное учреждение здравоохранения ""Родильный дом № 6 им. проф. В.Ф. Снегирева""";2
"государственное бюджетное учреждение здравоохранения ""Специализированная клиническая детская инфекционная больница"" департамента здравоохранения Краснодарского";2
"Общество с ограниченной ответственностью ""Центр конкурсных технологий ""Звездный""";2
Управление по обеспечению деятельности противопожарно-спасательной службы Московской области;2
Администрация Хелюльского городского поселения;2
Главное управление Министерства Российской Федерации по делам гражданской обороны, чрезвычайным ситуациям и ликвидации последствий стихийных бедствий по Калужск;2
Администрация Красноармейского муниципального района;2
Администрация города Шахты;2
Департамент государственного заказа и торговли Ямало-Ненецкого автономного округа;2
"филиал ""Центр лабораторного анализа и технических измерений по Самарской области"" федерального бюджетного учреждения ""Центр лабораторного анализа и технических";2
"Федеральное государственное бюджетное учреждение ""Государственный научный центр Российской Федерации - Институт физики высоких энергий""";2
"Федеральное государственное бюджетное учреждение здравоохранения ""Центральная медико-санитарная часть № 31 Федерального медико-биологического агентства""";2
"федеральное государственное казенное учреждение ""Санаторий ""Москва"" Федеральной службы безопасности Российской Федерации""";2
Департамент тарифного регулирования и государственного заказа Томской области;2
"Санкт-Петербургское государственное бюджетное учреждение здравоохранения ""Клиническая инфекционная больница им.С.П.Боткина""";2
Администрация Гатчинского муниципального района;2
"федеральное казенное предприятие ""Комбинат ""Каменский""";2
Министерство здравоохранения Республики Марий Эл;2
муниципальное бюджетное учреждение здравоохранения Клиническая больница №5 городского округа Тольятти;2
Управление по закупкам для муниципальных нужд администрации муниципального образования город Армавир;2
администрация муниципального образования Сланцевский муниципальный район Ленинградской области;2
Министерство обороны Российской Федерации;2
"Открытое акционерное общество ""Златоустовский машиностроительный завод""";2
Сочинская таможня;2
"Федеральное государственное учреждение ""Российский кардиологический научно-производственный комплекс"" Министерства здравоохранения и социального развития Россий";2
администрация Энгельсского муниципального района;2
"федеральное государственное бюджетное образовательное учреждение высшего профессионального образования ""Московский авиационный институт (национальный исследоват";2
"Федеральное государственное бюджетное учреждение ""Уральский научно-исследовательский институт охраны материнства и младенчества"" Министерства здравоохранения и";2
"Общество с ограниченной ответственностью ""Биржевые технологии Поволжья""";2
Администрация городского поселения Лянтор;2
"Санкт-Петербургское государственное учреждение здравоохранения ""Городская больница № 33""";2
Администрация города Оренбурга;2
Министерство финансов Республики Коми;2
министерство жилищно-коммунального хозяйства Ростовской области;2
войсковая часть 55056;2
"Федеральное государственное учреждение ""Федеральный центр сердечно-сосудистой хирургии"" Министерства здравоохранения и социального развития Российской Федерации";2
комитет по управлению государственным имуществом области;2
"федеральное государственное учреждение ""Северо-Кавказское управление материально-технического снабжения Министерства внутренних дел Российской Федерации""";2
Управление государственного заказа Кемеровской области;2
Правительство Нижегородской области;2
"Федеральное государственное учреждение ""Ленское государственное бассейновое управление водных путей и судоходства""";2
Министерство внутренних дел по Кабардино-Балкарской Республике;2
"ОАО ""Центр технологии судостроения и судоремонта""";2
"Государственное научное учреждение ""Центральный научно-исследовательский и опытно-конструкторский институт робототехники и технической кибернетики""";2
"ГОСУДАРСТВЕННОЕ КАЗЕННОЕ УЧРЕЖДЕНИЕ РЕСПУБЛИКИ САХА (ЯКУТИЯ) ""ЦЕНТР ЗАКУПОК РЕСПУБЛИКИ САХА (ЯКУТИЯ)""";2
"ООО ""СБЕРБАНК-СЕРВИС""";2
"МУНИЦИПАЛЬНОЕ КАЗЁННОЕ УЧРЕЖДЕНИЕ ""УПРАВЛЕНИЕ ЗАЩИТЫ ОТ ЧРЕЗВЫЧАЙНЫХ СИТУАЦИЙ"" НОВОУРАЛЬСКОГО ГОРОДСКОГО ОКРУГА";2
"МУНИЦИПАЛЬНОЕ ПРЕДПРИЯТИЕ ""ЖЭК-3"" ХАНТЫ-МАНСИЙСКОГО РАЙОНА";2
"МУНИЦИПАЛЬНОЕ БЮДЖЕТНОЕ УЧРЕЖДЕНИЕ ""ХОЗЯЙСТВЕННО-ЭКСПЛУАТАЦИОННОЕ УПРАВЛЕНИЕ СМОЛЕНСКОГО РАЙОНА""";2
"АО ""ХСЗ""";2
ГОСУДАРСТВЕННОЕ БЮДЖЕТНОЕ ОБЩЕОБРАЗОВАТЕЛЬНОЕ УЧРЕЖДЕНИЕ СРЕДНЯЯ ОБЩЕОБРАЗОВАТЕЛЬНАЯ ШКОЛА №18 С УГЛУБЛЕННЫМ ИЗУЧЕНИЕМ МАТЕМАТИКИ ВАСИЛЕОСТРОВСКОГО РАЙОНА САНКТ;2
"ООО ""ПОТОК-БИО ИНЖИНИРИНГ""";2
"САНКТ-ПЕТЕРБУРГСКОЕ ГОСУДАРСТВЕННОЕ КАЗЕННОЕ УЧРЕЖДЕНИЕ ""ЖИЛИЩНОЕ АГЕНТСТВО КИРОВСКОГО РАЙОНА САНКТ-ПЕТЕРБУРГА""";2
"МУП ""БАЛАКОВО-ВОДОКАНАЛ""";2
"ПАО ""ССЗ ""ВЫМПЕЛ""";2
"ФБУ ""ЦСМ ИМ. А.М. МУРАТШИНА В РЕСПУБЛИКЕ БАШКОРТОСТАН""";2
"САНКТ-ПЕТЕРБУРГСКОЕ ГОСУДАРСТВЕННОЕ БЮДЖЕТНОЕ УЧРЕЖДЕНИЕ СОЦИАЛЬНОГО ОБСЛУЖИВАНИЯ НАСЕЛЕНИЯ ""КОМПЛЕКСНЫЙ ЦЕНТР СОЦИАЛЬНОГО ОБСЛУЖИВАНИЯ НАСЕЛЕНИЯ ФРУНЗЕНСКОГО Р";2
"ФЕДЕРАЛЬНОЕ ГОСУДАРСТВЕННОЕ БЮДЖЕТНОЕ УЧРЕЖДЕНИЕ ""ОБЪЕДИНЕННАЯ ДИРЕКЦИЯ ГОСУДАРСТВЕННОГО ПРИРОДНОГО БИОСФЕРНОГО ЗАПОВЕДНИКА ""КЕДРОВАЯ ПАДЬ"" И НАЦИОНАЛЬНОГО ПАРК";2
"МУНИЦИПАЛЬНОЕ БЮДЖЕТНОЕ УЧРЕЖДЕНИЕ ""БЛАГОУСТРОЙСТВО, ОБСЛУЖИВАНИЕ И СОДЕРЖАНИЕ ТЕРРИТОРИИ"" МУНИЦИПАЛЬНОГО ОБРАЗОВАНИЯ ""КИРОВСК"" КИРОВСКОГО МУНИЦИПАЛЬНОГО РАЙОНА";2
"САНКТ-ПЕТЕРБУРГСКОЕ ГОСУДАРСТВЕННОЕ КАЗЕННОЕ УЧРЕЖДЕНИЕ ""КУРОРТНЫЙ ЛЕСОПАРК""";2
"МУНИЦИПАЛЬНОЕ КАЗЕННОЕ УЧРЕЖДЕНИЕ МУНИЦИПАЛЬНОГО ОБРАЗОВАНИЯ Г.САЯНОГОРСК ""КОМБИНАТ БЛАГОУСТРОЙСТВА И ОЗЕЛЕНЕНИЯ""";2
"ГОСУДАРСТВЕННОЕ БЮДЖЕТНОЕ УЧРЕЖДЕНИЕ СОЦИАЛЬНОГО ОБСЛУЖИВАНИЯ ПСКОВСКОЙ ОБЛАСТИ ""ПЕРВОМАЙСКИЙ ПСИХОНЕВРОЛОГИЧЕСКИЙ ИНТЕРНАТ""";2
"ФЕДЕРАЛЬНОЕ ГОСУДАРСТВЕННОЕ КАЗЕННОЕ УЧРЕЖДЕНИЕ КОМБИНАТ ""АРГУНЬ"" УПРАВЛЕНИЯ ФЕДЕРАЛЬНОГО АГЕНТСТВА ПО ГОСУДАРСТВЕННЫМ РЕЗЕРВАМ ПО ДАЛЬНЕВОСТОЧНОМУ ФЕДЕРАЛЬНОМУ";2
"ГОСУДАРСТВЕННОЕ КАЗЕННОЕ УЧРЕЖДЕНИЕ ""САНАТОРИЙ ""ПОБЕДА"" ФТС РОССИИ""";2
ООО «Петербургцемент»;2
АДМИНИСТРАЦИЯ ПОСЕЛКА БАЛАХТА БАЛАХТИНСКОГО РАЙОНА КРАСНОЯРСКОГО КРАЯ;2
"МУП ""УССУРИЙСК-ВОДОКАНАЛ""";2
ГОСУДАРСТВЕННОЕ БЮДЖЕТНОЕ ДОШКОЛЬНОЕ ОБРАЗОВАТЕЛЬНОЕ УЧРЕЖДЕНИЕ ДЕТСКИЙ САД № 19 ОБЩЕРАЗВИВАЮЩЕГО ВИДА С ПРИОРИТЕТНЫМ ОСУЩЕСТВЛЕНИЕМ ДЕЯТЕЛЬНОСТИ ПО ФИЗИЧЕСКОМУ;2
"МУНИЦИПАЛЬНОЕ КАЗЕННОЕ УЧРЕЖДЕНИЕ ГОРОДСКОГО ОКРУГА ШАХОВСКАЯ ""ЦЕНТР МУНИЦИПАЛЬНЫХ ЗАКУПОК""";2
МП 'Водоканал';2
СПб ГБУК ЦПКиО им. С.М. Кирова;2
"МУНИЦИПАЛЬНОЕ УНИТАРНОЕ ПРЕДПРИЯТИЕ КОММУНАЛЬНОГО ХОЗЯЙСТВА ""ЕГОРЬЕВСКИЕ ИНЖЕНЕРНЫЕ СЕТИ""";2
"САНКТ-ПЕТЕРБУРГСКОЕ ГОСУДАРСТВЕННОЕ БЮДЖЕТНОЕ УЧРЕЖДЕНИЕ ""ЦЕНТР ФИЗИЧЕСКОЙ КУЛЬТУРЫ, СПОРТА И ЗДОРОВЬЯ КРАСНОСЕЛЬСКОГО РАЙОНА""";2
"КРАЕВОЕ ГОСУДАРСТВЕННОЕ БЮДЖЕТНОЕ УЧРЕЖДЕНИЕ ""ПРИМОРСКАЯ БАЗА АВИАЦИОННОЙ, НАЗЕМНОЙ ОХРАНЫ И ЗАЩИТЫ ЛЕСОВ""";2
"ГОСУДАРСТВЕННОЕ БЮДЖЕТНОЕ УЧРЕЖДЕНИЕ ЗДРАВООХРАНЕНИЯ ""СПЕЦИАЛИЗИРОВАННАЯ ПСИХИАТРИЧЕСКАЯ БОЛЬНИЦА № 2"" МИНИСТЕРСТВА ЗДРАВООХРАНЕНИЯ КРАСНОДАРСКОГО КРАЯ";2
ООО «ЛОКС»;2
"ФЕДЕРАЛЬНОЕ ГОСУДАРСТВЕННОЕ КАЗЕННОЕ ОБРАЗОВАТЕЛЬНОЕ УЧРЕЖДЕНИЕ ВЫСШЕГО ОБРАЗОВАНИЯ ""ОРЛОВСКИЙ ЮРИДИЧЕСКИЙ ИНСТИТУТ МИНИСТЕРСТВА ВНУТРЕННИХ ДЕЛ РОССИЙСКОЙ ФЕДЕР";2
"МУНИЦИПАЛЬНОЕ КАЗЕННОЕ УЧРЕЖДЕНИЕ ""СЛУЖБА МУНИЦИПАЛЬНЫХ КОНТРАКТОВ"" Г.НАЗАРОВО КРАСНОЯРСКОГО КРАЯ";2
"МУП ""ВОДОКАНАЛ""";2
ВОЙСКОВАЯ ЧАСТЬ 3642;2
"ФГБОУ ВО ""НИУ ""МЭИ""";2
Войсковая часть 54985;2
Администрация Гдовского района;2
Управление по работе с территориями администрации Уссурийского городского округа;2
"Муниципальное учреждение ""Администрация муниципального образования ""Ульяновский район"" Ульяновской области""";2
инженерно-эксплуатационное управление Службы инженерно-технического обеспечения Федеральной службы охраны Российской Федерации;2
управление лесным хозяйством Приморского края;2
"ФЕДЕРАЛЬНОЕ КАЗЕННОЕ УЧРЕЖДЕНИЕ ЗДРАВООХРАНЕНИЯ ""МЕДИКО-САНИТАРНАЯ ЧАСТЬ МИНИСТЕРСТВА ВНУТРЕННИХ ДЕЛ РОССИЙСКОЙ ФЕДЕРАЦИИ ПО КИРОВСКОЙ ОБЛАСТИ""";2
"ФЕДЕРАЛЬНОЕ ГОСУДАРСТВЕННОЕ КАЗЕННОЕ УЧРЕЖДЕНИЕ ""ПОГРАНИЧНОЕ УПРАВЛЕНИЕ ФЕДЕРАЛЬНОЙ СЛУЖБЫ БЕЗОПАСНОСТИ РОССИЙСКОЙ ФЕДЕРАЦИИ ПО ПРИМОРСКОМУ КРАЮ""";2
"СИВИНСКИЙ ФИЛИАЛ ГОСУДАРСТВЕННОГО БЮДЖЕТНОГО УЧРЕЖДЕНИЯ ПЕРМСКОГО КРАЯ ""ГОСЛЕСХОЗ""";2
"ФЕДЕРАЛЬНОЕ КАЗЕННОЕ УЧРЕЖДЕНИЕ ""ИСПРАВИТЕЛЬНАЯ КОЛОНИЯ № 35 УПРАВЛЕНИЯ ФЕДЕРАЛЬНОЙ СЛУЖБЫ ИСПОЛНЕНИЯ НАКАЗАНИЙ ПО РЕСПУБЛИКЕ ХАКАСИЯ""";2
"ГП ЧАО ""ЧУКОТКОММУНХОЗ""";2
"МП  ""РАДУГА""";2
"АО ""САБ ПО УБОРКЕ Г. КУРСКА""";2
"ПАО ""ППГХО""";2
"МУНИЦИПАЛЬНОЕ КАЗЕННОЕ УЧРЕЖДЕНИЕ ""КОМБИНАТ ПО БЛАГОУСТРОЙСТВУ П.ИСКАТЕЛЕЙ""";2
"УПРАВЛЕНИЕ ЭКСПЛУАТАЦИИ КРАСНОЯРСКОГО СУДОПОДЪЁМНИКА - ФИЛИАЛ ФБУ ""АДМИНИСТРАЦИЯ ЕНИСЕЙСКОГО БАССЕЙНА ВНУТРЕННИХ ВОДНЫХ ПУТЕЙ""";2
"ГОСУДАРСТВЕННОЕ БЮДЖЕТНОЕ УЧРЕЖДЕНИЕ ЗДРАВООХРАНЕНИЯ СВЕРДЛОВСКОЙ ОБЛАСТИ ""КРАСНОУФИМСКАЯ РАЙОННАЯ БОЛЬНИЦА""";2
"АО ""Пикалевский цемент""";2
"МУНИЦИПАЛЬНОЕ ПРЕДПРИЯТИЕ ГОРОДА ОБНИНСКА КАЛУЖСКОЙ ОБЛАСТИ ""ОБНИНСКОЕ ПАССАЖИРСКОЕ АВТОТРАНСПОРТНОЕ ПРЕДПРИЯТИЕ""";2
Администрация муниципального района Мелеузовский район Республики Башкортостан;2
"МУП""ПТО ЖКХ""";2
"федеральное государственное казенное учреждение ""Пограничное управление Федеральной службы безопасности Российской Федерации по Забайкальскому краю""";2
"федеральное казенное учреждение здравоохранения ""Санаторий ""Салют"" Министерства внутренних дел Российской Федерации""";2
"Муниципальное казенное учреждение ""Управление жилищно - коммунального хозяйства"" Ивдельского городского округа";2
Администрация Пушкинского муниципального района;2
"ГОСУДАРСТВЕННОЕ БЮДЖЕТНОЕ УЧРЕЖДЕНИЕ ЗДРАВООХРАНЕНИЯ ""ПЕРИНАТАЛЬНЫЙ ЦЕНТР"" МИНИСТЕРСТВА ЗДРАВООХРАНЕНИЯ КАБАРДИНО-БАЛКАРСКОЙ РЕСПУБЛИКИ";2
ТУ РОСИМУЩЕСТВА В САХАЛИНСКОЙ ОБЛАСТИ;2
"ГОСУДАРСТВЕННОЕ БЮДЖЕТНОЕ УЧРЕЖДЕНИЕ ЗДРАВООХРАНЕНИЯ РЕСПУБЛИКИ КОМИ ""СОСНОГОРСКАЯ ЦЕНТРАЛЬНАЯ РАЙОННАЯ БОЛЬНИЦА""";2
"ФИЛИАЛ ""ЦЛАТИ ПО УЛЬЯНОВСКОЙ ОБЛАСТИ"" ФГБУ ""ЦЛАТИ ПО ПФО""";2
"ФЕДЕРАЛЬНОЕ ГОСУДАРСТВЕННОЕ БЮДЖЕТНОЕ УЧРЕЖДЕНИЕ ""НАЦИОНАЛЬНЫЙ МЕДИЦИНСКИЙ ИССЛЕДОВАТЕЛЬСКИЙ ЦЕНТР ТРАВМАТОЛОГИИ И ОРТОПЕДИИ ИМЕНИ Р.Р. ВРЕДЕНА"" МИНИСТЕРСТВА ЗД";2
"АО ""ГАЗЭКС""";2
АДМИНИСТРАЦИЯ КАЛИНИНСКОГО МУНИЦИПАЛЬНОГО РАЙОНА САРАТОВСКОЙ ОБЛАСТИ;2
ФЕДЕРАЛЬНОЕ ГОСУДАРСТВЕННОЕ БЮДЖЕТНОЕ УЧРЕЖДЕНИЕ НАУКИ ФИЗИКО-ТЕХНИЧЕСКИЙ ИНСТИТУТ ИМ. А.Ф. ИОФФЕ РОССИЙСКОЙ АКАДЕМИИ НАУК;2
"БЮДЖЕТНОЕ УЧРЕЖДЕНИЕ ЗДРАВООХРАНЕНИЯ ОМСКОЙ ОБЛАСТИ ""ОБЛАСТНАЯ КЛИНИЧЕСКАЯ БОЛЬНИЦА""";2
"МКП ""НГТ""";2
"АО ""УКВЗ""";2
"ГУП ""ТЭК СПБ""";2
"АО ""НИОПИК""";2
"ГОСУДАРСТВЕННОЕ БЮДЖЕТНОЕ УЧРЕЖДЕНИЕ КРАСНОДАРСКОГО КРАЯ ""ДВОРЕЦ СПОРТА ""БОЛЬШОЙ""";2
филиал “Севастопольский морской завод” АО “Центр судоремонта “Звездочка”;2
МТУ РОСИМУЩЕСТВА В ЧЕЛЯБИНСКОЙ И КУРГАНСКОЙ ОБЛАСТЯХ;2
"ФКП ""СМЗ""";2
"ГОСУДАРСТВЕННОЕ БЮДЖЕТНОЕ УЧРЕЖДЕНИЕ ЗДРАВООХРАНЕНИЯ ДЕТСКИЙ САНАТОРИЙ ДЛЯ БОЛЬНЫХ И ИНФИЦИРОВАННЫХ ТУБЕРКУЛЕЗОМ ""ВАСИЛЕК"" МИНИСТЕРСТВА ЗДРАВООХРАНЕНИЯ КРАСНОДА";2
"ООО ""ПРЕПРЕГ-ДУБНА""";2
МИНИСТЕРСТВО ЭКОНОМИЧЕСКОГО РАЗВИТИЯ РЕСПУБЛИКИ АЛТАЙ;2
АО «Атомдата-Центр»;2
ГУ Банка России по Центральному федеральному округу;2
"АКЦИОНЕРНОЕ ОБЩЕСТВО ""ОНЕЖСКИЙ СУДОСТРОИТЕЛЬНО-СУДОРЕМОНТНЫЙ ЗАВОД""";2
КОМИТЕТ ПО УПРАВЛЕНИЮ МУНИЦИПАЛЬНЫМ ИМУЩЕСТВОМ АДМИНИСТРАЦИИ БАЛАШОВСКОГО МУНИЦИПАЛЬНОГО РАЙОНА;2
"ГОСУДАРСТВЕННОЕ УЧРЕЖДЕНИЕ ЗДРАВООХРАНЕНИЯ ""САРАТОВСКАЯ ОБЛАСТНАЯ ДЕТСКАЯ КЛИНИЧЕСКАЯ БОЛЬНИЦА""";2
"ФЕДЕРАЛЬНОЕ ГОСУДАРСТВЕННОЕ БЮДЖЕТНОЕ УЧРЕЖДЕНИЕ НАУКИ ""ФЕДЕРАЛЬНЫЙ ИССЛЕДОВАТЕЛЬСКИЙ ЦЕНТР ""ИНСТИТУТ КАТАЛИЗА ИМ. Г.К. БОРЕСКОВА СИБИРСКОГО ОТДЕЛЕНИЯ РОССИЙСКО";2
КУМИ КИРОВСКОГО МУНИЦИПАЛЬНОГО РАЙОНА;2
"ООО ""РАЗВИТИЕ""";2
"АО ""УРАЛЭЛЕМЕНТ""";2
"ФЕДЕРАЛЬНОЕ ГОСУДАРСТВЕННОЕ БЮДЖЕТНОЕ ОБРАЗОВАТЕЛЬНОЕ УЧРЕЖДЕНИЕ ВЫСШЕГО ОБРАЗОВАНИЯ ""ПЕРВЫЙ САНКТ-ПЕТЕРБУРГСКИЙ ГОСУДАРСТВЕННЫЙ МЕДИЦИНСКИЙ УНИВЕРСИТЕТ ИМЕНИ А";2
АДМИНИСТРАЦИЯ ТАТИЩЕВСКОГО МУНИЦИПАЛЬНОГО РАЙОНА САРАТОВСКОЙ ОБЛАСТИ;2
"МУНИЦИПАЛЬНОЕ КАЗЁННОЕ УЧРЕЖДЕНИЕ ""ПЕРМСКАЯ ГОРОДСКАЯ СЛУЖБА СПАСЕНИЯ""";2
"ФЕДЕРАЛЬНОЕ ГОСУДАРСТВЕННОЕ БЮДЖЕТНОЕ УЧРЕЖДЕНИЕ ""ФЕДЕРАЛЬНЫЙ ЦЕНТР СЕРДЕЧНО-СОСУДИСТОЙ ХИРУРГИИ"" МИНИСТЕРСТВА ЗДРАВООХРАНЕНИЯ РОССИЙСКОЙ ФЕДЕРАЦИИ (Г. АСТРАХАН";2
"ГОСУДАРСТВЕННОЕ БЮДЖЕТНОЕ УЧРЕЖДЕНИЕ ЗДРАВООХРАНЕНИЯ КАЛИНИНГРАДСКОЙ ОБЛАСТИ ""ГОРОДСКАЯ БОЛЬНИЦА № 2""";2
"ФЕДЕРАЛЬНОЕ ГОСУДАРСТВЕННОЕ КАЗЕННОЕ УЧРЕЖДЕНИЕ ""СПЕЦИАЛЬНОЕ УПРАВЛЕНИЕ ФЕДЕРАЛЬНОЙ ПРОТИВОПОЖАРНОЙ СЛУЖБЫ № 18 МИНИСТЕРСТВА РОССИЙСКОЙ ФЕДЕРАЦИИ ПО ДЕЛАМ ГРАЖД";2
"ГОСУДАРСТВЕННОЕ БЮДЖЕТНОЕ УЧРЕЖДЕНИЕ ЗДРАВООХРАНЕНИЯ СВЕРДЛОВСКОЙ ОБЛАСТИ ""РЕВДИНСКАЯ ГОРОДСКАЯ БОЛЬНИЦА""";2
"ШЕКСНИНСКИЙ РАЙОН ГИДРОСООРУЖЕНИЙ И СУДОХОДСТВА - ФИЛИАЛ ФБУ ""АДМИНИСТРАЦИЯ ВОЛГО-БАЛТИЙСКОГО БАССЕЙНА ВНУТРЕННИХ ВОДНЫХ ПУТЕЙ""";2
"ФЕДЕРАЛЬНОЕ КАЗЕННОЕ ПРЕДПРИЯТИЕ ""ГОРНЫЙ""";2
"ФЕДЕРАЛЬНОЕ ГОСУДАРСТВЕННОЕ КАЗЕННОЕ УЧРЕЖДЕНИЕ ""1 ОТРЯД ФЕДЕРАЛЬНОЙ ПРОТИВОПОЖАРНОЙ СЛУЖБЫ ПО АСТРАХАНСКОЙ ОБЛАСТИ""";2
АО «Башспирт»;2
"НИЖНЕ-КАМСКИЙ РАЙОН ГИДРОТЕХНИЧЕСКИХ СООРУЖЕНИЙ И СУДОХОДСТВА-ФИЛИАЛ ФБУ ""АДМИНИСТРАЦИЯ КАМСКОГО БАССЕЙНА ВНУТРЕННИХ ВОДНЫХ ПУТЕЙ""";2
"МУНИЦИПАЛЬНОЕ БЮДЖЕТНОЕ УЧРЕЖДЕНИЕ ЗДРАВООХРАНЕНИЯ ""КУЩЕВСКАЯ ЦЕНТРАЛЬНАЯ РАЙОННАЯ БОЛЬНИЦА""";2
"МУНИЦИПАЛЬНОЕ КАЗЁННОЕ УЧРЕЖДЕНИЕ ""ГОРОДСКОЕ ХОЗЯЙСТВО""";2
САНКТ-ПЕТЕРБУРГСКОЕ ГОСУДАРСТВЕННОЕ БЮДЖЕТНОЕ УЧРЕЖДЕНИЕ ЗДРАВООХРАНЕНИЯ КЛИНИЧЕСКАЯ БОЛЬНИЦА СВЯТИТЕЛЯ ЛУКИ;2
ОБЩЕСТВО С ОГРАНИЧЕННОЙ ОТВЕТСТВЕННОСТЬЮ   ТЕНДЕР-ЮГ;2
"ГОСУДАРСТВЕННОЕ УЧРЕЖДЕНИЕ ЗДРАВООХРАНЕНИЯ ""САРАТОВСКАЯ ГОРОДСКАЯ ДЕТСКАЯ БОЛЬНИЦА № 7""";2
"ФЕДЕРАЛЬНОЕ ГОСУДАРСТВЕННОЕ БЮДЖЕТНОЕ УЧРЕЖДЕНИЕ ""ФЕДЕРАЛЬНЫЙ ЦЕНТР СЕРДЕЧНО-СОСУДИСТОЙ ХИРУРГИИ ИМЕНИ С.Г. СУХАНОВА"" МИНИСТЕРСТВА ЗДРАВООХРАНЕНИЯ РОССИЙСКОЙ ФЕ";2
"МУНИЦИПАЛЬНОЕ БЮДЖЕТНОЕ УЧРЕЖДЕНИЕ ЗДРАВООХРАНЕНИЯ ""ТБИЛИССКАЯ ЦЕНТРАЛЬНАЯ РАЙОННАЯ БОЛЬНИЦА""";2
"ООО ""КОМПРЕССОРНАЯ КОМПАНИЯ""";2
"ООО ""&lt;em&gt;КОМПРЕССОРНАЯ&lt;/em&gt; КОМПАНИЯ""";2
"АДМИНИСТРАЦИЯ МУНИЦИПАЛЬНОГО ОБРАЗОВАНИЯ ""МИРНИНСКИЙ РАЙОН"" РЕСПУБЛИКИ САХА (ЯКУТИЯ)";2
"САНКТ-ПЕТЕРБУРГСКОЕ ГОСУДАРСТВЕННОЕ БЮДЖЕТНОЕ УЧРЕЖДЕНИЕ ЗДРАВООХРАНЕНИЯ ""ГОРОДСКАЯ МНОГОПРОФИЛЬНАЯ БОЛЬНИЦА № 2""";2
"ФЕДЕРАЛЬНОЕ ГОСУДАРСТВЕННОЕ УНИТАРНОЕ ПРЕДПРИЯТИЕ ""КИЗЛЯРСКИЙ КОНЬЯЧНЫЙ ЗАВОД""";2
"ФЕДЕРАЛЬНОЕ КАЗЕННОЕ УЧРЕЖДЕНИЕ ЗДРАВООХРАНЕНИЯ ""МЕДИКО-САНИТАРНАЯ ЧАСТЬ № 43 ФЕДЕРАЛЬНОЙ СЛУЖБЫ ИСПОЛНЕНИЯ НАКАЗАНИЙ""";2
"ГОСУДАРСТВЕННОЕ КАЗЕННОЕ УЧРЕЖДЕНИЕ КРАСНОДАРСКОГО КРАЯ ""АВТОБАЗА ОРГАНОВ ГОСУДАРСТВЕННОЙ ВЛАСТИ КРАСНОДАРСКОГО КРАЯ""";2
"ФЕДЕРАЛЬНОЕ ГОСУДАРСТВЕННОЕ БЮДЖЕТНОЕ НАУЧНОЕ УЧРЕЖДЕНИЕ ""ГОСПИТАЛЬ ДЛЯ ИНКУРАБЕЛЬНЫХ БОЛЬНЫХ - НАУЧНЫЙ ЛЕЧЕБНО-РЕАБИЛИТАЦИОННЫЙ ЦЕНТР""";2
"САНКТ-ПЕТЕРБУРГСКОЕ ГОСУДАРСТВЕННОЕ БЮДЖЕТНОЕ УЧРЕЖДЕНИЕ ЗДРАВООХРАНЕНИЯ ""ГОРОДСКАЯ ПОКРОВСКАЯ БОЛЬНИЦА""";2
"САНКТ-ПЕТЕРБУРГСКОЕ ГОСУДАРСТВЕННОЕ БЮДЖЕТНОЕ УЧРЕЖДЕНИЕ ЗДРАВООХРАНЕНИЯ ""РОДИЛЬНЫЙ ДОМ № 18""";2
"ГОСУДАРСТВЕННОЕ БЮДЖЕТНОЕ УЧРЕЖДЕНИЕ ЗДРАВООХРАНЕНИЯ ПСКОВСКОЙ ОБЛАСТИ ""ПСКОВСКАЯ СТАНЦИЯ СКОРОЙ МЕДИЦИНСКОЙ ПОМОЩИ""";2
Центральный аппарат ПАО Сбербанк;2
"ГОСУДАРСТВЕННОЕ БЮДЖЕТНОЕ УЧРЕЖДЕНИЕ РЕСПУБЛИКИ МАРИЙ ЭЛ ""ДЕТСКАЯ РЕСПУБЛИКАНСКАЯ КЛИНИЧЕСКАЯ БОЛЬНИЦА""";2
"ГОСУДАРСТВЕННОЕ БЮДЖЕТНОЕ УЧРЕЖДЕНИЕ ЗДРАВООХРАНЕНИЯ ""КЛИНИЧЕСКИЙ ОНКОЛОГИЧЕСКИЙ ДИСПАНСЕР № 1"" МИНИСТЕРСТВА ЗДРАВООХРАНЕНИЯ КРАСНОДАРСКОГО КРАЯ";2
"ГОСУДАРСТВЕННОЕ БЮДЖЕТНОЕ УЧРЕЖДЕНИЕ ЗДРАВООХРАНЕНИЯ МОСКОВСКОЙ ОБЛАСТИ ""НАРО-ФОМИНСКАЯ РАЙОННАЯ БОЛЬНИЦА № 1""";2
"ГОСУДАРСТВЕННОЕ БЮДЖЕТНОЕ УЧРЕЖДЕНИЕ ЗДРАВООХРАНЕНИЯ ""КРАЕВАЯ ДЕТСКАЯ КЛИНИЧЕСКАЯ БОЛЬНИЦА № 1""";2
"АКЦИОНЕРНОЕ ОБЩЕСТВО ""КАМЕНСК-УРАЛЬСКИЙ ЛИТЕЙНЫЙ ЗАВОД""";2
ФЕДЕРАЛЬНОЕ ГОСУДАРСТВЕННОЕ БЮДЖЕТНОЕ УЧРЕЖДЕНИЕ НАУКИ ИНСТИТУТ НАНОТЕХНОЛОГИЙ МИКРОЭЛЕКТРОНИКИ РОССИЙСКОЙ АКАДЕМИИ НАУК;2
ООО 'ТопАукцион';2
"федеральное государственное бюджетное учреждение ""Северо-Западный федеральный медицинский исследовательский центр имени В.А. Алмазова"" Министерства здравоохране";2
"ФЕДЕРАЛЬНОЕ ГОСУДАРСТВЕННОЕ БЮДЖЕТНОЕ НАУЧНОЕ УЧРЕЖДЕНИЕ ""АТЛАНТИЧЕСКИЙ НАУЧНО-ИССЛЕДОВАТЕЛЬСКИЙ ИНСТИТУТ РЫБНОГО ХОЗЯЙСТВА И ОКЕАНОГРАФИИ""";2
"ГБУЗ ПК ""ГСП № 3""";2
"муниципальное бюджетное учреждение здравоохранения ""Центральная районная больница"" администрации муниципального образования Павловский район";2
"бюджетное учреждение здравоохранения Омской области ""Областная клиническая больница""";2
Лукин Сергей  Анатольевич;2
"Санкт-Петербургское государственное бюджетное учреждение здравоохранения ""Родильный дом №10""";2
"Санкт-Петербургское государственное бюджетное учреждение здравоохранения ""Родильный дом № 18""";2
"АО ""КЗТА""";2
Управление по благоустройству Гаринского городского округа;2
ООО ЮФ   РОСПРАВО;2
"федеральное государственное казенное учреждение ""3 отряд федеральной противопожарной службы по Забайкальскому краю""";2
"Государственное бюджетное учреждение здравоохранения Республики Коми ""Воркутинская инфекционная больница""";2
"федеральное государственное казенное учреждение ""1 отряд федеральной противопожарной службы по Республике Алтай""";2
управление муниципального заказа администрации города Белгорода;2
комитет по управлению муниципальным имуществом Ленинск-Кузнецкого городского округа;2
"казенное учреждение Ханты-Мансийского автономного округа - Югры ""Мегионский центр занятости населения""";2
"Муниципальное бюджетное учреждение здравоохранения ""Чайковская детская городская больница""";2
"федеральное государственное казенное учреждение ""Войсковая часть 95504""";2
"Санкт-Петербургское государственное бюджетное учреждение здравоохранения ""Стоматологическая поликлиника № 9""";2
"Федеральное государственное бюджетное учреждение ""Российский онкологический научный центр имени Н.Н.Блохина"" Российской академии медицинских наук";2
"государственное бюджетное учреждение здравоохранения ""Краевая клиническая больница № 1 имени профессора С.В.Очаповского"" министерства здравоохранения Краснодарс";2
Государственный комитет Республики Саха (Якутия) по размещению государственных заказов;2
Кручинин Алексей Сергеевич;2
"федеральное государственное бюджетное образовательное учреждение высшего профессионального образования ""Национальный исследовательский Томский государственный у";2
"ФГУП ""ГОСНИИОХТ""";2
министерство здравоохранения Саратовской области;2
"Открытое акционерное общество ""Тамбовский завод ""Октябрь""";2
"государственное бюджетное учреждение здравоохранения ""Детская краевая клиническая больница"" департамента здравоохранения Краснодарского края";2
"Муниципальное учреждение здравоохранения ""Андреевская городская поликлиника""";2
"федеральное государственное  казенное учреждение ""Санаторий ""Семеновское"" Федеральной службы безопасности Российской Федерации""";2
"Муниципальное бюджетное учреждение здравоохранения ""Городская станция скорой медицинской помощи""";2
"федеральное государственное унитарное предприятие ""Дальневосточное производственное объединение ""Восход""";2
Государственный комитет Кабардино-Балкарской Республики по размещению заказов для государственных нужд;2
"Общество с ограниченной ответственностью ""Центр конкурсных технологий""";2
"Открытое акционерное общество ""Центральное конструкторское бюро морской техники ""Рубин""";2
"Муниципальное лечебно-профилактическое учреждение здравоохранения ""Городская больница № 1 им.Н.А.Семашко""";2
"Санкт-Петербургское государственное учреждение ""Центр физической культуры, спорта и здоровья Василеостровского района""";2
"Федеральное государственное учреждение Центр реабилитации Фонда социального страхования Российской Федерации ""Волгоград""";2
"Государственное учреждение здравоохранения ""Пермская краевая детская клиническая больница""";2
"федеральное государственное учреждение ""Приволжское управление материально-технического снабжения Министерства внутренних дел Российской Федерации""";2
Гончаров Виталий Викторович;2
"федеральное государственное унитарное предприятие ""Научно-производственное предприятие""Полет""";2
"федеральное государственное унитарное предприятие ""Калужский завод телеграфной аппаратуры""";2
"Федеральное государственное лечебно-профилактическое учреждение ""Поликлиника № 2 Министерства экономического развития Российской Федерации""";2
"Открытое акционерное общество ""Северный Рейд""";2
"ООО ""АВТОТЕХ""";1
"ООО ""КЛИНЦОВСКАЯ ТЭЦ""";1
ФЕДЕРАЛЬНОЕ ГОСУДАРСТВЕННОЕ БЮДЖЕТНОЕ УЧРЕЖДЕНИЕ НАУКИ ИНСТИТУТ ПРОБЛЕМ ХИМИКО-ЭНЕРГЕТИЧЕСКИХ ТЕХНОЛОГИЙ СИБИРСКОГО ОТДЕЛЕНИЯ РОССИЙСКОЙ АКАДЕМИИ НАУК;1
"ЧУ ""СЕРВИСНАЯ КОМПАНИЯ БР""";1
"САНКТ-ПЕТЕРБУРГСКОЕ ГОСУДАРСТВЕННОЕ БЮДЖЕТНОЕ СТАЦИОНАРНОЕ УЧРЕЖДЕНИЕ СОЦИАЛЬНОГО ОБСЛУЖИВАНИЯ НАСЕЛЕНИЯ ""ДОМ СОЦИАЛЬНОГО ОБСЛУЖИВАНИЯ ""СТРЕЛЬНА""";1
КИРОВСКИЙ ОБЛАСТНОЙ СУД;1
"ФИЛИАЛ АО ""РИР ЭНЕРГО"" - ""ЛИПЕЦКАЯ ГЕНЕРАЦИЯ""";1
Шевяков Константин Владимирович;1
УИО АДМИНИСТРАЦИИ КЕЖЕМСКОГО МУНИЦИПАЛЬНОГО ОКРУГА;1
"ГОСУДАРСТВЕННОЕ БЮДЖЕТНОЕ УЧРЕЖДЕНИЕ ЗДРАВООХРАНЕНИЯ ЛЕНИНГРАДСКОЙ ОБЛАСТИ ""ПРИОЗЕРСКАЯ МЕЖРАЙОННАЯ БОЛЬНИЦА""";1
"ФЕДЕРАЛЬНОЕ ГОСУДАРСТВЕННОЕ БЮДЖЕТНОЕ ОБРАЗОВАТЕЛЬНОЕ УЧРЕЖДЕНИЕ ВЫСШЕГО ОБРАЗОВАНИЯ ""КУРСКИЙ ГОСУДАРСТВЕННЫЙ МЕДИЦИНСКИЙ УНИВЕРСИТЕТ""МИНИСТЕРСТВА ЗДРАВООХРАНЕН";1
"ООО ""ГОРОД ЛЕФОРТОВО""";1
"ГОСУДАРСТВЕННОЕ БЮДЖЕТНОЕ УЧРЕЖДЕНИЕ ЗДРАВООХРАНЕНИЯ ПЕРМСКОГО КРАЯ ""БОЛЬШЕСОСНОВСКАЯ ЦЕНТРАЛЬНАЯ РАЙОННАЯ БОЛЬНИЦА ИМ. КОЛЧАНОВОЙ ГАЛИНЫ ФЕДОРОВНЫ""";1
"ГОСУДАРСТВЕННОЕ УЧРЕЖДЕНИЕ ЗДРАВООХРАНЕНИЯ ""ЛИПЕЦКИЙ ОБЛАСТНОЙ ОНКОЛОГИЧЕСКИЙ ДИСПАНСЕР""";1
АРБИТРАЖНЫЙ СУД КУРСКОЙ ОБЛАСТИ;1
"ООО ""СИБУГЛЕСНАБ""";1
"КРАЕВОЕ ГОСУДАРСТВЕННОЕ БЮДЖЕТНОЕ УЧРЕЖДЕНИЕ ""ДИРЕКЦИЯ ПО УПРАВЛЕНИЮ ГОСТИНИЧНЫМ И РЕСТОРАННЫМ КОМПЛЕКСОМ ""СЫПУЧКА"" ПРИ АДМИНИСТРАЦИИ ГУБЕРНАТОРА КАМЧАТСКОГО КР";1
"ФЕДЕРАЛЬНОЕ БЮДЖЕТНОЕ УЧРЕЖДЕНИЕ ""ГОСУДАРСТВЕННЫЙ РЕГИОНАЛЬНЫЙ ЦЕНТР СТАНДАРТИЗАЦИИ, МЕТРОЛОГИИ И ИСПЫТАНИЙ ИМ. А.М. МУРАТШИНА В РЕСПУБЛИКЕ БАШКОРТОСТАН""";1
"АО ""ЛОТЭК""";1
"САНКТ-ПЕТЕРБУРГСКОЕ ГОСУДАРСТВЕННОЕ БЮДЖЕТНОЕ ПРОФЕССИОНАЛЬНОЕ ОБРАЗОВАТЕЛЬНОЕ УЧРЕЖДЕНИЕ ""ТЕХНИКУМ ""АВТОСЕРВИС"" (МНОГОФУНКЦИОНАЛЬНЫЙ ЦЕНТР ПРИКЛАДНЫХ КВАЛИФИКА";1
"ГОСУДАРСТВЕННОЕ БЮДЖЕТНОЕ УЧРЕЖДЕНИЕ ЗДРАВООХРАНЕНИЯ ""ПРИБАЙКАЛЬСКАЯ ЦЕНТРАЛЬНАЯ РАЙОННАЯ БОЛЬНИЦА""";1
"АО ""АК ""ПОЛЯРНЫЕ АВИАЛИНИИ""";1
"БЮДЖЕТНОЕ УЧРЕЖДЕНИЕ ОМСКОЙ ОБЛАСТИ ""ТАВРИЧЕСКОЕ ДОРОЖНОЕ РЕМОНТНО-СТРОИТЕЛЬНОЕ УПРАВЛЕНИЕ""";1
ФЕДЕРАЛЬНОЕ ГОСУДАРСТВЕННОЕ БЮДЖЕТНОЕ УЧРЕЖДЕНИЕ НАУКИ ИНСТИТУТ ЭЛЕМЕНТООРГАНИЧЕСКИХ СОЕДИНЕНИЙ ИМ. А.Н.НЕСМЕЯНОВА РОССИЙСКОЙ АКАДЕМИИ НАУК;1
"МУНИЦИПАЛЬНОЕ БЮДЖЕТНОЕ УЧРЕЖДЕНИЕ ДОПОЛНИТЕЛЬНОГО ОБРАЗОВАНИЯ ""СПОРТИВНАЯ ШКОЛА"" ГОРОДА СЛОБОДСКОГО";1
ПЯТЫЙ КАССАЦИОННЫЙ СУД ОБЩЕЙ ЮРИСДИКЦИИ;1
УПРАВЛЕНИЕ ФЕДЕРАЛЬНОЙ НАЛОГОВОЙ СЛУЖБЫ ПО ХАБАРОВСКОМУ КРАЮ;1
"ОБЩЕСТВО С ОГРАНИЧЕННОЙ ОТВЕТСТВЕННОСТЬЮ МЕЖРЕГИОНАЛЬНАЯ СПЕЦИАЛИЗИРОВАННАЯ ОРГАНИЗАЦИЯ ""ЦЕННЫЙ СОВЕТНИК""";1
"ГБУ АО ""ТРАНСПОРТНОЕ УПРАВЛЕНИЕ ПРАВИТЕЛЬСТВА АСТРАХАНСКОЙ ОБЛАСТИ""";1
"""ПЛЕССКИЙ МУЗЕЙ-ЗАПОВЕДНИК""";1
"БЮДЖЕТНОЕ УЧРЕЖДЕНИЕ ЗДРАВООХРАНЕНИЯ ОМСКОЙ ОБЛАСТИ ""КАЛАЧИНСКАЯ ЦЕНТРАЛЬНАЯ РАЙОННАЯ БОЛЬНИЦА""";1
"ФИЛИАЛ ""ЯКУТСКИЙ ВОЕНИЗИРОВАННЫЙ ГОРНОСПАСАТЕЛЬНЫЙ ОТРЯД"" ФЕДЕРАЛЬНОГО ГОСУДАРСТВЕННОГО УНИТАРНОГО ПРЕДПРИЯТИЯ ""ВОЕНИЗИРОВАННАЯ ГОРНОСПАСАТЕЛЬНАЯ ЧАСТЬ""";1
"МУНИЦИПАЛЬНОЕ КАЗЁННОЕ УЧРЕЖДЕНИЕ ГОРОДСКОГО ОКРУГА ГОРОД РЫБИНСК ""ИНФОРМАЦИОННО-ТЕХНИЧЕСКИЙ ЦЕНТР""";1
"ГОСУДАРСТВЕННОЕ   УЧРЕЖДЕНИЕ ЗДРАВООХРАНЕНИЯ ""ЦЕНТРАЛЬНАЯ ГОРОДСКАЯ КЛИНИЧЕСКАЯ БОЛЬНИЦА Г. УЛЬЯНОВСКА""";1
"ООО ""АГРОФИРМА АРИАНТ""";1
"ФЕДЕРАЛЬНОЕ ГОСУДАРСТВЕННОЕ БЮДЖЕТНОЕ НАУЧНОЕ УЧРЕЖДЕНИЕ ""ИНСТИТУТ ЭКСПЕРИМЕНТАЛЬНОЙ МЕДИЦИНЫ""";1
"ФЕДЕРАЛЬНОЕ ГОСУДАРСТВЕННОЕ БЮДЖЕТНОЕ ОБРАЗОВАТЕЛЬНОЕ УЧРЕЖДЕНИЕ ВЫСШЕГО ОБРАЗОВАНИЯ ""ЗАПОЛЯРНЫЙ ГОСУДАРСТВЕННЫЙ УНИВЕРСИТЕТ ИМ. Н.М. ФЕДОРОВСКОГО""";1
"ФГБУ ""7 ОТРЯД ФПС ГПС ПО СВЕРДЛОВСКОЙ ОБЛАСТИ (ДОГОВОРНОЙ) """;1
ИП БОНДАРЕНКО В. А.;1
"ФЕДЕРАЛЬНОЕ КАЗЕННОЕ УЧРЕЖДЕНИЕ ""ИСПРАВИТЕЛЬНАЯ КОЛОНИЯ № 5 ГЛАВНОГО УПРАВЛЕНИЯ ФЕДЕРАЛЬНОЙ СЛУЖБЫ ИСПОЛНЕНИЯ НАКАЗАНИЙ ПО НИЖЕГОРОДСКОЙ ОБЛАСТИ""";1
"МБОУ ""ССШ № 2""";1
"ООО ""БАЛАКОВСКАЯ АЭС - АВТО""";1
"КАМЧАТСКАЯ БОЛЬНИЦА ФЕДЕРАЛЬНОГО ГОСУДАРСТВЕННОГО БЮДЖЕТНОГО УЧРЕЖДЕНИЯ ЗДРАВООХРАНЕНИЯ ""ДАЛЬНЕВОСТОЧНЫЙ ОКРУЖНОЙ МЕДИЦИНСКИЙ ЦЕНТР ФЕДЕРАЛЬНОГО МЕДИКО-БИОЛОГИЧ";1
"ФЕДЕРАЛЬНОЕ КАЗЕННОЕ УЧРЕЖДЕНИЕ ""ТЮРЬМА № 2 ГЛАВНОГО УПРАВЛЕНИЯ ФЕДЕРАЛЬНОЙ СЛУЖБЫ ИСПОЛНЕНИЯ НАКАЗАНИЙ ПО КРАСНОЯРСКОМУ КРАЮ""";1
Самарский РВПиС;1
"ГОСУДАРСТВЕННОЕ БЮДЖЕТНОЕ УЧРЕЖДЕНИЕ ЗДРАВООХРАНЕНИЯ ""УСТЬ-ЛАБИНСКАЯ СТОМАТОЛОГИЧЕСКАЯ ПОЛИКЛИНИКА"" МИНИСТЕРСТВА ЗДРАВООХРАНЕНИЯ КРАСНОДАРСКОГО КРАЯ";1
"БЮДЖЕТНОЕ УЧРЕЖДЕНИЕ ЗДРАВООХРАНЕНИЯ ОРЛОВСКОЙ ОБЛАСТИ ""МЦЕНСКАЯ ЦЕНТРАЛЬНАЯ РАЙОННАЯ БОЛЬНИЦА""";1
"ФГУП ""НЦ ""СИГНАЛ""";1
"ГОСУДАРСТВЕННОЕ БЮДЖЕТНОЕ УЧРЕЖДЕНИЕ ЗДРАВООХРАНЕНИЯ СТАВРОПОЛЬСКОГО КРАЯ ""АНДРОПОВСКАЯ РАЙОННАЯ БОЛЬНИЦА""";1
"ГАУ ПО ""УПРАВЛЕНИЕ СПОРТИВНЫМИ СООРУЖЕНИЯМИ""";1
"ГОСУДАРСТВЕННОЕ БЮДЖЕТНОЕ УЧРЕЖДЕНИЕ ЗДРАВООХРАНЕНИЯ ПЕРМСКОГО КРАЯ ""ГОРОДСКАЯ КЛИНИЧЕСКАЯ БОЛЬНИЦА № 2 ИМЕНИ ФЕДОРА ХРИСТОФОРОВИЧА ГРАЛЯ""";1
"МУНИЦИПАЛЬНОЕ КАЗЕННОЕ УЧРЕЖДЕНИЕ ЗЕРНОГРАДСКОГО РАЙОНА ""УПРАВЛЕНИЕ ПО ДЕЛАМ ГРАЖДАНСКОЙ ОБОРОНЫ И ЧРЕЗВЫЧАЙНЫХ СИТУАЦИЙ""";1
"ГОСУДАРСТВЕННОЕ КАЗЕННОЕ УЧРЕЖДЕНИЕ КАЛИНИНГРАДСКОЙ ОБЛАСТИ ""ЦЕНТР ОБЕСПЕЧЕНИЯ ОРГАНИЗАЦИИ И ПРОВЕДЕНИЯ ТОРГОВ""";1
"ФЕДЕРАЛЬНОЕ КАЗЕННОЕ УЧРЕЖДЕНИЕ ""ИСПРАВИТЕЛЬНАЯ КОЛОНИЯ № 1 УПРАВЛЕНИЯ ФЕДЕРАЛЬНОЙ СЛУЖБЫ ИСПОЛНЕНИЯ НАКАЗАНИЙ ПО ЯРОСЛАВСКОЙ ОБЛАСТИ""";1
ФИНАНСОВЫЙ ОТДЕЛ АДМИНИСТРАЦИИ ВЕРХНЕХАВСКОГО МУНИЦИПАЛЬНОГО РАЙОНА ВОРОНЕЖСКОЙ ОБЛАСТИ;1
"ГОСУДАРСТВЕННОЕ БЮДЖЕТНОЕ УЧРЕЖДЕНИЕ ЗДРАВООХРАНЕНИЯ РЕСПУБЛИКИ АДЫГЕЯ ""ЦЕНТРАЛЬНАЯ РАЙОННАЯ БОЛЬНИЦА МАЙКОПСКОГО РАЙОНА""";1
ДЕПАРТАМЕНТ ЛЕСНОГО ХОЗЯЙСТВА ПО ЦЕНТРАЛЬНОМУ ФЕДЕРАЛЬНОМУ ОКРУГУ;1
"ГОСУДАРСТВЕННОЕ БЮДЖЕТНОЕ УЧРЕЖДЕНИЕ ВЛАДИМИРСКОЙ ОБЛАСТИ ""СПЕЦИАЛИЗИРОВАННОЕ АВТОХОЗЯЙСТВО АДМИНИСТРАЦИИ ГУБЕРНАТОРА ВЛАДИМИРСКОЙ ОБЛАСТИ""";1
"ООО ""ОБЛАЧНЫЕ ТЕХНОЛОГИИ""";1
"ФЕДЕРАЛЬНОЕ КАЗЕННОЕ УЧРЕЖДЕНИЕ ""ИСПРАВИТЕЛЬНАЯ КОЛОНИЯ № 12 УПРАВЛЕНИЯ ФЕДЕРАЛЬНОЙ СЛУЖБЫ ИСПОЛНЕНИЯ НАКАЗАНИЙ ПО ВОЛГОГРАДСКОЙ ОБЛАСТИ""";1
"ГОСУДАРСТВЕННОЕ БЮДЖЕТНОЕ УЧРЕЖДЕНИЕ ЗДРАВООХРАНЕНИЯ РЕСПУБЛИКИ АДЫГЕЯ ""ТАХТАМУКАЙСКАЯ  ЦЕНТРАЛЬНАЯ РАЙОННАЯ БОЛЬНИЦА""";1
ПАО СБЕРБАНК;1
"ФЕДЕРАЛЬНОЕ КАЗЕННОЕ УЧРЕЖДЕНИЕ ЗДРАВОХРАНЕНИЯ ""МЕДИКО-САНИТАРНАЯ ЧАСТЬ № 5 ФЕДЕРАЛЬНОЙ СЛУЖБЫ ИСПОЛНЕНИЯ НАКАЗАНИЙ""";1
"ООО ""ГОРОД""";1
"АО ""ОМК СТАЛЬНОЙ ПУТЬ""";1
"ГОСУДАРСТВЕННОЕ БЮДЖЕТНОЕ УЧРЕЖДЕНИЕ ЗДРАВООХРАНЕНИЯ РЕСПУБЛИКИ КАРЕЛИЯ ""КОНДОПОЖСКАЯ ЦЕНТРАЛЬНАЯ РАЙОННАЯ БОЛЬНИЦА""";1
"ООО ""АЛЬФА-СОЮЗ""";1
"ГОСУДАРСТВЕННОЕ БЮДЖЕТНОЕ УЧРЕЖДЕНИЕ ЗДРАВООХРАНЕНИЯ ""БЕЛОРЕЧЕНСКАЯ СТОМАТОЛОГИЧЕСКАЯ ПОЛИКЛИНИКА"" МИНИСТЕРСТВА ЗДРАВООХРАНЕНИЯ КРАСНОДАРСКОГО КРАЯ";1
"ФЕДЕРАЛЬНОЕ КАЗЕННОЕ УЧРЕЖДЕНИЕ ""ЛЕЧЕБНОЕ ИСПРАВИТЕЛЬНОЕ УЧРЕЖДЕНИЕ № 3 УПРАВЛЕНИЯ ФЕДЕРАЛЬНОЙ СЛУЖБЫ ИСПОЛНЕНИЯ НАКАЗАНИЙ ПО САРАТОВСКОЙ ОБЛАСТИ""";1
"ООО ""МЕДЭКСПЕРТ ПЛЮС""";1
"МУНИЦИПАЛЬНОЕ КАЗЕННОЕ УЧРЕЖДЕНИЕ МОЖАЙСКОГО МУНИЦИПАЛЬНОГО ОКРУГА МОСКОВСКОЙ ОБЛАСТИ ""ЦЕНТР ТОРГОВ""";1
"ГБСУ АО ""ШИРШИНСКИЙ ПСИХОНЕВРОЛОГИЧЕСКИЙ ИНТЕРНАТ""";1
"МУНИЦИПАЛЬНОЕ КАЗЕННОЕ УЧРЕЖДЕНИЕ ""ЦЕНТР РАЗВИТИЯ МУНИЦИПАЛЬНЫХ ОБРАЗОВАТЕЛЬНЫХ УЧРЕЖДЕНИЙ""";1
ГЛАВНОЕ УПРАВЛЕНИЕ МИНИСТЕРСТВА РОССИЙСКОЙ ФЕДЕРАЦИИ ПО ДЕЛАМ ГРАЖДАНСКОЙ ОБОРОНЫ,ЧРЕЗВЫЧАЙНЫМ СИТУАЦИЯМ И ЛИКВИДАЦИИ ПОСЛЕДСТВИЙ СТИХИЙНЫХ БЕДСТВИЙ ПО КАБАРДИН;1
"ФИЛИАЛ ""ЦЛАТИ ПО ВОСТОЧНО-СИБИРСКОМУ РЕГИОНУ"" ФГБУ ""ЦЛАТИ ПО СФО"", Г. ИРКУТСК";1
"МУНИЦИПАЛЬНОЕ БЮДЖЕТНОЕ УЧРЕЖДЕНИЕ ""ДОРСТРОЙ""";1
"ФЕДЕРАЛЬНОЕ КАЗЕННОЕ УЧРЕЖДЕНИЕ ""СЛЕДСТВЕННЫЙ ИЗОЛЯТОР № 1 УПРАВЛЕНИЯ ФЕДЕРАЛЬНОЙ СЛУЖБЫ ИСПОЛНЕНИЯ НАКАЗАНИЙ ПО КУРСКОЙ ОБЛАСТИ""";1
Герус Геннадий Николаевич;1
"ФЕДЕРАЛЬНОЕ ГОСУДАРСТВЕННОЕ КАЗЕННОЕ УЧРЕЖДЕНИЕ ""РУЗСКИЙ ЦЕНТР ОБЕСПЕЧЕНИЯ ПУНКТОВ УПРАВЛЕНИЯ МЧС РОССИИ""";1
"ГОСУДАРСТВЕННОЕ БЮДЖЕТНОЕ УЧРЕЖДЕНИЕ ЗДРАВООХРАНЕНИЯ ""НИЖНЕАНГАРСКАЯ ЦЕНТРАЛЬНАЯ РАЙОННАЯ БОЛЬНИЦА""";1
"ФГБУ ""НЦБРСП""";1
"ОГБПОУ ""РКЭ""";1
"ООО ""КОСИНО ПАРК""";1
"БЮДЖЕТНОЕ УЧРЕЖДЕНИЕ ХАНТЫ-МАНСИЙСКОГО АВТОНОМНОГО ОКРУГА - ЮГРЫ ""ЛАНГЕПАССКАЯ ГОРОДСКАЯ СТОМАТОЛОГИЧЕСКАЯ ПОЛИКЛИНИКА""";1
"ФИЛИАЛ ""ЦЛАТИ ПО ЧУВАШСКОЙ РЕСПУБЛИКЕ"" ФГБУ ""ЦЛАТИ ПО ПФО""";1
"ГОСУДАРСТВЕННОЕ УЧРЕЖДЕНИЕ ЗДРАВООХРАНЕНИЯ ""НОВОМАЙНСКАЯ УЧАСТКОВАЯ БОЛЬНИЦА""";1
"АДМИНИСТРАЦИЯ МУНИЦИПАЛЬНОГО ОБРАЗОВАНИЯ ""ЕЛЬНИНСКИЙ МУНИЦИПАЛЬНЫЙ ОКРУГ"" СМОЛЕНСКОЙ ОБЛАСТИ";1
ФАУ ДПО КРАСНОДАРСКИЙ УЧЕБНЫЙ ЦЕНТР ФПС;1
"ГБУЗ АО ""ДГП № 1""";1
"ГКУ РО ""ЦЕНТР СОЦИАЛЬНЫХ ВЫПЛАТ РЯЗАНСКОЙ ОБЛАСТИ""";1
"ФЕДЕРАЛЬНОЕ ГОСУДАРСТВЕННОЕ БЮДЖЕТНОЕ УЧРЕЖДЕНИЕ ""НАЦИОНАЛЬНЫЙ ПАРК ""КЕНОЗЕРСКИЙ""";1
ООО «Смарт Констракшн»;1
"ФЕДЕРАЛЬНОЕ ГОСУДАРСТВЕННОЕ БЮДЖЕТНОЕ УЧРЕЖДЕНИЕ ""ЦЕНТР ХИМИЗАЦИИ И СЕЛЬСКОХОЗЯЙСТВЕННОЙ РАДИОЛОГИИ ""ЧЕЛЯБИНСКИЙ""";1
"ГОСУДАРСТВЕННОЕ УЧРЕЖДЕНИЕ ЗДРАВООХРАНЕНИЯ САРАТОВСКОЙ ОБЛАСТИ ""ТУРКОВСКАЯ РАЙОННАЯ БОЛЬНИЦА""";1
"ГАУЗ СО ""БИСЕРТСКАЯ РБ""";1
"КУДЫМКАРСКИЙ ФИЛИАЛ ГОСУДАРСТВЕННОГО БЮДЖЕТНОГО УЧРЕЖДЕНИЯ ПЕРМСКОГО КРАЯ ""ГОСЛЕСХОЗ""";1
"ГКУ РО ""РЕСУРСНЫЙ ЦЕНТР СОЦИАЛЬНОГО ОБСЛУЖИВАНИЯ НАСЕЛЕНИЯ""";1
"ФЕДЕРАЛЬНОЕ КАЗЕННОЕ УЧРЕЖДЕНИЕ ""ИСПРАВИТЕЛЬНАЯ КОЛОНИЯ № 33 УПРАВЛЕНИЯ ФЕДЕРАЛЬНОЙ СЛУЖБЫ ИСПОЛНЕНИЯ НАКАЗАНИЙ ПО РЕСПУБЛИКЕ ХАКАСИЯ""";1
"ГБУ РО ""ОКПБ ИМ. Н.Н. БАЖЕНОВА""";1
"ФЕДЕРАЛЬНОЕ КАЗЕННОЕ УЧРЕЖДЕНИЕ ""ИСПРАВИТЕЛЬНАЯ КОЛОНИЯ № 1 УПРАВЛЕНИЯ ФЕДЕРАЛЬНОЙ СЛУЖБЫ ИСПОЛНЕНИЯ НАКАЗАНИЙ ПО РЕСПУБЛИКЕ БУРЯТИЯ""";1
"КРАЕВОЕ ГОСУДАРСТВЕННОЕ АВТОНОМНОЕ УЧРЕЖДЕНИЕ ""ЦЕНТР СПОРТИВНОЙ ПОДГОТОВКИ ПРИМОРСКОГО КРАЯ""";1
"ГОСУДАРСТВЕННОЕ КРАЕВОЕ БЮДЖЕТНОЕ УЧРЕЖДЕНИЕ КУЛЬТУРЫ ""ПЕРМСКАЯ ГОСУДАРСТВЕННАЯ ХУДОЖЕСТВЕННАЯ ГАЛЕРЕЯ""";1
КОНТРОЛЬНО-СЧЕТНАЯ ПАЛАТА ПЕРМСКОГО КРАЯ;1
"МУНИЦИПАЛЬНОЕ КАЗЁННОЕ УЧРЕЖДЕНИЕ ""ЦЕНТРАЛИЗОВАННОЕ ХОЗЯЙСТВЕННОЕ УПРАВЛЕНИЕ"" МУНИЦИПАЛЬНОГО ОБРАЗОВАНИЯ ""СМИДОВИЧСКИЙ МУНИЦИПАЛЬНЫЙ РАЙОН"" ЕВРЕЙСКОЙ АВТОНОМНОЙ";1
"ФЕДЕРАЛЬНОЕ КАЗЕННОЕ УЧРЕЖДЕНИЕ ""КОЛОНИЯ-ПОСЕЛЕНИЕ № 30 УПРАВЛЕНИЯ ФЕДЕРАЛЬНОЙ СЛУЖБЫ ИСПОЛНЕНИЯ НАКАЗАНИЙ ПО РЕСПУБЛИКЕ ХАКАСИЯ""";1
"ФЕДЕРАЛЬНОЕ ГОСУДАРСТВЕННОЕ БЮДЖЕТНОЕ УЧРЕЖДЕНИЕ ГОСУДАРСТВЕННЫЙ ЦЕНТР АГРОХИМИЧЕСКОЙ СЛУЖБЫ ""ПЕНЗЕНСКИЙ""";1
"ФЕДЕРАЛЬНОЕ БЮДЖЕТНОЕ УЧРЕЖДЕНИЕ ""АДМИНИСТРАЦИЯ БЕЛОМОРСКО-ОНЕЖСКОГО  БАССЕЙНА ВНУТРЕННИХ ВОДНЫХ ПУТЕЙ""";1
"МБУ ""ГОРСВЕТ""";1
УПРАВЛЕНИЕ ФЕДЕРАЛЬНОЙ СЛУЖБЫ ГОСУДАРСТВЕННОЙ РЕГИСТРАЦИИ, КАДАСТРА И КАРТОГРАФИИ ПО КЕМЕРОВСКОЙ ОБЛАСТИ - КУЗБАССУ;1
"ООО ""ММТ""";1
"МУНИЦИПАЛЬНОЕ БЮДЖЕТНОЕ УЧРЕЖДЕНИЕ ""УПРАВЛЕНИЕ БЛАГОУСТРОЙСТВА ГОРОДА И ОЗЕЛЕНЕНИЕ""";1
"ГОСУДАРСТВЕННОЕ УЧРЕЖДЕНИЕ ""ДОМ ПРИЕМА ОФИЦИАЛЬНЫХ ДЕЛЕГАЦИЙ ПРАВИТЕЛЬСТВА САРАТОВСКОЙ ОБЛАСТИ ""ОКТЯБРЬСКОЕ УЩЕЛЬЕ""";1
"ГОСУДАРСТВЕННОЕ УЧРЕЖДЕНИЕ ЗДРАВООХРАНЕНИЯ ""ОБЛАСТНОЙ ЦЕНТР  ПРОФИЛАКТИКИ И БОРЬБЫ СО СПИД""";1
"ГКУ АО ""АРРЦ""";1
"ГКУ АО ""СЛУЖБА ЕДИНОГО ЗАКАЗЧИКА В СФЕРЕ ОБРАЗОВАНИЯ""";1
"БЮДЖЕТНОЕ УЧРЕЖДЕНИЕ ХАНТЫ-МАНСИЙСКОГО АВТОНОМНОГО ОКРУГА - ЮГРЫ ""ОКТЯБРЬСКАЯ РАЙОННАЯ БОЛЬНИЦА""";1
ГОСУДАРСТВЕННОЕ УЧРЕЖДЕНИЕ ЗДРАВООХРАНЕНИЯ ГОРОДСКАЯ ПОЛИКЛИНИКА № 1 ИМ. С.М. КИРОВА;1
ТФОМС АСТРАХАНСКОЙ ОБЛАСТИ;1
"АО КИС ""ИСТОК""";1
"ФЕДЕРАЛЬНОЕ КАЗЕННОЕ УЧРЕЖДЕНИЕ ""УПРАВЛЕНИЕ ПО КОНВОИРОВАНИЮ ГЛАВНОГО УПРАВЛЕНИЯ ФЕДЕРАЛЬНОЙ СЛУЖБЫ ИСПОЛНЕНИЯ НАКАЗАНИЙ ПО КРАСНОЯРСКОМУ КРАЮ""";1
"ФИНАНСОВОЕ УПРАВЛЕНИЕ АДМИНИСТРАЦИИ МУНИЦИПАЛЬНОГО ОКРУГА ""ИНТА""";1
"КАО ""АЗОТ""";1
"ГОСУДАРСТВЕННОЕ БЮДЖЕТНОЕ УЧРЕЖДЕНИЕ ЗДРАВООХРАНЕНИЯ ""ГОРОДСКАЯ ПОЛИКЛИНИКА № 7 ГОРОДА НОВОРОССИЙСКА"" МИНИСТЕРСТВА ЗДРАВООХРАНЕНИЯ КРАСНОДАРСКОГО КРАЯ";1
"ГБУ РО ""ГКБ №11""";1
"ВЯТСКИЙ РАЙОН ВОДНЫХ ПУТЕЙ И СУДОХОДСТВА - ФИЛИАЛ ФЕДЕРАЛЬНОГО БЮДЖЕТНОГО УЧРЕЖДЕНИЯ ""АДМИНИСТРАЦИЯ ВОЛЖСКОГО БАССЕЙНА ВНУТРЕННИХ ВОДНЫХ ПУТЕЙ""";1
"МУНИЦИПАЛЬНОЕ КАЗЕННОЕ УЧРЕЖДЕНИЕ ""УПРАВЛЕНИЕ ДЕЛАМИ И АРХИВАМИ АДМИНИСТРАЦИИ МУНИЦИПАЛЬНОГО ОБРАЗОВАНИЯ ЧУКОТСКИЙ МУНИЦИПАЛЬНЫЙ РАЙОН""";1
"ПОВЕНЕЦКИЙ РАЙОН ГИДРОСООРУЖЕНИЙ - ФИЛИАЛ ФЕДЕРАЛЬНОГО БЮДЖЕТНОГО УЧРЕЖДЕНИЯ ""АДМИНИСТРАЦИЯ БЕЛОМОРСКО-ОНЕЖСКОГО БАССЕЙНА ВНУТРЕННИХ ВОДНЫХ ПУТЕЙ""";1
"ГОСУДАРСТВЕННОЕ БЮДЖЕТНОЕ УЧРЕЖДЕНИЕ ЗДРАВООХРАНЕНИЯ ПЕРМСКОГО КРАЯ  ""ГОРОДСКАЯ КЛИНИЧЕСКАЯ ПОЛИКЛИНИКА № 4""";1
"ФИЛИАЛ ""ЦЛАТИ ПО КИРОВСКОЙ ОБЛАСТИ"" ФГБУ ""ЦЛАТИ ПО ПФО""";1
"ФЕДЕРАЛЬНОЕ КАЗЕННОЕ УЧРЕЖДЕНИЕ ""ТЮРЬМА № 2 УПРАВЛЕНИЯ ФЕДЕРАЛЬНОЙ СЛУЖБЫ ИСПОЛНЕНИЯ НАКАЗАНИЙ ПО ВЛАДИМИРСКОЙ ОБЛАСТИ""";1
"ФЕДЕРАЛЬНОЕ ГОСУДАРСТВЕННОЕ БЮДЖЕТНОЕ ОБРАЗОВАТЕЛЬНОЕ УЧРЕЖДЕНИЕ ""ВСЕРОССИЙСКИЙ ДЕТСКИЙ ЦЕНТР ""ОКЕАН""";1
СЛУЖБА РЕГУЛИРОВАНИЯ КОНТРАКТНОЙ СИСТЕМЫ В СФЕРЕ ЗАКУПОК РЕСПУБЛИКИ КАЛМЫКИЯ;1
АДМИНИСТРАЦИЯ ГОРОДА НОВОКУЗНЕЦКА;1
"ОБЛАСТНОЕ БЮДЖЕТНОЕ УЧРЕЖДЕНИЕ ЗДРАВООХРАНЕНИЯ ""КОХОМСКАЯ ЦЕНТРАЛЬНАЯ РАЙОННАЯ БОЛЬНИЦА""";1
"СПБ ГУСПП ""КРАСНОСЕЛЬСКОЕ""";1
"ГОСУДАРСТВЕННОЕ УЧРЕЖДЕНИЕ ЗДРАВООХРАНЕНИЯ ""УЛЬЯНОВСКАЯ ОБЛАСТНАЯ КЛИНИЧЕСКАЯ НАРКОЛОГИЧЕСКАЯ БОЛЬНИЦА""";1
ФЕДЕРАЛЬНОЕ ГОСУДАРСТВЕННОЕ БЮДЖЕТНОЕ УЧРЕЖДЕНИЕ НАУКИ ХАБАРОВСКИЙ ФЕДЕРАЛЬНЫЙ ИССЛЕДОВАТЕЛЬСКИЙ ЦЕНТР ДАЛЬНЕВОСТОЧНОГО ОТДЕЛЕНИЯ РОССИЙСКОЙ АКАДЕМИИ НАУК;1
"ФЕДЕРАЛЬНОЕ КАЗЕННОЕ УЧРЕЖДЕНИЕ ""ИСПРАВИТЕЛЬНАЯ КОЛОНИЯ № 10 УПРАВЛЕНИЯ ФЕДЕРАЛЬНОЙ СЛУЖБЫ ИСПОЛНЕНИЯ НАКАЗАНИЙ ПО УЛЬЯНОВСКОЙ ОБЛАСТИ""";1
"ООО ""ЭКОСПУТНИК""";1
Анпилов Максим Александрович;1
"АО ""НПК""АЛЬТЭН""";1
ФАУ ДПО СЫКТЫВКАРСКИЙ УЧЕБНЫЙ ЦЕНТР ФПС;1
"ОТРЯД ФПС ГПС - МУРАВЛЕНКОВСКИЙ ФИЛИАЛ ФГБУ ""УПРАВЛЕНИЕ ДП ФПС ГПС № 3""";1
УПРАВЛЕНИЕ ФЕДЕРАЛЬНОЙ СЛУЖБЫ ГОСУДАРСТВЕННОЙ РЕГИСТРАЦИИ,КАДАСТРА И КАРТОГРАФИИ ПО ПРИМОРСКОМУ КРАЮ;1
"ГОСУДАРСТВЕННОЕ БЮДЖЕТНОЕ УЧРЕЖДЕНИЕ ЗДРАВООХРАНЕНИЯ ПЕРМСКОГО КРАЯ ""КРАЕВОЕ БЮРО СУДЕБНО-МЕДИЦИНСКОЙ ЭКСПЕРТИЗЫ И ПАТОЛОГО-АНАТОМИЧЕСКИХ ИССЛЕДОВАНИЙ""";1
"ФЕДЕРАЛЬНОЕ КАЗЕННОЕ УЧРЕЖДЕНИЕ ""ЦЕНТР ГОСУДАРСТВЕННОГО ИМУЩЕСТВА И ЖИЛИЩНО-БЫТОВОГО ОБЕСПЕЧЕНИЯ ФЕДЕРАЛЬНОЙ СЛУЖБЫ ИСПОЛНЕНИЯ НАКАЗАНИЙ""";1
АДМИНИСТРАЦИЯ ЗАСУРСКОГО СЕЛЬСОВЕТА ЛУНИНСКОГО РАЙОНА ПЕНЗЕНСКОЙ ОБЛАСТИ;1
"ООО ""ГАРАНТ-СВ""";1
"ГОСУДАРСТВЕННОЕ КАЗЕННОЕ УЧРЕЖДЕНИЕ ОРЕНБУРГСКОЙ ОБЛАСТИ ""ЦЕНТР ПО МАТЕРИАЛЬНО-ТЕХНИЧЕСКОМУ И ХОЗЯЙСТВЕННОМУ ОБЕСПЕЧЕНИЮ ДЕЯТЕЛЬНОСТИ ОРГАНОВ И УЧРЕЖДЕНИЙ СИСТЕ";1
"ГАПОУ СО ""ВСАМК ИМ.А.А.ЕВСТИГНЕЕВА""";1
"МП ГО ""СЕМЬ ЛИСТВЕННИЦ""";1
"ФЕДЕРАЛЬНОЕ ГОСУДАРСТВЕННОЕ КАЗЕННОЕ УЧРЕЖДЕНИЕ ""БАЗА № 14""";1
"ООО ""КУРСКАЯ АЭС-СЕРВИС""";1
"МУНИЦИПАЛЬНОЕ КАЗЕННОЕ УЧРЕЖДЕНИЕ ""УПРАВЛЕНИЕ МУНИЦИПАЛЬНЫХ ЗАКУПОК""";1
"ГОСУДАРСТВЕННОЕ БЮДЖЕТНОЕ УЧРЕЖДЕНИЕ КАЛИНИНГРАДСКОЙ ОБЛАСТИ ""ПРИРОДНЫЙ ПАРК ""ВИШТЫНЕЦКИЙ""";1
"АО ""НИИ КОМАНДНЫХ ПРИБОРОВ""";1
"АО ""БОГДАНОВИЧСКИЙ КОМБИКОРМОВЫЙ ЗАВОД""";1
"АДМИНИСТРАЦИЯ МУНИЦИПАЛЬНОГО ОБРАЗОВАНИЯ ""КИНГИСЕППСКИЙ МУНИЦИПАЛЬНЫЙ РАЙОН"" ЛЕНИНГРАДСКОЙ ОБЛАСТИ";1
"ФЕДЕРАЛЬНОЕ КАЗЕННОЕ УЧРЕЖДЕНИЕ ""ИСПРАВИТЕЛЬНАЯ КОЛОНИЯ № 40 ГЛАВНОГО УПРАВЛЕНИЯ ФЕДЕРАЛЬНОЙ СЛУЖБЫ ИСПОЛНЕНИЯ НАКАЗАНИЙ ПО КЕМЕРОВСКОЙ ОБЛАСТИ - КУЗБАССУ""";1
"ООО ""СБЕРАВТОТЕХ""";1
"ФБУ ""РОСЛЕСОЗАЩИТА""";1
"КУМС МР ""ПЕЧОРА""";1
АРБИТРАЖНЫЙ СУД РЕСПУБЛИКИ КАРЕЛИЯ;1
"ФЕДЕРАЛЬНОЕ КАЗЕННОЕ УЧРЕЖДЕНИЕ ""ПАНСИОНАТ ""ГОРНЫЙ"" УПРАВЛЕНИЯ ФЕДЕРАЛЬНОЙ СЛУЖБЫ ИСПОЛНЕНИЯ НАКАЗАНИЙ ПО РЕСПУБЛИКЕ КРЫМ И Г. СЕВАСТОПОЛЮ""";1
"ГОСУДАРСТВЕННОЕ БЮДЖЕТНОЕ УЧРЕЖДЕНИЕ ЗДРАВООХРАНЕНИЯ "" РЕСПУБЛИКАНСКИЙ КЛИНИЧЕСКИЙ МЕДИКО-ХИРУРГИЧЕСКИЙ  ЦЕНТР"" МИНИСТЕРСТВА ЗДРАВООХРАНЕНИЯ КАБАРДИНО-БАЛКАРСКО";1
"МУНИЦИПАЛЬНОЕ КАЗЁННОЕ УЧРЕЖДЕНИЕ ""ТРАНСПОРТНОЕ УПРАВЛЕНИЕ""";1
АДМИНИСТРАЦИЯ НЕКРАСОВСКОГО МУНИЦИПАЛЬНОГО РАЙОНА ЯРОСЛАВСКОЙ ОБЛАСТИ;1
"ФЕДЕРАЛЬНОЕ КАЗЕННОЕ УЧРЕЖДЕНИЕ ""ГЛАВНОЕ БЮРО МЕДИКО-СОЦИАЛЬНОЙ ЭКСПЕРТИЗЫ ПО САМАРСКОЙ ОБЛАСТИ"" МИНИСТЕРСТВА ТРУДА И СОЦИАЛЬНОЙ ЗАЩИТЫ РОССИЙСКОЙ ФЕДЕРАЦИИ";1
"МУНИЦИПАЛЬНОЕ БЮДЖЕТНОЕ УЧРЕЖДЕНИЕ ""ПОЛИГОН""";1
"ГОСУДАРСТВЕННОЕ БЮДЖЕТНОЕ УЧРЕЖДЕНИЕ ЗДРАВООХРАНЕНИЯ РЕСПУБЛИКИ КАРЕЛИЯ ""РЕСПУБЛИКАНСКАЯ БОЛЬНИЦА СКОРОЙ И ЭКСТРЕННОЙ МЕДИЦИНСКОЙ ПОМОЩИ""";1
"ГОСУДАРСТВЕННОЕ БЮДЖЕТНОЕ УЧРЕЖДЕНИЕ ПЕРМСКОГО КРАЯ ""УПРАВЛЕНИЕ ДОРОЖНОГО ПРОЕКТИРОВАНИЯ""";1
"ОБЛАСТНОЕ БЮДЖЕТНОЕ УЧРЕЖДЕНИЕ ЗДРАВООХРАНЕНИЯ ""КОМСОМОЛЬСКАЯ ЦЕНТРАЛЬНАЯ  БОЛЬНИЦА""";1
"ФЕДЕРАЛЬНОЕ ГОСУДАРСТВЕННОЕ БЮДЖЕТНОЕ УЧРЕЖДЕНИЕ ""НАУЧНЫЙ ЦЕНТР ЭКСПЕРТИЗЫ СРЕДСТВ МЕДИЦИНСКОГО ПРИМЕНЕНИЯ"" МИНИСТЕРСТВА ЗДРАВООХРАНЕНИЯ РОССИЙСКОЙ ФЕДЕРАЦИИ";1
"ООО ""НОВЫЙ СВЕТ-ЭКО""";1
"МУ ""КОМИТЕТ ПО УПРАВЛЕНИЮ МУНИЦИПАЛЬНЫМ ИМУЩЕСТВОМ""";1
"АО ""АЭРОПОРТ РОЩИНО""";1
"АО ""РОСГЕО""";1
"ГОСУДАРСТВЕННОЕ КАЗЕННОЕ УЧРЕЖДЕНИЕ ПЕРМСКОГО КРАЯ ""УПРАВЛЕНИЕ КАПИТАЛЬНОГО СТРОИТЕЛЬСТВА ПЕРМСКОГО КРАЯ""";1
"ГОСУДАРСТВЕННОЕ УЧРЕЖДЕНИЕ ЗДРАВООХРАНЕНИЯ ""УЛЬЯНОВСКИЙ ОБЛАСТНОЙ КЛИНИЧЕСКИЙ ЦЕНТР СПЕЦИАЛИЗИРОВАННЫХ ВИДОВ МЕДИЦИНСКОЙ ПОМОЩИ ИМЕНИ ЗАСЛУЖЕННОГО ВРАЧА РОССИИ";1
"ФГБУ ""САНАТОРИЙ ""ВОЛЖСКИЙ УТЕС ИМЕНИ АКАДЕМИКА Е.И. ЧАЗОВА""";1
"ФЕДЕРАЛЬНОЕ КАЗЕННОЕ УЧРЕЖДЕНИЕ ""ИСПРАВИТЕЛЬНАЯ КОЛОНИЯ № 2 УПРАВЛЕНИЯ ФЕДЕРАЛЬНОЙ СЛУЖБЫ ИСПОЛНЕНИЯ НАКАЗАНИЙ ПО АСТРАХАНСКОЙ ОБЛАСТИ""";1
"ЯКУТСКИЙ ФИЛИАЛ ФГБУ ""ГЛАВРЫБВОД""";1
"ФЕДЕРАЛЬНОЕ ГОСУДАРСТВЕННОЕ БЮДЖЕТНОЕ УЧРЕЖДЕНИЕ ""ВСЕРОССИЙСКИЙ НАУЧНО-ИССЛЕДОВАТЕЛЬСКИЙ ИНСТИТУТ МИНЕРАЛЬНОГО СЫРЬЯ ИМ. Н.М. ФЕДОРОВСКОГО""";1
КОМИТЕТ ПО ГОСУДАРСТВЕННЫМ ЗАКУПКАМ РЕСПУБЛИКИ ДАГЕСТАН;1
"МУНИЦИПАЛЬНОЕ КАЗЕННОЕ УЧРЕЖДЕНИЕ ГОРОДСКОГО ПОСЕЛЕНИЯ Г. ДУБОВКА ""ГОРОДСКОЕ ХОЗЯЙСТВО""";1
"АКЦИОНЕРНОЕ ОБЩЕСТВО ЭНГЕЛЬССКОЕ ОПЫТНО-КОНСТРУКТОРСКОЕ БЮРО ""СИГНАЛ"" ИМ. А.И. ГЛУХАРЕВА";1
"КАЗЕННОЕ УЧРЕЖДЕНИЕ ШЕКСНИНСКОГО МУНИЦИПАЛЬНОГО РАЙОНА ""ЦЕНТР ПО ОБЕСПЕЧЕНИЮ ДЕЯТЕЛЬНОСТИ ОРГАНОВ МЕСТНОГО САМОУПРАВЛЕНИЯ""";1
"ФИЛИАЛ ""ЦЛАТИ ПО ПЕНЗЕНСКОЙ ОБЛАСТИ"" ФГБУ ""ЦЛАТИ ПО ПФО""";1
"ГОСУДАРСТВЕННОЕ КАЗЕННОЕ УЧРЕЖДЕНИЕ ""КАБАРДИНО-БАЛКАРСКАЯ ПРОТИВОПОЖАРНО-СПАСАТЕЛЬНАЯ СЛУЖБА""";1
"ГОАУ ДО ""СШ ""СПОРТ-ИНДУСТРИЯ""";1
"ФЕДЕРАЛЬНОЕ КАЗЕННОЕ УЧРЕЖДЕНИЕ ""ГЛАВНОЕ БЮРО МЕДИКО-СОЦИАЛЬНОЙ ЭКСПЕРТИЗЫ ПО РЯЗАНСКОЙ ОБЛАСТИ"" МИНИСТЕРСТВА ТРУДА И СОЦИАЛЬНОЙ ЗАЩИТЫ РОССИЙСКОЙ ФЕДЕРАЦИИ";1
"ГОСУДАРСТВЕННОЕ БЮДЖЕТНОЕ УЧРЕЖДЕНИЕ ЗДРАВООХРАНЕНИЯ ЯРОСЛАВСКОЙ ОБЛАСТИ ""КЛИНИЧЕСКАЯ БОЛЬНИЦА № 2""";1
"МУНИЦИПАЛЬНОЕ УЧРЕЖДЕНИЕ АДМИНИСТРАЦИЯ МУНИЦИПАЛЬНОГО ОБРАЗОВАНИЯ ""ТЕРЕНЬГУЛЬСКИЙ РАЙОН""";1
"ГОСУДАРСТВЕННОЕ БЮДЖЕТНОЕ УЧРЕЖДЕНИЕ ЗДРАВООХРАНЕНИЯ ПЕРМСКОГО КРАЯ ""ПЕРМСКИЙ КРАЕВОЙ КЛИНИЧЕСКИЙ НАРКОЛОГИЧЕСКИЙ ДИСПАНСЕР""";1
"ФЕДЕРАЛЬНОЕ ГОСУДАРСТВЕННОЕ БЮДЖЕТНОЕ УЧРЕЖДЕНИЕ ЗДРАВООХРАНЕНИЯ ""ЦЕНТР ГИГИЕНЫ И ЭПИДЕМИОЛОГИИ № 135 ФЕДЕРАЛЬНОГО МЕДИКО-БИОЛОГИЧЕСКОГО АГЕНТСТВА""";1
ВОЛЖСКО-ОКСКОЕ УПРАВЛЕНИЕ ФЕДЕРАЛЬНОЙ СЛУЖБЫ ПО ЭКОЛОГИЧЕСКОМУ, ТЕХНОЛОГИЧЕСКОМУ И АТОМНОМУ НАДЗОРУ;1
"ГОСУДАРСТВЕННОЕ БЮДЖЕТНОЕ УЧРЕЖДЕНИЕ ЗДРАВООХРАНЕНИЯ МОСКОВСКОЙ ОБЛАСТИ ""КАШИРСКАЯ ЦЕНТРАЛЬНАЯ РАЙОННАЯ БОЛЬНИЦА""";1
"ФЕДЕРАЛЬНОЕ КАЗЕННОЕ УЧРЕЖДЕНИЕ ЗДРАВООХРАНЕНИЯ ""МЕДИКО-САНИТАРНАЯ ЧАСТЬ МИНИСТЕРСТВА ВНУТРЕННИХ ДЕЛ РОССИЙСКОЙ ФЕДЕРАЦИИ ПО КУРГАНСКОЙ ОБЛАСТИ""";1
АДМИНИСТРАЦИЯ ГОРОДА ЛАНГЕПАСА;1
ФЕДЕРАЛЬНОЕ БЮДЖЕТНОЕ УЧРЕЖДЕНИЕ ВОРОНЕЖСКИЙ РЕГИОНАЛЬНЫЙ ЦЕНТР СУДЕБНОЙ ЭКСПЕРТИЗЫ МИНИСТЕРСТВА ЮСТИЦИИ РОССИЙСКОЙ ФЕДЕРАЦИИ;1
"ФЕДЕРАЛЬНОЕ ГОСУДАРСТВЕННОЕ БЮДЖЕТНОЕ УЧРЕЖДЕНИЕ ТУБЕРКУЛЕЗНЫЙ САНАТОРИЙ ""ЧЕМАЛ"" МИНИСТЕРСТВА ЗДРАВООХРАНЕНИЯ РОССИЙСКОЙ ФЕДЕРАЦИИ";1
"САНКТ-ПЕТЕРБУРГСКОЕ ГОСУДАРСТВЕННОЕ БЮДЖЕТНОЕ УЧРЕЖДЕНИЕ ЗДРАВООХРАНЕНИЯ ""ЖЕНСКАЯ КОНСУЛЬТАЦИЯ № 18""";1
"ФЕДЕРАЛЬНОЕ ГОСУДАРСТВЕННОЕ УЧРЕЖДЕНИЕ ""ФЕДЕРАЛЬНЫЙ НАУЧНО-ИССЛЕДОВАТЕЛЬСКИЙ ЦЕНТР ""КРИСТАЛЛОГРАФИЯ И ФОТОНИКА"" РОССИЙСКОЙ АКАДЕМИИ НАУК""";1
"ФЕДЕРАЛЬНОЕ КАЗЕННОЕ УЧРЕЖДЕНИЕ ""ЗАГОРОДНЫЙ ДОМ ПРИЕМОВ ""РУСИЧИ"" МИНИСТЕРСТВА ВНУТРЕННИХ ДЕЛ РОССИЙСКОЙ ФЕДЕРАЦИИ""";1
"АО ""НИЦ АЭС""";1
"АО ""НАДЫМСКОЕ АВИАПРЕДПРИЯТИЕ""";1
"ГОСУДАРСТВЕННОЕ БЮДЖЕТНОЕ УЧРЕЖДЕНИЕ ЗДРАВООХРАНЕНИЯ ""РАЙОННАЯ БОЛЬНИЦА Г. НЯЗЕПЕТРОВСК""";1
СОШ № 4 Г. БЕЛОЯРСКИЙ;1
"ГОСУДАРСТВЕННОЕ УЧРЕЖДЕНИЕ САРАТОВСКОЙ ОБЛАСТИ ""ТРАНСПОРТНОЕ УПРАВЛЕНИЕ""";1
"ООО ""НПП ""ИНЖЕКТ""";1
"МУНИЦИПАЛЬНОЕ БЮДЖЕТНОЕ УЧРЕЖДЕНИЕ ДОПОЛНИТЕЛЬНОГО ОБРАЗОВАНИЯ ГОРОДА РОСТОВА-НА-ДОНУ ""СПОРТИВНАЯ ШКОЛА № 1""";1
"ГОСУДАРСТВЕННОЕ БЮДЖЕТНОЕ УЧРЕЖДЕНИЕ ""КУРГАНСКАЯ БОЛЬНИЦА СКОРОЙ МЕДИЦИНСКОЙ ПОМОЩИ""";1
"ООО ""СБЕРЛОГИСТИКА""";1
"ФЕДЕРАЛЬНОЕ КАЗЕННОЕ УЧРЕЖДЕНИЕ ""ЦЕНТР ХОЗЯЙСТВЕННОГО И СЕРВИСНОГО ОБЕСПЕЧЕНИЯ ГЛАВНОГО УПРАВЛЕНИЯ МИНИСТЕРСТВА ВНУТРЕННИХ ДЕЛ РОССИЙСКОЙ ФЕДЕРАЦИИ ПО САМАРСКОЙ";1
"ГОСУДАРСТВЕННОЕ БЮДЖЕТНОЕ УЧРЕЖДЕНИЕ ЗДРАВООХРАНЕНИЯ ""ТУАПСИНСКАЯ СТОМАТОЛОГИЧЕСКАЯ ПОЛИКЛИНИКА"" МИНИСТЕРСТВА ЗДРАВООХРАНЕНИЯ КРАСНОДАРСКОГО КРАЯ";1
"АКЦИОНЕРНОЕ ОБЩЕСТВО ""НАУЧНО-ИССЛЕДОВАТЕЛЬСКИЙ ИНСТИТУТ ОПТИКО-ЭЛЕКТРОННОГО ПРИБОРОСТРОЕНИЯ""";1
АДМИНИСТРАЦИЯ КАШИНСКОГО ГОРОДСКОГО ОКРУГА;1
"ФЕДЕРАЛЬНОЕ ГОСУДАРСТВЕННОЕ БЮДЖЕТНОЕ ОБРАЗОВАТЕЛЬНОЕ УЧРЕЖДЕНИЕ ВЫСШЕГО ОБРАЗОВАНИЯ ""УЛЬЯНОВСКИЙ ИНСТИТУТ ГРАЖДАНСКОЙ АВИАЦИИ ИМЕНИ ГЛАВНОГО МАРШАЛА АВИАЦИИ Б.";1
"ФГБОУ ВО ""ЯГТУ"" , ЯГТУ , ЯРОСЛАВСКИЙ ГОСУДАРСТВЕННЫЙ ТЕХНИЧЕСКИЙ УНИВЕРСИТЕТ";1
"МУНИЦИПАЛЬНОЕ КАЗЕННОЕ УЧРЕЖДЕНИЕ ""ОБЕСПЕЧЕНИЕ ДЕЯТЕЛЬНОСТИ ОРГАНОВ МЕСТНОГО САМОУПРАВЛЕНИЯ ГОРОДСКОГО ОКРУГА ""ГОРОД ЛЕСНОЙ""";1
"АО ""МОЭСК""";1
"АО ОКБ ""ГИДРОПРЕСС""";1
"ФЕДЕРАЛЬНОЕ ГОСУДАРСТВЕННОЕ БЮДЖЕТНОЕ НАУЧНОЕ УЧРЕЖДЕНИЕ ""ВСЕРОССИЙСКИЙ НАУЧНО-ИССЛЕДОВАТЕЛЬСКИЙ ИНСТИТУТ ЗАЩИТЫ РАСТЕНИЙ""";1
МОСКОВСКИЙ ОБЛАСТНОЙ СУД;1
"ФКП ""НИО ""ГБИП РОССИИ""";1
"Общество с ограниченной ответственностью ""МСЗ-МЕХАНИКА""";1
КОНТРОЛЬНО-СЧЕТНАЯ ПАЛАТА САНКТ-ПЕТЕРБУРГА;1
АРБИТРАЖНЫЙ СУД ЦЕНТРАЛЬНОГО ОКРУГА;1
ГОСУДАРСТВЕННОЕ УЧРЕЖДЕНИЕ- МОСКОВСКОЕ ОБЛАСТНОЕ РЕГИОНАЛЬНОЕ ОТДЕЛЕНИЕ ФОНДА СОЦИАЛЬНОГО СТРАХОВАНИЯ РОССИЙСКОЙ ФЕДЕРАЦИИ;1
"ФЕДЕРАЛЬНОЕ КАЗЕННОЕ УЧРЕЖДЕНИЕ ""ИСПРАВИТЕЛЬНАЯ КОЛОНИЯ № 8 УПРАВЛЕНИЯ ФЕДЕРАЛЬНОЙ СЛУЖБЫ ИСПОЛНЕНИЯ НАКАЗАНИЙ ПО РЕСПУБЛИКЕ КОМИ""";1
"ГОСУДАРСТВЕННОЕ БЮДЖЕТНОЕ УЧРЕЖДЕНИЕ РЕСПУБЛИКИ МАРИЙ ЭЛ ""УПРАВЛЕНИЕ ПО ЭКСПЛУАТАЦИИ И СОДЕРЖАНИЮ АДМИНИСТРАТИВНЫХ ЗДАНИЙ""";1
"ПАО ""Энергоспецмонтаж""";1
"ГБУЗ АО ""ЦМК И СМП""";1
"МУНИЦИПАЛЬНОЕ БЮДЖЕТНОЕ УЧРЕЖДЕНИЕ ""СПЕЦАВТОХОЗЯЙСТВО ПО УБОРКЕ ГОРОДА""";1
"АО ""АТА""";1
"ФЕДЕРАЛЬНОЕ КАЗЕННОЕ УЧРЕЖДЕНИЕ ""ИСПРАВИТЕЛЬНАЯ КОЛОНИЯ № 1 УПРАВЛЕНИЯ ФЕДЕРАЛЬНОЙ СЛУЖБЫ ИСПОЛНЕНИЯ НАКАЗАНИЙ ПО РЕСПУБЛИКЕ СЕВЕРНАЯ ОСЕТИЯ - АЛАНИЯ""";1
"ГБПОУ ЛО ""ККТ И С""";1
"АНО ДПО ""ТЕХНИЧЕСКАЯ АКАДЕМИЯ РОСАТОМА""";1
"ООО ""С/П ЮБИЛЕЙНЫЙ ГХК""";1
"""КОЛАТОМЭНЕРГОРЕМОНТ"" - ФИЛИАЛ АО ""АТОМЭНЕРГОРЕМОНТ""";1
"ФЕДЕРАЛЬНОЕ ГОСУДАРСТВЕННОЕ БЮДЖЕТНОЕ УЧРЕЖДЕНИЕ ФТИЗИООФТАЛЬМОЛОГИЧЕСКИЙ САНАТОРИЙ ""КРАСНЫЙ ВАЛ"" МИНИСТЕРСТВА ЗДРАВООХРАНЕНИЯ  РОССИЙСКОЙ ФЕДЕРАЦИИ";1
"ФЕДЕРАЛЬНОЕ ГОСУДАРСТВЕННОЕ БЮДЖЕТНОЕ УЧРЕЖДЕНИЕ ""МНОГОФУНКЦИОНАЛЬНЫЙ КОМПЛЕКС МИНИСТЕРСТВА ФИНАНСОВ РОССИЙСКОЙ ФЕДЕРАЦИИ""";1
"ФГБУ ""Управление по эксплуатации зданий в Северо-Западном федеральном округе""";1
"ГОСУДАРСТВЕННОЕ УЧРЕЖДЕНИЕ ЗДРАВООХРАНЕНИЯ САРАТОВСКОЙ ОБЛАСТИ ""АРКАДАКСКАЯ РАЙОННАЯ БОЛЬНИЦА""";1
"ГАУ ПО ""СПОРТИВНАЯ ШКОЛА ""ОЛИМП""";1
"ТВГТУ, ФГБОУ ВО ТВГТУ, ФГБОУ ВО ""ТВЕРСКОЙ ГОСУДАРСТВЕННЫЙ ТЕХНИЧЕСКИЙ УНИВЕРСИТЕТ""";1
"ООО ""СПЕКТР-ЮГ""";1
ФГБУ «Санаторий Дубовая роща»;1
"ФЕДЕРАЛЬНОЕ КАЗЕННОЕ УЧРЕЖДЕНИЕ ""ИСПРАВИТЕЛЬНАЯ КОЛОНИЯ № 20 ГЛАВНОГО УПРАВЛЕНИЯ ФЕДЕРАЛЬНОЙ СЛУЖБЫ ИСПОЛНЕНИЯ НАКАЗАНИЙ ПО ПРИМОРСКОМУ КРАЮ""";1
"ГОСУДАРСТВЕННОЕ БЮДЖЕТНОЕ УЧРЕЖДЕНИЕ ЗДРАВООХРАНЕНИЯ РЕСПУБЛИКИ КОМИ ""ИЖЕМСКАЯ ЦЕНТРАЛЬНАЯ РАЙОННАЯ БОЛЬНИЦА""";1
"ФЕДЕРАЛЬНОЕ КАЗЕННОЕ УЧРЕЖДЕНИЕ ""ИСПРАВИТЕЛЬНАЯ КОЛОНИЯ № 41 ГЛАВНОГО УПРАВЛЕНИЯ ФЕДЕРАЛЬНОЙ СЛУЖБЫ ИСПОЛНЕНИЯ НАКАЗАНИЙ ПО ПРИМОРСКОМУ КРАЮ""";1
"МУНИЦИПАЛЬНОЕ БЮДЖЕТНОЕ УЧРЕЖДЕНИЕ ""СЛУЖБА ПО БЛАГОУСТРОЙСТВУ СОВЕТСКОГО РАЙОНА"" ГОРОДСКОГО ОКРУГА ГОРОД УФА РЕСПУБЛИКИ БАШКОРТОСТАН";1
"ПАО ""РКК ""ЭНЕРГИЯ""";1
ФГБОУ ВО КУБАНСКИЙ ГАУ;1
"ФЕДЕРАЛЬНОЕ КАЗЕННОЕ УЧРЕЖДЕНИЕ ""КОЛОНИЯ-ПОСЕЛЕНИЕ № 6 УПРАВЛЕНИЯ ФЕДЕРАЛЬНОЙ СЛУЖБЫ ИСПОЛНЕНИЯ НАКАЗАНИЙ ПО НОВГОРОДСКОЙ ОБЛАСТИ""";1
"АО ""ОБЕСПЕЧЕНИЕ РФЯЦ-ВНИИЭФ""";1
"ВЛАДИВОСТОКСКИЙ ФИЛИАЛ ГОСУДАРСТВЕННОГО КАЗЕННОГО ОБРАЗОВАТЕЛЬНОГО УЧРЕЖДЕНИЯ ВЫСШЕГО ОБРАЗОВАНИЯ ""РОССИЙСКАЯ ТАМОЖЕННАЯ АКАДЕМИЯ""";1
АДМИНИСТРАЦИЯ МОСКОВСКОГО РАЙОНА САНКТ-ПЕТЕРБУРГА;1
"ФЕДЕРАЛЬНОЕ ГОСУДАРСТВЕННОЕ КАЗЕННОЕ УЧРЕЖДЕНИЕ КОМБИНАТ ""ВОЛНА"" УПРАВЛЕНИЯ ФЕДЕРАЛЬНОГО АГЕНТСТВА ПО ГОСУДАРСТВЕННЫМ РЕЗЕРВАМ ПО ДАЛЬНЕВОСТОЧНОМУ ФЕДЕРАЛЬНОМУ";1
АО “Неорганические сорбенты”;1
УПРАВЛЕНИЕ ФЕДЕРАЛЬНОЙ НАЛОГОВОЙ СЛУЖБЫ ПО Г. МОСКВЕ;1
ГОСУДАРСТВЕННОЕ БЮДЖЕТНОЕ УЧРЕЖДЕНИЕ ДОПОЛНИТЕЛЬНОГО ОБРАЗОВАНИЯ ЦЕНТР ДЕТСКОГО (ЮНОШЕСКОГО) ТЕХНИЧЕСКОГО ТВОРЧЕСТВА МОСКОВСКОГО РАЙОНА САНКТ-ПЕТЕРБУРГА;1
"ФЕДЕРАЛЬНОЕ КАЗЕННОЕ УЧРЕЖДЕНИЕ ""ЦЕНТР ПОДДЕРЖКИ""";1
"АО ""СХЗ""";1
"ООО ""МОСТ""";1
АДМИНИСТРАЦИЯ ЕЛОВСКОГО МУНИЦИПАЛЬНОГО ОКРУГА ПЕРМСКОГО КРАЯ;1
"САНКТ-ПЕТЕРБУРГСКОЕ ГОСУДАРСТВЕННОЕ БЮДЖЕТНОЕ УЧРЕЖДЕНИЕ ""РОВЕСНИК""";1
"ГОСУДАРСТВЕННОЕ БЮДЖЕТНОЕ УЧРЕЖДЕНИЕ РЕСПУБЛИКИ МАРИЙ ЭЛ ""ЗВЕНИГОВСКАЯ ЦЕНТРАЛЬНАЯ РАЙОННАЯ БОЛЬНИЦА""";1
"ООО ""ТЛЗ""";1
ФГАОУ ВО РУТ (МИИТ), РУТ (МИИТ);1
"ФЕДЕРАЛЬНОЕ ГОСУДАРСТВЕННОЕ БЮДЖЕТНОЕ ОБРАЗОВАТЕЛЬНОЕ УЧРЕЖДЕНИЕ ВЫСШЕГО ОБРАЗОВАНИЯ ""РОССИЙСКИЙ ГОСУДАРСТВЕННЫЙ ИНСТИТУТ СЦЕНИЧЕСКИХ ИСКУССТВ""";1
Кравцив Василий Андреевич;1
"ФЕДЕРАЛЬНОЕ КАЗЕННОЕ УЧРЕЖДЕНИЕ ""ИСПРАВИТЕЛЬНАЯ КОЛОНИЯ № 3 УПРАВЛЕНИЯ ФЕДЕРАЛЬНОЙ СЛУЖБЫ ИСПОЛНЕНИЯ НАКАЗАНИЙ ПО КУРСКОЙ ОБЛАСТИ""";1
ГАУЗ СО ПТД № 3;1
ГОСУДАРСТВЕННОЕ БЮДЖЕТНОЕ ДОШКОЛЬНОЕ ОБРАЗОВАТЕЛЬНОЕ УЧРЕЖДЕНИЕ ДЕТСКИЙ САД № 31 ВАСИЛЕОСТРОВСКОГО РАЙОНА САНКТ-ПЕТЕРБУРГА;1
"ФЕДЕРАЛЬНОЕ КАЗЕННОЕ УЧРЕЖДЕНИЕ ""ИСПРАВИТЕЛЬНАЯ КОЛОНИЯ № 47 ГЛАВНОГО УПРАВЛЕНИЯ ФЕДЕРАЛЬНОЙ СЛУЖБЫ ИСПОЛНЕНИЯ НАКАЗАНИЙ ПО СВЕРДЛОВСКОЙ ОБЛАСТИ""";1
"САНКТ-ПЕТЕРБУРГСКОЕ ГОСУДАРСТВЕННОЕ БЮДЖЕТНОЕ УЧРЕЖДЕНИЕ ""КУЛЬТУРНО-ДОСУГОВЫЙ КОМПЛЕКС ""КРАСНОСЕЛЬСКИЙ""";1
САНКТ-ПЕТЕРБУРГСКАЯ ИЗБИРАТЕЛЬНАЯ КОМИССИЯ;1
"ФЕДЕРАЛЬНОЕ БЮДЖЕТНОЕ УЧРЕЖДЕНИЕ ""АГЕНТСТВО АВТОМОБИЛЬНОГО ТРАНСПОРТА""";1
"САНКТ-ПЕТЕРБУРГСКОЕ ГОСУДАРСТВЕННОЕ БЮДЖЕТНОЕ УЧРЕЖДЕНИЕ ""ПАРК КУЛЬТУРЫ И ОТДЫХА Г.КОЛПИНО""";1
"ФГБОУ ВО ""ЮГО-ЗАПАДНЫЙ ГОСУДАРСТВЕННЫЙ УНИВЕРСИТЕТ"", ЮГО-ЗАПАДНЫЙ ГОСУДАРСТВЕННЫЙ УНИВЕРСИТЕТ,ФГБОУ ВО ""ЮЗГУ"", ЮЗГУ";1
"АО ""РАВЕНСТВО""";1
"ФЕДЕРАЛЬНОЕ КАЗЕННОЕ УЧРЕЖДЕНИЕ ""ИСПРАВИТЕЛЬНАЯ КОЛОНИЯ № 31 УПРАВЛЕНИЯ ФЕДЕРАЛЬНОЙ СЛУЖБЫ ИСПОЛНЕНИЯ НАКАЗАНИЙ ПО РЕСПУБЛИКЕ КОМИ""";1
"ГУП ""БАЙКОНУРСВЯЗЬИНФОРМ""";1
ЗАКОНОДАТЕЛЬНОЕ СОБРАНИЕ ПЕРМСКОГО КРАЯ;1
"ПАО ""ВСЗ""";1
"АО ""ТЗТ""";1
"АО ""ТРВ - ИНЖИНИРИНГ""";1
УПРАВЛЕНИЕ ГОСУДАРСТВЕННОЙ ФЕЛЬДЪЕГЕРСКОЙ СЛУЖБЫ РОССИЙСКОЙ ФЕДЕРАЦИИ ПО УРАЛЬСКОМУ ФЕДЕРАЛЬНОМУ ОКРУГУ;1
"АО ""РУСБУРМАШ""";1
"АО ""РКЦ ""ПРОГРЕСС""";1
"ГОСУДАРСТВЕННОЕ БЮДЖЕТНОЕ УЧРЕЖДЕНИЕ СВЕРДЛОВСКОЙ ОБЛАСТИ ""ДЕТСКИЙ ОЗДОРОВИТЕЛЬНЫЙ ЦЕНТР ""ЮНОСТЬ УРАЛА""";1
"ГАУЗ РК ""РЦМГ""";1
КРАСНОЯРСКАЯ ТАМОЖНЯ;1
ФЕДЕРАЛЬНОЕ ГОСУДАРСТВЕННОЕ БЮДЖЕТНОЕ УЧРЕЖДЕНИЕ НАУКИ ИНСТИТУТ ЭЛЕКТРОФИЗИКИ И ЭЛЕКТРОЭНЕРГЕТИКИ РОССИЙСКОЙ АКАДЕМИИ НАУК;1
"ГОСУДАРСТВЕННОЕ БЮДЖЕТНОЕ УЧРЕЖДЕНИЕ ЗДРАВООХРАНЕНИЯ РЕСПУБЛИКИ КОМИ ""СЫКТЫВДИНСКАЯ ЦЕНТРАЛЬНАЯ РАЙОННАЯ БОЛЬНИЦА""";1
ГЛАВНОЕ УПРАВЛЕНИЕ МИНИСТЕРСТВА РОССИЙСКОЙ ФЕДЕРАЦИИ ПО ДЕЛАМ ГРАЖДАНСКОЙ ОБОРОНЫ, ЧРЕЗВЫЧАЙНЫМ СИТУАЦИЯМ И ЛИКВИДАЦИИ ПОСЛЕДСТВИЙ СТИХИЙНЫХ БЕДСТВИЙ ПО БЕЛГОРО;1
АДМИНИСТРАЦИЯ ГОРОДА ТЫНДЫ;1
"ГОСУДАРСТВЕННОЕ БЮДЖЕТНОЕ УЧРЕЖДЕНИЕ  ЗДРАВООХРАНЕНИЯ РЕСПУБЛИКИ КАРЕЛИЯ ""СОРТАВАЛЬСКАЯ ЦЕНТРАЛЬНАЯ РАЙОННАЯ БОЛЬНИЦА""";1
МЕЖРЕГИОНАЛЬНОЕ УПРАВЛЕНИЕ ФЕДЕРАЛЬНОЙ ПРОБИРНОЙ ПАЛАТЫ ПО СЕВЕРО-ЗАПАДНОМУ ФЕДЕРАЛЬНОМУ ОКРУГУ;1
"МУНИЦИПАЛЬНОЕ КАЗЕННОЕ УЧРЕЖДЕНИЕ ""ХОЗЯЙСТВЕННОЕ УПРАВЛЕНИЕ АДМИНИСТРАЦИИ ДАЛЬНЕРЕЧЕНСКОГО ГОРОДСКОГО ОКРУГА""";1
"СЕВЕРО-ЗАПАДНЫЙ ФИЛИАЛ ФЕДЕРАЛЬНОГО КАЗЕННОГО УЧРЕЖДЕНИЯ ""ЦЕНТРАЛЬНАЯ БАЗА ИЗМЕРИТЕЛЬНОЙ ТЕХНИКИ МИНИСТЕРСТВА РОССИЙСКОЙ ФЕДЕРАЦИИ ПО ДЕЛАМ ГРАЖДАНСКОЙ ОБОРОНЫ,";1
"АО ""ОДЦ УГР""";1
"БЮДЖЕТНОЕ УЧРЕЖДЕНИЕ ХАНТЫ-МАНСИЙСКОГО АВТОНОМНОГО ОКРУГА - ЮГРЫ ""БЕРЕЗОВСКИЙ РАЙОННЫЙ КОМПЛЕКСНЫЙ ЦЕНТР СОЦИАЛЬНОГО ОБСЛУЖИВАНИЯ НАСЕЛЕНИЯ""";1
ООО   ЗАВОД КЕРАМИЧЕСКИХ МАТЕРИАЛОВ;1
МУНИЦИПАЛЬНОЕ БЮДЖЕТНОЕ УЧРЕЖДЕНИЕ ХОЗЯЙСТВЕННО-ЭКСПЛУАТАЦИОННАЯ СЛУЖБА СИСТЕМЫ ОБРАЗОВАНИЯ;1
"ФБУ ""ТУЛЬСКИЙ ЦСМ""";1
АО «АТОМЭНЕРГОРЕМОНТ»;1
"ПОВЕНЕЦКИЙ РАЙОН ГИДРОСООРУЖЕНИЙ-ФИЛИАЛ ФЕДЕРАЛЬНОГО БЮДЖЕТНОГО УЧРЕЖДЕНИЯ ""АДМИНИСТРАЦИЯ БЕЛОМОРСКО-ОНЕЖСКОГО БАССЕЙНА ВНУТРЕННИХ ВОДНЫХ ПУТЕЙ""";1
"АО ""ГОС МКБ ""ВЫМПЕЛ"" ИМ. И.И. ТОРОПОВА""";1
«БалАЭР» - филиал АО «Атомэнергоремонт»;1
"ФЕДЕРАЛЬНОЕ КАЗЕННОЕ УЧРЕЖДЕНИЕ ЗДРАВООХРАНЕНИЯ ""МЕДИКО-САНИТАРНАЯ ЧАСТЬ МИНИСТЕРСТВА ВНУТРЕННИХ ДЕЛ РОССИЙСКОЙ ФЕДЕРАЦИИ ПО КЕМЕРОВСКОЙ ОБЛАСТИ""";1
"ФЕДЕРАЛЬНОЕ КАЗЕННОЕ УЧРЕЖДЕНИЕ ""ГЛАВНОЕ БЮРО МЕДИКО-СОЦИАЛЬНОЙ ЭКСПЕРТИЗЫ ПО ТУЛЬСКОЙ ОБЛАСТИ"" МИНИСТЕРСТВА ТРУДА И СОЦИАЛЬНОЙ ЗАЩИТЫ РОССИЙСКОЙ ФЕДЕРАЦИИ";1
ФЕДЕРАЛЬНОЕ ГОСУДАРСТВЕННОЕ БЮДЖЕТНОЕ УЧРЕЖДЕНИЕ НАУКИ ИНСТИТУТ АВТОМАТИКИ И ПРОЦЕССОВ УПРАВЛЕНИЯ ДАЛЬНЕВОСТОЧНОГО ОТДЕЛЕНИЯ РОССИЙСКОЙ АКАДЕМИИ НАУК;1
"МУНИЦИПАЛЬНОЕ УНИТАРНОЕ ПРЕДПРИЯТИЕ ""ВОДОКАНАЛИЗАЦИОННОЕ ХОЗЯЙСТВО Г.БУЗУЛУКА""";1
"ФЕДЕРАЛЬНОЕ КАЗЕННОЕ УЧРЕЖДЕНИЕ ""ИСПРАВИТЕЛЬНАЯ КОЛОНИЯ № 2 УПРАВЛЕНИЯ ФЕДЕРАЛЬНОЙ СЛУЖБЫ ИСПОЛНЕНИЯ НАКАЗАНИЙ ПО ЛИПЕЦКОЙ ОБЛАСТИ""";1
"ЛЕНИНГРАДСКОЕ ОБЛАСТНОЕ ГОСУДАРСТВЕННОЕ КАЗЕННОЕ УЧРЕЖДЕНИЕ ""ГОСУДАРСТВЕННАЯ ЭКОЛОГИЧЕСКАЯ ИНСПЕКЦИЯ ЛЕНИНГРАДСКОЙ ОБЛАСТИ""";1
УФПС ТОМСКОЙ ОБЛАСТИ;1
"ГОАУ ""СШ ""СПОРТ-ИНДУСТРИЯ""";1
"АО ""БЭСК""";1
ФЕДЕРАЛЬНОЕ ГОСУДАРСТВЕННОЕ БЮДЖЕТНОЕ УЧРЕЖДЕНИЕ НАУКИ ТОМСКИЙ НАУЧНЫЙ ЦЕНТР СИБИРСКОГО ОТДЕЛЕНИЯ РОССИЙСКОЙ АКАДЕМИИ НАУК;1
"ГОСУДАРСТВЕННОЕ БЮДЖЕТНОЕ УЧРЕЖДЕНИЕ ЗДРАВООХРАНЕНИЯ МОСКОВСКОЙ ОБЛАСТИ ""ИВАНТЕЕВСКАЯ ЦЕНТРАЛЬНАЯ ГОРОДСКАЯ БОЛЬНИЦА""";1
"ФЕДЕРАЛЬНОЕ КАЗЕННОЕ УЧРЕЖДЕНИЕ ""ИСПРАВИТЕЛЬНАЯ КОЛОНИЯ № 25 ГЛАВНОГО УПРАВЛЕНИЯ ФЕДЕРАЛЬНОЙ СЛУЖБЫ ИСПОЛНЕНИЯ НАКАЗАНИЙ ПО ЧЕЛЯБИНСКОЙ ОБЛАСТИ""";1
ГАУЗ СО «ЦСВМП «УИТО им. В.Д. Чаклина»;1
УПРАВЛЕНИЕ СУДЕБНОГО ДЕПАРТАМЕНТА В МАГАДАНСКОЙ ОБЛАСТИ;1
УПРАВЛЕНИЕ ПРОФЕССИОНАЛЬНОЙ ПОДГОТОВКИ ФЕДЕРАЛЬНОЙ СЛУЖБЫ ОХРАНЫ РОССИЙСКОЙ ФЕДЕРАЦИИ;1
"ЗАО ""БЕЛГОРОДСКИЙ ЦЕМЕНТ""";1
"САНКТ-ПЕТЕРБУРГСКОЕ ГОСУДАРСТВЕННОЕ БЮДЖЕТНОЕ УЧРЕЖДЕНИЕ ЗДРАВООХРАНЕНИЯ ""ДЕТСКАЯ ГОРОДСКАЯ СТОМАТОЛОГИЧЕСКАЯ ПОЛИКЛИНИКА №1""";1
"ФЕДЕРАЛЬНОЕ КАЗЕННОЕ УЧРЕЖДЕНИЕ ""ИСПРАВИТЕЛЬНАЯ КОЛОНИЯ № 1 УПРАВЛЕНИЯ ФЕДЕРАЛЬНОЙ СЛУЖБЫ ИСПОЛНЕНИЯ НАКАЗАНИЙ ПО ВОРОНЕЖСКОЙ ОБЛАСТИ""";1
"ФГБУ ""7 отряд ФПС ГПС по Свердловской области (договорной)""";1
"ГАУ ПО ""Дирекция спортивных сооружений""";1
"САНКТ-ПЕТЕРБУРГСКОЕ ГОСУДАРСТВЕННОЕ БЮДЖЕТНОЕ УЧРЕЖДЕНИЕ ЗДРАВООХРАНЕНИЯ ""ГОРОДСКАЯ ТУБЕРКУЛЕЗНАЯ БОЛЬНИЦА №2""";1
"ФЕДЕРАЛЬНОЕ ГОСУДАРСТВЕННОЕ БЮДЖЕТНОЕ ОБРАЗОВАТЕЛЬНОЕ УЧРЕЖДЕНИЕ ВЫСШЕГО ОБРАЗОВАНИЯ ""ИРКУТСКИЙ НАЦИОНАЛЬНЫЙ ИССЛЕДОВАТЕЛЬСКИЙ ТЕХНИЧЕСКИЙ УНИВЕРСИТЕТ""";1
"ГБУ ""Курганский областной перинатальный центр""";1
АДМИНИСТРАЦИЯ ПЕЧЕНГСКОГО МУНИЦИПАЛЬНОГО ОКРУГА МУРМАНСКОЙ ОБЛАСТИ;1
"САНКТ-ПЕТЕРБУРГСКОЕ ГОСУДАРСТВЕННОЕ БЮДЖЕТНОЕ УЧРЕЖДЕНИЕ ЗДРАВООХРАНЕНИЯ ""ГОРОДСКАЯ БОЛЬНИЦА № 33""";1
"ГОСУДАРСТВЕННОЕ БЮДЖЕТНОЕ УЧРЕЖДЕНИЕ ЗДРАВООХРАНЕНИЯ МОСКОВСКОЙ ОБЛАСТИ ""КРАСНОЗНАМЕНСКАЯ ГОРОДСКАЯ ДЕТСКАЯ ПОЛИКЛИНИКА""";1
ЦЕНТР СПЕЦИАЛЬНОЙ СВЯЗИ И ИНФОРМАЦИИ ФЕДЕРАЛЬНОЙ СЛУЖБЫ ОХРАНЫ РОССИЙСКОЙ ФЕДЕРАЦИИ В АМУРСКОЙ ОБЛАСТИ;1
"ГОСУДАРСТВЕННОЕ БЮДЖЕТНОЕ ПРОФЕССИОНАЛЬНОЕ ОБРАЗОВАТЕЛЬНОЕ УЧРЕЖДЕНИЕ КРАСНОДАРСКОГО КРАЯ ""АНАПСКИЙ КОЛЛЕДЖ СФЕРЫ УСЛУГ""";1
"АО ""Кавказцемент""";1
"ГОСУДАРСТВЕННОЕ БЮДЖЕТНОЕ УЧРЕЖДЕНИЕ ""ШАДРИНСКАЯ БОЛЬНИЦА СКОРОЙ МЕДИЦИНСКОЙ ПОМОЩИ"".";1
ФГБОУ ВО СТГМУ МИНЗДРАВА РОССИИ;1
"ГАУЗ СО ""ЦГКБ № 23""";1
"ООО ""ПРИРОДА""";1
"КРЫМСКИЙ ПОИСКОВО-СПАСАТЕЛЬНЫЙ ОТРЯД МЧС РОССИИ (ФИЛИАЛ ФЕДЕРАЛЬНОГО ГОСУДАРСТВЕННОГО КАЗЕННОГО УЧРЕЖДЕНИЯ ""ЮЖНЫЙ РЕГИОНАЛЬНЫЙ ПОИСКОВО-СПАСАТЕЛЬНЫЙ ОТРЯД МЧС Р";1
"ГОСУДАРСТВЕННОЕ БЮДЖЕТНОЕ УЧРЕЖДЕНИЕ СОЦИАЛЬНОГО ОБСЛУЖИВАНИЯ ""СОВЕТСКИЙ КОМПЛЕКСНЫЙ ЦЕНТР СОЦИАЛЬНОГО ОБСЛУЖИВАНИЯ НАСЕЛЕНИЯ""";1
"ГБУЗ ПК ""Березниковская СП""";1
УПРАВЛЕНИЕ ФЕДЕРАЛЬНОЙ СЛУЖБЫ ИСПОЛНЕНИЯ НАКАЗАНИЙ ПО ТЮМЕНСКОЙ ОБЛАСТИ;1
Кучеров денис Владимирович;1
"ФЕДЕРАЛЬНОЕ ГОСУДАРСТВЕННОЕ БЮДЖЕТНОЕ ОБРАЗОВАТЕЛЬНОЕ УЧРЕЖДЕНИЕ ВЫСШЕГО ОБРАЗОВАНИЯ ""НАЦИОНАЛЬНЫЙ ИССЛЕДОВАТЕЛЬСКИЙ УНИВЕРСИТЕТ ""МЭИ""";1
МУП ДСЭР СОВЕТСКОГО РАЙОНА Г. ВОЛГОГРАДА;1
"ФЕДЕРАЛЬНОЕ КАЗЕННОЕ УЧРЕЖДЕНИЕ ЗДРАВООХРАНЕНИЯ ""САНАТОРИЙ ""РУЗА"" МИНИСТЕРСТВА ВНУТРЕННИХ ДЕЛ РОССИЙСКОЙ ФЕДЕРАЦИИ""";1
"МУНИЦИПАЛЬНОЕ БЮДЖЕТНОЕ УЧРЕЖДЕНИЕ ""СЛУЖБА ПО БЛАГОУСТРОЙСТВУ МИКРОРАЙОНА ""СИПАЙЛОВО"" ОКТЯБРЬСКОГО РАЙОНА"" ГОРОДСКОГО ОКРУГА ГОРОД УФА РЕСПУБЛИКИ БАШКОРТОСТАН";1
"ФЕДЕРАЛЬНОЕ ГОСУДАРСТВЕННОЕ БЮДЖЕТНОЕ УЧРЕЖДЕНИЕ ""РЕСПУБЛИКАНСКАЯ УЧЕБНО-ТРЕНИРОВОЧНАЯ БАЗА ""ОКА"" Г. АЛЕКСИН""";1
"ФЕДЕРАЛЬНОЕ КАЗЕННОЕ УЧРЕЖДЕНИЕ ""ИСПРАВИТЕЛЬНАЯ КОЛОНИЯ № 2 УПРАВЛЕНИЯ ФЕДЕРАЛЬНОЙ СЛУЖБЫ ИСПОЛНЕНИЯ НАКАЗАНИЙ ПО ТОМСКОЙ ОБЛАСТИ""";1
"МУНИЦИПАЛЬНОЕ БЮДЖЕТНОЕ УЧРЕЖДЕНИЕ ""СПАСАТЕЛЬНАЯ СЛУЖБА""";1
"МКП ОГО ""ТЕПЛОЭНЕРГО""";1
"ОБЛАСТНОЕ ГОСУДАРСТВЕННОЕ БЮДЖЕТНОЕ ПРОФЕССИОНАЛЬНОЕ ОБРАЗОВАТЕЛЬНОЕ УЧРЕЖДЕНИЕ ""ДИМИТРОВГРАДСКИЙ ТЕХНИКУМ ПРОФЕССИОНАЛЬНЫХ ТЕХНОЛОГИЙ ИМЕНИ ГЕРОЯ СОВЕТСКОГО СО";1
АДМИНИСТРАЦИЯ МУНИЦИПАЛЬНОГО ОБРАЗОВАНИЯ ГУЛЬКЕВИЧСКИЙ РАЙОН;1
"МУНИЦИПАЛЬНОЕ КАЗЕННОЕ УЧРЕЖДЕНИЕ ""ЦЕНТРАЛИЗОВАННАЯ БУХГАЛТЕРИЯ""";1
"ГУП СО ""ГАЗОВЫЕ СЕТИ""";1
"ФЕДЕРАЛЬНОЕ КАЗЕННОЕ УЧРЕЖДЕНИЕ ""ИСПРАВИТЕЛЬНАЯ КОЛОНИЯ № 7 УПРАВЛЕНИЯ ФЕДЕРАЛЬНОЙ СЛУЖБЫ ИСПОЛНЕНИЯ НАКАЗАНИЙ ПО РЕСПУБЛИКЕ КАРЕЛИЯ""";1
ЭВЕНКИЙСКИЙ РАЙОННЫЙ СОВЕТ ДЕПУТАТОВ;1
"ФЕДЕРАЛЬНОЕ КАЗЕННОЕ УЧРЕЖДЕНИЕ ""ИСПРАВИТЕЛЬНАЯ КОЛОНИЯ № 5 УПРАВЛЕНИЯ ФЕДЕРАЛЬНОЙ СЛУЖБЫ ИСПОЛНЕНИЯ НАКАЗАНИЙ ПО ВОЛГОГРАДСКОЙ ОБЛАСТИ""";1
"ФЕДЕРАЛЬНОЕ ГОСУДАРСТВЕННОЕ БЮДЖЕТНОЕ ОБРАЗОВАТЕЛЬНОЕ УЧРЕЖДЕНИЕ ВЫСШЕГО ОБРАЗОВАНИЯ ""МАЙКОПСКИЙ ГОСУДАРСТВЕННЫЙ ТЕХНОЛОГИЧЕСКИЙ УНИВЕРСИТЕТ""";1
"АО ""КРАСНЫЙ ГИДРОПРЕСС""";1
"ГОСУДАРСТВЕННОЕ БЮДЖЕТНОЕ УЧРЕЖДЕНИЕ ЗДРАВООХРАНЕНИЯ МОСКОВСКОЙ ОБЛАСТИ ""БРОННИЦКАЯ ГОРОДСКАЯ БОЛЬНИЦА""";1
ГОСУДАРСТВЕННОЕ БЮДЖЕТНОЕ ОБЩЕОБРАЗОВАТЕЛЬНОЕ УЧРЕЖДЕНИЕ СРЕДНЯЯ ОБЩЕОБРАЗОВАТЕЛЬНАЯ ШКОЛА № 403 ПУШКИНСКОГО РАЙОНА САНКТ-ПЕТЕРБУРГА;1
"ФГБУ ""ВНИИКР""";1
"ФЕДЕРАЛЬНОЕ КАЗЕННОЕ УЧРЕЖДЕНИЕ ЗДРАВООХРАНЕНИЯ ""МЕДИКО-САНИТАРНАЯ ЧАСТЬ МИНИСТЕРСТВА ВНУТРЕННИХ ДЕЛ РОССИЙСКОЙ ФЕДЕРАЦИИ ПО ЛИПЕЦКОЙ ОБЛАСТИ""";1
"ФЕДЕРАЛЬНОЕ ГОСУДАРСТВЕННОЕ БЮДЖЕТНОЕ ОБРАЗОВАТЕЛЬНОЕ УЧРЕЖДЕНИЕ ВЫСШЕГО ОБРАЗОВАНИЯ ""ОРЕНБУРГСКИЙ ГОСУДАРСТВЕННЫЙ УНИВЕРСИТЕТ""";1
"ГОСУДАРСТВЕННОЕ УЧРЕЖДЕНИЕ ЗДРАВООХРАНЕНИЯ ""ДЕТСКАЯ ГОРОДСКАЯ КЛИНИЧЕСКАЯ БОЛЬНИЦА ГОРОДА УЛЬЯНОВСКА""";1
"ГОСУДАРСТВЕННОЕ БЮДЖЕТНОЕ УЧРЕЖДЕНИЕ ЗДРАВООХРАНЕНИЯ ""ЦЕНТРАЛЬНАЯ РАЙОННАЯ БОЛЬНИЦА"" ТЕРСКОГО МУНИЦИПАЛЬНОГО РАЙОНА";1
"ФЕДЕРАЛЬНОЕ КАЗЕННОЕ УЧРЕЖДЕНИЕ ""ИСПРАВИТЕЛЬНАЯ КОЛОНИЯ № 32 С ОСОБЫМИ УСЛОВИЯМИ ХОЗЯЙСТВЕННОЙ ДЕЯТЕЛЬНОСТИ ГЛАВНОГО УПРАВЛЕНИЯ ФЕДЕРАЛЬНОЙ СЛУЖБЫ ИСПОЛНЕНИЯ НА";1
"ГОСУДАРСТВЕННОЕ БЮДЖЕТНОЕ УЧРЕЖДЕНИЕ ЗДРАВООХРАНЕНИЯ ЛЕНИНГРАДСКОЙ ОБЛАСТИ ""ЛОМОНОСОВСКАЯ МЕЖРАЙОННАЯ БОЛЬНИЦА ИМ.И.Н.ЮДЧЕНКО""";1
ИОС УРО РАН;1
"ООО ""Нацлизинг""";1
"ГОСУДАРСТВЕННОЕ БЮДЖЕТНОЕ УЧРЕЖДЕНИЕ ЗДРАВООХРАНЕНИЯ ПЕРМСКОГО КРАЯ ""СТОМАТОЛОГИЧЕСКАЯ ПОЛИКЛИНИКА Г.СОЛИКАМСКА""";1
"МУНИЦИПАЛЬНОЕ БЮДЖЕТНОЕ УЧРЕЖДЕНИЕ ""АДМИНИСТРАТИВНО-ХОЗЯЙСТВЕННАЯ СЛУЖБА"" АДМИНИСТРАЦИИ МО ""КРАСНОЯРСКИЙ РАЙОН""";1
"ФЕДЕРАЛЬНОЕ КАЗЕННОЕ УЧРЕЖДЕНИЕ ""ИСПРАВИТЕЛЬНАЯ КОЛОНИЯ № 25 УПРАВЛЕНИЯ ФЕДЕРАЛЬНОЙ СЛУЖБЫ ИСПОЛНЕНИЯ НАКАЗАНИЙ ПО ВОЛГОГРАДСКОЙ ОБЛАСТИ""";1
"ФЕДЕРАЛЬНОЕ КАЗЕННОЕ УЧРЕЖДЕНИЕ ""ИСПРАВИТЕЛЬНАЯ КОЛОНИЯ № 14 УПРАВЛЕНИЯ ФЕДЕРАЛЬНОЙ СЛУЖБЫ ИСПОЛНЕНИЯ НАКАЗАНИЙ ПО АРХАНГЕЛЬСКОЙ ОБЛАСТИ""";1
ДАЛЬНЕВОСТОЧНОЕ ТАМОЖЕННОЕ УПРАВЛЕНИЕ;1
"ФЕДЕРАЛЬНОЕ КАЗЕННОЕ УЧРЕЖДЕНИЕ ""ИСПРАВИТЕЛЬНАЯ КОЛОНИЯ № 4 УПРАВЛЕНИЯ ФЕДЕРАЛЬНОЙ СЛУЖБЫ ИСПОЛНЕНИЯ НАКАЗАНИЙ ПО АРХАНГЕЛЬСКОЙ ОБЛАСТИ""";1
АДМИНИСТРАЦИЯ ТЕНЬКИНСКОГО ГОРОДСКОГО ОКРУГА МАГАДАНСКОЙ ОБЛАСТИ;1
"ФЕДЕРАЛЬНОЕ ГОСУДАРСТВЕННОЕ БЮДЖЕТНОЕ УЧРЕЖДЕНИЕ КУЛЬТУРЫ ""ГОСУДАРСТВЕННЫЙ ИСТОРИКО-АРХЕОЛОГИЧЕСКИЙ МУЗЕЙ-ЗАПОВЕДНИК ""ХЕРСОНЕС ТАВРИЧЕСКИЙ""";1
"ГОСУДАРСТВЕННОЕ БЮДЖЕТНОЕ УЧРЕЖДЕНИЕ РЕСПУБЛИКИ МАРИЙ ЭЛ ""РЕСПУБЛИКАНСКАЯ КЛИНИЧЕСКАЯ БОЛЬНИЦА""";1
АДМИНИСТРАЦИЯ БАЛАХНИНСКОГО МУНИЦИПАЛЬНОГО РАЙОНА НИЖЕГОРОДСКОЙ ОБЛАСТИ;1
"МУНИЦИПАЛЬНОЕ БЮДЖЕТНОЕ УЧРЕЖДЕНИЕ ЗДРАВООХРАНЕНИЯ ""ЦЕНТРАЛЬНАЯ РАЙОННАЯ БОЛЬНИЦА"" ЗЕРНОГРАДСКОГО РАЙОНА РОСТОВСКОЙ  ОБЛАСТИ";1
ФЕДЕРАЛЬНОЕ ГОСУДАРСТВЕННОЕ БЮДЖЕТНОЕ УЧРЕЖДЕНИЕ НАУКИ ИНСТИТУТ ГИДРОДИНАМИКИ ИМ. М.А. ЛАВРЕНТЬЕВА СИБИРСКОГО ОТДЕЛЕНИЯ РОССИЙСКОЙ АКАДЕМИИ НАУК;1
"ФЕДЕРАЛЬНОЕ КАЗЕННОЕ УЧРЕЖДЕНИЕ ""СЛЕДСТВЕННЫЙ ИЗОЛЯТОР № 6 ГЛАВНОГО УПРАВЛЕНИЯ ФЕДЕРАЛЬНОЙ СЛУЖБЫ ИСПОЛНЕНИЯ НАКАЗАНИЙ ПО КРАСНОЯРСКОМУ КРАЮ""";1
КОМИТЕТ ПО ФИНАНСАМ АДМИНИСТРАЦИИ ХАНТЫ-МАНСИЙСКОГО РАЙОНА;1
"ФЕДЕРАЛЬНОЕ КАЗЕННОЕ УЧРЕЖДЕНИЕ ""ИСПРАВИТЕЛЬНАЯ КОЛОНИЯ № 5 УПРАВЛЕНИЯ ФЕДЕРАЛЬНОЙ СЛУЖБЫ ИСПОЛНЕНИЯ НАКАЗАНИЙ ПО МОСКОВСКОЙ ОБЛАСТИ""";1
"АО ""ТМТП""";1
УПРАВЛЕНИЕ СПЕЦИАЛЬНОЙ СВЯЗИ И ИНФОРМАЦИИ ФЕДЕРАЛЬНОЙ СЛУЖБЫ ОХРАНЫ РОССИЙСКОЙ ФЕДЕРАЦИИ В ДАЛЬНЕВОСТОЧНОМ ФЕДЕРАЛЬНОМ ОКРУГЕ;1
"ГОСУДАРСТВЕННОЕ БЮДЖЕТНОЕ ПРОФЕССИОНАЛЬНОЕ ОБРАЗОВАТЕЛЬНОЕ УЧРЕЖДЕНИЕ РОСТОВСКОЙ ОБЛАСТИ ""ДОНЕЦКИЙ ПРОМЫШЛЕННО-ГУМАНИТАРНЫЙ ТЕХНИКУМ""";1
"ЕМУП ""МЭС""";1
АДМИНИСТРАЦИЯ МУНИЦИПАЛЬНОГО ОБРАЗОВАНИЯ ПЕЧЕНГСКИЙ РАЙОН;1
"ФЕДЕРАЛЬНОЕ КАЗЕННОЕ УЧРЕЖДЕНИЕ ""ИСПРАВИТЕЛЬНАЯ КОЛОНИЯ № 8 ГЛАВНОГО УПРАВЛЕНИЯ ФЕДЕРАЛЬНОЙ СЛУЖБЫ ИСПОЛНЕНИЯ НАКАЗАНИЙ ПО НОВОСИБИРСКОЙ ОБЛАСТИ""";1
АДМИНИСТРАЦИЯ ГОРОДСКОГО ОКРУГА ПРОТВИНО;1
"ГОСУДАРСТВЕННОЕ БЮДЖЕТНОЕ УЧРЕЖДЕНИЕ ЗДРАВООХРАНЕНИЯ ПЕРМСКОГО КРАЯ ""ПЕРМСКИЙ КРАЕВОЙ ОНКОЛОГИЧЕСКИЙ ДИСПАНСЕР""";1
"ФЕДЕРАЛЬНОЕ КАЗЕННОЕ УЧРЕЖДЕНИЕ ""ИСПРАВИТЕЛЬНАЯ КОЛОНИЯ № 5 УПРАВЛЕНИЯ ФЕДЕРАЛЬНОЙ СЛУЖБЫ ИСПОЛНЕНИЯ НАКАЗАНИЙ ПО ОРЕНБУРГСКОЙ ОБЛАСТИ""";1
"САНКТ-ПЕТЕРБУРГСКОЕ ГОСУДАРСТВЕННОЕ КАЗЕННОЕ УЧРЕЖДЕНИЕ ЗДРАВООХРАНЕНИЯ ""ПСИХОНЕВРОЛОГИЧЕСКИЙ ДОМ РЕБЕНКА № 6""";1
УПРАВЛЕНИЕ ФЕДЕРАЛЬНОЙ СЛУЖБЫ ИСПОЛНЕНИЯ НАКАЗАНИЙ ПО РЕСПУБЛИКЕ САХА (ЯКУТИЯ);1
"ФЕДЕРАЛЬНОЕ КАЗЕННОЕ УЧРЕЖДЕНИЕ ""ИСПРАВИТЕЛЬНАЯ КОЛОНИЯ № 5 УПРАВЛЕНИЯ ФЕДЕРАЛЬНОЙ СЛУЖБЫ ИСПОЛНЕНИЯ НАКАЗАНИЙ ПО ОРЛОВСКОЙ ОБЛАСТИ""";1
"ФЕДЕРАЛЬНОЕ ГОСУДАРСТВЕННОЕ КАЗЕННОЕ УЧРЕЖДЕНИЕ ""СПЕЦИАЛЬНОЕ УПРАВЛЕНИЕ ФЕДЕРАЛЬНОЙ ПРОТИВОПОЖАРНОЙ СЛУЖБЫ № 50 МИНИСТЕРСТВА РОССИЙСКОЙ ФЕДЕРАЦИИ ПО ДЕЛАМ ГРАЖД";1
"ФЕДЕРАЛЬНОЕ КАЗЕННОЕ УЧРЕЖДЕНИЕ ЗДРАВООХРАНЕНИЯ ""МЕДИКО-САНИТАРНАЯ ЧАСТЬ № 25 ФЕДЕРАЛЬНОЙ СЛУЖБЫ ИСПОЛНЕНИЯ НАКАЗАНИЙ""";1
"ФЕДЕРАЛЬНОЕ ГОСУДАРСТВЕННОЕ БЮДЖЕТНОЕ НАУЧНОЕ УЧРЕЖДЕНИЕ ""ФЕДЕРАЛЬНЫЙ НАУЧНЫЙ ЦЕНТР ПЧЕЛОВОДСТВА""";1
"ФЕДЕРАЛЬНОЕ КАЗЕННОЕ УЧРЕЖДЕНИЕ ""ИСПРАВИТЕЛЬНАЯ КОЛОНИЯ № 2 УПРАВЛЕНИЯ ФЕДЕРАЛЬНОЙ СЛУЖБЫ ИСПОЛНЕНИЯ НАКАЗАНИЙ ПО РЕСПУБЛИКЕ АДЫГЕЯ (АДЫГЕЯ)""";1
"ФЕДЕРАЛЬНОЕ КАЗЕННОЕ УЧРЕЖДЕНИЕ ""БАЗА МАТЕРИАЛЬНО-ТЕХНИЧЕСКОГО И ВОЕННОГО СНАБЖЕНИЯ ГЛАВНОГО УПРАВЛЕНИЯ ФЕДЕРАЛЬНОЙ СЛУЖБЫ ИСПОЛНЕНИЯ НАКАЗАНИЙ ПО ЧЕЛЯБИНСКОЙ О";1
"ФЕДЕРАЛЬНОЕ КАЗЕННОЕ УЧРЕЖДЕНИЕ ""ИСПРАВИТЕЛЬНАЯ КОЛОНИЯ № 27 ГЛАВНОГО УПРАВЛЕНИЯ ФЕДЕРАЛЬНОЙ СЛУЖБЫ ИСПОЛНЕНИЯ НАКАЗАНИЙ ПО КРАСНОЯРСКОМУ КРАЮ""";1
"ГОСУДАРСТВЕННОЕ КАЗЕННОЕ УЧРЕЖДЕНИЕ МОСКОВСКОЙ ОБЛАСТИ ""ЦЕНТР СОДЕЙСТВИЯ РАЗВИТИЮ ЗЕМЕЛЬНО-ИМУЩЕСТВЕННОГО КОМПЛЕКСА МОСКОВСКОЙ ОБЛАСТИ""";1
УПРАВЛЕНИЕ ФЕДЕРАЛЬНОЙ СЛУЖБЫ ИСПОЛНЕНИЯ НАКАЗАНИЙ ПО РЕСПУБЛИКЕ КАЛМЫКИЯ;1
"ГОСУДАРСТВЕННОЕ КАЗЕННОЕ УЧРЕЖДЕНИЕ ПЕРМСКОГО КРАЯ ""23 ОТРЯД ПРОТИВОПОЖАРНОЙ СЛУЖБЫ ПЕРМСКОГО КРАЯ""";1
ГЛАВНОЕ УПРАВЛЕНИЕ МИНИСТЕРСТВА РОССИЙСКОЙ ФЕДЕРАЦИИ ПО ДЕЛАМ ГРАЖДАНСКОЙ ОБОРОНЫ, ЧРЕЗВЫЧАЙНЫМ СИТУАЦИЯМ И ЛИКВИДАЦИИ ПОСЛЕДСТВИЙ СТИХИЙНЫХ БЕДСТВИЙ ПО ОРЛОВСК;1
ФТИ ИМ. А.Ф. ИОФФЕ;1
"ФЕДЕРАЛЬНОЕ КАЗЕННОЕ УЧРЕЖДЕНИЕ ""ИСПРАВИТЕЛЬНАЯ КОЛОНИЯ № 6 УПРАВЛЕНИЯ ФЕДЕРАЛЬНОЙ СЛУЖБЫ ИСПОЛНЕНИЯ НАКАЗАНИЙ ПО ОРЛОВСКОЙ ОБЛАСТИ""";1
ЦКБ РАН;1
"МУНИЦИПАЛЬНОЕ БЮДЖЕТНОЕ УЧРЕЖДЕНИЕ ""СЛУЖБА ЕДИНОГО БАЛАНСОДЕРЖАТЕЛЯ"" АЛЕКСАНДРОВО-ГАЙСКОГО МУНИЦИПАЛЬНОГО РАЙОНА САРАТОВСКОЙ ОБЛАСТИ";1
ТЕРРИТОРИАЛЬНЫЙ ФОНД ОБЯЗАТЕЛЬНОГО МЕДИЦИНСКОГО СТРАХОВАНИЯ СВЕРДЛОВСКОЙ ОБЛАСТИ;1
"АО ""ГОРДОРМОСТСТРОЙ""";1
КГБУЗ   Владивостокская больница № 3;1
"БЮДЖЕТНОЕ УЧРЕЖДЕНИЕ ХАНТЫ-МАНСИЙСКОГО АВТОНОМНОГО ОКРУГА-ЮГРЫ ""МЕГИОНСКАЯ ГОРОДСКАЯ БОЛЬНИЦА""";1
АО   РКБ   ГЛОБУС;1
"МУНИЦИПАЛЬНОЕ ПРЕДПРИЯТИЕ ЗАТО ЖЕЛЕЗНОГОРСК КРАСНОЯРСКОГО КРАЯ ""ГОРЭЛЕКТРОСЕТЬ""";1
"ГОСУДАРСТВЕННОЕ УЧРЕЖДЕНИЕ ЗДРАВООХРАНЕНИЯ ""ЛИПЕЦКАЯ ОБЛАСТНАЯ КЛИНИЧЕСКАЯ БОЛЬНИЦА""";1
"ГОСУДАРСТВЕННОЕ БЮДЖЕТНОЕ УЧРЕЖДЕНИЕ ЗДРАВООХРАНЕНИЯ ПСКОВСКОЙ ОБЛАСТИ ""ПЕЧОРСКАЯ РАЙОННАЯ БОЛЬНИЦА""";1
"ФЕДЕРАЛЬНОЕ КАЗЕННОЕ УЧРЕЖДЕНИЕ ""ИСПРАВИТЕЛЬНАЯ КОЛОНИЯ № 7 УПРАВЛЕНИЯ ФЕДЕРАЛЬНОЙ СЛУЖБЫ ИСПОЛНЕНИЯ НАКАЗАНИЙ ПО РЕСПУБЛИКЕ МОРДОВИЯ""";1
"ГАУЗ ""СТОМАТОЛОГИЧЕСКАЯ ПОЛИКЛИНИКА Г.НОВОРОССИЙСКА"" МЗ КК";1
"ГОСУДАРСТВЕННОЕ БЮДЖЕТНОЕ УЧРЕЖДЕНИЕ ЗДРАВООХРАНЕНИЯ ""ГОРОДСКАЯ ПОЛИКЛИННИКА № 7 ГОРОДА КРАСНОДАРА"" МИНИСТЕРСТВА ЗДРАВООХРАНЕНИЯ КРАСНОДАРСКОГО КРАЯ";1
САНКТ-ПЕТЕРБУРГСКОЕ ГОСУДАРСТВЕННОЕ БЮДЖЕТНОЕ УЧРЕЖДЕНИЕ СПОРТИВНАЯ ШКОЛА ОЛИМПИЙСКОГО РЕЗЕРВА ПО ХОККЕЮ;1
"ФЕДЕРАЛЬНОЕ КАЗЕННОЕ УЧРЕЖДЕНИЕ ""ГЛАВНОЕ БЮРО МЕДИКО-СОЦИАЛЬНОЙ ЭКСПЕРТИЗЫ ПО КАБАРДИНО-БАЛКАРСКОЙ РЕСПУБЛИКЕ"" МИНИСТЕРСТВА ТРУДА И СОЦИАЛЬНОЙ ЗАЩИТЫ РОССИЙСКОЙ";1
"ФЕДЕРАЛЬНОЕ ГОСУДАРСТВЕННОЕ БЮДЖЕТНОЕ УЧРЕЖДЕНИЕ ""УРАЛЬСКОЕ УПРАВЛЕНИЕ ПО ГИДРОМЕТЕОРОЛОГИИ И МОНИТОРИНГУ ОКРУЖАЮЩЕЙ СРЕДЫ""";1
"ГОСУДАРСТВЕННОЕ БЮДЖЕТНОЕ УЧРЕЖДЕНИЕ ЗДРАВООХРАНЕНИЯ ""СПЕЦИАЛИЗИРОВАННАЯ ПСИХИАТРИЧЕСКАЯ БОЛЬНИЦА № 7"" МИНИСТЕРСТВА ЗДРАВООХРАНЕНИЯ КРАСНОДАРСКОГО КРАЯ";1
"МУП ""КХНР""";1
"ОАО ""БОГДАНОВИЧСКИЙ КОМБИКОРМОВЫЙ ЗАВОД""";1
"ГОСУДАРСТВЕННОЕ БЮДЖЕТНОЕ УЧРЕЖДЕНИЕ ЗДРАВООХРАНЕНИЯ РЕСПУБЛИКИ КАРЕЛИЯ ""ГОРОДСКАЯ ПОЛИКЛИНИКА № 3""";1
"САНКТ-ПЕТЕРБУРГСКОЕ ГОСУДАРСТВЕННОЕ БЮДЖЕТНОЕ УЧРЕЖДЕНИЕ СОЦИАЛЬНОГО ОБСЛУЖИВАНИЯ НАСЕЛЕНИЯ ""ЦЕНТР СОЦИАЛЬНОЙ РЕАБИЛИТАЦИИ ИНВАЛИДОВ И ДЕТЕЙ-ИНВАЛИДОВ АДМИРАЛТЕ";1
"КРАЕВОЕ ГОСУДАРСТВЕННОЕ БЮДЖЕТНОЕ УЧРЕЖДЕНИЕ СОЦИАЛЬНОГО ОБСЛУЖИВАНИЯ ""НАХОДКИНСКИЙ СОЦИАЛЬНО-РЕАБИЛИТАЦИОННЫЙ ЦЕНТР ДЛЯ НЕСОВЕРШЕННОЛЕТНИХ ""АЛЬБАТРОС""";1
"ФЕДЕРАЛЬНОЕ ГОСУДАРСТВЕННОЕ БЮДЖЕТНОЕ НАУЧНОЕ УЧРЕЖДЕНИЕ ""НАУЧНО-ИССЛЕДОВАТЕЛЬСКИЙ ИНСТИТУТ БИОМЕДИЦИНСКОЙ ХИМИИ ИМЕНИ В.Н. ОРЕХОВИЧА""";1
"ГОСУДАРСТВЕННОЕ БЮДЖЕТНОЕ УЧРЕЖДЕНИЕ ЗДРАВООХРАНЕНИЯ ПСКОВСКОЙ ОБЛАСТИ ""ПОРХОВСКАЯ МЕЖРАЙОННАЯ БОЛЬНИЦА""";1
ТТИ НИЯУ МИФИ;1
ТЕРРИТОРИАЛЬНЫЙ ФОНД ОБЯЗАТЕЛЬНОГО МЕДИЦИНСКОГО СТРАХОВАНИЯ АЛТАЙСКОГО КРАЯ;1
"ФЕДЕРАЛЬНОЕ КАЗЕННОЕ УЧРЕЖДЕНИЕ ""ИСПРАВИТЕЛЬНАЯ КОЛОНИЯ № 4 УПРАВЛЕНИЯ ФЕДЕРАЛЬНОЙ СЛУЖБЫ ИСПОЛНЕНИЯ НАКАЗАНИЙ ПО САРАТОВСКОЙ ОБЛАСТИ""";1
САНКТ-ПЕТЕРБУРГСКОЕ ГОСУДАРСТВЕННОЕ БЮДЖЕТНОЕ УЧРЕЖДЕНИЕ СПОРТИВНАЯ ШКОЛА ОЛИМПИЙСКОГО РЕЗЕРВА ПО ФИГУРНОМУ КАТАНИЮ НА КОНЬКАХ;1
"ОБЛАСТНОЕ КАЗЕННОЕ УЧРЕЖДЕНИЕ ""УПРАВЛЕНИЕ ПО РАЗМЕЩЕНИЮ ГОСЗАКАЗА ЛИПЕЦКОЙ ОБЛАСТИ""";1
"ФЕДЕРАЛЬНОЕ ГОСУДАРСТВЕННОЕ БЮДЖЕТНОЕ ОБРАЗОВАТЕЛЬНОЕ УЧРЕЖДЕНИЕ ВЫСШЕГО ОБРАЗОВАНИЯ ""ДАГЕСТАНСКИЙ ГОСУДАРСТВЕННЫЙ УНИВЕРСИТЕТ""";1
"ФЕДЕРАЛЬНОЕ КАЗЕННОЕ УЧРЕЖДЕНИЕ ""ИСПРАВИТЕЛЬНАЯ КОЛОНИЯ № 54 ГЛАВНОГО УПРАВЛЕНИЯ ФЕДЕРАЛЬНОЙ СЛУЖБЫ ИСПОЛНЕНИЯ НАКАЗАНИЙ ПО СВЕРДЛОВСКОЙ ОБЛАСТИ""";1
"САНКТ-ПЕТЕРБУРГСКОЕ ГОСУДАРСТВЕННОЕ БЮДЖЕТНОЕ УЧРЕЖДЕНИЕ ""ЦЕНТР ФИЗИЧЕСКОЙ КУЛЬТУРЫ, СПОРТА И ЗДОРОВЬЯ ПЕТРОДВОРЦОВОГО РАЙОНА САНКТ-ПЕТЕРБУРГА""";1
"МАУ ГСЦ ""ЕРМАК""";1
"ФЕДЕРАЛЬНОЕ КАЗЕННОЕ УЧРЕЖДЕНИЕ ""ИСПРАВИТЕЛЬНАЯ КОЛОНИЯ № 13 ГЛАВНОГО УПРАВЛЕНИЯ ФЕДЕРАЛЬНОЙ СЛУЖБЫ ИСПОЛНЕНИЯ НАКАЗАНИЙ ПО СВЕРДЛОВСКОЙ ОБЛАСТИ""";1
МУП «Сасовоэнергосбыт»;1
АДМИНИСТРАЦИЯ НАХОДКИНСКОГО ГОРОДСКОГО ОКРУГА;1
ГОСУДАРСТВЕННОЕ ФЕДЕРАЛЬНОЕ БЮДЖЕТНОЕ УЧРЕЖДЕНИЕ ПО ОБЕСПЕЧЕНИЮ ИНЖЕНЕРНЫХ ЗАЩИТ ЧЕБОКСАРСКОГО ВОДОХРАНИЛИЩА ПО НИЖЕГОРОДСКОЙ ОБЛАСТИ;1
"МУНИЦИПАЛЬНОЕ КАЗЕННОЕ УЧРЕЖДЕНИЕ ""ГОРОДСКАЯ КОММУНАЛЬНАЯ СЛУЖБА""";1
"ФЕДЕРАЛЬНОЕ ГОСУДАРСТВЕННОЕ БЮДЖЕТНОЕ УЧРЕЖДЕНИЕ ""ФЕДЕРАЛЬНАЯ КАДАСТРОВАЯ ПАЛАТА ФЕДЕРАЛЬНОЙ СЛУЖБЫ ГОСУДАРСТВЕННОЙ РЕГИСТРАЦИИ, КАДАСТРА И КАРТОГРАФИИ""";1
"МУНИЦИПАЛЬНОЕ УНИТАРНОЕ ПРЕДПРИЯТИЕ НОВОУРАЛЬСКОГО ГОРОДСКОГО ОКРУГА ""ВОДОПРОВОДНО-КАНАЛИЗАЦИОННОЕ ХОЗЯЙСТВО""";1
УПРАВЛЕНИЕ МУНИЦИПАЛЬНОГО ИМУЩЕСТВА И ЖИЛИЩНО-КОММУНАЛЬНОГО ХОЗЯЙСТВА АДМИНИСТРАЦИИ ЛИВЕНСКОГО РАЙОНА ОРЛОВСКОЙ ОБЛАСТИ;1
ГлавУпДК при МИД России;1
"КАЗЕННОЕ УЧРЕЖДЕНИЕ НЕНЕЦКОГО АВТОНОМНОГО ОКРУГА  ""СТАНЦИЯ ПО БОРЬБЕ С БОЛЕЗНЯМИ ЖИВОТНЫХ""";1
"ФЕДЕРАЛЬНОЕ КАЗЕННОЕ УЧРЕЖДЕНИЕ ""ИСПРАВИТЕЛЬНАЯ КОЛОНИЯ № 12 С ОСОБЫМИ УСЛОВИЯМИ ХОЗЯЙСТВЕННОЙ ДЕЯТЕЛЬНОСТИ ГЛАВНОГО УПРАВЛЕНИЯ ФЕДЕРАЛЬНОЙ СЛУЖБЫ ИСПОЛНЕНИЯ НА";1
АО «Ангстрем-Т»;1
"ГОСУДАРСТВЕННОЕ БЮДЖЕТНОЕ УЧРЕЖДЕНИЕ ЗДРАВООХРАНЕНИЯ ""ЕЙСКАЯ ЦЕНТРАЛЬНАЯ РАЙОННАЯ БОЛЬНИЦА"" МИНИСТЕРСТВА ЗДРАВООХРАНЕНИЯ КРАСНОДАРСКОГО КРАЯ";1
ГОСУДАРСТВЕННОЕ БЮДЖЕТНОЕ УЧРЕЖДЕНИЕ ЗДРАВООХРАНЕНИЯ РЕСПУБЛИКИ БАШКОРТОСТАН КУШНАРЕНКОВСКАЯ ЦЕНТРАЛЬНАЯ РАЙОННАЯ БОЛЬНИЦА;1
"ФЕДЕРАЛЬНОЕ ГОСУДАРСТВЕННОЕ БЮДЖЕТНОЕ УЧРЕЖДЕНИЕ ""27 ОТРЯД ФЕДЕРАЛЬНОЙ ПРОТИВОПОЖАРНОЙ СЛУЖБЫ ГОСУДАРСТВЕННОЙ ПРОТИВОПОЖАРНОЙ СЛУЖБЫ ПО ПРИМОРСКОМУ КРАЮ (ДОГОВО";1
"ФГБУЗ САНАТОРИЙ ""АРХИПО-ОСИПОВКА"" ФМБА РОССИИ";1
"ФЕДЕРАЛЬНОЕ ГОСУДАРСТВЕННОЕ КАЗЕННОЕ УЧРЕЖДЕНИЕ ""СПЕЦИАЛЬНОЕ УПРАВЛЕНИЕ ФЕДЕРАЛЬНОЙ ПРОТИВОПОЖАРНОЙ СЛУЖБЫ № 39 МИНИСТЕРСТВА РОССИЙСКОЙ ФЕДЕРАЦИИ ПО ДЕЛАМ ГРАЖД";1
ВОЙСКОВАЯ ЧАСТЬ 6748;1
"ФЕДЕРАЛЬНОЕ КАЗЕННОЕ УЧРЕЖДЕНИЕ ""ИСПРАВИТЕЛЬНАЯ КОЛОНИЯ № 6 УПРАВЛЕНИЯ ФЕДЕРАЛЬНОЙ СЛУЖБЫ ИСПОЛНЕНИЯ НАКАЗАНИЙ ПО ОРЕНБУРГСКОЙ ОБЛАСТИ""";1
Чувашский НИИСХ-филиал ФГБНУ ФАНЦ Северо-Востока;1
"ГОСУДАРСТВЕННОЕ БЮДЖЕТНОЕ УЧРЕЖДЕНИЕ СОЦИАЛЬНОГО ОБСЛУЖИВАНИЯ ""ПЕТРОВСКИЙ ЦЕНТР СОЦИАЛЬНОГО ОБСЛУЖИВАНИЯ НАСЕЛЕНИЯ""";1
"ФГБОУ ВО ""ВОЛГОГРАДСКИЙ ГОСУДАРСТВЕННЫЙ ТЕХНИЧЕСКИЙ УНИВЕРСИТЕТ"", ВОЛГОГРАДСКИЙ ГОСУДАРСТВЕННЫЙ ТЕХНИЧЕСКИЙ УНИВЕРСИТЕТ, ВОЛГГТУ";1
"ФЕДЕРАЛЬНОЕ БЮДЖЕТНОЕ УЧРЕЖДЕНИЕ ЦЕНТР РЕАБИЛИТАЦИИ ФОНДА СОЦИАЛЬНОГО СТРАХОВАНИЯ РОССИЙСКОЙ ФЕДЕРАЦИИ ""ВЯТСКИЕ УВАЛЫ""";1
ТЕРРИТОРИАЛЬНЫЙ ОРГАН ФЕДЕРАЛЬНОЙ СЛУЖБЫ ГОСУДАРСТВЕННОЙ СТАТИСТИКИ ПО БРЯНСКОЙ ОБЛАСТИ;1
УПРАВЛЕНИЕ ЖИЛИЩНО-КОММУНАЛЬНОГО ХОЗЯЙСТВА И ГРАДОСТРОИТЕЛЬСТВА АДМИНИСТРАЦИИ ОМСУКЧАНСКОГО ГОРОДСКОГО ОКРУГА;1
"ГОСУДАРСТВЕННОЕ БЮДЖЕТНОЕ ПРОФЕССИОНАЛЬНОЕ ОБРАЗОВАТЕЛЬНОЕ УЧРЕЖДЕНИЕ СВЕРДЛОВСКОЙ ОБЛАСТИ ""УРАЛЬСКИЙ ТЕХНИКУМ АВТОМОБИЛЬНОГО ТРАНСПОРТА И СЕРВИСА""";1
АДМИНИСТРАЦИЯ БОГУЧАНСКОГО РАЙОНА;1
АГЕНТСТВО ПО РЕГУЛИРОВАНИЮ КОНТРАКТНОЙ СИСТЕМЫ В СФЕРЕ ЗАКУПОК АСТРАХАНСКОЙ ОБЛАСТИ;1
"ФЕДЕРАЛЬНОЕ ГОСУДАРСТВЕННОЕ БЮДЖЕТНОЕ УЧРЕЖДЕНИЕ ЗДРАВООХРАНЕНИЯ ""КЛИНИЧЕСКАЯ БОЛЬНИЦА № 8 ФЕДЕРАЛЬНОГО МЕДИКО-БИОЛОГИЧЕСКОГО АГЕНТСТВА""";1
"ФЕДЕРАЛЬНОЕ КАЗЕННОЕ УЧРЕЖДЕНИЕ ЗДРАВООХРАНЕНИЯ ""МЕДИКО-САНИТАРНАЯ ЧАСТЬ № 10 ФЕДЕРАЛЬНОЙ СЛУЖБЫ ИСПОЛНЕНИЯ НАКАЗАНИЙ""";1
"МУП ""ТЕПЛОЭНЕРГО""";1
"ФЕДЕРАЛЬНОЕ ГОСУДАРСТВЕННОЕ КАЗЕННОЕ УЧРЕЖДЕНИЕ КОМБИНАТ ""ОНЕГА"" УПРАВЛЕНИЯ ФЕДЕРАЛЬНОГО АГЕНТСТВА ПО ГОСУДАРСТВЕННЫМ РЕЗЕРВАМ ПО СЕВЕРО-ЗАПАДНОМУ ФЕДЕРАЛЬНОМУ";1
"ФЕДЕРАЛЬНОЕ КАЗЕННОЕ УЧРЕЖДЕНИЕ ЗДРАВООХРАНЕНИЯ ""МЕДИКО-САНИТАРНАЯ ЧАСТЬ МИНИСТЕРСТВА ВНУТРЕННИХ ДЕЛ РОССИЙСКОЙ ФЕДЕРАЦИИ ПО СТАВРОПОЛЬСКОМУ КРАЮ""";1
"ФЕДЕРАЛЬНОЕ ГОСУДАРСТВЕННОЕ КАЗЕННОЕ УЧРЕЖДЕНИЕ ""10 ОТРЯД ФЕДЕРАЛЬНОЙ ПРОТИВОПОЖАРНОЙ СЛУЖБЫ ПО ПЕРМСКОМУ КРАЮ""";1
"ФЕДЕРАЛЬНОЕ КАЗЕННОЕ УЧРЕЖДЕНИЕ ""ИСПРАВИТЕЛЬНАЯ КОЛОНИЯ № 41 ГЛАВНОГО УПРАВЛЕНИЯ ФЕДЕРАЛЬНОЙ СЛУЖБЫ ИСПОЛНЕНИЯ НАКАЗАНИЙ ПО КЕМЕРОВСКОЙ ОБЛАСТИ""";1
"АКЦИОНЕРНОЕ ОБЩЕСТВО ""КОНСТРУКТОРСКОЕ БЮРО        МАШИНОСТРОЕНИЯ""";1
"КАСПИЙСКИЙ ИНСТИТУТ МОРСКОГО И РЕЧНОГО ТРАНСПОРТА ФИЛИАЛ ФЕДЕРАЛЬНОГО ГОСУДАРСТВЕННОГО БЮДЖЕТНОГО ОБРАЗОВАТЕЛЬНОГО УЧРЕЖДЕНИЯ ВЫСШЕГО ОБРАЗОВАНИЯ ""ВОЛЖСКИЙ ГОСУ";1
"ФЕДЕРАЛЬНОЕ КАЗЁННОЕ УЧРЕЖДЕНИЕ ЗДРАВООХРАНЕНИЯ ""АЛТАЙСКАЯ ПРОТИВОЧУМНАЯ СТАНЦИЯ"" ФЕДЕРАЛЬНОЙ СЛУЖБЫ ПО НАДЗОРУ В СФЕРЕ ЗАЩИТЫ ПРАВ ПОТРЕБИТЕЛЕЙ И БЛАГОПОЛУЧИЯ";1
"ФЕДЕРАЛЬНОЕ ГОСУДАРСТВЕННОЕ КАЗЕННОЕ УЧРЕЖДЕНИЕ ""71 ОТРЯД ФЕДЕРАЛЬНОЙ ПРОТИВОПОЖАРНОЙ СЛУЖБЫ ПО СВЕРДЛОВСКОЙ ОБЛАСТИ""";1
"САНКТ-ПЕТЕРБУРГСКОЕ ГОСУДАРСТВЕННОЕ БЮДЖЕТНОЕ УЧРЕЖДЕНИЕ ЗДРАВООХРАНЕНИЯ ""ДЕТСКАЯ ГОРОДСКАЯ БОЛЬНИЦА №17 СВЯТИТЕЛЯ НИКОЛАЯ ЧУДОТВОРЦА""";1
"ГОСУДАРСТВЕННОЕ БЮДЖЕТНОЕ УЧРЕЖДЕНИЕ ЗДРАВООХРАНЕНИЯ СВЕРДЛОВСКОЙ ОБЛАСТИ ""ПОЛЕВСКАЯ ЦЕНТРАЛЬНАЯ ГОРОДСКАЯ БОЛЬНИЦА""";1
"МУНИЦИПАЛЬНОЕ УНИТАРНОЕ ПРЕДПРИЯТИЕ СЕЛА КРАСНЫЙ ЯР КРАСНОЯРСКОГО РАЙОНА АСТРАХАНСКОЙ ОБЛАСТИ ""АВАНГАРДЪ""";1
"ФЕДЕРАЛЬНОЕ КАЗЕННОЕ УЧРЕЖДЕНИЕ ""ИСПРАВИТЕЛЬНАЯ КОЛОНИЯ № 6 ГЛАВНОГО УПРАВЛЕНИЯ ФЕДЕРАЛЬНОЙ СЛУЖБЫ ИСПОЛНЕНИЯ НАКАЗАНИЙ ПО ПРИМОРСКОМУ КРАЮ""";1
"ФЕДЕРАЛЬНОЕ ГОСУДАРСТВЕННОЕ БЮДЖЕТНОЕ УЧРЕЖДЕНИЕ ""ФЕДЕРАЛЬНЫЙ МЕДИЦИНСКИЙ ЦЕНТР"" ФЕДЕРАЛЬНОГО АГЕНТСТВА ПО УПРАВЛЕНИЮ ГОСУДАРСТВЕННЫМ ИМУЩЕСТВОМ";1
ИБМХ;1
"АКЦИОНЕРНОЕ ОБЩЕСТВО ""КОРПОРАЦИЯ КОСМИЧЕСКИХ СИСТЕМ СПЕЦИАЛЬНОГО НАЗНАЧЕНИЯ ""КОМЕТА""";1
"ФКУ ""ОФПС ГПС ПО ЧЕЛЯБИНСКОЙ ОБЛАСТИ (ДОГОВОРНОЙ)""";1
"АО ""ТРАНСНЕФТЬ - ЦЕНТРАЛЬНАЯ СИБИРЬ""";1
"ФЕДЕРАЛЬНОЕ ГОСУДАРСТВЕННОЕ БЮДЖЕТНОЕ УЧРЕЖДЕНИЕ ""ИНФОРМАЦИОННО-АНАЛИТИЧЕСКИЙ ЦЕНТР ПО ВОДОПОЛЬЗОВАНИЮ И МОНИТОРИНГУ АЗОВСКОГО МОРЯ""";1
"ФЕДЕРАЛЬНОЕ ГОСУДАРСТВЕННОЕ БЮДЖЕТНОЕ ОБРАЗОВАТЕЛЬНОЕ УЧРЕЖДЕНИЕ ВЫСШЕГО ОБРАЗОВАНИЯ ""ВОЛЖСКИЙ ГОСУДАРСТВЕННЫЙ УНИВЕРСИТЕТ ВОДНОГО ТРАНСПОРТА""";1
"ГБУ РМЭ ""РСПК""";1
"ФЕДЕРАЛЬНОЕ ГОСУДАРСТВЕННОЕ БЮДЖЕТНОЕ УЧРЕЖДЕНИЕ ""9 ОТРЯД ФЕДЕРАЛЬНОЙ ПРОТИВОПОЖАРНОЙ СЛУЖБЫ ГОСУДАРСТВЕННОЙ ПРОТИВОПОЖАРНОЙ СЛУЖБЫ ПО СТАВРОПОЛЬСКОМУ КРАЮ (ДОГ";1
"АКЦИОНЕРНОЕ ОБЩЕСТВО ""КОНЦЕРН ""МОРИНФОРМСИСТЕМА - АГАТ""";1
"ФЕДЕРАЛЬНОЕ КАЗЕННОЕ УЧРЕЖДЕНИЕ ""ОБЪЕДИНЕНИЕ ИСПРАВИТЕЛЬНЫХ КОЛОНИЙ № 8 ГЛАВНОГО УПРАВЛЕНИЯ ФЕДЕРАЛЬНОЙ СЛУЖБЫ ИСПОЛНЕНИЯ НАКАЗАНИЙ ПО ИРКУТСКОЙ ОБЛАСТИ""";1
"ФЕДЕРАЛЬНОЕ ГОСУДАРСТВЕННОЕ БЮДЖЕТНОЕ ОБРАЗОВАТЕЛЬНОЕ УЧРЕЖДЕНИЕ ВЫСШЕГО ОБРАЗОВАНИЯ ""СИБИРСКИЙ ГОСУДАРСТВЕННЫЙ УНИВЕРСИТЕТ ГЕОСИСТЕМ И ТЕХНОЛОГИЙ""";1
"ГОСУДАРСТВЕННОЕ БЮДЖЕТНОЕ УЧРЕЖДЕНИЕ ЗДРАВООХРАНЕНИЯ ПЕРМСКОГО КРАЯ ""ГОРОДСКАЯ ДЕТСКАЯ БОЛЬНИЦА"" Г. СОЛИКАМСК";1
"ФЕДЕРАЛЬНОЕ ГОСУДАРСТВЕННОЕ КАЗЕННОЕ УЧРЕЖДЕНИЕ ""СПЕЦИАЛЬНОЕ УПРАВЛЕНИЕ ФЕДЕРАЛЬНОЙ ПРОТИВОПОЖАРНОЙ СЛУЖБЫ № 30 МИНИСТЕРСТВА РОССИЙСКОЙ ФЕДЕРАЦИИ ПО ДЕЛАМ ГРАЖД";1
"ФБУ ""ПЕРМСКИЙ ЦСМ""";1
"МУНИЦИПАЛЬНОЕ КАЗЕННОЕ УЧРЕЖДЕНИЕ РАБОЧЕГО ПОСЕЛКА КРАСНООБСКА НОВОСИБИРСКОГО РАЙОНА НОВОСИБИРСКОЙ ОБЛАСТИ ""РЕСУРСНО-АДМИНИСТРАТИВНАЯ СЛУЖБА""";1
"ФЕДЕРАЛЬНОЕ КАЗЕННОЕ УЧРЕЖДЕНИЕ ""КОЛОНИЯ-ПОСЕЛЕНИЕ № 3 УПРАВЛЕНИЯ ФЕДЕРАЛЬНОЙ СЛУЖБЫ ИСПОЛНЕНИЯ НАКАЗАНИЙ ПО БРЯНСКОЙ ОБЛАСТИ""";1
УПРАВЛЕНИЕ ФЕДЕРАЛЬНОЙ НАЛОГОВОЙ СЛУЖБЫ ПО ВОЛГОГРАДСКОЙ ОБЛАСТИ;1
"ГОСУДАРСТВЕННОЕ БЮДЖЕТНОЕ УЧРЕЖДЕНИЕ ЗДРАВООХРАНЕНИЯ РЕСПУБЛИКИ КОМИ ""РЕСПУБЛИКАНСКИЙ ПРОТИВОТУБЕРКУЛЕЗНЫЙ ДИСПАНСЕР""";1
"КРЫМСКИЙ ПОИСКОВО-СПАСАТЕЛЬНЫЙ ОТРЯД МЧС РОССИИ (ФИЛИАЛ ФЕДЕРАЛЬНОГО ГОСУДАРСТВЕННОГО БЮДЖЕТНОГО УЧРЕЖДЕНИЯ ""ЮЖНЫЙ РЕГИОНАЛЬНЫЙ ПОИСКОВО-СПАСАТЕЛЬНЫЙ ОТРЯД МЧС";1
АДМИНИСТРАЦИЯ НЕВЬЯНСКОГО ГОРОДСКОГО ОКРУГА;1
"ООО ""УЮТ""";1
"ФЕДЕРАЛЬНОЕ ГОСУДАРСТВЕННОЕ КАЗЕННОЕ УЧРЕЖДЕНИЕ ""10 ОТРЯД ФЕДЕРАЛЬНОЙ ПРОТИВОПОЖАРНОЙ СЛУЖБЫ ПО САРАТОВСКОЙ ОБЛАСТИ""";1
"ФЕДЕРАЛЬНОЕ ГОСУДАРСТВЕННОЕ КАЗЕННОЕ УЧРЕЖДЕНИЕ ""СПЕЦИАЛЬНОЕ УПРАВЛЕНИЕ ФЕДЕРАЛЬНОЙ ПРОТИВОПОЖАРНОЙ СЛУЖБЫ № 5 МИНИСТЕРСТВА РОССИЙСКОЙ ФЕДЕРАЦИИ ПО ДЕЛАМ ГРАЖДА";1
"ФЕДЕРАЛЬНОЕ ГОСУДАРСТВЕННОЕ КАЗЕННОЕ УЧРЕЖДЕНИЕ ""10 ОТРЯД ФЕДЕРАЛЬНОЙ ПРОТИВОПОЖАРНОЙ СЛУЖБЫ ПО КРАСНОДАРСКОМУ КРАЮ""";1
ФГБУ   НЦБРП;1
ГОСУДАРСТВЕННОЕ БЮДЖЕТНОЕ ОБЩЕОБРАЗОВАТЕЛЬНОЕ УЧРЕЖДЕНИЕ СРЕДНЯЯ ОБЩЕОБРАЗОВАТЕЛЬНАЯ ШКОЛА № 535 КАЛИНИНСКОГО РАЙОНА САНКТ-ПЕТЕРБУРГА;1
"МУНИЦИПАЛЬНОЕ БЮДЖЕТНОЕ УЧРЕЖДЕНИЕ ЗДРАВООХРАНЕНИЯ ""ДЕТСКАЯ ГОРОДСКАЯ БОЛЬНИЦА""";1
"ФЕДЕРАЛЬНОЕ КАЗЕННОЕ УЧРЕЖДЕНИЕ ""ИСПРАВИТЕЛЬНАЯ КОЛОНИЯ № 10 ГЛАВНОГО УПРАВЛЕНИЯ ФЕДЕРАЛЬНОЙ СЛУЖБЫ ИСПОЛНЕНИЯ НАКАЗАНИЙ ПО СВЕРДЛОВСКОЙ ОБЛАСТИ""";1
"ОБЛАСТНОЕ БЮДЖЕТНОЕ УЧРЕЖДЕНИЕ ""ЭКСПЛУАТАЦИЯ ОБЛАСТНОЙ СОБСТВЕННОСТИ""";1
"САНКТ-ПЕТЕРБУРГСКОЕ ГОСУДАРСТВЕННОЕ БЮДЖЕТНОЕ СТАЦИОНАРНОЕ УЧРЕЖДЕНИЕ СОЦИАЛЬНОГО ОБСЛУЖИВАНИЯ ""ПСИХОНЕВРОЛОГИЧЕСКИЙ ИНТЕРНАТ №1""";1
"ГОСУДАРСТВЕННОЕ БЮДЖЕТНОЕ ОБЩЕОБРАЗОВАТЕЛЬНОЕ УЧРЕЖДЕНИЕ ШКОЛА-ИНТЕРНАТ №357 С УГЛУБЛЁННЫМ ИЗУЧЕНИЕМ ФИЗИЧЕСКОЙ КУЛЬТУРЫ ПРИМОРСКОГО РАЙОНА САНКТ-ПЕТЕРБУРГА ""ОЛ";1
"СПб ГБУЗ ""Стоматологическая поликлиника № 31""";1
АДМИНИСТРАЦИЯ ВАГАЙСКОГО МУНИЦИПАЛЬНОГО РАЙОНА;1
"МАУ ""СШ ИМЕНИ АЛЕКСАНДРА КОЗИЦЫНА""";1
"ГОСУДАРСТВЕННОЕ КАЗЕННОЕ УЧРЕЖДЕНИЕ АСТРАХАНСКОЙ ОБЛАСТИ ""СЛУЖБА ЕДИНОГО ЗАКАЗЧИКА В СФЕРЕ ОБРАЗОВАНИЯ""";1
"ГОСУДАРСТВЕННОЕ БЮДЖЕТНОЕ УЧРЕЖДЕНИЕ ЗДРАВООХРАНЕНИЯ РЕСПУБЛИКИ КАРЕЛИЯ ""КАЛЕВАЛЬСКАЯ ЦЕНТРАЛЬНАЯ РАЙОННАЯ БОЛЬНИЦА""";1
"МУНИЦИПАЛЬНОЕ КАЗЕННОЕ УЧРЕЖДЕНИЕ ""ЦЕНТР ПРОВЕДЕНИЯ ТОРГОВ""";1
УПРАВЛЕНИЕ ФЕДЕРАЛЬНОЙ СЛУЖБЫ ВОЙСК НАЦИОНАЛЬНОЙ ГВАРДИИ РОССИЙСКОЙ ФЕДЕРАЦИИ ПО ТВЕРСКОЙ ОБЛАСТИ;1
"ГОСУДАРСТВЕННОЕ АВТОНОМНОЕ УЧРЕЖДЕНИЕ ЗДРАВООХРАНЕНИЯ КАЛУЖСКОЙ ОБЛАСТИ ""КАЛУЖСКАЯ ОБЛАСТНАЯ СТОМАТОЛОГИЧЕСКАЯ ПОЛИКЛИНИКА""";1
АДМИНИСТРАЦИЯ БАЛАКОВСКОГО МУНИЦИПАЛЬНОГО РАЙОНА САРАТОВСКОЙ ОБЛАСТИ;1
"ФЕДЕРАЛЬНОЕ ГОСУДАРСТВЕННОЕ БЮДЖЕТНОЕ УЧРЕЖДЕНИЕ ""УПРАВЛЕНИЕ ЭКСПЛУАТАЦИИ БЕЛГОРОДСКОГО ВОДОХРАНИЛИЩА""";1
"ГОСУДАРСТВЕННОЕ УЧРЕЖДЕНИЕ ЗДРАВООХРАНЕНИЯ САРАТОВСКОЙ ОБЛАСТИ ""КАЛИНИНСКАЯ РАЙОННАЯ БОЛЬНИЦА""";1
"ФЕДЕРАЛЬНОЕ ГОСУДАРСТВЕННОЕ БЮДЖЕТНОЕ УЧРЕЖДЕНИЕ ""4 ОТРЯД ФЕДЕРАЛЬНОЙ ПРОТИВОПОЖАРНОЙ СЛУЖБЫ ГОСУДАРСТВЕННОЙ ПРОТИВОПОЖАРНОЙ СЛУЖБЫ ПО ТЮМЕНСКОЙ ОБЛАСТИ (ДОГОВО";1
"МКУ города Рязани ""МЦТ""";1
"Филиал ""Астраханский СРЗ"" АО ""ЦС ""ЗВЕЗДОЧКА""";1
"ФЕДЕРАЛЬНОЕ КАЗЕННОЕ УЧРЕЖДЕНИЕ ""КОЛОНИЯ-ПОСЕЛЕНИЕ № 4 УПРАВЛЕНИЯ ФЕДЕРАЛЬНОЙ СЛУЖБЫ ИСПОЛНЕНИЯ НАКАЗАНИЙ ПО ЕВРЕЙСКОЙ АВТОНОМНОЙ ОБЛАСТИ""";1
"ГОСУДАРСТВЕННОЕ БЮДЖЕТНОЕ УЧРЕЖДЕНИЕ ЗДРАВООХРАНЕНИЯ  СВЕРДЛОВСКОЙ ОБЛАСТИ ""ИВДЕЛЬСКАЯ ЦЕНТРАЛЬНАЯ РАЙОННАЯ БОЛЬНИЦА""";1
"ГОСУДАРСТВЕННОЕ БЮДЖЕТНОЕ УЧРЕЖДЕНИЕ ЗДРАВООХРАНЕНИЯ РЕСПУБЛИКИ КРЫМ ""СОВЕТСКАЯ РАЙОННАЯ БОЛЬНИЦА""";1
"ГОСУДАРСТВЕННОЕ БЮДЖЕТНОЕ УЧРЕЖДЕНИЕ ЗДРАВООХРАНЕНИЯ ПЕРМСКОГО КРАЯ ""КАРАГАЙСКАЯ ЦЕНТРАЛЬНАЯ РАЙОННАЯ БОЛЬНИЦА""";1
"ДЕПАРТАМЕНТ ФИНАНСОВ АДМИНИСТРАЦИИ МУНИЦИПАЛЬНОГО ОБРАЗОВАНИЯ ГОРОДСКОГО ОКРУГА ""СЫКТЫВКАР""";1
"ФГУП ""УНИИМ""";1
"ФГБУ ""Санаторий РОП РФ ""Электроника""";1
"НИЖЕГОРОДСКИЙ РАЙОН ВОДНЫХ ПУТЕЙ И СУДОХОДСТВА - ФИЛИАЛ ФЕДЕРАЛЬНОГО БЮДЖЕТНОГО УЧРЕЖДЕНИЯ ""АДМИНИСТРАЦИЯ ВОЛЖСКОГО БАССЕЙНА ВНУТРЕННИХ ВОДНЫХ ПУТЕЙ""";1
ОТДЕЛ ПО ФИНАНСАМ АДМИНИСТРАЦИИ БОРИСОГЛЕБСКОГО ГОРОДСКОГО ОКРУГА ВОРОНЕЖСКОЙ ОБЛАСТИ;1
"ГОСУДАРСТВЕННОЕ УЧРЕЖДЕНИЕ ЗДРАВООХРАНЕНИЯ ""ОБЛАСТНАЯ СТОМАТОЛОГИЧЕСКАЯ ПОЛИКЛИНИКА-СТОМАТОЛОГИЧЕСКИЙ ЦЕНТР""";1
УПРАВЛЕНИЕ КАПИТАЛЬНОГО СТРОИТЕЛЬСТВА СЛУЖБЫ ИНЖЕНЕРНО-ТЕХНИЧЕСКОГО ОБЕСПЕЧЕНИЯ ФЕДЕРАЛЬНОЙ СЛУЖБЫ ОХРАНЫ РОССИЙСКОЙ ФЕДЕРАЦИИ;1
"ГОСУДАРСТВЕННОЕ БЮДЖЕТНОЕ УЧРЕЖДЕНИЕ ""ЦЕЛИННАЯ ЦЕНТРАЛЬНАЯ РАЙОННАЯ БОЛЬНИЦА""";1
АДМИНИСТРАЦИЯ ФИРОВСКОГО РАЙОНА ТВЕРСКОЙ ОБЛАСТИ;1
МУП ГЖКУ;1
"ФЕДЕРАЛЬНОЕ БЮДЖЕТНОЕ ЛЕЧЕБНО-ПРОФИЛАКТИЧЕСКОЕ УЧРЕЖДЕНИЕ ""САНАТОРИЙ ""РАДУГА""  ФЕДЕРАЛЬНОЙ НАЛОГОВОЙ СЛУЖБЫ""";1
"САНКТ-ПЕТЕРБУРГСКОЕ ГОСУДАРСТВЕННОЕ БЮДЖЕТНОЕ УЧРЕЖДЕНИЕ ЗДРАВООХРАНЕНИЯ ""ГОРОДСКАЯ ПОЛИКЛИНИКА № 38""";1
"САНКТ-ПЕТЕРБУРГСКОЕ ГОСУДАРСТВЕННОЕ БЮДЖЕТНОЕ УЧРЕЖДЕНИЕ ""ДЕТСКИЙ ОЗДОРОВИТЕЛЬНЫЙ КОМПЛЕКС ""ДРУЖНЫХ""";1
"ОАО ""КОЛОМЯЖСКОЕ""";1
"САНКТ-ПЕТЕРБУРГСКОЕ ГОСУДАРСТВЕННОЕ БЮДЖЕТНОЕ ПРОФЕССИОНАЛЬНОЕ ОБРАЗОВАТЕЛЬНОЕ УЧРЕЖДЕНИЕ ""МНОГОФУНКЦИОНАЛЬНЫЙ РЕГИОНАЛЬНЫЙ ЦЕНТР ПРИКЛАДНЫХ КВАЛИФИКАЦИЙ ""ТЕХНИ";1
"АО ""УНЕЧСКИЙ ВОДОКАНАЛ""";1
"ГОСУДАРСТВЕННОЕ КАЗЕННОЕ УЧРЕЖДЕНИЕ СВЕРДЛОВСКОЙ ОБЛАСТИ ""АВТОХОЗЯЙСТВО ПРАВИТЕЛЬСТВА СВЕРДЛОВСКОЙ ОБЛАСТИ""";1
"ФЕДЕРАЛЬНОЕ ГОСУДАРСТВЕННОЕ КАЗЕННОЕ УЧРЕЖДЕНИЕ КОМБИНАТ ""СЕВЕРНЫЙ"" УПРАВЛЕНИЯ ФЕДЕРАЛЬНОГО АГЕНТСТВА ПО ГОСУДАРСТВЕННЫМ РЕЗЕРВАМ ПО ПРИВОЛЖСКОМУ ФЕДЕРАЛЬНОМУ О";1
ИПСМ РАН;1
"САНКТ-ПЕТЕРБУРГСКОЕ ГОСУДАРСТВЕННОЕ БЮДЖЕТНОЕ УЧРЕЖДЕНИЕ ЗДРАВООХРАНЕНИЯ ""ПУШКИНСКИЙ ПРОТИВОТУБЕРКУЛЕЗНЫЙ ДИСПАНСЕР""";1
"ФГБУ ""ЛЕНИНГРАДСКАЯ МВЛ""";1
МУЭТ Г.УФЫ;1
"МУНИЦИПАЛЬНОЕ КАЗЕННОЕ УЧРЕЖДЕНИЕ ""ОРГАНИЗАЦИОННО-МЕТОДИЧЕСКИЙ ЦЕНТР БАЛАКОВСКОГО МУНИЦИПАЛЬНОГО РАЙОНА САРАТОВСКОЙ ОБЛАСТИ""";1
"САНКТ-ПЕТЕРБУРГСКОЕ ГОСУДАРСТВЕННОЕ БЮДЖЕТНОЕ СТАЦИОНАРНОЕ УЧРЕЖДЕНИЕ СОЦИАЛЬНОГО ОБСЛУЖИВАНИЯ ""ПСИХОНЕВРОЛОГИЧЕСКИЙ ИНТЕРНАТ № 9""";1
"ФЕДЕРАЛЬНОЕ КАЗЕННОЕ УЧРЕЖДЕНИЕ ""ИСПРАВИТЕЛЬНАЯ КОЛОНИЯ № 2 УПРАВЛЕНИЯ ФЕДЕРАЛЬНОЙ СЛУЖБЫ ИСПОЛНЕНИЯ НАКАЗАНИЙ ПО ТУЛЬСКОЙ ОБЛАСТИ""";1
"ООО ""БАШГИПРОНЕФТЕХИМ""";1
САХАЛИНО-КУРИЛЬСКОЕ ТЕРРИТОРИАЛЬНОЕ УПРАВЛЕНИЕ ФЕДЕРАЛЬНОГО АГЕНТСТВА ПО РЫБОЛОВСТВУ;1
"ФЕДЕРАЛЬНОЕ КАЗЕННОЕ УЧРЕЖДЕНИЕ ""БАЗА МАТЕРИАЛЬНО-ТЕХНИЧЕСКОГО И ВОЕННОГО СНАБЖЕНИЯ ГЛАВНОГО УПРАВЛЕНИЯ ФЕДЕРАЛЬНОЙ СЛУЖБЫ ИСПОЛНЕНИЯ НАКАЗАНИЙ ПО ИРКУТСКОЙ ОБЛ";1
"ГОСУДАРСТВЕННОЕ БЮДЖЕТНОЕ УЧРЕЖДЕНИЕ ЗДРАВООХРАНЕНИЯ КАМЧАТСКОГО КРАЯ ""ЕЛИЗОВСКАЯ СТАНЦИЯ СКОРОЙ МЕДИЦИНСКОЙ ПОМОЩИ""";1
"МУНИЦИПАЛЬНОЕ БЮДЖЕТНОЕ УЧРЕЖДЕНИЕ ""ЦЕНТР СОЦИАЛЬНОГО ОБСЛУЖИВАНИЯ НАСЕЛЕНИЯ ОКТЯБРЬСКОГО РАЙОНА ГОРОДА РОСТОВА-НА-ДОНУ""";1
"ФЕДЕРАЛЬНОЕ ГОСУДАРСТВЕННОЕ БЮДЖЕТНОЕ ОБРАЗОВАТЕЛЬНОЕ УЧРЕЖДЕНИЕ ВЫСШЕГО ОБРАЗОВАНИЯ ""ИЖЕВСКАЯ ГОСУДАРСТВЕННАЯ МЕДИЦИНСКАЯ АКАДЕМИЯ"" МИНИСТЕРСТВА ЗДРАВООХРАНЕНИ";1
"МУНИЦИПАЛЬНОЕ КАЗЕННОЕ УЧРЕЖДЕНИЕ ""УПРАВЛЕНИЕ ГОРОДСКИМ ХОЗЯЙСТВОМ"" ГОРОДА КИРЖАЧ КИРЖАЧСКОГО РАЙОНА ВЛАДИМИРСКОЙ ОБЛАСТИ";1
"МУП ЛМР ""ЛУЖСКИЙ ВОДОКАНАЛ""";1
"ГОСУДАРСТВЕННОЕ БЮДЖЕТНОЕ УЧРЕЖДЕНИЕ ЗДРАВООХРАНЕНИЯ ПЕРМСКОГО КРАЯ ""СТОМАТОЛОГИЧЕСКАЯ ПОЛИКЛИНИКА ЛЫСЬВЕНСКОГО ГОРОДСКОГО ОКРУГА""";1
"ГОСУДАРСТВЕННОЕ БЮДЖЕТНОЕ УЧРЕЖДЕНИЕ ЗДРАВООХРАНЕНИЯ СВЕРДЛОВСКОЙ ОБЛАСТИ ""КАРПИНСКАЯ ЦЕНТРАЛЬНАЯ ГОРОДСКАЯ БОЛЬНИЦА""";1
АДМИНИСТРАЦИЯ КОЛПИНСКОГО РАЙОНА САНКТ-ПЕТЕРБУРГА;1
АКАДЕМИЯ ГПС МЧС РОССИИ;1
"ГОСУДАРСТВЕННОЕ КАЗЕННОЕ УЧРЕЖДЕНИЕ ЗДРАВООХРАНЕНИЯ ОСОБОГО ТИПА ПЕРМСКОГО КРАЯ  ""ПЕРМСКОЕ КРАЕВОЕ БЮРО  СУДЕБНО-МЕДИЦИНСКОЙ ЭКСПЕРТИЗЫ""";1
"ГОСУДАРСТВЕННОЕ БЮДЖЕТНОЕ УЧРЕЖДЕНИЕ РЕСПУБЛИКИ КРЫМ ""МНОГОФУНКЦИОНАЛЬНЫЙ ЦЕНТР ПРЕДОСТАВЛЕНИЯ ГОСУДАРСТВЕННЫХ И МУНИЦИПАЛЬНЫХ УСЛУГ""";1
"ГОСУДАРСТВЕННОЕ УЧРЕЖДЕНИЕ ЗДРАВООХРАНЕНИЯ САРАТОВСКОЙ ОБЛАСТИ ""ПУГАЧЕВСКАЯ РАЙОННАЯ БОЛЬНИЦА""";1
ИГХ СО РАН;1
ФГБОУ ВО ВГМУ ИМ. Н. Н. БУРДЕНКО МИНЗДРАВА РОССИИ;1
МИНЕРАЛОВОДСКАЯ ТАМОЖНЯ;1
"ГОСУДАРСТВЕННОЕ БЮДЖЕТНОЕ УЧРЕЖДЕНИЕ ЗДРАВООХРАНЕНИЯ ""САНКТ-ПЕТЕРБУРГСКИЙ КЛИНИЧЕСКИЙ НАУЧНО-ПРАКТИЧЕСКИЙ ЦЕНТР СПЕЦИАЛИЗИРОВАННЫХ ВИДОВ МЕДИЦИНСКОЙ ПОМОЩИ (ОНК";1
"ФЕДЕРАЛЬНОЕ КАЗЕННОЕ УЧРЕЖДЕНИЕ ""ИСПРАВИТЕЛЬНАЯ КОЛОНИЯ № 7 УПРАВЛЕНИЯ ФЕДЕРАЛЬНОЙ СЛУЖБЫ ИСПОЛНЕНИЯ НАКАЗАНИЙ ПО КАЛУЖСКОЙ ОБЛАСТИ""";1
"ФЕДЕРАЛЬНОЕ КАЗЕННОЕ УЧРЕЖДЕНИЕ ""БАЗА МАТЕРИАЛЬНО-ТЕХНИЧЕСКОГО И ВОЕННОГО СНАБЖЕНИЯ УПРАВЛЕНИЯ ФЕДЕРАЛЬНОЙ СЛУЖБЫ ИСПОЛНЕНИЯ НАКАЗАНИЙ ПО КИРОВСКОЙ ОБЛАСТИ""";1
"ПУБЛИЧНОЕ АКЦИОНЕРНОЕ ОБЩЕСТВО ТУРАЕВСКОЕ МАШИНОСТРОИТЕЛЬНОЕ КОНСТРУКТОРСКОЕ БЮРО ""СОЮЗ""";1
ОАО НГЭС;1
"БАЗА НАУЧНО-ИССЛЕДОВАТЕЛЬСКОГО ФЛОТА ФГБНУ ""ТИНРО-ЦЕНТР"" (БИФ ТИНРО-ЦЕНТРА)";1
АО «Транснефть - Подводсервис»;1
ИПНГ РАН;1
КРАСНОКУТСКОЕ ЛЁТНОЕ УЧИЛИЩЕ ГРАЖДАНСКОЙ АВИАЦИИ ИМЕНИ ЗАСЛУЖЕННОГО ПИЛОТА СССР ВАСИНА И.Ф. - ФИЛИАЛ ФЕДЕРАЛЬНОГО ГОСУДАРСТВЕННОГО БЮДЖЕТНОГО ОБРАЗОВАТЕЛЬНОГО У;1
"МУНИЦИПАЛЬНОЕ УНИТАРНОЕ ПРЕДПРИЯТИЕ ""ТОТЬМА-ВОДОКАНАЛ""";1
АДМИНИСТРАЦИЯ МУНИЦИПАЛЬНОГО ОБРАЗОВАНИЯ ГОРОД БОЛХОВ;1
"ГОСУДАРСТВЕННОЕ БЮДЖЕТНОЕ УЧРЕЖДЕНИЕ ЗДРАВООХРАНЕНИЯ СВЕРДЛОВСКОЙ ОБЛАСТИ ""ПРОТИВОТУБЕРКУЛЕЗНЫЙ ДИСПАНСЕР № 3""";1
"АДМИНИСТРАЦИЯ МУНИЦИПАЛЬНОГО ОБРАЗОВАНИЯ ГОРОДСКОЙ ОКРУГ ""ОХИНСКИЙ"" САХАЛИНСКОЙ ОБЛАСТИ РОССИЙСКОЙ ФЕДЕРАЦИИ";1
"ГОСУДАРСТВЕННОЕ БЮДЖЕТНОЕ УЧРЕЖДЕНИЕ ЗДРАВООХРАНЕНИЯ МОСКОВСКОЙ ОБЛАСТИ ""КУРОВСКАЯ ГОРОДСКАЯ БОЛЬНИЦА""";1
ООО «Транснефть-Охрана»;1
"МУНИЦИПАЛЬНОЕ УНИТАРНОЕ ПРЕДПРИЯТИЕ ""ТЕПЛОЭНЕРГОСЕРВИС Г. ИРКУТСКА""";1
"ГОСУДАРСТВЕННОЕ БЮДЖЕТНОЕ  УЧРЕЖДЕНИЕ ЗДРАВООХРАНЕНИЯ СВЕРДЛОВСКОЙ ОБЛАСТИ ""СЛОБОДО-ТУРИНСКАЯ РАЙОННАЯ БОЛЬНИЦА""";1
"ФЕДЕРАЛЬНОЕ КАЗЕННОЕ УЧРЕЖДЕНИЕ ""ГЛАВНОЕ БЮРО МЕДИКО-СОЦИАЛЬНОЙ ЭКСПЕРТИЗЫ ПО КОСТРОМСКОЙ ОБЛАСТИ"" МИНИСТЕРСТВА ТРУДА И СОЦИАЛЬНОЙ ЗАЩИТЫ РОССИЙСКОЙ ФЕДЕРАЦИИ";1
"ПЕТРОЗАВОДСКОЕ МУНИЦИПАЛЬНОЕ УНИТАРНОЕ ПРЕДПРИЯТИЕ ""ГОРОДСКОЙ ТРАНСПОРТ""";1
ДЕПАРТАМЕНТ ЭКОНОМИЧЕСКОГО РАЗВИТИЯ, ПРЕДПРИНИМАТЕЛЬСТВА И ТОРГОВЛИ АДМИНИСТРАЦИИ ГОРОДА КУРГАНА;1
"ФЕДЕРАЛЬНОЕ КАЗЕННОЕ ПРЕДПРИЯТИЕ ""САРАНСКИЙ МЕХАНИЧЕСКИЙ ЗАВОД""";1
ФЕДЕРАЛЬНОЕ ГОСУДАРСТВЕННОЕ БЮДЖЕТНОЕ УЧРЕЖДЕНИЕ НАУКИ ФЕДЕРАЛЬНЫЙ ИССЛЕДОВАТЕЛЬСКИЙ ЦЕНТР ПИТАНИЯ, БИОТЕХНОЛОГИИ И БЕЗОПАСНОСТИ ПИЩИ;1
ГОСУДАРСТВЕННОЕ БЮДЖЕТНОЕ ОБЩЕОБРАЗОВАТЕЛЬНОЕ УЧРЕЖДЕНИЕ ЛИЦЕЙ № 369 КРАСНОСЕЛЬСКОГО РАЙОНА САНКТ-ПЕТЕРБУРГА;1
КГБУЗ ДСП № 1;1
Фарвазов Разиф Анисович;1
САМАРСКИЙ УНИВЕРСИТЕТ;1
"ФГБВОУ ВО ""АКАДЕМИЯ ГРАЖДАНСКОЙ ЗАЩИТЫ МЧС РОССИИ""";1
"ОБЛАСТНОЕ ГОСУДАРСТВЕННОЕ БЮДЖЕТНОЕ УЧРЕЖДЕНИЕ ""ЦЕНТР РЕАБИЛИТАЦИИ ИНВАЛИДОВ И ПОЖИЛЫХ ЛЮДЕЙ ""СОСНОВЫЙ БОР""";1
УФПС АРХАНГЕЛЬСКОЙ ОБЛАСТИ;1
"ООО ""СГТС""";1
"ГОСУДАРСТВЕННОЕ УНИТАРНОЕ ПРЕДПРИЯТИЕ РЕСПУБЛИКИ КРЫМ ""КРЫМСКИЕ МОРСКИЕ ПОРТЫ""";1
"МУНИЦИПАЛЬНОЕ КАЗЕННОЕ УЧРЕЖДЕНИЕ ГОРОДА НОВОСИБИРСКА ""ХОЗЯЙСТВЕННОЕ УПРАВЛЕНИЕ""";1
"ЭЖВИНСКОЕ МУНИЦИПАЛЬНОЕ УНИТАРНОЕ ПРЕДПРИЯТИЕ ""ЖИЛКОМХОЗ""";1
"САНКТ-ПЕТЕРБУРГСКОЕ ГОСУДАРСТВЕННОЕ КАЗЕННОЕ УЧРЕЖДЕНИЕ ЗДРАВООХРАНЕНИЯ ""ПСИХОНЕВРОЛОГИЧЕСКИЙ ДОМ РЕБЕНКА №9""";1
"ЛЯНТОРСКОЕ ГОРОДСКОЕ МУНИЦИПАЛЬНОЕ УНИТАРНОЕ  ПРЕДПРИЯТИЕ ""УПРАВЛЕНИЕ ТЕПЛОВОДОСНАБЖЕНИЯ И ВОДООТВЕДЕНИЯ""";1
ПРИБАЙКАЛЬСКАЯ РАЙОННАЯ АДМИНИСТРАЦИЯ;1
"ФЕДЕРАЛЬНОЕ ГОСУДАРСТВЕННОЕ БЮДЖЕТНОЕ НАУЧНОЕ УЧРЕЖДЕНИЕ ""АЗОВСКИЙ НАУЧНО-ИССЛЕДОВАТЕЛЬСКИЙ ИНСТИТУТ РЫБНОГО ХОЗЯЙСТВА""";1
"ГОСУДАРСТВЕННОЕ БЮДЖЕТНОЕ  УЧРЕЖДЕНИЕ ЗДРАВООХРАНЕНИЯ СВЕРДЛОВСКОЙ ОБЛАСТИ ""СЫСЕРТСКАЯ ЦЕНТРАЛЬНАЯ РАЙОННАЯ БОЛЬНИЦА""";1
"ФЕДЕРАЛЬНОЕ ГОСУДАРСТВЕННОЕ БЮДЖЕТНОЕ НАУЧНОЕ УЧРЕЖДЕНИЕ ""ФЕДЕРАЛЬНЫЙ ИССЛЕДОВАТЕЛЬСКИЙ ЦЕНТР ИНСТИТУТ ЦИТОЛОГИИ И ГЕНЕТИКИ СИБИРСКОГО ОТДЕЛЕНИЯ  РОССИЙСКОЙ АКА";1
"МУНИЦИПАЛЬНОЕ УНИТАРНОЕ ПРЕДПРИЯТИЕ ТИХОРЕЦКОГО ГОРОДСКОГО ПОСЕЛЕНИЯ ТИХОРЕЦКОГО РАЙОНА ""ВОДОКАНАЛ""";1
"САНКТ-ПЕТЕРБУРГСКОЕ ГОСУДАРСТВЕННОЕ БЮДЖЕТНОЕ УЧРЕЖДЕНИЕ ЗДРАВООХРАНЕНИЯ ""ГОРОДСКАЯ ПОЛИКЛИНИКА № 64""";1
"ЕКАТЕРИНБУРГСКОЕ МУНИЦИПАЛЬНОЕ УНИТАРНОЕ ПРЕДПРИЯТИЕ ""МНОГОПРОФИЛЬНЫЕ ЭНЕРГЕТИЧЕСКИЕ СИСТЕМЫ""";1
"ООО ""Сегежская упаковка""";1
"АО ""Гипротрубопровод""";1
АДМИНИСТРАЦИЯ ГОРОДСКОГО ОКРУГА ГОРОД ШАРЬЯ КОСТРОМСКОЙ ОБЛАСТИ;1
ГАУЗ ТО 'Областной офтальмологический диспансер';1
ГОСУДАРСТВЕННОЕ БЮДЖЕТНОЕ УЧРЕЖДЕНИЕ СПОРТИВНАЯ ШКОЛА КРАСНОСЕЛЬСКОГО РАЙОНА САНКТ ПЕТЕРБУРГА;1
"ФЕДЕРАЛЬНОЕ КАЗЕННОЕ УЧРЕЖДЕНИЕ ""ЦЕНТР ИНЖЕНЕРНО-ТЕХНИЧЕСКОГО ОБЕСПЕЧЕНИЯ И ВООРУЖЕНИЯ ГЛАВНОГО УПРАВЛЕНИЯ ФЕДЕРАЛЬНОЙ СЛУЖБЫ ИСПОЛНЕНИЯ НАКАЗАНИЙ ПО КЕМЕРОВСКО";1
"ФЕДЕРАЛЬНОЕ ГОСУДАРСТВЕННОЕ БЮДЖЕТНОЕ НАУЧНОЕ УЧРЕЖДЕНИЕ ""ВСЕРОССИЙСКИЙ НАУЧНО-ИССЛЕДОВАТЕЛЬСКИЙ ИНСТИТУТ ПЛЕМЕННОГО ДЕЛА""";1
Анастасия Васильевна Горячева;1
"МУНИЦИПАЛЬНОЕ УНИТАРНОЕ ПРЕДПРИЯТИЕ ""ЖИЛИЩНО-КОММУНАЛЬНЫЙ СЕРВИС Г. ТРУБЧЕВСК""";1
"ФЕДЕРАЛЬНОЕ ГОСУДАРСТВЕННОЕ БЮДЖЕТНОЕ УЧРЕЖДЕНИЕ ЗДРАВООХРАНЕНИЯ ""МУРМАНСКИЙ МНОГОПРОФИЛЬНЫЙ ЦЕНТР ИМЕНИ Н.И. ПИРОГОВА ФЕДЕРАЛЬНОГО МЕДИКО-БИОЛОГИЧЕСКОГО АГЕНТС";1
"ГОСУДАРСТВЕННОЕ БЮДЖЕТНОЕ УЧРЕЖДЕНИЕ ЗДРАВООХРАНЕНИЯ РЕСПУБЛИКИ КОМИ ""ВОРКУТИНСКАЯ БОЛЬНИЦА СКОРОЙ МЕДИЦИНСКОЙ ПОМОЩИ""";1
"ФЕДЕРАЛЬНОЕ ГОСУДАРСТВЕННОЕ КАЗЕННОЕ УЧРЕЖДЕНИЕ ""2 ОТРЯД ФЕДЕРАЛЬНОЙ ПРОТИВОПОЖАРНОЙ СЛУЖБЫ ПО ГОРОДУ САНКТ-ПЕТЕРБУРГУ""";1
"МУНИЦИПАЛЬНОЕ КАЗЕННОЕ УЧРЕЖДЕНИЕ ""ВЛАДИВОСТОКСКАЯ ГОРОДСКАЯ ПОИСКОВО-СПАСАТЕЛЬНАЯ СЛУЖБА""";1
"МУНИЦИПАЛЬНОЕ УНИТАРНОЕ ПРЕДПРИЯТИЕ ЖИЛИЩНО-КОММУНАЛЬНОГО ХОЗЯЙСТВА МУНИЦИПАЛЬНОГО ОБРАЗОВАНИЯ ""ГОРОД ВОЛОГДА"" ""ВОЛОГДАГОРВОДОКАНАЛ""";1
ТЕРРИТОРИАЛЬНЫЙ ФОНД ОБЯЗАТЕЛЬНОГО МЕДИЦИНСКОГО СТРАХОВАНИЯ ЛЕНИНГРАДСКОЙ ОБЛАСТИ;1
"ГОСУДАРСТВЕННОЕ БЮДЖЕТНОЕ УЧРЕЖДЕНИЕ ЗДРАВООХРАНЕНИЯ РЕСПУБЛИКИ КОМИ ""ПРИЛУЗСКАЯ ЦЕНТРАЛЬНАЯ РАЙОННАЯ БОЛЬНИЦА""";1
"ГОСУДАРСТВЕННОЕ БЮДЖЕТНОЕ УЧРЕЖДЕНИЕ РЕСПУБЛИКИ МАРИЙ ЭЛ ""ПЕРИНАТАЛЬНЫЙ ЦЕНТР""";1
ГОСУДАРСТВЕННОЕ БЮДЖЕТНОЕ ОБЩЕОБРАЗОВАТЕЛЬНОЕ УЧРЕЖДЕНИЕ ШКОЛА № 477 ПУШКИНСКОГО РАЙОНА САНКТ-ПЕТЕРБУРГА;1
"АО ""Генерация""";1
"ФЕДЕРАЛЬНОЕ ГОСУДАРСТВЕННОЕ БЮДЖЕТНОЕ УЧРЕЖДЕНИЕ ""ХАБАРОВСКИЙ АВИАЦИОННО-СПАСАТЕЛЬНЫЙ ЦЕНТР МЧС РОССИИ""";1
"ФЕДЕРАЛЬНОЕ ГОСУДАРСТВЕННОЕ КАЗЕННОЕ УЧРЕЖДЕНИЕ ""10 ОТРЯД ФЕДЕРАЛЬНОЙ ПРОТИВОПОЖАРНОЙ СЛУЖБЫ ПО ВОЛГОГРАДСКОЙ ОБЛАСТИ""";1
"МУНИЦИПАЛЬНОЕ УНИТАРНОЕ ПРЕДПРИЯТИЕ ""СТЕРЛИТАМАКСКОЕ ТРОЛЛЕЙБУСНОЕ УПРАВЛЕНИЕ"" ГОРОДСКОГО ОКРУГА ГОРОД СТЕРЛИТАМАК РЕСПУБЛИКИ БАШКОРТОСТАН";1
СПб ГБУЗ Поликлиника стоматологическая №16;1
"ФЕДЕРАЛЬНОЕ КАЗЕННОЕ УЧРЕЖДЕНИЕ ""СЕВЕРО-ЗАПАДНОЕ ОКРУЖНОЕ УПРАВЛЕНИЕ МАТЕРИАЛЬНО-ТЕХНИЧЕСКОГО СНАБЖЕНИЯ МИНИСТЕРСТВА ВНУТРЕННИХ ДЕЛ РОССИЙСКОЙ ФЕДЕРАЦИИ""";1
"ГОСУДАРСТВЕННОЕ УЧРЕЖДЕНИЕ ЗДРАВООХРАНЕНИЯ ""ОБЛАСТНАЯ БОЛЬНИЦА №2""";1
"ФЕДЕРАЛЬНОЕ ГОСУДАРСТВЕННОЕ БЮДЖЕТНОЕ УЧРЕЖДЕНИЕ ""РОСЛЕСИНФОРГ""";1
"ФЕДЕРАЛЬНОЕ КАЗЕННОЕ ПРЕДПРИЯТИЕ ""ПЕРМСКИЙ ПОРОХОВОЙ ЗАВОД""";1
УПРАВЛЕНИЕ ФЕДЕРАЛЬНОЙ СЛУЖБЫ ГОСУДАРСТВЕННОЙ РЕГИСТРАЦИИ, КАДАСТРА И КАРТОГРАФИИ ПО ИРКУТСКОЙ ОБЛАСТИ;1
"ФЕДЕРАЛЬНОЕ ГОСУДАРСТВЕННОЕ КАЗЕННОЕ УЧРЕЖДЕНИЕ ""5 ОТРЯД ФЕДЕРАЛЬНОЙ ПРОТИВОПОЖАРНОЙ СЛУЖБЫ ПО ВЛАДИМИРСКОЙ ОБЛАСТИ""";1
Винокуров Степан Степанович;1
"ФЕДЕРАЛЬНОЕ ГОСУДАРСТВЕННОЕ БЮДЖЕТНОЕ УЧРЕЖДЕНИЕ ЗДРАВООХРАНЕНИЯ ""МЕДИКО-САНИТАРНАЯ ЧАСТЬ № 125 ФЕДЕРАЛЬНОГО МЕДИКО-БИОЛОГИЧЕСКОГО АГЕНТСТВА""";1
"МУНИЦИПАЛЬНОЕ УНИТАРНОЕ ПРЕДПРИЯТИЕ ""КОММУНАЛЬНОЕ ХОЗЯЙСТВО НОВГОРОДСКОГО РАЙОНА""";1
"АО ""ЛЕСОСИБИРСКИЙ ЛДК № 1""";1
"КРАСНОКУТСКОЕ ЛЁТНОЕ УЧИЛИЩЕ ГРАЖДАНСКОЙ АВИАЦИИ - ФИЛИАЛ ФЕДЕРАЛЬНОГО ГОСУДАРСТВЕННОГО БЮДЖЕТНОГО ОБРАЗОВАТЕЛЬНОГО УЧРЕЖДЕНИЯ ВЫСШЕГО ОБРАЗОВАНИЯ ""УЛЬЯНОВСКИЙ";1
"МУНИЦИПАЛЬНОЕ УНИТАРНОЕ ПРОИЗВОДСТВЕННОЕ ПРЕДПРИЯТИЕ ""ЖИЛИЩНО-КОММУНАЛЬНОЕ ХОЗЯЙСТВО""  ЗАТО ВИДЯЕВО";1
"МУНИЦИПАЛЬНОЕ УНИТАРНОЕ ПРЕДПРИЯТИЕ МУНИЦИПАЛЬНОГО ОБРАЗОВАНИЯ ТБИЛИССКИЙ РАЙОН ""ПАССАЖИРАВТОТРАНС ТБИЛИССКОГО РАЙОНА""";1
"МУНИЦИПАЛЬНОЕ УНИТАРНОЕ ПРОИЗВОДСТВЕННОЕ ПРЕДПРИЯТИЕ ""САРАТОВГОРЭЛЕКТРОТРАНС""";1
"МУНИЦИПАЛЬНОЕ БЮДЖЕТНОЕ УЧРЕЖДЕНИЕ ЗДРАВООХРАНЕНИЯ ""ЦЕНТРАЛЬНАЯ РАЙОННАЯ БОЛЬНИЦА"" УСТЬ-ЛАБИНСКОГО РАЙОНА";1
"САНКТ-ПЕТЕРБУРГСКОЕ ГОСУДАРСТВЕННОЕ БЮДЖЕТНОЕ УЧРЕЖДЕНИЕ ЗДРАВООХРАНЕНИЯ ""ГОРОДСКАЯ ПОЛИКЛИНИКА №97""";1
"ФЕДЕРАЛЬНОЕ ГОСУДАРСТВЕННОЕ БЮДЖЕТНОЕ УЧРЕЖДЕНИЕ ""АВТОТРАНСПОРТНЫЙ КОМБИНАТ"" УПРАВЛЕНИЯ ДЕЛАМИ ПРЕЗИДЕНТА РОССИЙСКОЙ ФЕДЕРАЦИИ";1
МУНИЦИПАЛЬНОЕ УНИТАРНОЕ ПРЕДПРИЯТИЕ УПРАВЛЕНИЕ ЭЛЕКТРОТРАНСПОРТА ГОРОДСКОГО ОКРУГА ГОРОД УФА РЕСПУБЛИКИ БАШКОРТОСТАН;1
"ФЕДЕРАЛЬНОЕ ГОСУДАРСТВЕННОЕ  БЮДЖЕТНОЕ УЧРЕЖДЕНИЕ ЗДРАВООХРАНЕНИЯ ""МЕДИКО-САНИТАРНАЯ ЧАСТЬ № 135 ФЕДЕРАЛЬНОГО МЕДИКО-БИОЛОГИЧЕСКОГО АГЕНТСТВА""";1
"МУНИЦИПАЛЬНОЕ УНИТАРНОЕ ПРЕДПРИЯТИЕ ""УПРАВЛЕНИЕ ПАССАЖИРСКИХ ПЕРЕВОЗОК МИАССКОГО ГОРОДСКОГО ОКРУГА""";1
"ОБЛАСТНОЕ ГОСУДАРСТВЕННОЕ БЮДЖЕТНОЕ УЧРЕЖДЕНИЕ ЗДРАВООХРАНЕНИЯ ""ТЕПЛООЗЕРСКАЯ ЦЕНТРАЛЬНАЯ РАЙОННАЯ БОЛЬНИЦА""";1
"ГОСУДАРСТВЕННОЕ БЮДЖЕТНОЕ УЧРЕЖДЕНИЕ ЗДРАВООХРАНЕНИЯ НЕНЕЦКОГО АВТОНОМНОГО ОКРУГА ""ЦЕНТРАЛЬНАЯ РАЙОННАЯ ПОЛИКЛИНИКА ЗАПОЛЯРНОГО РАЙОНА НЕНЕЦКОГО АВТОНОМНОГО  ОК";1
"АДМИНИСТРАЦИЯ МУНИЦИПАЛЬНОГО ОБРАЗОВАНИЯ ""ГРАХОВСКИЙ РАЙОН""";1
"ГОСУДАРСТВЕННОЕ БЮДЖЕТНОЕ УЧРЕЖДЕНИЕ СОЦИАЛЬНОГО ОБСЛУЖИВАНИЯ НАСЕЛЕНИЯ РОСТОВСКОЙ ОБЛАСТИ ""БЕЛОКАЛИТВИНСКИЙ ДОМ-ИНТЕРНАТ ДЛЯ ПРЕСТАРЕЛЫХ И ИНВАЛИДОВ""";1
Поволжский банк ПАО Сбербанк;1
"ФЕДЕРАЛЬНОЕ ГОСУДАРСТВЕННОЕ БЮДЖЕТНОЕ УЧРЕЖДЕНИЕ КУЛЬТУРЫ ""ГОСУДАРСТВЕННЫЙ МУЗЕЙ-ЗАПОВЕДНИК М.А. ШОЛОХОВА""";1
"ГОСУДАРСТВЕННОЕ БЮДЖЕТНОЕ УЧРЕЖДЕНИЕ ЗДРАВООХРАНЕНИЯ КАЛИНИНГРАДСКОЙ ОБЛАСТИ ""МАМОНОВСКАЯ ГОРОДСКАЯ БОЛЬНИЦА""";1
АДМИНИСТРАЦИЯ ГОРОДА КУЗНЕЦКА ПЕНЗЕНСКОЙ ОБЛАСТИ;1
"ФЕДЕРАЛЬНОЕ КАЗЕННОЕ УЧРЕЖДЕНИЕ ЗДРАВООХРАНЕНИЯ ""САНАТОРИЙ ""ПРИМОРЬЕ"" МИНИСТЕРСТВА ВНУТРЕННИХ ДЕЛ РОССИЙСКОЙ ФЕДЕРАЦИИ""";1
"ГОСУДАРСТВЕННОЕ  УЧРЕЖДЕНИЕ ЗДРАВООХРАНЕНИЯ САРАТОВСКОЙ ОБЛАСТИ ""КРАСНОКУТСКАЯ РАЙОННАЯ БОЛЬНИЦА""";1
ГЛАВНОЕ СЛЕДСТВЕННОЕ УПРАВЛЕНИЕ СЛЕДСТВЕННОГО КОМИТЕТА РОССИЙСКОЙ ФЕДЕРАЦИИ ПО МОСКОВСКОЙ ОБЛАСТИ;1
"ФЕДЕРАЛЬНОЕ ГОСУДАРСТВЕННОЕ КАЗЕННОЕ УЧРЕЖДЕНИЕ ""ПОГРАНИЧНОЕ УПРАВЛЕНИЕ ФЕДЕРАЛЬНОЙ СЛУЖБЫ БЕЗОПАСНОСТИ РОССИЙСКОЙ ФЕДЕРАЦИИ ПО ЧЕЧЕНСКОЙ РЕСПУБЛИКЕ""";1
"ГОСУДАРСТВЕННОЕ БЮДЖЕТНОЕ УЧРЕЖДЕНИЕ ЗДРАВООХРАНЕНИЯ РЕСПУБЛИКИ КАРЕЛИЯ ""ОЛОНЕЦКАЯ ЦЕНТРАЛЬНАЯ РАЙОННАЯ БОЛЬНИЦА""";1
"ФЕДЕРАЛЬНОЕ КАЗЕННОЕ УЧРЕЖДЕНИЕ ""ИСПРАВИТЕЛЬНАЯ КОЛОНИЯ № 13 УПРАВЛЕНИЯ ФЕДЕРАЛЬНОЙ СЛУЖБЫ ИСПОЛНЕНИЯ НАКАЗАНИЙ ПО САРАТОВСКОЙ ОБЛАСТИ""";1
"ФЕДЕРАЛЬНОЕ ГОСУДАРСТВЕННОЕ КАЗЕННОЕ УЧРЕЖДЕНИЕ ""ВОЙСКОВАЯ ЧАСТЬ 45185""";1
УФПС ПЕРМСКОГО КРАЯ;1
"ОБЛАСТНОЕ ГОСУДАРСТВЕННОЕ БЮДЖЕТНОЕ ПРОФЕССИОНАЛЬНОЕ ОБРАЗОВАТЕЛЬНОЕ УЧРЕЖДЕНИЕ ""НОВГОРОДСКИЙ СТРОИТЕЛЬНЫЙ КОЛЛЕДЖ""";1
УПРАВЛЕНИЕ ФЕДЕРАЛЬНОЙ СЛУЖБЫ БЕЗОПАСНОСТИ РОССИЙСКОЙ ФЕДЕРАЦИИ ПО ЧЕЧЕНСКОЙ РЕСПУБЛИКЕ;1
"ГОСУДАРСТВЕННОЕ КАЗЕННОЕ УЧРЕЖДЕНИЕ ПЕРМСКОГО КРАЯ ""27 ОТРЯД ПРОТИВОПОЖАРНОЙ СЛУЖБЫ ПЕРМСКОГО КРАЯ""";1
"ФЕДЕРАЛЬНОЕ ГОСУДАРСТВЕННОЕ БЮДЖЕТНОЕ УЧРЕЖДЕНИЕ ""КРАСНОДАРСКОЕ ВОДОХРАНИЛИЩЕ""";1
ВОЙСКОВАЯ ЧАСТЬ 3705;1
ФГБНУ НЦПЗ;1
"федеральное государственное казенное учреждение ""Пограничное управление Федеральной службы безопасности Российской Федерации по Карачаево-Черкесской Республике""";1
"ФЕДЕРАЛЬНОЕ ГОСУДАРСТВЕННОЕ БЮДЖЕТНОЕ ОБРАЗОВАТЕЛЬНОЕ УЧРЕЖДЕНИЕ ВЫСШЕГО ОБРАЗОВАНИЯ ""АМУРСКАЯ ГОСУДАРСТВЕННАЯ МЕДИЦИНСКАЯ АКАДЕМИЯ"" МИНИСТЕРСТВА ЗДРАВООХРАНЕНИ";1
"ФЕДЕРАЛЬНОЕ КАЗЕННОЕ ПРЕДПРИЯТИЕ ""АЭРОПОРТЫ ДАЛЬНЕГО ВОСТОКА""";1
"ФЕДЕРАЛЬНОЕ ГОСУДАРСТВЕННОЕ КАЗЕННОЕ УЧРЕЖДЕНИЕ ""СПЕЦИАЛИЗИРОВАННАЯ ПОЖАРНО-СПАСАТЕЛЬНАЯ ЧАСТЬ ФЕДЕРАЛЬНОЙ ПРОТИВОПОЖАРНОЙ СЛУЖБЫ ПО ГОРОДУ САНКТ-ПЕТЕРБУРГУ""";1
ВОЙСКОВАЯ ЧАСТЬ 3059;1
"ГОСУДАРСТВЕННОЕ ОБЛАСТНОЕ БЮДЖЕТНОЕ ПРОФЕССИОНАЛЬНОЕ ОБРАЗОВАТЕЛЬНОЕ УЧРЕЖДЕНИЕ ""ГРЯЗИНСКИЙ ТЕХНИЧЕСКИЙ КОЛЛЕДЖ""";1
АДМИНИСТРАЦИЯ ГУБЕРНАТОРА САНКТ-ПЕТЕРБУРГА;1
"ГОСУДАРСТВЕННОЕ БЮДЖЕТНОЕ УЧРЕЖДЕНИЕ ЗДРАВООХРАНЕНИЯ МОСКОВСКОЙ ОБЛАСТИ ""МЫТИЩИНСКАЯ ГОРОДСКАЯ КЛИНИЧЕСКАЯ БОЛЬНИЦА""";1
"ГОСУДАРСТВЕННОЕ УЧРЕЖДЕНИЕ ЗДРАВООХРАНЕНИЯ САРАТОВСКОЙ ОБЛАСТИ ""АЛЕКСАНДРОВО-ГАЙСКАЯ РАЙОННАЯ БОЛЬНИЦА ИМЕНИ В.П. ДУРНОВА""";1
"ООО ""Ютенза""";1
"ФЕДЕРАЛЬНОЕ КАЗЕННОЕ УЧРЕЖДЕНИЕ ""ЖИЛИЩНО-КОММУНАЛЬНОЕ УПРАВЛЕНИЕ ГЛАВНОГО УПРАВЛЕНИЯ ФЕДЕРАЛЬНОЙ СЛУЖБЫ ИСПОЛНЕНИЯ НАКАЗАНИЙ ПО КРАСНОЯРСКОМУ КРАЮ""";1
"ФЕДЕРАЛЬНОЕ ГОСУДАРСТВЕННОЕ КАЗЕННОЕ УЧРЕЖДЕНИЕ ""УПРАВЛЕНИЕ ВНЕВЕДОМСТВЕННОЙ ОХРАНЫ ВОЙСК НАЦИОНАЛЬНОЙ ГВАРДИИ РОССИЙСКОЙ ФЕДЕРАЦИИ ПО САРАТОВСКОЙ ОБЛАСТИ""";1
"АО ""НУМРГ""";1
"ГОСУДАРСТВЕННОЕ БЮДЖЕТНОЕ УЧРЕЖДЕНИЕ ЗДРАВООХРАНЕНИЯ ""СПЕЦИАЛИЗИРОВАННАЯ КЛИНИЧЕСКАЯ ПСИХИАТРИЧЕСКАЯ БОЛЬНИЦА №1"" МИНИСТЕРСТВА ЗДРАВООХРАНЕНИЯ КРАСНОДАРСКОГО КР";1
"САНКТ-ПЕТЕРБУРГСКОЕ ГОСУДАРСТВЕННОЕ БЮДЖЕТНОЕ УЧРЕЖДЕНИЕ ЗДРАВООХРАНЕНИЯ ""ГОРОДСКАЯ МАРИИНСКАЯ БОЛЬНИЦА""";1
"ФЕДЕРАЛЬНОЕ ГОСУДАРСТВЕННОЕ БЮДЖЕТНОЕ ВОДОХОЗЯЙСТВЕННОЕ УЧРЕЖДЕНИЕ ""БАЛТВОДХОЗ""";1
АДМИНИСТРАЦИЯ МУНИЦИПАЛЬНОГО ОБРАЗОВАНИЯ ШУРЫШКАРСКИЙ РАЙОН;1
"ГОСУДАРСТВЕННОЕ БЮДЖЕТНОЕ УЧРЕЖДЕНИЕ РЕСПУБЛИКИ ДАГЕСТАН ""РЕСПУБЛИКАНСКАЯ КЛИНИЧЕСКАЯ БОЛЬНИЦА""";1
"ФЕДЕРАЛЬНОЕ БЮДЖЕТНОЕ УЧРЕЖДЕНИЕ ЦЕНТР РЕАБИЛИТАЦИИ ФОНДА СОЦИАЛЬНОГО СТРАХОВАНИЯ РОССИЙСКОЙ ФЕДЕРАЦИИ ""КРИСТАЛЛ""";1
УПРАВЛЕНИЕ ФЕДЕРАЛЬНОЙ СЛУЖБЫ БЕЗОПАСНОСТИ РОССИЙСКОЙ ФЕДЕРАЦИИ ПО РЕСПУБЛИКЕ АЛТАЙ;1
"МУНИЦИПАЛЬНОЕ БЮДЖЕТНОЕ УЧРЕЖДЕНИЕ ЗДРАВООХРАНЕНИЯ ""ЦЕНТРАЛЬНАЯ РАЙОННАЯ БОЛЬНИЦА"" БРЮХОВЕЦКОГО РАЙОНА";1
"ГОСУДАРСТВЕННОЕ УЧРЕЖДЕНИЕ ЗДРАВООХРАНЕНИЯ ""ГРЯЗИНСКАЯ МЕЖРАЙОННАЯ БОЛЬНИЦА""";1
"ОГАПОУ ""УАвиаК - МЦК""";1
УПРАВЛЕНИЕ МУНИЦИПАЛЬНОГО ЗАКАЗА АДМИНИСТРАЦИИ ГОРОДА ЧЕЛЯБИНСКА;1
"ФЕДЕРАЛЬНОЕ КАЗЕННОЕ УЧРЕЖДЕНИЕ ""ИСПРАВИТЕЛЬНАЯ КОЛОНИЯ № 1 УПРАВЛЕНИЯ ФЕДЕРАЛЬНОЙ СЛУЖБЫ ИСПОЛНЕНИЯ НАКАЗАНИЙ ПО АРХАНГЕЛЬСКОЙ ОБЛАСТИ""";1
"САНКТ-ПЕТЕРБУРГСКОЕ ГОСУДАРСТВЕННОЕ БЮДЖЕТНОЕ УЧРЕЖДЕНИЕ ЗДРАВООХРАНЕНИЯ ""ДЕТСКАЯ ГОРОДСКАЯ БОЛЬНИЦА № 2 СВЯТОЙ МАРИИ МАГДАЛИНЫ""";1
"МУНИЦИПАЛЬНОЕ УНИТАРНОЕ  ПРЕДПРИЯТИЕ ""ВОДОПРОВОДНОЕ КАНАЛИЗАЦИОННОЕ ХОЗЯЙСТВО Г.СЛОБОДСКОГО""";1
ГОСУДАРСТВЕННОЕ БЮДЖЕТНОЕ УЧРЕЖДЕНИЕ ЗДРАВООХРАНЕНИЯ РЕСПУБЛИКИ БАШКОРТОСТАН БИЖБУЛЯКСКАЯ ЦЕНТРАЛЬНАЯ РАЙОННАЯ БОЛЬНИЦА;1
"МУНИЦИПАЛЬНОЕ КАЗЕННОЕ УЧРЕЖДЕНИЕ ГОРОДСКОГО ОКРУГА ЗАРЕЧНЫЙ ""УПРАВЛЕНИЕ МУНИЦИПАЛЬНОГО ЗАКАЗА""";1
АДМИНИСТРАЦИЯ СЯМЖЕНСКОГО МУНИЦИПАЛЬНОГО РАЙОНА ВОЛОГОДСКОЙ ОБЛАСТИ;1
"АДМИНИСТРАЦИЯ МУНИЦИПАЛЬНОГО ОБРАЗОВАНИЯ ""ЮКАМЕНСКИЙ РАЙОН""";1
АДМИНИСТРАЦИЯ ОЗЕРСКОГО ГОРОДСКОГО ОКРУГА ЧЕЛЯБИНСКОЙ ОБЛАСТИ;1
АДМИНИСТРАЦИЯ УВАТСКОГО МУНИЦИПАЛЬНОГО РАЙОНА;1
"ФЕДЕРАЛЬНОЕ КАЗЕННОЕ УЧРЕЖДЕНИЕ ""ИСПРАВИТЕЛЬНАЯ КОЛОНИЯ № 22 ГЛАВНОГО УПРАВЛЕНИЯ ФЕДЕРАЛЬНОЙ СЛУЖБЫ ИСПОЛНЕНИЯ НАКАЗАНИЙ ПО КРАСНОЯРСКОМУ КРАЮ""";1
"МУНИЦИПАЛЬНОЕ КАЗЕННОЕ УЧРЕЖДЕНИЕ ГОРОДСКОГО ОКРУГА КОЛОМНА ""УПРАВЛЕНИЕ ЦЕНТРАЛИЗОВАННЫХ ЗАКУПОК""";1
"ФЕДЕРАЛЬНОЕ ГОСУДАРСТВЕННОЕ КАЗЕННОЕ ОБРАЗОВАТЕЛЬНОЕ УЧРЕЖДЕНИЕ ВЫСШЕГО ОБРАЗОВАНИЯ ""ИНСТИТУТ БЕРЕГОВОЙ ОХРАНЫ ФЕДЕРАЛЬНОЙ СЛУЖБЫ БЕЗОПАСНОСТИ РОССИЙСКОЙ ФЕДЕРА";1
"ГОСУДАРСТВЕННОЕ БЮДЖЕТНОЕ УЧРЕЖДЕНИЕ ЗДРАВООХРАНЕНИЯ МОСКОВСКОЙ ОБЛАСТИ ""СЕРГИЕВО-ПОСАДСКАЯ РАЙОННАЯ БОЛЬНИЦА""";1
"ГОСУДАРСТВЕННОЕ УНИТАРНОЕ ПРЕДПРИЯТИЕ РЕСПУБЛИКИ КРЫМ ""ЧЕРНОМОРНЕФТЕГАЗ""";1
"МУНИЦИПАЛЬНОЕ БЮДЖЕТНОЕ УЧРЕЖДЕНИЕ ДОПОЛНИТЕЛЬНОГО ОБРАЗОВАНИЯ ""ЦЕНТР ТЕХНИЧЕСКОГО ТВОРЧЕСТВА""";1
"ГОСУДАРСТВЕННОЕ УНИТАРНОЕ ПРЕДПРИЯТИЕ ГОРОДА МОСКВЫ ""МОСКОВСКИЙ ОРДЕНА ЛЕНИНА И ОРДЕНА ТРУДОВОГО КРАСНОГО ЗНАМЕНИ МЕТРОПОЛИТЕН ИМЕНИ В.И.ЛЕНИНА""";1
"ГОСУДАРСТВЕННОЕ БЮДЖЕТНОЕ УЧРЕЖДЕНИЕ ЗДРАВООХРАНЕНИЯ СВЕРДЛОВСКОЙ ОБЛАСТИ ""КРАСНОТУРЬИНСКАЯ ГОРОДСКАЯ БОЛЬНИЦА""";1
"ГОСУДАРСТВЕННОЕ БЮДЖЕТНОЕ  УЧРЕЖДЕНИЕ ""КУРГАНСКИЙ ОБЛАСТНОЙ ГОСПИТАЛЬ ДЛЯ ВЕТЕРАНОВ ВОЙН""";1
ФЕДЕРАЛЬНОЕ ГОСУДАРСТВЕННОЕ БЮДЖЕТНОЕ УЧРЕЖДЕНИЕ НАУКИ ИНСТИТУТ ГЕОЛОГИИ РУДНЫХ МЕСТОРОЖДЕНИЙ, ПЕТРОГРАФИИ, МИНЕРАЛОГИИ И ГЕОХИМИИ РОССИЙСКОЙ АКАДЕМИИ НАУК;1
"САНКТ-ПЕТЕРБУРГСКОЕ ГОСУДАРСТВЕННОЕ КАЗЕННОЕ УЧРЕЖДЕНИЕ ЗДРАВООХРАНЕНИЯ ""ХОСПИС № 4""";1
ГОСУДАРСТВЕННОЕ УЧРЕЖДЕНИЕ - РЕГИОНАЛЬНОЕ ОТДЕЛЕНИЕ ФОНДА СОЦИАЛЬНОГО СТРАХОВАНИЯ РОССИЙСКОЙ ФЕДЕРАЦИИ ПО ЕВРЕЙСКОЙ АВТОНОМНОЙ ОБЛАСТИ;1
"ФБУЗ ""ЦЕНТР ГИГИЕНЫ И  ЭПИДЕМИОЛОГИИ В РЕСПУБЛИКЕ КАРЕЛИЯ""";1
АДМИНИСТРАЦИЯ МУНИЦИПАЛЬНОГО ОБРАЗОВАНИЯ ГАТЧИНСКИЙ МУНИЦИПАЛЬНЫЙ РАЙОН ЛЕНИНГРАДСКОЙ ОБЛАСТИ;1
"ФЕДЕРАЛЬНОЕ КАЗЕННОЕ УЧРЕЖДЕНИЕ ""ГЛАВНОЕ БЮРО МЕДИКО-СОЦИАЛЬНОЙ ЭКСПЕРТИЗЫ ПО ЧЕЛЯБИНСКОЙ ОБЛАСТИ"" МИНИСТЕРСТВА ТРУДА И СОЦИАЛЬНОЙ ЗАЩИТЫ РОССИЙСКОЙ ФЕДЕРАЦИИ";1
"ФЕДЕРАЛЬНОЕ КАЗЕННОЕ УЧРЕЖДЕНИЕ ""ИСПРАВИТЕЛЬНАЯ КОЛОНИЯ № 12 ГЛАВНОГО УПРАВЛЕНИЯ ФЕДЕРАЛЬНОЙ СЛУЖБЫ ИСПОЛНЕНИЯ НАКАЗАНИЙ ПО НОВОСИБИРСКОЙ ОБЛАСТИ""";1
УПРАВЛЕНИЕ СУДЕБНОГО ДЕПАРТАМЕНТА В АСТРАХАНСКОЙ ОБЛАСТИ;1
"ОТКРЫТОЕ АКЦИОНЕРНОЕ ОБЩЕСТВО ""ЗАВОД ""ДАГДИЗЕЛЬ""";1
ФГУ ФНЦ НИИСИ РАН;1
ГАУЗ НСО   СП № 1;1
НАЦИОНАЛЬНЫЙ ИССЛЕДОВАТЕЛЬСКИЙ ТОМСКИЙ ГОСУДАРСТВЕННЫЙ УНИВЕРСИТЕТ, ТОМСКИЙ ГОСУДАРСТВЕННЫЙ УНИВЕРСИТЕТ, НИ ТГУ, ТГУ;1
"ФЕДЕРАЛЬНОЕ КАЗЕННОЕ ОБРАЗОВАТЕЛЬНОЕ УЧРЕЖДЕНИЕ ВЫСШЕГО ОБРАЗОВАНИЯ ""САМАРСКИЙ ЮРИДИЧЕСКИЙ ИНСТИТУТ ФЕДЕРАЛЬНОЙ СЛУЖБЫ ИСПОЛНЕНИЯ НАКАЗАНИЙ""";1
"КИРОВСКОЕ ОБЛАСТНОЕ ГОСУДАРСТВЕННОЕ БЮДЖЕТНОЕ УЧРЕЖДЕНИЕ ЗДРАВООХРАНЕНИЯ ""КИРОВСКАЯ КЛИНИЧЕСКАЯ СТОМАТОЛОГИЧЕСКАЯ ПОЛИКЛИНИКА""";1
"ФЕДЕРАЛЬНОЕ КАЗЕННОЕ ПРЕДПРИЯТИЕ ""ТАМБОВСКИЙ ПОРОХОВОЙ ЗАВОД""";1
"ФЕДЕРАЛЬНОЕ КАЗЕННОЕ УЧРЕЖДЕНИЕ ""ЦЕНТР ХОЗЯЙСТВЕННОГО И СЕРВИСНОГО ОБЕСПЕЧЕНИЯ УПРАВЛЕНИЯ МИНИСТЕРСТВА ВНУТРЕННИХ ДЕЛ РОССИЙСКОЙ ФЕДЕРАЦИИ ПО ЗАБАЙКАЛЬСКОМУ КРА";1
"ГОСУДАРСТВЕННОЕ БЮДЖЕТНОЕ УЧРЕЖДЕНИЕ  ЗДРАВООХРАНЕНИЯ РЕСПУБЛИКИ КОМИ ""УДОРСКАЯ  ЦЕНТРАЛЬНАЯ РАЙОННАЯ БОЛЬНИЦА""";1
"ГАПОУ СО ""ТИПК""";1
"МУНИЦИПАЛЬНОЕ КАЗЕННОЕ УЧРЕЖДЕНИЕ ""УПРАВЛЕНИЕ В СФЕРЕ ЗАКУПОК ДЛЯ МУНИЦИПАЛЬНЫХ НУЖД""";1
"МУНИЦИПАЛЬНОЕ УНИТАРНОЕ ПРЕДПРИЯТИЕ ГОРОДА ВЛАДИВОСТОКА ""СТОМАТОЛОГИЧЕСКАЯ КЛИНИКА ""САМСОН""";1
"ФЕДЕРАЛЬНОЕ КАЗЕННОЕ УЧРЕЖДЕНИЕ ""ИСПРАВИТЕЛЬНАЯ КОЛОНИЯ № 4 УПРАВЛЕНИЯ ФЕДЕРАЛЬНОЙ СЛУЖБЫ ИСПОЛНЕНИЯ НАКАЗАНИЙ ПО ПСКОВСКОЙ ОБЛАСТИ""";1
"САНКТ-ПЕТЕРБУРГСКОЕ ГОСУДАРСТВЕННОЕ БЮДЖЕТНОЕ УЧРЕЖДЕНИЕ ЗДРАВООХРАНЕНИЯ ""СТОМАТОЛОГИЧЕСКАЯ ПОЛИКЛИНИКА №30""";1
"ГОСУДАРСТВЕННОЕ БЮДЖЕТНОЕ УЧРЕЖДЕНИЕ ""ЦЕНТР СОЦИАЛЬНОГО ОБСЛУЖИВАНИЯ ГРАЖДАН ПОЖИЛОГО ВОЗРАСТА И ИНВАЛИДОВ ВАЧСКОГО РАЙОНА""";1
ГБУЗ ПОДКБ им. Н.Ф.Филатова;1
"ФЕДЕРАЛЬНОЕ ГОСУДАРСТВЕННОЕ БЮДЖЕТНОЕ НАУЧНОЕ УЧРЕЖДЕНИЕ ""НАУЧНЫЙ ЦЕНТР НЕВРОЛОГИИ""";1
ВЕРХОВНЫЙ СУД РЕСПУБЛИКИ САХА (ЯКУТИЯ);1
"ФЕДЕРАЛЬНОЕ ГОСУДАРСТВЕННОЕ БЮДЖЕТНОЕ УЧРЕЖДЕНИЕ ЗДРАВООХРАНЕНИЯ ""СИБИРСКИЙ ОКРУЖНОЙ МЕДИЦИНСКИЙ ЦЕНТР ФЕДЕРАЛЬНОГО МЕДИКО-БИОЛОГИЧЕСКОГО АГЕНТСТВА""";1
"САНКТ-ПЕТЕРБУРГСКОЕ ГОСУДАРСТВЕННОЕ БЮДЖЕТНОЕ УЧРЕЖДЕНИЕ ЗДРАВООХРАНЕНИЯ ""СТОМАТОЛОГИЧЕСКАЯ ПОЛИКЛИНИКА №6""";1
"ФЕДЕРАЛЬНОЕ КАЗЕННОЕ ЛЕЧЕБНО-ПРОФИЛАКТИЧЕСКОЕ УЧРЕЖДЕНИЕ ""КРАЕВАЯ ТУБЕРКУЛЕЗНАЯ БОЛЬНИЦА № 1 ГЛАВНОГО УПРАВЛЕНИЯ ФЕДЕРАЛЬНОЙ СЛУЖБЫ ИСПОЛНЕНИЯ НАКАЗАНИЙ ПО КРАС";1
"БЮДЖЕТНОЕ УЧРЕЖДЕНИЕ ХАНТЫ-МАНСИЙСКОГО АВТОНОМНОГО ОКРУГА - ЮГРЫ "" УРАЙСКАЯ ГОРОДСКАЯ КЛИНИЧЕСКАЯ БОЛЬНИЦА""";1
Веселухин Андрей Викторович;1
"ФЕДЕРАЛЬНОЕ КАЗЕННОЕ УЧРЕЖДЕНИЕ ""ГЛАВНОЕ БЮРО МЕДИКО-СОЦИАЛЬНОЙ ЭКСПЕРТИЗЫ ПО КРАСНОЯРСКОМУ КРАЮ"" МИНИСТЕРСТВА ТРУДА И СОЦИАЛЬНОЙ ЗАЩИТЫ РОССИЙСКОЙ ФЕДЕРАЦИИ";1
"МУНИЦИПАЛЬНОЕ ПРЕДПРИЯТИЕ НОВОРЖЕВСКОГО РАЙОНА ""ЭНЕРГОРЕСУРС""";1
"КАМЫЗЯКСКИЙ ФИЛИАЛ ФЕДЕРАЛЬНОГО ГОСУДАРСТВЕННОГО БЮДЖЕТНОГО УЧРЕЖДЕНИЯ ""УПРАВЛЕНИЕ МЕЛИОРАЦИИ ЗЕМЕЛЬ И СЕЛЬСКОХОЗЯЙСТВЕННОГО ВОДОСНАБЖЕНИЯ ПО АСТРАХАНСКОЙ ОБЛАС";1
"МУНИЦИПАЛЬНОЕ УНИТАРНОЕ ПРЕДПРИЯТИЕ ""ДОРОЖНО-СТРОИТЕЛЬНОЕ УПРАВЛЕНИЕ Г. ВЕЛИКИЕ ЛУКИ""";1
"ФЕДЕРАЛЬНОЕ ГОСУДАРСТВЕННОЕ БЮДЖЕТНОЕ ОБРАЗОВАТЕЛЬНОЕ УЧРЕЖДЕНИЕ ВЫСШЕГО ОБРАЗОВАНИЯ ""ЮЖНО-УРАЛЬСКИЙ ГОСУДАРСТВЕННЫЙ МЕДИЦИНСКИЙ УНИВЕРСИТЕТ"" МИНИСТЕРСТВА ЗДРАВ";1
УНИТАРНОЕ МУНИЦИПАЛЬНОЕ АВТОТРАНСПОРТНОЕ ПРЕДПРИЯТИЕ Г.ЗЕЛЕНОГОРСКА;1
"МУНИЦИПАЛЬНОЕ БЮДЖЕТНОЕ УЧРЕЖДЕНИЕ ЗДРАВООХРАНЕНИЯ ""ГОРОДСКАЯ БОЛЬНИЦА №1 ИМ. Н.А. СЕМАШКО ГОРОДА РОСТОВА-НА-ДОНУ""";1
"ФЕДЕРАЛЬНОЕ ГОСУДАРСТВЕННОЕ КАЗЕННОЕ УЧРЕЖДЕНИЕ ""1469 ВОЕННО-МОРСКОЙ КЛИНИЧЕСКИЙ ГОСПИТАЛЬ"" МИНИСТЕРСТВА ОБОРОНЫ РОССИЙСКОЙ ФЕДЕРАЦИИ";1
"САНКТ-ПЕТЕРБУРГСКОЕ ГОСУДАРСТВЕННОЕ БЮДЖЕТНОЕ УЧРЕЖДЕНИЕ ЗДРАВООХРАНЕНИЯ ""ГОРОДСКАЯ БОЛЬНИЦА СВЯТОЙ ПРЕПОДОБНОМУЧЕНИЦЫ ЕЛИЗАВЕТЫ""";1
"МУНИЦИПАЛЬНОЕ УНИТАРНОЕ ПРЕДПРИЯТИЕ ""ЖИЛИЩНО-КОММУНАЛЬНОЕ ХОЗЯЙСТВО ГОРОДА СОРОЧИНСКА ОРЕНБУРГСКОЙ ОБЛАСТИ""";1
МАУЗ   Курганская городская стоматологическая поликлиника;1
"ГОСУДАРСТВЕННОЕ БЮДЖЕТНОЕ УЧРЕЖДЕНИЕ ""ЩУЧАНСКАЯ ЦЕНТРАЛЬНАЯ РАЙОННАЯ БОЛЬНИЦА""";1
УПРАВЛЕНИЕ ФЕДЕРАЛЬНОЙ СЛУЖБЫ БЕЗОПАСНОСТИ РОССИЙСКОЙ ФЕДЕРАЦИИ ПО АМУРСКОЙ ОБЛАСТИ;1
"ГОСУДАРСТВЕННОЕ БЮДЖЕТНОЕ УЧРЕЖДЕНИЕ МОСКОВСКОЙ ОБЛАСТИ ""ОЗДОРОВИТЕЛЬНЫЙ КОМПЛЕКС ""ЛЕВКОВО""";1
"ФЕДЕРАЛЬНОЕ ГОСУДАРСТВЕННОЕ БЮДЖЕТНОЕ УЧРЕЖДЕНИЕ ""ВСЕРОССИЙСКИЙ НАУЧНО-ИССЛЕДОВАТЕЛЬСКИЙ ГЕОЛОГИЧЕСКИЙ НЕФТЯНОЙ ИНСТИТУТ""";1
"ГОСУДАРСТВЕННОЕ БЮДЖЕТНОЕ УЧРЕЖДЕНИЕ ЗДРАВООХРАНЕНИЯ ""РЕСПУБЛИКАНСКАЯ ДЕТСКАЯ КЛИНИЧЕСКАЯ БОЛЬНИЦА"" МИНИСТЕРСТВА ЗДРАВООХРАНЕНИЯ КАБАРДИНО-БАЛКАРСКОЙ РЕСПУБЛИКИ";1
"ГОСУДАРСТВЕННОЕ БЮДЖЕТНОЕ УЧРЕЖДЕНИЕ ЗДРАВООХРАНЕНИЯ ПЕРМСКОГО КРАЯ ""ЧУСОВСКАЯ СТОМАТОЛОГИЧЕСКАЯ ПОЛИКЛИНИКА""";1
"ФЕДЕРАЛЬНОЕ КАЗЕННОЕ УЧРЕЖДЕНИЕ ""ИСПРАВИТЕЛЬНАЯ КОЛОНИЯ № 5 ГЛАВНОГО УПРАВЛЕНИЯ ФЕДЕРАЛЬНОЙ СЛУЖБЫ ИСПОЛНЕНИЯ НАКАЗАНИЙ ПО КЕМЕРОВСКОЙ ОБЛАСТИ""";1
"ГОСУДАРСТВЕННОЕ БЮДЖЕТНОЕ УЧРЕЖДЕНИЕ ЗДРАВООХРАНЕНИЯ СТАВРОПОЛЬСКОГО КРАЯ ""ЕССЕНТУКСКИЙ МЕЖРАЙОННЫЙ РОДИЛЬНЫЙ ДОМ""";1
"МУНИЦИПАЛЬНОЕ УНИТАРНОЕ ПРЕДПРИЯТИЕ ЕЙСКОГО ГОРОДСКОГО ПОСЕЛЕНИЯ ЕЙСКОГО РАЙОНА ""КОМБИНАТ КОММУНАЛЬНО-БЫТОВЫХ УСЛУГ""";1
"ГОСУДАРСТВЕННОЕ БЮДЖЕТНОЕ УЧРЕЖДЕНИЕ ЗДРАВООХРАНЕНИЯ  НЕНЕЦКОГО АВТОНОМНОГО ОКРУГА ""НЕНЕЦКАЯ ОКРУЖНАЯ  СТОМАТОЛОГИЧЕСКАЯ ПОЛИКЛИНИКА""";1
"МУНИЦИПАЛЬНОЕ УНИТАРНОЕ ПРЕДПРИЯТИЕ ""БОРОВИЧСКИЙ ВОДОКАНАЛ""";1
"ФЕДЕРАЛЬНОЕ КАЗЕННОЕ УЧРЕЖДЕНИЕ ""СТОМАТОЛОГИЧЕСКАЯ ПОЛИКЛИНИКА СЛУЖБЫ ВНЕШНЕЙ РАЗВЕДКИ РОССИЙСКОЙ ФЕДЕРАЦИИ""";1
"ФГБОУ ВО ""ВЯТСКИЙ ГОСУДАРСТВЕННЫЙ УНИВЕРСИТЕТ"", ВЯТГУ, ВЯТСКИЙ ГОСУДАРСТВЕННЫЙ УНИВЕРСИТЕТ";1
ЗАКОНОДАТЕЛЬНОЕ СОБРАНИЕ КРАСНОЯРСКОГО КРАЯ;1
"ООО ""ВМЗ""";1
"ФЕДЕРАЛЬНОЕ ГОСУДАРСТВЕННОЕ БЮДЖЕТНОЕ УЧРЕЖДЕНИЕ ""ПРИМОРСКАЯ МЕЖОБЛАСТНАЯ ВЕТЕРИНАРНАЯ ЛАБОРАТОРИЯ""";1
"Государственное бюджетное учреждение здравоохранения ""Городская больница № 3 г. Миасс""";1
"СПБ ГУДП ""ПУТЬ""";1
"ГОСУДАРСТВЕННОЕ БЮДЖЕТНОЕ УЧРЕЖДЕНИЕ ДОПОЛНИТЕЛЬНОГО ОБРАЗОВАНИЯ ДЕТСКО-ЮНОШЕСКИЙ ЦЕНТР МОСКОВСКОГО РАЙОНА САНКТ-ПЕТЕРБУРГА ""ЦЕНТР ФИЗИЧЕСКОЙ КУЛЬТУРЫ, СПОРТА И";1
"САНКТ-ПЕТЕРБУРГСКОЕ ГОСУДАРСТВЕННОЕ БЮДЖЕТНОЕ УЧРЕЖДЕНИЕ ЗДРАВООХРАНЕНИЯ ""ГОРОДСКАЯ ПОЛИКЛИНИКА № 75""";1
АДМИНИСТРАЦИЯ МУНИЦИПАЛЬНОГО ОБРАЗОВАНИЯ РУДНЯНСКИЙ РАЙОН СМОЛЕНСКОЙ ОБЛАСТИ;1
"ФЕДЕРАЛЬНОЕ ГОСУДАРСТВЕННОЕ БЮДЖЕТНОЕ УЧРЕЖДЕНИЕ КУЛЬТУРЫ ""ГОСУДАРСТВЕННЫЙ ВОЕННО-ИСТОРИЧЕСКИЙ И ПРИРОДНЫЙ МУЗЕЙ-ЗАПОВЕДНИК ""КУЛИКОВО ПОЛЕ""";1
"ФЕДЕРАЛЬНОЕ ГОСУДАРСТВЕННОЕ БЮДЖЕТНОЕ УЧРЕЖДЕНИЕ ""ЗАПАДНО-СИБИРСКОЕ УПРАВЛЕНИЕ ПО ГИДРОМЕТЕОРОЛОГИИ И МОНИТОРИНГУ ОКРУЖАЮЩЕЙ СРЕДЫ""";1
ГОСУДАРСТВЕННОЕ БЮДЖЕТНОЕ УЧРЕЖДЕНИЕ ЗДРАВООХРАНЕНИЯ РЕСПУБЛИКИ БАШКОРТОСТАН СТОМАТОЛОГИЧЕСКАЯ ПОЛИКЛИНИКА № 1 ГОРОДА УФА;1
"ГОСУДАРСТВЕННОЕ БЮДЖЕТНОЕ УЧРЕЖДЕНИЕ ЗДРАВООХРАНЕНИЯ СТАВРОПОЛЬСКОГО КРАЯ ""АЛЕКСАНДРОВСКАЯ РАЙОННАЯ СТОМАТОЛОГИЧЕСКАЯ ПОЛИКЛИНИКА""";1
"ФЕДЕРАЛЬНОЕ ГОСУДАРСТВЕННОЕ БЮДЖЕТНОЕ УЧРЕЖДЕНИЕ ""ТРЕНИРОВОЧНЫЙ ЦЕНТР СБОРНЫХ КОМАНД РОССИИ ""ОЗЕРО КРУГЛОЕ""";1
"ФЕДЕРАЛЬНОЕ ГОСУДАРСТВЕННОЕ БЮДЖЕТНОЕ УЧРЕЖДЕНИЕ ""ГОСУДАРСТВЕННЫЙ ПРИРОДНЫЙ ЗАПОВЕДНИК ""КАЛУЖСКИЕ ЗАСЕКИ""";1
"МУНИЦИПАЛЬНОЕ КАЗЕННОЕ УЧРЕЖДЕНИЕ МУНИЦИПАЛЬНОГО ОБРАЗОВАНИЯ ""ЗАКРЫТОЕ АДМИНИСТРАТИВНО-ТЕРРИТОРИАЛЬНОЕ ОБРАЗОВАНИЕ ЗНАМЕНСК АСТРАХАНСКОЙ ОБЛАСТИ""""СЛУЖБА ОБЕСПЕЧ";1
"ГОСУДАРСТВЕННОЕ БЮДЖЕТНОЕ УЧРЕЖДЕНИЕ ЗДРАВООХРАНЕНИЯ СВЕРДЛОВСКОЙ ОБЛАСТИ ""ГОРОДСКАЯ БОЛЬНИЦА № 1 ГОРОД АСБЕСТ""";1
"МУНИЦИПАЛЬНОЕ КАЗЕННОЕ УЧРЕЖДЕНИЕ ""ОРГАНИЗАЦИОННО-МЕТОДИЧЕСКИЙ ЦЕНТР УЧРЕЖДЕНИЙ ОБРАЗОВАНИЯ БАЛАКОВСКОГО МУНИЦИПАЛЬНОГО РАЙОНА САРАТОВСКОЙ ОБЛАСТИ""";1
"МУНИЦИПАЛЬНОЕ КАЗЕННОЕ УЧРЕЖДЕНИЕ ""АДМИНИСТРАТИВНО-ХОЗЯЙСТВЕННАЯ СЛУЖБА""";1
"ФЕДЕРАЛЬНОЕ ГОСУДАРСТВЕННОЕ БЮДЖЕТНОЕ УЧРЕЖДЕНИЕ ""РОССИЙСКИЙ НАУЧНЫЙ ЦЕНТР РЕНТГЕНОРАДИОЛОГИИ"" МИНИСТЕРСТВА ЗДРАВООХРАНЕНИЯ РОССИЙСКОЙ ФЕДЕРАЦИИ";1
ФЕДЕРАЛЬНОЕ ГОСУДАРСТВЕННОЕ БЮДЖЕТНОЕ УЧРЕЖДЕНИЕ НАУКИ ИРКУТСКИЙ НАУЧНЫЙ ЦЕНТР СИБИРСКОГО ОТДЕЛЕНИЯ РОССИЙСКОЙ АКАДЕМИИ НАУК;1
"ФЕДЕРАЛЬНОЕ КАЗЕННОЕ УЧРЕЖДЕНИЕ ""ИСПРАВИТЕЛЬНАЯ КОЛОНИЯ № 4 УПРАВЛЕНИЯ ФЕДЕРАЛЬНОЙ СЛУЖБЫ ИСПОЛНЕНИЯ НАКАЗАНИЙ ПО БРЯНСКОЙ ОБЛАСТИ""";1
"Филиал Российской академии художеств в городе Санкт-Петербурге ""Творческая мастерская ""Литейный двор""";1
"Нижне-Камский район гидротехнических сооружений и судоходства-филиал ФБУ ""Администрация Камского бассейна внутренних водных путей""";1
"ФЕДЕРАЛЬНОЕ ГОСУДАРСТВЕННОЕ БЮДЖЕТНОЕ УЧРЕЖДЕНИЕ ""ФЕДЕРАЛЬНЫЙ НАУЧНО-КЛИНИЧЕСКИЙ ЦЕНТР ФИЗИКО-ХИМИЧЕСКОЙ МЕДИЦИНЫ ФЕДЕРАЛЬНОГО МЕДИКО-БИОЛОГИЧЕСКОГО АГЕНТСТВА""";1
"КИРОВСКОЕ ОБЛАСТНОЕ ГОСУДАРСТВЕННОЕ БЮДЖЕТНОЕ УЧРЕЖДЕНИЕ ЗДРАВООХРАНЕНИЯ ""КИРОВСКАЯ ГОРОДСКАЯ БОЛЬНИЦА № 4""";1
"ГОСУДАРСТВЕННОЕ БЮДЖЕТНОЕ УЧРЕЖДЕНИЕ ЗДРАВООХРАНЕНИЯ ""ДЕТСКАЯ ОБЛАСТНАЯ БОЛЬНИЦА КАЛИНИНГРАДСКОЙ ОБЛАСТИ""";1
"Батайский филиал государственного бюджетного учреждения Ростовской области ""Противотуберкулезный клинический диспансер""";1
УПРАВЛЕНИЕ ФЕДЕРАЛЬНОЙ СЛУЖБЫ БЕЗОПАСНОСТИ РОССИЙСКОЙ ФЕДЕРАЦИИ ПО КАЛИНИНГРАДСКОЙ ОБЛАСТИ;1
"бюджетное учреждение Ханты-Мансийского автономного округа - Югры ""Центр социальной адаптации для лиц без определенного места жительства ""Альтернатива""";1
"ГБУЗ СО ""СГКБ №2 ИМЕНИ Н.А.СЕМАШКО""";1
"ГОСУДАРСТВЕННОЕ БЮДЖЕТНОЕ УЧРЕЖДЕНИЕ РЕСПУБЛИКИ КРЫМ ""КРЫМСКОЕ УПРАВЛЕНИЕ ВОДНОГО ХОЗЯЙСТВА И МЕЛИОРАЦИИ""";1
"ФЕДЕРАЛЬНОЕ КАЗЕННОЕ УЧРЕЖДЕНИЕ ""ГЛАВНОЕ БЮРО МЕДИКО-СОЦИАЛЬНОЙ ЭКСПЕРТИЗЫ ПО ЛИПЕЦКОЙ ОБЛАСТИ"" МИНИСТЕРСТВА ТРУДА И СОЦИАЛЬНОЙ ЗАЩИТЫ РОССИЙСКОЙ ФЕДЕРАЦИИ";1
УПРАВЛЕНИЕ НА ТРАНСПОРТЕ МИНИСТЕРСТВА ВНУТРЕННИХ ДЕЛ  РОССИЙСКОЙ ФЕДЕРАЦИИ ПО СЕВЕРО-ЗАПАДНОМУ ФЕДЕРАЛЬНОМУ ОКРУГУ;1
"ГОСУДАРСТВЕННОЕ БЮДЖЕТНОЕ УЧРЕЖДЕНИЕ  РОСТОВСКОЙ ОБЛАСТИ ""СПЕЦИАЛИЗИРОВАННАЯ ТУБЕРКУЛЕЗНАЯ БОЛЬНИЦА""";1
ООО   УСИНСК НПО-СЕРВИС;1
"МУНИЦИПАЛЬНОЕ БЮДЖЕТНОЕ УЧРЕЖДЕНИЕ ЗДРАВООХРАНЕНИЯ ""ТИМАШЕВСКАЯ ЦЕНТРАЛЬНАЯ РАЙОННАЯ БОЛЬНИЦА""";1
"Федеральное государственное бюджетное учреждение ""Объединенная дирекция Баргузинского государственного природного биосферного заповедника и Забайкальского нацио";1
"БЮДЖЕТНОЕ УЧРЕЖДЕНИЕ ЗДРАВООХРАНЕНИЯ МУНИЦИПАЛЬНОГО ОБРАЗОВАНИЯ ДИНСКОЙ РАЙОН ""ЦЕНТРАЛЬНАЯ РАЙОННАЯ БОЛЬНИЦА""";1
"федеральное казенное учреждение ""4 отряд федеральной противопожарной службы Государственной противопожарной службы по Тюменской области (договорной)""";1
"ФЕДЕРАЛЬНОЕ КАЗЕННОЕ УЧРЕЖДЕНИЕ ЗДРАВООХРАНЕНИЯ ""МЕДИКО-САНИТАРНАЯ ЧАСТЬ № 33 ФЕДЕРАЛЬНОЙ СЛУЖБЫ ИСПОЛНЕНИЯ НАКАЗАНИЙ""";1
"ФЕДЕРАЛЬНОЕ КАЗЕННОЕ УЧРЕЖДЕНИЕ ЗДРАВООХРАНЕНИЯ ""МЕДИКО-САНИТАРНАЯ ЧАСТЬ № 61 ФЕДЕРАЛЬНОЙ СЛУЖБЫ ИСПОЛНЕНИЯ НАКАЗАНИЙ""";1
"МУП ""АВТОКОЛОННА № 1456""";1
"ФЕДЕРАЛЬНОЕ КАЗЕННОЕ  УЧРЕЖДЕНИЕ ЗДРАВООХРАНЕНИЯ ""МЕДИКО-САНИТАРНАЯ ЧАСТЬ МИНИСТЕРСТВА ВНУТРЕННИХ ДЕЛ РОССИЙСКОЙ ФЕДЕРАЦИИ ПО ЗАБАЙКАЛЬСКОМУ КРАЮ""";1
ГОСУДАРСТВЕННОЕ БЮДЖЕТНОЕ УЧРЕЖДЕНИЕ ЗДРАВООХРАНЕНИЯ РЕСПУБЛИКИ КРЫМ «СИМФЕРОПОЛЬСКИЙ КЛИНИЧЕСКИЙ РОДИЛЬНЫЙ ДОМ №2»;1
ГАПОУ СО ВТК;1
"федеральное государственное бюджетное учреждение ""Северо-Каспийское бассейновое управление по рыболовству и сохранению водных биологических ресурсов""";1
ВОЙСКОВАЯ ЧАСТЬ 38994;1
Государственное учреждение - региональное отделение Фонда социального страхования Российской Федерации по Республике Башкортостан;1
"ФЕДЕРАЛЬНОЕ КАЗЕННОЕ УЧРЕЖДЕНИЕ ЗДРАВООХРАНЕНИЯ  ""МЕДИКО-САНИТАРНАЯ ЧАСТЬ № 23 ФЕДЕРАЛЬНОЙ СЛУЖБЫ ИСПОЛНЕНИЯ НАКАЗАНИЙ""";1
ГОСУДАРСТВЕННОЕ БЮДЖЕТНОЕ ДОШКОЛЬНОЕ ОБРАЗОВАТЕЛЬНОЕ УЧРЕЖДЕНИЕ ДЕТСКИЙ САД № 11 КОМБИНИРОВАННОГО ВИДА КРАСНОСЕЛЬСКОГО РАЙОНА САНКТ-ПЕТЕРБУРГА;1
"ГОСУДАРСТВЕННОЕ УЧРЕЖДЕНИЕ ЗДРАВООХРАНЕНИЯ САРАТОВСКОЙ ОБЛАСТИ ""ПЕТРОВСКАЯ РАЙОННАЯ БОЛЬНИЦА""";1
"ГБУЗ ""ВЕЛИКОЛУКСКАЯ МБ""";1
АДМИНИСТРАЦИЯ КРОПАЧЕВСКОГО ГОРОДСКОГО ПОСЕЛЕНИЯ АШИНСКОГО МУНИЦИПАЛЬНОГО РАЙОНА ЧЕЛЯБИНСКОЙ ОБЛАСТИ;1
"ФЕДЕРАЛЬНОЕ КАЗЕННОЕ УЧРЕЖДЕНИЕ ЗДРАВООХРАНЕНИЯ ""МЕДИКО-САНИТАРНАЯ ЧАСТЬ МИНИСТЕРСТВА ВНУТРЕННИХ ДЕЛ РОССИЙСКОЙ ФЕДЕРАЦИИ ПО РЕСПУБЛИКЕ КАРЕЛИЯ""";1
"ФЕДЕРАЛЬНОЕ КАЗЕННОЕ УЧРЕЖДЕНИЕ ""ИСПРАВИТЕЛЬНАЯ КОЛОНИЯ № 3 УПРАВЛЕНИЯ ФЕДЕРАЛЬНОЙ СЛУЖБЫ ИСПОЛНЕНИЯ НАКАЗАНИЙ ПО ТАМБОВСКОЙ ОБЛАСТИ""";1
"ГОСУДАРСТВЕННОЕ БЮДЖЕТНОЕ ДОШКОЛЬНОЕ ОБРАЗОВАТЕЛЬНОЕ УЧРЕЖДЕНИЕ ДЕТСКИЙ САД № 6 КОМБИНИРОВАННОГО ВИДА ПУШКИНСКОГО РАЙОНА САНКТ-ПЕТЕРБУРГА ""РЕЧЕЦВЕТИК""";1
"ГОСУДАРСТВЕННОЕ КАЗЕННОЕ ОБРАЗОВАТЕЛЬНОЕ УЧРЕЖДЕНИЕ ВЫСШЕГО ОБРАЗОВАНИЯ ""РОССИЙСКАЯ ТАМОЖЕННАЯ АКАДЕМИЯ""";1
Балина Светлана Викторовна;1
"ФЕДЕРАЛЬНОЕ ГОСУДАРСТВЕННОЕ КАЗЕННОЕ УЧРЕЖДЕНИЕ ""УПРАВЛЕНИЕ ВОЕНИЗИРОВАННЫХ ГОРНОСПАСАТЕЛЬНЫХ ЧАСТЕЙ В СТРОИТЕЛЬСТВЕ""";1
ГОСУДАРСТВЕННОЕ УЧРЕЖДЕНИЕ-ОТДЕЛЕНИЕ ПЕНСИОННОГО ФОНДА РОССИЙСКОЙ ФЕДЕРАЦИИ ПО РЕСПУБЛИКЕ МАРИЙ ЭЛ;1
"ГОСУДАРСТВЕННОЕ БЮДЖЕТНОЕ УЧРЕЖДЕНИЕ ""КУРГАНСКИЙ ОБЛАСТНОЙ ПЕРИНАТАЛЬНЫЙ ЦЕНТР""";1
ЧЕЛЯБИНСКИЙ ОБЛАСТНОЙ СУД;1
"ГОСУДАРСТВЕННОЕ УЧРЕЖДЕНИЕ ЗДРАВООХРАНЕНИЯ САРАТОВСКОЙ ОБЛАСТИ ""САРАТОВСКАЯ РАЙОННАЯ БОЛЬНИЦА""";1
"ФГУП ""НАМИ""";1
администрация Октябрьского района;1
"Федеральное государственное бюджетное учреждение ""Научно-клинический центр оториноларингологии Федерального медико-биологического агентства""";1
"БЮДЖЕТНОЕ УЧРЕЖДЕНИЕ ХАНТЫ-МАНСИЙСКОГО АВТОНОМНОГО ОКРУГА - ЮГРЫ ""ХАНТЫ-МАНСИЙСКАЯ КЛИНИЧЕСКАЯ ПСИХОНЕВРОЛОГИЧЕСКАЯ БОЛЬНИЦА""";1
"ГОСУДАРСТВЕННОЕ БЮДЖЕТНОЕ УЧРЕЖДЕНИЕ ЗДРАВООХРАНЕНИЯ РЕСПУБЛИКИ КОМИ ""УХТИНСКАЯ ГОРОДСКАЯ БОЛЬНИЦА №1""";1
"Акционерное общество ""Центр судоремонта ""Звездочка""";1
администрация города Урай;1
УФПС МОСКОВСКОЙ ОБЛАСТИ;1
УФПС МУРМАНСКОЙ ОБЛАСТИ;1
"ФЕДЕРАЛЬНОЕ ГОСУДАРСТВЕННОЕ КАЗЕННОЕ УЧРЕЖДЕНИЕ ""УПРАВЛЕНИЕ ВНЕВЕДОМСТВЕННОЙ ОХРАНЫ УПРАВЛЕНИЯ МИНИСТЕРСТВА ВНУТРЕННИХ ДЕЛ РОССИЙСКОЙ ФЕДЕРАЦИИ ПО БРЯНСКОЙ ОБЛА";1
АРБИТРАЖНЫЙ СУД ЗАПАДНО-СИБИРСКОГО ОКРУГА;1
"ФЕДЕРАЛЬНОЕ КАЗЕННОЕ УЧРЕЖДЕНИЕ ""ГЛАВНОЕ БЮРО МЕДИКО-СОЦИАЛЬНОЙ ЭКСПЕРТИЗЫ ПО САРАТОВСКОЙ ОБЛАСТИ"" МИНИСТЕРСТВА ТРУДА И СОЦИАЛЬНОЙ ЗАЩИТЫ РОССИЙСКОЙ ФЕДЕРАЦИИ";1
Министерство развития конкуренции и экономики Ульяновской области;1
"ФЕДЕРАЛЬНОЕ КАЗЕННОЕ УЧРЕЖДЕНИЕ ""ОБЪЕДИНЕНИЕ ИСПРАВИТЕЛЬНЫХ КОЛОНИЙ № 30 ГЛАВНОГО УПРАВЛЕНИЯ ФЕДЕРАЛЬНОЙ СЛУЖБЫ ИСПОЛНЕНИЯ НАКАЗАНИЙ ПО КРАСНОЯРСКОМУ КРАЮ""";1
"ГОСУДАРСТВЕННОЕ БЮДЖЕТНОЕ УЧРЕЖДЕНИЕ ""КУРТАМЫШСКАЯ ЦЕНТРАЛЬНАЯ РАЙОННАЯ БОЛЬНИЦА ИМЕНИ К.И.ЗОЛОТАВИНА""";1
"государственное казенное учреждение Рязанской области ""Центр закупок Рязанской области""";1
"ФЕДЕРАЛЬНОЕ ГОСУДАРСТВЕННОЕ КАЗЕННОЕ УЧРЕЖДЕНИЕ ""САНАТОРИЙ ""ЖЕМЧУЖИНА КАВКАЗА"" ФЕДЕРАЛЬНОЙ СЛУЖБЫ БЕЗОПАСНОСТИ РОССИЙСКОЙ ФЕДЕРАЦИИ""";1
"САНКТ-ПЕТЕРБУРГСКОЕ  ГОСУДАРСТВЕННОЕ  БЮДЖЕТНОЕ УЧРЕЖДЕНИЕ  ЗДРАВООХРАНЕНИЯ  ""ДЕТСКИЙ  САНАТОРИЙ - РЕАБИЛИТАЦИОННЫЙ  ЦЕНТР ""ДЕТСКИЕ  ДЮНЫ""";1
ЗАКОНОДАТЕЛЬНОЕ СОБРАНИЕ ВОЛОГОДСКОЙ ОБЛАСТИ;1
"КРАЕВОЕ ГОСУДАРСТВЕННОЕ БЮДЖЕТНОЕ УЧРЕЖДЕНИЕ ЗДРАВООХРАНЕНИЯ ""ТУРИНСКАЯ МЕЖРАЙОННАЯ БОЛЬНИЦА""";1
ГОСУДАРСТВЕННОЕ БЮДЖЕТНОЕ ОБЩЕОБРАЗОВАТЕЛЬНОЕ УЧРЕЖДЕНИЕ СРЕДНЯЯ ОБЩЕОБРАЗОВАТЕЛЬНАЯ ШКОЛА №221 КИРОВСКОГО РАЙОНА САНКТ-ПЕТЕРБУРГА;1
"ФЕДЕРАЛЬНОЕ КАЗЕННОЕ УЧРЕЖДЕНИЕ ""14 ОТРЯД ФЕДЕРАЛЬНОЙ ПРОТИВОПОЖАРНОЙ СЛУЖБЫ ГОСУДАРСТВЕННОЙ ПРОТИВОПОЖАРНОЙ СЛУЖБЫ ПО ХАНТЫ-МАНСИЙСКОМУ АВТОНОМНОМУ ОКРУГУ - ЮГ";1
Администрация муниципального образования Красноселькупский район;1
АДМИНИСТРАЦИЯ МУНИЦИПАЛЬНОГО ОБРАЗОВАНИЯ БЕЛОРЕЧЕНСКИЙ РАЙОН;1
"ФЕДЕРАЛЬНОЕ КАЗЕННОЕ УЧРЕЖДЕНИЕ ""ИСПРАВИТЕЛЬНАЯ КОЛОНИЯ № 1 УПРАВЛЕНИЯ ФЕДЕРАЛЬНОЙ СЛУЖБЫ ИСПОЛНЕНИЯ НАКАЗАНИЙ ПО КУРГАНСКОЙ ОБЛАСТИ""";1
Лутошкин Владимир Александрович;1
"ФЕДЕРАЛЬНОЕ ГОСУДАРСТВЕННОЕ БЮДЖЕТНОЕ НАУЧНОЕ УЧРЕЖДЕНИЕ ""НАУЧНО-ИССЛЕДОВАТЕЛЬСКИЙ ИНСТИТУТ ПИТАНИЯ""";1
"ГОСУДАРСТВЕННОЕ БЮДЖЕТНОЕ УЧРЕЖДЕНИЕ ЗДРАВООХРАНЕНИЯ СВЕРДЛОВСКОЙ ОБЛАСТИ ""СВЕРДЛОВСКИЙ ОБЛАСТНОЙ ЦЕНТР  ПРОФИЛАКТИКИ И БОРЬБЫ СО СПИД""";1
"ФЕДЕРАЛЬНОЕ ГОСУДАРСТВЕННОЕ КАЗЕННОЕ УЧРЕЖДЕНИЕ ""СПЕЦИАЛИЗИРОВАННАЯ ПОЖАРНО-СПАСАТЕЛЬНАЯ ЧАСТЬ ФЕДЕРАЛЬНОЙ ПРОТИВОПОЖАРНОЙ СЛУЖБЫ ПО ОРЛОВСКОЙ ОБЛАСТИ""";1
"ФЕДЕРАЛЬНОЕ БЮДЖЕТНОЕ УЧРЕЖДЕНИЕ ""УПРАВЛЕНИЕ АДМИНИСТРАТИВНЫМИ ЗДАНИЯМИ МИНИСТЕРСТВА ЭКОНОМИЧЕСКОГО РАЗВИТИЯ РОССИЙСКОЙ ФЕДЕРАЦИИ""";1
КОМИТЕТ ПО МУНИЦИПАЛЬНЫМ ЗАКУПКАМ И РЕГУЛИРОВАНИЮ ТАРИФОВ АДМИНИСТРАЦИИ ГОРОДА УЛЬЯНОВСКА;1
"САНКТ-ПЕТЕРБУРГСКОЕ ГОСУДАРСТВЕННОЕ КАЗЕННОЕ УЧРЕЖДЕНИЕ ""КАМЕННООСТРОВСКИЙ ДВОРЕЦ""";1
"САНКТ-ПЕТЕРБУРГСКОЕ ГОСУДАРСТВЕННОЕ БЮДЖЕТНОЕ СТАЦИОНАРНОЕ УЧРЕЖДЕНИЕ СОЦИАЛЬНОГО ОБСЛУЖИВАНИЯ ""ПСИХОНЕВРОЛОГИЧЕСКИЙ ИНТЕРНАТ №7""";1
ФЕДЕРАЛЬНОЕ ГОСУДАРСТВЕННОЕ БЮДЖЕТНОЕ УЧРЕЖДЕНИЕ НАУКИ ТИХООКЕАНСКИЙ ОКЕАНОЛОГИЧЕСКИЙ ИНСТИТУТ ИМ. В.И. ИЛЬИЧЕВА ДАЛЬНЕВОСТОЧНОГО ОТДЕЛЕНИЯ РОССИЙСКОЙ АКАДЕМИИ;1
ЦЕНТРАЛЬНАЯ БАЗОВАЯ ТАМОЖНЯ;1
"ГОСУДАРСТВЕННОЕ БЮДЖЕТНОЕ УЧРЕЖДЕНИЕ ЗДРАВООХРАНЕНИЯ РЕСПУБЛИКИ КРЫМ ""ФЕОДОСИЙСКИЙ МЕДИЦИНСКИЙ ЦЕНТР""";1
Дронов Олег Владимирович;1
Войсковая часть 2147;1
"ОБЩЕСТВО С ОГРАНИЧЕННОЙ ОТВЕТСТВЕННОСТЬЮ  ""ТОРГОВЫЙ ДОМ ""ЗВЕЗДА-СТРЕЛА""";1
ГБУЗ НСО   КСП № 3;1
"ГОСУДАРСТВЕННОЕ БЮДЖЕТНОЕ УЧРЕЖДЕНИЕ ЗДРАВООХРАНЕНИЯ ""САХАЛИНСКИЙ ТЕРРИТОРИАЛЬНЫЙ ЦЕНТР МЕДИЦИНЫ КАТАСТРОФ И МОБИЛИЗАЦИОННОГО РЕЗЕРВА""";1
ГАУЗ 'ООБ № 3';1
Государственное бюджетное учреждение здравоохранения Республики Башкортостан Клинический родильный дом № 4 города Уфа;1
"МУП ""ТЭСИ""";1
МИНИСТЕРСТВО ВНУТРЕННИХ ДЕЛ РОССИЙСКОЙ ФЕДЕРАЦИИ;1
"ГОСУДАРСТВЕННОЕ УЧРЕЖДЕНИЕ ЗДРАВООХРАНЕНИЯ САРАТОВСКОЙ ОБЛАСТИ ""ПИТЕРСКАЯ РАЙОННАЯ БОЛЬНИЦА""";1
АДМИНИСТРАЦИЯ ГУБКИНСКОГО ГОРОДСКОГО ОКРУГА;1
"ФЕДЕРАЛЬНОЕ ГОСУДАРСТВЕННОЕ БЮДЖЕТНОЕ УЧРЕЖДЕНИЕ ""ТВЕРСКАЯ МЕЖОБЛАСТНАЯ ВЕТЕРИНАРНАЯ ЛАБОРАТОРИЯ""";1
"ГОСУДАРСТВЕННОЕ БЮДЖЕТНОЕ УЧРЕЖДЕНИЕ ЗДРАВООХРАНЕНИЯ СВЕРДЛОВСКОЙ ОБЛАСТИ ""НИЖНЕТУРИНСКАЯ ЦЕНТРАЛЬНАЯ ГОРОДСКАЯ БОЛЬНИЦА""";1
УПРАВЛЕНИЕ ОРГАНИЗАЦИИ ЗАКУПОК АДМИНИСТРАЦИИ ГОРОДА НОВЫЙ УРЕНГОЙ;1
АО   УБТ - Уралвагонзавод;1
"ГОСУДАРСТВЕННОЕ БЮДЖЕТНОЕ УЧРЕЖДЕНИЕ ЗДРАВООХРАНЕНИЯ КАЛИНИНГРАДСКОЙ ОБЛАСТИ ""ГОРОДСКАЯ ДЕТСКАЯ СТОМАТОЛОГИЧЕСКАЯ ПОЛИКЛИНИКА""";1
"КРАЕВОЕ ГОСУДАРСТВЕННОЕ БЮДЖЕТНОЕ УЧРЕЖДЕНИЕ ЗДРАВООХРАНЕНИЯ ""ИДРИНСКАЯ РАЙОННАЯ БОЛЬНИЦА""";1
"ФЕДЕРАЛЬНОЕ КАЗЕННОЕ УЧРЕЖДЕНИЕ ""ИСПРАВИТЕЛЬНАЯ КОЛОНИЯ № 8 ГЛАВНОГО УПРАВЛЕНИЯ ФЕДЕРАЛЬНОЙ СЛУЖБЫ ИСПОЛНЕНИЯ НАКАЗАНИЙ ПО ЧЕЛЯБИНСКОЙ ОБЛАСТИ""";1
"ФЕДЕРАЛЬНОЕ ГОСУДАРСТВЕННОЕ БЮДЖЕТНОЕ ОБРАЗОВАТЕЛЬНОЕ УЧРЕЖДЕНИЕ ВЫСШЕГО ПРОФЕССИОНАЛЬНОГО ОБРАЗОВАНИЯ ""МОСКОВСКИЙ ПЕДАГОГИЧЕСКИЙ ГОСУДАРСТВЕННЫЙ УНИВЕРСИТЕТ""";1
"ФЕДЕРАЛЬНОЕ КАЗЕННОЕ УЧРЕЖДЕНИЕ ""СЛЕДСТВЕННЫЙ ИЗОЛЯТОР № 1 УПРАВЛЕНИЯ ФЕДЕРАЛЬНОЙ СЛУЖБЫ ИСПОЛНЕНИЯ НАКАЗАНИЙ ПО СТАВРОПОЛЬСКОМУ КРАЮ""";1
"ГОСУДАРСТВЕННОЕ БЮДЖЕТНОЕ УЧРЕЖДЕНИЕ ЗДРАВООХРАНЕНИЯ САХАЛИНСКОЙ ОБЛАСТИ ""УГЛЕГОРСКАЯ ЦЕНТРАЛЬНАЯ РАЙОННАЯ БОЛЬНИЦА""";1
"МУНИЦИПАЛЬНОЕ БЮДЖЕТНОЕ УЧРЕЖДЕНИЕ ЗДРАВООХРАНЕНИЯ ""КОРЕНОВСКАЯ ЦЕНТРАЛЬНАЯ РАЙОННАЯ БОЛЬНИЦА""";1
Управление Федеральной службы государственной регистрации, кадастра и картографии по Кировской области;1
УПРАВЛЕНИЕ ФЕДЕРАЛЬНОЙ МИГРАЦИОННОЙ СЛУЖБЫ ПО ИРКУТСКОЙ ОБЛАСТИ;1
ВОЙСКОВАЯ ЧАСТЬ 5402;1
"ФЕДЕРАЛЬНОЕ КАЗЕННОЕ УЧРЕЖДЕНИЕ ЗДРАВООХРАНЕНИЯ ""МЕДИКО-САНИТАРНАЯ ЧАСТЬ № 18 ФЕДЕРАЛЬНОЙ СЛУЖБЫ ИСПОЛНЕНИЯ НАКАЗАНИЙ""";1
"МУНИЦИПЛЬНОЕ КАЗЕННОЕ УЧРЕЖДЕНИЕ ""УПРАВЛЕНИЕ ПО ЗАКУПКАМ, ИМУЩЕСТВУ И ЗЕМЕЛЬНЫМ ОТНОШЕНИЯМ СУЗДАЛЬСКОГО РАЙОНА""";1
"ФЕДЕРАЛЬНОЕ ГОСУДАРСТВЕННОЕ БЮДЖЕТНОЕ УЧРЕЖДЕНИЕ ""НАЦИОНАЛЬНЫЙ МЕДИЦИНСКИЙ ИССЛЕДОВАТЕЛЬСКИЙ РАДИОЛОГИЧЕСКИЙ ЦЕНТР"" МИНИСТЕРСТВА ЗДРАВООХРАНЕНИЯ РОССИЙСКОЙ ФЕДЕ";1
"Санкт-Петербургское государственное бюджетное учреждение культуры "" Кукольный театр сказки""";1
"ФЕДЕРАЛЬНОЕ КАЗЕННОЕ УЧРЕЖДЕНИЕ ""ОБЪЕДИНЕНИЕ ИСПРАВИТЕЛЬНЫХ КОЛОНИЙ № 36 ГЛАВНОГО УПРАВЛЕНИЯ ФЕДЕРАЛЬНОЙ СЛУЖБЫ ИСПОЛНЕНИЯ НАКАЗАНИЙ ПО КРАСНОЯРСКОМУ КРАЮ""";1
"КИРОВСКОЕ ОБЛАСТНОЕ ГОСУДАРСТВЕННОЕ КАЗЕННОЕ УЧРЕЖДЕНИЕ ""КИРОВСКАЯ ОБЛАСТНАЯ ПОЖАРНО-СПАСАТЕЛЬНАЯ СЛУЖБА""";1
ФЕДЕРАЛЬНОЕ ГОСУДАРСТВЕННОЕ БЮДЖЕТНОЕ УЧРЕЖДЕНИЕ НАУКИ КРАСНОЯРСКИЙ НАУЧНЫЙ ЦЕНТР СИБИРСКОГО ОТДЕЛЕНИЯ РОССИЙСКОЙ АКАДЕМИИ НАУК;1
"Муниципальное казенное учреждение ""Управление жилищно-коммунального хозяйства"" муниципального образования ""Город Мирный"" Мирнинского района Республики Саха (Яку";1
"АКЦИОНЕРНОЕ ОБЩЕСТВО ""РАВЕНСТВО""";1
войсковая часть 3671;1
"ГОСУДАРСТВЕННОЕ БЮДЖЕТНОЕ УЧРЕЖДЕНИЕ ЗДРАВООХРАНЕНИЯ МОСКОВСКОЙ ОБЛАСТИ ""ЖУКОВСКАЯ ГОРОДСКАЯ КЛИНИЧЕСКАЯ БОЛЬНИЦА""";1
"государственное бюджетное учреждение здравоохранения Московской области ""Пушкинская поликлиника микрорайона Клязьма""";1
"КРАЕВОЕ ГОСУДАРСТВЕННОЕ БЮДЖЕТНОЕ УЧРЕЖДЕНИЕ ЗДРАВООХРАНЕНИЯ ""ВЛАДИВОСТОКСКАЯ ДЕТСКАЯ ПОЛИКЛИНИКА №  3""";1
УПРАВЛЕНИЕ ЗДРАВООХРАНЕНИЯ ЛИПЕЦКОЙ ОБЛАСТИ;1
"ФЕДЕРАЛЬНОЕ КАЗЕННОЕ УЧРЕЖДЕНИЕ ЗДРАВООХРАНЕНИЯ ""МЕДИКО-САНИТАРНАЯ ЧАСТЬ № 74 ФЕДЕРАЛЬНОЙ СЛУЖБЫ ИСПОЛНЕНИЯ НАКАЗАНИЙ""";1
СУД ЧУКОТСКОГО АВТОНОМНОГО ОКРУГА;1
ФГУП 'Нижегородское ПрОП' Минтруда России;1
"ФЕДЕРАЛЬНОЕ КАЗЕННОЕ УЧРЕЖДЕНИЕ ""ЛЕЧЕБНОЕ ИСПРАВИТЕЛЬНОЕ УЧРЕЖДЕНИЕ №2 УПРАВЛЕНИЯ ФЕДЕРАЛЬНОЙ СЛУЖБЫ ИСПОЛНЕНИЯ НАКАЗАНИЙ ПО ЕВРЕЙСКОЙ АВТОНОМНОЙ ОБЛАСТИ""";1
"МУНИЦИПАЛЬНОЕ БЮДЖЕТНОЕ УЧРЕЖДЕНИЕ ""ЦЕНТРАЛЬНАЯ ГОРОДСКАЯ БОЛЬНИЦА""";1
ЮЖНЫЙ РЕГИОНАЛЬНЫЙ ЦЕНТР ПО ДЕЛАМ ГРАЖДАНСКОЙ ОБОРОНЫ, ЧРЕЗВЫЧАЙНЫМ СИТУАЦИЯМ И ЛИКВИДАЦИИ ПОСЛЕДСТВИЙ СТИХИЙНЫХ БЕДСТВИЙ;1
"ФЕДЕРАЛЬНОЕ КАЗЕННОЕ УЧРЕЖДЕНИЕ ЗДРАВООХРАНЕНИЯ ""МЕДИКО-САНИТАРНАЯ ЧАСТЬ № 73 ФЕДЕРАЛЬНОЙ СЛУЖБЫ ИСПОЛНЕНИЯ НАКАЗАНИЙ""";1
"ГОСУДАРСТВЕННОЕ УЧРЕЖДЕНИЕ ЗДРАВООХРАНЕНИЯ ""САРАТОВСКАЯ ГОРОДСКАЯ КЛИНИЧЕСКАЯ БОЛЬНИЦА № 9""";1
"ОАО ""СКС""";1
"ФЕДЕРАЛЬНОЕ ГОСУДАРСТВЕННОЕ БЮДЖЕТНОЕ УЧРЕЖДЕНИЕ ""ПРОИЗВОДСТВЕННО-ТЕХНИЧЕСКИЙ ЦЕНТР ФЕДЕРАЛЬНОЙ ПРОТИВОПОЖАРНОЙ СЛУЖБЫ ПО ТВЕРСКОЙ ОБЛАСТИ""";1
"МУНИЦИПАЛЬНОЕ БЮДЖЕТНОЕ ЛЕЧЕБНО-ПРОФИЛАКТИЧЕСКОЕ  УЧРЕЖДЕНИЕ ""ГОРОДСКАЯ КЛИНИЧЕСКАЯ БОЛЬНИЦА № 5""";1
"федеральное казенное учреждение ""Центр хозяйственного и сервисного обеспечения Министерства внутренних дел по Удмуртской Республике""";1
"ГОСУДАРСТВЕННОЕ КАЗЕННОЕ УЧРЕЖДЕНИЕ РЕСПУБЛИКИ КАРЕЛИЯ ""ОТРЯД ПРОТИВОПОЖАРНОЙ СЛУЖБЫ ПО ПРИОНЕЖСКОМУ РАЙОНУ""";1
"федеральное государственное бюджетное учреждение ""Производственно-технический центр федеральной противопожарной службы по Республике Башкортостан""";1
"ГОСУДАРСТВЕННОЕ БЮДЖЕТНОЕ УЧРЕЖДЕНИЕ ЗДРАВООХРАНЕНИЯ ПЕРМСКОГО КРАЯ ""ГОРОДСКАЯ  ДЕТСКАЯ КЛИНИЧЕСКАЯ БОЛЬНИЦА № 15""";1
оперативно-поисковая служба - филиал Регионального оперативно-поискового управления (г. Нижний Новгород);1
"БЮДЖЕТНОЕ УЧРЕЖДЕНИЕ ХАНТЫ-МАНСИЙСКОГО АВТОНОМНОГО ОКРУГА - ЮГРЫ ""СУРГУТСКАЯ ОКРУЖНАЯ КЛИНИЧЕСКАЯ БОЛЬНИЦА""";1
"ГАУ СО ""ГК ""Гора Белая""";1
"ФЕДЕРАЛЬНОЕ ГОСУДАРСТВЕННОЕ БЮДЖЕТНОЕ УЧРЕЖДЕНИЕ ""27 НАУЧНЫЙ ЦЕНТР"" МИНИСТЕРСТВА ОБОРОНЫ РОССИЙСКОЙ ФЕДЕРАЦИИ";1
"ГОСУДАРСТВЕННОЕ БЮДЖЕТНОЕ УЧРЕЖДЕНИЕ ЗДРАВООХРАНЕНИЯ МОСКОВСКОЙ ОБЛАСТИ ""ВИДНОВСКИЙ ПЕРИНАТАЛЬНЫЙ ЦЕНТР""";1
"САНКТ-ПЕТЕРБУРГСКОЕ ГОСУДАРСТВЕННОЕ БЮДЖЕТНОЕ УЧРЕЖДЕНИЕ ЗДРАВООХРАНЕНИЯ ""ЦЕНТР ПЛАНИРОВАНИЯ СЕМЬИ И РЕПРОДУКЦИИ""";1
"ФЕДЕРАЛЬНОЕ КАЗЕННОЕ УЧРЕЖДЕНИЕ ""12 ОТРЯД ФЕДЕРАЛЬНОЙ ПРОТИВОПОЖАРНОЙ СЛУЖБЫ ГОСУДАРСТВЕННОЙ ПРОТИВОПОЖАРНОЙ СЛУЖБЫ ПО ПЕРМСКОМУ КРАЮ (ДОГОВОРНОЙ)""";1
Администрация города Дудинки;1
"Санкт-Петербургское государственное казенное учреждение ""Многофункциональный центр предоставления государственных и муниципальных услуг""";1
"федеральное казенное учреждение здравоохранения ""Центр восстановительной медицины и реабилитации ""Сосновый"" Министерства внутренних дел Российской Федерации""";1
"государственное бюджетное учреждение здравоохранения Свердловской области ""Демидовская городская больница""";1
"ФЕДЕРАЛЬНОЕ ГОСУДАРСТВЕННОЕ БЮДЖЕТНОЕ УЧРЕЖДЕНИЕ ""ПРОИЗВОДСТВЕННО-ТЕХНИЧЕСКИЙ ЦЕНТР ФЕДЕРАЛЬНОЙ ПРОТИВОПОЖАРНОЙ СЛУЖБЫ ПО ВОЛОГОДСКОЙ ОБЛАСТИ""";1
"МУНИЦИПАЛЬНОЕ БЮДЖЕТНОЕ УЧРЕЖДЕНИЕ ЗДРАВООХРАНЕНИЯ ""ГОРОДСКАЯ БОЛЬНИЦА №2""";1
"ФЕДЕРАЛЬНОЕ КАЗЕННОЕ УЧРЕЖДЕНИЕ ""6 ОТРЯД ФЕДЕРАЛЬНОЙ ПРОТИВОПОЖАРНОЙ СЛУЖБЫ ГОСУДАРСТВЕННОЙ ПРОТИВОПОЖАРНОЙ СЛУЖБЫ ПО ПЕРМСКОМУ КРАЮ (ДОГОВОРНОЙ)""";1
"ФГАОУ ВО ""ДАЛЬНЕВОСТОЧНЫЙ ФЕДЕРАЛЬНЫЙ УНИВЕРСИТЕТ"", ДАЛЬНЕВОСТОЧНЫЙ ФЕДЕРАЛЬНЫЙ УНИВЕРСИТЕТ, ФГАОУ ВО ДВФУ, ДВФУ";1
"РУДН, РОССИЙСКИЙ УНИВЕРСИТЕТ ДРУЖБЫ НАРОДОВ, ФГАОУ ВО РУДН,ФГАОУ ВО ""РОССИЙСКИЙ УНИВЕРСИТЕТ ДРУЖБЫ НАРОДОВ""";1
Управление Министерства внутренних дел Российской Федерации по Оренбургской области;1
МП ГЖКУ;1
"ФЕДЕРАЛЬНОЕ ГОСУДАРСТВЕННОЕ КАЗЕННОЕ  УЧРЕЖДЕНИЕ ""СПЕЦИАЛЬНОЕ УПРАВЛЕНИЕ ФЕДЕРАЛЬНОЙ ПРОТИВОПОЖАРНОЙ СЛУЖБЫ № 7 МИНИСТЕРСТВА РОССИЙСКОЙ ФЕДЕРАЦИИ ПО ДЕЛАМ ГРАЖД";1
"федеральное казенное учреждение ""Лечебное исправительное учреждение № 5 Управления Федеральной службы исполнения наказаний по Республике Бурятия""";1
"ФБУ ""НОВОСИБИРСКИЙ ЦСМ""";1
"федеральное государственное казенное учреждение ""Специальное управление федеральной противопожарной службы № 87 Министерства Российской Федерации по делам гражд";1
"Федеральное государственное казенное учреждение комбинат ""Механик"" Управления Федерального агентства по государственным резервам по Приволжскому федеральному ок";1
"ООО ""Монолитстройсервис""";1
"ФЕДЕРАЛЬНОЕ ГОСУДАРСТВЕННОЕ БЮДЖЕТНОЕ УЧРЕЖДЕНИЕ ТУБЕРКУЛЕЗНЫЙ САНАТОРИЙ ""ВЫБОРГ-7"" МИНИСТЕРСТВА ЗДРАВООХРАНЕНИЯ РОССИЙСКОЙ ФЕДЕРАЦИИ";1
"ГАУ ""Областной центр реабилитации инвалидов""";1
МЕЖРАЙОННАЯ ИНСПЕКЦИЯ ФЕДЕРАЛЬНОЙ НАЛОГОВОЙ СЛУЖБЫ № 10 ПО ТВЕРСКОЙ ОБЛАСТИ;1
Ермолаев Олег Владимирович;1
"федеральное государственное казенное учреждение ""Войсковая часть 55002""";1
"ФЕДЕРАЛЬНОЕ ГОСУДАРСТВЕННОЕ БЮДЖЕТНОЕ ОБРАЗОВАТЕЛЬНОЕ УЧРЕЖДЕНИЕ ВЫСШЕГО ПРОФЕССИОНАЛЬНОГО ОБРАЗОВАНИЯ ""ВОЛОГОДСКИЙ ГОСУДАРСТВЕННЫЙ УНИВЕРСИТЕТ""";1
"федеральное государственное казенное учреждение ""1 отряд федеральной противопожарной службы по Сахалинской области""";1
"АО""НПП""РАДИОСВЯЗЬ""";1
"САНКТ-ПЕТЕРБУРГСКОЕ ГОСУДАРСТВЕННОЕ БЮДЖЕТНОЕ УЧРЕЖДЕНИЕ ЗДРАВООХРАНЕНИЯ ""СТОМАТОЛОГИЧЕСКАЯ ПОЛИКЛИНИКА № 12""";1
"КРАЕВОЕ ГОСУДАРСТВЕННОЕ БЮДЖЕТНОЕ УЧРЕЖДЕНИЕ ЗДРАВООХРАНЕНИЯ ""МИХАЙЛОВСКАЯ ЦЕНТРАЛЬНАЯ РАЙОННАЯ БОЛЬНИЦА""";1
"ФЕДЕРАЛЬНОЕ КАЗЕННОЕ  УЧРЕЖДЕНИЕ ЗДРАВООХРАНЕНИЯ  ""САНАТОРИЙ ""САЛЮТ"" МИНИСТЕРСТВА ВНУТРЕННИХ ДЕЛ РОССИЙСКОЙ ФЕДЕРАЦИИ""";1
"ФЕДЕРАЛЬНОЕ КАЗЕННОЕ УЧРЕЖДЕНИЕ ЗДРАВООХРАНЕНИЯ ""МЕДИКО-САНИТАРНАЯ ЧАСТЬ МИНИСТЕРСТВА ВНУТРЕННИХ ДЕЛ РОССИЙСКОЙ ФЕДЕРАЦИИ ПО ЕВРЕЙСКОЙ АВТОНОМНОЙ ОБЛАСТИ""";1
АДМИНИСТРАЦИЯ МУНИЦИПАЛЬНОГО ОБРАЗОВАНИЯ Г.БОДАЙБО И РАЙОНА;1
"ФЕДЕРАЛЬНОЕ ГОСУДАРСТВЕННОЕ БЮДЖЕТНОЕ ОБРАЗОВАТЕЛЬНОЕ УЧРЕЖДЕНИЕ ВЫСШЕГО ПРОФЕССИОНАЛЬНОГО ОБРАЗОВАНИЯ ""БРЯНСКИЙ ГОСУДАРСТВЕННЫЙ ТЕХНИЧЕСКИЙ УНИВЕРСИТЕТ""";1
УПРАВЛЕНИЕ ФЕДЕРАЛЬНОГО КАЗНАЧЕЙСТВА ПО ПЕРМСКОМУ КРАЮ;1
"МУНИЦИПАЛЬНОЕ КАЗЁННОЕ УЧРЕЖДЕНИЕ ""ЦЕНТР ПРОВЕДЕНИЯ ТОРГОВ"" МУНИЦИПАЛЬНОГО ОБРАЗОВАНИЯ ДМИТРОВСКИЙ МУНИЦИПАЛЬНЫЙ РАЙОН МОСКОВСКОЙ ОБЛАСТИ";1
РЕГИОНАЛЬНОЕ УПРАВЛЕНИЕ ФЕДЕРАЛЬНОЙ СЛУЖБЫ БЕЗОПАСНОСТИ РОССИЙСКОЙ ФЕДЕРАЦИИ ПО АРХАНГЕЛЬСКОЙ ОБЛАСТИ;1
"федеральное государственное казенное учреждение ""Отряд федеральной противопожарной службы по Орловской области""";1
"ОТКРЫТОЕ АКЦИОНЕРНОЕ ОБЩЕСТВО ""КОНЦЕРН ""АВТОМАТИКА""";1
"Федеральное бюджетное учреждение здравоохранения ""Центр гигиены и эпидемиологии в Удмуртской Республике""";1
"Акционерное общество ""Научно-исследовательский институт полимерных материалов""";1
"ГОСУДАРСТВЕННОЕ БЮДЖЕТНОЕ УЧРЕЖДЕНИЕ ""КУРГАНСКАЯ ДЕТСКАЯ СТОМАТОЛОГИЧЕСКАЯ ПОЛИКЛИНИКА""";1
"ГБУ РД ""РКБ""";1
"ГОСУДАРСТВЕННОЕ УЧРЕЖДЕНИЕ ЗДРАВООХРАНЕНИЯ ""САРАТОВСКАЯ СТОМАТОЛОГИЧЕСКАЯ ПОЛИКЛИНИКА № 6""";1
"федеральное казенное учреждение ""Следственный изолятор № 4 Главного управления Федеральной службы исполнения наказаний по Челябинской области""";1
ИБП РАН;1
"ГОСУДАРСТВЕННОЕ БЮДЖЕТНОЕ УЧРЕЖДЕНИЕ КРАСНОДАРСКОГО КРАЯ ""ЦЕНТР СПОРТИВНОЙ ПОДГОТОВКИ ПО СТРЕЛКОВЫМ ВИДАМ СПОРТА""";1
"Государственное учреждение здравоохранения ""Областная стоматологическая поликлиника-Стоматологический центр""";1
"федеральное государственное бюджетное учреждение ""Производственно-технический центр федеральной противопожарной службы по Новосибирской области""";1
"муниципальное казенное учреждение ""Владивостокская городская поисково-спасательная служба""";1
"ФЕДЕРАЛЬНОЕ КАЗЕННОЕ УЧРЕЖДЕНИЕ ""7 ОТРЯД ФЕДЕРАЛЬНОЙ ПРОТИВОПОЖАРНОЙ СЛУЖБЫ ГОСУДАРСТВЕННОЙ ПРОТИВОПОЖАРНОЙ СЛУЖБЫ ПО ЯМАЛО-НЕНЕЦКОМУ  АВТОНОМНОМУ ОКРУГУ (ДОГОВ";1
"ГОСУДАРСТВЕННОЕ БЮДЖЕТНОЕ УЧРЕЖДЕНИЕ ЗДРАВООХРАНЕНИЯ ПЕРМСКОГО КРАЯ ""КУНГУРСКАЯ ДЕТСКАЯ ГОРОДСКАЯ ПОЛИКЛИНИКА""";1
"Федеральное государственное бюджетное учреждение детский противотуберкулезный санаторий ""Пионер"" Министерства здравоохранения Российской Федерации";1
"ФЕДЕРАЛЬНОЕ БЮДЖЕТНОЕ УЧРЕЖДЕНИЕ ЗДРАВООХРАНЕНИЯ ""ЦЕНТР ГИГИЕНЫ И ЭПИДЕМИОЛОГИИ В АРХАНГЕЛЬСКОЙ ОБЛАСТИ""";1
"ГОСУДАРСТВЕННОЕ УЧРЕЖДЕНИЕ ЗДРАВООХРАНЕНИЯ ""САРАТОВСКАЯ ГОРОДСКАЯ ПОЛИКЛИНИКА № 9""";1
"Государственное бюджетное учреждение здравоохранения ""Городская клиническая больница № 2""";1
"АДМИНИСТРАЦИЯ МУНИЦИПАЛЬНОГО ОБРАЗОВАНИЯ ГОРОДСКОЙ ОКРУГ ""СМИРНЫХОВСКИЙ"" САХАЛИНСКОЙ ОБЛАСТИ РОССИЙСКОЙ ФЕДЕРАЦИИ";1
"федеральное казенное учреждение ""15 отряд федеральной противопожарной службы Государственной противопожарной службы по Ханты-Мансийскому автономному округу - Юг";1
"Бюджетное учреждение здравоохранения муниципального образования Динской район ""Центральная районная больница""";1
УПРАВЛЕНИЕ ПО РАЗМЕЩЕНИЮ ЗАКАЗА АДМИНИСТРАЦИИ ГОРОДА БАЙКОНУР;1
АДМИНИСТРАЦИЯ УГЛЕГОРСКОГО МУНИЦИПАЛЬНОГО РАЙОНА;1
"АДМИНИСТРАЦИЯ ГОРОДСКОГО ПОСЕЛЕНИЯ ""ДНО""";1
"САНКТ-ПЕТЕРБУРГСКОЕ ГОСУДАРСТВЕННОЕ БЮДЖЕТНОЕ УЧРЕЖДЕНИЕ ЗДРАВООХРАНЕНИЯ ""ГОРОДСКАЯ ПОЛИКЛИНИКА № 48""";1
"ФЕДЕРАЛЬНОЕ ГОСУДАРСТВЕННОЕ АВТОНОМНОЕ УЧРЕЖДЕНИЕ ""ЛЕЧЕБНО-РЕАБИЛИТАЦИОННЫЙ ЦЕНТР"" МИНИСТЕРСТВА ЗДРАВООХРАНЕНИЯ РОССИЙСКОЙ ФЕДЕРАЦИИ";1
ГАУЗ КО КОСП;1
"ФЕДЕРАЛЬНОЕ КАЗЕННОЕ УЧРЕЖДЕНИЕ ""ДАЛЬНЕВОСТОЧНОЕ ОКРУЖНОЕ УПРАВЛЕНИЕ МАТЕРИАЛЬНО-ТЕХНИЧЕСКОГО СНАБЖЕНИЯ МИНИСТЕРСТВА ВНУТРЕННИХ ДЕЛ РОССИЙСКОЙ ФЕДЕРАЦИИ""";1
Войсковая часть 68895;1
Индивидуальный предприниматель Гончаров Сергей Евгеньевич;1
"ФЕДЕРАЛЬНОЕ ГОСУДАРСТВЕННОЕ БЮДЖЕТНОЕ ОБРАЗОВАТЕЛЬНОЕ УЧРЕЖДЕНИЕ ВЫСШЕГО ПРОФЕССИОНАЛЬНОГО ОБРАЗОВАНИЯ ""САНКТ-ПЕТЕРБУРГСКИЙ ГОСУДАРСТВЕННЫЙ УНИВЕРСИТЕТ""";1
"САНКТ-ПЕТЕРБУРГСКОЕ ГОСУДАРСТВЕННОЕ БЮДЖЕТНОЕ УЧРЕЖДЕНИЕ ЗДРАВООХРАНЕНИЯ ""ГОРОДСКАЯ ПОЛИКЛИНИКА №76""";1
"ФЕДЕРАЛЬНОЕ ГОСУДАРСТВЕННОЕ КАЗЕННОЕ УЧРЕЖДЕНИЕ ""ДОНСКОЙ СПАСАТЕЛЬНЫЙ ЦЕНТР МЧС РОССИИ """;1
ФЕДЕРАЛЬНОЕ ГОСУДАРСТВЕННОЕ БЮДЖЕТНОЕ УЧРЕЖДЕНИЕ НАУЧНОГО ОБСЛУЖИВАНИЯ УПРАВЛЕНИЕ НАУЧНО-ИССЛЕДОВАТЕЛЬСКОГО ФЛОТА ДАЛЬНЕВОСТОЧНОГО ОТДЕЛЕНИЯ РОССИЙСКОЙ АКАДЕМИИ;1
"КРАЕВОЕ ГОСУДАРСТВЕННОЕ  БЮДЖЕТНОЕ УЧРЕЖДЕНИЕ ЗДРАВООХРАНЕНИЯ ""СПАССКАЯ  СТОМАТОЛОГИЧЕСКАЯ ПОЛИКЛИНИКА""";1
"ФЕДЕРАЛЬНОЕ БЮДЖЕТНОЕ  ЛЕЧЕБНО-ПРОФИЛАКТИЧЕСКОЕ УЧРЕЖДЕНИЕ ""САНАТОРИЙ-ПРОФИЛАКТОРИЙ ""ЗОЛОТОЙ БЕРЕГ"" ФЕДЕРАЛЬНОЙ  НАЛОГОВОЙ СЛУЖБЫ""";1
"МУНИЦИПАЛЬНОЕ КАЗЕННОЕ УЧРЕЖДЕНИЕ ""УПРАВЛЕНИЕ ЗАКУПОК ЧАЙКОВСКОГО МУНИЦИПАЛЬНОГО РАЙОНА""";1
Администрация городского округа город Стерлитамак Республики Башкортостан;1
"Государственное бюджетное учреждение здравоохранения Республики Коми ""Ижемская центральная районная больница""";1
"Федеральное государственное казенное учреждение комбинат ""Лена"" им. В.Н. Вербицкого Управления Федерального агентства по государственным резервам по Сибирскому";1
"ФГУП ""Йошкар-Олинское ПрОП"" Минтруда России";1
"МУП КХ ' Егорьевские инженерные сети', МУП КХ ""ЕИС""";1
"Государственное бюджетное образовательное учреждение дополнительного образования детей ""Санкт-Петербургская специализированная детско-юношеская школа олимпийско";1
Государственное бюджетное учреждение здравоохранения Республиканский клинический онкологический диспансер Министерства здравоохранения Республики Башкортостан;1
"Государственное бюджетное учреждение Рязанской области ""Областная клиническая больница""";1
"Государственное бюджетное учреждение Республики Марий Эл ""Йошкар-Олинская детская городская больница""";1
Санкт-Петербургское государственное бюджетное образовательное учреждение дополнительного образования детей специализированная детско-юношеская спортивная школа;1
Федеральное государственное бюджетное учреждение науки Институт геологии и геохимии им. академика А.Н. Заварицкого Уральского отделения Российской академии наук;1
Арбитражный суд Вологодской области;1
Управление Федеральной службы по ветеринарному и фитосанитарному надзору по Воронежской области;1
ТНЦ СО РАН;1
"Федеральное государственное бюджетное учреждение ""Центр спортивной подготовки сборных команд России""";1
"Научно-исследовательский институт урологии имени Н.А. Лопаткина - филиал федерального государственного бюджетного учреждения ""Федеральный медицинский исследоват";1
"федеральное государственное бюджетное учреждение ""Производственно-технический центр федеральной противопожарной службы по Тюменской области""";1
Астраханское отделение №8625 Поволжского банка ПАО Сбербанк;1
"федеральное казенное учреждение ""Исправительная колония № 9 Управления Федеральной службы исполнения наказаний по Ульяновской области""";1
"государственное казенное учреждение Пермского края  ""23 отряд противопожарной службы Пермского края""";1
"Федеральное государственное бюджетное учреждение ""Научно-исследовательский институт по изысканию новых антибиотиков им. Г.Ф.Гаузе"" Российской академии медицинск";1
"Государственное бюджетное учреждение здравоохранения Республики Коми ""Усть-Цилемская центральная районная больница""";1
"федеральное государственное казенное учреждение ""1586 Военный клинический госпиталь"" Министерства обороны Российской Федерации";1
"федеральное казенное учреждение ""Исправительная колония № 2 Управления Федеральной службы исполнения наказаний по Липецкой области""";1
"федеральное казенное учреждение здравоохранения ""Медико-санитарная часть № 46 Федеральной службы исполнения наказаний""";1
"Государственное бюджетное учреждение Республики Дагестан ""Ахвахская центральная районная больница""";1
"федеральное казенное учреждение ""Исправительная колония № 1 Управления Федеральной службы исполнения наказаний по Республике Карелия""";1
"Государственное учреждение здравоохранения ""Елецкая городская детская больница""";1
Управление Федерального казначейства по Республике Мордовия;1
войсковая часть 3532;1
войсковая часть 3111;1
"федеральное государственное казенное учреждение ""Пограничное управление Федеральной службы безопасности Российской Федерации по Хабаровскому краю и Еврейской ав";1
Управление Федеральной службы безопасности Российской Федерации по Забайкальскому краю;1
"открытое акционерное общество ""Пензенский научно-исследовательский электротехнический институт""";1
"Санкт-Петербургское государственное бюджетное учреждение здравоохранения ""Стоматологическая поликлиника № 10""";1
"федеральное государственное бюджетное образовательное учреждение высшего профессионального образования ""Комсомольский-на-Амуре государственный технический униве";1
"федеральное казенное учреждение здравоохранения ""Медико-санитарная часть № 74 Федеральной службы исполнения наказаний""";1
"Государственное бюджетное учреждение здравоохранения Пермского края ""Кунгурская городская станция скорой медицинской помощи""";1
"Муниципальное бюджетное учреждение здравоохранения ""Городская больница скорой медицинской помощи города Ростова-на-Дону""";1
Федеральное государственное бюджетное учреждение науки Институт электрофизики и электроэнергетики Российской академии наук;1
ФГБОУ ВО ДВГМУ МИНЗДРАВА РОССИИ;1
"Муниципальное бюджетное учреждение здравоохранения ""Туапсинская стоматологическая поликлиника""";1
"федеральное государственное бюджетное учреждение культуры ""Государственный Эрмитаж""";1
"Санкт-Петербургское государственное казенное учреждение ""Каменноостровский дворец""";1
"федеральное государственное бюджетное образовательное учреждение высшего профессионального образования ""Академия Русского балета имени А.Я.Вагановой""";1
"федеральное государственное бюджетное учреждение ""Ивановский научно-исследовательский институт материнства и детства имени В.Н. Городкова"" Министерства здравоох";1
"федеральное казенное учреждение здравоохранения ""Медико-санитарная часть Министерства внутренних дел Российской Федерации по Архангельской области""";1
Агентство лесного хозяйства и охраны животного мира Камчатского края;1
Войсковая часть 66631;1
"Центр обеспечения информацией ""Энергия"" Федеральной службы охраны Российской Федерации";1
"государственное казенное учреждение Краснодарского края ""Автобаза органов государственной власти Краснодарского края""";1
"федеральное государственное казенное учреждение ""2 отряд федеральной противопожарной службы по Приморскому краю""";1
ПГНИУ, ПЕРМСКИЙ ГОСУДАРСТВЕННЫЙ НАЦИОНАЛЬНЫЙ ИССЛЕДОВАТЕЛЬСКИЙ УНИВЕРСИТЕТ;1
"федеральное государственное казенное учреждение ""Специальное управление федеральной противопожарной службы № 23 Министерства Российской Федерации по делам гражд";1
Главное управление Министерства внутренних дел Российской Федерации по Кемеровской области;1
Федеральное государственное бюджетное учреждение науки Институт молекулярной биологии им. В.А.Энгельгардта Российской академии наук;1
"Государственное учреждение здравоохранения ""Чаплыгинская районная больница""";1
Администрация муниципального образования Шурышкарский район;1
Челябинская таможня;1
Министерство здравоохранения Московской области;1
Администрация закрытого административно-территориального образования город Островной Мурманской области;1
"ГАПОУ СО ""ТЭТ""";1
"ГУСП ""БАШСЕЛЬХОЗТЕХНИКА"" РБ";1
"Кировское областное государственное бюджетное учреждение здравоохранения ""Кировский областной клинический онкологический диспансер""";1
"Государственное бюджетное учреждение Рязанской области ""Городской клинический родильный дом № 2""";1
"Федеральное государственное бюджетное учреждение ""Тренировочный центр сборных команд России ""Озеро Круглое""";1
"Государственное бюджетное учреждение здравоохранения Пермского края ""Краснокамская городская больница""";1
"государственное бюджетное учреждение здравоохранения Ставропольского края ""Изобильненская центральная районная больница""";1
Федеральное государственное бюджетное учреждение науки Тихоокеанский институт биоорганической химии им. Г.Б. Елякова Дальневосточного отделения Российской акаде;1
Федеральное государственное бюджетное учреждение науки Институт химии Дальневосточного отделения Российской академии наук;1
"федеральное казенное учреждение здравоохранения ""Медико-санитарная часть № 56 Федеральной службы исполнения наказаний""";1
Государственное учреждение - Мурманское региональное отделение Фонда социального страхования Российской Федерации;1
"ФГУП ""ЦИАМ ИМ. П.И. БАРАНОВА""";1
Управление по регулированию контрактной системы и закупкам Пензенской области;1
"филиал федерального государственного казенного учреждения ""Дирекция по строительству и эксплуатации объектов Росграницы"" в г. Калининграде";1
"Санкт-Петербургское государственное бюджетное стационарное учреждение социального обслуживания ""Психоневрологический интернат №4""";1
"Государственное бюджетное учреждение здравоохранения Сахалинской области ""Ногликская центральная районная больница""";1
"Государственное учреждение здравоохранения ""Елецкая городская больница № 1 им. Н.А. Семашко""";1
"государственное учреждение здравоохранения Саратовской области ""Новоузенская районная больница""";1
Управление Федеральной службы безопасности Российской Федерации по Тамбовской области;1
"Санкт-Петербургское государственное бюджетное учреждение здравоохранения ""Диагностический Центр № 7"" (глазной) для взрослого и детского населения";1
администрация Центрального округа по Железнодорожному, Заельцовскому и Центральному районам города Новосибирска;1
войсковая часть 2052;1
"Государственное бюджетное образовательное учреждение среднего профессионального образования ""Санкт-Петербургский политехнический колледж""";1
"Государственное бюджетное учреждение здравоохранения Республики Коми ""Сыктывдинская центральная районная больница""";1
"федеральное государственное казенное учреждение ""29 отряд федеральной противопожарной службы по Красноярскому краю""";1
"федеральное государственное бюджетное учреждение ""Отряд технической службы федеральной противопожарной службы по Ярославской области""";1
"федеральное государственное казенное учреждение ""Сибирский региональный поисково-спасательный отряд МЧС России""";1
"федеральное казенное учреждение ""Центр хозяйственного и сервисного обеспечения Управления Министерства внутренних дел Российской Федерации по Рязанской области""";1
Министерство здравоохранения и курортов Кабардино-Балкарской Республики;1
"Муниципальное казённое учреждение ""Саратовская городская служба спасения""";1
"Муниципальное учреждение здравоохранения ""Менделеевская городская больница""";1
"областное государственное бюджетное учреждение здравоохранения ""Николаевская районная больница""";1
"федеральное казенное лечебно-профилактическое учреждение ""Краевая туберкулезная больница № 1 Главного управления Федеральной службы исполнения наказаний по Крас";1
"Федеральное бюджетное учреждение науки ""Государственный научный центр прикладной микробиологии и биотехнологии"" Федеральной службы по надзору в сфере защиты пра";1
"Общество с ограниченной ответственностью ""Первая специализированная организация ""Государственный заказ""";1
"Федеральное бюджетное учреждение здравоохранения ""Центр гигиены и эпидемиологии в Пермском крае""";1
"Государственное бюджетное образовательное учреждение среднего профессионального образования ""Санкт-Петербургский технический колледж управления и коммерции""";1
"федеральное государственное казенное учреждение ""4 отряд федеральной противопожарной службы по Ульяновской области""";1
"Государственное бюджетное учреждение ""Курганская областная клиническая больница""";1
"федеральное казенное учреждение здравоохранения ""5 военный клинический госпиталь внутренних войск Министерства внутренних дел Российской Федерации""";1
"федеральное государственное казенное учреждение ""63 отряд федеральной противопожарной службы по Свердловской области""";1
"федеральное государственное казенное учреждение ""Пограничное управление Федеральной службы безопасности Российской Федерации по Мурманской области""";1
"Санкт-Петербургское государственное бюджетное учреждение здравоохранения ""Городская поликлиника № 54""";1
"федеральное казенное учреждение здравоохранения ""Медико-санитарная часть Министерства внутренних дел Российской Федерации по Ростовской области""";1
"Федеральное государственное бюджетное учреждение ""Уральское управление по гидрометеорологии и мониторингу окружающей среды""";1
"Федеральное государственное бюджетное учреждение ""Сахалинское управление по гидрометеорологии и мониторингу окружающей среды""";1
"федеральное государственное казенное учреждение ""Специальное управление федеральной противопожарной службы № 9 Министерства Российской Федерации по делам гражда";1
"федеральное государственное казенное учреждение ""73 пожарная часть федеральной противопожарной службы по Свердловской области""";1
"федеральное государственное казенное учреждение ""17 отряд федеральной противопожарной службы по Кемеровской области""";1
"Федеральное бюджетное учреждение ""Государственная морская аварийная и спасательно-координационная служба Российской Федерации""";1
"федеральное государственное бюджетное военное образовательное учреждение высшего профессионального образования ""Военно-медицинская академия имени С.М. Кирова"" М";1
"государственное бюджетное учреждение здравоохранения Свердловской области ""Ревдинская центральная городская больница""";1
"Федеральное государственное бюджетное учреждение ""Новокузнецкий научно-практический центр медико-социальной экспертизы и реабилитации инвалидов"" Министерства тр";1
Администрация города Таганрога;1
"Санкт-Петербургское государственное бюджетное учреждение здравоохранения ""Стоматологическая поликлиника № 28 Красносельского района""";1
"областное государственное бюджетное учреждение здравоохранения ""Областная больница""";1
"ФБУ ""УРАЛТЕСТ""";1
Двенадцатый арбитражный апелляционный суд;1
"государственное бюджетное учреждение здравоохранения Свердловской области ""Свердловская областная станция переливания крови""";1
"федеральное государственное казенное учреждение ""3 отряд федеральной противопожарной службы по Ульяновской области""";1
"федеральное государственное казенное учреждение ""1 отряд федеральной противопожарной службы по Ульяновской области""";1
"Иркутский филиал федерального государственного бюджетного учреждения ""Межотраслевой научно-технический комплекс ""Микрохирургия глаза"" имени академика С.Н. Федор";1
ГБУЗ МО Бюро СМЭ;1
"""Управление на транспорте Министерства внутренних дел Российской Федерации по Южному федеральному округу""";1
Муниципальное бюджетное учреждение здравоохранения Центральная районная больница Октябрьского района Ростовской области;1
"федеральное государственное казенное учреждение ""Государственный центральный аэромобильный спасательный отряд""";1
"Государственное бюджетное учреждение здравоохранения Псковской области ""Псковский перинатальный центр""";1
Администрация Белгородского района;1
"федеральное казенное учреждение здравоохранения ""Медико-санитарная часть Министерства внутренних дел Российской Федерации по Забайкальскому краю""";1
"федеральное казенное учреждение ""Исправительная колония № 4 Управления Федеральной службы исполнения наказаний по Псковской области""";1
Сибирское отделение Российской академии наук;1
"муниципальное бюджетное учреждение здравоохранения ""Куединская центральная районная больница""";1
"федеральное казенное учреждение ""Исправительная колония № 8 Управления Федеральной службы исполнения наказаний по Оренбургской области""";1
"Государственное казенное учреждение Московской области ""Московская областная противопожарно-спасательная служба""";1
"Государственное бюджетное учреждение здравоохранения Калининградской области ""Зеленоградская центральная районная больница""";1
"государственное казенное учреждение Ростовской области ""Ростовская областная поисково-спасательная служба""";1
"государственное бюджетное учреждение здравоохранения Свердловской области ""Областная детская клиническая больница № 1""";1
администрация ЗАТО Первомайский Кировской области;1
"Государственное бюджетное учреждение здравоохранения Республики Карелия ""Республиканская больница им. В.А. Баранова""";1
"ООО ""ДКС""";1
Администрация Уватского муниципального района;1
"Федеральное бюджетное лечебно-профилактическое учреждение ""Поликлиника № 2 Министерства экономического развития Российской Федерации""";1
администрация Сегежского городского поселения;1
"федеральное казенное учреждение ""Исправительная колония № 2 Управления Федеральной службы исполнения наказаний по Саратовской области""";1
"АО ""КОНЦЕРН ""АВТОМАТИКА""";1
Администрация муниципального образования Белоглинский район;1
Дьяченко  Александр  Николаевич;1
"государственное бюджетное образовательное учреждение высшего профессионального образования ""Воронежская государственная медицинская академия имени Н.Н. Бурденко";1
"Общество с ограниченной ответственностью ""РТ-Комплектимпекс""";1
Сафронов Геннадий Николаевич;1
Шереметьевская таможня;1
"Государственное бюджетное образовательное учреждение дополнительного образования детей ""Санкт-Петербургская городская специализированная детско-юношеская школа";1
Администрация Колпашевского района;1
"Федеральное государственное казенное военное образовательное учреждение высшего профессионального образования ""Военный учебно-научный центр Военно-Морского Флот";1
"государственное бюджетное образовательное учреждение высшего профессионального образования ""Нижегородская государственная медицинская академия"" Министерства здр";1
"федеральное казенное учреждение здравоохранения ""Медико-санитарная часть Министерства внутренних дел Российской Федерации по Республике Карелия""";1
"федеральное казенное учреждение ""Центр хозяйственного и сервисного обеспечения Главного управления Министерства внутренних дел Российской Федерации по Красноярс";1
"федеральное государственное бюджетное образовательное учреждение высшего профессионального образования ""Московский государственный университет имени М.В.Ломонос";1
"федеральное государственное казенное учреждение ""Пограничное управление Федеральной службы безопасности Российской Федерации по Амурской области""";1
Плуталов Евгений Владимирович;1
"федеральное государственное бюджетное учреждение ""Федеральный научно-клинический центр детской гематологии, онкологии и иммунологии имени Дмитрия Рогачева"" Мини";1
"Федеральное государственное бюджетное учреждение здравоохранения ""Клиническая больница № 122 имени Л.Г. Соколова Федерального медико-биологического агентства""";1
"муниципальное бюджетное учреждение здравоохранения ""Городская больница №1 им. Н.А. Семашко города Ростова-на-Дону""";1
"государственное бюджетное учреждение ""Хозяйственное управление администрации края""";1
"государственное бюджетное учреждение здравоохранения Свердловской области ""Артемовская центральная районная больница""";1
"Общество с ограниченной ответственностью ""ЭКОНОМ ГРУПП""";1
Управление Федеральной службы безопасности Российской Федерации по Приморскому краю;1
"федеральное государственное бюджетное образовательное учреждение высшего профессионального образования ""Новосибирский государственный педагогический университет";1
"Муниципальное бюджетное учреждение здравоохранения ""Дзержинская городская больница""";1
Администрация Кондинского района;1
Соцкая Наталья Николаевна;1
"федеральное казенное учреждение здравоохранения ""Медико-санитарная часть Министерства внутренних дел Российской Федерации по Ульяновской области""";1
"федеральное государственное казенное учреждение ""Войсковая часть 64829""";1
"Федеральное государственное бюджетное учреждение здравоохранения ""Медико-санитарная часть № 98 Федерального медико-биологического агентства""";1
Муниципальное бюджетное учреждение здравоохранения Стоматологическая поликлиника № 8 городского округа город Уфа Республики Башкортостан;1
"государственное бюджетное образовательное учреждение среднего профессионального образования ""Невинномысский агро-технологический колледж""";1
Департамент государственного заказа Свердловской области;1
"Федеральное государственное бюджетное учреждение ""Научно-исследовательский институт акушерства и гинекологии им.Д.О.Отта"" Северо-Западного отделения Российской";1
"Каспийский институт морского и речного транспорта - филиал Федерального бюджетного образовательного учреждения высшего профессионального образования ""Волжская г";1
"федеральное государственное бюджетное образовательное учреждение высшего профессионального образования ""Московский государственный машиностроительный университе";1
"федеральное государственное бюджетное образовательное учреждение высшего профессионального образования ""Российский государственный университет нефти и газа имен";1
Мэрия городского округа Тольятти;1
Администрация города Новокузнецка;1
"государственное бюджетное учреждение здравоохранения Свердловской области ""Городская поликлиника № 4 город Нижний Тагил""";1
Управление экономики и имущественных отношений Курагинского района;1
Государственное образовательное бюджетное учреждение дополнительного образования детей специализированная детско-юношеская спортивная школа олимпийского резерва;1
"федеральное государственное казенное учреждение ""Дом отдыха ""Пограничник России"" Федеральной службы безопасности Российской Федерации""";1
"Федеральное казенное санаторно-курортное учреждение Федеральной службы Российской Федерации по контролю за оборотом наркотиков ""Санаторий ""Подмосковье""";1
"Областное государственное бюджетное учреждение ""Введенский геронтологический центр """;1
"Федеральное бюджетное учреждение ""Государственный региональный центр стандартизации, метрологии и испытаний в г. Москве""";1
"Муниципальное бюджетное учреждение здравоохранения ""Волоколамская центральная районная больница""";1
"Ханты-Мансийское окружное управление водных путей и судоходства-филиал Федерального бюджетного учреждения ""Обь-Иртышское государственное бассейновое управление";1
"федеральное государственное бюджетное образовательное учреждение высшего профессионального образования ""Мордовский государственный университет им. Н.П. Огарёва""";1
МУП г.Сарапула «Сарапульский водоканал»;1
"""Иркутский авиационный технический колледж - филиал федерального государственного бюджетного образовательного учреждения высшего профессионального образования """;1
"федеральное государственное бюджетное учреждение ""Государственный научный центр колопроктологии"" Министерства здравоохранения Российской Федерации";1
"Федеральное государственное бюджетное учреждение здравоохранения ""Клиническая больница № 81 Федерального медико-биологического агентства""";1
"областное государственное учреждение ""Служба спасения Саратовской области""";1
"муниципальное бюджетное учреждение здравоохранения ""Зырянская центральная районная больница""";1
департамент гражданской защиты Приморского края;1
Гайнуллин Эдуард Фаритович;1
"Санкт-Петербургское государственное бюджетное учреждение ""Комплексный центр социального обслуживания населения Московского района""";1
Государственное научное учреждение Всероссийский научно-исследовательский институт масличных культур имени В.С. Пустовойта Российской академии сельскохозяйствен;1
"ГАУЗ СО ""Серовская ГСП""";1
"ООО ""Системы безопасности""";1
Главное управление Министерства внутренних дел Российской Федерации по Пермскому краю;1
Федеральное государственное бюджетное учреждение Управление материально-технического снабжения Сибирского отделения Российской академии наук;1
"Федеральное бюджетное учреждение ""Государственный региональный центр стандартизации, метрологии и испытаний в Нижегородской области""";1
ОАО 'Моссоюзпечать';1
"Открытое акционерное общество ""Специальное конструкторско-технологическое бюро по релейной технике""";1
"ГУП ЯНАО ""АСФ ""ЯВПФЧ""";1
Экспертно-криминалистическая служба - региональный филиал Центрального экспертно-криминалистического таможенного управления г. Нижний Новгород;1
"МП ЩР ""Щёлковские Электросети""";1
министерство физической культуры и спорта Краснодарского края;1
"государственное бюджетное учреждение здравоохранения Ставропольского края ""Ставропольский краевой клинический центр специализированных видов медицинской помощи""";1
"Государственное федеральное бюджетное Учреждение ""Цнинская шлюзованная система""";1
"Государственное бюджетное учреждение города Москвы ""Автомобильные дороги Западного административного округа""";1
"федеральное государственное бюджетное образовательное учреждение высшего профессионального образования ""Уфимский государственный авиационный технический универс";1
"""Управление Федеральной службы исполнения наказаний по Московской области""";1
"Санкт-Петербургское государственное бюджетное учреждение здравоохранения ""Городская стоматологическая поликлиника №3""";1
"Клиника ГБОУ ВПО ""Челябинская государственная медицинская академия"" Министерства здравоохранения и социального развития Российской Федерации";1
"Открытое акционерное общество ""Межотраслевой инженерно-информационный центр ""ХИММОС""";1
"Санкт-Петербургское государственное бюджетное учреждение здравоохранения ""Консультативно-диагностический центр №85""";1
"Нижегородский район водных путей и судоходства -филиал Федерального бюджетного учреждения ""Волжское государственное бассейновое управление водных путей и судохо";1
"федеральное государственное казенное учреждение ""Санаторий ""Ессентуки"" Федеральной службы безопасности Российской Федерации""";1
"федеральное государственное бюджетное образовательное учреждение высшего профессионального образования ""Кузбасский государственный технический университет имени";1
"федеральное государственное бюджетное образовательное учреждение дополнительного профессионального образования ""Санкт-Петербургский учебный центр федеральной пр";1
"Муниципальное бюджетное учреждение здравоохранения ""Чайковская стоматологическая поликлиника""";1
"Санкт-Петербургское государственное бюджетное учреждение здравоохранения ""Городская Мариинская больница""";1
Федеральное государственное бюджетное учреждение науки Институт сильноточной электроники Сибирского отделения Российской академии наук;1
Администрация муниципального образования - Михайловский муниципальный район Рязанской области;1
"Открытое акционерное общество ""Корпорация  ""Московский институт теплотехники""";1
Администрация Бардымского муниципального района Пермского края;1
"Федеральное государственное бюджетное учреждение здравоохранения ""Медико-санитарная часть № 163 Федерального медико-биологического агентства""";1
Главное управление Министерства Российской Федерации по делам гражданской обороны, чрезвычайным ситуациям и ликвидации последствий стихийных бедствий по Воронеж;1
"федеральное государственное казенное учреждение ""1469 Военно-морской клинический госпиталь"" Министерства обороны Российской Федерации";1
"Санкт-Петербургское государственное бюджетное учреждение здравоохранения ""Городская поликлиника №62""";1
"федеральное государственное бюджетное учреждение ""Федеральный центр травматологии, ортопедии и эндопротезирования"" Министерства здравоохранения и социального ра";1
"Санкт-Петербургское государственное бюджетное учреждение здравоохранения ""Городская детская стоматологическая поликлиника № 6""";1
"филиал казенного учреждения Ханты-Мансийского автономного округа - Югры ""Центроспас-Югория"" по Сургутскому району";1
"федеральное государственное унитарное предприятие ""Центральный научно-исследовательский институт химии и механики""";1
"Федеральное бюджетное учреждение ""Енисейское государственное бассейновое управление водных путей и судоходства""";1
"Государственное бюджетное образовательное учреждение высшего профессионального образования ""Волгоградский государственный медицинский университет"" Министерства";1
"Открытое акционерное общество ""Калужский завод телеграфной аппаратуры""";1
"Муниципальное бюджетное учреждение ""Агентство по управлению муниципальным имуществом"" муниципального образования городского округа ""Инта""";1
"федеральное государственное бюджетное учреждение ""Санаторий ""Заря"" Управления делами Президента Российской Федерации";1
"Открытое акционерное общество ""Калугаприбор""";1
"Муниципальное бюджетное учреждение здравоохранения ""Орехово-Зуевская центральная городская больница""";1
"государственное учреждение здравоохранения ""Региональный центр медицины катастроф"" департамента здравоохранения Краснодарского края";1
"государственное казенное учреждение ""Противопожарная и аварийно-спасательная служба Ставропольского края""";1
Государственное учреждение - Томское региональное отделение Фонда социального страхования Российской Федерации;1
"Муниципальное бюджетное учреждение здравоохранения ""Чусовская стоматологическая поликлиника""";1
"федеральное государственное бюджетное образовательное учреждение высшего профессионального образования ""Вятский государственный университет""";1
"Федеральное государственное бюджетное учреждение здравоохранения ""Центральная медико-санитарная часть № 91 Федерального медико-биологического агентства""";1
"Муниципальное бюджетное учреждение здравоохранения ""Кяхтинская центральная районная больница""";1
"федеральное государственное казенное учреждение ""17 отряд федеральной противопожарной службы по Ростовской области""";1
"федеральное государственное бюджетное учреждение ""Нижегородский научно-исследовательский институт травматологии и ортопедии"" Министерства здравоохранения и соци";1
"федеральное государственное бюджетное учреждение ""Нижневолжское бассейновое управление по рыболовству и сохранению водных биологических ресурсов""";1
"федеральное государственное бюджетное образовательное учреждение высшего профессионального образования ""Российский химико-технологический университет имени Д.И.";1
"Государственное бюджетное учреждение здравоохранения Ненецкого автономного округа ""Ненецкая окружная стоматологическая поликлиника""";1
"Муниципальное учреждение ""Клинский Ледовый Дворец""";1
"Государственное бюджетное учреждение ""Альменевская центральная районная больница""";1
"федеральное государственное бюджетное образовательное учреждение высшего профессионального образования ""Саратовский государственный университет имени Н.Г. Черны";1
министерство здравоохранения Сахалинской области;1
"Федеральное государственное бюджетное учреждение ""Центральный научно-исследовательский институт стоматологии и челюстно-лицевой хирургии"" Министерства здравоохр";1
"Санкт-Петербургское государственное бюджетное образовательное учреждение среднего профессионального образования ""Колледж строительной индустрии и городского хоз";1
"федеральное казенное учреждение здравоохранения ""Главный клинический госпиталь Министерства внутренних дел Российской Федерации""";1
"Федеральное государственное казенное учреждение ""Войсковая часть 71330""";1
"ФГУП ""Племзавод ""Адлер""";1
"государственное бюджетное учреждение здравоохранения Свердловской области ""Свердловская областная больница № 2""";1
"филиал федерального государственного бюджетного образовательного учреждения высшего профессионального образования ""Дагестанский государственный университет"" в г";1
Государственное бюджетное образовательное учреждение высшего профессионального образования Первый Московский государственный медицинский университет имени И.М.;1
ГОСУДАРСТВЕННОЕ УЧРЕЖДЕНИЕ АСТРАХАНСКОЕ РЕГИОНАЛЬНОЕ ОТДЕЛЕНИЕ ФОНДА СОЦИАЛЬНОГО СТРАХОВАНИЯ РОССИЙСКОЙ ФЕДЕРАЦИИ;1
"Кировское областное государственное бюджетное учреждение здравоохранения ""Кировская областная клиническая больница""";1
"государственное бюджетное учреждение Ростовской области ""Областная клиническая больница № 2""";1
"государственное бюджетное учреждение здравоохранения Свердловской области ""Полевская центральная городская больница""";1
Администрация городского округа город Салават Республики Башкортостан;1
"Санкт-Петербургское государственное бюджетное учреждение здравоохранения ""Детская городская больница № 1""";1
Муниципальное бюджетное учреждение здравоохранения Еланская центральная районная больница Волгоградской области;1
войсковая часть 45185;1
"Государственное бюджетное образовательное учреждение высшего профессионального образования ""Уральская государственная медицинская академия"" Министерства здравоо";1
"Санкт-Петербургское государственное бюджетное учреждение здравоохранения ""Женская консультация № 18""";1
Свирский район гидросооружений и судоходства - филиал Волго-Балтийского государственного бассейнового управления водных путей и судоходства;1
Бойков Борис Владимирович;1
"Муниципальное бюджетное учреждение здравоохранения ""Городская поликлиника №2 города Ростова-на-Дону""";1
Администрация города Ачинска;1
"Санкт-Петербургское государственное бюджетное учреждение здравоохранения ""Городская поликлиника № 114""";1
Чакров Олег Алексеевич;1
"Муниципальное казенное учреждение города Новосибирска ""Единый заказчик по обеспечению мероприятий по гражданской обороне, чрезвычайным ситуациям и обеспечению п";1
департамент экономического развития, промышленности и торговли Костромской области;1
"Санкт-Петербургское государственное бюджетное учреждение здравоохранения ""Городская больница № 36""";1
"администрация муниципального образования ""Чебаркульский городской округ""";1
Государственное бюджетное общеобразовательное учреждение средняя общеобразовательная школа № 529 Петродворцового района Санкт-Петербурга;1
Администрация города Березники;1
Администрация Сунженского муниципального района;1
Верхне-Камский район водных путей и судоходства - филиал Камского государственного бассейнового управления водных путей и судоходства;1
"федеральное государственное бюджетное образовательное учреждение высшего профессионального образования ""Московский государственный технологический университет """;1
"Федеральное государственное учреждение ""Центральный клинический санаторий имени Ф. Э. Дзержинского Федеральной службы безопасности Российской Федерации""";1
"государственное казенное образовательное учреждение высшего профессионального образования ""Российская таможенная академия""";1
Комитет государственного заказа Ленинградской области;1
"Государственное бюджетное учреждение ""Макушинская центральная районная больница""";1
Управление Федеральной службы исполнения наказаний по Оренбургской области;1
Государственное общеобразовательное учреждение средняя общеобразовательная школа №235 с углубленным изучением предметов художественно-эстетического цикла им. Д.;1
"Федеральное государственное бюджетное образовательное учреждение высшего профессионального образования ""Национальный исследовательский ядерный университет ""МИФИ";1
"Государственное бюджетное учреждение ""Шадринская больница скорой медицинской помощи""";1
"муниципальное учреждение здравоохранения ""Советская центральная районная больница""";1
Администрация города Сочи - исполнительно-распорядительный орган муниципального образования город-курорт Сочи;1
Федеральная служба по экологическому, технологическому и атомному надзору;1
Департамент государственных закупок Брянской области;1
"Муниципальное лечебно-профилактическое учреждение ""Центральная городская больница г. Югорска""";1
"Муниципальное бюджетное учреждение здравоохранения ""Павловская центральная районная больница""";1
"Муниципальное лечебно-профилактическое учреждение ""Городская Больница скорой медицинской помощи № 2""";1
"муниципальное лечебно - профилактическое учреждение ""Городская клиническая больница N 5""";1
"Муниципальное учреждение здравоохранения ""Стоматологическая поликлиника города Артема""";1
Комитет государственного заказа Ненецкого автономного округа;1
"филиал ""Центр лабораторного анализа и технических измерений по Пензенской области"" федерального государственного учреждения ""Центр лабораторного анализа и техни";1
"государственное образовательное учреждение высшего профессионального образования ""Московский авиационный институт (государственный технический университет)""";1
"государственное (областное) учреждение ""Управление государственной противопожарной спасательной службы Липецкой области""";1
Администрация Великого Новгорода;1
"Государственное бюджетное образовательное учреждение высшего профессионального образования ""Челябинская государственная медицинская академия"" Министерства здрав";1
Администрация города Ноябрьска;1
"Государственное казенное учреждение ""Курганская областная станция переливания крови""";1
"федеральное казенное учреждение ""Исправительная колония № 8 Главного управления Федеральной службы исполнения наказаний по Челябинской области""";1
"Управление муниципального имущества Администрации муниципального района ""Заполярный район""";1
Отдел здравоохранения администрации города Комсомольска-на-Амуре Хабаровского края;1
"Государственное бюджетное учреждение здравоохранения ""Сахалинская областная больница""";1
Администрация Омсукчанского района;1
"Государственное образовательное учреждение высшего профессионального образования ""Челябинская государственная медицинская академия Федерального агентства по здр";1
"Государственное образовательное учреждение дополнительного образования детей ""Санкт-Петербургская специализированная детско-юношеская школа олимпийского резерва";1
"Государственное образовательное учреждение высшего профессионального образования ""Читинская государственная медицинская академия"" Министерства здравоохранения и";1
"Федеральное государственное учреждение ""Управление военизированных горноспасательных частей в строительстве""";1
"Санкт-Петербургское государственное учреждение  ""Стоматологическая поликлиника № 31 Невского района""";1
"Государственное учреждение здравоохранения ""Республиканская детская клиническая больница""";1
"Государственное учреждение ""Отряд противопожарной службы Республики Саха (Якутия)""";1
"Федеральное государственное учреждение здравоохранения ""Клиническая больница № 8 Федерального медико-биологического агентства""";1
администрация города Рязани;1
Учреждение Российской академии наук Институт мозга человека РАН;1
войсковая часть 28178;1
Администрация Навашинского района Нижегородской области;1
"Федеральное государственное учреждение ""Нижегородский центр стандартизации, метрологии и сертификации""";1
"государственное учреждение ""Пограничное управление Федеральной службы безопасности Российской Федерации по городу Санкт-Петербургу и Ленинградской области""";1
"федеральное государственное бюджетное учреждение ""Национальный исследовательский центр ""Курчатовский институт""";1
департамент государственного заказа Тверской области;1
"Федеральное государственное учреждение ""Азово-Донское государственное бассейновое управление водных путей и судоходства""";1
Администрация Волгограда;1
Государственный комитет Республики Башкортостан по размещению государственных заказов;1
Администрация города Благовещенска;1
"""Управление муниципального заказа Администрации Павлово-Посадского муниципального района Московской области""";1
Муниципальное учреждение здравоохранения городская больница №1;1
Муниципальное учреждение здравоохранения Городская больница №2 им. Н.И. Пирогова;1
"Общество с ограниченной ответственностью ""Правовой Гарант""";1
"Федеральное государственное учреждение ""Центральный научно-исследовательский институт стоматологии и челюстно-лицевой хирургии"" Министерства здравоохранения и с";1
Государственное образовательное учреждение высшего профессионального образования «Дальневосточный государственный медицинский университет Федерального агентства;1
Государственное образовательное учреждение высшего профессионального образования Иркутский государственный технический университет;1
"Открытое  акционерное общество ""Равенство""";1
"Государственное учреждение ""2 отряд федеральной противопожарной службы по Воронежской области (договорной)""";1
Федеральное государственное образовательное учреждение высшего про-фессионального образования «Дальневосточный государственный техниче-ский рыбохозяйственный  у;1
"Федеральное Государственное Учреждение ""Санаторий ""Дагестан"" ФСБ России""";1
"Федеральное государственное учреждение ""Федеральный центр сердечно-сосудистой хирургии"" Министерства здравоохранения и социального развития Роосийской Федерации";1
Федеральное государственное учреждение «Ростовский научно-исследовательский институт акушерства и педиатрии» Министерства здравоохранения и социального развития;1
"Государственное образовательное учреждение высшего профессионального образования ""Саратовский государственный университет имени Н.Г. Чернышевского""";1
Министерство здравоохранения Саратовской области;1
"Федеральное бюджетное учреждение ""Исправительная колония №1 Управления Федеральной службы исполнения наказаний по Костромской области""";1
Войсковая часть 55056;1
"Государственное учреждение""4 отряд федеральной противопожарной службы по Ямало-Ненецкому автономному округу (договорной)""";1
"МУНИЦИПАЛЬНОЕ БЮДЖЕТНОЕ УЧРЕЖДЕНИЕ ""ЦЕНТР БЛАГОУСТРОЙСТВА ТЕРРИТОРИЙ"" НЕКОУЗСКОГО МУНИЦИПАЛЬНОГО ОКРУГА ЯРОСЛАВСКОЙ ОБЛАСТИ";1
"ООО ""ИНФОТЕХ БАЛАКОВО""";1
"САНКТ-ПЕТЕРБУРГСКОЕ ГОСУДАРСТВЕННОЕ КАЗЕННОЕ УЧРЕЖДЕНИЕ ""ЖИЛИЩНОЕ АГЕНТСТВО КРАСНОГВАРДЕЙСКОГО РАЙОНА САНКТ-ПЕТЕРБУРГА""";1
ФОНД ИМУЩЕСТВА КАЛУЖСКОЙ ОБЛАСТИ;1
"МУНИЦИПАЛЬНОЕ УЧРЕЖДЕНИЕ КУЛЬТУРЫ ""ЦЕНТРАЛИЗОВАННАЯ КЛУБНАЯ СИСТЕМА""";1
ДЕПАРТАМЕНТ ЛЕСНОГО ХОЗЯЙСТВА ПО СЕВЕРО-ЗАПАДНОМУ ФЕДЕРАЛЬНОМУ ОКРУГУ;1
"БЮДЖЕТНОЕ УЧРЕЖДЕНИЕ ЗДРАВООХРАНЕНИЯ ОРЛОВСКОЙ ОБЛАСТИ ""ПЛЕЩЕЕВСКАЯ ЦЕНТРАЛЬНАЯ РАЙОННАЯ БОЛЬНИЦА""";1
"САНКТ-ПЕТЕРБУРГСКОЕ ГОСУДАРСТВЕННОЕ КАЗЕННОЕ УЧРЕЖДЕНИЕ ""ПАРК 300-ЛЕТИЯ САНКТ-ПЕТЕРБУРГА""";1
"ГОСУДАРСТВЕННОЕ КАЗЕННОЕ УЧРЕЖДЕНИЕ АСТРАХАНСКОЙ ОБЛАСТИ ""АДМИНИСТРАТИВНО-ГОСТИНИЧНЫЙ КОМПЛЕКС ПРАВИТЕЛЬСТВА АСТРАХАНСКОЙ ОБЛАСТИ""";1
"ФЕДЕРАЛЬНОЕ КАЗЕННОЕ УЧРЕЖДЕНИЕ ""ДОМ ОТДЫХА ""СЕМИДВОРЬЕ"" УПРАВЛЕНИЯ ФЕДЕРАЛЬНОЙ СЛУЖБЫ ИСПОЛНЕНИЯ НАКАЗАНИЙ ПО РЕСПУБЛИКЕ КРЫМ И Г. СЕВАСТОПОЛЮ""";1
"ФЕДЕРАЛЬНОЕ КАЗЕННОЕ УЧРЕЖДЕНИЕ ""ИСПРАВИТЕЛЬНАЯ КОЛОНИЯ № 24 УПРАВЛЕНИЯ ФЕДЕРАЛЬНОЙ СЛУЖБЫ ИСПОЛНЕНИЯ НАКАЗАНИЙ ПО ВОЛГОГРАДСКОЙ ОБЛАСТИ""";1
"ГАПОУ СО ""СЕРОВСКИЙ ПОЛИТЕХНИЧЕСКИЙ ТЕХНИКУМ""";1
УПРАВЛЕНИЕ МИНИСТЕРСТВА ЮСТИЦИИ РОССИЙСКОЙ ФЕДЕРАЦИИ ПО ТВЕРСКОЙ ОБЛАСТИ;1
"ГОСУДАРСТВЕННОЕ БЮДЖЕТНОЕ УЧРЕЖДЕНИЕ СОЦИАЛЬНОГО ОБСЛУЖИВАНИЯ КРАСНОДАРСКОГО КРАЯ ""КРАСНОДАРСКИЙ КОМПЛЕКСНЫЙ ЦЕНТР СОЦИАЛЬНОГО ОБСЛУЖИВАНИЯ НАСЕЛЕНИЯ ПРИКУБАНСК";1
АДМИНИСТРАЦИЯ КРАСНОАРМЕЙСКОГО МУНИЦИПАЛЬНОГО ОКРУГА ПРИМОРСКОГО КРАЯ;1
"ФЕДЕРАЛЬНОЕ БЮДЖЕТНОЕ УЧРЕЖДЕНИЕ ЗДРАВООХРАНЕНИЯ ""ЦЕНТР ГИГИЕНЫ И ЭПИДЕМИОЛОГИИ В РЕСПУБЛИКЕ КАЛМЫКИЯ""";1
"БУ ""НИЖНЕВАРТОВСКИЙ КОЖНО-ВЕНЕРОЛОГИЧЕСКИЙ ДИСПАНСЕР""";1
"ООО ""СИГНАЛ""";1
"САНКТ-ПЕТЕРБУРГСКОЕ ГОСУДАРСТВЕННОЕ БЮДЖЕТНОЕ УЧРЕЖДЕНИЕ СОЦИАЛЬНОГО ОБСЛУЖИВАНИЯ НАСЕЛЕНИЯ ""ЦЕНТР СОЦИАЛЬНОЙ РЕАБИЛИТАЦИИ ИНВАЛИДОВ И ДЕТЕЙ-ИНВАЛИДОВ ВАСИЛЕОСТ";1
"ОБЛАСТНОЕ ГОСУДАРСТВЕННОЕ БЮДЖЕТНОЕ УЧРЕЖДЕНИЕ КУЛЬТУРЫ ""ЦЕНТР НАРОДНОЙ КУЛЬТУРЫ УЛЬЯНОВСКОЙ ОБЛАСТИ""";1
ГОСУДАРСТВЕННОЕ БЮДЖЕТНОЕ УЧРЕЖДЕНИЕ РОСТОВСКОЙ ОБЛАСТИ ЦЕНТР ПСИХОЛОГО-ПЕДАГОГИЧЕСКОЙ, МЕДИЦИНСКОЙ И СОЦИАЛЬНОЙ ПОМОЩИ;1
"ООО ""РДВ-СОФТ""";1
"САНКТ-ПЕТЕРБУРГСКОЕ ГОСУДАРСТВЕННОЕ БЮДЖЕТНОЕ УЧРЕЖДЕНИЕ СОЦИАЛЬНОГО ОБСЛУЖИВАНИЯ НАСЕЛЕНИЯ ""КОМПЛЕКСНЫЙ ЦЕНТР СОЦИАЛЬНОГО ОБСЛУЖИВАНИЯ НАСЕЛЕНИЯ ПЕТРОДВОРЦОВОГ";1
ГОСУДАРСТВЕННОЕ КАЗЕННОЕ ОБЩЕОБРАЗОВАТЕЛЬНОЕ СПЕЦИАЛЬНОЕ УЧЕБНО-ВОСПИТАТЕЛЬНОЕ УЧРЕЖДЕНИЕ ШКОЛА № 2 (ОТКРЫТОГО ТИПА) САНКТ-ПЕТЕРБУРГА;1
АДМИНИСТРАЦИЯ РАКИТЯНСКОГО РАЙОНА;1
"ОГУП ""ЕЛЕЦВОДОКАНАЛ""";1
"БЮДЖЕТНОЕ УЧРЕЖДЕНИЕ ХАНТЫ-МАНСИЙСКОГО АВТОНОМНОГО ОКРУГА - ЮГРЫ ""БАЗА АВИАЦИОННОЙ И НАЗЕМНОЙ ОХРАНЫ ЛЕСОВ""";1
АДМИНИСТРАЦИЯ КАЛИНИНСКОГО МУНИЦИПАЛЬНОГО ОКРУГА ТВЕРСКОЙ ОБЛАСТИ;1
АДМИНИСТРАЦИЯ НИЖНЕОМСКОГО МУНИЦИПАЛЬНОГО РАЙОНА ОМСКОЙ ОБЛАСТИ;1
"АНО ДПО ""КОРПОРАТИВНЫЙ УНИВЕРСИТЕТ СБЕРБАНКА"", КОРПОРАТИВНЫЙ УНИВЕРСИТЕТ СБЕРБАНКА, СБЕРУНИВЕРСИТЕТ";1
АДМИНИСТРАЦИЯ ЧЕРНИГОВСКОГО МУНИЦИПАЛЬНОГО ОКРУГА ПРИМОРСКОГО КРАЯ;1
АДМИНИСТРАЦИЯ ДАЛЬНЕРЕЧЕНСКОГО ГОРОДСКОГО ОКРУГА;1
"АУ ""ОПКИО"" Г.О.НАЛЬЧИК";1
"ГБУК НО ""ТЮЗ""";1
"МУНИЦИПАЛЬНОЕ КАЗЕННОЕ УЧРЕЖДЕНИЕ МУНИЦИПАЛЬНОГО ОБРАЗОВАНИЯ АПШЕРОНСКИЙ РАЙОН ""УПРАВЛЕНИЕ ПО МУНИЦИПАЛЬНЫМ ЗАКУПКАМ""";1
"ФЕДЕРАЛЬНОЕ ГОСУДАРСТВЕННОЕ БЮДЖЕТНОЕ УЧРЕЖДЕНИЕ ЗДРАВООХРАНЕНИЯ ""ЦЕНТР ГИГИЕНЫ И ЭПИДЕМИОЛОГИИ № 72 ФЕДЕРАЛЬНОГО МЕДИКО-БИОЛОГИЧЕСКОГО АГЕНТСТВА""";1
"ГОСУДАРСТВЕННОЕ КАЗЕННОЕ УЧРЕЖДЕНИЕ СОЦИАЛЬНОГО ОБСЛУЖИВАНИЯ КРАСНОДАРСКОГО КРАЯ ""КУРГАНИНСКИЙ СОЦИАЛЬНО-РЕАБИЛИТАЦИОННЫЙ ЦЕНТР ДЛЯ НЕСОВЕРШЕННОЛЕТНИХ""";1
"ФЕДЕРАЛЬНОЕ КАЗЕННОЕ УЧРЕЖДЕНИЕ ""ЛЕЧЕБНОЕ ИСПРАВИТЕЛЬНОЕ УЧРЕЖДЕНИЕ № 3 ГЛАВНОГО УПРАВЛЕНИЯ ФЕДЕРАЛЬНОЙ СЛУЖБЫ ИСПОЛНЕНИЯ НАКАЗАНИЙ ПО НИЖЕГОРОДСКОЙ ОБЛАСТИ""";1
"АО ""МЕЖДУНАРОДНЫЙ АЭРОПОРТ ""ВНУКОВО""";1
"МУНИЦИПАЛЬНОЕ АВТОНОМНОЕ УЧРЕЖДЕНИЕ ДОПОЛНИТЕЛЬНОГО ОБРАЗОВАНИЯ ""КОМПЛЕКСНАЯ СПОРТИВНАЯ ШКОЛА КЕМЕРОВСКОГО МУНИЦИПАЛЬНОГО ОКРУГА""";1
"АДМИНИСТРАЦИЯ МУНИЦИПАЛЬНОГО ОБРАЗОВАНИЯ ""ШУМЯЧСКИЙ РАЙОН"" СМОЛЕНСКОЙ ОБЛАСТИ";1
"ФЕДЕРАЛЬНОЕ ГОСУДАРСТВЕННОЕ БЮДЖЕТНОЕ ОБРАЗОВАТЕЛЬНОЕ УЧРЕЖДЕНИЕ ВЫСШЕГО ОБРАЗОВАНИЯ ""КАМЧАТСКИЙ ГОСУДАРСТВЕННЫЙ УНИВЕРСИТЕТ ИМЕНИ ВИТУСА БЕРИНГА""";1
"МУНИЦИПАЛЬНОЕ БЮДЖЕТНОЕ УЧРЕЖДЕНИЕ ""СЛУЖБА БЛАГОУСТРОЙСТВА ОКТЯБРЬСКОГО РАЙОНА""";1
"МУНИЦИПАЛЬНОЕ КАЗЕННОЕ УЧРЕЖДЕНИЕ ДАНКОВСКОГО МУНИЦИПАЛЬНОГО РАЙОНА ЛИПЕЦКОЙ ОБЛАСТИ ""ЦЕНТР ФИНАНСОВЫХ КОМПЕТЕНЦИЙ""";1
"ФЕДЕРАЛЬНОЕ ГОСУДАРСТВЕННОЕ БЮДЖЕТНОЕ УЧРЕЖДЕНИЕ ЗДРАВООХРАНЕНИЯ ""ЦЕНТР ГИГИЕНЫ И ЭПИДЕМИОЛОГИИ № 15 ФЕДЕРАЛЬНОГО МЕДИКО-БИОЛОГИЧЕСКОГО АГЕНТСТВА""";1
"МУНИЦИПАЛЬНОЕ БЮДЖЕТНОЕ УЧРЕЖДЕНИЕ ""ЦЕНТР БЛАГОУСТРОЙСТВА И ОЗЕЛЕНЕНИЯ"" ОТРАДНЕНСКОГО ГОРОДСКОГО ПОСЕЛЕНИЯ КИРОВСКОГО МУНИЦИПАЛЬНОГО РАЙОНА ЛЕНИНГРАДСКОЙ ОБЛАСТ";1
ГОСУДАРСТВЕННОЕ БЮДЖЕТНОЕ ОБЩЕОБРАЗОВАТЕЛЬНОЕ УЧРЕЖДЕНИЕ СРЕДНЯЯ ОБЩЕОБРАЗОВАТЕЛЬНАЯ ШКОЛА № 371 С УГЛУБЛЕННЫМ ИЗУЧЕНИЕМ РУССКОГО, АНГЛИЙСКОГО И ФРАНЦУЗСКОГО ЯЗ;1
"МУНИЦИПАЛЬНОЕ БЮДЖЕТНОЕ УЧРЕЖДЕНИЕ ""ХОЗЯЙСТВЕННАЯ СЛУЖБА И БЛАГОУСТРОЙСТВО"" ГОРОДСКОГО ПОСЕЛЕНИЯ Г. НОВОАННИНСКИЙ НОВОАННИНСКОГО МУНИЦИПАЛЬНОГО РАЙОНА ВОЛГОГРАД";1
ГОСУДАРСТВЕННОЕ БЮДЖЕТНОЕ ОБЩЕОБРАЗОВАТЕЛЬНОЕ УЧРЕЖДЕНИЕ СРЕДНЯЯ ОБЩЕОБРАЗОВАТЕЛЬНАЯ ШКОЛА № 462 ПУШКИНСКОГО РАЙОНА САНКТ-ПЕТЕРБУРГА;1
"НИЖНЕ-ОБСКИЙ ФИЛИАЛ ФЕДЕРАЛЬНОГО ГОСУДАРСТВЕННОГО БЮДЖЕТНОГО УЧРЕЖДЕНИЯ ""ГЛАВНОЕ БАССЕЙНОВОЕ УПРАВЛЕНИЕ ПО РЫБОЛОВСТВУ И СОХРАНЕНИЮ ВОДНЫХ БИОЛОГИЧЕСКИХ РЕСУРСО";1
"ФЕДЕРАЛЬНОЕ ГОСУДАРСТВЕННОЕ БЮДЖЕТНОЕ УЧРЕЖДЕНИЕ ЗДРАВООХРАНЕНИЯ ""ЦЕНТР ГИГИЕНЫ И ЭПИДЕМИОЛОГИИ № 31 ФЕДЕРАЛЬНОГО МЕДИКО-БИОЛОГИЧЕСКОГО АГЕНТСТВА""";1
"МУНИЦИПАЛЬНОЕ БЮДЖЕТНОЕ УЧРЕЖДЕНИЕ ""БЛАГОУСТРОЙСТВО"" Р.П.БЫКОВО";1
"МУНИЦИПАЛЬНОЕ КАЗЕННОЕ УЧРЕЖДЕНИЕ ""СЛУЖБА МУНИЦИПАЛЬНОГО ЗАКАЗА""";1
МУНИЦИПАЛЬНОЕ УЧРЕЖДЕНИЕ АДМИНИСТРАЦИЯ МУНИЦИПАЛЬНОГО ОБРАЗОВАНИЯ КИЛЬМЕЗСКОЕ ГОРОДСКОЕ ПОСЕЛЕНИЕ КИЛЬМЕЗСКОГО РАЙОНА КИРОВСКОЙ ОБЛАСТИ;1
"МУНИЦИПАЛЬНОЕ КАЗЕННОЕ УЧРЕЖДЕНИЕ ГОРОДА ЛИВНЫ ""ЦЕНТРАЛИЗОВАННАЯ БУХГАЛТЕРИЯ""";1
ГОСУДАРСТВЕННОЕ БЮДЖЕТНОЕ ОБЩЕОБРАЗОВАТЕЛЬНОЕ УЧРЕЖДЕНИЕ СРЕДНЯЯ ОБЩЕОБРАЗОВАТЕЛЬНАЯ ШКОЛА №312 С УГЛУБЛЕННЫМ ИЗУЧЕНИЕМ ФРАНЦУЗСКОГО ЯЗЫКА ФРУНЗЕНСКОГО РАЙОНА С;1
"АО ""БАШКОММУНВОДОКАНАЛ""";1
"АДМИНИСТРАЦИЯ МУНИЦИПАЛЬНОГО РАЙОНА ""АКШИНСКИЙ РАЙОН""";1
"МУНИЦИПАЛЬНОЕ КАЗЕННОЕ УЧРЕЖДЕНИЕ ""ДОРОГИ ВЛАДИВОСТОКА""";1
АДМИНИСТРАЦИЯ ОЛЬГИНСКОГО МУНИЦИПАЛЬНОГО РАЙОНА;1
"ГЕОФИЗИЧЕСКИЙ ИНСТИТУТ-ФИЛИАЛ ФЕДЕРАЛЬНОГО ГОСУДАРСТВЕННОГО БЮДЖЕТНОГО УЧРЕЖДЕНИЯ НАУКИ ФЕДЕРАЛЬНОГО НАУЧНОГО ЦЕНТРА ""ВЛАДИКАВКАЗСКИЙ НАУЧНЫЙ ЦЕНТР РОССИЙСКОЙ А";1
ТЕРРИТОРИАЛЬНЫЙ ОТДЕЛ ПО ВОПРОСАМ ЖИЗНЕДЕЯТЕЛЬНОСТИ ГОРОДСКИХ ПОСЕЛКОВ ДУБИНИНО И ГОРЯЧЕГОРСК АДМИНИСТРАЦИИ ГОРОДА ШАРЫПОВО;1
"ФЕДЕРАЛЬНОЕ КАЗЕННОЕ УЧРЕЖДЕНИЕ ""СЛЕДСТВЕННЫЙ ИЗОЛЯТОР № 2 ФЕДЕРАЛЬНОЙ СЛУЖБЫ ИСПОЛНЕНИЯ НАКАЗАНИЙ""";1
АДМИНИСТРАЦИЯ ПЕЧОРСКОГО РАЙОНА;1
"НИЦ ""КУРЧАТОВСКИЙ ИНСТИТУТ"" - ЦНИИ КМ ""ПРОМЕТЕЙ""";1
ГОСУДАРСТВЕННОЕ БЮДЖЕТНОЕ ОБЩЕОБРАЗОВАТЕЛЬНОЕ УЧРЕЖДЕНИЕ СРЕДНЯЯ ОБЩЕОБРАЗОВАТЕЛЬНАЯ ШКОЛА № 683 ПРИМОРСКОГО РАЙОНА САНКТ-ПЕТЕРБУРГА;1
АДМИНИСТРАЦИЯ МУНИЦИПАЛЬНОГО ОБРАЗОВАНИЯ ПОСЕЛОК КУРАГИНО;1
"АДМИНИСТРАЦИЯ МУНИЦИПАЛЬНОГО ОБРАЗОВАНИЯ ""ВЯЗЕМСКИЙ РАЙОН"" СМОЛЕНСКОЙ ОБЛАСТИ";1
МУНИЦИПАЛЬНОЕ БЮДЖЕТНОЕ УЧРЕЖДЕНИЕ ДОРОЖНО-ОЗЕЛЕНИТЕЛЬНЫХ РАБОТ ГОРОДСКОГО ОКРУГА ГОРОД КУМЕРТАУ РЕСПУБЛИКИ БАШКОРТОСТАН;1
"ФЕДЕРАЛЬНОЕ ГОСУДАРСТВЕННОЕ КАЗЕННОЕ УЧРЕЖДЕНИЕ КОМБИНАТ ""КУБАНЬ"" УПРАВЛЕНИЯ ФЕДЕРАЛЬНОГО АГЕНТСТВА ПО ГОСУДАРСТВЕННЫМ РЕЗЕРВАМ ПО ЮЖНОМУ ФЕДЕРАЛЬНОМУ ОКРУГУ";1
"КАЗЕННОЕ ОБЩЕОБРАЗОВАТЕЛЬНОЕ УЧРЕЖДЕНИЕ ХАНТЫ-МАНСИЙСКОГО АВТОНОМНОГО ОКРУГА - ЮГРЫ ""СУРГУТСКАЯ ШКОЛА ДЛЯ ОБУЧАЮЩИХСЯ С ОГРАНИЧЕННЫМИ ВОЗМОЖНОСТЯМИ ЗДОРОВЬЯ""";1
ГОСУДАРСТВЕННОЕ БЮДЖЕТНОЕ ОБЩЕОБРАЗОВАТЕЛЬНОЕ УЧРЕЖДЕНИЕ ГИМНАЗИЯ № 66 ПРИМОРСКОГО РАЙОНА САНКТ-ПЕТЕРБУРГА;1
"ФИЛИАЛ ФБУЗ ""ЦЕНТР ГИГИЕНЫ И ЭПИДЕМИОЛОГИИ В ЛЕНИНГРАДСКОЙ ОБЛАСТИ В ГАТЧИНСКОМ И ЛУЖСКОМ РАЙОНАХ""";1
"ЦЕНТРАЛЬНЫЙ ФИЛИАЛ ФЕДЕРАЛЬНОГО ГОСУДАРСТВЕННОГО БЮДЖЕТНОГО УЧРЕЖДЕНИЯ ""ГЛАВНОЕ БАССЕЙНОВОЕ УПРАВЛЕНИЕ ПО РЫБОЛОВСТВУ И СОХРАНЕНИЮ ВОДНЫХ БИОЛОГИЧЕСКИХ РЕСУРСОВ";1
"ВЕРХНЕВОЛЖСКИЙ ФИЛИАЛ ФГБУ ""Главрыбвод""";1
АДМИНИСТРАЦИЯ КОНАКОВСКОГО РАЙОНА ТВЕРСКОЙ ОБЛАСТИ;1
ГОСУДАРСТВЕННОЕ БЮДЖЕТНОЕ ДОШКОЛЬНОЕ ОБРАЗОВАТЕЛЬНОЕ УЧРЕЖДЕНИЕ ДЕТСКИЙ САД № 17 КОМБИНИРОВАННОГО ВИДА ПРИМОРСКОГО РАЙОНА САНКТ-ПЕТЕРБУРГА;1
ФГБУ   Дом ветеранов сцены имени М.Г. Савиной;1
ГОСУДАРСТВЕННОЕ БЮДЖЕТНОЕ ДОШКОЛЬНОЕ ОБРАЗОВАТЕЛЬНОЕ УЧРЕЖДЕНИЕ ДЕТСКИЙ САД № 2 КОМБИНИРОВАННОГО ВИДА ПЕТРОДВОРЦОВОГО РАЙОНА САНКТ-ПЕТЕРБУРГА;1
"САНКТ-ПЕТЕБУРГСКОЕ ГОСУДАРСТВЕННОЕ БЮДЖЕТНОЕ УЧРЕЖДЕНИЕ ЗДРАВООХРАНЕНИЯ ""ПРОТИВОТУБЕРКУЛЕЗНЫЙ ДИСПАНСЕР №11""";1
"ФЕДЕРАЛЬНОЕ ГОСУДАРСТВЕННОЕ БЮДЖЕТНОЕ УЧРЕЖДЕНИЕ ""ОБЪЕДИНЕННАЯ ДИРЕКЦИЯ ГОСУДАРСТВЕННЫХ ПРИРОДНЫХ ЗАПОВЕДНИКОВ ""ОРЕНБУРГСКИЙ"" И ""ШАЙТАН-ТАУ""";1
"ГОСУДАРСТВЕННОЕ КАЗЕННОЕ УЧРЕЖДЕНИЕ ТУЛЬСКОЙ ОБЛАСТИ ""ЦЕНТР ОРГАНИЗАЦИИ ЗАКУПОК""";1
МИНИСТЕРСТВО ПРИРОДНЫХ РЕСУРСОВ И ЭКОЛОГИИ СВЕРДЛОВСКОЙ ОБЛАСТИ;1
"АДМИНИСТРАЦИЯ МУНИЦИПАЛЬНОГО ОБРАЗОВАНИЯ ""ТОКСОВСКОЕ ГОРОДСКОЕ ПОСЕЛЕНИЕ"" ВСЕВОЛОЖСКОГО МУНИЦИПАЛЬНОГО РАЙОНА ЛЕНИНГРАДСКОЙ ОБЛАСТИ";1
АДМИНИСТРАЦИЯ ПОГРАНИЧНОГО МУНИЦИПАЛЬНОГО РАЙОНА ПРИМОРСКОГО КРАЯ;1
"ФЕДЕРАЛЬНОЕ КАЗЕННОЕ УЧРЕЖДЕНИЕ ""ЦЕНТРАЛЬНАЯ ОБЪЕДИНЕННАЯ БАЗА ХРАНЕНИЯ РЕСУРСОВ МИНИСТЕРСТВА ВНУТРЕННИХ ДЕЛ РОССИЙСКОЙ ФЕДЕРАЦИИ""";1
"ООО ""КЭСК""";1
АДМИНИСТРАЦИЯ МУНИЦИПАЛЬНОГО ОБРАЗОВАНИЯ - ПИТЕЛИНСКИЙ МУНИЦИПАЛЬНЫЙ РАЙОН;1
"ГОСУДАРСТВЕННОЕ БЮДЖЕТНОЕ УЧРЕЖДЕНИЕ КАЛИНИНГРАДСКОЙ ОБЛАСТИ ""ЦЕНТР МАТЕРИАЛЬНО-ТЕХНИЧЕСКОГО ОБЕСПЕЧЕНИЯ ОРГАНОВ ГОСУДАРСТВЕННОЙ ВЛАСТИ КАЛИНИНГРАДСКОЙ ОБЛАСТИ""";1
"ФЕДЕРАЛЬНОЕ ГОСУДАРСТВЕННОЕ БЮДЖЕТНОЕ УЧРЕЖДЕНИЕ ""ДОМ ВЕТЕРАНОВ СЦЕНЫ ИМЕНИ М.Г. САВИНОЙ (ПАНСИОНАТ)"" УПРАВЛЕНИЯ ДЕЛАМИ ПРЕЗИДЕНТА РОССИЙСКОЙ ФЕДЕРАЦИИ";1
НИЯУ МИФИ;1
"МУНИЦИПАЛЬНОЕ УНИТАРНОЕ ПРЕДПРИЯТИЕ ГОРОДА КИМРЫ ""ГОРОДСКОЕ ХОЗЯЙСТВО""";1
АДМИНИСТРАЦИЯ ГОРОДА БЕРЕЗНИКИ;1
"ФЕДЕРАЛЬНОЕ КАЗЕННОЕ УЧРЕЖДЕНИЕ ""ИСПРАВИТЕЛЬНАЯ КОЛОНИЯ № 6 УПРАВЛЕНИЯ ФЕДЕРАЛЬНОЙ СЛУЖБЫ ИСПОЛНЕНИЯ НАКАЗАНИЙ ПО БРЯНСКОЙ ОБЛАСТИ""";1
"МУНИЦИПАЛЬНОЕ КАЗЕННОЕ УЧРЕЖДЕНИЕ ""УПРАВЛЕНИЕ ЗАКУПОК ДЛЯ НУЖД ГОРОДСКОГО ОКРУГА БОГДАНОВИЧ""";1
ОТДЕЛ ПО ФИНАНСАМ АДМИНИСТРАЦИИ ГРИБАНОВСКОГО МУНИЦИПАЛЬНОГО РАЙОНА ВОРОНЕЖСКОЙ ОБЛАСТИ;1
ГОСУДАРСТВЕННОЕ ФЕДЕРАЛЬНОЕ БЮДЖЕТНОЕ УЧРЕЖДЕНИЕ ПО ОБЕСПЕЧЕНИЮ ИНЖЕНЕРНЫХ ЗАЩИТ ЧЕБОКСАРСКОГО ВОДОХРАНИЛИЩА ПО РЕСПУБЛИКЕ МАРИЙ ЭЛ;1
АДМИНИСТРАЦИЯ МУНИЦИПАЛЬНОГО РАЙОНА КРАСНОЯРСКИЙ САМАРСКОЙ ОБЛАСТИ;1
ГОСУДАРСТВЕННОЕ БЮДЖЕТНОЕ ДОШКОЛЬНОЕ ОБРАЗОВАТЕЛЬНОЕ УЧРЕЖДЕНИЕ ДЕТСКИЙ САД № 15 КИРОВСКОГО РАЙОНА САНКТ-ПЕТЕРБУРГА;1
ГОСУДАРСТВЕННОЕ БЮДЖЕТНОЕ ДОШКОЛЬНОЕ ОБРАЗОВАТЕЛЬНОЕ УЧРЕЖДЕНИЕ ДЕТСКИЙ САД № 36 КОМПЕНСИРУЮЩЕГО ВИДА ПРИМОРСКОГО  РАЙОНА САНКТ-ПЕТЕРБУРГА;1
ГОСУДАРСТВЕННОЕ БЮДЖЕТНОЕ УЧРЕЖДЕНИЕ ДОПОЛНИТЕЛЬНОГО ОБРАЗОВАНИЯ ДОМ ДЕТСТВА И ЮНОШЕСТВА ПРИМОРСКОГО РАЙОНА САНКТ-ПЕТЕРБУРГА;1
"МУНИЦИПАЛЬНОЕ КАЗЕННОЕ УЧРЕЖДЕНИЕ ""УПРАВЛЕНИЕ СПОРТА, КУЛЬТУРЫ И МОЛОДЕЖНОЙ ПОЛИТИКИ"" МУНИЦИПАЛЬНОГО ОБРАЗОВАНИЯ ""ГОРОД МИРНЫЙ"" МИРНИНСКОГО РАЙОНА РЕСПУБЛИКИ СА";1
АДМИНИСТРАЦИЯ МУНИЦИПАЛЬНОГО ОБРАЗОВАНИЯ ДИНСКОЙ РАЙОН;1
"МУНИЦИПАЛЬНОЕ БЮДЖЕТНОЕ УЧРЕЖДЕНИЕ ""СЛУЖБА ПО ОБЕСПЕЧЕНИЮ ДЕЯТЕЛЬНОСТИ МУНИЦИПАЛЬНЫХ УЧРЕЖДЕНИЙ КУЛЬТУРЫ И ОРГАНОВ МЕСТНОГО САМОУПРАВЛЕНИЯ ГОРОДСКОГО ПОСЕЛЕНИЯ";1
ГОСУДАРСТВЕННОЕ БЮДЖЕТНОЕ УЧРЕЖДЕНИЕ ДОПОЛНИТЕЛЬНОГО ОБРАЗОВАНИЯ ДВОРЕЦ ДЕТСКОГО (ЮНОШЕСКОГО) ТВОРЧЕСТВА МОСКОВСКОГО РАЙОНА САНКТ-ПЕТЕРБУРГА;1
"ФЕДЕРАЛЬНОЕ КАЗЕННОЕ УЧРЕЖДЕНИЕ ""ИСПРАВИТЕЛЬНАЯ КОЛОНИЯ № 42 ОБЪЕДИНЕНИЯ ИСПРАВИТЕЛЬНЫХ УЧРЕЖДЕНИЙ С ОСОБЫМИ УСЛОВИЯМИ ХОЗЯЙСТВЕННОЙ ДЕЯТЕЛЬНОСТИ УПРАВЛЕНИЯ ФЕД";1
ГОСУДАРСТВЕННОЕ БЮДЖЕТНОЕ УЧРЕЖДЕНИЕ СПОРТИВНАЯ ШКОЛА ОЛИМПИЙСКОГО РЕЗЕРВА ПЕТРОДВОРЦОВОГО РАЙОНА САНКТ-ПЕТЕРБУРГА;1
"ГОСУДАРСТВЕННОЕ БЮДЖЕТНОЕ УЧРЕЖДЕНИЕ СОЦИАЛЬНОГО ОБСЛУЖИВАНИЯ ПСКОВСКОЙ ОБЛАСТИ ""КРАСНОГОРОДСКИЙ ПСИХОНЕВРОЛОГИЧЕСКИЙ ИНТЕРНАТ""";1
ГОСУДАРСТВЕННОЕ БЮДЖЕТНОЕ ДОШКОЛЬНОЕ ОБРАЗОВАТЕЛЬНОЕ УЧРЕЖДЕНИЕ ДЕТСКИЙ САД № 24 КОМБИНИРОВАННОГО ВИДА МОСКОВСКОГО РАЙОНА САНКТ-ПЕТЕРБУРГА;1
ГОСУДАРСТВЕННОЕ БЮДЖЕТНОЕ ДОШКОЛЬНОЕ ОБРАЗОВАТЕЛЬНОЕ УЧРЕЖДЕНИЕ ДЕТСКИЙ САД № 51 КОМПЕНСИРУЮЩЕГО ВИДА ПРИМОРСКОГО РАЙОНА САНКТ-ПЕТЕРБУРГА;1
УПРАВЛЕНИЕ ЛЕСАМИ ПРАВИТЕЛЬСТВА ЕВРЕЙСКОЙ АВТОНОМНОЙ ОБЛАСТИ;1
ГОСУДАРСТВЕННОЕ БЮДЖЕТНОЕ ДОШКОЛЬНОЕ ОБРАЗОВАТЕЛЬНОЕ УЧРЕЖДЕНИЕ ДЕТСКИЙ САД № 42 ПРИМОРСКОГО РАЙОНА САНКТ-ПЕТЕРБУРГА;1
ГОСУДАРСТВЕННОЕ БЮДЖЕТНОЕ УЧРЕЖДЕНИЕ ДОПОЛНИТЕЛЬНОГО ОБРАЗОВАНИЯ ДОМ ДЕТСКОГО ТВОРЧЕСТВА КАЛИНИНСКОГО РАЙОНА САНКТ-ПЕТЕРБУРГА;1
"ФГБУ ""ВГНКИ""";1
АДМИНИСТРАЦИЯ КУЩЕВСКОГО СЕЛЬСКОГО ПОСЕЛЕНИЯ КУЩЕВСКОГО РАЙОНА;1
"ГОСУДАРСТВЕННОЕ УНИТАРНОЕ ПРЕДПРИЯТИЕ СТАВРОПОЛЬСКОГО КРАЯ ""КИРОВСКОЕ МЕЖРАЙОННОЕ ДОРОЖНО-РЕМОНТНО-СТРОИТЕЛЬНОЕ УПРАВЛЕНИЕ""";1
ГОСУДАРСТВЕННОЕ БЮДЖЕТНОЕ ОБЩЕОБРАЗОВАТЕЛЬНОЕ УЧРЕЖДЕНИЕ СРЕДНЯЯ ОБЩЕОБРАЗОВАТЕЛЬНАЯ ШКОЛА № 596 С УГЛУБЛЕННЫМ ИЗУЧЕНИЕМ ФРАНЦУЗСКОГО ЯЗЫКА ПРИМОРСКОГО РАЙОНА С;1
АДМИНИСТРАЦИЯ ГОРОДА ВЫШНИЙ ВОЛОЧЕК;1
"ООО ""ОКК""";1
УПРАВЛЕНИЕ ИМУЩЕСТВЕННЫХ И ЗЕМЕЛЬНЫХ ОТНОШЕНИЙ АДМИНИСТРАЦИИ КУНАШАКСКОГО МУНИЦИПАЛЬНОГО РАЙОНА;1
ГОСУДАРСТВЕННОЕ БЮДЖЕТНОЕ ДОШКОЛЬНОЕ ОБРАЗОВАТЕЛЬНОЕ УЧРЕЖДЕНИЕ ДЕТСКИЙ САД № 99 ОБЩЕРАЗВИВАЮЩЕГО ВИДА С ПРИОРИТЕТНЫМ ОСУЩЕСТВЛЕНИЕМ ДЕЯТЕЛЬНОСТИ ПО ФИЗИЧЕСКОМУ;1
"МУНИЦИПАЛЬНОЕ КАЗЕННОЕ  УЧРЕЖДЕНИЕ ""УПРАВЛЕНИЕ ПО ДЕЛАМ ГРАЖДАНСКОЙ ОБОРОНЫ И ЧРЕЗВЫЧАЙНЫМ СИТУАЦИЯМ ГОРОДСКОГО ОКРУГА ""ГОРОД ЧИТА""";1
"ГОСУДАРСТВЕННОЕ БЮДЖЕТНОЕ УЧРЕЖДЕНИЕ ЗДРАВООХРАНЕНИЯ ""СПЕЦИАЛИЗИРОВАННАЯ ПСИХОНЕВРОЛОГИЧЕСКАЯ БОЛЬНИЦА"" МИНИСТЕРСТВА ЗДРАВООХРАНЕНИЯ КРАСНОДАРСКОГО КРАЯ";1
"ГОСУДАРСТВЕННОЕ БЮДЖЕТНОЕ УЧРЕЖДЕНИЕ ДОПОЛНИТЕЛЬНОГО ОБРАЗОВАНИЯ ДВОРЕЦ ТВОРЧЕСТВА ДЕТЕЙ И МОЛОДЕЖИ ""МОЛОДЕЖНЫЙ ТВОРЧЕСКИЙ ФОРУМ КИТЕЖ ПЛЮС"" САНКТ-ПЕТЕРБУРГА";1
"ГОСУДАРСТВЕННОЕ БЮДЖЕТНОЕ УЧРЕЖДЕНИЕ ЗДРАВООХРАНЕНИЯ ПСКОВСКОЙ ОБЛАСТИ ""ПРОТИВОТУБЕРКУЛЕЗНЫЙ ДИСПАНСЕР""";1
АДМИНИСТРАЦИЯ ГОРОДА КАНСКА КРАСНОЯРСКОГО КРАЯ;1
"ГОСУДАРСТВЕННОЕ БЮДЖЕТНОЕ УЧРЕЖДЕНИЕ ЗДРАВООХРАНЕНИЯ ПЕРМСКОГО КРАЯ ""ПЕРМСКИЙ КРАЕВОЙ ПСИХОНЕВРОЛОГИЧЕСКИЙ ДИСПАНСЕР ""ЛМК-ПСИХОНЕВРОЛОГИЯ""""";1
"МУНИЦИПАЛЬНОЕ УНИТАРНОЕ ПРЕДПРИЯТИЕ ""ВОДОКАНАЛ""";1
ГОСУДАРСТВЕННОЕ БЮДЖЕТНОЕ ОБЩЕОБРАЗОВАТЕЛЬНОЕ УЧРЕЖДЕНИЕ СРЕДНЯЯ ОБЩЕОБРАЗОВАТЕЛЬНАЯ ШКОЛА №184 КАЛИНИНСКОГО РАЙОНА САНКТ-ПЕТЕРБУРГА;1
"ГОСУДАРСТВЕННОЕ БЮДЖЕТНОЕ УЧРЕЖДЕНИЕ ЗДРАВООХРАНЕНИЯ МОСКОВСКОЙ ОБЛАСТИ ""ОРЕХОВО-ЗУЕВСКИЙ ПРОТИВОТУБЕРКУЛЕЗНЫЙ ДИСПАНСЕР""";1
ГОСУДАРСТВЕННОЕ БЮДЖЕТНОЕ ДОШКОЛЬНОЕ ОБРАЗОВАТЕЛЬНОЕ УЧРЕЖДЕНИЕ ДЕТСКИЙ САД № 25 КОМБИНИРОВАННОГО ВИДА ПРИМОРСКОГО РАЙОНА САНКТ-ПЕТЕРБУРГА;1
"ФГУП ""ВНИИР""";1
"МУНИЦИПАЛЬНОЕ УНИТАРНОЕ ПРЕДПРИЯТИЕ ОКУЛОВСКОГО МУНИЦИПАЛЬНОГО РАЙОНА ""ОКУЛОВСКИЙ ВОДОКАНАЛ""";1
АДМИНИСТРАЦИЯ ГЛАВЫ РЕСПУБЛИКИ КОМИ;1
"ФЕДЕРАЛЬНОЕ КАЗЕННОЕ УЧРЕЖДЕНИЕ ЗДРАВООХРАНЕНИЯ ""МЕДИКО-САНИТАРНАЯ ЧАСТЬ МИНИСТЕРСТВА ВНУТРЕННИХ ДЕЛ РОССИЙСКОЙ ФЕДЕРАЦИИ ПО ПСКОВСКОЙ ОБЛАСТИ""";1
ГОСУДАРСТВЕННОЕ БЮДЖЕТНОЕ ДОШКОЛЬНОЕ ОБРАЗОВАТЕЛЬНОЕ УЧРЕЖДЕНИЕ ДЕТСКИЙ САД № 73 КАЛИНИНСКОГО РАЙОНА САНКТ-ПЕТЕРБУРГА;1
"ОБЛАСТНОЕ ГОСУДАРСТВЕННОЕ КАЗЕННОЕ УЧРЕЖДЕНИЕ ""ЦЕНТР ПО ОБЕСПЕЧЕНИЮ ПОЛНОМОЧИЙ ЕВРЕЙСКОЙ АВТОНОМНОЙ ОБЛАСТИ В ВОПРОСАХ ГРАЖДАНСКОЙ ОБОРОНЫ, ЗАЩИТЫ НАСЕЛЕНИЯ И Т";1
АДМИНИСТРАЦИЯ КАМЕНСКОГО ГОРОДСКОГО ПОСЕЛЕНИЯ КАМЕНСКОГО МУНИЦИПАЛЬНОГО РАЙОНА ВОРОНЕЖСКОЙ ОБЛАСТИ;1
ОТДЕЛЕНИЕ ПЕНСИОННОГО ФОНДА РОССИЙСКОЙ ФЕДЕРАЦИИ (ГОСУДАРСТВЕННОЕ УЧРЕЖДЕНИЕ) ПО КАЛИНИНГРАДСКОЙ ОБЛАСТИ;1
"ФЕДЕРАЛЬНОЕ ГОСУДАРСТВЕННОЕ КАЗЕННОЕ УЧРЕЖДЕНИЕ ""ОТДЕЛ ВНЕВЕДОМСТВЕННОЙ ОХРАНЫ УПРАВЛЕНИЯ МИНИСТЕРСТВА ВНУТРЕННИХ ДЕЛ РОССИЙСКОЙ ФЕДЕРАЦИИ ПО РЯЗАНСКОЙ ОБЛАСТИ""";1
"ФЕДЕРАЛЬНОЕ КАЗЕННОЕ УЧРЕЖДЕНИЕ ""ИСПРАВИТЕЛЬНАЯ КОЛОНИЯ № 24 С ОСОБЫМИ УСЛОВИЯМИ ХОЗЯЙСТВЕННОЙ ДЕЯТЕЛЬНОСТИ ГЛАВНОГО УПРАВЛЕНИЯ ФЕДЕРАЛЬНОЙ СЛУЖБЫ ИСПОЛНЕНИЯ НА";1
"ФЕДЕРАЛЬНОЕ БЮДЖЕТНОЕ УЧРЕЖДЕНИЕ ЗДРАВООХРАНЕНИЯ ""ЦЕНТР ГИГИЕНЫ И ЭПИДЕМИОЛОГИИ В ПЕРМСКОМ КРАЕ""";1
"АВТОНОМНАЯ НЕКОММЕРЧЕСКАЯ ОРГАНИЗАЦИЯ ""ЦЕНТР ПОДРЯДНЫХ ТОРГОВ И ИННОВАЦИЙ В СТРОИТЕЛЬСТВЕ И ЖИЛИЩНО-КОММУНАЛЬНОМ ХОЗЯЙСТВЕ""";1
"ФЕДЕРАЛЬНОЕ КАЗЕННОЕ УЧРЕЖДЕНИЕ ""САНАТОРИЙ-ПРОФИЛАКТОРИЙ ""ПОРЕЧЬЕ"" СЛУЖБЫ ВНЕШНЕЙ РАЗВЕДКИ РОССИЙСКОЙ ФЕДЕРАЦИИ""";1
"БЮДЖЕТНОЕ УЧРЕЖДЕНИЕ ХАНТЫ-МАНСИЙСКОГО АВТОНОМНОГО ОКРУГА - ЮГРЫ ""КОМПЛЕКСНЫЙ ЦЕНТР СОЦИАЛЬНОГО ОБСЛУЖИВАНИЯ НАСЕЛЕНИЯ ""ИМПУЛЬС""";1
"ФЕДЕРАЛЬНОЕ ГОСУДАРСТВЕННОЕ БЮДЖЕТНОЕ УЧРЕЖДЕНИЕ ""ГОСУДАРСТВЕННОЕ ОПЫТНОЕ ОХОТНИЧЬЕ ХОЗЯЙСТВО ""ОРЛИНОЕ""";1
ГОСУДАРСТВЕННОЕ ОБРАЗОВАТЕЛЬНОЕ БЮДЖЕТНОЕ УЧРЕЖДЕНИЕ ДОПОЛНИТЕЛЬНОГО ОБРАЗОВАНИЯ ДЕТЕЙ ДЕТСКО-ЮНОШЕСКАЯ СПОРТИВНАЯ ШКОЛА № 2 КАЛИНИНСКОГО РАЙОНА САНКТ-ПЕТЕРБУРГ;1
Администрация муниципального образования Иссадское сельское поселение Волховского муниципального района Ленинградской области;1
ГОСУДАРСТВЕННОЕ БЮДЖЕТНОЕ ОБЩЕОБРАЗОВАТЕЛЬНОЕ УЧРЕЖДЕНИЕ СРЕДНЯЯ ОБЩЕОБРАЗОВАТЕЛЬНАЯ ШКОЛА № 347 С УГЛУБЛЕННЫМ ИЗУЧЕНИЕМ АНГЛИЙСКОГО ЯЗЫКА НЕВСКОГО РАЙОНА САНКТ;1
ДЕПАРТАМЕНТ ГОСУДАРСТВЕННОГО ЗАКАЗА ПРИМОРСКОГО КРАЯ;1
"Администрация муниципального образования ""Вистинское сельское поселение"" муниципального образования ""Кингисеппский муниципальный район"" Ленинградской области";1
АДМИНИСТРАЦИЯ МУНИЦИПАЛЬНОГО ОБРАЗОВАНИЯ ГОРОД АЛАПАЕВСК;1
"ГОСУДАРСТВЕННОЕ БЮДЖЕТНОЕ УЧРЕЖДЕНИЕ РЯЗАНСКОЙ ОБЛАСТИ  ""ОБЛАСТНОЙ КЛИНИЧЕСКИЙ ОНКОЛОГИЧЕСКИЙ ДИСПАНСЕР""";1
АДМИНИСТРАЦИЯ МУНИЦИПАЛЬНОГО ОБРАЗОВАНИЯ СТАРОПОЛЬСКОЕ СЕЛЬСКОЕ ПОСЕЛЕНИЕ СЛАНЦЕВСКОГО МУНИЦИПАЛЬНОГО РАЙОНА ЛЕНИНГРАДСКОЙ ОБЛАСТИ;1
"государственное казенное учреждение Свердловской области ""Лечебно-оздоровительный комплекс Правительства Свердловской области""";1
Администрация Муниципального образования город Алапаевск;1
Дальневосточный морской заповедник, ДВГМЗ;1
Управление Федеральной службы безопасности Российской Федерации по Псковской области;1
Администрация муниципального образования Гулькевичский район;1
управление экономики и имущественных отношений города Калуги;1
Государственное бюджетное дошкольное образовательное учреждение детский сад №12 общеразвивающего вида с приоритетным осуществлением деятельности по художественн;1
"федеральное государственное казенное учреждение ""Тульский спасательный центр МЧС России""";1
"Муниципальное бюджетное учреждение ""Служба единого заказчика поселения Мосрентген""";1
Администрация Невьянского городского округа;1
"Федеральное государственное бюджетное учреждение ""Объединенная дирекция заповедников Таймыра""";1
"федеральное государственное бюджетное образовательное учреждение высшего профессионального образования ""Национальный исследовательский университет ""МЭИ""";1
Государственное бюджетное дошкольное образовательное учреждение детский сад №43 компенсирующего вида Калининского района Санкт-Петербурга;1
"Администрация муниципального образования ""Котельское сельское поселение"" Кингисеппского муниципального района Ленинградской области";1
"федеральное государственное казенное учреждение ""Войсковая часть 83521""";1
"федеральное государственное казенное учреждение ""Санаторий ""Жемчужина Кавказа"" Федеральной службы безопасности Российской Федерации""";1
Администрация Свободненского района Амурской области;1
Администрация Розинского городского поселения Коркинского муниципального района Челябинской области;1
Администрация городского поселения Икша Дмитровского муниципального района Московской области;1
"Муниципальное казенное учреждение Ейского городского поселения Ейского района ""Центр городского хозяйства""";1
Администрация муниципального образования рабочий поселок Ленинский Ленинского района;1
Администрация городского поселения Приютовский поссовет муниципального района Белебеевский район Республики Башкортостан;1
Администрация сельского поселения Федоскинское Мытищинского муниципального района Московской области;1
"АО ""СВК""";1
Министерство по природопользованию и экологии Республики Карелия;1
"Отраслевой орган администрации Серовского городского округа ""Комитет по управлению муниципальным имуществом""";1
"Муниципальное казенное учреждение ""Управление городского хозяйства г. Нарьян-Мара""";1
Администрация сельского поселения Краснохолмский сельсовет муниципального района Калтасинский район Республики Башкортостан;1
"Федеральное государственное учреждение ""Сочинский национальный парк""";1
Муниципальное учреждение Администрация Кежемского района;1
Администрация Калтанского городского округа;1
Комитет по управлению имуществом Артинского городского округа;1
Администрация Бокситогорского городского поселения Бокситогорского муниципального района Ленинградской области;1
"специализированное бюджетное учреждение Омской области ""Омсклес""";1
департамент по предупреждению и ликвидации чрезвычайных ситуаций Ростовской области;1
"Бюджетное учреждение Омской области ""Омское управление лесами""";1
"ФЕДЕРАЛЬНОЕ ГОСУДАРСТВЕННОЕ БЮДЖЕТНОЕ УЧРЕЖДЕНИЕ ""ГОСУДАРСТВЕННЫЙ ПРИРОДНЫЙ ЗАПОВЕДНИК ""МАЛАЯ СОСЬВА"" ИМЕНИ В.В. РАЕВСКОГО""";1
"ФИЛИАЛ ""ЦЛАТИ ПО ЕНИСЕЙСКОМУ РЕГИОНУ"" ФГБУ ""ЦЛАТИ ПО СФО"", Г. КРАСНОЯРСК";1
"ФИЛИАЛ ""МУРМАНСКИЙ""";1
ГОСУДАРСТВЕННОЕ УЧРЕЖДЕНИЕ ЗДРАВООХРАНЕНИЯ ГОРОДСКАЯ БОЛЬНИЦА № 3;1
"БЮДЖЕТНОЕ УЧРЕЖДЕНИЕ ХАНТЫ-МАНСИЙСКОГО АВТОНОМНОГО ОКРУГА - ЮГРЫ ""ПИОНЕРСКАЯ РАЙОННАЯ БОЛЬНИЦА""";1
"ГОСУДАРСТВЕННОЕ БЮДЖЕТНОЕ УЧРЕЖДЕНИЕ ПЕРМСКОГО КРАЯ ""СОЛИКАМСКИЙ ДОМ - ИНТЕРНАТ ДЛЯ ПРЕСТАРЕЛЫХ И ИНВАЛИДОВ""";1
"АО ""НоваВинд""";1
"БЮДЖЕТНОЕ УЧРЕЖДЕНИЕ ЗДРАВООХРАНЕНИЯ ОРЛОВСКОЙ ОБЛАСТИ ""ГОРОДСКАЯ БОЛЬНИЦА ИМ. С. П. БОТКИНА""";1
МП ОПАТП;1
"ФЕДЕРАЛЬНОЕ КАЗЕННОЕ УЧРЕЖДЕНИЕ ЗДРАВООХРАНЕНИЯ ""МЕДИКО-САНИТАРНАЯ ЧАСТЬ МИНИСТЕРСТВА ВНУТРЕННИХ ДЕЛ РОССИЙСКОЙ ФЕДЕРАЦИИ ПО ОРЕНБУРГСКОЙ ОБЛАСТИ""";1
"ГОСУДАРСТВЕННОЕ БЮДЖЕТНОЕ УЧРЕЖДЕНИЕ ЗДРАВООХРАНЕНИЯ ПЕРМСКОГО КРАЯ ""СТАНЦИЯ СКОРОЙ МЕДИЦИНСКОЙ ПОМОЩИ Г. СОЛИКАМСКА""";1
"ГОСУДАРСТВЕННОЕ БЮДЖЕТНОЕ УЧРЕЖДЕНИЕ ЗДРАВООХРАНЕНИЯ ПЕРМСКОГО КРАЯ ""ДОБРЯНСКАЯ ЦЕНТРАЛЬНАЯ РАЙОННАЯ БОЛЬНИЦА""";1
ООО   Концессии водоснабжения;1
ВОЙСКОВАЯ ЧАСТЬ 6777;1
"государственное бюджетное учреждение здравоохранения ""Приморская детская  краевая клиническая туберкулезная больница""";1
"федеральное государственное казенное учреждение ""Пограничное управление Федеральной службы безопасности Российской Федерации по Калининградской области""";1
"ПКГУП ""ЧАЙКОВСКИЙ ВОДОКАНАЛ""";1
"ОНЕЖСКИЙ РАЙОН ВОДНЫХ ПУТЕЙ-ФИЛИАЛ ФЕДЕРАЛЬНОГО БЮДЖЕТНОГО УЧРЕЖДЕНИЯ ""АДМИНИСТРАЦИЯ БЕЛОМОРСКО-ОНЕЖСКОГО БАССЕЙНА ВНУТРЕННИХ ВОДНЫХ ПУТЕЙ""";1
"ФЕДЕРАЛЬНОЕ ГОСУДАРСТВЕННОЕ КАЗЕННОЕ УЧРЕЖДЕНИЕ ""БАЙКАЛЬСКИЙ ПОИСКОВО-СПАСАТЕЛЬНЫЙ ОТРЯД МЧС РОССИИ""";1
"ФЕДЕРАЛЬНОЕ КАЗЕННОЕ УЧРЕЖДЕНИЕ ""КОЛОНИЯ-ПОСЕЛЕНИЕ № 48 ГЛАВНОГО УПРАВЛЕНИЯ ФЕДЕРАЛЬНОЙ СЛУЖБЫ ИСПОЛНЕНИЯ НАКАЗАНИЙ ПО КРАСНОЯРСКОМУ КРАЮ""";1
"КАРЕЛЬСКИЙ ФИЛИАЛ ФГБУ ""ГЛАВРЫБВОД""";1
"ЧАЙКОВСКИЙ ФИЛИАЛ ГОСУДАРСТВЕННОГО БЮДЖЕТНОГО УЧРЕЖДЕНИЯ ПЕРМСКОГО КРАЯ ""ГОСЛЕСХОЗ""";1
"ФЕДЕРАЛЬНОЕ КАЗЕННОЕ УЧРЕЖДЕНИЕ ""СЛЕДСТВЕННЫЙ ИЗОЛЯТОР № 5 ГЛАВНОГО УПРАВЛЕНИЯ ФЕДЕРАЛЬНОЙ СЛУЖБЫ ИСПОЛНЕНИЯ НАКАЗАНИЙ ПО КРАСНОЯРСКОМУ КРАЮ""";1
"АО ""ТРАНСНЕФТЬ - ПРИКАМЬЕ""";1
"ФЕДЕРАЛЬНОЕ КАЗЕННОЕ УЧРЕЖДЕНИЕ ""УПРАВЛЕНИЕ ПО КОНВОИРОВАНИЮ ГЛАВНОГО УПРАВЛЕНИЯ ФЕДЕРАЛЬНОЙ СЛУЖБЫ ИСПОЛНЕНИЯ НАКАЗАНИЙ ПО РОСТОВСКОЙ ОБЛАСТИ""";1
"МУП ""ТЕПЛОВЫЕ СЕТИ""";1
"ФЕДЕРАЛЬНОЕ ГОСУДАРСТВЕННОЕ КАЗЕННОЕ УЧРЕЖДЕНИЕ ""ОПТОВО-РАСПРЕДЕЛИТЕЛЬНЫЙ ЦЕНТР № 13""";1
"ФЕДЕРАЛЬНОЕ КАЗЕННОЕ УЧРЕЖДЕНИЕ ""ИСПРАВИТЕЛЬНАЯ КОЛОНИЯ № 2 УПРАВЛЕНИЯ ФЕДЕРАЛЬНОЙ СЛУЖБЫ ИСПОЛНЕНИЯ НАКАЗАНИЙ ПО ВЛАДИМИРСКОЙ ОБЛАСТИ""";1
"ООО ""ИЖОРАРЕМСЕРВИС""";1
"ФЕДЕРАЛЬНОЕ КАЗЕННОЕ УЧРЕЖДЕНИЕ ""КОЛОНИЯ-ПОСЕЛЕНИЕ № 45 ГЛАВНОГО УПРАВЛЕНИЯ ФЕДЕРАЛЬНОЙ СЛУЖБЫ ИСПОЛНЕНИЯ НАКАЗАНИЙ ПО СВЕРДЛОВСКОЙ ОБЛАСТИ""";1
"МУНИЦИПАЛЬНОЕ УНИТАРНОЕ ПРЕДПРИЯТИЕ ""УЧАЛЫВОДОКАНАЛ"" МУНИЦИПАЛЬНОГО РАЙОНА УЧАЛИНСКИЙ РАЙОН РЕСПУБЛИКИ БАШКОРТОСТАН";1
ВИР;1
"НОВОУРАЛЬСКИЙ ФИЛИАЛ АО ""АТОМСПЕЦТРАНС""";1
"ООО ""ТЮМЕНЬ ВОДОКАНАЛ""";1
АДМИНИСТРАЦИЯ ВЕРЕЩАГИНСКОГО ГОРОДСКОГО ОКРУГА ПЕРМСКОГО КРАЯ;1
"ГОСУДАРСТВЕННОЕ БЮДЖЕТНОЕ УЧРЕЖДЕНИЕ ЗДРАВООХРАНЕНИЯ РЕСПУБЛИКИ КАРЕЛИЯ ""СЕГЕЖСКАЯ ЦЕНТРАЛЬНАЯ РАЙОННАЯ БОЛЬНИЦА""";1
"ООО ""ВОСТОК""";1
"КРАЕВОЕ ГОСУДАРСТВЕННОЕ БЮДЖЕТНОЕ УЧРЕЖДЕНИЕ ЗДРАВООХРАНЕНИЯ ""СТАНЦИЯ СКОРОЙ МЕДИЦИНСКОЙ ПОМОЩИ Г. УССУРИЙСКА""";1
"ГП ПО ""ПСКОВПАССАЖИРАВТОТРАНС""";1
"ГУП РБ ""МЕЖРАЙКОММУНВОДОКАНАЛ""";1
"ГОСУДАРСТВЕННОЕ БЮДЖЕТНОЕ УЧРЕЖДЕНИЕ ПСКОВСКОЙ ОБЛАСТИ ""УПРАВЛЕНИЕ АВТОМОБИЛЬНЫХ ДОРОГ ПСКОВСКОЙ ОБЛАСТИ""";1
"ФЕДЕРАЛЬНОЕ КАЗЕННОЕ УЧРЕЖДЕНИЕ ""БАЗА МАТЕРИАЛЬНО-ТЕХНИЧЕСКОГО И ВОЕННОГО СНАБЖЕНИЯ ГЛАВНОГО УПРАВЛЕНИЯ ФЕДЕРАЛЬНОЙ СЛУЖБЫ ИСПОЛНЕНИЯ НАКАЗАНИЙ ПО НОВОСИБИРСКОЙ";1
АО «НАТЭК Инвест-Энерго»;1
"АСТРАХАНСКИЙ РАЙОН ГИДРОТЕХНИЧЕСКИХ СООРУЖЕНИЙ И СУДОХОДСТВА - ФИЛИАЛ ФЕДЕРАЛЬНОГО БЮДЖЕТНОГО УЧРЕЖДЕНИЯ ""АДМИНИСТРАЦИЯ ВОЛЖСКОГО БАССЕЙНА ВНУТРЕННИХ ВОДНЫХ ПУТ";1
"ФЕДЕРАЛЬНОЕ ГОСУДАРСТВЕННОЕ КАЗЕННОЕ УЧРЕЖДЕНИЕ КОМБИНАТ ""АМУР"" УПРАВЛЕНИЯ ФЕДЕРАЛЬНОГО АГЕНТСТВА ПО ГОСУДАРСТВЕННЫМ РЕЗЕРВАМ ПО ДАЛЬНЕВОСТОЧНОМУ ФЕДЕРАЛЬНОМУ О";1
АДМИНИСТРАЦИЯ НИЖНЕВАРТОВСКОГО РАЙОНА;1
АДМИНИСТРАЦИЯ МУНИЦИПАЛЬНОГО ОБРАЗОВАНИЯ - ГОРОДСКОЙ ОКРУГ ГОРОД САСОВО РЯЗАНСКОЙ ОБЛАСТИ;1
"МУНИЦИПАЛЬНОЕ УНИТАРНОЕ ПРЕДПРИЯТИЕ ""УПРАВЛЕНИЕ ГОРОДСКОГО ХОЗЯЙСТВА"" МУНИЦИПАЛЬНОГО ОБРАЗОВАНИЯ ГОРОДА ПЫТЬ-ЯХ";1
"ГОСУДАРСТВЕННОЕ БЮДЖЕТНОЕ УЧРЕЖДЕНИЕ КРАСНОДАРСКОГО КРАЯ ""КУРОРТЫ КРАСНОДАРСКОГО КРАЯ""";1
"МУНИЦИПАЛЬНОЕ УНИТАРНОЕ ПРЕДПРИЯТИЕ ""ГОРОДСКОЕ УПРАВЛЕНИЕ ЖИЛИЩНО-КОММУНАЛЬНОГО ХОЗЯЙСТВА""";1
"МУНИЦИПАЛЬНОЕ ПРЕДПРИЯТИЕ ГОРОДА ЯЛУТОРОВСКА ""ГОРОДСКИЕ ВОДОПРОВОДНО-КАНАЛИЗАЦИОННЫЕ СЕТИ""";1
"ГОСУДАРСТВЕННОЕ УНИТАРНОЕ ПРЕДПРИЯТИЕ ""БАШАВТОТРАНС"" РЕСПУБЛИКИ БАШКОРТОСТАН";1
МУНИЦИПАЛЬНОЕ УНИТАРНОЕ ПРЕДПРИЯТИЕ ЖИЛИЩНО - КОММУНАЛЬНОГО ХОЗЯЙСТВА ОМУТНИНСКОГО РАЙОНА;1
АДМИНИСТРАЦИЯ МУНИЦИПАЛЬНОГО ОБРАЗОВАНИЯ - НОВОМИЧУРИНСКОЕ ГОРОДСКОЕ ПОСЕЛЕНИЕ ПРОНСКОГО МУНИЦИПАЛЬНОГО РАЙОНА РЯЗАНСКОЙ ОБЛАСТИ;1
"НОВГОРОДСКИЙ РАЙОН ВОДНЫХ ПУТЕЙ И СУДОХОДСТВА - ФИЛИАЛ ФБУ ""АДМИНИСТРАЦИЯ ВОЛГО-БАЛТИЙСКОГО БАССЕЙНА ВНУТРЕННИХ ВОДНЫХ ПУТЕЙ""";1
"ГОСУДАРСТВЕННОЕ БЮДЖЕТНОЕ УЧРЕЖДЕНИЕ ЗДРАВООХРАНЕНИЯ КАЛИНИНГРАДСКОЙ ОБЛАСТИ ""ГОРОДСКАЯ СТАНЦИЯ СКОРОЙ МЕДИЦИНСКОЙ ПОМОЩИ""";1
"АО ""РЯЗАНСКИЙ СВИНОКОМПЛЕКС""";1
АДМИНИСТРАЦИЯ ШУШЕНСКОГО РАЙОНА;1
Зеленкин Алексей Витальевич;1
УПРАВЛЕНИЕ ЖИЛИЩНО-КОММУНАЛЬНОГО ХОЗЯЙСТВА АДМИНИСТРАЦИИ ГОРОДА ЛЫСЬВЫ;1
Администрация городского поселения Ковылкино Ковылкинского муниципального района Республики Мордовия;1
"краевое государственное бюджетное учреждение социального обслуживания ""Октябрьский социально-реабилитационный центр для несовершеннолетних""";1
Администрация муниципального района Илишевский район Республики Башкортостан;1
"Администрация муниципального района ""Печора""";1
Администрация городского поселения Петров Вал;1
Администрация городского поселения Фряново;1
Администрация городского округа Чапаевск;1
Администрация городского округа город Урюпинск Волгоградской области;1
Комитет по приватизации и управлению имуществом администрации Ванинского муниципального района Хабаровского края;1
"АО  ""СЕВЕРО-ЗАПАДНЫЙ ПРОМЖЕЛДОРТРАНС""";1
Череповецкий район водных путей и судоходства - филиал Волго-Балтийского государственного бассейнового управления водных путей и судоходства;1
Администрация муниципального образования Веневский район;1
администрация Лузского района Кировской области;1
Администрация закрытого административно-территориального образования Озерный Тверской области;1
"Астраханский район гидротехнических сооружений и судоходства - филиал Федерального бюджетного учреждения ""Волжское государственное бассейновое управление водных";1
Министерство внутренних дел по Республике Башкортостан;1
Администрация Брюховецкого сельского поселения Брюховецкого района;1
АДМИНИСТРАЦИЯ СИНОДСКОГО МУНИЦИПАЛЬНОГО ОБРАЗОВАНИЯ ВОСКРЕСЕНСКОГО МУНИЦИПАЛЬНОГО РАЙОНА САРАТОВСКОЙ ОБЛАСТИ;1
"ООО ""АЭРОПОРТ САЛЕХАРД""";1
"АО ""ИНТРАНС ПК""";1
"ГАУ ЧАО ""ИЗДАТЕЛЬСТВО ""КРАЙНИЙ СЕВЕР""";1
"СПБ ГУП ""ГОРЭЛЕКТРОТРАНС""";1
"ООО ""НЕВСКАЯ ПРАКТИКА""";1
АДМИНИСТРАЦИЯ БЕЛОЯРСКОГО РАЙОНА;1
"БЮДЖЕТНОЕ УЧРЕЖДЕНИЕ ЗДРАВООХРАНЕНИЯ ОМСКОЙ ОБЛАСТИ ""ГОРОДСКАЯ КЛИНИЧЕСКАЯ БОЛЬНИЦА № 1 ИМЕНИ КАБАНОВА А.Н.""";1
ДЕПАРТАМЕНТ ИМУЩЕСТВЕННЫХ ОТНОШЕНИЙ ЯНАО;1
"Филиал АО ""РИР Энерго""-""Белгородская генерация""";1
"ФЕДЕРАЛЬНОЕ КАЗЕННОЕ УЧРЕЖДЕНИЕ ""ЦЕНТР ИНЖЕНЕРНО-ТЕХНИЧЕСКОГО ОБЕСПЕЧЕНИЯ И ВООРУЖЕНИЯ ГЛАВНОГО УПРАВЛЕНИЯ ФЕДЕРАЛЬНОЙ СЛУЖБЫ ИСПОЛНЕНИЯ НАКАЗАНИЙ ПО НОВОСИБИРС";1
"ФЕДЕРАЛЬНОЕ КАЗЕННОЕ УЧРЕЖДЕНИЕ ""ИСПРАВИТЕЛЬНАЯ КОЛОНИЯ № 37 ГЛАВНОГО УПРАВЛЕНИЯ ФЕДЕРАЛЬНОЙ СЛУЖБЫ ИСПОЛНЕНИЯ НАКАЗАНИЙ ПО КЕМЕРОВСКОЙ ОБЛАСТИ - КУЗБАССУ""";1
"САНКТ-ПЕТЕРБУРГСКОЕ ГОСУДАРСТВЕННОЕ БЮДЖЕТНОЕ УЧРЕЖДЕНИЕ ДОПОЛНИТЕЛЬНОГО ОБРАЗОВАНИЯ СПОРТИВНАЯ ШКОЛА ОЛИМПИЙСКОГО РЕЗЕРВА ПО ВОДНЫМ ВИДАМ СПОРТА ""НЕВСКАЯ ВОЛНА";1
"МУНИЦИПАЛЬНОЕ КАЗЕННОЕ УЧРЕЖДЕНИЕ РОССОШАНСКОГО МУНИЦИПАЛЬНОГО РАЙОНА ""СЛУЖБА ПО АДМИНИСТРИРОВАНИЮ ПЛАТЕЖЕЙ И ВЕДЕНИЮ РЕЕСТРА""";1
АДМИНИСТРАЦИЯ М.О. КИРЕЕВСКИЙ РАЙОН;1
"ФЕДЕРАЛЬНОЕ ГОСУДАРСТВЕННОЕ КАЗЕННОЕ УЧРЕЖДЕНИЕ ""СПЕЦИАЛЬНОЕ УПРАВЛЕНИЕ ФЕДЕРАЛЬНОЙ ПРОТИВОПОЖАРНОЙ СЛУЖБЫ № 6 МИНИСТЕРСТВА РОССИЙСКОЙ ФЕДЕРАЦИИ ПО ДЕЛАМ ГРАЖДА";1
"ГУП ПЭО ""БАЙКОНУРЭНЕРГО"" Г. БАЙКОНУР";1
"АНО ""НПЦ ""УШКУЙНИК""";1
УПРАВЛЕНИЕ МУНИЦИПАЛЬНОГО ЗАКАЗА АДМИНИСТРАЦИИ ЭВЕНКИЙСКОГО МУНИЦИПАЛЬНОГО РАЙОНА КРАСНОЯРСКОГО КРАЯ;1
"АО ""НГТ""";1
"ОБЛАСТНОЕ БЮДЖЕТНОЕ УЧРЕЖДЕНИЕ ЗДРАВООХРАНЕНИЯ ""ШУЙСКАЯ ЦЕНТРАЛЬНАЯ РАЙОННАЯ БОЛЬНИЦА""";1
АДМИНИСТРАЦИЯ ОКТЯБРЬСКОГО РАЙОНА;1
"КУ ВО  ""ЦЕНТР ЗАКУПОК""";1
"АО ""НТЦ ""Горизонт""";1
ФЕДЕРАЛЬНОЕ ГОСУДАРСТВЕННОЕ БЮДЖЕТНОЕ УЧРЕЖДЕНИЕ НАУКИ ИНСТИТУТ ТЕПЛОФИЗИКИ ИМ. С.С. КУТАТЕЛАДЗЕ СИБИРСКОГО ОТДЕЛЕНИЯ РОССИЙСКОЙ АКАДЕМИИ НАУК;1
ГЛАВНОЕ УПРАВЛЕНИЕ МИНИСТЕРСТВА РОССИЙСКОЙ ФЕДЕРАЦИИ ПО ДЕЛАМ ГРАЖДАНСКОЙ ОБОРОНЫ, ЧРЕЗВЫЧАЙНЫМ СИТУАЦИЯМ И ЛИКВИДАЦИИ ПОСЛЕДСТВИЙ СТИХИЙНЫХ БЕДСТВИЙ ПО ПЕРМСКО;1
АДМИНИСТРАЦИЯ ГОРОДА СМОЛЕНСКА;1
"ГАУЗ ""РК БСМП ИМ. В.В. АНГАПОВА""";1
МТУ РОСИМУЩЕСТВА В ТУЛЬСКОЙ, РЯЗАНСКОЙ И ОРЛОВСКОЙ ОБЛАСТЯХ;1
"ГОСУДАРСТВЕННОЕ БЮДЖЕТНОЕ УЧРЕЖДЕНИЕ ЗДРАВООХРАНЕНИЯ РЕСПУБЛИКИ КАРЕЛИЯ ""ЦЕНТР ПАЛЛИАТИВНОЙ МЕДИЦИНСКОЙ ПОМОЩИ""";1
МОРКИНСКАЯ ГОРОДСКАЯ АДМИНИСТРАЦИЯ;1
"ФЕДЕРАЛЬНОЕ ГОСУДАРСТВЕННОЕ БЮДЖЕТНОЕ ОБРАЗОВАТЕЛЬНОЕ УЧРЕЖДЕНИЕ ВЫСШЕГО ОБРАЗОВАНИЯ ""ДАЛЬНЕВОСТОЧНЫЙ ГОСУДАРСТВЕННЫЙ ТЕХНИЧЕСКИЙ РЫБОХОЗЯЙСТВЕННЫЙ УНИВЕРСИТЕТ""";1
"ПМУП ""УТВС""";1
"ФЕДЕРАЛЬНОЕ АВТОНОМНОЕ УЧРЕЖДЕНИЕ ""ЦЕНТРАЛЬНЫЙ    ИНСТИТУТ АВИАЦИОННОГО МОТОРОСТРОЕНИЯ ИМЕНИ П.И.   БАРАНОВА""";1
"ГОСУДАРСТВЕННОЕ АВТОНОМНОЕ УЧРЕЖДЕНИЕ ЗДРАВООХРАНЕНИЯ СВЕРДЛОВСКОЙ ОБЛАСТИ ""ОБЛАСТНАЯ ДЕТСКАЯ КЛИНИЧЕСКАЯ БОЛЬНИЦА""";1
"ГОСУДАРСТВЕННОЕ БЮДЖЕТНОЕ УЧРЕЖДЕНИЕ ЗДРАВООХРАНЕНИЯ ""ПАВЛОВСКАЯ ЦЕНТРАЛЬНАЯ РАЙОННАЯ БОЛЬНИЦА"" МИНИСТЕРСТВА ЗДРАВООХРАНЕНИЯ КРАСНОДАРСКОГО КРАЯ";1
"ООО ""Коммунальник""";1
"ООО ""КОМПЛЕКСНЫЕ ИНЖИНИРИНГОВЫЕ РЕШЕНИЯ""";1
"АО ""ГАЗМОНТАЖ""";1
"ГБУЗ АО ""ПРИВОЛЖСКАЯ РБ""";1
"ГОСУДАРСТВЕННОЕ УЧРЕЖДЕНИЕ ЗДРАВООХРАНЕНИЯ ""СУРСКАЯ РАЙОННАЯ БОЛЬНИЦА""";1
"Головной филиал ""5 Судоремонтный завод"" ОАО ""Центр судоремонта ""Звездочка""";1
ГБОУ РК ЦДК;1
"ФЕДЕРАЛЬНОЕ КАЗЕННОЕ УЧРЕЖДЕНИЕ ""ИСПРАВИТЕЛЬНАЯ КОЛОНИЯ № 1 ГЛАВНОГО УПРАВЛЕНИЯ ФЕДЕРАЛЬНОЙ СЛУЖБЫ ИСПОЛНЕНИЯ НАКАЗАНИЙ ПО НИЖЕГОРОДСКОЙ ОБЛАСТИ""";1
Филиал АО «АЭМ-технологии» «Атоммаш» в г. Волгодонск;1
"САНКТ-ПЕТЕРБУРГСКИЙ МОРСКОЙ РЫБОПРОМЫШЛЕННЫЙ КОЛЛЕДЖ (ФИЛИАЛ) ФЕДЕРАЛЬНОГО ГОСУДАРСТВЕННОГО БЮДЖЕТНОГО ОБРАЗОВАТЕЛЬНОГО УЧРЕЖДЕНИЯ ВЫСШЕГО ОБРАЗОВАНИЯ ""КАЛИНИНГ";1
"ООО   ""СИБНЕФТЬ - ЧУКОТКА""";1
АДМИНИСТРАЦИЯ ГОРОДА ОБНИНСКА;1
"АО ""ССЗ ""ЛОТОС""";1
"ФГБУ ""ВНИИЗЖ""";1
"ООО ""КСК""";1
"ГАУ ТО ""ОЦЗВС ""ЖЕМЧУЖИНА СИБИРИ""";1
"ООО ""ЭКОМАШГРУПП""";1
"ФЕДЕРАЛЬНОЕ ГОСУДАРСТВЕННОЕ КАЗЕННОЕ УЧРЕЖДЕНИЕ ""СКЛАДСКОЙ ТЕРМИНАЛ № 19""";1
АДМИНИСТРАЦИЯ МУНИЦИПАЛЬНОГО ОБРАЗОВАНИЯ СОСНОВОБОРСКИЙ ГОРОДСКОЙ ОКРУГ ЛЕНИНГРАДСКОЙ ОБЛАСТИ;1
"ФИЛИАЛ ""ЦЛАТИ ПО САМАРСКОЙ ОБЛАСТИ"" ФГБУ ""ЦЛАТИ ПО ПФО""";1
"САНКТ-ПЕТЕРБУРГСКОЕ ГОСУДАРСТВЕННОЕ БЮДЖЕТНОЕ УЧРЕЖДЕНИЕ ЗДРАВООХРАНЕНИЯ ""МЕДИЦИНСКИЙ САНИТАРНЫЙ ТРАНСПОРТ""";1
"ФЕДЕРАЛЬНОЕ КАЗЕННОЕ УЧРЕЖДЕНИЕ ЗДРАВООХРАНЕНИЯ ""САНАТОРИЙ ""СОКОЛ"" МИНИСТЕРСТВА ВНУТРЕННИХ ДЕЛ РОССИЙСКОЙ ФЕДЕРАЦИИ""";1
"ФЕДЕРАЛЬНОЕ ГОСУДАРСТВЕННОЕ БЮДЖЕТНОЕ УЧРЕЖДЕНИЕ ""ЦЕНТР ЛАБОРАТОРНОГО АНАЛИЗА И ТЕХНИЧЕСКИХ ИЗМЕРЕНИЙ ПО ПРИВОЛЖСКОМУ ФЕДЕРАЛЬНОМУ ОКРУГУ""";1
"ФЕДЕРАЛЬНОЕ ГОСУДАРСТВЕННОЕ БЮДЖЕТНОЕ ОБРАЗОВАТЕЛЬНОЕ УЧРЕЖДЕНИЕ ВЫСШЕГО ОБРАЗОВАНИЯ ""ПРИВОЛЖСКИЙ ИССЛЕДОВАТЕЛЬСКИЙ МЕДИЦИНСКИЙ УНИВЕРСИТЕТ"" МИНИСТЕРСТВА ЗДРАВО";1
"АО  ""РУСАТОМ СЕРВИС""";1
"МУП ""ТЕПЛОВЫЕ СЕТИ"" Г. ВЕЛИКИЕ ЛУКИ";1
"ООО ""ЭНЕРГОРЕМОНТ""";1
ГОСУДАРСТВЕННОЕ БЮДЖЕТНОЕ УЧРЕЖДЕНИЕ СПОРТИВНАЯ ШКОЛА ОЛИМПИЙСКОГО РЕЗЕРВА № 3 КАЛИНИНСКОГО РАЙОНА САНКТ-ПЕТЕРБУРГА;1
"ГОСУДАРСТВЕННОЕ БЮДЖЕТНОЕ УЧРЕЖДЕНИЕ ЗДРАВООХРАНЕНИЯ ""КАМЧАТСКАЯ КРАЕВАЯ БОЛЬНИЦА ИМ. А.С. ЛУКАШЕВСКОГО""";1
"АО ""ЦПТИ""";1
"ФЕДЕРАЛЬНОЕ ГОСУДАРСТВЕННОЕ БЮДЖЕТНОЕ УЧРЕЖДЕНИЕ ""ЮЖНЫЙ ФЕДЕРАЛЬНЫЙ ЦЕНТР СПОРТИВНОЙ ПОДГОТОВКИ""";1
"БЮДЖЕТНОЕ УЧРЕЖДЕНИЕ ХАНТЫ-МАНСИЙСКОГО АВТОНОМНОГО ОКРУГА - ЮГРЫ ""КОНДИНСКАЯ РАЙОННАЯ БОЛЬНИЦА""";1
"ГОСУДАРСТВЕННОЕ УЧРЕЖДЕНИЕ ЗДРАВООХРАНЕНИЯ САРАТОВСКОЙ ОБЛАСТИ ""БАЛАШОВСКАЯ РАЙОННАЯ БОЛЬНИЦА""";1
"АО ""Таганрогский завод ""Прибой""";1
АДМИНИСТРАЦИЯ ТЕМНИКОВСКОГО МУНИЦИПАЛЬНОГО РАЙОНА;1
"ГОСУДАРСТВЕННОЕ БЮДЖЕТНОЕ УЧРЕЖДЕНИЕ ЗДРАВООХРАНЕНИЯ СВЕРДЛОВСКОЙ ОБЛАСТИ ""ОБЛАСТНОЙ КЛИНИЧЕСКИЙ МЕДИЦИНСКИЙ ЦЕНТР ФТИЗИОПУЛЬМОНОЛОГИИ И ИНФЕКЦИОННЫХ ЗАБОЛЕВАНИ";1
"АО ""ЧУКОТСНАБ""";1
ГАУЗ КО КОСЦИЗ и СПИД;1
АДМИНИСТРАЦИЯ ПОСЕЛЕНИЯ МОСКОВСКИЙ;1
УПРАВЛЕНИЕ ПО ИМУЩЕСТВЕННОЙ ПОЛИТИКЕ И КООРДИНАЦИИ ДЕЯТЕЛЬНОСТИ В СФЕРЕ ГОСУДАРСТВЕННЫХ И МУНИЦИПАЛЬНЫХ УСЛУГ АДМИНИСТРАЦИИ ВАРНЕНСКОГО МУНИЦИПАЛЬНОГО РАЙОНА;1
"БЮДЖЕТНОЕ УЧРЕЖДЕНИЕ ХАНТЫ-МАНСИЙСКОГО АВТОНОМНОГО ОКРУГА - ЮГРЫ ""ПЫТЬ-ЯХСКИЙ РЕАБИЛИТАЦИОННЫЙ ЦЕНТР""";1
КУИ;1
"АО ""Восточный Порт""";1
"ГОСУДАРСТВЕННОЕ БЮДЖЕТНОЕ УЧРЕЖДЕНИЕ ЗДРАВООХРАНЕНИЯ МОСКОВСКОЙ ОБЛАСТИ ""МОСКОВСКИЙ ОБЛАСТНОЙ НАУЧНО-ИССЛЕДОВАТЕЛЬСКИЙ КЛИНИЧЕСКИЙ ИНСТИТУТ ИМ. М.Ф.ВЛАДИМИРСКОГ";1
"ГОСУДАРСТВЕННОЕ БЮДЖЕТНОЕ УЧРЕЖДЕНИЕ ЗДРАВООХРАНЕНИЯ ""ПРОТИВОТУБЕРКУЛЕЗНЫЙ ДИСПАНСЕР № 7"" МИНИСТЕРСТВА ЗДРАВООХРАНЕНИЯ КРАСНОДАРСКОГО КРАЯ";1
"ФЕДЕРАЛЬНОЕ КАЗЕННОЕ УЧРЕЖДЕНИЕ ЗДРАВООХРАНЕНИЯ ""ЦЕНТРАЛЬНАЯ СТОМАТОЛОГИЧЕСКАЯ ПОЛИКЛИНИКА МИНИСТЕРСТВА ВНУТРЕННИХ ДЕЛ РОССИЙСКОЙ ФЕДЕРАЦИИ""";1
"БЮДЖЕТНОЕ УЧРЕЖДЕНИЕ ХАНТЫ-МАНСИЙСКОГО АВТОНОМНОГО ОКРУГА - ЮГРЫ ""НИЖНЕВАРТОВСКАЯ ОКРУЖНАЯ КЛИНИЧЕСКАЯ БОЛЬНИЦА""";1
"""АДМИНИСТРАЦИЯ ГОРОДА ОРСКА""";1
"ФГУП ""13 СРЗ ЧФ"" МИНОБОРОНЫ РОССИИ";1
Зворыгин Пётр Анатольевич;1
"АО ""ВПО ""ТОЧМАШ""";1
"Филиал ПАО ""Квадра"" - ""Липецкая генерация""";1
АО «Морпорт СПб»;1
"ФЕДЕРАЛЬНОЕ ГОСУДАРСТВЕННОЕ БЮДЖЕТНОЕ ОБРАЗОВАТЕЛЬНОЕ УЧРЕЖДЕНИЕ ВЫСШЕГО ОБРАЗОВАНИЯ ""ИВАНОВСКАЯ ПОЖАРНО-СПАСАТЕЛЬНАЯ АКАДЕМИЯ ГОСУДАРСТВЕННОЙ ПРОТИВОПОЖАРНОЙ С";1
ЦЕНТР СПЕЦИАЛЬНОЙ СВЯЗИ И ИНФОРМАЦИИ ФЕДЕРАЛЬНОЙ СЛУЖБЫ ОХРАНЫ РОССИЙСКОЙ ФЕДЕРАЦИИ В РЕСПУБЛИКЕ МОРДОВИЯ;1
ООО   ГЛОБУС;1
"АО ""31 ГПИСС""";1
МТУ РОСИМУЩЕСТВА ВО ВЛАДИМИРСКОЙ, ИВАНОВСКОЙ, КОСТРОМСКОЙ И ЯРОСЛАВСКОЙ ОБЛАСТЯХ;1
"ООО ""МОНОЛИТСТРОЙСЕРВИС""";1
"АО ""ЦНИИМАШ""";1
АДМИНИСТРАЦИЯ СТОРОЖЕВСКОГО МУНИЦИПАЛЬНОГО ОБРАЗОВАНИЯ ТАТИЩЕВСКОГО РАЙОНА САРАТОВСКОЙ ОБЛАСТИ;1
ОРЕНБУРГСКИЙ ГОСУДАРСТВЕННЫЙ УНИВЕРСИТЕТ, ОГУ;1
АО «Михайловцемент»;1
Администрация Большесельского муниципального района Ярославской области;1
"САНКТ-ПЕТЕРБУРГСКОЕ ГОСУДАРСТВЕННОЕ БЮДЖЕТНОЕ СТАЦИОНАРНОЕ УЧРЕЖДЕНИЕ СОЦИАЛЬНОГО ОБСЛУЖИВАНИЯ ""ПСИХОНЕВРОЛОГИЧЕСКИЙ ИНТЕРНАТ № 7""";1
"Воронежский филиал АО ""ЕВРОЦЕМЕНТ груп""";1
"ГОСУДАРСТВЕННОЕ БЮДЖЕТНОЕ УЧРЕЖДЕНИЕ ЗДРАВООХРАНЕНИЯ ПСКОВСКОЙ ОБЛАСТИ ""ПСКОВСКИЙ ОБЛАСТНОЙ КЛИНИЧЕСКИЙ ОНКОЛОГИЧЕСКИЙ ДИСПАНСЕР""";1
АДМИНИСТРАЦИЯ ГОРОДСКОГО ОКРУГА РЕВДА;1
"ОАО ""ПЕНЗКОМПРЕССОРМАШ""";1
"ФГАУ ""НМИЦ здоровья детей"" Минздрава России";1
"ФЕДЕРАЛЬНОЕ ГОСУДАРСТВЕННОЕ БЮДЖЕТНОЕ УЧРЕЖДЕНИЕ ТУБЕРКУЛЕЗНЫЙ САНАТОРИЙ ""ВЫБОРГ-3"" МИНИСТЕРСТВА ЗДРАВООХРАНЕНИЯ РОССИЙСКОЙ ФЕДЕРАЦИИ";1
"ФЕДЕРАЛЬНОЕ ГОСУДАРСТВЕННОЕ БЮДЖЕТНОЕ УЧРЕЖДЕНИЕ ЗДРАВООХРАНЕНИЯ ""ЦЕНТРАЛЬНАЯ МЕДИКО-САНИТАРНАЯ ЧАСТЬ № 31 ФЕДЕРАЛЬНОГО МЕДИКО-БИОЛОГИЧЕСКОГО АГЕНТСТВА""";1
"АО ""АОМЗ""";1
"ГОСУДАРСТВЕННОЕ БЮДЖЕТНОЕ УЧРЕЖДЕНИЕ ЗДРАВООХРАНЕНИЯ ПЕРМСКОГО КРАЯ ""ГОРОДСКАЯ БОЛЬНИЦА ЛЫСЬВЕНСКОГО ГОРОДСКОГО ОКРУГА""";1
"САНКТ-ПЕТЕРБУРГСКОЕ ГОСУДАРСТВЕННОЕ БЮДЖЕТНОЕ УЧРЕЖДЕНИЕ ЗДРАВООХРАНЕНИЯ ""ДЕТСКИЙ САНАТОРИЙ ""СОЛНЕЧНОЕ""";1
"КРАЕВОЕ ГОСУДАРСТВЕННОЕ КАЗЕННОЕ УЧРЕЖДЕНИЕ ""СЫПУЧКА"" ПРИ АППАРАТЕ ГУБЕРНАТОРА И ПРАВИТЕЛЬСТВА КАМЧАТСКОГО КРАЯ";1
"ГОСУДАРСТВЕННОЕ БЮДЖЕТНОЕ УЧРЕЖДЕНИЕ ЗДРАВООХРАНЕНИЯ СВЕРДЛОВСКОЙ ОБЛАСТИ ""КАМЫШЛОВСКАЯ ЦЕНТРАЛЬНАЯ РАЙОННАЯ БОЛЬНИЦА""";1
"АО ""НИИ МОРТЕПЛОТЕХНИКИ""";1
УПРАВЛЕНИЕ ИНВЕСТИЦИЙ И ИННОВАЦИЙ ЛИПЕЦКОЙ ОБЛАСТИ;1
"САНКТ-ПЕТЕРБУРГСКОЕ ГОСУДАРСТВЕННОЕ БЮДЖЕТНОЕ УЧРЕЖДЕНИЕ ЗДРАВООХРАНЕНИЯ ""ГОРОДСКАЯ ПОЛИКЛИНИКА № 100 НЕВСКОГО РАЙОНА САНКТ-ПЕТЕРБУРГА""";1
"АКЦИОНЕРНОЕ ОБЩЕСТВО ""УССУРИЙСКОЕ ПРЕДПРИЯТИЕ ТЕПЛОВЫХ СЕТЕЙ""";1
"ПАО ""Иркутскэнерго""";1
"ФЕДЕРАЛЬНОЕ КАЗЕННОЕ УЧРЕЖДЕНИЕ ЗДРАВООХРАНЕНИЯ ""ДЕТСКИЙ САНАТОРИЙ ""БЫКОВО"" МИНИСТЕРСТВА ВНУТРЕННИХ ДЕЛ РОССИЙСКОЙ ФЕДЕРАЦИИ""";1
"ФЕДЕРАЛЬНОЕ ГОСУДАРСТВЕННОЕ УНИТАРНОЕ ПРЕДПРИЯТИЕ ""ГОСУДАРСТВЕННЫЙ НАУЧНЫЙ ЦЕНТР ""НАУЧНО-ИССЛЕДОВАТЕЛЬСКИЙ ИНСТИТУТ ОРГАНИЧЕСКИХ ПОЛУПРОДУКТОВ И КРАСИТЕЛЕЙ""";1
"ФЕДЕРАЛЬНОЕ ГОСУДАРСТВЕННОЕ БЮДЖЕТНОЕ ОБРАЗОВАТЕЛЬНОЕ УЧРЕЖДЕНИЕ ВЫСШЕГО ОБРАЗОВАНИЯ ""РОССИЙСКИЙ ЭКОНОМИЧЕСКИЙ УНИВЕРСИТЕТ ИМЕНИ Г.В. ПЛЕХАНОВА""";1
"ФЕДЕРАЛЬНОЕ ГОСУДАРСТВЕННОЕ КАЗЕННОЕ УЧРЕЖДЕНИЕ ""2 ОТРЯД ФЕДЕРАЛЬНОЙ ПРОТИВОПОЖАРНОЙ СЛУЖБЫ ПО БЕЛГОРОДСКОЙ ОБЛАСТИ""";1
"ФЕДЕРАЛЬНОЕ КАЗЕННОЕ УЧРЕЖДЕНИЕ ЗДРАВООХРАНЕНИЯ ""МЕДИКО-САНИТАРНАЯ ЧАСТЬ № 23 ФЕДЕРАЛЬНОЙ СЛУЖБЫ ИСПОЛНЕНИЯ НАКАЗАНИЙ""";1
"ФЕДЕРАЛЬНОЕ КАЗЕННОЕ УЧРЕЖДЕНИЕ ""ИСПРАВИТЕЛЬНАЯ КОЛОНИЯ № 4 УПРАВЛЕНИЯ ФЕДЕРАЛЬНОЙ СЛУЖБЫ ИСПОЛНЕНИЯ НАКАЗАНИЙ ПО ТАМБОВСКОЙ ОБЛАСТИ""";1
"ГОСУДАРСТВЕННОЕ БЮДЖЕТНОЕ УЧРЕЖДЕНИЕ ЗДРАВООХРАНЕНИЯ КЕМЕРОВСКОЙ ОБЛАСТИ ""НОВОКУЗНЕЦКАЯ ГОРОДСКАЯ ДЕТСКАЯ КЛИНИЧЕСКАЯ БОЛЬНИЦА №3""";1
"МУП ""ЛОКОМОТИВ"" СЕВЕРОДВИНСКА";1
ГОСУДАРСТВЕННОЕ КАЗЕННОЕ УЧРЕЖДЕНИЕ ЦЕНТР ЗАНЯТОСТИ НАСЕЛЕНИЯ ПЕРМСКОГО КРАЯ;1
ОТДЕЛ МИНИСТЕРСТВА ВНУТРЕННИХ ДЕЛ РОССИЙСКОЙ ФЕДЕРАЦИИ ПО УГЛЕГОРСКОМУ ГОРОДСКОМУ ОКРУГУ;1
"ГОСУДАРСТВЕННОЕ БЮДЖЕТНОЕ УЧРЕЖДЕНИЕ ЗДРАВООХРАНЕНИЯ КАЛИНИНГРАДСКОЙ ОБЛАСТИ ""ОЗЕРСКАЯ ЦЕНТРАЛЬНАЯ РАЙОННАЯ БОЛЬНИЦА""";1
"ГОСУДАРСТВЕННОЕ БЮДЖЕТНОЕ УЧРЕЖДЕНИЕ ЗДРАВООХРАНЕНИЯ ПЕРМСКОГО КРАЯ ""КУНГУРСКАЯ БОЛЬНИЦА""";1
"РЕСПУБЛИКАНСКОЕ ГОСУДАРСТВЕННОЕ БЮДЖЕТНОЕ УЧРЕЖДЕНИЕ ЗДРАВООХРАНЕНИЯ ""ЗЕЛЕНЧУКСКАЯ ЦЕНТРАЛЬНАЯ РАЙОННАЯ БОЛЬНИЦА""";1
"ФЕДЕРАЛЬНОЕ КАЗЕННОЕ УЧРЕЖДЕНИЕ ""КОЛОНИЯ-ПОСЕЛЕНИЕ № 10 УПРАВЛЕНИЯ ФЕДЕРАЛЬНОЙ СЛУЖБЫ ИСПОЛНЕНИЯ НАКАЗАНИЙ ПО ВОРОНЕЖСКОЙ ОБЛАСТИ""";1
Горбатов Андрей Анатолиевич;1
"МУНИЦИПАЛЬНОЕ КАЗЕННОЕ УЧРЕЖДЕНИЕ ""УПРАВЛЕНИЕ ЦЕНТРАЛИЗОВАННЫХ ЗАКУПОК""";1
"ФЕДЕРАЛЬНОЕ ГОСУДАРСТВЕННОЕ КАЗЕННОЕ УЧРЕЖДЕНИЕ ""СПЕЦИАЛЬНОЕ УПРАВЛЕНИЕ ФЕДЕРАЛЬНОЙ ПРОТИВОПОЖАРНОЙ СЛУЖБЫ № 88 МИНИСТЕРСТВА РОССИЙСКОЙ ФЕДЕРАЦИИ ПО ДЕЛАМ ГРАЖД";1
"ГОСУДАРСТВЕННОЕ БЮДЖЕТНОЕ УЧРЕЖДЕНИЕ ЗДРАВООХРАНЕНИЯ ""КРАЕВАЯ БОЛЬНИЦА № 4"" МИНИСТЕРСТВА ЗДРАВООХРАНЕНИЯ КРАСНОДАРСКОГО КРАЯ";1
"ГОСУДАРСТВЕННОЕ БЮДЖЕТНОЕ УЧРЕЖДЕНИЕ ЗДРАВООХРАНЕНИЯ ПЕРМСКОГО КРАЯ ""КИШЕРТСКАЯ ЦЕНТРАЛЬНАЯ РАЙОННАЯ БОЛЬНИЦА""";1
"ГОСУДАРСТВЕННОЕ БЮДЖЕТНОЕ УЧРЕЖДЕНИЕ ЗДРАВООХРАНЕНИЯ КЕМЕРОВСКОЙ ОБЛАСТИ ""НОВОКУЗНЕЦКАЯ ГОРОДСКАЯ ДЕТСКАЯ КЛИНИЧЕСКАЯ БОЛЬНИЦА № 4""";1
"ГОСУДАРСТВЕННОЕ БЮДЖЕТНОЕ УЧРЕЖДЕНИЯ ЗДРАВООХРАНЕНИЯ ПЕРМСКОГО КРАЯ ""ДЕТСКАЯ КЛИНИЧЕСКАЯ БОЛЬНИЦА № 13""";1
ИК СО РАН, ИНСТИТУТ КАТАЛИЗА СО РАН;1
"ФЕДЕРАЛЬНОЕ ГОСУДАРСТВЕННОЕ КАЗЕННОЕ УЧРЕЖДЕНИЕ ""СЕВЕРО-КАВКАЗСКИЙ РЕГИОНАЛЬНЫЙ ПОИСКОВО-СПАСАТЕЛЬНЫЙ ОТРЯД МЧС РОССИИ""";1
"ГОСУДАРСТВЕННОЕ БЮДЖЕТНОЕ УЧРЕЖДЕНИЕ ЗДРАВООХРАНЕНИЯ ПЕРМСКОГО КРАЯ ""БОЛЬНИЦА КОМИ-ПЕРМЯЦКОГО ОКРУГА""";1
"ГОСУДАРСТВЕННОЕ БЮДЖЕТНОЕ УЧРЕЖДЕНИЕ ЗДРАВООХРАНЕНИЯ СВЕРДЛОВСКОЙ ОБЛАСТИ ""КАМЕНСКАЯ ЦЕНТРАЛЬНАЯ РАЙОННАЯ БОЛЬНИЦА""";1
"ГОСУДАРСТВЕННОЕ БЮДЖЕТНОЕ УЧРЕЖДЕНИЕ РЕСПУБЛИКИ МАРИЙ ЭЛ ""МЕДВЕДЕВСКАЯ ЦЕНТРАЛЬНАЯ РАЙОННАЯ БОЛЬНИЦА""";1
АДМИНИСТРАЦИЯ КОРСАКОВСКОГО РАЙОНА ОРЛОВСКОЙ ОБЛАСТИ;1
"ФЕДЕРАЛЬНОЕ ГОСУДАРСТВЕННОЕ КАЗЕННОЕ УЧРЕЖДЕНИЕ ""9 ОТРЯД ФЕДЕРАЛЬНОЙ ПРОТИВОПОЖАРНОЙ СЛУЖБЫ ПО СВЕРДЛОВСКОЙ ОБЛАСТИ""";1
АДМИНИСТРАЦИЯ АБАТСКОГО МУНИЦИПАЛЬНОГО РАЙОНА;1
"ГОСУДАРСТВЕННОЕ КАЗЕННОЕ УЧРЕЖДЕНИЕ ЛЕНИНГРАДСКОЙ ОБЛАСТИ ""УПРАВЛЕНИЕ ПО ОБЕСПЕЧЕНИЮ МЕРОПРИЯТИЙ ГРАЖДАНСКОЙ ЗАЩИТЫ ЛЕНИНГРАДСКОЙ ОБЛАСТИ""";1
"ГОСУДАРСТВЕННОЕ БЮДЖЕТНОЕ  УЧРЕЖДЕНИЕ ЗДРАВООХРАНЕНИЯ РЕСПУБЛИКИ КОМИ ""УСТЬ-КУЛОМСКАЯ ЦЕНТРАЛЬНАЯ РАЙОННАЯ БОЛЬНИЦА""";1
"ГОСУДАРСТВЕННОЕ БЮДЖЕТНОЕ УЧРЕЖДЕНИЕ ЗДРАВООХРАНЕНИЯ ""РАЙОННАЯ БОЛЬНИЦА С. ВАРНА""";1
"КРАЕВОЕ ГОСУДАРСТВЕННОЕ БЮДЖЕТНОЕ УЧРЕЖДЕНИЕ ЗДРАВООХРАНЕНИЯ ""АБАНСКАЯ РАЙОННАЯ БОЛЬНИЦА""";1
"ФЕДЕРАЛЬНОЕ ГОСУДАРСТВЕННОЕ КАЗЕННОЕ УЧРЕЖДЕНИЕ ""1 ОТРЯД ФЕДЕРАЛЬНОЙ ПРОТИВОПОЖАРНОЙ СЛУЖБЫ ПО КАЛУЖСКОЙ ОБЛАСТИ""";1
"ГОСУДАРСТВЕННОЕ БЮДЖЕТНОЕ УЧРЕЖДЕНИЕ ЗДРАВООХРАНЕНИЯ СТАВРОПОЛЬСКОГО КРАЯ ""АНДРОПОВСКАЯ ЦЕНТРАЛЬНАЯ РАЙОННАЯ БОЛЬНИЦА""";1
"ГОСУДАРСТВЕННОЕ УЧРЕЖДЕНИЕ ""КОМИ РЕСПУБЛИКАНСКИЙ ОНКОЛОГИЧЕСКИЙ ДИСПАНСЕР""";1
"ГОСУДАРСТВЕННОЕ БЮДЖЕТНОЕ УЧРЕЖДЕНИЕ ""ПОЛОВИНСКАЯ ЦЕНТРАЛЬНАЯ РАЙОННАЯ БОЛЬНИЦА""";1
"ГОСУДАРСТВЕННОЕ БЮДЖЕТНОЕ УЧРЕЖДЕНИЕ ЗДРАВООХРАНЕНИЯ РЕСПУБЛИКИ КОМИ ""ТРОИЦКО-ПЕЧОРСКАЯ ЦЕНТРАЛЬНАЯ РАЙОННАЯ БОЛЬНИЦА""";1
"САНКТ-ПЕТЕРБУРГСКОЕ ГОСУДАРСТВЕННОЕ БЮДЖЕТНОЕ УЧРЕЖДЕНИЕ ЗДРАВООХРАНЕНИЯ ""ГОРОДСКАЯ ПОЛИКЛИНИКА № 106""";1
"САНКТ-ПЕТЕРБУРГСКОЕ ГОСУДАРСТВЕННОЕ БЮДЖЕТНОЕ УЧРЕЖДЕНИЕ ЗДРАВООХРАНЕНИЯ ""САНКТ-ПЕТЕРБУРГСКАЯ ГОРОДСКАЯ ДЕЗИНФЕКЦИОННАЯ СТАНЦИЯ""";1
"ГОСУДАРСТВЕННОЕ БЮДЖЕТНОЕ УЧРЕЖДЕНИЕ ЗДРАВООХРАНЕНИЯ СВЕРДЛОВСКОЙ ОБЛАСТИ  ""АЧИТСКАЯ ЦЕНТРАЛЬНАЯ РАЙОННАЯ БОЛЬНИЦА""";1
"ГКАУ ""ЦСП Пермского края""";1
"КРАЕВОЕ ГОСУДАРСТВЕННОЕ БЮДЖЕТНОЕ УЧРЕЖДЕНИЕ ЗДРАВООХРАНЕНИЯ ""ВЛАДИВОСТОКСКИЙ КЛИНИЧЕСКИЙ РОДИЛЬНЫЙ ДОМ № 3""";1
"ФЕДЕРАЛЬНОЕ КАЗЕННОЕ УЧРЕЖДЕНИЕ ЗДРАВООХРАНЕНИЯ ""МЕДИКО-САНИТАРНАЯ ЧАСТЬ МИНИСТЕРСТВА ВНУТРЕННИХ ДЕЛ РОССИЙСКОЙ ФЕДЕРАЦИИ ПО РЕСПУБЛИКЕ БУРЯТИЯ""";1
Галотин Илья Владимирович;1
"ГОСУДАРСТВЕННОЕ БЮДЖЕТНОЕ УЧРЕЖДЕНИЕ ЗДРАВООХРАНЕНИЯ СТАВРОПОЛЬСКОГО КРАЯ ""КРАЕВАЯ ДЕТСКАЯ КЛИНИЧЕСКАЯ БОЛЬНИЦА""";1
"ГОСУДАРСТВЕННОЕ БЮДЖЕТНОЕ УЧРЕЖДЕНИЕ ЗДРАВООХРАНЕНИЯ СВЕРДЛОВСКОЙ ОБЛАСТИ ""СЕРОВСКАЯ ГОРОДСКАЯ СТАНЦИЯ СКОРОЙ МЕДИЦИНСКОЙ ПОМОЩИ""";1
"АО ""МЕЖДУНАРОДНЫЙ АЭРОПОРТ ""КАЛУГА""";1
"ФГБОУ ВО ""КНАГУ""";1
"ГОСУДАРСТВЕННОЕ КАЗЕННОЕ УЧРЕЖДЕНИЕ ЗДРАВООХРАНЕНИЯ СТАВРОПОЛЬСКОГО КРАЯ ""КРАЕВОЙ САНАТОРИЙ ""ДРУЖБА"" ДЛЯ ДЕТЕЙ, БОЛЬНЫХ ТУБЕРКУЛЕЗОМ ОРГАНОВ ДЫХАНИЯ""";1
ГЛАВНОЕ УПРАВЛЕНИЕ КОНТРАКТНОЙ СИСТЕМЫ ОМСКОЙ ОБЛАСТИ;1
"АДМИНИСТРАЦИЯ МУНИЦИПАЛЬНОГО ОБРАЗОВАНИЯ ""ГОРОД НОВОДВИНСК""";1
"АДМИНИСТРАЦИЯ МУНИЦИПАЛЬНОГО ОБРАЗОВАНИЯ ""ОЛЬСКИЙ ГОРОДСКОЙ ОКРУГ""";1
"ООО ""ГК ""СЭТ""";1
"ГОСУДАРСТВЕННОЕ БЮДЖЕТНОЕ УЧРЕЖДЕНИЕ ЗДРАВООХРАНЕНИЯ СВЕРДЛОВСКОЙ ОБЛАСТИ ""ГОРОДСКАЯ БОЛЬНИЦА № 1 ГОРОД НИЖНИЙ ТАГИЛ""";1
"ФЕДЕРАЛЬНОЕ ГОСУДАРСТВЕННОЕ УНИТАРНОЕ ПРЕДПРИЯТИЕ ""УПРАВЛЕНИЕ ПО ЭКСПЛУАТАЦИИ АВТОМОБИЛЬНЫХ ГАЗОНАПОЛНИТЕЛЬНЫХ КОМПРЕССОРНЫХ СТАНЦИЙ ""МОСАВТОГАЗ"" МИНИСТЕРСТВА Э";1
"ФЕДЕРАЛЬНОЕ ГОСУДАРСТВЕННОЕ УНИТАРНОЕ ПРЕДПРИЯТИЕ ""УПРАВЛЕНИЕ ПО ЭКСПЛУАТАЦИИ АВТОМОБИЛЬНЫХ ГАЗОНАПОЛНИТЕЛЬНЫХ &lt;em&gt;КОМПРЕССОРНЫХ&lt;/em&gt; СТАНЦИЙ ""МОСАВ";1
"ФЕДЕРАЛЬНОЕ ГОСУДАРСТВЕННОЕ БЮДЖЕТНОЕ ОБРАЗОВАТЕЛЬНОЕ УЧРЕЖДЕНИЕ ВЫСШЕГО ОБРАЗОВАНИЯ ""ВОЛГОГРАДСКИЙ ГОСУДАРСТВЕННЫЙ ТЕХНИЧЕСКИЙ УНИВЕРСИТЕТ""";1
"САНКТ-ПЕТЕРБУРГСКОЕ ГОСУДАРСТВЕННОЕ БЮДЖЕТНОЕ УЧРЕЖДЕНИЕ ЗДРАВООХРАНЕНИЯ ""НИКОЛАЕВСКАЯ БОЛЬНИЦА""";1
"ФЕДЕРАЛЬНОЕ КАЗЕННОЕ УЧРЕЖДЕНИЕ ЗДРАВООХРАНЕНИЯ ""САНАТОРИЙ ""ТРОЙКА"" ФЕДЕРАЛЬНОЙ СЛУЖБЫ ИСПОЛНЕНИЯ НАКАЗАНИЙ""";1
"ФЕДЕРАЛЬНОЕ ГОСУДАРСТВЕННОЕ БЮДЖЕТНОЕ УЧРЕЖДЕНИЕ ""НАЦИОНАЛЬНЫЙ МЕДИЦИНСКИЙ ИССЛЕДОВАТЕЛЬСКИЙ ЦЕНТР КАРДИОЛОГИИ"" МИНИСТЕРСТВА ЗДРАВООХРАНЕНИЯ РОССИЙСКОЙ ФЕДЕРАЦИ";1
"МУНИЦИПАЛЬНОЕ КАЗЕННОЕ УЧРЕЖДЕНИЕ ГОРОДСКОГО ОКРУГА ЧЕХОВ ""ЦЕНТР КОНКУРЕНТНЫХ ЗАКУПОК""";1
"ОАО ""275 АРЗ""";1
"ГОСУДАРСТВЕННОЕ БЮДЖЕТНОЕ УЧРЕЖДЕНИЕ ГОРОДА МОСКВЫ ""ЕДИНЫЙ ИНФОРМАЦИОННО-РАСЧЕТНЫЙ ЦЕНТР ГОРОДА МОСКВЫ""";1
"БЮДЖЕТНОЕ УЧРЕЖДЕНИЕ ЗДРАВООХРАНЕНИЯ УДМУРТСКОЙ РЕСПУБЛИКИ ""ДЕТСКАЯ ГОРОДСКАЯ КЛИНИЧЕСКАЯ ПОЛИКЛИНИКА № 8 МИНИСТЕРСТВА ЗДРАВООХРАНЕНИЯ УДМУРТСКОЙ РЕСПУБЛИКИ""";1
"МУНИЦИПАЛЬНОЕ УНИТАРНОЕ ПРЕДПРИЯТИЕ ""ОЛЕНЕГОРСКИЕ ТЕПЛОВЫЕ СЕТИ"" МУНИЦИПАЛЬНОГО ОБРАЗОВАНИЯ ГОРОД ОЛЕНЕГОРСК С ПОДВЕДОМСТВЕННОЙ ТЕРРИТОРИЕЙ МУРМАНСКОЙ ОБЛАСТИ";1
АДМИНИСТРАЦИЯ БАШМАКОВСКОГО РАЙОНА ПЕНЗЕНСКОЙ ОБЛАСТИ;1
"ГОСУДАРСТВЕННОЕ БЮДЖЕТНОЕ УЧРЕЖДЕНИЕ ЗДРАВООХРАНЕНИЯ ПЕРМСКОГО КРАЯ ""ЧАЙКОВСКАЯ ДЕТСКАЯ ГОРОДСКАЯ БОЛЬНИЦА""";1
"ГОСУДАРСТВЕННОЕ УЧРЕЖДЕНИЕ ЗДРАВООХРАНЕНИЯ ""САРАТОВСКАЯ ГОРОДСКАЯ ПОЛИКЛИНИКА № 19""";1
"ГОСУДАРСТВЕННОЕ БЮДЖЕТНОЕ УЧРЕЖДЕНИЕ ЗДРАВООХРАНЕНИЯ ПСКОВСКОЙ ОБЛАСТИ ""ВЕЛИКОЛУКСКАЯ МЕЖРАЙОННАЯ БОЛЬНИЦА""";1
"ГОСУДАРСТВЕННОЕ БЮДЖЕТНОЕ УЧРЕЖДЕНИЕ ЗДРАВООХРАНЕНИЯ КАМЧАТСКОГО КРАЯ ""ЕЛИЗОВСКАЯ РАЙОННАЯ БОЛЬНИЦА""";1
"АКЦИОНЕРНОЕ ОБЩЕСТВО ""СРЕДНЕ-НЕВСКИЙ СУДОСТРОИТЕЛЬНЫЙ ЗАВОД""";1
"МУНИЦИПАЛЬНОЕ УНИТАРНОЕ ПРЕДПРИЯТИЕ САНАТОРИЙ-ПРОФИЛАКТОРИЙ ""ЗДОРОВЬЕ""";1
"САНКТ-ПЕТЕРБУРГСКОЕ ГОСУДАРСТВЕННОЕ БЮДЖЕТНОЕ ПРОФЕССИОНАЛЬНОЕ ОБРАЗОВАТЕЛЬНОЕ УЧРЕЖДЕНИЕ ""САНКТ-ПЕТЕРБУРГСКИЙ ТЕХНИЧЕСКИЙ КОЛЛЕДЖ УПРАВЛЕНИЯ И КОММЕРЦИИ""";1
"ООО ""ЛУКОЙЛ-Ставропольэнерго""";1
"ФЕДЕРАЛЬНОЕ КАЗЕННОЕ УЧРЕЖДЕНИЕ ""8 ОТРЯД ФЕДЕРАЛЬНОЙ ПРОТИВОПОЖАРНОЙ СЛУЖБЫ ГОСУДАРСТВЕННОЙ ПРОТИВОПОЖАРНОЙ СЛУЖБЫ ПО ЯМАЛО-НЕНЕЦКОМУ АВТОНОМНОМУ ОКРУГУ (ДОГОВО";1
"ГОСУДАРСТВЕННОЕ БЮДЖЕТНОЕ УЧРЕЖДЕНИЕ ЗДРАВООХРАНЕНИЯ СВЕРДЛОВСКОЙ ОБЛАСТИ ""АРТЕМОВСКАЯ ЦЕНТРАЛЬНАЯ РАЙОННАЯ БОЛЬНИЦА""";1
"МУНИЦИПАЛЬНОЕ УНИТАРНОЕ ПРЕДПРИЯТИЕ ""ФЁДОРОВСКОЕ ЖИЛИЩНО-КОММУНАЛЬНОЕ ХОЗЯЙСТВО""";1
"ГОСУДАРСТВЕННОЕ КАЗЕННОЕ УЧРЕЖДЕНИЕ ""ОТДЕЛ ПО ЭКСПЛУАТАЦИИ ПОМЕЩЕНИЙ ДУМЫ СТАВРОПОЛЬСКОГО КРАЯ""";1
"ФЕДЕРАЛЬНОЕ ГОСУДАРСТВЕННОЕ БЮДЖЕТНОЕ УЧРЕЖДЕНИЕ ЗДРАВООХРАНЕНИЯ ""ЦЕНТРАЛЬНАЯ МЕДИКО-САНИТАРНАЯ ЧАСТЬ № 91 ФЕДЕРАЛЬНОГО МЕДИКО-БИОЛОГИЧЕСКОГО АГЕНТСТВА""";1
"ФИЛИАЛ ФЕДЕРАЛЬНОГО ГОСУДАРСТВЕННОГО БЮДЖЕТНОГО УЧРЕЖДЕНИЯ ""ЦЕНТР ЛАБОРАТОРНОГО АНАЛИЗА И ТЕХНИЧЕСКИХ ИЗМЕРЕНИЙ ПО УРАЛЬСКОМУ ФЕДЕРАЛЬНОМУ ОКРУГУ"" ПО КУРГАНСКОЙ";1
"МУНИЦИПАЛЬНОЕ КАЗЕННОЕ УЧРЕЖДЕНИЕ ""ЦЕНТР МУНИЦИПАЛЬНЫХ ЗАКУПОК, ПОДДЕРЖКИ ПРЕДПРИНИМАТЕЛЬСТВА И ОБЕСПЕЧЕНИЯ ДЕЯТЕЛЬНОСТИ ОРГАНОВ МЕСТНОГО САМОУПРАВЛЕНИЯ Г. ЗЕЛЕ";1
АО 'НПП 'ИСТОК' ИМ. ШОКИНА';1
ВОЙСКОВАЯ ЧАСТЬ 3671;1
"ФЕДЕРАЛЬНОЕ ГОСУДАРСТВЕННОЕ УНИТАРНОЕ ПРЕДПРИЯТИЕ ""УПРАВЛЕНИЕ ВЕДОМСТВЕННОЙ ОХРАНЫ МИНИСТЕРСТВА ТРАНСПОРТА РОССИЙСКОЙ ФЕДЕРАЦИИ""";1
"АДМИНИСТРАЦИЯ МУНИЦИПАЛЬНОГО ОБРАЗОВАНИЯ ""МЕДВЕДЕВСКИЙ МУНИЦИПАЛЬНЫЙ РАЙОН"" РЕСПУБЛИКИ МАРИЙ ЭЛ";1
"ГОСУДАРСТВЕННОЕ ПРЕДПРИЯТИЕ ХАНТЫ-МАНСИЙСКОГО АВТОНОМНОГО ОКРУГА ""ИСПОЛНИТЕЛЬНАЯ ДИРЕКЦИЯ ФОНДА ПОКОЛЕНИЙ ХАНТЫ-МАНСИЙСКОГО АВТОНОМНОГО ОКРУГА""";1
УПРАВЛЕНИЕ ПО РАЗМЕЩЕНИЮ ГОСЗАКАЗА ЛИПЕЦКОЙ ОБЛАСТИ;1
"ФЕДЕРАЛЬНОЕ ГОСУДАРСТВЕННОЕ БЮДЖЕТНОЕ УЧРЕЖДЕНИЕ ""НАЦИОНАЛЬНЫЙ НАУЧНО-ПРАКТИЧЕСКИЙ ЦЕНТР ДЕТСКОЙ ГЕМАТОЛОГИИ, ОНКОЛОГИИ И ИММУНОЛОГИИ ИМЕНИ ДМИТРИЯ РОГАЧЕВА"" МИ";1
"ФЕДЕРАЛЬНОЕ ГОСУДАРСТВЕННОЕ КАЗЕННОЕ УЧРЕЖДЕНИЕ ""ЦЕНТР ФАРМАЦИИ И МЕДИЦИНСКОЙ ТЕХНИКИ"" МИНИСТЕРСТВА ОБОРОНЫ РОССИЙСКОЙ ФЕДЕРАЦИИ";1
УПРАВЛЕНИЕ ВОЕННО-ТЕХНИЧЕСКОГО СНАБЖЕНИЯ СЛУЖБЫ ХОЗЯЙСТВЕННОГО ОБЕСПЕЧЕНИЯ ФЕДЕРАЛЬНОЙ СЛУЖБЫ ОХРАНЫ РОССИЙСКОЙ ФЕДЕРАЦИИ;1
"ФЕДЕРАЛЬНОЕ КАЗЕННОЕ УЧРЕЖДЕНИЕ ЗДРАВООХРАНЕНИЯ ""МЕДИКО-САНИТАРНАЯ ЧАСТЬ МИНИСТЕРСТВА ВНУТРЕННИХ ДЕЛ РОССИЙСКОЙ ФЕДЕРАЦИИ ПО РЕСПУБЛИКЕ МОРДОВИЯ""";1
ФЕДЕРАЛЬНОЕ ГОСУДАРСТВЕННОЕ АВТОНОМНОЕ ОБРАЗОВАТЕЛЬНОЕ УЧРЕЖДЕНИЕ ВЫСШЕГО ОБРАЗОВАНИЯ ПЕРВЫЙ МОСКОВСКИЙ ГОСУДАРСТВЕННЫЙ МЕДИЦИНСКИЙ УНИВЕРСИТЕТ ИМЕНИ И.М. СЕЧЕН;1
"ГОСУДАРСТВЕННОЕ УЧРЕЖДЕНИЕ ЗДРАВООХРАНЕНИЯ ""ОБЛАСТНОЙ КЛИНИЧЕСКИЙ ПРОТИВОТУБЕРКУЛЕЗНЫЙ ДИСПАНСЕР""";1
Шмелев Александр Владимирович;1
"ФЕДЕРАЛЬНОЕ ГОСУДАРСТВЕННОЕ УНИТАРНОЕ ПРЕДПРИЯТИЕ ""ЦЕНТРАЛЬНЫЙ НАУЧНО-ИССЛЕДОВАТЕЛЬСКИЙ ИНСТИТУТ ХИМИИ И МЕХАНИКИ""";1
ООО 'ПРАКТИКА';1
ООО «Инвест УК»;1
"ФЕДЕРАЛЬНОЕ ГОСУДАРСТВЕННОЕ КАЗЕННОЕ УЧРЕЖДЕНИЕ ""АВИАЦИОННАЯ БАЗА""";1
"ГОСУДАРСТВЕННОЕ БЮДЖЕТНОЕ УЧРЕЖДЕНИЕ СОЦИАЛЬНОГО ОБСЛУЖИВАНИЯ НАСЕЛЕНИЯ РОСТОВСКОЙ ОБЛАСТИ ""РЕАБИЛИТАЦИОННЫЙ ЦЕНТР ДЛЯ ДЕТЕЙ И ПОДРОСТКОВ С ОГРАНИЧЕННЫМИ ВОЗМОЖ";1
АДМИНИСТРАЦИЯ МУНИЦИПАЛЬНОГО ОБРАЗОВАНИЯ ТИХОРЕЦКИЙ РАЙОН;1
"ГОСУДАРСТВЕННОЕ БЮДЖЕТНОЕ УЧРЕЖДЕНИЕ ЗДРАВООХРАНЕНИЯ ПЕРМСКОГО КРАЯ ""ГОРОДСКАЯ КЛИНИЧЕСКАЯ БОЛЬНИЦА № 7""";1
"ФЕДЕРАЛЬНОЕ ГОСУДАРСТВЕННОЕ КАЗЕННОЕ УЧРЕЖДЕНИЕ ""ЮЖНЫЙ РЕГИОНАЛЬНЫЙ ПОИСКОВО-СПАСАТЕЛЬНЫЙ ОТРЯД МЧС РОССИИ""";1
"ГБУ ""ЭВАЖД""";1
"ФЕДЕРАЛЬНОЕ ГОСУДАРСТВЕННОЕ КАЗЕННОЕ УЧРЕЖДЕНИЕ ""5 ОТРЯД ФЕДЕРАЛЬНОЙ ПРОТИВОПОЖАРНОЙ СЛУЖБЫ ПО ВОЛГОГРАДСКОЙ ОБЛАСТИ""";1
Хуторной Алексей Юрьевич;1
"ГОСУДАРСТВЕННОЕ БЮДЖЕТНОЕ УЧРЕЖДЕНИЕ ""КУРГАНСКАЯ ОБЛАСТНАЯ КЛИНИЧЕСКАЯ БОЛЬНИЦА""";1
"ФБУ ""РОСТЕСТ-МОСКВА""";1
"ГОСУДАРСТВЕННОЕ БЮДЖЕТНОЕ УЧРЕЖДЕНИЕ ЗДРАВООХРАНЕНИЯ РЕСПУБЛИКИ КОМИ ""КОМИ РЕСПУБЛИКАНСКАЯ БОЛЬНИЦА""";1
"ГОСУДАРСТВЕННОЕ УЧРЕЖДЕНИЕ ЗДРАВООХРАНЕНИЯ ""САРАТОВСКАЯ ГОРОДСКАЯ ПОЛИКЛИНИКА № 16""";1
"ФЕДЕРАЛЬНОЕ ГОСУДАРСТВЕННОЕ БЮДЖЕТНОЕ ОБРАЗОВАТЕЛЬНОЕ УЧРЕЖДЕНИЕ ВЫСШЕГО ОБРАЗОВАНИЯ ""САНКТ-ПЕТЕРБУРГСКИЙ УНИВЕРСИТЕТ ГОСУДАРСТВЕННОЙ ПРОТИВОПОЖАРНОЙ СЛУЖБЫ МИН";1
"ГОСУДАРСТВЕННОЕ УЧРЕЖДЕНИЕ ЗДРАВООХРАНЕНИЯ САРАТОВСКОЙ ОБЛАСТИ ""ДУХОВНИЦКАЯ РАЙОННАЯ  БОЛЬНИЦА""";1
АДМИНИСТРАЦИЯ КРАСНОАРМЕЙСКОГО МУНИЦИПАЛЬНОГО РАЙОНА;1
"ГОСУДАРСТВЕННОЕ БЮДЖЕТНОЕ УЧРЕЖДЕНИЕ ЗДРАВООХРАНЕНИЯ КАЛИНИНГРАДСКОЙ ОБЛАСТИ ""ГОРОДСКАЯ ПОЛИКЛИНИКА № 3""";1
"АКЦИОНЕРНОЕ ОБЩЕСТВО ""СПЕЦИАЛЬНОЕ КОНСТРУКТОРСКО-ТЕХНОЛОГИЧЕСКОЕ БЮРО ПО ЭЛЕКТРОХИМИИ С ОПЫТНЫМ ЗАВОДОМ""";1
Минимущества Республики Коми;1
"КИРОВСКОЕ ОБЛАСТНОЕ ГОСУДАРСТВЕННОЕ БЮДЖЕТНОЕ УЧРЕЖДЕНИЕ ЗДРАВООХРАНЕНИЯ ""ОРИЧЕВСКАЯ ЦЕНТРАЛЬНАЯ РАЙОННАЯ БОЛЬНИЦА""";1
"ФЕДЕРАЛЬНОЕ ГОСУДАРСТВЕННОЕ БЮДЖЕТНОЕ НАУЧНОЕ УЧРЕЖДЕНИЕ ""НАУЧНО-ИССЛЕДОВАТЕЛЬСКИЙ ИНСТИТУТ ФУНДАМЕНТАЛЬНОЙ И КЛИНИЧЕСКОЙ ИММУНОЛОГИИ""";1
УПРАВЛЕНИЕ ПО БЛАГОУСТРОЙСТВУ ГАРИНСКОГО ГОРОДСКОГО ОКРУГА;1
"ФЕДЕРАЛЬНОЕ КАЗЕННОЕ УЧРЕЖДЕНИЕ ""ЖИЛИЩНО-КОММУНАЛЬНОЕ УПРАВЛЕНИЕ УПРАВЛЕНИЯ ФЕДЕРАЛЬНОЙ СЛУЖБЫ ИСПОЛНЕНИЯ НАКАЗАНИЙ ПО ВОЛГОГРАДСКОЙ ОБЛАСТИ""";1
"ФЕДЕРАЛЬНОЕ КАЗЕННОЕ УЧРЕЖДЕНИЕ ЗДРАВООХРАНЕНИЯ ""МЕДИКО-САНИТАРНАЯ ЧАСТЬ № 28 ФЕДЕРАЛЬНОЙ СЛУЖБЫ ИСПОЛНЕНИЯ НАКАЗАНИЙ""";1
"МУНИЦИПАЛЬНОЕ БЮДЖЕТНОЕ ЛЕЧЕБНО-ПРОФИЛАКТИЧЕСКОЕ УЧРЕЖДЕНИЕ ""ГОРОДСКАЯ ДЕТСКАЯ КЛИНИЧЕСКАЯ БОЛЬНИЦА № 4""";1
"ГОСУДАРСТВЕННОЕ БЮДЖЕТНОЕ УЧРЕЖДЕНИЕ ЗДРАВООХРАНЕНИЯ РЕСПУБЛИКИ КРЫМ ""КРЫМСКИЙ РЕСПУБЛИКАНСКИЙ ОНКОЛОГИЧЕСКИЙ КЛИНИЧЕСКИЙ ДИСПАНСЕР ИМЕНИ В.М. ЕФЕТОВА""";1
"ГОСУДАРСТВЕННОЕ УЧРЕЖДЕНИЕ ЗДРАВООХРАНЕНИЯ САРАТОВСКОЙ ОБЛАСТИ ""КРАСНОАРМЕЙСКАЯ  РАЙОННАЯ БОЛЬНИЦА""";1
Пустакин Валерий Васильевич;1
"Акционерное общество ""Научно-производственный центр ""Полюс""";1
УПРАВЛЕНИЕ ФЕДЕРАЛЬНОЙ СЛУЖБЫ БЕЗОПАСНОСТИ РОССИЙСКОЙ ФЕДЕРАЦИИ ПО ПЕРМСКОМУ КРАЮ;1
"ФЕДЕРАЛЬНОЕ ГОСУДАРСТВЕННОЕ КАЗЕННОЕ УЧРЕЖДЕНИЕ КОМБИНАТ ""АТЛАС"" УПРАВЛЕНИЯ ФЕДЕРАЛЬНОГО АГЕНТСТВА ПО ГОСУДАРСТВЕННЫМ РЕЗЕРВАМ ПО ЮЖНОМУ ФЕДЕРАЛЬНОМУ ОКРУГУ";1
"ФЕДЕРАЛЬНОЕ КАЗЕННОЕ УЧРЕЖДЕНИЕ ""ЦЕНТР ГОСУДАРСТВЕННОЙ ИНСПЕКЦИИ ПО МАЛОМЕРНЫМ СУДАМ МИНИСТЕРСТВА РОССИЙСКОЙ ФЕДЕРАЦИИ ПО ДЕЛАМ ГРАЖДАНСКОЙ ОБОРОНЫ, ЧРЕЗВЫЧАЙНЫ";1
УПРАВЛЕНИЕ ФЕДЕРАЛЬНОЙ СЛУЖБЫ БЕЗОПАСНОСТИ РОССИЙСКОЙ ФЕДЕРАЦИИ ПО КУРГАНСКОЙ ОБЛАСТИ;1
"ГОСУДАРСТВЕННОЕ УЧРЕЖДЕНИЕ ЗДРАВООХРАНЕНИЯ САРАТОВСКОЙ ОБЛАСТИ ""ДЕРГАЧЕВСКАЯ РАЙОННАЯ БОЛЬНИЦА""";1
"ФЕДЕРАЛЬНОЕ ГОСУДАРСТВЕННОЕ БЮДЖЕТНОЕ УЧРЕЖДЕНИЕ САНАТОРИЙ ""ГЛУХОВСКАЯ"" МИНИСТЕРСТВА ЗДРАВООХРАНЕНИЯ РОССИЙСКОЙ ФЕДЕРАЦИИ";1
"ФЕДЕРАЛЬНОЕ ГОСУДАРСТВЕННОЕ БЮДЖЕТНОЕ УЧРЕЖДЕНИЕ ""НАУЧНЫЙ ЦЕНТР СЕРДЕЧНО-СОСУДИСТОЙ ХИРУРГИИ ИМЕНИ А.Н. БАКУЛЕВА"" МИНИСТЕРСТВА ЗДРАВООХРАНЕНИЯ РОССИЙСКОЙ ФЕДЕРА";1
"ФЕДЕРАЛЬНОЕ БЮДЖЕТНОЕ УЧРЕЖДЕНИЕ ""АДМИНИСТРАЦИЯ ОБЬ-ИРТЫШСКОГО БАССЕЙНА ВНУТРЕННИХ ВОДНЫХ ПУТЕЙ""";1
"Дагестанский поисково-спасательный отряд МЧС России (филиал федерального государственного казенного учреждения ""Северо-Кавказский региональный поисково-спасател";1
"федеральное государственное казенное учреждение ""60 отряд федеральной противопожарной службы по Свердловской области""";1
"ФЕДЕРАЛЬНОЕ ГОСУДАРСТВЕННОЕ КАЗЕННОЕ УЧРЕЖДЕНИЕ ""ПОГРАНИЧНОЕ УПРАВЛЕНИЕ ФЕДЕРАЛЬНОЙ СЛУЖБЫ БЕЗОПАСНОСТИ РОССИЙСКОЙ ФЕДЕРАЦИИ ПО РЕСПУБЛИКЕ ТЫВА""";1
"САНКТ-ПЕТЕРБУРГСКОЕ ГОСУДАРСТВЕННОЕ БЮДЖЕТНОЕ УЧРЕЖДЕНИЕ ЗДРАВООХРАНЕНИЯ ""ДЕТСКАЯ ГОРОДСКАЯ БОЛЬНИЦА СВЯТОЙ ОЛЬГИ""";1
ГОСУДАРСТВЕННОЕ БЮДЖЕТНОЕ УЧРЕЖДЕНИЕ ЗДРАВООХРАНЕНИЯ РЕСПУБЛИКИ КРЫМ «СИМФЕРОПОЛЬСКАЯ ПОЛИКЛИНИКА №3»;1
"ГОСУДАРСТВЕННОЕ ОБЛАСТНОЕ КАЗЕННОЕ УЧРЕЖДЕНИЕ ""МЕДИЦИНСКИЙ ЦЕНТР МОБРЕЗЕРВА ""РЕЗЕРВ""";1
"ФЕДЕРАЛЬНОЕ ГОСУДАРСТВЕННОЕ КАЗЕННОЕ УЧРЕЖДЕНИЕ ""ПОЛИКЛИНИКА № 3 ФЕДЕРАЛЬНОЙ ТАМОЖЕННОЙ СЛУЖБЫ""";1
"ГОСУДАРCТВЕННОЕ БЮДЖЕТНОЕ УЧРЕЖДЕНИЕ ""КУРГАНСКАЯ ОБЛАСТНАЯ КЛИНИЧЕСКАЯ БОЛЬНИЦА""";1
"Западно-Сибирский поисково-спасательный отряд МЧС России им. В.В. Зюкова (филиал федерального государственного казенного учреждения ""Сибирский региональный поис";1
"Федеральное государственное казенное учреждение комбинат ""Борец"" Управления Федерального агентства по государственным резервам по Уральскому федеральному округу";1
"ОТКРЫТОЕ АКЦИОНЕРНОЕ ОБЩЕСТВО ""ДАЛЬНЕВОСТОЧНЫЙ ЗАВОД ""ЗВЕЗДА""";1
"Государственное бюджетное учреждение Республики Марий Эл ""Советская центральная районная больница""";1
"ФЕДЕРАЛЬНОЕ ГОСУДАРСТВЕННОЕ БЮДЖЕТНОЕ УЧРЕЖДЕНИЕ ЗДРАВООХРАНЕНИЯ  ""МЕДИКО-САНИТАРНАЯ ЧАСТЬ № 72 ФЕДЕРАЛЬНОГО МЕДИКО-БИОЛОГИЧЕСКОГО АГЕНТСТВА""";1
"ГОСУДАРСТВЕННОЕ БЮДЖЕТНОЕ ОБРАЗОВАТЕЛЬНОЕ УЧРЕЖДЕНИЕ ВЫСШЕГО ПРОФЕССИОНАЛЬНОГО ОБРАЗОВАНИЯ ""САМАРСКИЙ ГОСУДАРСТВЕННЫЙ МЕДИЦИНСКИЙ УНИВЕРСИТЕТ"" МИНИСТЕРСТВА ЗДРА";1
"ФЕДЕРАЛЬНОЕ ГОСУДАРСТВЕННОЕ БЮДЖЕТНОЕ УЧРЕЖДЕНИЕ ""ФЕДЕРАЛЬНЫЙ ЦЕНТР СЕРДЕЧНО-СОСУДИСТОЙ ХИРУРГИИ"" МИНИСТЕРСТВА ЗДРАВООХРАНЕНИЯ РОССИЙСКОЙ ФЕДЕРАЦИИ (Г. ПЕРМЬ)";1
"ФЕДЕРАЛЬНОЕ ГОСУДАРСТВЕННОЕ БЮДЖЕТНОЕ УЧРЕЖДЕНИЕ ""ФЕДЕРАЛЬНЫЙ ЦЕНТР СЕРДЕЧНО-СОСУДИСТОЙ ХИРУРГИИ"" МИНИСТЕРСТВА ЗДРАВООХРАНЕНИЯ РОССИЙСКОЙ ФЕДЕРАЦИИ (Г.КРАСНОЯРС";1
"федеральное государственное казенное учреждение ""Байкальский поисково-спасательный отряд МЧС России""";1
"Уфимский поисково-спасательный отряд МЧС России (филиал федерального государственного казенного учреждения ""Приволжский региональный поисково-спасательный отряд";1
"ФЕДЕРАЛЬНОЕ ГОСУДАРСТВЕННОЕ  БЮДЖЕТНОЕ ОБРАЗОВАТЕЛЬНОЕ УЧРЕЖДЕНИЕ ДОПОЛНИТЕЛЬНОГО ПРОФЕССИОНАЛЬНОГО ОБРАЗОВАНИЯ ""САМАРСКИЙ УЧЕБНЫЙ ЦЕНТР ФЕДЕРАЛЬНОЙ ПРОТИВОПОЖА";1
ДЕПАРТАМЕНТ КОНТРАКТНОЙ СИСТЕМЫ КЕМЕРОВСКОЙ ОБЛАСТИ;1
"ГОСУДАРСТВЕННОЕ БЮДЖЕТНОЕ УЧРЕЖДЕНИЕ ЗДРАВООХРАНЕНИЯ САХАЛИНСКОЙ ОБЛАСТИ ""СТАНЦИЯ СКОРОЙ МЕДИЦИНСКОЙ ПОМОЩИ ГОРОДА ЮЖНО-САХАЛИНСКА""";1
"ГОСУДАРСТВЕННОЕ БЮДЖЕТНОЕ УЧРЕЖДЕНИЕ ЗДРАВООХРАНЕНИЯ СТАВРОПОЛЬСКОГО КРАЯ ""СТАНЦИЯ СКОРОЙ МЕДИЦИНСКОЙ ПОМОЩИ"" Г. ЕССЕНТУКИ";1
"МУП ""УЭТ""";1
АДМИНИСТРАЦИЯ УЛЬКАНСКОГО ГОРОДСКОГО ПОСЕЛЕНИЯ КАЗАЧИНСКО-ЛЕНСКОГО РАЙОНА ИРКУТСКОЙ ОБЛАСТИ;1
"федеральное государственное казенное учреждение ""Санаторий ""Байкал"" Федеральной службы безопасности Российской Федерации""";1
"МУНИЦИПАЛЬНОЕ БЮДЖЕТНОЕ УЧРЕЖДЕНИЕ ЗДРАВООХРАНЕНИЯ ""ЦЕНТРАЛЬНАЯ РАЙОННАЯ БОЛЬНИЦА"" ЕГОРЛЫКСКОГО РАЙОНА РОСТОВСКОЙ ОБЛАСТИ";1
"федеральное казенное учреждение ""Центральная база материально-технического и военного снабжения Управления Федеральной службы исполнения наказаний по Республике";1
"Крымский поисково-спасательный отряд МЧС России (филиал федерального государственного казенного учреждения ""Южный региональный поисково-спасательный отряд МЧС Р";1
ГОСУДАРСТВЕННОЕ БЮДЖЕТНОЕ УЧРЕЖДЕНИЕ ЗДРАВООХРАНЕНИЯ РЕСПУБЛИКИ БАШКОРТОСТАН ГОРОДСКАЯ ДЕТСКАЯ КЛИНИЧЕСКАЯ БОЛЬНИЦА № 17 ГОРОДА УФА;1
Моргунов Роман Николаевич;1
"ГОСУДАРСТВЕННОЕ БЮДЖЕТНОЕ УЧРЕЖДЕНИЕ ЗДРАВООХРАНЕНИЯ  РЕСПУБЛИКИ КОМИ ""УСТЬ-ЦИЛЕМСКАЯ ЦЕНТРАЛЬНАЯ РАЙОННАЯ БОЛЬНИЦА""";1
"ФЕДЕРАЛЬНОЕ ГОСУДАРСТВЕННОЕ БЮДЖЕТНОЕ ОБРАЗОВАТЕЛЬНОЕ УЧРЕЖДЕНИЕ ВЫСШЕГО ПРОФЕССИОНАЛЬНОГО ОБРАЗОВАНИЯ ""УФИМСКИЙ ГОСУДАРСТВЕННЫЙ АВИАЦИОННЫЙ ТЕХНИЧЕСКИЙ УНИВЕРС";1
"ФЕДЕРАЛЬНОЕ КАЗЕННОЕ УЧРЕЖДЕНИЕ ""ИСПРАВИТЕЛЬНАЯ КОЛОНИЯ № 2 ГЛАВНОГО УПРАВЛЕНИЯ ФЕДЕРАЛЬНОЙ СЛУЖБЫ ИСПОЛНЕНИЯ НАКАЗАНИЙ ПО ЧЕЛЯБИНСКОЙ ОБЛАСТИ""";1
"ГОСУДАРСТВЕННОЕ УЧРЕЖДЕНИЕ ЗДРАВООХРАНЕНИЯ ""ЛИПЕЦКИЙ ГОРОДСКОЙ РОДИЛЬНЫЙ ДОМ""";1
"Государственное бюджетное учреждение ""Курганская больница скорой медицинской помощи""";1
"ФЕДЕРАЛЬНОЕ ГОСУДАРСТВЕННОЕ КАЗЕННОЕ УЧРЕЖДЕНИЕ ""439 ВОЕННЫЙ ГОСПИТАЛЬ"" МИНИСТЕРСТВА ОБОРОНЫ РОССИЙСКОЙ ФЕДЕРАЦИИ";1
ВОЙСКОВАЯ ЧАСТЬ 28685;1
АДМИНИСТРАЦИЯ МУНИЦИПАЛЬНОГО ОБРАЗОВАНИЯ  КУВАНДЫКСКИЙ РАЙОН ОРЕНБУРГСКОЙ ОБЛАСТИ;1
"федеральное казенное учреждение ""Следственный изолятор № 6 Управления Федеральной службы исполнения наказаний по г. Москве""";1
"ФЕДЕРАЛЬНОЕ ГОСУДАРСТВЕННОЕ КАЗЕННОЕ УЧРЕЖДЕНИЕ ""СПЕЦИАЛИЗИРОВАННЫЙ ОТРЯД ГЛАВНОГО  УПРАВЛЕНИЯ МЧС РОССИИ ПО ГОРОДУ СЕВАСТОПОЛЮ""";1
"КРАЕВОЕ ГОСУДАРСТВЕННОЕ БЮДЖЕТНОЕ УЧРЕЖДЕНИЕ ЗДРАВООХРАНЕНИЯ ""НАДЕЖДИНСКАЯ ЦЕНТРАЛЬНАЯ РАЙОННАЯ БОЛЬНИЦА""";1
"ГОСУДАРСТВЕННОЕ БЮДЖЕТНОЕ УЧРЕЖДЕНИЕ  ЗДРАВООХРАНЕНИЯ РЕСПУБЛИКИ КОМИ ""СЫКТЫВКАРСКАЯ ГОРОДСКАЯ ПОЛИКЛИНИКА № 3""";1
"ООО ""УК ""ТРАНСТЕХСЕРВИС""";1
"государственное бюджетное учреждение Астраханской области ""Управление по материально-техническому обслуживанию медицинских организаций""";1
"Общество с ограниченной ответственностью ""Специализированная тендерная организация""";1
"ФЕДЕРАЛЬНОЕ ГОСУДАРСТВЕННОЕ БЮДЖЕТНОЕ УЧРЕЖДЕНИЕ ""СЕВЕРО-ЗАПАДНЫЙ ФЕДЕРАЛЬНЫЙ МЕДИЦИНСКИЙ ИССЛЕДОВАТЕЛЬСКИЙ ЦЕНТР"" МИНИСТЕРСТВА ЗДРАВООХРАНЕНИЯ РОССИЙСКОЙ ФЕДЕР";1
"государственное бюджетное учреждение здравоохранения Свердловской области ""Городская станция скорой медицинской помощи город Нижний Тагил""";1
ГОСУДАРСТВЕННОЕ КАЗЕННОЕ УЧРЕЖДЕНИЕ РЕСПУБЛИКИ КРЫМ «ЦЕНТР ЗАНЯТОСТИ НАСЕЛЕНИЯ»;1
"Акционерное общество ""Пензенское производственное объединение электронной вычислительной техники""";1
"федеральное казенное учреждение ""Исправительная колония № 10 Главного управления Федеральной службы исполнения наказаний по Пермскому краю""";1
"ГОСУДАРСТВЕННОЕ БЮДЖЕТНОЕ УЧРЕЖДЕНИЕ ЗДРАВООХРАНЕНИЯ РЕСПУБЛИКИ КОМИ ""ИНТИНСКАЯ ЦЕНТРАЛЬНАЯ ГОРОДСКАЯ БОЛЬНИЦА""";1
"ФЕДЕРАЛЬНОЕ ГОСУДАРСТВЕННОЕ КАЗЕННОЕ УЧРЕЖДЕНИЕ ""3 ОТРЯД ФЕДЕРАЛЬНОЙ ПРОТИВОПОЖАРНОЙ СЛУЖБЫ ПО ИРКУТСКОЙ ОБЛАСТИ""";1
"ФЕДЕРАЛЬНОЕ ГОСУДАРСТВЕННОЕ КАЗЕННОЕ УЧРЕЖДЕНИЕ ""60 ОТРЯД ФЕДЕРАЛЬНОЙ ПРОТИВОПОЖАРНОЙ СЛУЖБЫ ПО СВЕРДЛОВСКОЙ ОБЛАСТИ""";1
"Казенное учреждение городского округа Саранск ""Дирекция коммунального хозяйства и благоустройства""";1
"САНКТ-ПЕТЕРБУРГСКОЕ ГОСУДАРСТВЕННОЕ БЮДЖЕТНОЕ УЧРЕЖДЕНИЕ ЗДРАВООХРАНЕНИЯ ""ГОРОДСКАЯ БОЛЬНИЦА № 40 КУРОРТНОГО РАЙОНА""";1
"ГОСУДАРСТВЕННОЕ БЮДЖЕТНОЕ УЧРЕЖДЕНИЕ ЗДРАВООХРАНЕНИЯ СВЕРДЛОВСКОЙ ОБЛАСТИ ""НИЖНЕСЕРГИНСКАЯ ЦЕНТРАЛЬНАЯ РАЙОННАЯ БОЛЬНИЦА""";1
"ГОСУДАРСТВЕННОЕ БЮДЖЕТНОЕ УЧРЕЖДЕНИЕ ЗДРАВООХРАНЕНИЯ ПЕРМСКОГО КРАЯ ""ПЕРМСКАЯ КРАЕВАЯ ДЕТСКАЯ КЛИНИЧЕСКАЯ БОЛЬНИЦА""";1
"АО ""НПК ""АЛЬТЭН""";1
"ФЕДЕРАЛЬНОЕ КАЗЕННОЕ УЧРЕЖДЕНИЕ ЗДРАВООХРАНЕНИЯ ""МЕДИКО-САНИТАРНАЯ ЧАСТЬ МИНИСТЕРСТВА ВНУТРЕННИХ ДЕЛ РОССИЙСКОЙ ФЕДЕРАЦИИ ПО ЧЕЛЯБИНСКОЙ ОБЛАСТИ""";1
"КОМИТЕТ ПО УПРАВЛЕНИЮ МУНИЦИПАЛЬНЫМ ИМУЩЕСТВОМ АДМИНИСТРАЦИИ ГОРОДСКОГО ОКРУГА ""ГОРОД ЙОШКАР-ОЛА""";1
ООО   СМАРТ ПРОДЖЕКТ;1
"САНКТ-ПЕТЕРБУРГСКОЕ ГОСУДАРСТВЕННОЕ БЮДЖЕТНОЕ УЧРЕЖДЕНИЕ ЗДРАВООХРАНЕНИЯ ""ПРОТИВОТУБЕРКУЛЕЗНЫЙ ДИСПАНСЕР № 17""";1
"Бельский район водных путей и судоходства-филиал ФБУ ""Администрация Камского бассейна внутренних водных путей""";1
Борисов Сергей Павлович;1
Федеральное государственное бюджетное учреждение науки Институт биологии внутренних вод им.И.Д.Папанина Российской академии наук;1
Следственное управление Следственного комитета Российской Федерации по Волгоградской области;1
"федеральное казенное учреждение здравоохранения ""Медико-санитарная часть Министерства внутренних дел Российской Федерации по Красноярскому краю""";1
"Открытое акционерное общество ""Научно-производственный центр ""Вигстар""";1
"государственное бюджетное учреждение Краснодарского края ""Дворец спорта ""Большой""";1
"Государственное бюджетное учреждение здравоохранения Псковской области ""Пустошкинская районная больница""";1
"федеральное государственное бюджетное образовательное учреждение высшего профессионального образования ""Санкт-Петербургский университет Государственной противоп";1
"Государственное бюджетное учреждение Рязанской области ""Областной клинический перинатальный центр""";1
Администрация муниципального образования городского поселения Талинка;1
Служба охраны по Северо-Западному федеральному округу Федеральной службы охраны Российской Федерации;1
"Открытое акционерное общество ""514 авиационный ремонтный завод""";1
"Санкт-Петербургское государственное бюджетное учреждение здравоохранения ""Городская туберкулезная больница №2""";1
"Государственное бюджетное учреждение здравоохранения Пермского края ""Чайковская центральная городская больница""";1
ФГУГП «Гидроспецгеология»;1
Индивидуальный предприниматель Пирогов Андрей Генрикович;1
"муниципальное казенное учреждение города Новосибирска ""Дорожно-эксплуатационное учреждение № 4""";1
"Муниципальное учреждение здравоохранения ""Городская клиническая больница № 8"" комитета здравоохранения администрации муниципального образования ""Город Саратов""";1
"федеральное государственное бюджетное образовательное учреждение высшего профессионального образования ""Курганский государственный университет""";1
"государственное бюджетное учреждение здравоохранения Свердловской области ""Центральная районная больница Верхотурского района""";1
"государственное бюджетное образовательное учреждение высшего профессионального образования ""Башкирский государственный медицинский университет"" Министерства здр";1
"Общество с ограниченной ответственностью ""Навис""";1
"Федеральное казенное учреждение ""Объединенное стратегическое командование Центрального военного округа""";1
"ФГАОУ ВО ""ЮУРГУ (НИУ)"", ЮЖНО-УРАЛЬСКИЙ ГОСУДАРСТВЕННЫЙ УНИВЕРСИТЕТ";1
"федеральное государственное бюджетное образовательное учреждение высшего профессионального образования ""Иркутский государственный технический университет""";1
Индивидуальный предприниматель Брежестовский Анатолий Анатольевич;1
"бюджетное учреждение здравоохранения Удмуртской Республики ""Первая республиканская клиническая больница Министерства здравоохранения Удмуртской Республики""";1
"Федеральное государственное бюджетное учреждение ""Петербургский институт ядерной физики им. Б.П. Константинова""";1
"федеральное государственное бюджетное учреждение ""Производственно-технический центр федеральной противопожарной службы по Вологодской области""";1
"федеральное государственное казенное учреждение ""Специальное управление федеральной противопожарной службы № 25 Министерства Российской Федерации по делам гражд";1
"Государственное бюджетное учреждение здравоохранения Пермского края ""Городская клиническая больница № 7""";1
"Федеральное государственное бюджетное учреждение ""Научно-исследовательский институт комплексных проблем сердечно-сосудистых заболеваний"" Сибирского отделения Ро";1
"Муниципальное учреждение здравоохранения ""Звенигородская центральная городская больница""";1
"федеральное государственное казенное учреждение ""7 отряд федеральной противопожарной службы по Кемеровской области""";1
Муниципальное бюджетное учреждение здравоохранения Городская детская клиническая больница №17 городского округа город Уфа Республики Башкортостан;1
"федеральное государственное казенное учреждение ""1 отряд федеральной противопожарной службы по Новосибирской области""";1
"Федеральное казенное учреждение ""Войсковая часть 25625""";1
"Государственное бюджетное учреждение здравоохранения Республики Карелия ""Пудожская центральная районная больница""";1
"Муниципальное бюджетное дошкольное образовательное учреждение ""Детский сад №4 ""Солнышко""";1
войсковая часть 7605;1
"федеральное государственное бюджетное учреждение ""Федеральный центр сердечно-сосудистой хирургии"" Министерства здравоохранения Российской Федерации (г. Калининг";1
Юсупов  Рафгать Раисович;1
"федеральное казенное учреждение ""10 отряд федеральной противопожарной службы Государственной противопожарной службы по Республике Коми (договорной)""";1
"федеральное государственное казенное учреждение ""1 отряд федеральной противопожарной службы по Республике Марий Эл""";1
"Открытое акционерное общество ""Калужский электромеханический завод""";1
"ООО ""ОСБ""";1
"Государственное бюджетное учреждение здравоохранения Сахалинской области ""Холмская центральная районная больница""";1
"федеральное казенное учреждение ""Колония-поселение № 13 Управления Федеральной службы исполнения наказаний по Оренбургской области""";1
"федеральное государственное казенное учреждение ""3 отряд федеральной противопожарной службы по Иркутской области""";1
"государственное казенное пожарно-техническое учреждение Свердловской области ""Отряд противопожарной службы Свердловской области № 14""";1
Администрация Фрунзенского района Санкт-Петербурга;1
"Кировское областное государственное бюджетное учреждение здравоохранения ""Кировский областной клинический перинатальный центр""";1
"Государственное бюджетное учреждение здравоохранения Пермского края ""Пермская краевая детская клиническая больница""";1
"Вытегорский район гидросооружений и судоходства - филиал ФБУ ""Администрация Волго-Балтийского бассейна внутренних водных путей""";1
"казенное учреждение здравоохранения Омской области ""Клинический противотуберкулезный диспансер""";1
"федеральное государственное бюджетное учреждение санаторий ""Россия"" Министерства здравоохранения  Российской Федерации";1
"Красноуфимское муниципальное казённое учреждение ""Служба единого заказчика""";1
"федеральное государственное казенное военное образовательное учреждение высшего профессионального образования ""Военно-космическая академия имени А.Ф.Можайского""";1
"государственное бюджетное учреждение здравоохранения Свердловской области ""Свердловская областная клиническая больница № 1""";1
Забайкальский институт железнодорожного транспорта - филиал федерального государственного бюджетного образовательного учреждения высшего профессионального образ;1
"Открытое акционерное общество ""Верхнеуфалейский завод ""Уралэлемент""";1
"Федеральное государственное бюджетное учреждение ""Научно-исследовательский институт кардиологии"" Сибирского отделения  Российской академии медицинских наук";1
"федеральное казенное учреждение ""27 отряд федеральной противопожарной службы Государственной противопожарной службы по Приморскому краю (договорной)""";1
"государственное бюджетное учреждение здравоохранения ""Краевая клиническая больница № 2""  министерства здравоохранения Краснодарского края";1
"государственное бюджетное учреждение здравоохранения Свердловской области ""Детская городская больница город Серов""";1
ООО 'ТрансТехСервис';1
"Санкт-Петербургское государственное бюджетное учреждение здравоохранения ""Городская поликлиника № 19""";1
Управление капитального строительства Дальневосточного отделения Российской Академии наук;1
"Южная база хранения ресурсов (филиал) федерального казенного учреждения ""Северо-Кавказское окружное управление материально-технического снабжения Министерства в";1
"Федеральное государственное бюджетное образовательное учреждение высшего профессионального образования ""Уральский государственный университет путей сообщения""";1
"федеральное государственное унитарное предприятие ""Центральный аэрогидродинамический институт имени профессора Н.Е.Жуковского""";1
"федеральное государственное бюджетное образовательное учреждение высшего профессионального образования ""Самарский государственный аэрокосмический университет им";1
департамент имущественных отношений и государственных закупок Новгородской области;1
Сундуков Игорь Петрович;1
"федеральное казенное учреждение ""Исправительная колония № 9 Главного управления Федеральной службы исполнения наказаний по Республике Башкортостан""";1
"государственное бюджетное учреждение здравоохранения Свердловской области ""Центральная городская больница № 1 город Нижний Тагил""";1
"федеральное бюджетное учреждение ""Центр лабораторного анализа и технических измерений по Северо-Западному федеральному округу""";1
Администрация Миасского городского округа;1
"Открытое акционерное общество ""Корпорация ""Тактическое ракетное вооружение""";1
Желнин Петр Анатольевич;1
"комитет по управлению муниципальным имуществом администрации городского округа ""Город Йошкар-Ола""";1
"федеральное казенное предприятие ""Горный""";1
"АО ""ГАЗПРОМ ГАЗЭНЕРГОСЕТЬ""";1
"Открытое акционерное общество ""Конструкторское бюро приборостроения""";1
"Муниципальное бюджетное учреждение здравоохранения ""Городская больница №20 города Ростова-на-Дону""";1
"государственное бюджетное учреждение здравоохранения Свердловской области ""Красноуфимская центральная районная больница""";1
"Федеральный научно-производственный центр Открытое акционерное общество ""Научно-производственное объединение ""Марс""";1
"Государственное бюджетное учреждение ""Курганская больница №2""";1
Управление по муниципальному заказу Администрации города Новочеркасска;1
министерство транспорта и автомобильных дорог Рязанской области;1
"Открытое акционерное общество ""Научно-производственное предприятие ""Полет""";1
"краевое государственное бюджетное учреждение здравоохранения ""Арсеньевская городская больница""";1
"Открытое акционерное общество ""Специальное конструкторское бюро ""Турбина""";1
"муниципальное казенное учреждение здравоохранения города Новосибирска ""Станция скорой медицинской помощи""";1
"Муниципальное бюджетное учреждение здравоохранения городского округа Жуковский ""Городская клиническая больница""";1
"федеральное государственное унитарное предприятие ""Центральный научно-исследовательский институт имени академика А.Н.Крылова""";1
Федеральное бюджетное учреждение - войсковая часть 70855;1
"Федеральное государственное бюджетное учреждение ""Московский научно-исследовательский онкологический институт имени П.А. Герцена"" Министерства здравоохранения и";1
"Общество с ограниченной ответственностью ""Операционные системы Т43""";1
"Открытое акционерное общество ""Рыбинский завод приборостроения""";1
"Федеральное государственное бюджетное учреждение ""Новосибирский научно-исследовательский институт патологии кровообращения имени академика Е.Н. Мешалкина"" Минис";1
управление муниципального заказа и организации торгов Администрации города Омска;1
"муниципальное учреждение здравоохранения ""Центральная районная больница"" Орловского района Ростовской области";1
"Государственное унитарное предприятие ""Конструкторское бюро приборостроения""";1
"федеральное государственное бюджетное образовательное учреждение высшего профессионального образования  ""Новосибирский государственный технический университет""";1
"Муниципальное учреждение ""Центр организации и проведения конкурсных процедур"" городского округа город Уфа Республики Башкортостан";1
"федеральное казенное учреждение ""Исправительная колония № 11 Управления Федеральной службы исполнения наказаний по Кировской области""";1
Управление государственного заказа Мурманской области;1
"федеральное государственное учреждение ""Санаторий ""Волжский утес"" Управления делами Президента Российской Федерации";1
"муниципальное бюджетное учреждение здравоохранения города Новосибирска ""Родильный дом № 6""";1
Муниципальное учреждение здравоохранения Иволгинская центральная районная больница;1
"Муниципальное учреждение здравоохранения ""Мухоршибирская центральная районная больница""";1
"Муниципальное унитарное предприятие ""Йошкар-Олинская теплоэлектроцентраль №1"" муниципального образования ""Город Йошкар-Ола""";1
"Казенное специализированное учреждение ""Фонд имущества Калужской области""";1
"Муниципальное учреждение здравоохранения ""Городская детская клиническая больница № 1""";1
управление экономики и имущественных отношений;1
"федеральное государственное унитарное предприятие ""Центральный научно-исследовательский институт судовой электротехники и технологии""";1
"Санкт-Петербургское государственное учреждение здравоохранения ""Городская Покровская больница""";1
"Федеральное государственное учреждение ""Московский научно-исследовательский онкологический институт им. П.А. Герцена"" Министерства здравоохранения и социального";1
"Федеральное государственное унитарное предприятие ""Серовский механический завод""";1
"Государственное образовательное учреждение высшего профессионального образования ""Дальневосточный государственный технический университет (ДВПИ имени В.В.Куйбыш";1
"федеральное государственное образовательное учреждение высшего профессионального образования ""Петербургский государственный университет путей сообщения""";1
"Государственное учреждение ""По эксплуатации и содержанию административных зданий ""Лена""";1
Учреждение Российской академии медицинских наук Российский онкологический научный центр имени Н.Н.Блохина РАМН;1
Открытое акционерное общество «Научно-производственное предприятие «Контакт»;1
Учреждение Российской академии наук Институт прикладной физики РАН;1
Федеральное государственное унитарное предприятие «Серовский механический завод»;1
Государственное образовательное учреждение высшего профессионального образования «САМАРСКИЙ ГОСУДАРСТВЕННЫЙ АЭРОКОСМИЧЕСКИЙ УНИВЕРСИТЕТ имени академика С.П.КОРО;1
"Государственное учреждение ""Производственно-технический центр федеральной противопожарной службы по Новосибирской области""";1
Конструкторско-технологический филиал Института гидродинамики им. М.А.Лаврентьева Сибирского Отделения Российской Академии Наук;1
