nazvanie;inn;nazvanie_egrul;kpp;region;okved;status;rukovoditel;dolzhnost;kandidatov;pochemu
"ООО ""Байкальская энергетическая компания""";3808229774;"ООО ""БАЙКАЛЬСКАЯ ЭНЕРГЕТИЧЕСКАЯ КОМПАНИЯ""";380801001;Иркутская обл;35.11.1;ACTIVE;Причко Олег Николаевич;ГЕНЕРАЛЬНЫЙ ДИРЕКТОР;5;несколько кандидатов, взят первый
"АО ""Концерн Росэнергоатом""";7721632827;"АО ""КОНЦЕРН РОСЭНЕРГОАТОМ""";772101001;г Москва;35.11.3;ACTIVE;Шутиков Александр Викторович;ГЕНЕРАЛЬНЫЙ ДИРЕКТОР;5;несколько кандидатов, взят первый
"ГУП КК ""КУБАНЬВОДКОМПЛЕКС""";2310010637;"ГУП КК ""КУБАНЬВОДКОМПЛЕКС""";231101001;Краснодарский край;36.00.1;ACTIVE;Лазарев Александр Александрович;ДИРЕКТОР;1;один кандидат
Алюкаев Александр Александрович;771501041807;ИП Алюкаев Александр Александрович;;г Москва;69;ACTIVE;;;5;несколько кандидатов, взят первый
"ООО ""БЭК-РЕМОНТ""";3808271889;"ООО ""БЭК-РЕМОНТ""";384901001;Иркутская обл;35.11.1;ACTIVE;"ОБЩЕСТВО С ОГРАНИЧЕННОЙ ОТВЕТСТВЕННОСТЬЮ ""СЕРВИС ИНЖИНИРИНГ СИСТЕМС""";;2;несколько кандидатов, взят первый
"АО ""РИР""";7706757331;"АО ""РИР""";770601001;г Москва;35.30.11;ACTIVE;Сухотина Ксения Анатольевна;ГЕНЕРАЛЬНЫЙ ДИРЕКТОР;5;несколько кандидатов, взят первый
АО ЧМЗ;5921002018;"АО ""ЧМЗ""";592101001;Пермский край;25.93.1;ACTIVE;"АКЦИОНЕРНОЕ ОБЩЕСТВО ""С.П.Р.""";;4;несколько кандидатов, взят первый
"АО ""ВОДОКАНАЛ""";3702597104;"АО ""ВОДОКАНАЛ""";370201001;Ивановская обл;36.00.2;ACTIVE;Морозов Александр Владимирович;ГЕНЕРАЛЬНЫЙ ДИРЕКТОР;5;несколько кандидатов, взят первый
"МУНИЦИПАЛЬНОЕ КАЗЕННОЕ УЧРЕЖДЕНИЕ ЧУЛЫМСКОГО РАЙОНА ""УПРАВЛЕНИЕ МУНИЦИПАЛЬНЫМИ ЗАКУПКАМИ""";5442102960;"МКУ ЧУЛЫМСКОГО РАЙОНА ""УПРАВЛЕНИЕ МУНИЦИПАЛЬНЫМИ ЗАКУПКАМИ""";544201001;Новосибирская обл;84.12;ACTIVE;Караблина Елена Юрьевна;ДИРЕКТОР;1;один кандидат
"ООО ""НИИАР-ГЕНЕРАЦИЯ""";7329008990;"ООО ""НИИАР-ГЕНЕРАЦИЯ""";732901001;Ульяновская обл;35.30.11;ACTIVE;"АКЦИОНЕРНОЕ ОБЩЕСТВО ""РОСАТОМ ИНФРАСТРУКТУРНЫЕ РЕШЕНИЯ""";;1;один кандидат
"ФЕДЕРАЛЬНОЕ КАЗЕННОЕ УЧРЕЖДЕНИЕ ""ИСПРАВИТЕЛЬНАЯ КОЛОНИЯ № 4 УПРАВЛЕНИЯ ФЕДЕРАЛЬНОЙ СЛУЖБЫ ИСПОЛНЕНИЯ НАКАЗАНИЙ ПО САРАТОВСКОЙ ОБЛАСТИ""";6445006174;ФКУ ИК-4 УФСИН РОССИИ ПО САРАТОВСКОЙ ОБЛАСТИ;644501001;Саратовская обл;14.12;ACTIVE;Сухоруков Анатолий Петрович;ВРЕМЕННО ИСПОЛНЯЮЩИЙ ОБЯЗАННОСТИ НАЧАЛЬНИКА;1;один кандидат
"МУП  ""ЛОКНЯНСКОЕ  ЖКХ""";6008002667;"МУП ""ЛОКНЯНСКОЕ ЖКХ""";600801001;Псковская обл;35.30.14;ACTIVE;Фёдоров Сергей Петрович;ДИРЕКТОР;1;один кандидат
"ООО ""ААЭМ""";5036083578;"ООО ""ААЭМ""";503601001;Московская обл;46.69.9;ACTIVE;Черепанов Александр Андреевич;ГЕНЕРАЛЬНЫЙ ДИРЕКТОР;3;несколько кандидатов, взят первый
АО   ТРАНСНЕФТЬ-ВЕРХНЯЯ ВОЛГА;5260900725;"АО ""ТРАНСНЕФТЬ - ВЕРХНЯЯ ВОЛГА""";526001001;Нижегородская обл;49.50.11;ACTIVE;Погодин Дмитрий Александрович;ГЕНЕРАЛЬНЫЙ ДИРЕКТОР;1;"отсеяно спутников: 4; один кандидат"
"ООО ""ВОДОКАНАЛ""";5919004850;"ООО ""ВОДОКАНАЛ""";591901001;Пермский край;36.00.1;ACTIVE;Мингазеев Игорь Гаптуллович;ГЕНЕРАЛЬНЫЙ ДИРЕКТОР;5;несколько кандидатов, взят первый
"ООО ""ППТК""";7536157461;"ООО ""ППТК""";753601001;Забайкальский край;52.29;ACTIVE;Смоленкова Оксана Валерьевна;ДИРЕКТОР;5;несколько кандидатов, взят первый
"государственное (областное) учреждение ""Управление государственной противопожарной спасательной службы Липецкой области""";4826074733;"ОКУ ""УПРАВЛЕНИЕ ГПСС ЛИПЕЦКОЙ ОБЛАСТИ""";482601001;Липецкая обл;84.25.1;ACTIVE;Дорожинский Денис Викторович;НАЧАЛЬНИК;1;один кандидат
"ООО ""СИС""";7116502972;"ООО ""СИС""";711601001;Тульская обл;56.10;ACTIVE;Санфюлин Рифкат Ренадович;ДИРЕКТОР;5;несколько кандидатов, взят первый
"ГУП ""ВОДОКАНАЛ САНКТ-ПЕТЕРБУРГА""";7830000426;"ГУП ""ВОДОКАНАЛ САНКТ-ПЕТЕРБУРГА""";784201001;г Санкт-Петербург;37.00;ACTIVE;Пирогов Виталий Валентинович;ГЕНЕРАЛЬНЫЙ ДИРЕКТОР;5;несколько кандидатов, взят первый
"ФЕДЕРАЛЬНОЕ ГОСУДАРСТВЕННОЕ БЮДЖЕТНОЕ УЧРЕЖДЕНИЕ ""СПЕЦИАЛЬНЫЙ ЛЕТНЫЙ ОТРЯД ""РОССИЯ"" УПРАВЛЕНИЯ ДЕЛАМИ ПРЕЗИДЕНТА РОССИЙСКОЙ ФЕДЕРАЦИИ";7732537999;"ФГБУ ""СЛО ""РОССИЯ""";772901001;г Москва;51.10.2;ACTIVE;Терещенко Константин Эдуардович;ГЕНЕРАЛЬНЫЙ ДИРЕКТОР;1;один кандидат
"МУНИЦИПАЛЬНОЕ УНИТАРНОЕ ПРЕДПРИЯТИЕ ""ВОДОКАНАЛИЗАЦИОННОЕ ХОЗЯЙСТВО Г.БУЗУЛУКА""";5603011185;"МУП ""ВКХ""";560301001;Оренбургская обл;36.00.2;ACTIVE;Щербатов Владимир Васильевич;ДИРЕКТОР;1;один кандидат
"ООО ""СГТС""";7714429430;"ООО ""СГТС""";772901001;г Москва;52.24;ACTIVE;Плужников Алексей Владимирович;ГЕНЕРАЛЬНЫЙ ДИРЕКТОР;5;несколько кандидатов, взят первый
АДМИНИСТРАЦИЯ ЯКОВЛЕВСКОГО МУНИЦИПАЛЬНОГО РАЙОНА;6404004315;АДМИНИСТРАЦИЯ ЯКОВЛЕВСКОГО МО;640401001;Саратовская обл;84.11.31;ACTIVE;Тугушев Ринат Гаясович;ГЛАВА АДМИНИСТРАЦИИ;5;несколько кандидатов, взят первый
"ФЕДЕРАЛЬНОЕ ГОСУДАРСТВЕННОЕ БЮДЖЕТНОЕ УЧРЕЖДЕНИЕ ""НАЦИОНАЛЬНЫЙ ИССЛЕДОВАТЕЛЬСКИЙ ЦЕНТР ""КУРЧАТОВСКИЙ ИНСТИТУТ""";7734111035;"НИЦ ""КУРЧАТОВСКИЙ ИНСТИТУТ""";773401001;г Москва;72.19.9;ACTIVE;Ковальчук Михаил Валентинович;ПРЕЗИДЕНТ;1;один кандидат
"АО ""ЭНЕРГОРЕМОНТ ПЛЮС""";7702721214;"АО ""ЭНЕРГОРЕМОНТ ПЛЮС""";502401001;Московская обл;35.11.1;ACTIVE;Трощилов Андрей Иванович;ГЕНЕРАЛЬНЫЙ ДИРЕКТОР;1;один кандидат
"МУП ""БОРОВИЧСКИЙ ВОДОКАНАЛ""";5320024546;"МУП ""БОРОВИЧСКИЙ ВОДОКАНАЛ""";532001001;Новгородская обл;36.00.1;ACTIVE;Сорокин Юрий Владимирович;ДИРЕКТОР;1;один кандидат
"АО ""РУСВЭЛЛГРУП""";;;;;;;;;;кандидатов нет
"МУНИЦИПАЛЬНОЕ ПРЕДПРИЯТИЕ ГОРОДА ОБНИНСКА КАЛУЖСКОЙ ОБЛАСТИ ""ВОДОКАНАЛ""";4025020084;"МП ""ВОДОКАНАЛ""";402501001;Калужская обл;36.00.1;LIQUIDATING;Горюнов Григорий Николаевич;ПРЕДСЕДАТЕЛЬ ЛИКВИДАЦИОННОЙ КОМИССИИ;1;один кандидат
"ФЕДЕРАЛЬНОЕ ГОСУДАРСТВЕННОЕ БЮДЖЕТНОЕ УЧРЕЖДЕНИЕ ""НАЦИОНАЛЬНЫЙ МЕДИЦИНСКИЙ ИССЛЕДОВАТЕЛЬСКИЙ ЦЕНТР ИМЕНИ В.А. АЛМАЗОВА"" МИНИСТЕРСТВА ЗДРАВООХРАНЕНИЯ РОССИЙСКОЙ";7802030429;"ФГБУ ""НМИЦ ИМ. В.А. АЛМАЗОВА"" МИНЗДРАВА РОССИИ";781401001;г Санкт-Петербург;86.10;ACTIVE;Шляхто Евгений Владимирович;ГЕНЕРАЛЬНЫЙ ДИРЕКТОР;1;один кандидат
"ООО ""ТРАНСНЕФТЬ - СЕРВИС""";2315149921;"ООО ""ТРАНСНЕФТЬ - СЕРВИС""";231501001;Краснодарский край;52.22.12;ACTIVE;Жаворонков Кирилл Николаевич;ГЕНЕРАЛЬНЫЙ ДИРЕКТОР;5;несколько кандидатов, взят первый
БАНК РОССИИ;7702235133;БАНК РОССИИ;770201001;г Москва;64.11;ACTIVE;Набиуллина Эльвира Сахипзадовна;ПРЕДСЕДАТЕЛЬ БАНКА РОССИИ;4;"отсеяно спутников: 1; несколько кандидатов, взят первый"
"АО ""РИР ЭНЕРГО""";6829012680;"АО ""РИР ЭНЕРГО""";770601001;г Москва;35.30.11;ACTIVE;Сухотина Ксения Анатольевна;ГЕНЕРАЛЬНЫЙ ДИРЕКТОР;5;несколько кандидатов, взят первый
"АО ""ПО ЭХЗ""";2453013555;"АО ""ПО ЭХЗ""";245301001;Красноярский край;20.13;ACTIVE;Филимонов Сергей Васильевич;ГЕНЕРАЛЬНЫЙ ДИРЕКТОР;1;один кандидат
"АО ""ПЗЦМ"", АО ""ПРИОКСКИЙ ЗАВОД ЦВЕТНЫХ МЕТАЛЛОВ""";6226006397;"АО ""ПЗЦМ"", АО ""ПРИОКСКИЙ ЗАВОД ЦВЕТНЫХ МЕТАЛЛОВ""";622601001;Рязанская обл;24.41;ACTIVE;Малахов Игорь Витальевич;ГЕНЕРАЛЬНЫЙ ДИРЕКТОР;2;несколько кандидатов, взят первый
УПРАВЛЕНИЕ ПО МУНИЦИПАЛЬНЫМ ЗАКУПКАМ И РЕГУЛИРОВАНИЮ ТАРИФОВ АДМИНИСТРАЦИИ ГОРОДА УЛЬЯНОВСКА;7325096322;УПРАВЛЕНИЕ ПО МУНИЦИПАЛЬНЫМ ЗАКУПКАМ И РЕГУЛИРОВАНИЮ ТАРИФОВ АДМИНИСТРАЦИИ ГОРОДА УЛЬЯНОВСКА;732501001;Ульяновская обл;84.11.36;ACTIVE;Четверина Стелла Борисовна;НАЧАЛЬНИК УПРАВЛЕНИЯ ПО МУНИЦИПАЛЬНЫМ ЗАКУПКАМ И РЕГУЛИРОВАНИЮ ТАРИФОВ АДМИНИСТРАЦИИ ГОРОДА УЛЬЯНОВСКА;1;один кандидат
Калининская атомная станция;7721632827;"ФИЛИАЛ АО ""КОНЦЕРН РОСЭНЕРГОАТОМ"" ""КАЛИНИНСКАЯ АТОМНАЯ СТАНЦИЯ""";691643001;Тверская обл;;ACTIVE;;;2;несколько кандидатов, взят первый
Губарева Татьяна Николаевна;227900202339;ИП Губарева Татьяна Николаевна;;Алтайский край;52;LIQUIDATED;;;5;несколько кандидатов, взят первый
УПРАВЛЕНИЕ ЭКОНОМИКИ И ИМУЩЕСТВЕННЫХ ОТНОШЕНИЙ ГОРОДА КАЛУГИ;4027104445;УЭИО ГОРОДА КАЛУГИ;402701001;Калужская обл;84.11.35;ACTIVE;Евстратов Роман Михайлович;ЗАМЕСТИТЕЛЬ ГЛАВЫ ГОРОДСКОГО ОКРУГА ГОРОДА КАЛУГИ-НАЧАЛЬНИК УПРАВЛЕНИЯ;1;один кандидат
"ФЕДЕРАЛЬНОЕ КАЗЕННОЕ УЧРЕЖДЕНИЕ ""ИСПРАВИТЕЛЬНАЯ КОЛОНИЯ № 6 УПРАВЛЕНИЯ ФЕДЕРАЛЬНОЙ СЛУЖБЫ ИСПОЛНЕНИЯ НАКАЗАНИЙ ПО КУРГАНСКОЙ ОБЛАСТИ""";4510010250;ФКУ ИК-6 УФСИН РОССИИ ПО КУРГАНСКОЙ ОБЛАСТИ;451001001;Курганская обл;84.23.4;ACTIVE;Ноек Дмитрий Вячеславович;НАЧАЛЬНИК;1;один кандидат
"МУП ""БАЛАКОВО-ВОДОКАНАЛ""";6439053289;"МУП ""БАЛАКОВО-ВОДОКАНАЛ""";643901001;Саратовская обл;37.00;ACTIVE;Грищенко Константин Владимирович;ДИРЕКТОР;1;"отсеяно спутников: 1; один кандидат"
"АО  ""РУСАТОМ СЕРВИС""";;;;;;;;;;кандидатов нет
"АКЦИОНЕРНОЕ ОБЩЕСТВО ""УССУРИЙСКОЕ ПРЕДПРИЯТИЕ ТЕПЛОВЫХ СЕТЕЙ""";2511111265;"АО ""УПТС""";251101001;Приморский край;35.30.14;ACTIVE;Попов Олег Анатольевич;ГЕНЕРАЛЬНЫЙ ДИРЕКТОР;1;один кандидат
"ФЕДЕРАЛЬНОЕ КАЗЕННОЕ УЧРЕЖДЕНИЕ ""ИСПРАВИТЕЛЬНАЯ КОЛОНИЯ № 41 ГЛАВНОГО УПРАВЛЕНИЯ ФЕДЕРАЛЬНОЙ СЛУЖБЫ ИСПОЛНЕНИЯ НАКАЗАНИЙ ПО КЕМЕРОВСКОЙ ОБЛАСТИ - КУЗБАССУ""";4230006565;ФКУ ИК-41 ГУФСИН РОССИИ ПО КЕМЕРОВСКОЙ ОБЛАСТИ - КУЗБАССУ;423001001;Кемеровская область - Кузбасс;25.11;ACTIVE;Жиляков Дмитрий Александрович;НАЧАЛЬНИК;1;один кандидат
АДМИНИСТРАЦИЯ МУНИЦИПАЛЬНОГО ОБРАЗОВАНИЯ АРКАДАКСКОГО МУНИЦИПАЛЬНОГО РАЙОНА САРАТОВСКОЙ ОБЛАСТИ;6402002834;АДМИНИСТРАЦИЯ МУНИЦИПАЛЬНОГО ОБРАЗОВАНИЯ АРКАДАКСКОГО МУНИЦИПАЛЬНОГО РАЙОНА САРАТОВСКОЙ ОБЛАСТИ;640201001;Саратовская обл;84.11.31;ACTIVE;Луньков Николай Николаевич;ГЛАВА АРКАДАКСКОГО МУНИЦИПАЛЬНОГО РАЙОНА;5;несколько кандидатов, взят первый
"МУП ""ЖКХ ИРБИТСКОГО РАЙОНА""";6611014336;"МУП ""ЖКХ ИРБИТСКОГО РАЙОНА""";667601001;Свердловская обл;35.30.14;BANKRUPT;Протасова Ирина Александровна;КОНКУРСНЫЙ УПРАВЛЯЮЩИЙ;1;один кандидат
АДМИНИСТРАЦИЯ КИРОВСКОГО ГОРОДСКОГО ПОСЕЛЕНИЯ;4706023857;"АДМИНИСТРАЦИЯ МО ""КИРОВСК""";470601001;Ленинградская обл;84.11.32;ACTIVE;Кротова Ольга Николаевна;ГЛАВА АДМИНИСТРАЦИИ;5;несколько кандидатов, взят первый
"МУНИЦИПАЛЬНОЕ УЧРЕЖДЕНИЕ АДМИНИСТРАЦИЯ МУНИЦИПАЛЬНОГО ОБРАЗОВАНИЯ ""ЦИЛЬНИНСКИЙ РАЙОН"" УЛЬЯНОВСКОЙ ОБЛАСТИ";7322002654;"АДМИНИСТРАЦИЯ МО ""ЦИЛЬНИНСКИЙ РАЙОН""";732201001;Ульяновская обл;84.11.33;ACTIVE;Бабайкин Владимир Петрович;"ГЛАВА АДМИНИСТРАЦИИ МУНИЦИПАЛЬНОГО ОБРАЗОВАНИЯ ""ЦИЛЬНИНСКИЙ РАЙОН"" УЛЬЯНОВСКОЙ ОБЛАСТИ";1;один кандидат
"АО ""ОКБМ АФРИКАНТОВ""";5259077666;"АО ""ОКБМ АФРИКАНТОВ""";525901001;Нижегородская обл;25.30.22;ACTIVE;Зверев Дмитрий Леонидович;ГЕНЕРАЛЬНЫЙ ДИРЕКТОР - ГЕНЕРАЛЬНЫЙ КОНСТРУКТОР;2;несколько кандидатов, взят первый
АО «Квадра»;7810683950;"АО ""КВАДРА ЛОДЖИК""";780401001;г Санкт-Петербург;71.12.12;ACTIVE;Ярыгин Алексей Сергеевич;ГЕНЕРАЛЬНЫЙ ДИРЕКТОР;4;несколько кандидатов, взят первый
"МКП Г.НЯГАНИ ""НРК""";8610009376;"МКП Г.НЯГАНИ ""НРК""";861001001;Ханты-Мансийский Автономный округ - Югра;35.30.14;ACTIVE;Сытников Захар Викторович;ДИРЕКТОР;1;один кандидат
"ФГАУ ""ОК ""ДАГОМЫС""";7704191019;"ФГАУ ""ОК ""ДАГОМЫС""";231801001;Краснодарский край;55.10;ACTIVE;Багдасарян Алексан Ванушевич;ГЕНЕРАЛЬНЫЙ ДИРЕКТОР;1;один кандидат
Лебедев Сергей Викторович;301806768528;ИП Лебедев Сергей Викторович;;Астраханская обл;45.20;ACTIVE;;;5;несколько кандидатов, взят первый
"ФЕДЕРАЛЬНОЕ ГОСУДАРСТВЕННОЕ КАЗЕННОЕ УЧРЕЖДЕНИЕ ""ОТРЯД ФЕДЕРАЛЬНОЙ ПРОТИВОПОЖАРНОЙ СЛУЖБЫ ПО ОРЛОВСКОЙ ОБЛАСТИ""";5753053628;"ФГКУ ""ОФПС ПО ОРЛОВСКОЙ ОБЛАСТИ""";575301001;Орловская обл;84.25.1;LIQUIDATED;Новиков Александр Александрович;ПРЕДСЕДАТЕЛЬ ЛИКВИДАЦИОННОЙ КОМИССИИ;1;один кандидат
"государственное (областное) бюджетное учреждение ""Управление государственной противопожарной спасательной службы Липецкой области""";;;;;;;;;;кандидатов нет
"ФЕДЕРАЛЬНОЕ  КАЗЕННОЕ УЧРЕЖДЕНИЕ ""ИСПРАВИТЕЛЬНАЯ КОЛОНИЯ № 2 УПРАВЛЕНИЯ ФЕДЕРАЛЬНОЙ СЛУЖБЫ ИСПОЛНЕНИЯ НАКАЗАНИЙ ПО РЕСПУБЛИКЕ БУРЯТИЯ""";0323109069;ФКУ ИК-2 УФСИН РОССИИ ПО РЕСПУБЛИКЕ БУРЯТИЯ;032301001;Респ Бурятия;84.23.4;ACTIVE;Тютрин Вячеслав Владимирович;НАЧАЛЬНИК;1;один кандидат
"ФЕДЕРАЛЬНОЕ ГОСУДАРСТВЕННОЕ КАЗЕННОЕ УЧРЕЖДЕНИЕ ""ПОГРАНИЧНОЕ УПРАВЛЕНИЕ ФЕДЕРАЛЬНОЙ СЛУЖБЫ БЕЗОПАСНОСТИ РОССИЙСКОЙ ФЕДЕРАЦИИ ПО ПРИМОРСКОМУ КРАЮ""";2536164734;ПУ ФСБ РОССИИ ПО ПРИМОРСКОМУ КРАЮ;253601001;Приморский край;84.24;ACTIVE;Юдин Дмитрий Николаевич;НАЧАЛЬНИК;1;один кандидат
"ФЕДЕРАЛЬНОЕ КАЗЕННОЕ УЧРЕЖДЕНИЕ ""ИСПРАВИТЕЛЬНАЯ КОЛОНИЯ № 2 УПРАВЛЕНИЯ ФЕДЕРАЛЬНОЙ СЛУЖБЫ ИСПОЛНЕНИЯ НАКАЗАНИЙ ПО ТОМСКОЙ ОБЛАСТИ""";7002008336;ФКУ ИК-2 УФСИН РОССИИ ПО ТОМСКОЙ ОБЛАСТИ;700201001;Томская обл;84.23.4;ACTIVE;Голубев Василий Викторович;НАЧАЛЬНИК;1;один кандидат
"МУНИЦИПАЛЬНОЕ КАЗЕННОЕ УЧРЕЖДЕНИЕ ""УПРАВЛЕНИЕ ПО ЗАКУПКАМ, ИМУЩЕСТВУ И ЗЕМЕЛЬНЫМ ОТНОШЕНИЯМ СУЗДАЛЬСКОГО РАЙОНА""";3310007097;"МКУ ""УЗИЗО СУЗДАЛЬСКОГО РАЙОНА""";331001001;Владимирская обл;68.32.2;ACTIVE;Ванина Мария Александровна;ДИРЕКТОР;1;один кандидат
АДМИНИСТРАЦИЯ АЛЕКСАНДРОВО-ГАЙСКОГО МУНИЦИПАЛЬНОГО РАЙОНА САРАТОВСКОЙ ОБЛАСТИ;6401001764;АДМИНИСТРАЦИЯ АЛЕКСАНДРОВО-ГАЙСКОГО МР САРАТОВСКОЙ ОБЛАСТИ;640101001;Саратовская обл;84.11.33;ACTIVE;Зюзин Сергей Юрьевич;ГЛАВА АЛЕКСАНДРОВО-ГАЙСКОГО МУНИЦИПАЛЬНОГО РАЙОНА;5;несколько кандидатов, взят первый
"ГОСУДАРСТВЕННОЕ КАЗЕННОЕ УЧРЕЖДЕНИЕ РЯЗАНСКОЙ ОБЛАСТИ ""ЦЕНТР ЗАКУПОК РЯЗАНСКОЙ ОБЛАСТИ""";6234151768;"ГКУ РО ""ЦЕНТР ЗАКУПОК РЯЗАНСКОЙ ОБЛАСТИ""";623001001;Рязанская обл;63.11.9;ACTIVE;Шураков Вадим Викторович;ДИРЕКТОР;1;один кандидат
ТУ РОСИМУЩЕСТВА В АМУРСКОЙ ОБЛАСТИ;2801150690;ТУ РОСИМУЩЕСТВА В АМУРСКОЙ ОБЛАСТИ;280101001;Амурская обл;84.11.13;ACTIVE;Суворова Светлана Александровна;РУКОВОДИТЕЛЬ;1;один кандидат
"ФЕДЕРАЛЬНОЕ ГОСУДАРСТВЕННОЕ БЮДЖЕТНОЕ ОБРАЗОВАТЕЛЬНОЕ УЧРЕЖДЕНИЕ ВЫСШЕГО ОБРАЗОВАНИЯ ""МОСКОВСКИЙ ГОСУДАРСТВЕННЫЙ ТЕХНИЧЕСКИЙ УНИВЕРСИТЕТ ИМЕНИ Н.Э. БАУМАНА (НАЦ";;;;;;;;;;кандидатов нет
АГЕНТСТВО ГОСУДАРСТВЕННЫХ ЗАКУПОК УЛЬЯНОВСКОЙ ОБЛАСТИ;7325169669;АГЕНТСТВО ГОСЗАКУПОК УЛЬЯНОВСКОЙ ОБЛАСТИ;732501001;Ульяновская обл;84.11.21;ACTIVE;Погорелова Инга Анатольевна;РУКОВОДИТЕЛЬ АГЕНТСТВА;1;один кандидат
"ООО ""Градиент""";7724774516;"ООО ""ГРАДИЕНТ""";772401001;г Москва;64.99.11;ACTIVE;Ярошенко Елена Анатольевна;Генеральный директор;5;несколько кандидатов, взят первый
"АО ""ВОДОКАНАЛ-ЧИТА""";7536064538;"АО ""ВОДОКАНАЛ-ЧИТА""";753601001;Забайкальский край;36.00.1;ACTIVE;Филиппова Наталья Николаевна;ГЕНЕРАЛЬНЫЙ ДИРЕКТОР;1;один кандидат
АДМИНИСТРАЦИЯ ВЕРХНЕБУРЕИНСКОГО МУНИЦИПАЛЬНОГО РАЙОНА ХАБАРОВСКОГО КРАЯ;2710001482;АДМИНИСТРАЦИЯ ТСП;271001001;Хабаровский край;84.11.31;ACTIVE;Черепненко Александра Леонидовна;ГЛАВА ТЫРМИНСКОГО СЕЛЬСКОГО ПОСЕЛЕНИЯ;5;несколько кандидатов, взят первый
"ФКП ""АВАНГАРД""";0268005588;"ФКП ""АВАНГАРД""";026801001;Респ Башкортостан;25.40;ACTIVE;Логинов Дмитрий Олегович;ГЕНЕРАЛЬНЫЙ ДИРЕКТОР;3;несколько кандидатов, взят первый
"ФЕДЕРАЛЬНОЕ КАЗЕННОЕ УЧРЕЖДЕНИЕ ""ИСПРАВИТЕЛЬНАЯ КОЛОНИЯ № 3 УПРАВЛЕНИЯ ФЕДЕРАЛЬНОЙ СЛУЖБЫ ИСПОЛНЕНИЯ НАКАЗАНИЙ ПО ТОМСКОЙ ОБЛАСТИ""";7020035798;ФКУ ИК-3 УФСИН РОССИИ ПО ТОМСКОЙ ОБЛАСТИ;701701001;Томская обл;84.23.4;ACTIVE;Зайцев Геннадий Александрович;НАЧАЛЬНИК;1;один кандидат
"МУП ""УССУРИЙСК-ВОДОКАНАЛ""";2511040110;"МУП ""УССУРИЙСК-ВОДОКАНАЛ""";251101001;Приморский край;36.00.1;ACTIVE;Педан Руслан Михайлович;ДИРЕКТОР;2;"отсеяно спутников: 1; несколько кандидатов, взят первый"
"Администрация муниципального района ""Печора""";1105012781;"АДМИНИСТРАЦИЯ МР ""ПЕЧОРА""";110501001;Респ Коми;84.11.33;ACTIVE;Шутов Олег Иванович;"ГЛАВА МУНИЦИПАЛЬНОГО РАЙОНА ""ПЕЧОРА"" - РУКОВОДИТЕЛЬ АДМИНИСТРАЦИИ";1;один кандидат
Филиал АО «АЭМ-технологии» «Атоммаш» в г. Волгодонск;7817311895;"ПОЛНОЕ НАИМЕНОВАНИЕ: ВОЛГОДОНСКИЙ ФИЛИАЛ АКЦИОНЕРНОГО ОБЩЕСТВА ""ИНЖИНИРИНГОВАЯ КОМПАНИЯ ""АЭМ-ТЕХНОЛОГИИ"" СОКРАЩЕННОЕ НАИМЕНОВАНИЕ: ФИЛИАЛ АО ""АЭМ-ТЕХНОЛОГИИ"" ""АТОММАШ"" В Г.ВОЛГОДОНСК";614343001;Ростовская обл;;ACTIVE;;;1;один кандидат
"ФЕДЕРАЛЬНОЕ КАЗЕННОЕ УЧРЕЖДЕНИЕ ""КОЛОНИЯ-ПОСЕЛЕНИЕ № 37 ГЛАВНОГО УПРАВЛЕНИЯ ФЕДЕРАЛЬНОЙ СЛУЖБЫ ИСПОЛНЕНИЯ НАКАЗАНИЙ ПО ПРИМОРСКОМУ КРАЮ""";2522010170;ФКУ КП-37 ГУФСИН РОССИИ ПО ПРИМОРСКОМУ КРАЮ;252201001;Приморский край;84.23.4;ACTIVE;Листровой Максим Владимирович;НАЧАЛЬНИК;1;один кандидат
"МУП ""ВКХ""";5701000368;"МПП ВКХ ""ОРЕЛВОДОКАНАЛ""";575301001;Орловская обл;36.00.1;ACTIVE;Иванов Василий Васильевич;ГЕНЕРАЛЬНЫЙ ДИРЕКТОР;5;несколько кандидатов, взят первый
"ФЕДЕРАЛЬНОЕ КАЗЕННОЕ УЧРЕЖДЕНИЕ ""СЛЕДСТВЕННЫЙ ИЗОЛЯТОР № 4 УПРАВЛЕНИЯ ФЕДЕРАЛЬНОЙ СЛУЖБЫ ИСПОЛНЕНИЯ НАКАЗАНИЙ ПО АРХАНГЕЛЬСКОЙ ОБЛАСТИ""";2901073858;ФКУ СИЗО-4 УФСИН РОССИИ ПО АРХАНГЕЛЬСКОЙ ОБЛАСТИ;290101001;Архангельская обл;84.23.4;ACTIVE;Антропов Александр Витальевич;НАЧАЛЬНИК;1;один кандидат
"ПАО ""НЗХК""";5410114184;"ПАО ""НЗХК""";541001001;Новосибирская обл;24.46;ACTIVE;Гохвайс Вячеслав Владимирович;ГЕНЕРАЛЬНЫЙ ДИРЕКТОР;2;несколько кандидатов, взят первый
"МУНИЦИПАЛЬНОЕ КАЗЕННОЕ УЧРЕЖДЕНИЕ АДМИНИСТРАЦИЯ МУНИЦИПАЛЬНОГО ОБРАЗОВАНИЯ ""БИЧУРСКИЙ РАЙОН"" РЕСПУБЛИКИ БУРЯТИЯ";;;;;;;;;;кандидатов нет
"АДМИНИСТРАЦИЯ МУНИЦИПАЛЬНОГО ОБРАЗОВАНИЯ ""НИКОЛАЕВСКИЙ РАЙОН"" УЛЬЯНОВСКОЙ ОБЛАСТИ";7311001056;АДМИНИСТРАЦИЯ РАЙОНА;731101001;Ульяновская обл;84.11.33;ACTIVE;Аблязова Ольга Александровна;ГЛАВА АДМИНИСТРАЦИИ РАЙОНА;1;один кандидат
"МУП Г. НОВОАЛТАЙСКА ""НТС""";2208002579;"МУП Г. НОВОАЛТАЙСКА ""НТС""";220801001;Алтайский край;35.30.14;ACTIVE;Адодин Александр Юрьевич;ДИРЕКТОР;1;один кандидат
УССУРИЙСКОЕ МУНИЦИПАЛЬНОЕ УНИТАРНОЕ ПРЕДПРИЯТИЕ ТЕПЛОВЫХ СЕТЕЙ УССУРИЙСКОГО ГОРОДСКОГО ОКРУГА;2511002442;УМУПТС;251101001;Приморский край;35.30;LIQUIDATED;Панченко Олег Григорьевич;ДИРЕКТОР;1;один кандидат
АДМИНИСТРАЦИЯ КАСТОРЕНСКОГО РАЙОНА КУРСКОЙ ОБЛАСТИ;4608000548;АДМИНИСТРАЦИЯ П. НОВОКАСТОРНОЕ;460801001;Курская обл;84.11.32;ACTIVE;Степанов Василий Васильевич;ГЛАВА ПОСЕЛКА НОВОКАСТОРНОЕ;5;несколько кандидатов, взят первый
ГОСУДАРСТВЕННОЕ БЮДЖЕТНОЕ УЧРЕЖДЕНИЕ ЗДРАВООХРАНЕНИЯ РЕСПУБЛИКИ БАШКОРТОСТАН ДЕТСКАЯ ПОЛИКЛИНИКА № 3 ГОРОДА УФА;0278060725;ГБУЗ РБ ДЕТСКАЯ ПОЛИКЛИНИКА № 3 Г. УФА;027801001;Респ Башкортостан;86.21;ACTIVE;Бреус Анна Сергеевна;ГЛАВНЫЙ ВРАЧ;1;один кандидат
"МУНИЦИПАЛЬНОЕ УНИТАРНОЕ ПРЕДПРИЯТИЕ ""БЛАГОУСТРОЙСТВО И РАЗВИТИЕ"" ГОРОДСКОГО ОКРУГА ВЛАСИХА МОСКОВСКОЙ ОБЛАСТИ";5032223658;"МУП ""БЛАГОУСТРОЙСТВО И РАЗВИТИЕ"" ГОРОДСКОГО ОКРУГА ВЛАСИХА";503201001;Московская обл;35.30.14;ACTIVE;Михайлов Денис Сергеевич;ДИРЕКТОР;1;один кандидат
АДМИНИСТРАЦИЯ  КРАСНЕНСКОГО  РАЙОНА  БЕЛГОРОДСКОЙ  ОБЛАСТИ;3112000678;АДМИНИСТРАЦИЯ КРАСНЕНСКОГО РАЙОНА БЕЛГОРОДСКОЙ ОБЛАСТИ;311201001;Белгородская обл;84.11.33;LIQUIDATING;Плешков Сергей Иванович;ПРЕДСЕДАТЕЛЬ ЛИКВИДАЦИОННОЙ КОМИССИИ;5;несколько кандидатов, взят первый
"МУНИЦИПАЛЬНОЕ ПРЕДПРИЯТИЕ ТРЕСТ ""ТЕПЛОФИКАЦИЯ""";7414000657;"МП ТРЕСТ ""ТЕПЛОФИКАЦИЯ""";745501001;Челябинская обл;35.30.3;ACTIVE;Агафонов Вадим Владимирович;ДИРЕКТОР;1;один кандидат
"федеральное государственное казенное учреждение ""Пограничное управление Федеральной службы безопасности Российской Федерации по Республике Алтай""";0401004524;ПУ ФСБ РОССИИ ПО РЕСПУБЛИКЕ АЛТАЙ;041101001;Респ Алтай;84.24;ACTIVE;Никешин Игорь Олегович;НАЧАЛЬНИК ПОГРАНИЧНОГО УПРАВЛЕНИЯ ФСБ РОССИИ ПО РЕСПУБЛИКЕ АЛТАЙ;1;один кандидат
"АО ""СХК""";7024029499;"АО ""СХК""";702401001;Томская обл;24.46;ACTIVE;Котов Сергей Алексеевич;ГЕНЕРАЛЬНЫЙ ДИРЕКТОР;3;"отсеяно спутников: 1; несколько кандидатов, взят первый"
"федеральное казенное учреждение ""Уральское окружное управление материально-технического снабжения Министерства внутренних дел Российской Федерации""";6661014645;"ФКУ ""УОУМТС МВД РОССИИ""";667101001;Свердловская обл;84.24;ACTIVE;Иванов Валерий Вячеславович;ВРЕМЕННО ИСПОЛНЯЮЩИЙ ОБЯЗАННОСТИ НАЧАЛЬНИКА;1;один кандидат
"ПАО ""Павловский автобус""";5252000350;"ПАО ""ПАВЛОВСКИЙ АВТОБУС""";525201001;Нижегородская обл;20.11;ACTIVE;;;1;один кандидат
"АО ""ДМЗ"" ИМ. Н.П. ФЕДОРОВА""";5010030050;"АО ""ДМЗ"" ИМ. Н.П. ФЕДОРОВА""";501001001;Московская обл;30.30.39;ACTIVE;Усеня Владимир Павлович;ГЕНЕРАЛЬНЫЙ ДИРЕКТОР;1;один кандидат
"АО ""МСЗ""";5053005918;"АО ""МСЗ""";505301001;Московская обл;24.46;ACTIVE;Жиганин Алексей Владимирович;ГЕНЕРАЛЬНЫЙ ДИРЕКТОР;5;несколько кандидатов, взят первый
МУП 'УГХ' м.о. г.Пыть-ЯХ;8612007896;"МУП ""УГХ"" М.О.Г.ПЫТЬ-ЯХ";861201001;Ханты-Мансийский Автономный округ - Югра;35.30.14;ACTIVE;Савченко Владимир Викторович;ИСПОЛНЯЮЩИЙ ОБЯЗАННОСТИ ДИРЕКТОРА;1;один кандидат
"ГОСУДАРСТВЕННОЕ КАЗЕННОЕ УЧРЕЖДЕНИЕ НОВОСИБИРСКОЙ ОБЛАСТИ ""УПРАВЛЕНИЕ КОНТРАКТНОЙ СИСТЕМЫ""";5406722503;"ГКУ НСО ""УКСИС""";540601001;Новосибирская обл;84.13;ACTIVE;Литвинов Андрей Юрьевич;ДИРЕКТОР;1;один кандидат
МТУ РОСИМУЩЕСТВА В РЕСПУБЛИКЕ МОРДОВИЯ, РЕСПУБЛИКЕ МАРИЙ ЭЛ, ЧУВАШСКОЙ РЕСПУБЛИКЕ И ПЕНЗЕНСКОЙ ОБЛАСТИ;1326211305;МТУ РОСИМУЩЕСТВА В РЕСПУБЛИКЕ МОРДОВИЯ, РЕСПУБЛИКЕ МАРИЙ ЭЛ, ЧУВАШСКОЙ РЕСПУБЛИКЕ И ПЕНЗЕНСКОЙ ОБЛАСТИ;132601001;Респ Мордовия;84.11.8;ACTIVE;Ванина Инна Андреевна;РУКОВОДИТЕЛЬ;1;один кандидат
"ПАО ""Т ПЛЮС""";6315376946;"ПАО ""Т ПЛЮС""";502401001;Московская обл;35.30.11;ACTIVE;Сниккарс Павел Николаевич;ГЕНЕРАЛЬНЫЙ ДИРЕКТОР;5;несколько кандидатов, взят первый
"АО ""СКТБЭ""";7717633296;"АО ""СКТБЭ""";771701001;г Москва;72.19.9;ACTIVE;Пыхтин Роман Викторович;ГЕНЕРАЛЬНЫЙ ДИРЕКТОР;1;один кандидат
"ФЕДЕРАЛЬНОЕ ГОСУДАРСТВЕННОЕ БЮДЖЕТНОЕ ОБРАЗОВАТЕЛЬНОЕ УЧРЕЖДЕНИЕ ""МЕЖДУНАРОДНЫЙ ДЕТСКИЙ ЦЕНТР ""АРТЕК""";9103003070;"ФГБОУ ""МДЦ ""АРТЕК""";910301001;Респ Крым;85.41.9;ACTIVE;Федоренко Константин Альбертович;ДИРЕКТОР;1;один кандидат
"АО ""ПОЧТА РОССИИ""";7724490000;"АО ""ПОЧТА РОССИИ""";771401001;г Москва;53.10.9;ACTIVE;Волков Михаил Юрьевич;ГЕНЕРАЛЬНЫЙ ДИРЕКТОР;5;несколько кандидатов, взят первый
"ООО ""ГАРАНТТРАНСЮГ""";6167144628;"ООО ""ГАРАНТТРАНСЮГ""";616601001;Ростовская обл;38.22;ACTIVE;Веселов Сергей Анатольевич;ДИРЕКТОР;1;один кандидат
ООО «РЭНЕРА»;5410043399;"ООО ""РЭНЕРА""";772301001;г Москва;27.20.23;ACTIVE;Михайлова Анастасия Евгеньевна;ГЕНЕРАЛЬНЫЙ ДИРЕКТОР;4;несколько кандидатов, взят первый
Федеральное государственное бюджетное учреждение науки Институт теплофизики им. С.С. Кутателадзе Сибирского отделения Российской академии наук;5408100040;ИТ СО РАН;540801001;Новосибирская обл;72.19.9;ACTIVE;Маркович Дмитрий Маркович;ДИРЕКТОР;1;один кандидат
"ФЕДЕРАЛЬНОЕ КАЗЕННОЕ УЧРЕЖДЕНИЕ ""ИСПРАВИТЕЛЬНАЯ КОЛОНИЯ № 1 УПРАВЛЕНИЯ ФЕДЕРАЛЬНОЙ СЛУЖБЫ ИСПОЛНЕНИЯ НАКАЗАНИЙ ПО РЕСПУБЛИКЕ БУРЯТИЯ""";0318009319;ФКУ ИК-1 УФСИН РОССИИ ПО РЕСПУБЛИКЕ БУРЯТИЯ;031801001;Респ Бурятия;84.23.4;ACTIVE;Партилхаев Солбон Александрович;НАЧАЛЬНИК УЧРЕЖДЕНИЯ;1;один кандидат
"ФЕДЕРАЛЬНОЕ ГОСУДАРСТВЕННОЕ БЮДЖЕТНОЕ ОБРАЗОВАТЕЛЬНОЕ УЧРЕЖДЕНИЕ ВЫСШЕГО ОБРАЗОВАНИЯ ""ВОЛЖСКИЙ ГОСУДАРСТВЕННЫЙ УНИВЕРСИТЕТ ВОДНОГО ТРАНСПОРТА""";5260001076;"ФГБОУ ВО ""ВГУВТ""";526001001;Нижегородская обл;85.21;ACTIVE;Кузьмичев Игорь Константинович;РЕКТОР;1;один кандидат
"ФЕДЕРАЛЬНОЕ ГОСУДАРСТВЕННОЕ БЮДЖЕТНОЕ УЧРЕЖДЕНИЕ ТУБЕРКУЛЕЗНЫЙ САНАТОРИЙ ""ВЫБОРГ-7"" МИНИСТЕРСТВА ЗДРАВООХРАНЕНИЯ РОССИЙСКОЙ ФЕДЕРАЦИИ";4704021928;"ФГБУ ТС ""ВЫБОРГ-7"" МИНЗДРАВА РОССИИ";470401001;Ленинградская обл;86.90.4;LIQUIDATED;Гриненко Александр Анатольевич;ГЛАВНЫЙ ВРАЧ;1;один кандидат
"федеральное государственное бюджетное учреждение ""Национальный исследовательский центр ""Курчатовский институт""";7734111035;"НИЦ ""КУРЧАТОВСКИЙ ИНСТИТУТ""";773401001;г Москва;72.19.9;ACTIVE;Ковальчук Михаил Валентинович;ПРЕЗИДЕНТ;1;один кандидат
"ФЕДЕРАЛЬНОЕ КАЗЕННОЕ УЧРЕЖДЕНИЕ ""КОЛОНИЯ-ПОСЕЛЕНИЕ № 10 УПРАВЛЕНИЯ ФЕДЕРАЛЬНОЙ СЛУЖБЫ ИСПОЛНЕНИЯ НАКАЗАНИЙ ПО ВОРОНЕЖСКОЙ ОБЛАСТИ""";3621002655;ФКУ КП-10 УФСИН РОССИИ ПО ВОРОНЕЖСКОЙ ОБЛАСТИ;362101001;Воронежская обл;84.23.4;ACTIVE;Алексеев Иван Георгиевич;НАЧАЛЬНИК;1;один кандидат
"МУП ""ЛОКНЯНСКОЕ ЖКХ""";6008002667;"МУП ""ЛОКНЯНСКОЕ ЖКХ""";600801001;Псковская обл;35.30.14;ACTIVE;Фёдоров Сергей Петрович;ДИРЕКТОР;1;один кандидат
"АО ""УПТС""";2511111265;"АО ""УПТС""";251101001;Приморский край;35.30.14;ACTIVE;Попов Олег Анатольевич;ГЕНЕРАЛЬНЫЙ ДИРЕКТОР;4;несколько кандидатов, взят первый
"МУНИЦИПАЛЬНОЕ УНИТАРНОЕ ПРЕДПРИЯТИЕ ""ЛОКНЯНСКОЕ ЖИЛИЩНО-КОММУНАЛЬНОЕ ХОЗЯЙСТВО"" ЛОКНЯНСКОГО МУНИЦИПАЛЬНОГО ОКРУГА ПСКОВСКОЙ ОБЛАСТИ";6008002667;"МУП ""ЛОКНЯНСКОЕ ЖКХ""";600801001;Псковская обл;35.30.14;ACTIVE;Фёдоров Сергей Петрович;ДИРЕКТОР;1;один кандидат
"АКЦИОНЕРНОЕ ОБЩЕСТВО ""ГОСУДАРСТВЕННЫЙ НАУЧНО-ИССЛЕДОВАТЕЛЬСКИЙ ИНСТИТУТ ""КРИСТАЛЛ""";5249116549;"АО ""ГОСНИИ ""КРИСТАЛЛ""";524901001;Нижегородская обл;25.40;ACTIVE;Комаров Александр Алексеевич;ГЕНЕРАЛЬНЫЙ ДИРЕКТОР;1;один кандидат
"АО ""ПРОМЫШЛЕННЫЙ КОМПЛЕКС ""ЭНЕРГИЯ""";4720011010;"АО ""ПРОМЫШЛЕННЫЙ КОМПЛЕКС ""ЭНЕРГИЯ""";472501001;Ленинградская обл;35.13;ACTIVE;Волков Алексей Викторович;ДИРЕКТОР;1;один кандидат
"ФЕДЕРАЛЬНОЕ ГОСУДАРСТВЕННОЕ КАЗЕННОЕ УЧРЕЖДЕНИЕ КОМБИНАТ ""ВОЛЖАНКА"" УПРАВЛЕНИЯ ФЕДЕРАЛЬНОГО АГЕНТСТВА ПО ГОСУДАРСТВЕННЫМ РЕЗЕРВАМ ПО ПРИВОЛЖСКОМУ ФЕДЕРАЛЬНОМУ О";;;;;;;;;;кандидатов нет
АДМИНИСТРАЦИЯ ПРИМОРСКОГО ГОРОДСКОГО ПОСЕЛЕНИЯ;4704063702;АДМИНИСТРАЦИЯ ПРИМОРСКОГО ГОРОДСКОГО ПОСЕЛЕНИЯ;470401001;Ленинградская обл;84.11.32;ACTIVE;Сахаровский Сергей Евгеньевич;ГЛАВА АДМИНИСТРАЦИИ;5;несколько кандидатов, взят первый
"АО ""ТАЙМЫРБЫТ""";8401011170;"АО ""ТАЙМЫРБЫТ""";840101001;Красноярский край;37.00;ACTIVE;Джураев Иркин Иргашевич;ГЕНЕРАЛЬНЫЙ ДИРЕКТОР;1;один кандидат
"ООО""МДТ""";7730678183;"ООО ""МДТ-СЕРВИС""";773401001;г Москва;68.10.23;ACTIVE;"АКЦИОНЕРНОЕ ОБЩЕСТВО ""МОСДАЧТРЕСТ""";;5;несколько кандидатов, взят первый
"АКЦИОНЕРНОЕ ОБЩЕСТВО ""ЦЕНТР СУДОРЕМОНТА ""ЗВЕЗДОЧКА""";2902060361;"АО ""ЦС ""ЗВЕЗДОЧКА""";290201001;Архангельская обл;30.11;ACTIVE;Маричев Сергей Юрьевич;ГЕНЕРАЛЬНЫЙ ДИРЕКТОР;1;один кандидат
ФЕДЕРАЛЬНОЕ ГОСУДАРСТВЕННОЕ БЮДЖЕТНОЕ УЧРЕЖДЕНИЕ НАУКИ ИНСТИТУТ МЕТАЛЛУРГИИ И МАТЕРИАЛОВЕДЕНИЯ ИМ. А.А. БАЙКОВА РОССИЙСКОЙ АКАДЕМИИ НАУК;7736045483;ИМЕТ РАН;773601001;г Москва;72.19.9;ACTIVE;Комлев Владимир Сергеевич;ДИРЕКТОР;1;один кандидат
"ФЕДЕРАЛЬНОЕ КАЗЕННОЕ УЧРЕЖДЕНИЕ ""ИСПРАВИТЕЛЬНАЯ КОЛОНИЯ № 8 УПРАВЛЕНИЯ ФЕДЕРАЛЬНОЙ СЛУЖБЫ ИСПОЛНЕНИЯ НАКАЗАНИЙ ПО АМУРСКОЙ ОБЛАСТИ""";2801070109;ФКУ ИК-8 УФСИН РОССИИ ПО АМУРСКОЙ ОБЛАСТИ;280101001;Амурская обл;84.23.4;ACTIVE;Левшунов Олег Николаевич;НАЧАЛЬНИК УЧРЕЖДЕНИЯ;1;один кандидат
"ООО ""ДИЗАЙН СЛ""";2225062722;"ООО ""СЛ-ДИЗАЙН""";222501001;Алтайский край;43.3;ACTIVE;Великих Марина Ивановна;ГЕНЕРАЛЬНЫЙ ДИРЕКТОР;5;несколько кандидатов, взят первый
"ОРГАН МЕСТНОГО САМОУПРАВЛЕНИЯ, УПОЛНОМОЧЕННЫЙ В СФЕРЕ УПРАВЛЕНИЯ МУНИЦИПАЛЬНЫМ ИМУЩЕСТВОМ ""УПРАВЛЕНИЕ МУНИЦИПАЛЬНЫМ ИМУЩЕСТВОМ ГОРОДСКОГО ОКРУГА КРАСНОУФИМСК""";6619007115;"ОМС ""УПРАВЛЕНИЕ МУНИЦИПАЛЬНЫМ ИМУЩЕСТВОМ ГОРОДСКОГО ОКРУГА КРАСНОУФИМСК""";661901001;Свердловская обл;84.11.35;ACTIVE;Лагунова Ирина Васильевна;НАЧАЛЬНИК;1;один кандидат
МУНИЦИПАЛЬНОЕ УНИТАРНОЕ ПРЕДПРИЯТИЕ ПО ОБСЛУЖИВАНИЮ ДОРОЖНО-КОММУНАЛЬНОГО ХОЗЯЙСТВА МУНИЦИПАЛЬНОГО ОБРАЗОВАНИЯ Г. СТАРОДУБ;;;;;;;;;;кандидатов нет
"МУНИЦИПАЛЬНОЕ КАЗЕННОЕ УЧРЕЖДЕНИЕ ""АДМИНИСТРАТИВНО-ХОЗЯЙСТВЕННЫЙ ЦЕНТР ""ВОРОНЕЖСКИЙ"" ВОРОНЕЖСКОГО СЕЛЬСКОГО ПОСЕЛЕНИЯ УСТЬ-ЛАБИНСКОГО РАЙОНА";2373008373;"МКУ ""АХЦ ""ВОРОНЕЖСКИЙ""";237301001;Краснодарский край;81.29.9;ACTIVE;Брюханов Евгений Александрович;ДИРЕКТОР;1;один кандидат
Индивидуальный предприниматель Шорохов Андрей Владимирович;100602288702;ИП Шорохов Андрей Владимирович;;Респ Карелия;05.01.2;LIQUIDATED;;;5;несколько кандидатов, взят первый
"ФЕДЕРАЛЬНОЕ КАЗЕННОЕ УЧРЕЖДЕНИЕ ""ИСПРАВИТЕЛЬНАЯ КОЛОНИЯ № 13 ГЛАВНОГО УПРАВЛЕНИЯ ФЕДЕРАЛЬНОЙ СЛУЖБЫ ИСПОЛНЕНИЯ НАКАЗАНИЙ ПО САМАРСКОЙ ОБЛАСТИ""";;;;;;;;;;кандидатов нет
"Администрация муниципального образования ""Ярцевский район"" Смоленской области";6727004489;АДМИНИСТРАЦИЯ КАПЫРЕВЩИНСКОГО СЕЛЬСКОГО ОКРУГА;672701001;Смоленская обл;;LIQUIDATED;Гращенков Константин Александрович;Глава сельской администрации;5;несколько кандидатов, взят первый
"ООО ""ТАЛЕСТРА""";2314021069;"ООО ""ТАЛЕСТРА""";231401001;Краснодарский край;45.20;ACTIVE;Сопоев Эльбрус Савлохович;ДИРЕКТОР;3;несколько кандидатов, взят первый
"ООО ""Армавиртеплоэнерго""";2302061557;"ООО ""АРМАВИРТЕПЛОЭНЕРГО""";230201001;Краснодарский край;35.30;LIQUIDATED;Виноградов Евгений Евгеньевич;ГЕНЕРАЛЬНЫЙ ДИРЕКТОР;1;один кандидат
"ПАО СЗ ""СЕВЕРНАЯ ВЕРФЬ""";7805034277;"ПАО СЗ ""СЕВЕРНАЯ ВЕРФЬ""";780501001;г Санкт-Петербург;30.11;ACTIVE;Волегов Василий Михайлович;ВРЕМЕННО ИСПОЛНЯЮЩИЙ ОБЯЗАННОСТИ ГЕНЕРАЛЬНОГО ДИРЕКТОРА;1;один кандидат
"КИРОВСКОЕ ОБЛАСТНОЕ ГОСУДАРСТВЕННОЕ КАЗЕННОЕ УЧРЕЖДЕНИЕ ""ЦЕНТР ПО ТЕХНИЧЕСКОМУ СОПРОВОЖДЕНИЮ ГОСУДАРСТВЕННЫХ ЗАКУПОК""";4345233451;"КОГКУ ""ЦЕНТР ПО ТЕХНИЧЕСКОМУ СОПРОВОЖДЕНИЮ ГОСУДАРСТВЕННЫХ ЗАКУПОК""";434501001;Кировская обл;84.11.21;ACTIVE;Ворсин Сергей Васильевич;ДИРЕКТОР;1;один кандидат
"ГОСУДАРСТВЕННОЕ КАЗЕННОЕ УЧРЕЖДЕНИЕ ОРЕНБУРГСКОЙ ОБЛАСТИ ""ЦЕНТР ОРГАНИЗАЦИИ ЗАКУПОК""";5610223825;"ГКУ ""ЦОЗ""";561201001;Оренбургская обл;84.11.32;ACTIVE;Сазонов Станислав Владимирович;ДИРЕКТОР;1;один кандидат
"АО ""БАШКИРАВТОДОР""";0274144861;"АО ""БАШКИРАВТОДОР""";027401001;Респ Башкортостан;52.21.22;BANKRUPT;Ликомаскин Александр Иванович;ВРЕМЕННО ИСПОЛНЯЮЩИЙ ОБЯЗАННОСТИ ГЕНЕРАЛЬНОГО ДИРЕКТОРА;5;несколько кандидатов, взят первый
"ФЕДЕРАЛЬНОЕ КАЗЕННОЕ ЛЕЧЕБНО-ПРОФИЛАКТИЧЕСКОЕ УЧРЕЖДЕНИЕ ""РЕСПУБЛИКАНСКАЯ БОЛЬНИЦА № 2 УПРАВЛЕНИЯ ФЕДЕРАЛЬНОЙ СЛУЖБЫ ИСПОЛНЕНИЯ НАКАЗАНИЙ ПО РЕСПУБЛИКЕ КАРЕЛИЯ""";1013900113;ФКЛПУ РБ-2 УФСИН РОССИИ ПО РЕСПУБЛИКЕ КАРЕЛИЯ;101301001;Респ Карелия;84.23.4;ACTIVE;Крылов Степан Олегович;НАЧАЛЬНИК УЧРЕЖДЕНИЯ;1;один кандидат
"ООО ""ТВЕРЬ ВОДОКАНАЛ""";6901093516;"ООО ""ТВЕРЬ ВОДОКАНАЛ""";695001001;Тверская обл;36.00.1;ACTIVE;Радченко Андрей Николаевич;ГЕНЕРАЛЬНЫЙ ДИРЕКТОР;5;несколько кандидатов, взят первый
ПАО «Квадра»;6732010872;"ППО ФИЛИАЛА ПАО ""КВАДРА""-""СМОЛЕНСКАЯ ГЕНЕРАЦИЯ""";673201001;Смоленская обл;94.20;ACTIVE;Гущин Сергей Владимирович;ПРЕДСЕДАТЕЛЬ;2;несколько кандидатов, взят первый
МИНИСТЕРСТВО ЭКОНОМИЧЕСКОГО РАЗВИТИЯ УЛЬЯНОВСКОЙ ОБЛАСТИ;7325050230;МИНЭКОНОМРАЗВИТИЯ УЛЬЯНОВСКОЙ ОБЛАСТИ;732501001;Ульяновская обл;84.12;ACTIVE;Зонтов Николай Васильевич;МИНИСТР;1;один кандидат
"АО ""ТРАНСНЕФТЬ - ВЕРХНЯЯ ВОЛГА""";5260900725;"АО ""ТРАНСНЕФТЬ - ВЕРХНЯЯ ВОЛГА""";526001001;Нижегородская обл;49.50.11;ACTIVE;Погодин Дмитрий Александрович;ГЕНЕРАЛЬНЫЙ ДИРЕКТОР;1;"отсеяно спутников: 4; один кандидат"
"ФЕДЕРАЛЬНОЕ ГОСУДАРСТВЕННОЕ БЮДЖЕТНОЕ УЧРЕЖДЕНИЕ ""УПРАВЛЕНИЕ ПО ЭКСПЛУАТАЦИИ ЗДАНИЙ В СЕВЕРО-ЗАПАДНОМ ФЕДЕРАЛЬНОМ ОКРУГЕ"" УПРАВЛЕНИЯ ДЕЛАМИ ПРЕЗИДЕНТА РОССИЙСКО";7703000617;"ФГБУ ""УПРАВЛЕНИЕ ПО ЭКСПЛУАТАЦИИ ЗДАНИЙ В СЕВЕРО-ЗАПАДНОМ ФЕДЕРАЛЬНОМ ОКРУГЕ""";781301001;г Санкт-Петербург;68.32.2;ACTIVE;Шапошников Сергей Владимирович;НАЧАЛЬНИК;1;один кандидат
"ОБЛАСТНОЕ ГОСУДАРСТВЕННОЕ КАЗЁННОЕ УЧРЕЖДЕНИЕ ""СЛУЖБА ГРАЖДАНСКОЙ ЗАЩИТЫ И ПОЖАРНОЙ БЕЗОПАСНОСТИ УЛЬЯНОВСКОЙ ОБЛАСТИ""";7325050590;"ОГКУ ""СЛУЖБА ГЗ И ПБ УЛЬЯНОВСКОЙ ОБЛАСТИ""";732501001;Ульяновская обл;84.25.9;ACTIVE;Власов Владимир Васильевич;НАЧАЛЬНИК;1;один кандидат
ОТДЕЛ ПО ЭКОНОМИКЕ, УПРАВЛЕНИЮ МУНИЦИПАЛЬНЫМ ИМУЩЕСТВОМ И ЗЕМЕЛЬНЫМ ОТНОШЕНИЯМ АДМИНИСТРАЦИИ БОГУЧАРСКОГО МУНИЦИПАЛЬНОГО РАЙОНА ВОРОНЕЖСКОЙ ОБЛАСТИ;3603002878;ОТДЕЛ ПО ЭКОНОМИКЕ, УПРАВЛЕНИЮ МУНИЦИПАЛЬНЫМ ИМУЩЕСТВОМ И ЗЕМЕЛЬНЫМ ОТНОШЕНИЯМ АДМИНИСТРАЦИИ БОГУЧАРСКОГО МУНИЦИПАЛЬНОГО РАЙОНА ВОРОНЕЖСКОЙ ОБЛАСТИ;360301001;Воронежская обл;84.11.3;ACTIVE;Комаров Олег Александрович;НАЧАЛЬНИК ОТДЕЛА;1;один кандидат
"филиал АО ""Концерн Росэнергоатом"" ""Ростовская атомная станция""";7721632827;"ФИЛИАЛ АО ""КОНЦЕРН РОСЭНЕРГОАТОМ"" ""РОСТОВСКАЯ АТОМНАЯ СТАНЦИЯ""";614343002;Ростовская обл;;ACTIVE;;;1;один кандидат
ВОЙСКОВАЯ ЧАСТЬ 66631;;;;;;;;;;кандидатов нет
"АО ""ТРАНСНЕФТЬ - ДРУЖБА""";3235002178;"АО ""ТРАНСНЕФТЬ - ДРУЖБА""";325701001;Брянская обл;49.50.11;ACTIVE;Камозин Роман Валерьевич;ГЕНЕРАЛЬНЫЙ ДИРЕКТОР;5;несколько кандидатов, взят первый
"АО ""Управление административными зданиями""";7706804447;"АО ""УАЗ""";772601001;г Москва;68.32.2;ACTIVE;Кушнир Роман Романович;ГЕНЕРАЛЬНЫЙ ДИРЕКТОР;2;несколько кандидатов, взят первый
"БЮДЖЕТНОЕ СПЕЦИАЛИЗИРОВАННОЕ УЧРЕЖДЕНИЕ ""ФОНД ИМУЩЕСТВА КАЛУЖСКОЙ ОБЛАСТИ""";;;;;;;;;;все 1 — спутники (профсоюз, фонд и т. п.)
"АО ""ЭЛЕКТРОТЯГА""";7805230257;"АО ""ЭЛЕКТРОТЯГА""";780501001;г Санкт-Петербург;27.20.22;ACTIVE;Пученкин Дмитрий Борисович;ГЕНЕРАЛЬНЫЙ ДИРЕКТОР;1;один кандидат
АДМИНИСТРАЦИЯ ГОРОДА ОРЕНБУРГА;5610013779;АДМИНИСТРАЦИЯ ГОРОДА ОРЕНБУРГА;561001001;Оренбургская обл;84.11.35;ACTIVE;Юмадилов Альберт Рашитович;ГЛАВА ГОРОДА ОРЕНБУРГА;5;несколько кандидатов, взят первый
"АО ""Атомкомплект""";7706738770;"АО ""АТОМКОМПЛЕКТ""";770601001;г Москва;70.22;ACTIVE;Стенина Анна Ильинична;ГЕНЕРАЛЬНЫЙ ДИРЕКТОР;2;несколько кандидатов, взят первый
"ФЕДЕРАЛЬНОЕ ГОСУДАРСТВЕННОЕ КАЗЕННОЕ УЧРЕЖДЕНИЕ ""ТУЛЬСКИЙ СПАСАТЕЛЬНЫЙ ЦЕНТР МЧС РОССИИ""";7130006447;"ФГКУ ""ТУЛЬСКИЙ СЦ МЧС РОССИИ""";713001001;Тульская обл;84.25.9;ACTIVE;Гребенник Александр Александрович;НАЧАЛЬНИК ЦЕНТРА;1;один кандидат
"ГОСУДАРСТВЕННОЕ КРАЕВОЕ БЮДЖЕТНОЕ УЧРЕЖДЕНИЕ ""ЦЕНТР СПОРТИВНОЙ ПОДГОТОВКИ ПЕРМСКОГО КРАЯ""";5904103908;"ГКБУ ""ЦСП ПЕРМСКОГО КРАЯ""";590501001;Пермский край;93.19;ACTIVE;Шакурова Илона Наилевна;И.О. ДИРЕКТОРА;1;один кандидат
АДМИНИСТРАЦИЯ ЗАКРЫТОГО АДМИНИСТРАТИВНО-ТЕРРИТОРИАЛЬНОГО ОБРАЗОВАНИЯ ОЗЕРНЫЙ ТВЕРСКОЙ ОБЛАСТИ;6946000141;АДМИНИСТРАЦИЯ ЗАТО ОЗЕРНЫЙ;694601001;Тверская обл;84.11.35;ACTIVE;Яковлева Наталья Александровна;ГЛАВА ЗАТО ОЗЕРНЫЙ;1;один кандидат
"МУНИЦИПАЛЬНОЕ БЮДЖЕТНОЕ УЧРЕЖДЕНИЕ ""УПРАВЛЕНИЕ БЛАГОУСТРОЙСТВА И ДОРОЖНОГО ХОЗЯЙСТВА""";4705063078;"МБУ ""УБДХ""";470501001;Ленинградская обл;81.29.2;ACTIVE;Рящин Владимир Александрович;ДИРЕКТОР;3;несколько кандидатов, взят первый
"АДМИНИСТРАЦИЯ БЛАГОВЕЩЕНСКОГО РАЙОНА ВНУТРЕННИХ ВОДНЫХ ПУТЕЙ-ФИЛИАЛ ФЕДЕРАЛЬНОГО БЮДЖЕТНОГО УЧРЕЖДЕНИЯ ""АДМИНИСТРАЦИЯ АМУРСКОГО БАССЕЙНА ВНУТРЕННИХ ВОДНЫХ ПУТЕЙ";2721000410;АДМИНИСТРАЦИЯ БЛАГОВЕЩЕНСКОГО РАЙОНА ВНУТРЕННИХ ВОДНЫХ ПУТЕЙ-ФИЛИАЛ ФЕДЕРАЛЬНОГО БЮДЖЕТНОГО УЧРЕЖДЕНИЯ АДМИНИСТРАЦИЯ АМУРСКОГО БАССЕЙНА ВНУТРЕННИХ ВОДНЫХ ПУТЕЙ;280143002;Амурская обл;;ACTIVE;;;1;один кандидат
МП 'Водоканал';3911000145;"МП ПУ ""ВОДОКАНАЛ""";391101001;Калининградская обл;37.00;ACTIVE;Демидов Дмитрий Владимирович;ДИРЕКТОР;5;несколько кандидатов, взят первый
Войсковая часть 54985;4022000690;ВОЙСКОВАЯ ЧАСТЬ 54985;402201001;Калужская обл;84.24;ACTIVE;Лиманский Константин Евгеньевич;КОМАНДИР ЧАСТИ;1;один кандидат
"ПАО ""ППГХО""";7530000048;"ПАО ""ППГХО""";753001001;Забайкальский край;20.13;ACTIVE;Киселев Иван Александрович;ГЕНЕРАЛЬНЫЙ ДИРЕКТОР;3;несколько кандидатов, взят первый
"федеральное государственное казенное учреждение ""Пограничное управление Федеральной службы безопасности Российской Федерации по Забайкальскому краю""";7536061093;ПУ ФСБ РОССИИ ПО ЗАБАЙКАЛЬСКОМУ КРАЮ;753601001;Забайкальский край;84.24;ACTIVE;Голубицкий Роман Николаевич;НАЧАЛЬНИК УПРАВЛЕНИЯ;1;один кандидат
"ФЕДЕРАЛЬНОЕ КАЗЕННОЕ УЧРЕЖДЕНИЕ ""ИСПРАВИТЕЛЬНАЯ КОЛОНИЯ № 25 ГЛАВНОГО УПРАВЛЕНИЯ ФЕДЕРАЛЬНОЙ СЛУЖБЫ ИСПОЛНЕНИЯ НАКАЗАНИЙ ПО ЧЕЛЯБИНСКОЙ ОБЛАСТИ""";7404027378;ФКУ ИК-25 ГУФСИН РОССИИ ПО ЧЕЛЯБИНСКОЙ ОБЛАСТИ;740401001;Челябинская обл;84.23.4;ACTIVE;Петров Михаил Ефимович;НАЧАЛЬНИК;1;один кандидат
"МУП ""ТЕПЛОЭНЕРГО""";7610044403;"МУП ""ТЕПЛОЭНЕРГО""";761001001;Ярославская обл;82.11;ACTIVE;Шаров Олег Владимирович;ГЕНЕРАЛЬНЫЙ ДИРЕКТОР;5;несколько кандидатов, взят первый
АДМИНИСТРАЦИЯ ОЗЕРСКОГО ГОРОДСКОГО ОКРУГА ЧЕЛЯБИНСКОЙ ОБЛАСТИ;7422000403;АДМИНИСТРАЦИЯ ОЗЕРСКОГО ГОРОДСКОГО ОКРУГА;741301001;Челябинская обл;84.11.35;ACTIVE;Гергенрейдер Сергей Николаевич;ГЛАВА ОЗЕРСКОГО ГОРОДСКОГО ОКРУГА ЧЕЛЯБИНСКОЙ ОБЛАСТИ;1;один кандидат
АДМИНИСТРАЦИЯ КУЩЕВСКОГО СЕЛЬСКОГО ПОСЕЛЕНИЯ КУЩЕВСКОГО РАЙОНА;2340017372;АДМИНИСТРАЦИЯ КУЩЕВСКОГО СЕЛЬСКОГО ПОСЕЛЕНИЯ КУЩЕВСКОГО РАЙОНА;234001001;Краснодарский край;84.11.31;ACTIVE;Фирсов Евгений Михайлович;ГЛАВА КУЩЕВСКОГО СЕЛЬСКОГО ПОСЕЛЕНИЯ КУЩЕВСКОГО МУНИЦИПАЛЬНОГО РАЙОНА КРАСНОДАРСКОГО КРАЯ;5;несколько кандидатов, взят первый
"МУНИЦИПАЛЬНОЕ УНИТАРНОЕ ПРЕДПРИЯТИЕ ""ВОДОКАНАЛ""";6627012077;"УМП ""ВОДОКАНАЛ""";668401001;Свердловская обл;36.00.2;ACTIVE;Шуреков Дмитрий Андреевич;ДИРЕКТОР;5;несколько кандидатов, взят первый
ГЛАВНОЕ УПРАВЛЕНИЕ МИНИСТЕРСТВА РОССИЙСКОЙ ФЕДЕРАЦИИ ПО ДЕЛАМ ГРАЖДАНСКОЙ ОБОРОНЫ, ЧРЕЗВЫЧАЙНЫМ СИТУАЦИЯМ И ЛИКВИДАЦИИ ПОСЛЕДСТВИЙ СТИХИЙНЫХ БЕДСТВИЙ ПО ПЕРМСКО;5902293442;ГЛАВНОЕ УПРАВЛЕНИЕ МЧС РОССИИ ПО ПЕРМСКОМУ КРАЮ;590201001;Пермский край;84.25.1;ACTIVE;Урусов Александр Валерьевич;НАЧАЛЬНИК;2;несколько кандидатов, взят первый
"ПАО ""Иркутскэнерго""";3808038191;"ППО ПАО ""ИРКУТСКЭНЕРГО""";380801001;Иркутская обл;94.20;LIQUIDATED;Майданов Евгений Михайлович;Председатель профсоюзного комитета;1;один кандидат
"федеральное государственное бюджетное образовательное учреждение высшего профессионального образования ""Иркутский государственный технический университет""";;;;;;;;;;кандидатов нет
"ФЕДЕРАЛЬНОЕ КАЗЕННОЕ УЧРЕЖДЕНИЕ ""ЛЕЧЕБНОЕ ИСПРАВИТЕЛЬНОЕ УЧРЕЖДЕНИЕ № 3 УПРАВЛЕНИЯ ФЕДЕРАЛЬНОЙ СЛУЖБЫ ИСПОЛНЕНИЯ НАКАЗАНИЙ ПО ТУЛЬСКОЙ ОБЛАСТИ""";7107040584;ФКУ ЛИУ-3 УФСИН РОССИИ ПО ТУЛЬСКОЙ ОБЛАСТИ;710701001;Тульская обл;84.23.4;ACTIVE;Минаков Максим Геннадьевич;ВРИО НАЧАЛЬНИКА;1;один кандидат
"ФЕДЕРАЛЬНОЕ КАЗЕННОЕ УЧРЕЖДЕНИЕ ""ИСПРАВИТЕЛЬНАЯ КОЛОНИЯ № 1 УПРАВЛЕНИЯ ФЕДЕРАЛЬНОЙ СЛУЖБЫ ИСПОЛНЕНИЯ НАКАЗАНИЙ ПО ТУЛЬСКОЙ ОБЛАСТИ""";7114005823;ФКУ ИК-1 УФСИН РОССИИ ПО ТУЛЬСКОЙ ОБЛАСТИ;711401001;Тульская обл;14.12;ACTIVE;Давыденко Иван Васильевич;НАЧАЛЬНИК УЧРЕЖДЕНИЯ;1;один кандидат
АДМИНИСТРАЦИЯ БОЛОТНИНСКОГО РАЙОНА НОВОСИБИРСКОЙ ОБЛАСТИ;5413111417;АДМИНИСТРАЦИЯ БОЛОТНИНСКОГО РАЙОНА НОВОСИБИРСКОЙ ОБЛАСТИ;541301001;Новосибирская обл;84.11.33;ACTIVE;Королёв Олег Валерьевич;ГЛАВА БОЛОТНИНСКОГО РАЙОНА НОВОСИБИРСКОЙ ОБЛАСТИ;5;несколько кандидатов, взят первый
"ГКУ ""ВОЛГОСПАС""";3015025275;"ГКУ ""ВОЛГОСПАС""";302501001;Астраханская обл;84.25.1;ACTIVE;Меретин Александр Федорович;НАЧАЛЬНИК;1;один кандидат
КОМИТЕТ ПО УПРАВЛЕНИЮ МУНИЦИПАЛЬНЫМ ИМУЩЕСТВОМ И ЗЕМЕЛЬНЫМ ОТНОШЕНИЯМ МИНЬЯРСКОГО ГОРОДСКОГО ПОСЕЛЕНИЯ;7401010827;"""КУМИ И ЗО Г.МИНЬЯР""";745701001;Челябинская обл;84.11.32;LIQUIDATING;Грачёва Марина Геннадьевна;ПРЕДСЕДАТЕЛЬ ЛИКВИДАЦИОННОЙ КОМИССИИ;1;один кандидат
УПРАВЛЕНИЕ МУНИЦИПАЛЬНЫМ ИМУЩЕСТВОМ АДМИНИСТРАЦИИ АРТЕМОВСКОГО ГОРОДСКОГО ОКРУГА;2502030316;УПРАВЛЕНИЕ МУНИЦИПАЛЬНЫМ ИМУЩЕСТВОМ;250201001;Приморский край;75.11.31;LIQUIDATED;Барышников Олег Аркадьевич;председатель ликвидационной комиссии;1;один кандидат
"ФЕДЕРАЛЬНОЕ КАЗЕННОЕ УЧРЕЖДЕНИЕ ""ИСПРАВИТЕЛЬНАЯ КОЛОНИЯ № 26 УПРАВЛЕНИЯ ФЕДЕРАЛЬНОЙ СЛУЖБЫ ИСПОЛНЕНИЯ НАКАЗАНИЙ ПО САМАРСКОЙ ОБЛАСТИ""";6367080298;ФКУ ИК-26 УФСИН РОССИИ ПО САМАРСКОЙ ОБЛАСТИ;636701001;Самарская обл;84.23.4;ACTIVE;Агаларов Олег Муслимович;НАЧАЛЬНИК;1;один кандидат
ООО «СЭД»;2302036840;"ООО ""СЭД""";230201001;Краснодарский край;46.72;ACTIVE;Арутюнян Саргис Азатович;ДИРЕКТОР;5;несколько кандидатов, взят первый
"ФЕДЕРАЛЬНОЕ КАЗЕННОЕ УЧРЕЖДЕНИЕ ""ИСПРАВИТЕЛЬНАЯ КОЛОНИЯ № 17 УПРАВЛЕНИЯ ФЕДЕРАЛЬНОЙ СЛУЖБЫ ИСПОЛНЕНИЯ НАКАЗАНИЙ ПО САРАТОВСКОЙ ОБЛАСТИ""";6445002973;ФКУ ИК-17 УФСИН РОССИИ ПО САРАТОВСКОЙ ОБЛАСТИ;644501001;Саратовская обл;84.23.4;ACTIVE;Войкин Александр Сергеевич;НАЧАЛЬНИК;1;один кандидат
"ФЕДЕРАЛЬНОЕ КАЗЕННОЕ УЧРЕЖДЕНИЕ ""СЛЕДСТВЕННЫЙ ИЗОЛЯТОР № 4 УПРАВЛЕНИЯ ФЕДЕРАЛЬНОЙ СЛУЖБЫ ИСПОЛНЕНИЯ НАКАЗАНИЙ ПО САМАРСКОЙ ОБЛАСТИ""";6323072941;ФКУ СИЗО-4 УФСИН РОССИИ ПО САМАРСКОЙ ОБЛАСТИ;632401001;Самарская обл;84.23.4;ACTIVE;Романюк Сергей Сергеевич;ВРЕМЕННО ИСПОЛНЯЮЩИЙ ОБЯЗАННОСТИ НАЧАЛЬНИКА;1;один кандидат
"МУНИЦИПАЛЬНОЕ КАЗЕННОЕ УЧРЕЖДЕНИЕ ""ЦЕНТР КОМПЕТЕНЦИИ В СФЕРЕ БУХГАЛТЕРСКОГО УЧЕТА И ЗАКУПОК"" ЕЛЕЦКОГО МУНИЦИПАЛЬНОГО РАЙОНА";;;;;;;;;;кандидатов нет
ЦЕНТР ОБЕСПЕЧЕНИЯ И УПРАВЛЕНИЯ ВРЕМЕННОЙ ОПЕРАТИВНОЙ ГРУППИРОВКИ ОРГАНОВ И ПОДРАЗДЕЛЕНИЙ МИНИСТЕРСТВА ВНУТРЕННИХ ДЕЛ РОССИЙСКОЙ ФЕДЕРАЦИИ (ЦОУ ВОГОИП МВД РОССИИ;2632098795;ЦЕНТР ОБЕСПЕЧЕНИЯ И УПРАВЛЕНИЯ ВРЕМЕННОЙ ОПЕРАТИВНОЙ ГРУППИРОВКИ ОРГАНОВ И ПОДРАЗДЕЛЕНИЙ МИНИСТЕРСТВА ВНУТРЕННИХ ДЕЛ РОССИЙСКОЙ ФЕДЕРАЦИИ ГЛАВНОГО УПРАВЛЕНИЯ МИНИСТЕРСТВА ВНУТРЕННИХ ДЕЛ РОССИЙСКОЙ ФЕДЕРАЦИИ ПО СЕВЕРО-КАВКАЗСКОМУ ФЕДЕРАЛЬНОМУ ОКРУГУ (ЦОУ ВОГОИП МВД РОССИИ ГУ МВД РОССИИ ПО СКФО);151043001;Респ Северная Осетия - Алания;;ACTIVE;;;2;несколько кандидатов, взят первый
"АО ""ВНИИХТ""";7724675770;"АО ""ВНИИХТ""";772001001;г Москва;72.19;LIQUIDATED;"АКЦИОНЕРНОЕ ОБЩЕСТВО ""РОСАТОМ НАУКА""";;2;несколько кандидатов, взят первый
УПРАВЛЕНИЕ ПО ЗЕМЕЛЬНЫМ РЕСУРСАМ И МУНИЦИПАЛЬНОМУ ИМУЩЕСТВУ АДМИНИСТРАЦИИ БЕЛОВСКОГО ГОРОДСКОГО ОКРУГА;4202051608;УЗРМИ АБГО;420201001;Кемеровская область - Кузбасс;84.11.35;ACTIVE;Бабенков Кирилл Васильевич;НАЧАЛЬНИК УПРАВЛЕНИЯ;1;один кандидат
"ФЕДЕРАЛЬНОЕ КАЗЕННОЕ УЧРЕЖДЕНИЕ ""ОБЛАСТНАЯ БОЛЬНИЦА УПРАВЛЕНИЯ ФЕДЕРАЛЬНОЙ СЛУЖБЫ ИСПОЛНЕНИЯ НАКАЗАНИЙ ПО АРХАНГЕЛЬСКОЙ ОБЛАСТИ""";2901067773;ФКУ ОБ УФСИН РОССИИ ПО АРХАНГЕЛЬСКОЙ ОБЛАСТИ;290101001;Архангельская обл;84.23.4;ACTIVE;Усынин Александр Павлович;НАЧАЛЬНИК УЧРЕЖДЕНИЯ;1;один кандидат
АДМИНИСТРАЦИЯ НОВОСИЛЬСКОГО РАЙОНА ОРЛОВСКОЙ ОБЛАСТИ;5719000190;АДМИНИСТРАЦИЯ НОВОСИЛЬСКОГО РАЙОНА ОРЛОВСКОЙ ОБЛАСТИ;571901001;Орловская обл;84.11.33;ACTIVE;Демин Евгений Николаевич;ГЛАВА НОВОСИЛЬСКОГО РАЙОНА;5;несколько кандидатов, взят первый
АДМИНИСТРАЦИЯ ГОРОДА ЧУЛЫМА ЧУЛЫМСКОГО РАЙОНА НОВОСИБИРСКОЙ ОБЛАСТИ;5442101043;АДМИНИСТРАЦИЯ ГОРОДА ЧУЛЫМА ЧУЛЫМСКОГО РАЙОНА НОВОСИБИРСКОЙ ОБЛАСТИ;544201001;Новосибирская обл;84.11.32;ACTIVE;Степанов Андрей Николаевич;ГЛАВА ГОРОДА ЧУЛЫМА ЧУЛЫМСКОГО РАЙОНА НОВОСИБИРСКОЙ ОБЛАСТИ;1;один кандидат
"АДМИНИСТРАЦИЯ МУНИЦИПАЛЬНОГО ОБРАЗОВАНИЯ ""ПОСЕЛОК НИЖНИЙ БАСКУНЧАК""";3001008294;"АДМИНИСТРАЦИЯ МУНИЦИПАЛЬНОГО ОБРАЗОВАНИЯ ""ПОСЕЛОК НИЖНИЙ БАСКУНЧАК""";300101001;Астраханская обл;84.11.32;ACTIVE;Кушаналиев Ерлан Махметович;"ГЛАВА МУНИЦИПАЛЬНОГО ОБРАЗОВАНИЯ ""ПОСЕЛОК НИЖНИЙ БАСКУНЧАК""";1;один кандидат
"ОБЛАСТНОЕ ГОСУДАРСТВЕННОЕ УНИТАРНОЕ ПРЕДПРИЯТИЕ ""ЕЛЕЦВОДОКАНАЛ""";4821002037;"ОГУП ""ЕЛЕЦВОДОКАНАЛ""";482101001;Липецкая обл;36.00.1;ACTIVE;Вепрев Александр Михайлович;ГЕНЕРАЛЬНЫЙ ДИРЕКТОР;1;один кандидат
КОМИТЕТ ПО УПРАВЛЕНИЮ МУНИЦИПАЛЬНЫМ ИМУЩЕСТВОМ АРТЕМОВСКОГО ГОРОДСКОГО ОКРУГА;6602002670;КОМИТЕТ ПО УПРАВЛЕНИЮ ИМУЩЕСТВОМ;667701001;Свердловская обл;84.11.3;LIQUIDATED;Юсупова Валентина Александровна;ПРЕДСЕДАТЕЛЬ;1;один кандидат
ФИНАНСОВЫЙ ОТДЕЛ АДМИНИСТРАЦИИ ЗЛЫНКОВСКОГО РАЙОНА;3213001036;ФИНАНСОВЫЙ ОТДЕЛ;324101001;Брянская обл;84.11.33;ACTIVE;Чунина Наталья Николаевна;ИСПОЛНЯЮЩИЙ ОБЯЗАННОСТИ ЗАМЕСТИТЕЛЯ ГЛАВЫ АДМИНИСТРАЦИИ РАЙОНА-НАЧАЛЬНИКА ФИНАНСОВОГО ОТДЕЛА АДМИНИСТРАЦИИ ЗЛЫНКОВСКОГО РАЙОНА;1;один кандидат
"ГОСУДАРСТВЕННОЕ БЮДЖЕТНОЕ УЧРЕЖДЕНИЕ СОЦИАЛЬНОГО ОБСЛУЖИВАНИЯ НАСЕЛЕНИЯ РОСТОВСКОЙ ОБЛАСТИ ""КАШАРСКИЙ ПСИХОНЕВРОЛОГИЧЕСКИЙ ИНТЕРНАТ""";6115000921;"ГБУСОН РО ""КАШАРСКИЙ ПНИ""";611501001;Ростовская обл;87.30;ACTIVE;Рыбас Сергей Иванович;ДИРЕКТОР;1;один кандидат
"ФЕДЕРАЛЬНОЕ КАЗЕННОЕ УЧРЕЖДЕНИЕ ""КАЛИНИНГРАДСКАЯ ПСИХИАТРИЧЕСКАЯ БОЛЬНИЦА (СТАЦИОНАР) СПЕЦИАЛИЗИРОВАННОГО ТИПА С ИНТЕНСИВНЫМ НАБЛЮДЕНИЕМ"" МИНИСТЕРСТВА ЗДРАВООХР";3914008752;"ФКУ ""КАЛИНИНГРАДСКАЯ ПБСТИН"" МИНЗДРАВА РОССИИ";391401001;Калининградская обл;86.10;ACTIVE;Дронов Павел Сергеевич;ГЛАВНЫЙ ВРАЧ;2;несколько кандидатов, взят первый
"МУНИЦИПАЛЬНОЕ УНИТАРНОЕ ПРЕДПРИЯТИЕ ""ГОРВОДОКАНАЛ""";8602016725;"СГМУП ""ГВК""";860201001;Ханты-Мансийский Автономный округ - Югра;37.00;ACTIVE;Бондаренко Григорий Анатольевич;ДИРЕКТОР;5;несколько кандидатов, взят первый
СОЛЬ-ИЛЕЦКОЕ МУНИЦИПАЛЬНОЕ МНОГООТРАСЛЕВОЕ ПРОИЗВОДСТВЕННОЕ ПРЕДПРИЯТИЕ ЖИЛИЩНО-КОММУНАЛЬНОГО ХОЗЯЙСТВА;5646000558;СОЛЬ-ИЛЕЦКОЕ ММПП ЖКХ;564601001;Оренбургская обл;35.30.14;ACTIVE;Куликов Михаил Александрович;ДИРЕКТОР;1;один кандидат
"МУНИЦИПАЛЬНОЕ УНИТАРНОЕ ПРЕДПРИЯТИЕ ""ВОДОПРОВОДНО-КАНАЛИЗАЦИОННОЕ ХОЗЯЙСТВО"" ГОРОДСКОГО ОКРУГА - ГОРОД ВОЛЖСКИЙ ВОЛГОГРАДСКОЙ ОБЛАСТИ";3435000932;"МУП ""ВОДОКАНАЛ""";343501001;Волгоградская обл;36.00.2;ACTIVE;Орлов Юрий Викторович;ДИРЕКТОР;1;один кандидат
"АДМИНИСТРАЦИЯ МУНИЦИПАЛЬНОГО ОБРАЗОВАНИЯ ""ЯРЦЕВСКИЙ РАЙОН"" СМОЛЕНСКОЙ ОБЛАСТИ";6727004489;АДМИНИСТРАЦИЯ КАПЫРЕВЩИНСКОГО СЕЛЬСКОГО ОКРУГА;672701001;Смоленская обл;;LIQUIDATED;Гращенков Константин Александрович;Глава сельской администрации;5;несколько кандидатов, взят первый
АДМИНИСТРАЦИЯ МУНИЦИПАЛЬНОГО ОБРАЗОВАНИЯ МУРАШИНСКОЕ ГОРОДСКОЕ ПОСЕЛЕНИЕ МУРАШИНСКОГО РАЙОНА КИРОВСКОЙ ОБЛАСТИ;4318003392;АДМИНИСТРАЦИЯ МУРАШИНСКОГО ГОРОДСКОГО ПОСЕЛЕНИЯ;431801001;Кировская обл;84.11.35;LIQUIDATED;Чудиновских Светлана Васильевна;ПРЕДСЕДАТЕЛЬ ЛИКВИДАЦИОННОЙ КОМИССИИ;1;один кандидат
"МУНИЦИПАЛЬНОЕ УНИТАРНОЕ ПРЕДПРИЯТИЕ ЖИЛИЩНО-КОММУНАЛЬНОГО ХОЗЯЙСТВА ""КОРОЧАНСКОЕ""";3110011650;"МУП ЖКХ ""КОРОЧАНСКОЕ-СЕРВИС""";311001001;Белгородская обл;36.00.2;LIQUIDATED;Спильник Виктор Иванович;ДИРЕКТОР;1;один кандидат
АДМИНИСТРАЦИЯ ГОРОДСКОГО ПОСЕЛЕНИЯ ГОРОДА СУРОВИКИНО;3430008085;АДМИНИСТРАЦИЯ ГОРОДСКОГО ПОСЕЛЕНИЯ Г. СУРОВИКИНО;343001001;Волгоградская обл;84.11.32;ACTIVE;Кудлаева Елена Федоровна;ГЛАВА АДМИНИСТРАЦИИ;1;один кандидат
"ФЕДЕРАЛЬНОЕ ГОСУДАРСТВЕННОЕ КАЗЕННОЕ УЧРЕЖДЕНИЕ ""ВОЙСКОВАЯ ЧАСТЬ 70822""";2720017555;"ФГКУ ""В/Ч 70822""";272001001;Хабаровский край;84.24;ACTIVE;Мешалкин Александр Юрьевич;РУКОВОДИТЕЛЬ УЧРЕЖДЕНИЯ;1;один кандидат
АДМИНИСТРАЦИЯ ПОСЕЛЕНИЯ РЯЗАНОВСКОЕ;7310100382;"АДМИНИСТРАЦИЯ ПОСЕЛЕНИЯ МУНИЦИПАЛЬНОГО ОБРАЗОВАНИЯ ""РЯЗАНОВСКОЕ СЕЛЬСКОЕ ПОСЕЛЕНИЕ"" МЕЛЕКЕССКОГО РАЙОНА УЛЬЯНОВСКОЙ ОБЛАСТИ";731001001;Ульяновская обл;84.11.31;ACTIVE;Михайловская Татьяна Евгеньевна;ИСПОЛНЯЮЩИЙ ОБЯЗАННОСТИ ГЛАВЫ АДМИНИСТРАЦИИ;2;несколько кандидатов, взят первый
"АКЦИОНЕРНОЕ ОБЩЕСТВО ""ПЕНЗЕНСКОЕ ПРОИЗВОДСТВЕННОЕ ОБЪЕДИНЕНИЕ ""ЭЛЕКТРОПРИБОР""";5835094992;"АО ""ПО ""ЭЛЕКТРОПРИБОР""";583501001;Пензенская обл;26.30.11;ACTIVE;Трошин Алексей Алексеевич;ГЕНЕРАЛЬНЫЙ ДИРЕКТОР;1;один кандидат
"Межмуниципальный отдел Министерства внутренних дел Российской Федерации ""Кунгурский"" (реализующий задачи и функции органов внутренних дел на территории Кунгурск";;;;;;;;;;кандидатов нет
"ФEДЕРАЛЬНОЕ ГОСУДАРСТВЕННОЕ БЮДЖЕТНОЕ УЧРЕЖДЕНИЕ ""РОССИЙСКИЙ КАРДИОЛОГИЧЕСКИЙ НАУЧНО-ПРОИЗВОДСТВЕННЫЙ КОМПЛЕКС"" МИНИСТЕРСТВА ЗДРАВООХРАНЕНИЯ РОССИЙСКОЙ ФЕДЕРАЦИ";;;;;;;;;;кандидатов нет
ООО «ИнвестПроект»;7731585485;"ООО ""ИНВЕСТПРОЕКТ""";773101001;г Москва;68.31;ACTIVE;Майорова Екатерина Викторовна;ГЕНЕРАЛЬНЫЙ ДИРЕКТОР;5;несколько кандидатов, взят первый
"государственное казенное учреждение здравоохранения Свердловской области ""Специализированный дом ребенка""";;;;;;;;;;кандидатов нет
Герб  Александр  Викторович;771576390570;ИП Герб Александр Викторович;;Московская обл;69.10;ACTIVE;;;5;несколько кандидатов, взят первый
"Администрация муниципального образования ""Город Глазов""";1829007602;АДМИНИСТРАЦИЯ ГОРОДА ГЛАЗОВА;183701001;Удмуртская Респ;84.11.35;ACTIVE;Коновалов Сергей Николаевич;"ГЛАВА МУНИЦИПАЛЬНОГО ОБРАЗОВАНИЯ ""ГОРОДСКОЙ ОКРУГ ""ГОРОД ГЛАЗОВ"" УДМУРТСКОЙ РЕСПУБЛИКИ""";1;один кандидат
"ООО ""ЛУКОЙЛ-Ростовэнерго""";6164288981;"ООО ""ЛУКОЙЛ-РОСТОВЭНЕРГО""";616301001;Ростовская обл;35.30.11;ACTIVE;Филиппов Андрей Викторович;ГЕНЕРАЛЬНЫЙ ДИРЕКТОР;1;"отсеяно спутников: 1; один кандидат"
"АО ""КВАДРА""";7810683950;"АО ""КВАДРА ЛОДЖИК""";780401001;г Санкт-Петербург;71.12.12;ACTIVE;Ярыгин Алексей Сергеевич;ГЕНЕРАЛЬНЫЙ ДИРЕКТОР;4;несколько кандидатов, взят первый
Федеральная служба охраны Российской Федерации;7704055094;ФСО РОССИИ;770401001;г Москва;84.24;ACTIVE;Кочнев Дмитрий Викторович;ДИРЕКТОР;1;один кандидат
"АО ""Югорский лесопромышленный холдинг""";8601022074;"АО ""ЮГОРСКИЙ ЛЕСОПРОМЫШЛЕННЫЙ ХОЛДИНГ""";860101001;Ханты-Мансийский Автономный округ - Югра;16.21.12;ACTIVE;Краев Юрий Геннадьевич;ГЕНЕРАЛЬНЫЙ ДИРЕКТОР;1;один кандидат
МИНИСТЕРСТВО РАЗВИТИЯ КОНКУРЕНЦИИ И ЭКОНОМИКИ УЛЬЯНОВСКОЙ ОБЛАСТИ;;;;;;;;;;кандидатов нет
"ФЕДЕРАЛЬНОЕ ГОСУДАРСТВЕННОЕ БЮДЖЕТНОЕ УЧРЕЖДЕНИЕ ""ФЕДЕРАЛЬНЫЙ ЦЕНТР СЕРДЕЧНО-СОСУДИСТОЙ ХИРУРГИИ"" МИНИСТЕРСТВА ЗДРАВООХРАНЕНИЯ РОССИЙСКОЙ ФЕДЕРАЦИИ (Г. ЧЕЛЯБИНС";7453215984;"ФГБУ ""ФЦССХ"" МИНЗДРАВА РОССИИ (Г. ЧЕЛЯБИНСК)";745301001;Челябинская обл;86.10;ACTIVE;Лукин Олег Павлович;ГЛАВНЫЙ ВРАЧ;1;один кандидат
"АО ""ПРОМИНН""";7725524660;"АО ""ПРОМИНН""";772401001;г Москва;63.11.9;ACTIVE;Лыков Андрей Николаевич;ГЕНЕРАЛЬНЫЙ ДИРЕКТОР;1;один кандидат
"ООО ""АРМЗ СЕРВИС""";7708671295;"ООО ""АРМЗ СЕРВИС""";770901001;г Москва;70.22;ACTIVE;Савченко Эдуард Иванович;ГЕНЕРАЛЬНЫЙ ДИРЕКТОР;2;несколько кандидатов, взят первый
"ООО ""АРГОН""";6454074501;"ООО ""АРГОН""";643901001;Саратовская обл;23.99;ACTIVE;Сорокоумов Иван Михайлович;ГЕНЕРАЛЬНЫЙ ДИРЕКТОР;5;несколько кандидатов, взят первый
"ФЕДЕРАЛЬНОЕ ГОСУДАРСТВЕННОЕ БЮДЖЕТНОЕ НАУЧНОЕ УЧРЕЖДЕНИЕ ""ФЕДЕРАЛЬНЫЙ ИССЛЕДОВАТЕЛЬСКИЙ ЦЕНТР ИНСТИТУТ ПРИКЛАДНОЙ ФИЗИКИ РОССИЙСКОЙ АКАДЕМИИ НАУК""";5260003387;ИПФ РАН;526001001;Нижегородская обл;72.19.9;ACTIVE;Денисов Григорий Геннадьевич;ВРЕМЕННО ИСПОЛНЯЮЩИЙ ОБЯЗАННОСТИ ДИРЕКТОРА УЧРЕЖДЕНИЯ;1;один кандидат
Комитет по вопросам законности, правопорядка и безопасности;7842005651;КОМИТЕТ ПО ВОПРОСАМ ЗАКОННОСТИ, ПРАВОПОРЯДКА И БЕЗОПАСНОСТИ;784201001;г Санкт-Петербург;84.11.21;ACTIVE;Голомбиевский Андрей Дмитриевич;ПРЕДСЕДАТЕЛЬ КОМИТЕТА;1;один кандидат
"АО ""ЧЭМК""";7447010227;"АО ""ЧЭМК""";744701001;Челябинская обл;24.10.12;ACTIVE;Попков Вячеслав Вячеславович;ГЕНЕРАЛЬНЫЙ ДИРЕКТОР;3;несколько кандидатов, взят первый
Симакин Виталий Геннадьевич;343605508705;ИП Симакин Виталий Геннадьевич;;Волгоградская обл;47.99.1;LIQUIDATED;;;5;несколько кандидатов, взят первый
"ФГУП ""КОМБИНАТ ""ЭЛЕКТРОХИМПРИБОР""";6630002336;"ФГУП ""КОМБИНАТ ""ЭЛЕКТРОХИМПРИБОР""";668101001;Свердловская обл;20.51;ACTIVE;Жамилов Сергей Альбертович;ГЕНЕРАЛЬНЫЙ ДИРЕКТОР;1;один кандидат
"ООО ""НПО ""ЦЕНТРОТЕХ""";6629020796;"ООО ""НПО ""ЦЕНТРОТЕХ""";668201001;Свердловская обл;28.99.9;ACTIVE;Агапов Сергей Владимирович;ГЕНЕРАЛЬНЫЙ ДИРЕКТОР;1;один кандидат
"АО ""НИИП""";5027241394;"АО ""НИИП""";502701001;Московская обл;72.19.9;ACTIVE;"АКЦИОНЕРНОЕ ОБЩЕСТВО ""РОСАТОМ НАУКА""";;5;несколько кандидатов, взят первый
ООО «Сенгилеевский цементный завод»;7321004000;"ООО ""СЕНГИЛЕЕВСКИЙ ЦЕМЕНТНЫЙ ЗАВОД""";732101001;Ульяновская обл;23.51;LIQUIDATED;Сагитов Ильдус Амирханович;ГЕНЕРАЛЬНЫЙ ДИРЕКТОР;1;один кандидат
ФГАОУ ВО НИ ТПУ, ТПУ, НАЦИОНАЛЬНЫЙ ИССЛЕДОВАТЕЛЬСКИЙ ТОМСКИЙ ПОЛИТЕХНИЧЕСКИЙ УНИВЕРСИТЕТ, ТОМСКИЙ ПОЛИТЕХНИЧЕСКИЙ УНИВЕРСИТЕТ;7018007264;ФГАОУ ВО НИ ТПУ, ТПУ, НАЦИОНАЛЬНЫЙ ИССЛЕДОВАТЕЛЬСКИЙ ТОМСКИЙ ПОЛИТЕХНИЧЕСКИЙ УНИВЕРСИТЕТ, ТОМСКИЙ ПОЛИТЕХНИЧЕСКИЙ УНИВЕРСИТЕТ;701701001;Томская обл;85.22.1;ACTIVE;Сухих Леонид Григорьевич;ИСПОЛНЯЮЩИЙ ОБЯЗАННОСТИ РЕКТОРА;1;один кандидат
АО АСЭ;7701186067;АО АСЭ;526001001;Нижегородская обл;71.12.2;ACTIVE;Петров Андрей Ювенальевич;ПРЕЗИДЕНТ;5;несколько кандидатов, взят первый
"АО ""Салют""";7720673002;"АО ""НПП ""САЛЮТ""";772001001;г Москва;26.51.2;ACTIVE;Хрусталев Сергей Александрович;ГЕНЕРАЛЬНЫЙ ДИРЕКТОР;5;несколько кандидатов, взят первый
"ООО ""НОВО-РЯЗАНСКАЯ ТЭЦ""";1655063821;"ООО ""НОВО-РЯЗАНСКАЯ ТЭЦ""";165501001;Респ Татарстан;35.11.1;ACTIVE;Климкина Елена Павловна;ГЕНЕРАЛЬНЫЙ ДИРЕКТОР;2;несколько кандидатов, взят первый
"БАЛАКОВСКИЙ РАЙОН ГИДРОТЕХНИЧЕСКИХ СООРУЖЕНИЙ И СУДОХОДСТВА - ФИЛИАЛ ФЕДЕРАЛЬНОГО БЮДЖЕТНОГО УЧРЕЖДЕНИЯ ""АДМИНИСТРАЦИЯ ВОЛЖСКОГО БАССЕЙНА ВНУТРЕННИХ ВОДНЫХ ПУТЕ";5260901870;"БАЛАКОВСКИЙ РАЙОН ГИДРОТЕХНИЧЕСКИХ СООРУЖЕНИЙ И СУДОХОДСТВА - ФИЛИАЛ ФЕДЕРАЛЬНОГО БЮДЖЕТНОГО УЧРЕЖДЕНИЯ ""АДМИНИСТРАЦИЯ ВОЛЖСКОГО БАССЕЙНА ВНУТРЕННИХ ВОДНЫХ ПУТЕЙ""";643902001;Саратовская обл;;ACTIVE;;;1;один кандидат
МКП ЯО;7604084334;МКП ЯО;760401001;Ярославская обл;84.11.21;ACTIVE;Старостина Марина Андреевна;МИНИСТР КОНКУРЕНТНОЙ ПОЛИТИКИ ЯРОСЛАВСКОЙ ОБЛАСТИ;3;"отсеяно спутников: 1; несколько кандидатов, взят первый"
"ФЕДЕРАЛЬНОЕ КАЗЕННОЕ УЧРЕЖДЕНИЕ ""ИСПРАВИТЕЛЬНАЯ КОЛОНИЯ № 29 ГЛАВНОГО УПРАВЛЕНИЯ ФЕДЕРАЛЬНОЙ СЛУЖБЫ ИСПОЛНЕНИЯ НАКАЗАНИЙ ПО КЕМЕРОВСКОЙ ОБЛАСТИ - КУЗБАССУ""";4210005980;ФКУ ИК-29 ГУФСИН РОССИИ ПО КЕМЕРОВСКОЙ ОБЛАСТИ - КУЗБАССУ;420501001;Кемеровская область - Кузбасс;84.23.4;ACTIVE;Жуков Александр Владимирович;НАЧАЛЬНИК;1;один кандидат
"ФЕДЕРАЛЬНОЕ КАЗЕННОЕ УЧРЕЖДЕНИЕ ""ЛЕЧЕБНОЕ ИСПРАВИТЕЛЬНОЕ УЧРЕЖДЕНИЕ № 1 УПРАВЛЕНИЯ ФЕДЕРАЛЬНОЙ СЛУЖБЫ ИСПОЛНЕНИЯ НАКАЗАНИЙ ПО ТОМСКОЙ ОБЛАСТИ""";7020035639;ФКУ ЛИУ-1 УФСИН РОССИИ ПО ТОМСКОЙ ОБЛАСТИ;701701001;Томская обл;84.23.4;ACTIVE;Карчагин Евгений Владимирович;НАЧАЛЬНИК;1;один кандидат
"ФЕДЕРАЛЬНОЕ КАЗЕННОЕ УЧРЕЖДЕНИЕ ""ЛЕЧЕБНОЕ ИСПРАВИТЕЛЬНОЕ УЧРЕЖДЕНИЕ № 2 УПРАВЛЕНИЯ ФЕДЕРАЛЬНОЙ СЛУЖБЫ ИСПОЛНЕНИЯ НАКАЗАНИЙ ПО ЕВРЕЙСКОЙ АВТОНОМНОЙ ОБЛАСТИ""";7902004479;ФКУ ЛИУ-2 УФСИН РОССИИ ПО ЕВРЕЙСКОЙ АВТОНОМНОЙ ОБЛАСТИ;790201001;Еврейская Аобл;84.23.4;LIQUIDATED;Игринев Владимир Владимирович;ПРЕДСЕДАТЕЛЬ ЛИКВИДАЦИОННОЙ КОМИССИИ;1;один кандидат
"СВИРСКИЙ РАЙОН ГИДРОСООРУЖЕНИЙ И СУДОХОДСТВА - ФИЛИАЛ ФБУ ""АДМИНИСТРАЦИЯ ВОЛГО-БАЛТИЙСКОГО БАССЕЙНА ВНУТРЕННИХ ВОДНЫХ ПУТЕЙ""";7812024833;"СВИРСКИЙ РАЙОН ГИДРОСООРУЖЕНИЙ И СУДОХОДСТВА - ФИЛИАЛ ФБУ ""АДМИНИСТРАЦИЯ ВОЛГО-БАЛТИЙСКОГО БАССЕЙНА ВНУТРЕННИХ ВОДНЫХ ПУТЕЙ""";470902001;Ленинградская обл;;ACTIVE;;;1;один кандидат
"АО ""НИИЭФА""";7817331468;"АО ""НИИЭФА""";781701001;г Санкт-Петербург;72.19.9;ACTIVE;Герцог Сергей Викторович;ГЕНЕРАЛЬНЫЙ ДИРЕКТОР;1;один кандидат
"ПЕРМСКИЙ РАЙОН ГИДРОТЕХНИЧЕСКИХ СООРУЖЕНИЙ И СУДОХОДСТВА-ФИЛИАЛ ФБУ ""АДМИНИСТРАЦИЯ КАМСКОГО БАССЕЙНА ВНУТРЕННИХ ВОДНЫХ ПУТЕЙ""";5902290191;"ПЕРМСКИЙ РАЙОН ГИДРОТЕХНИЧЕСКИХ СООРУЖЕНИЙ И СУДОХОДСТВА-ФИЛИАЛ ФБУ ""АДМИНИСТРАЦИЯ КАМСКОГО БАССЕЙНА ВНУТРЕННИХ ВОДНЫХ ПУТЕЙ""";590702001;Пермский край;;ACTIVE;;;2;несколько кандидатов, взят первый
"АО ""ММЗ""";5029126076;"АО ""ММЗ""";502901001;Московская обл;30.40;ACTIVE;Овчинников Дмитрий Алексеевич;ГЕНЕРАЛЬНЫЙ ДИРЕКТОР;5;несколько кандидатов, взят первый
"ФЕДЕРАЛЬНОЕ ГОСУДАРСТВЕННОЕ КАЗЕННОЕ УЧРЕЖДЕНИЕ КОМБИНАТ ""ГОРНЫЙ"" УПРАВЛЕНИЯ ФЕДЕРАЛЬНОГО АГЕНТСТВА ПО ГОСУДАРСТВЕННЫМ РЕЗЕРВАМ ПО УРАЛЬСКОМУ ФЕДЕРАЛЬНОМУ ОКРУГ";;;;;;;;;;кандидатов нет
"ФГУП ""ВНИИФТРИ""";5044000102;"ФГУП ""ВНИИФТРИ""";504401001;Московская обл;72.19.9;ACTIVE;Донченко Сергей Иванович;ГЕНЕРАЛЬНЫЙ ДИРЕКТОР;4;"отсеяно спутников: 1; несколько кандидатов, взят первый"
"федеральное государственное бюджетное образовательное учреждение высшего профессионального образования ""Пермский национальный исследовательский политехнический";;;;;;;;;;кандидатов нет
МУНИЦИПАЛЬНОЕ КАЗЕННОЕ УЧРЕЖДЕНИЕ АДМИНИСТРАЦИЯ ГОРОДСКОГО ОКРУГА СТРЕЖЕВОЙ;7022005647;АДМИНИСТРАЦИЯ ГОРОДСКОГО ОКРУГА СТРЕЖЕВОЙ;702201001;Томская обл;84.11.35;ACTIVE;Дениченко Валерий Валериевич;МЭР ГОРОДСКОГО ОКРУГА СТРЕЖЕВОЙ;1;один кандидат
"ФЕДЕРАЛЬНОЕ КАЗЕННОЕ УЧРЕЖДЕНИЕ ""ИСПРАВИТЕЛЬНАЯ КОЛОНИЯ № 16 УПРАВЛЕНИЯ ФЕДЕРАЛЬНОЙ СЛУЖБЫ ИСПОЛНЕНИЯ НАКАЗАНИЙ ПО АРХАНГЕЛЬСКОЙ ОБЛАСТИ""";2906005160;ФКУ ИК-16 УФСИН РОССИИ ПО АРХАНГЕЛЬСКОЙ ОБЛАСТИ;290601001;Архангельская обл;84.23.4;ACTIVE;Нехин Григорий Александрович;НАЧАЛЬНИК;1;один кандидат
АДМИНИСТРАЦИЯ МУНИЦИПАЛЬНОГО ОБРАЗОВАНИЯ ЕЙСКИЙ РАЙОН;2331006416;АДМИНИСТРАЦИЯ МУНИЦИПАЛЬНОГО ОБРАЗОВАНИЯ ЕЙСКИЙ РАЙОН;236101001;Краснодарский край;84.11.33;ACTIVE;Бублик Роман Юрьевич;ГЛАВА МУНИЦИПАЛЬНОГО ОБРАЗОВАНИЯ ЕЙСКИЙ МУНИЦИПАЛЬНЫЙ РАЙОН КРАСНОДАРСКОГО КРАЯ;1;один кандидат
"ГУП ""БРЯНСККОММУНЭНЕРГО""";3250054100;"ГУП ""БРЯНСККОММУНЭНЕРГО""";325701001;Брянская обл;35.30.14;ACTIVE;Граборов Александр Николаевич;ГЕНЕРАЛЬНЫЙ ДИРЕКТОР;1;"отсеяно спутников: 2; один кандидат"
"УМП ""Водоканал""";6627012077;"УМП ""ВОДОКАНАЛ""";668401001;Свердловская обл;36.00.2;ACTIVE;Шуреков Дмитрий Андреевич;ДИРЕКТОР;5;несколько кандидатов, взят первый
"АО ""КМКР""";2626003072;"АО ""КМКР""";262601001;Ставропольский край;71.12.3;ACTIVE;"АКЦИОНЕРНОЕ ОБЩЕСТВО ""КАВКАЗ.РФ""";;1;один кандидат
"МУНИЦИПАЛЬНОЕ КАЗЕННОЕ УЧРЕЖДЕНИЕ ГОРОДА РЯЗАНИ ""МУНИЦИПАЛЬНЫЙ ЦЕНТР ТОРГОВ""";6234147017;"МКУ ГОРОДА РЯЗАНИ ""МЦТ""";623401001;Рязанская обл;69.10;ACTIVE;Бодров Валерий Владленович;ДИРЕКТОР;1;один кандидат
"ФЕДЕРАЛЬНОЕ ГОСУДАРСТВЕННОЕ УНИТАРНОЕ ПРЕДПРИЯТИЕ ""ВСЕРОССИЙСКИЙ НАУЧНО-ИССЛЕДОВАТЕЛЬСКИЙ ИНСТИТУТ АВИАЦИОННЫХ МАТЕРИАЛОВ""";7701024933;"НИЦ ""КУРЧАТОВСКИЙ ИНСТИТУТ"" - ВИАМ";770101001;г Москва;72.19.9;ACTIVE;Яковлев Сергей Викторович;ГЕНЕРАЛЬНЫЙ ДИРЕКТОР;1;один кандидат
"МУНИЦИПАЛЬНОЕ БЮДЖЕТНОЕ  УЧРЕЖДЕНИЕ ЗДРАВООХРАНЕНИЯ ""ЦЕНТРАЛЬНАЯ РАЙОННАЯ БОЛЬНИЦА"" ОРЛОВСКОГО РАЙОНА РОСТОВСКОЙ ОБЛАСТИ";;;;;;;;;;кандидатов нет
"АО ""УНИИКМ""";5906092190;"АО ""УНИИКМ""";590601001;Пермский край;30.30.5;ACTIVE;Шафранович Александр Александрович;ГЕНЕРАЛЬНЫЙ ДИРЕКТОР;1;один кандидат
Администрация городского поселения Лянтор;8617021990;АДМИНИСТРАЦИЯ ГОРОДСКОГО ПОСЕЛЕНИЯ ЛЯНТОР;861701001;Ханты-Мансийский Автономный округ - Югра;84.11.32;ACTIVE;Луценко Алексей Николаевич;ГЛАВА МУНИЦИПАЛЬНОГО ОБРАЗОВАНИЯ ГОРОДСКОЕ ПОСЕЛЕНИЕ ЛЯНТОР;1;один кандидат
"МУП ""ВОДОКАНАЛ""";6608001915;"МУП ""ВОДОКАНАЛ""";667001001;Свердловская обл;36.00.2;ACTIVE;Гусев Антон Александрович;ГЕНЕРАЛЬНЫЙ ДИРЕКТОР;5;несколько кандидатов, взят первый
"ФЕДЕРАЛЬНОЕ ГОСУДАРСТВЕННОЕ КАЗЕННОЕ УЧРЕЖДЕНИЕ ""РУЗСКИЙ ЦЕНТР ОБЕСПЕЧЕНИЯ ПУНКТОВ УПРАВЛЕНИЯ МЧС РОССИИ""";5075003262;"ФГКУ ""РУЗСКИЙ ЦОПУ МЧС РОССИИ""";507501001;Московская обл;84.22;ACTIVE;Борисов Роман Игоревич;НАЧАЛЬНИК;1;один кандидат
"МУНИЦИПАЛЬНОЕ КАЗЕННОЕ УЧРЕЖДЕНИЕ ""УПРАВЛЕНИЕ МУНИЦИПАЛЬНЫХ ЗАКУПОК""";3128100967;"МКУ ""УМЗ""";312801001;Белгородская обл;84.11.22;ACTIVE;Цветанов Сергей Сергеевич;ДИРЕКТОР;5;несколько кандидатов, взят первый
"ФЕДЕРАЛЬНОЕ КАЗЕННОЕ УЧРЕЖДЕНИЕ ""ИСПРАВИТЕЛЬНАЯ КОЛОНИЯ № 2 УПРАВЛЕНИЯ ФЕДЕРАЛЬНОЙ СЛУЖБЫ ИСПОЛНЕНИЯ НАКАЗАНИЙ ПО АСТРАХАНСКОЙ ОБЛАСТИ""";3016032540;ФКУ ИК-2 УФСИН РОССИИ ПО АСТРАХАНСКОЙ ОБЛАСТИ;301901001;Астраханская обл;84.23.4;ACTIVE;Абилов Халиг Ильгар Оглы;НАЧАЛЬНИК;1;один кандидат
"ФЕДЕРАЛЬНОЕ ГОСУДАРСТВЕННОЕ БЮДЖЕТНОЕ УЧРЕЖДЕНИЕ ФТИЗИООФТАЛЬМОЛОГИЧЕСКИЙ САНАТОРИЙ ""КРАСНЫЙ ВАЛ"" МИНИСТЕРСТВА ЗДРАВООХРАНЕНИЯ  РОССИЙСКОЙ ФЕДЕРАЦИИ";4710005610;"ФГБУ ФОС ""КРАСНЫЙ ВАЛ"" МИНЗДРАВА РОССИИ";471001001;Ленинградская обл;86.90.4;LIQUIDATED;Безрукавая Татьяна Ивановна;ИСПОЛНЯЮЩАЯ ОБЯЗАННОСТИ ГЛАВНОГО ВРАЧА;1;один кандидат
МУНИЦИПАЛЬНОЕ БЮДЖЕТНОЕ УЧРЕЖДЕНИЕ ХОЗЯЙСТВЕННО-ЭКСПЛУАТАЦИОННАЯ СЛУЖБА СИСТЕМЫ ОБРАЗОВАНИЯ;5205611218;МБУ ХЭС;520501001;Нижегородская обл;68.32.2;ACTIVE;Бердиев Мырат Акмамедович;ДИРЕКТОР;4;несколько кандидатов, взят первый
"ФЕДЕРАЛЬНОЕ ГОСУДАРСТВЕННОЕ БЮДЖЕТНОЕ НАУЧНОЕ УЧРЕЖДЕНИЕ ""ФЕДЕРАЛЬНЫЙ НАУЧНЫЙ ЦЕНТР ПЧЕЛОВОДСТВА""";6213000373;"ФГБНУ ""ФНЦ ПЧЕЛОВОДСТВА""";621301001;Рязанская обл;72.19;ACTIVE;Шестакова Анастасия Ивановна;ИСПОЛНЯЮЩАЯ ОБЯЗАННОСТИ ДИРЕКТОРА;1;один кандидат
"ФЕДЕРАЛЬНОЕ КАЗЕННОЕ УЧРЕЖДЕНИЕ ""ИСПРАВИТЕЛЬНАЯ КОЛОНИЯ № 6 УПРАВЛЕНИЯ ФЕДЕРАЛЬНОЙ СЛУЖБЫ ИСПОЛНЕНИЯ НАКАЗАНИЙ ПО ОРЕНБУРГСКОЙ ОБЛАСТИ""";5646000068;ФКУ ИК-6 УФСИН РОССИИ ПО ОРЕНБУРГСКОЙ ОБЛАСТИ;564601001;Оренбургская обл;84.23.4;ACTIVE;Коробов Юрий Петрович;НАЧАЛЬНИК;1;один кандидат
"ФЕДЕРАЛЬНОЕ КАЗЕННОЕ УЧРЕЖДЕНИЕ ""КОЛОНИЯ-ПОСЕЛЕНИЕ № 3 УПРАВЛЕНИЯ ФЕДЕРАЛЬНОЙ СЛУЖБЫ ИСПОЛНЕНИЯ НАКАЗАНИЙ ПО БРЯНСКОЙ ОБЛАСТИ""";3229002638;ФКУ КП-3 УФСИН РОССИИ ПО БРЯНСКОЙ ОБЛАСТИ;322901001;Брянская обл;84.23.4;ACTIVE;Зык Андрей Васильевич;НАЧАЛЬНИК;1;один кандидат
"МКУ города Рязани ""МЦТ""";6234147017;"МКУ ГОРОДА РЯЗАНИ ""МЦТ""";623401001;Рязанская обл;69.10;ACTIVE;Бодров Валерий Владленович;ДИРЕКТОР;1;один кандидат
"МУНИЦИПАЛЬНОЕ УНИТАРНОЕ ПРЕДПРИЯТИЕ ""ТОТЬМА-ВОДОКАНАЛ""";3518007307;"МУП ""ТОТЬМА-ВОДОКАНАЛ""";351801001;Вологодская обл;36.00.1;ACTIVE;Мишуринский Александр Владимирович;ДИРЕКТОР;1;один кандидат
"МУНИЦИПАЛЬНОЕ УНИТАРНОЕ ПРЕДПРИЯТИЕ ЖИЛИЩНО-КОММУНАЛЬНОГО ХОЗЯЙСТВА МУНИЦИПАЛЬНОГО ОБРАЗОВАНИЯ ""ГОРОД ВОЛОГДА"" ""ВОЛОГДАГОРВОДОКАНАЛ""";;;;;;;;;;кандидатов нет
"ФГАОУ ВО ""ДАЛЬНЕВОСТОЧНЫЙ ФЕДЕРАЛЬНЫЙ УНИВЕРСИТЕТ"", ДАЛЬНЕВОСТОЧНЫЙ ФЕДЕРАЛЬНЫЙ УНИВЕРСИТЕТ, ФГАОУ ВО ДВФУ, ДВФУ";2536014538;"ФГАОУ ВО ""ДАЛЬНЕВОСТОЧНЫЙ ФЕДЕРАЛЬНЫЙ УНИВЕРСИТЕТ"", ДАЛЬНЕВОСТОЧНЫЙ ФЕДЕРАЛЬНЫЙ УНИВЕРСИТЕТ, ФГАОУ ВО ДВФУ, ДВФУ";254001001;Приморский край;85.22.1;ACTIVE;Коробец Борис Николаевич;РЕКТОР;4;несколько кандидатов, взят первый
АДМИНИСТРАЦИЯ ПОГРАНИЧНОГО МУНИЦИПАЛЬНОГО РАЙОНА ПРИМОРСКОГО КРАЯ;;;;;;;;;;кандидатов нет
"ГОСУДАРСТВЕННОЕ БЮДЖЕТНОЕ УЧРЕЖДЕНИЕ КАЛИНИНГРАДСКОЙ ОБЛАСТИ ""ЦЕНТР МАТЕРИАЛЬНО-ТЕХНИЧЕСКОГО ОБЕСПЕЧЕНИЯ ОРГАНОВ ГОСУДАРСТВЕННОЙ ВЛАСТИ КАЛИНИНГРАДСКОЙ ОБЛАСТИ""";3904601339;"ГБУ КО ""ЦЕНТР МТО ОГВ КО""";390601001;Калининградская обл;81.10;ACTIVE;Прохорова Марина Александровна;РУКОВОДИТЕЛЬ (ДИРЕКТОР);1;один кандидат
АДМИНИСТРАЦИЯ МУНИЦИПАЛЬНОГО РАЙОНА КРАСНОЯРСКИЙ САМАРСКОЙ ОБЛАСТИ;6376061460;АДМИНИСТРАЦИЯ ПОСЕЛЕНИЯ;637601001;Самарская обл;84.11.31;ACTIVE;Коротин Андрей Николаевич;ГЛАВА СЕЛЬСКОГО ПОСЕЛЕНИЯ;5;несколько кандидатов, взят первый
"ФЕДЕРАЛЬНОЕ КАЗЕННОЕ УЧРЕЖДЕНИЕ ""КОЛОНИЯ-ПОСЕЛЕНИЕ № 48 ГЛАВНОГО УПРАВЛЕНИЯ ФЕДЕРАЛЬНОЙ СЛУЖБЫ ИСПОЛНЕНИЯ НАКАЗАНИЙ ПО КРАСНОЯРСКОМУ КРАЮ""";2428000591;ФКУ КП-48 ГУФСИН РОССИИ ПО КРАСНОЯРСКОМУ КРАЮ;242801001;Красноярский край;84.23.4;ACTIVE;Жеребцов Эдуард Владимирович;НАЧАЛЬНИК;1;один кандидат
"МУНИЦИПАЛЬНОЕ УНИТАРНОЕ ПРЕДПРИЯТИЕ ""УПРАВЛЕНИЕ ГОРОДСКОГО ХОЗЯЙСТВА"" МУНИЦИПАЛЬНОГО ОБРАЗОВАНИЯ ГОРОДА ПЫТЬ-ЯХ";8612007896;"МУП ""УГХ"" М.О.Г.ПЫТЬ-ЯХ";861201001;Ханты-Мансийский Автономный округ - Югра;35.30.14;ACTIVE;Савченко Владимир Викторович;ИСПОЛНЯЮЩИЙ ОБЯЗАННОСТИ ДИРЕКТОРА;1;один кандидат
Администрация городского округа город Урюпинск Волгоградской области;3438001187;АДМИНИСТРАЦИЯ ГОРОДСКОГО ОКРУГА Г. УРЮПИНСК;343801001;Волгоградская обл;84.11.35;ACTIVE;Хорошеньков Юрий Николаевич;ГЛАВА ГОРОДСКОГО ОКРУГА ГОРОД УРЮПИНСК;1;один кандидат
АДМИНИСТРАЦИЯ М.О. КИРЕЕВСКИЙ РАЙОН;7128004812;АДМИНИСТРАЦИЯ М.О. КИРЕЕВСКИЙ РАЙОН;712801001;Тульская обл;84.11.33;ACTIVE;Галкин Владислав Станиславович;ГЛАВА АДМИНИСТРАЦИИ МУНИЦИПАЛЬНОГО ОБРАЗОВАНИЯ КИРЕЕВСКИЙ РАЙОН;5;несколько кандидатов, взят первый
"ФЕДЕРАЛЬНОЕ ГОСУДАРСТВЕННОЕ БЮДЖЕТНОЕ ОБРАЗОВАТЕЛЬНОЕ УЧРЕЖДЕНИЕ ВЫСШЕГО ОБРАЗОВАНИЯ ""ДАЛЬНЕВОСТОЧНЫЙ ГОСУДАРСТВЕННЫЙ ТЕХНИЧЕСКИЙ РЫБОХОЗЯЙСТВЕННЫЙ УНИВЕРСИТЕТ""";2538008586;"ФГБОУ ВО ""ДАЛЬРЫБВТУЗ""";253801001;Приморский край;85.22.1;ACTIVE;Жук Татьяна Алексеевна;РЕКТОР;1;один кандидат
ГОСУДАРСТВЕННОЕ БЮДЖЕТНОЕ УЧРЕЖДЕНИЕ СПОРТИВНАЯ ШКОЛА ОЛИМПИЙСКОГО РЕЗЕРВА № 3 КАЛИНИНСКОГО РАЙОНА САНКТ-ПЕТЕРБУРГА;7804447730;ГБУ ДО СШОР № 3 КАЛИНИНСКОГО РАЙОНА;780401001;г Санкт-Петербург;93.19;ACTIVE;Васильев Дмитрий Владимирович;ДИРЕКТОР;1;один кандидат
АДМИНИСТРАЦИЯ КЛЕПИКОВСКОГО МУНИЦИПАЛЬНОГО ОКРУГА РЯЗАНСКОЙ ОБЛАСТИ;6200018824;АДМИНИСТРАЦИЯ КЛЕПИКОВСКОГО МУНИЦИПАЛЬНОГО ОКРУГА;620001001;Рязанская обл;84.11.3;ACTIVE;Ефанов Денис Викторович;ГЛАВА КЛЕПИКОВСКОГО МУНИЦИПАЛЬНОГО ОКРУГА РЯЗАНСКОЙ ОБЛАСТИ;1;один кандидат
"ФЕДЕРАЛЬНОЕ КАЗЕННОЕ УЧРЕЖДЕНИЕ ""ИСПРАВИТЕЛЬНАЯ КОЛОНИЯ № 17 ГЛАВНОГО УПРАВЛЕНИЯ ФЕДЕРАЛЬНОЙ СЛУЖБЫ ИСПОЛНЕНИЯ НАКАЗАНИЙ ПО НИЖЕГОРОДСКОЙ ОБЛАСТИ""";5219004157;ФКУ ИК-17 ГУФСИН РОССИИ ПО НИЖЕГОРОДСКОЙ ОБЛАСТИ;521901001;Нижегородская обл;84.23.4;ACTIVE;Аношин Алексей Владиленович;НАЧАЛЬНИК;1;один кандидат
"ООО ""ЛКМБ-РТ""";1655099271;"ООО ""ЛКМБ-РТ""";165501001;Респ Татарстан;64.91.2;ACTIVE;Гумеров Тимур Альбертович;ДИРЕКТОР;1;один кандидат
"ООО ""СМАРТ КОНСТРАКШН""";7709495444;"ООО ""СМАРТ КОНСТРАКШН""";201501001;Чеченская Респ;41.20.9;ACTIVE;Бойко Александр Григорьевич;ГЕНЕРАЛЬНЫЙ ДИРЕКТОР;5;несколько кандидатов, взят первый
"ФЕДЕРАЛЬНОЕ ГОСУДАРСТВЕННОЕ БЮДЖЕТНОЕ ОБРАЗОВАТЕЛЬНОЕ УЧРЕЖДЕНИЕ ""ВСЕРОССИЙСКИЙ ДЕТСКИЙ ЦЕНТР ""ОРЛЁНОК""";2355004390;"ФГБОУ ВДЦ ""ОРЛЁНОК""";236501001;Краснодарский край;55.90;ACTIVE;Джеус Александр Васильевич;ДИРЕКТОР;1;один кандидат
"МУНИЦИПАЛЬНОЕ УНИТАРНОЕ ПРЕДПРИЯТИЕ ""РАЙОННЫЕ ТЕПЛОВЫЕ СЕТИ"" КОНАКОВСКОГО МУНИЦИПАЛЬНОГО ОКРУГА";6949109771;"МУП ""РТС""";694901001;Тверская обл;35.30.14;ACTIVE;Башенев Олег Вячеславович;ДИРЕКТОР;1;один кандидат
"ФЕДЕРАЛЬНОЕ КАЗЕННОЕ УЧРЕЖДЕНИЕ ""КОЛОНИЯ-ПОСЕЛЕНИЕ № 19 С ОСОБЫМИ УСЛОВИЯМИ ХОЗЯЙСТВЕННОЙ ДЕЯТЕЛЬНОСТИ УПРАВЛЕНИЯ ФЕДЕРАЛЬНОЙ СЛУЖБЫ ИСПОЛНЕНИЯ НАКАЗАНИЙ ПО АРХ";2919005087;ФКУ КП-19 ОУХД УФСИН РОССИИ ПО АРХАНГЕЛЬСКОЙ ОБЛАСТИ;291901001;Архангельская обл;84.23.4;ACTIVE;Томилов Степан Владимирович;ВРЕМЕННО ИСПОЛНЯЮЩИЙ ОБЯЗАННОСТИ НАЧАЛЬНИКА;1;один кандидат
АДМИНИСТРАЦИЯ СОВЕТСКОГО МУНИЦИПАЛЬНОГО РАЙОНА САРАТОВСКОЙ ОБЛАСТИ;6433000435;АДМИНИСТРАЦИЯ ЗОЛОТОСТЕПСКОГО МО;643301001;Саратовская обл;84.11.31;ACTIVE;Утигалиев Чингиз Серикалиевич;ВРЕМЕННО ИСПОЛНЯЮЩИЙ ПОЛНОМОЧИЯ ГЛАВЫ ЗОЛОТОСТЕПСКОГО МУНИЦИПАЛЬНОГО ОБРАЗОВАНИЯ СОВЕТСКОГО МУНИЦИПАЛЬНОГО РАЙОНА;5;несколько кандидатов, взят первый
"ФЕДЕРАЛЬНОЕ КАЗЕННОЕ УЧРЕЖДЕНИЕ ""ИСПРАВИТЕЛЬНАЯ КОЛОНИЯ № 7 ГЛАВНОГО УПРАВЛЕНИЯ ФЕДЕРАЛЬНОЙ СЛУЖБЫ ИСПОЛНЕНИЯ НАКАЗАНИЙ ПО НИЖЕГОРОДСКОЙ ОБЛАСТИ""";5207002317;ФКУ ИК-7 ГУФСИН РОССИИ ПО НИЖЕГОРОДСКОЙ ОБЛАСТИ;520701001;Нижегородская обл;84.23.4;ACTIVE;Смирнов Павел Николаевич;НАЧАЛЬНИК;1;один кандидат
"ГОСУДАРСТВЕННОЕ БЮДЖЕТНОЕ УЧРЕЖДЕНИЕ КУРГАНСКОЙ ОБЛАСТИ ""САНАТОРИЙ ""ОЗЕРО ГОРЬКОЕ""";4525002012;"ГБУ ""САНАТОРИЙ ""ОЗЕРО ГОРЬКОЕ""";452501001;Курганская обл;86.90.4;ACTIVE;Хайрнасова Нажиба Фаритовна;ГЛАВНЫЙ ВРАЧ;1;один кандидат
"ФЕДЕРАЛЬНОЕ КАЗЕННОЕ УЧРЕЖДЕНИЕ ""ИСПРАВИТЕЛЬНАЯ КОЛОНИЯ № 6 ГЛАВНОГО УПРАВЛЕНИЯ ФЕДЕРАЛЬНОЙ СЛУЖБЫ ИСПОЛНЕНИЯ НАКАЗАНИЙ ПО НИЖЕГОРОДСКОЙ ОБЛАСТИ""";5207002300;ФКУ ИК-6 ГУФСИН РОССИИ ПО НИЖЕГОРОДСКОЙ ОБЛАСТИ;520701001;Нижегородская обл;84.23.4;ACTIVE;Забродин Николай Владимирович;НАЧАЛЬНИК;1;один кандидат
"МУНИЦИПАЛЬНОЕ АВТОНОМНОЕ УЧРЕЖДЕНИЕ ""ДУДИНСКИЙ СПОРТИВНЫЙ КОМПЛЕКС""";2469000128;"МАУ ""ДСК""";246901001;Красноярский край;93.19;ACTIVE;Аксютин Илья Владимирович;ДИРЕКТОР;1;один кандидат
"МП Г. ПСКОВА ""ПТС""";6027044260;"МП Г. ПСКОВА ""ПТС""";602701001;Псковская обл;35.30.14;ACTIVE;Максимов Игорь Иванович;ДИРЕКТОР;2;несколько кандидатов, взят первый
"АДМИНИСТРАЦИЯ МУНИЦИПАЛЬНОГО ОБРАЗОВАНИЯ ""МАЙНСКИЙ РАЙОН""";7309001517;"АДМИНИСТРАЦИЯ МУНИЦИПАЛЬНОГО ОБРАЗОВАНИЯ ""МАЙНСКИЙ РАЙОН""";730901001;Ульяновская обл;84.11.33;ACTIVE;Шуенков Олег Валентинович;ГЛАВА АДМИНИСТРАЦИИ;1;один кандидат
"ФЕДЕРАЛЬНОЕ ГОСУДАРСТВЕННОЕ БЮДЖЕТНОЕ УЧРЕЖДЕНИЕ ""ИНСТИТУТ ФИЗИКИ ВЫСОКИХ ЭНЕРГИЙ ИМЕНИ А.А. ЛОГУНОВА НАЦИОНАЛЬНОГО ИССЛЕДОВАТЕЛЬСКОГО ЦЕНТРА ""КУРЧАТОВСКИЙ ИНСТ";5037007869;"НИЦ ""КУРЧАТОВСКИЙ ИНСТИТУТ"" - ИФВЭ";503701001;Московская обл;72.19.9;ACTIVE;Песенко Валерий Николаевич;ДИРЕКТОР УЧРЕЖДЕНИЯ;1;один кандидат
"ФЕДЕРАЛЬНОЕ КАЗЕННОЕ УЧРЕЖДЕНИЕ ""ИСПРАВИТЕЛЬНАЯ КОЛОНИЯ № 13 УПРАВЛЕНИЯ ФЕДЕРАЛЬНОЙ СЛУЖБЫ ИСПОЛНЕНИЯ НАКАЗАНИЙ ПО САМАРСКОЙ ОБЛАСТИ""";6367080308;ФКУ ИК-13 УФСИН РОССИИ ПО САМАРСКОЙ ОБЛАСТИ;636701001;Самарская обл;84.23.4;LIQUIDATED;Петухов Олег Евгеньевич;ПРЕДСЕДАТЕЛЬ ЛИКВИДАЦИОННОЙ КОМИССИИ;1;один кандидат
"МУП ""РАЙВОДОКАНАЛ""";5251007667;"МУП ""РАЙВОДОКАНАЛ""";525101001;Нижегородская обл;36.00.2;ACTIVE;Мочалин Василий Викторович;ДИРЕКТОР;5;несколько кандидатов, взят первый
МУП   РЕСУРС;6700013937;"МУП ""РЕСУРС""";670001001;Смоленская обл;36.00.1;ACTIVE;Яковлев Константин Сергеевич;ДИРЕКТОР;5;несколько кандидатов, взят первый
"АО ""ЭНИЦ""";5035037441;"АО ""ЭНИЦ""";503501001;Московская обл;72.19.11;ACTIVE;Никонов Сергей Михайлович;ДИРЕКТОР;1;один кандидат
"АО ""ЦИФРОВЫЕ ПЛАТФОРМЫ И РЕШЕНИЯ УМНОГО ГОРОДА""";9706002422;"АО ""ЦИФРОВЫЕ ПЛАТФОРМЫ И РЕШЕНИЯ УМНОГО ГОРОДА""";770501001;г Москва;62.01;LIQUIDATED;Лекомцева Елена Александровна;ГЕНЕРАЛЬНЫЙ ДИРЕКТОР;1;один кандидат
"ФЕДЕРАЛЬНОЕ КАЗЕННОЕ УЧРЕЖДЕНИЕ ""ИСПРАВИТЕЛЬНАЯ КОЛОНИЯ № 33 УПРАВЛЕНИЯ ФЕДЕРАЛЬНОЙ СЛУЖБЫ ИСПОЛНЕНИЯ НАКАЗАНИЙ ПО КИРОВСКОЙ ОБЛАСТИ""";4342001519;ФКУ ИК-33 УФСИН РОССИИ ПО КИРОВСКОЙ ОБЛАСТИ;431301001;Кировская обл;84.23.4;ACTIVE;Салахитов Рашид Рустамович;НАЧАЛЬНИК УЧРЕЖДЕНИЯ;1;один кандидат
"ФЕДЕРАЛЬНОЕ КАЗЕННОЕ УЧРЕЖДЕНИЕ ""ЛЕЧЕБНОЕ ИСПРАВИТЕЛЬНОЕ УЧРЕЖДЕНИЕ № 32 ГЛАВНОГО УПРАВЛЕНИЯ ФЕДЕРАЛЬНОЙ СЛУЖБЫ ИСПОЛНЕНИЯ НАКАЗАНИЙ ПО КРАСНОЯРСКОМУ КРАЮ""";2455022273;ФКУ ЛИУ-32 ГУФСИН РОССИИ ПО КРАСНОЯРСКОМУ КРАЮ;245501001;Красноярский край;84.23.4;ACTIVE;Антипов Дмитрий Викторович;НАЧАЛЬНИК;1;один кандидат
"ФЕДЕРАЛЬНОЕ ГОСУДАРСТВЕННОЕ БЮДЖЕТНОЕ ОБРАЗОВАТЕЛЬНОЕ УЧРЕЖДЕНИЕ ВЫСШЕГО ОБРАЗОВАНИЯ ""ЧАЙКОВСКАЯ ГОСУДАРСТВЕННАЯ АКАДЕМИЯ ФИЗИЧЕСКОЙ КУЛЬТУРЫ И СПОРТА""";5920005457;"ФГБОУ ВО ""ЧГАФКИС""";592001001;Пермский край;85.22.1;ACTIVE;Демченко Альберт Михайлович;ИСПОЛНЯЮЩИЙ ОБЯЗАННОСТИ РЕКТОРА;1;один кандидат
АДМИНИСТРАЦИЯ ОСТРОВСКОГО МУНИЦИПАЛЬНОГО РАЙОНА КОСТРОМСКОЙ ОБЛАСТИ;4421005001;АДМИНИСТРАЦИЯ АДИЩЕВСКОГО СЕЛЬСКОГО ПОСЕЛЕНИЯ;442101001;Костромская обл;84.11.35;LIQUIDATED;Никешин Олег Витальевич;ГЛАВА АДМИНИСТРАЦИИ;5;несколько кандидатов, взят первый
"АДМИНИСТРАЦИЯ ГОРОДСКОГО ПОСЕЛЕНИЯ ""КОЖВА""";1105017677;"АДМИНИСТРАЦИЯ ГОРОДСКОГО ПОСЕЛЕНИЯ ""КОЖВА""";110501001;Респ Коми;84.11.32;ACTIVE;Павлова Надежда Алексеевна;"РУКОВОДИТЕЛЬ АДМИНИСТРАЦИИ ГОРОДСКОГО ПОСЕЛЕНИЯ ""КОЖВА""";1;один кандидат
АДМИНИСТРАЦИЯ КРОМСКОГО РАЙОНА ОРЛОВСКОЙ ОБЛАСТИ;5714001873;АДМИНИСТРАЦИЯ КРОМСКОГО РАЙОНА ОРЛОВСКОЙ ОБЛАСТИ;571401001;Орловская обл;84.11.33;ACTIVE;Усиков Андрей Иванович;ГЛАВА КРОМСКОГО РАЙОНА;5;несколько кандидатов, взят первый
ТУ РОСИМУЩЕСТВА В ПРИМОРСКОМ КРАЕ;2540155517;ТУ РОСИМУЩЕСТВА В ПРИМОРСКОМ КРАЕ;254001001;Приморский край;84.11.8;ACTIVE;Владимиров Кирилл Андреевич;РУКОВОДИТЕЛЬ;1;один кандидат
"МУНИЦИПАЛЬНОЕ УНИТАРНОЕ ПРЕДПРИЯТИЕ ""ТЕПЛО""";5022030985;"МУП ""ТЕПЛО КОЛОМНЫ""";502201001;Московская обл;35.30.3;ACTIVE;Кайдалов Максим Сергеевич;ДИРЕКТОР;5;несколько кандидатов, взят первый
"ФЕДЕРАЛЬНОЕ КАЗЕННОЕ УЧРЕЖДЕНИЕ ""ИСПРАВИТЕЛЬНАЯ КОЛОНИЯ № 1 УПРАВЛЕНИЯ ФЕДЕРАЛЬНОЙ СЛУЖБЫ ИСПОЛНЕНИЯ НАКАЗАНИЙ ПО ВЛАДИМИРСКОЙ ОБЛАСТИ""";3324009464;ФКУ ИК-1 УФСИН РОССИИ ПО ВЛАДИМИРСКОЙ ОБЛАСТИ;332401001;Владимирская обл;14.12;ACTIVE;Багинский Александр Иосифович;НАЧАЛЬНИК;1;один кандидат
УПРАВЛЕНИЕ МИНИСТЕРСТВА ВНУТРЕННИХ ДЕЛ РОССИЙСКОЙ ФЕДЕРАЦИИ ПО БРЯНСКОЙ ОБЛАСТИ;3234016700;УМВД РОССИИ ПО БРЯНСКОЙ ОБЛАСТИ;325701001;Брянская обл;84.24;ACTIVE;Солдатов Алексей Владимирович;НАЧАЛЬНИК;2;несколько кандидатов, взят первый
"ФЕДЕРАЛЬНОЕ КАЗЕННОЕ УЧРЕЖДЕНИЕ ""ИСПРАВИТЕЛЬНАЯ КОЛОНИЯ № 8 УПРАВЛЕНИЯ ФЕДЕРАЛЬНОЙ СЛУЖБЫ ИСПОЛНЕНИЯ НАКАЗАНИЙ ПО АСТРАХАНСКОЙ ОБЛАСТИ""";3018015589;ФКУ ИК-8 УФСИН РОССИИ ПО АСТРАХАНСКОЙ ОБЛАСТИ;301801001;Астраханская обл;84.23.4;ACTIVE;Джамтиров Нинбу Наранович;ВРЕМЕННО ИСПОЛНЯЮЩИЙ ОБЯЗАННОСТИ НАЧАЛЬНИКА УЧРЕЖДЕНИЯ;1;один кандидат
ВОЙСКОВАЯ ЧАСТЬ 6716;4703011010;ВОЙСКОВАЯ ЧАСТЬ 6716;470301001;Ленинградская обл;84.22;ACTIVE;Павленко Максим Владимирович;КОМАНДИР ВОЙСКОВОЙ ЧАСТИ 6716;1;один кандидат
Белоцерковская Анна Сергеевна;540132045864;ИП Белоцерковская Анна Сергеевна;;Новосибирская обл;69.20;ACTIVE;;;4;"отсеяно спутников: 1; несколько кандидатов, взят первый"
"ФЕДЕРАЛЬНОЕ КАЗЕННОЕ УЧРЕЖДЕНИЕ ""СЛЕДСТВЕННЫЙ ИЗОЛЯТОР № 6 УПРАВЛЕНИЯ ФЕДЕРАЛЬНОЙ СЛУЖБЫ ИСПОЛНЕНИЯ НАКАЗАНИЙ ПО Г. МОСКВЕ""";7723107950;ФКУ СИЗО-6 ГУФСИН РОССИИ ПО Г. МОСКВЕ;772301001;г Москва;84.23.4;ACTIVE;Добров Евгений Александрович;НАЧАЛЬНИК УЧРЕЖДЕНИЯ;1;один кандидат
"АО ""НкОС""";6330024522;"АО ""НКОС""";633001001;Самарская обл;37.00;ACTIVE;Рожков Сергей Васильевич;ДИРЕКТОР;1;один кандидат
"МУНИЦИПАЛЬНОЕ КАЗЕННОЕ УЧРЕЖДЕНИЕ ""ЦЕНТР БУХГАЛТЕРСКОГО УЧЕТА СИВИНСКОГО МУНИЦИПАЛЬНОГО РАЙОНА""";;;;;;;;;;кандидатов нет
"ФЕДЕРАЛЬНОЕ КАЗЕННОЕ УЧРЕЖДЕНИЕ ""ИСПРАВИТЕЛЬНАЯ КОЛОНИЯ № 24 ГЛАВНОГО УПРАВЛЕНИЯ ФЕДЕРАЛЬНОЙ СЛУЖБЫ ИСПОЛНЕНИЯ НАКАЗАНИЙ ПО СВЕРДЛОВСКОЙ ОБЛАСТИ""";6634006902;ФКУ ИК-24 ГУФСИН РОССИИ ПО СВЕРДЛОВСКОЙ ОБЛАСТИ;667601001;Свердловская обл;84.23.4;LIQUIDATED;Скосырев Дмитрий Сергеевич;ПРЕДСЕДАТЕЛЬ ЛИКВИДАЦИОННОЙ КОМИССИИ;1;один кандидат
"МУНИЦИПАЛЬНОЕ КАЗЕННОЕ УЧРЕЖДЕНИЕ ""УПРАВЛЕНИЕ ЖИЛИЩНО-КОММУНАЛЬНОГО ХОЗЯЙСТВА И ЭНЕРГЕТИКИ"" ГОРОДСКОГО ОКРУГА КРАСНОУРАЛЬСК";;;;;;;;;;кандидатов нет
"МУУП ""ТЕПЛОЭНЕРГОРЕМОНТ""";;;;;;;;;;кандидатов нет
АДМИНИСТРАЦИЯ ДАНИЛОВСКОГО МУНИЦИПАЛЬНОГО РАЙОНА ВОЛГОГРАДСКОЙ ОБЛАСТИ;3404102606;АДМИНИСТРАЦИЯ ДАНИЛОВСКОГО МУНИЦИПАЛЬНОГО РАЙОНА ВОЛГОГРАДСКОЙ ОБЛАСТИ;340401001;Волгоградская обл;84.11.33;ACTIVE;Копытов Сергей Степанович;ГЛАВА ДАНИЛОВСКОГО МУНИЦИПАЛЬНОГО РАЙОНА ВОЛГОГРАДСКОЙ ОБЛАСТИ;5;несколько кандидатов, взят первый
АДМИНИСТРАЦИЯ БИРИЛЮССКОГО РАЙОНА;2405002070;АДМИНИСТРАЦИЯ БИРИЛЮССКОГО РАЙОНА;240501001;Красноярский край;84.11.33;LIQUIDATING;Лукша Вячеслав Петрович;ПРЕДСЕДАТЕЛЬ ЛИКВИДАЦИОННОЙ КОМИССИИ;5;несколько кандидатов, взят первый
АДМИНИСТРАЦИЯ НЕВЕЛЬСКОГО РАЙОНА;6009001264;АДМИНИСТРАЦИЯ НЕВЕЛЬСКОГО РАЙОНА;600901001;Псковская обл;84.11.3;LIQUIDATED;Майоров Олег Евгеньевич;ГЛАВА НЕВЕЛЬСКОГО МУНИЦИПАЛЬНОГО ОКРУГА;2;несколько кандидатов, взят первый
"МУП ВКХ ""ВОДОКАНАЛ""";5006004145;"МУП ВКХ ""ВОДОКАНАЛ""";500601001;Московская обл;36.00.2;ACTIVE;Лобов Александр Николаевич;ГЕНЕРАЛЬНЫЙ ДИРЕКТОР;5;несколько кандидатов, взят первый
"МУП ""ГАЗОВОЕ ХОЗЯЙСТВО""";2629005046;"МУП ГОРОДА ЛЕРМОНТОВА ""ЛЕРМОНТОВГОРГАЗ""";262901001;Ставропольский край;43.22;ACTIVE;Аникеев Владимир Александрович;ДИРЕКТОР;4;несколько кандидатов, взят первый
АДМИНИСТРАЦИЯ ИЗВЕСТКОВСКОГО ГОРОДСКОГО ПОСЕЛЕНИЯ ОБЛУЧЕНСКОГО МУНИЦИПАЛЬНОГО РАЙОНА ЕВРЕЙСКОЙ АВТОНОМНОЙ ОБЛАСТИ;7902525986;АДМИНИСТРАЦИЯ ИЗВЕСТКОВСКОГО ГОРОДСКОГО ПОСЕЛЕНИЯ;790201001;Еврейская Аобл;84.11.32;ACTIVE;Некозырева Анастасия Викторовна;ГЛАВА АДМИНИСТРАЦИИ;1;один кандидат
"МУП ""ОТС""";5720023900;МУП ОТС;572001001;Орловская обл;35.30.14;ACTIVE;Замуруев Александр Николаевич;ДИРЕКТОР;4;несколько кандидатов, взят первый
АДМИНИСТРАЦИЯ ГОРОДСКОГО ОКРУГА ЧАПАЕВСК;6335004456;АДМИНИСТРАЦИЯ Г.О. ЧАПАЕВСК;633001001;Самарская обл;84.11.35;ACTIVE;Краснов Александр Сергеевич;ГЛАВА ГОРОДСКОГО ОКРУГА ЧАПАЕВСК САМАРСКОЙ ОБЛАСТИ;1;один кандидат
АДМИНИСТРАЦИЯ УСТЬ-КАТАВСКОГО ГОРОДСКОГО ОКРУГА;7419000690;АДМИНИСТРАЦИЯ УСТЬ-КАТАВСКОГО ГОРОДСКОГО ОКРУГА;745701001;Челябинская обл;84.11.35;ACTIVE;Харитонов Сергей Васильевич;ГЛАВА УСТЬ-КАТАВСКОГО ГОРОДСКОГО ОКРУГА;1;один кандидат
АДМИНИСТРАЦИЯ ОКТЯБРЬСКОГО МУНИЦИПАЛЬНОГО РАЙОНА ЕВРЕЙСКОЙ АВТОНОМНОЙ ОБЛАСТИ;7905003219;АДМИНИСТРАЦИЯ МУНИЦИПАЛЬНОГО РАЙОНА;790501001;Еврейская Аобл;84.11.33;ACTIVE;Леонова Марина Юрьевна;ГЛАВА ОКТЯБРЬСКОГО МУНИЦИПАЛЬНОГО РАЙОНА;4;несколько кандидатов, взят первый
"МУНИЦИПАЛЬНОЕ УНИТАРНОЕ ПРЕДПРИЯТИЕ ГОРОДСКОГО ПОСЕЛЕНИЯ Р.П. ДАНИЛОВКА ""БЛАГОУСТРОЙСТВО""";;;;;;;;;;кандидатов нет
"ФЕДЕРАЛЬНОЕ КАЗЕННОЕ УЧРЕЖДЕНИЕ ""ИСПРАВИТЕЛЬНАЯ КОЛОНИЯ № 6 УПРАВЛЕНИЯ ФЕДЕРАЛЬНОЙ СЛУЖБЫ ИСПОЛНЕНИЯ НАКАЗАНИЙ ПО ПСКОВСКОЙ ОБЛАСТИ""";6022005910;ФКУ ИК-6 УФСИН РОССИИ ПО ПСКОВСКОЙ ОБЛАСТИ;602201001;Псковская обл;84.23.4;ACTIVE;Орлов Сергей Геннадьевич;НАЧАЛЬНИК УЧРЕЖДЕНИЯ;1;один кандидат
АДМИНИСТРАЦИЯ СЕБЕЖСКОГО РАЙОНА;6022001898;АДМИНИСТРАЦИЯ СЕБЕЖСКОГО РАЙОНА;602201001;Псковская обл;84.11.3;LIQUIDATED;Егоров Виктор Валентинович;ГЛАВА СЕБЕЖСКОГО МУНИЦИПАЛЬНОГО ОКРУГА;5;несколько кандидатов, взят первый
АДМИНИСТРАЦИЯ ГОРОДСКОГО ПОСЕЛЕНИЯ Р.П. ДАНИЛОВКА ДАНИЛОВСКОГО МУНИЦИПАЛЬНОГО РАЙОНА ВОЛГОГРАДСКОЙ ОБЛАСТИ;3404002619;АДМИНИСТРАЦИЯ ГОРОДСКОГО ПОСЕЛЕНИЯ Р.П. ДАНИЛОВКА ДАНИЛОВСКОГО МУНИЦИПАЛЬНОГО РАЙОНА ВОЛГОГРАДСКОЙ ОБЛАСТИ;340401001;Волгоградская обл;84.11.35;LIQUIDATED;Шевцова Анастасия Геннадьевна;Руководитель ликвидационной комиссии;1;один кандидат
"ФИЛИАЛ ""МЕДИКО-САНИТАРНАЯ ЧАСТЬ № 4"" ФЕДЕРАЛЬНОГО ГОСУДАРСТВЕННОГО БЮДЖЕТНОГО УЧРЕЖДЕНИЯ ЗДРАВООХРАНЕНИЯ ""ЦЕНТРАЛЬНАЯ МЕДИКО-САНИТАРНАЯ ЧАСТЬ № 120 ФЕДЕРАЛЬНОГО";5112000128;"ФИЛИАЛ ""МЕДИКО-САНИТАРНАЯ ЧАСТЬ № 4"" ФЕДЕРАЛЬНОГО ГОСУДАРСТВЕННОГО БЮДЖЕТНОГО УЧРЕЖДЕНИЯ ЗДРАВООХРАНЕНИЯ ""ЦЕНТРАЛЬНАЯ МЕДИКО-САНИТАРНАЯ ЧАСТЬ № 120 ФЕДЕРАЛЬНОГО МЕДИКО-БИОЛОГИЧЕСКОГО АГЕНТСТВА""";511443001;Мурманская обл;;LIQUIDATED;;;1;один кандидат
"ФЕДЕРАЛЬНОЕ КАЗЕННОЕ УЧРЕЖДЕНИЕ ЗДРАВООХРАНЕНИЯ ""САНАТОРИЙ ""ИЗУМРУДНЫЙ"" МИНИСТЕРСТВА ВНУТРЕННИХ ДЕЛ РОССИЙСКОЙ ФЕДЕРАЦИИ""";9110001395;"ФКУЗ ""САНАТОРИЙ ""ИЗУМРУДНЫЙ"" МВД РОССИИ""";911001001;Респ Крым;86.90.4;LIQUIDATED;Калёнов Вадим Александрович;НАЧАЛЬНИК;1;один кандидат
"МУНИЦИПАЛЬНОЕ УНИТАРНОЕ ПРЕДПРИЯТИЕ ""ЖКХ СЕЛЕНГА""";0309407916;"МУП ""ЖКХ СЕЛЕНГА""";030901001;Респ Бурятия;35.30.2;ACTIVE;Черниговский Александр Юрьевич;ДИРЕКТОР;1;один кандидат
"МУНИЦИПАЛЬНОЕ УНИТАРНОЕ ПРЕДПРИЯТИЕ БАЛАКОВСКОГО МУНИЦИПАЛЬНОГО РАЙОНА ""БАЛАКОВО-ВОДОКАНАЛ""";6439053289;"МУП ""БАЛАКОВО-ВОДОКАНАЛ""";643901001;Саратовская обл;37.00;ACTIVE;Грищенко Константин Владимирович;ДИРЕКТОР;1;один кандидат
"МУНИЦИПАЛЬНОЕ УНИТАРНОЕ ПРЕДПРИЯТИЕ ""МИХАЙЛОВСКОЕ ВОДОПРОВОДНО-КАНАЛИЗАЦИОННОЕ ХОЗЯЙСТВО""";3437000840;"МУП ""МВКХ""";343701001;Волгоградская обл;36.00.2;ACTIVE;Серкин Денис Николаевич;ДИРЕКТОР;1;один кандидат
"ФЕДЕРАЛЬНОЕ ГОСУДАРСТВЕННОЕ БЮДЖЕТНОЕ УЧРЕЖДЕНИЕ ""ОЗДОРОВИТЕЛЬНЫЙ КОМПЛЕКС ""ДЕСНА"" УПРАВЛЕНИЯ ДЕЛАМИ ПРЕЗИДЕНТА РОССИЙСКОЙ ФЕДЕРАЦИИ";;;;;;;;;;кандидатов нет
"ГОСУДАРСТВЕННОЕ УНИТАРНОЕ ПРЕДПРИЯТИЕ КРАСНОДАРСКОГО КРАЯ ""СЕВЕРО-ВОСТОЧНАЯ ВОДНАЯ УПРАВЛЯЮЩАЯ КОМПАНИЯ ""КУРГАНИНСКИЙ ГРУППОВОЙ ВОДОПРОВОД""";2339015370;"ГУП КК СВ ВУК ""КУРГАНИНСКИЙ ГРУППОВОЙ ВОДОПРОВОД""";236401001;Краснодарский край;36.00.2;ACTIVE;Борзунов Павел Владимирович;ГЕНЕРАЛЬНЫЙ ДИРЕКТОР;1;один кандидат
АДМИНИСТРАЦИЯ ИРБИТСКОГО МУНИЦИПАЛЬНОГО ОБРАЗОВАНИЯ;6642001136;АДМИНИСТРАЦИЯ ИРБИТСКОГО МО;667601001;Свердловская обл;84.11.35;ACTIVE;Никифоров Алексей Валерьевич;ГЛАВА ИРБИТСКОГО МУНИЦИПАЛЬНОГО ОБРАЗОВАНИЯ;5;несколько кандидатов, взят первый
"МУНИЦИПАЛЬНОЕ  УНИТАРНОЕ ПРЕДПРИЯТИЕ ""АХТУБИНСК-ВОДОКАНАЛ""";3022001194;"МУП ""АХТУБИНСК-ВОДОКАНАЛ""";302201001;Астраханская обл;35.30.14;BANKRUPT;Аникеев Роман Константинович;КОНКУРСНЫЙ УПРАВЛЯЮЩИЙ;1;один кандидат
"МУНИЦИПАЛЬНОЕ ПРЕДПРИЯТИЕ ТРЕСТ ""ВОДОКАНАЛ"" МУНИЦИПАЛЬНОГО ОБРАЗОВАНИЯ Г. МАГНИТОГОРСК";;;;;;;;;;кандидатов нет
"МУНИЦИПАЛЬНОЕ ПРЕДПРИЯТИЕ ЭВЕНКИЙСКОГО МУНИЦИПАЛЬНОГО РАЙОНА ""БАЙКИТЭНЕРГО""";8802000955;"МП ЭМР ""БАЙКИТЭНЕРГО""";880201001;Красноярский край;35.30.14;ACTIVE;Курмаков Юрий Александрович;ДИРЕКТОР;1;один кандидат
"ГОСУДАРСТВЕННОЕ УНИТАРНОЕ ПРЕДПРИЯТИЕ КРАСНОДАРСКОГО КРАЯ ""КУБАНЬВОДКОМПЛЕКС""";2310010637;"ГУП КК ""КУБАНЬВОДКОМПЛЕКС""";231101001;Краснодарский край;36.00.1;ACTIVE;Лазарев Александр Александрович;ДИРЕКТОР;1;один кандидат
"МУНИЦИПАЛЬНОЕ УНИТАРНОЕ ПРЕДПРИЯТИЕ ""ВОДОКАНАЛ СЕРВИС""";5043019742;"МУП ""ВОДОКАНАЛ-СЕРВИС""";504301001;Московская обл;37.00;ACTIVE;Назаров Анатолий Николаевич;ДИРЕКТОР;5;несколько кандидатов, взят первый
"МУНИЦИПАЛЬНОЕ УНИТАРНОЕ ПРЕДПРИЯТИЕ ""АБЗЕЛИЛОВСКОЕ СПЕЦИАЛИЗИРОВАННОЕ ПРЕДПРИЯТИЕ КОММУНАЛЬНОГО ОБСЛУЖИВАНИЯ"" РЕСПУБЛИКИ БАШКОРТОСТАН";0201007969;"МУП ""АБЗЕЛИЛСПЕЦКОМОБСЛУЖИВАНИЕ"" РБ";020101001;Респ Башкортостан;35.30.14;ACTIVE;Зайтунов Ялиль Насибович;ДИРЕКТОР;1;один кандидат
"МУНИЦИПАЛЬНОЕ УНИТАРНОЕ ПРЕДПРИЯТИЕ ГОРОДИЩЕНСКОГО ГОРОДСКОГО ПОСЕЛЕНИЯ ""ГОРОДСКОЕ ХОЗЯЙСТВО""";3403029505;"МУП ""ГОР ХОЗ""";340301001;Волгоградская обл;35.30.14;LIQUIDATED;Харьков Андрей Анатольевич;Конкурсный управляющий;1;один кандидат
"ФЕДЕРАЛЬНОЕ КАЗЕННОЕ УЧРЕЖДЕНИЕ ""ИСПРАВИТЕЛЬНАЯ КОЛОНИЯ № 21 ГЛАВНОГО УПРАВЛЕНИЯ ФЕДЕРАЛЬНОЙ СЛУЖБЫ ИСПОЛНЕНИЯ НАКАЗАНИЙ ПО НОВОСИБИРСКОЙ ОБЛАСТИ""";5438110648;ФКУ ИК-21 ГУФСИН РОССИИ ПО НОВОСИБИРСКОЙ ОБЛАСТИ;543801001;Новосибирская обл;84.23.4;LIQUIDATED;Новиков Игорь Алексеевич;ПРЕДСЕДАТЕЛЬ КОМИССИИ;1;один кандидат
"МУНИЦИПАЛЬНОЕ УНИТАРНОЕ ПРЕДПРИЯТИЕ ""ТЕПЛОВОЕ ХОЗЯЙСТВО"" НОВОКУБАНСКОГО ГОРОДСКОГО ПОСЕЛЕНИЯ НОВОКУБАНСКОГО РАЙОНА";;;;;;;;;;кандидатов нет
"ФЕДЕРАЛЬНОЕ КАЗЕННОЕ УЧРЕЖДЕНИЕ ""СЛЕДСТВЕННЫЙ ИЗОЛЯТОР № 5 ГЛАВНОГО УПРАВЛЕНИЯ ФЕДЕРАЛЬНОЙ СЛУЖБЫ ИСПОЛНЕНИЯ НАКАЗАНИЙ ПО ИРКУТСКОЙ ОБЛАСТИ""";3816001029;ФКУ СИЗО-5 ГУФСИН РОССИИ ПО ИРКУТСКОЙ ОБЛАСТИ;381601001;Иркутская обл;84.23.4;ACTIVE;Говорин Дмитрий Юрьевич;НАЧАЛЬНИК;1;один кандидат
АДМИНИСТРАЦИЯ ТУГУРО-ЧУМИКАНСКОГО МУНИЦИПАЛЬНОГО РАЙОНА ХАБАРОВСКОГО КРАЯ;2718000096;АДМИНИСТРАЦИЯ МУНИЦИПАЛЬНОГО РАЙОНА;271801001;Хабаровский край;84.11.33;ACTIVE;Осипова Изабелла Валентиновна;ГЛАВА МУНИЦИПАЛЬНОГО РАЙОНА;5;несколько кандидатов, взят первый
КОМИТЕТ СТАВРОПОЛЬСКОГО КРАЯ ПО ГОСУДАРСТВЕННЫМ ЗАКУПКАМ;2636210166;КОМИТЕТ СК ПО ЗАКУПКАМ;263601001;Ставропольский край;84.11.21;ACTIVE;Шевченко Александр Васильевич;ПРЕДСЕДАТЕЛЬ КОМИТЕТА;1;один кандидат
"МУНИЦИПАЛЬНОЕ УНИТАРНОЕ ПРЕДПРИЯТИЕ ""УССУРИЙСК-ВОДОКАНАЛ"" УССУРИЙСКОГО ГОРОДСКОГО ОКРУГА";2511040110;"МУП ""УССУРИЙСК-ВОДОКАНАЛ""";251101001;Приморский край;36.00.1;ACTIVE;Педан Руслан Михайлович;ДИРЕКТОР;1;один кандидат
"МУНИЦИПАЛЬНОЕ УНИТАРНОЕ ПРЕДПРИЯТИЕ ""ВОДОКАНАЛ-СЕРВИС"" Г. САЯНСК";3814007427;"МУП ""В-С""";381401001;Иркутская обл;36.00.2;ACTIVE;Пономарев Иван Леонидович;ДИРЕКТОР;1;один кандидат
АДМИНИСТРАЦИЯ МАРЕВСКОГО МУНИЦИПАЛЬНОГО РАЙОНА;5308000242;АДМИНИСТРАЦИЯ МАРЕВСКОГО МУНИЦИПАЛЬНОГО РАЙОНА;530801001;Новгородская обл;84.11.3;LIQUIDATING;Горкин Сергей Иванович;Руководитель ликвидационной комиссии;1;один кандидат
"МУНИЦИПАЛЬНОЕ УНИТАРНОЕ ПРЕДПРИЯТИЕ ЖИЛИЩНО-КОММУНАЛЬНОГО ХОЗЯЙСТВА ""ЧЕРЕМЫШСКОЕ""";6649003774;"МУП ЖКХ ""ЧЕРЕМЫШСКОЕ""";663301001;Свердловская обл;35.30.14;ACTIVE;Халджиев Игорь Владимирович;"ИСПОЛНЯЮЩИЙ ОБЯЗАННОСТИ ДИРЕКТОРА МУП ЖКХ ""ЧЕРЕМЫШСКОЕ""";1;один кандидат
АДМИНИСТРАЦИЯ КОСТРОМСКОГО МУНИЦИПАЛЬНОГО РАЙОНА КОСТРОМСКОЙ ОБЛАСТИ;4414001140;АДМИНИСТРАЦИЯ КОСТРОМСКОГО МУНИЦИПАЛЬНОГО РАЙОНА КОСТРОМСКОЙ ОБЛАСТИ;440101001;Костромская обл;84.11.33;ACTIVE;Нагацкий Владимир Георгиевич;ВРЕМЕННО ИСПОЛНЯЮЩИЙ ПОЛНОМОЧИЯ ГЛАВЫ КОСТРОМСКОГО МУНИЦИПАЛЬНОГО РАЙОНА;5;несколько кандидатов, взят первый
"МУНИЦИПАЛЬНОЕ УНИТАРНОЕ ПРЕДПРИЯТИЕ "" ЖИЛКОМСЕРВИС """;1435242617;"МУП ""ЖИЛКОМСЕРВИС"" ГО ""ГОРОД ЯКУТСК""";143501001;Респ Саха (Якутия);37.00;ACTIVE;Спиридонов Юрий Афанасьевич;ДИРЕКТОР;5;несколько кандидатов, взят первый
"МУНИЦИПАЛЬНОЕ УНИТАРНОЕ ПРЕДПРИЯТИЕ ""ЕЛЕЦВОДОКАНАЛ""";;;;;;;;;;кандидатов нет
"ФЕДЕРАЛЬНОЕ КАЗЕННОЕ ПРЕДПРИЯТИЕ ""АЛЕКСИНСКИЙ ХИМИЧЕСКИЙ КОМБИНАТ""";7111003056;ФКП АХК;711101001;Тульская обл;20.51;ACTIVE;Мишунин Павел Анатольевич;ГЕНЕРАЛЬНЫЙ ДИРЕКТОР;1;один кандидат
"СЕВЕРО-КАСПИЙСКИЙ ФИЛИАЛ ФЕДЕРАЛЬНОГО ГОСУДАРСТВЕННОГО БЮДЖЕТНОГО УЧРЕЖДЕНИЯ ""ГЛАВНОЕ БАССЕЙНОВОЕ УПРАВЛЕНИЕ ПО РЫБОЛОВСТВУ И СОХРАНЕНИЮ ВОДНЫХ БИОЛОГИЧЕСКИХ РЕ";;;;;;;;;;кандидатов нет
МУНИЦИПАЛЬНОЕ УНИТАРНОЕ ПРЕДПРИЯТИЕ ТЕПЛОВЫХ СЕТЕЙ Г.ЗЕЛЕНОГОРСКА;2453000242;МУП ТС;245301001;Красноярский край;35.30.2;ACTIVE;Юнг Алексей Александрович;ДИРЕКТОР;1;один кандидат
"ФЕДЕРАЛЬНОЕ КАЗЕННОЕ УЧРЕЖДЕНИЕ ""СЛЕДСТВЕННЫЙ ИЗОЛЯТОР № 1 УПРАВЛЕНИЯ ФЕДЕРАЛЬНОЙ СЛУЖБЫ ИСПОЛНЕНИЯ НАКАЗАНИЙ ПО РЕСПУБЛИКЕ САХА (ЯКУТИЯ)""";1435067690;ФКУ СИЗО-1 УФСИН РОССИИ ПО РЕСПУБЛИКЕ САХА (ЯКУТИЯ);143501001;Респ Саха (Якутия);84.23.4;ACTIVE;Осипов Василий Иннокентьевич;НАЧАЛЬНИК;1;один кандидат
УПРАВЛЕНИЕ ФЕДЕРАЛЬНОЙ СЛУЖБЫ БЕЗОПАСНОСТИ РОССИЙСКОЙ ФЕДЕРАЦИИ ПО НОВОСИБИРСКОЙ ОБЛАСТИ;5406012207;УФСБ РОССИИ ПО НОВОСИБИРСКОЙ ОБЛАСТИ;540601001;Новосибирская обл;84.24;ACTIVE;Сизов Сергей Николаевич;НАЧАЛЬНИК УПРАВЛЕНИЯ;2;несколько кандидатов, взят первый
"МУНИЦИПАЛЬНОЕ УНИТАРНОЕ ПРЕДПРИЯТИЕ ""РЕСУРС"" АДМИНИСТРАЦИИ МУНИЦИПАЛЬНОГО ОБРАЗОВАНИЯ УСПЕНСКИЙ РАЙОН";2357006040;"МУП ""РЕСУРС""";235701001;Краснодарский край;35.30.1;LIQUIDATED;Никифоров Игорь Николаевич;РУКОВОДИТЕЛЬ ЛИКВИДАЦИОННОЙ КОМИССИИ;1;один кандидат
МУНИЦИПАЛЬНОЕ УНИТАРНОЕ ПРЕДПРИЯТИЕ ЖИЛИЩНО-КОММУНАЛЬНОГО ХОЗЯЙСТВА МУНИЦИПАЛЬНОГО РАЙОНА НУРИМАНОВСКИЙ РАЙОН РЕСПУБЛИКИ БАШКОРТОСТАН;0239000200;НУРИМАНОВСКОЕ МУП ЖКХ;023901001;Респ Башкортостан;36.00.2;ACTIVE;Бадретдинов Ирек Рамилевич;ВРЕМЕННО ИСПОЛНЯЮЩИЙ ОБЯЗАННОСТИ ДИРЕКТОРА;1;один кандидат
"АДМИНИСТРАЦИЯ ГОРОДСКОГО ПОСЕЛЕНИЯ ""ВОЙВОЖ""";1108016375;"АДМИНИСТРАЦИЯ ГОРОДСКОГО ПОСЕЛЕНИЯ ""ВОЙВОЖ""";110801001;Респ Коми;84.11.32;ACTIVE;Ксензова Оксана Васильевна;ИСПОЛНЯЮЩИЙ ОБЯЗАННОСТИ РУКОВОДИТЕЛЯ;1;один кандидат
АДМИНИСТРАЦИЯ ПОГРАНИЧНОГО ГОРОДСКОГО ПОСЕЛЕНИЯ;2525000205;АДМИНИСТРАЦИЯ ПОГРАНИЧНОГО ГОРОДСКОГО ПОСЕЛЕНИЯ;252501001;Приморский край;84.11.34;LIQUIDATED;Боровков Виктор Петрович;Ликвидатор;1;один кандидат
"ФЕДЕРАЛЬНОЕ ГОСУДАРСТВЕННОЕ КАЗЕННОЕ УЧРЕЖДЕНИЕ ""САНАТОРИЙ ""СЕМЕНОВСКОЕ"" ФЕДЕРАЛЬНОЙ СЛУЖБЫ БЕЗОПАСНОСТИ РОССИЙСКОЙ ФЕДЕРАЦИИ""";;;;;;;;;;кандидатов нет
"ФЕДЕРАЛЬНОЕ КАЗЕННОЕ УЧРЕЖДЕНИЕ ""ИСПРАВИТЕЛЬНАЯ КОЛОНИЯ № 3 УПРАВЛЕНИЯ ФЕДЕРАЛЬНОЙ СЛУЖБЫ ИСПОЛНЕНИЯ НАКАЗАНИЙ ПО РЕСПУБЛИКЕ САХА (ЯКУТИЯ)""";1431000960;ФКУ ИК-3 УФСИН РОССИИ ПО РЕСПУБЛИКЕ САХА (ЯКУТИЯ);143101001;Респ Саха (Якутия);84.23.4;LIQUIDATED;Калиновский Сергей Владимирович;ПРЕДСЕДАТЕЛЬ ЛИКВИДАЦИОННОЙ КОМИССИИ;1;один кандидат
"Муниципальное казенное учреждение ""Централизованная бухгалтерия Администрации муниципального образования ""Каменский городской округ""";;;;;;;;;;кандидатов нет
"ФЕДЕРАЛЬНОЕ ГОСУДАРСТВЕННОЕ КАЗЕННОЕ УЧРЕЖДЕНИЕ ""ВОЕННОЕ ЭКСПЛУАТАЦИОННО-ВОССТАНОВИТЕЛЬНОЕ УПРАВЛЕНИЕ СВЯЗИ"" МИНИСТЕРСТВА ОБОРОНЫ РОССИЙСКОЙ ФЕДЕРАЦИИ";7703037430;"""ВЭВУС""";772901001;г Москва;43.11;LIQUIDATED;Рубис Александр Анатольевич;Руководитель ликвидационной комиссии;1;один кандидат
АДМИНИСТРАЦИЯ РАСЦВЕТОВСКОГО СЕЛЬСОВЕТА УСТЬ-АБАКАНСКОГО РАЙОНА РЕСПУБЛИКИ ХАКАСИЯ;1910009864;АДМИНИСТРАЦИЯ РАСЦВЕТОВСКОГО СЕЛЬСОВЕТА УСТЬ-АБАКАНСКОГО РАЙОНА РЕСПУБЛИКИ ХАКАСИЯ;191001001;Респ Хакасия;84.11.31;ACTIVE;Мосман Иван Владимирович;ГЛАВА РАСЦВЕТОВСКОГО СЕЛЬСОВЕТА УСТЬ-АБАКАНСКОГО РАЙОНА РЕСПУБЛИКИ ХАКАСИЯ;1;один кандидат
"МУНИЦИПАЛЬНОЕ КАЗЕННОЕ УЧРЕЖДЕНИЕ ""УПРАВЛЕНИЕ АДМИНИСТРАТИВНО-ХОЗЯЙСТВЕННОГО ОБЕСПЕЧЕНИЯ ГОРОДСКОГО ОКРУГА РЕВДА""";;;;;;;;;;кандидатов нет
"федеральное казенное учреждение ""Исправительная колония № 6 Управления Федеральной службы исполнения наказаний по Курганской области""";4510010250;ФКУ ИК-6 УФСИН РОССИИ ПО КУРГАНСКОЙ ОБЛАСТИ;451001001;Курганская обл;84.23.4;ACTIVE;Ноек Дмитрий Вячеславович;НАЧАЛЬНИК;1;один кандидат
"ГОСУДАРСТВЕННОЕ БЮДЖЕТНОЕ УЧРЕЖДЕНИЕ ЗДРАВООХРАНЕНИЯ СВЕРДЛОВСКОЙ ОБЛАСТИ ""ДЕМИДОВСКАЯ ГОРОДСКАЯ БОЛЬНИЦА""";6668012911;"ГБУЗ СО ""ДЕМИДОВСКАЯ ЦГБ""";666801001;Свердловская обл;85.11.1;LIQUIDATED;Бондаренко Татьяна Алексеевна;ГЛАВНЫЙ ВРАЧ;1;один кандидат
"Администрация муниципального образования ""Базарносызганский район""";;;;;;;;;;кандидатов нет
"МУНИЦИПАЛЬНОЕ УЧРЕЖДЕНИЕ АДМИНИСТРАЦИЯ МУНИЦИПАЛЬНОГО ОБРАЗОВАНИЯ ""ВЕШКАЙМСКИЙ РАЙОН""  УЛЬЯНОВСКОЙ ОБЛАСТИ";7305000456;"АДМИНИСТРАЦИЯ МО ""ВЕШКАЙМСКИЙ РАЙОН""";730501001;Ульяновская обл;84.11.33;ACTIVE;Стельмах Татьяна Николаевна;"ГЛАВА АДМИНИСТРАЦИИ МУНИЦИПАЛЬНОГО ОБРАЗОВАНИЯ ""ВЕШКАЙМСКИЙ РАЙОН""";1;один кандидат
"АДМИНИСТРАЦИЯ МУНИЦИПАЛЬНОГО ОБРАЗОВАНИЯ ""ЕНОТАЕВСКИЙ РАЙОН""";3003000540;"АДМИНИСТРАЦИЯ МУНИЦИПАЛЬНОГО ОБРАЗОВАНИЯ ""ЕНОТАЕВСКИЙ РАЙОН""";302301001;Астраханская обл;84.11.3;LIQUIDATED;Будаев Борис Фацбаевич;"ГЛАВА МУНИЦИПАЛЬНОГО ОБРАЗОВАНИЯ ""ЕНОТАЕВСКИЙ МУНИЦИПАЛЬНЫЙ РАЙОН АСТРАХАНСКОЙ ОБЛАСТИ""";1;один кандидат
Департамент жилищно-коммунального хозяйства Кировской области;4345004564;ДЕПАРТАМЕНТ ЖКХ КИРОВСКОЙ ОБЛАСТИ;434501001;Кировская обл;75.11.21;LIQUIDATED;Князькин Леонид Иванович;Глава департамента жилищно-коммунального хозяйства Кировской обл;1;один кандидат
"ФЕДЕРАЛЬНОЕ КАЗЕННОЕ УЧРЕЖДЕНИЕ  ЗДРАВООХРАНЕНИЯ ""САНАТОРИЙ ""ИСКРА"" МИНИСТЕРСТВА ВНУТРЕННИХ ДЕЛ РОССИЙСКОЙ ФЕДЕРАЦИИ""";2319018052;"ФКУЗ ""САНАТОРИЙ ""ИСКРА"" МВД РОССИИ""";231901001;Краснодарский край;86.90.4;ACTIVE;Марутин Геннадий Петрович;НАЧАЛЬНИК;1;один кандидат
Администрация Советского муниципального района Саратовской области;6433000435;АДМИНИСТРАЦИЯ ЗОЛОТОСТЕПСКОГО МО;643301001;Саратовская обл;84.11.31;ACTIVE;Утигалиев Чингиз Серикалиевич;ВРЕМЕННО ИСПОЛНЯЮЩИЙ ПОЛНОМОЧИЯ ГЛАВЫ ЗОЛОТОСТЕПСКОГО МУНИЦИПАЛЬНОГО ОБРАЗОВАНИЯ СОВЕТСКОГО МУНИЦИПАЛЬНОГО РАЙОНА;5;несколько кандидатов, взят первый
Администрация Новолитовского сельского поселения Партизанского муниципального района;2524114104;АДМИНИСТРАЦИЯ НОВОЛИТОВСКОГО СЕЛЬСКОГО ПОСЕЛЕНИЯ;252401001;Приморский край;84.11.31;LIQUIDATED;Красикова Галина Павловна;ЛИКВИДАТОР;1;один кандидат
Администрация поселка Курагино;2423002080;АДМИНИСТРАЦИЯ ПОСЕЛКА КУРАГИНО;242301001;Красноярский край;84.11.32;LIQUIDATING;Виль Андрей Андреевич;РУКОВОДИТЕЛЬ ЛИКВИДАЦИОННОЙ КОМИССИИ;1;один кандидат
Администрация Арамильского городского округа;6652004270;АДМИНИСТРАЦИЯ АРАМИЛЬСКОГО ГОРОДСКОГО ОКРУГА;668501001;Свердловская обл;84.11.35;ACTIVE;Мишарина Марина Сергеевна;ГЛАВА АРАМИЛЬСКОГО ГОРОДСКОГО ОКРУГА;1;один кандидат
"федеральное казенное учреждение ""Следственный изолятор № 5 Главного управления Федеральной службы исполнения наказаний по Иркутской области""";3816001029;ФКУ СИЗО-5 ГУФСИН РОССИИ ПО ИРКУТСКОЙ ОБЛАСТИ;381601001;Иркутская обл;84.23.4;ACTIVE;Говорин Дмитрий Юрьевич;НАЧАЛЬНИК;1;один кандидат
"федеральное государственное казенное учреждение ""14 отряд федеральной противопожарной службы по Краснодарскому краю""";2321007450;"ФГКУ ""14 ОТРЯД ФПС ПО КРАСНОДАРСКОМУ КРАЮ""";232101001;Краснодарский край;84.25.1;LIQUIDATED;Платонихин Николай Владимирович;Руководитель ликвидационной комиссии;1;один кандидат
Администрация городского округа город Мантурово Костромской области;;;;;;;;;;кандидатов нет
"Администрация муниципального образования ""Сафроновское""";2915003466;"АДМИНИСТРАЦИЯ МО ""САФРОНОВСКОЕ""";291501001;Архангельская обл;84.11.31;LIQUIDATING;Посохов Александр Евгеньевич;ПРЕДСЕДАТЕЛЬ ЛИКВИДАЦИОННОЙ КОМИССИИ;1;один кандидат
"Администрация муниципального образования ""Городское поселение - г. Осташков""";6913012529;"АДМИНИСТРАЦИЯ ""ГОРОДСКОЕ ПОСЕЛЕНИЕ - Г.ОСТАШКОВ""";691301001;Тверская обл;84.11.3;LIQUIDATED;Титов Алексей Алексеевич;ГЛАВА ОСТАШКОВСКОГО ГОРОДСКОГО ОКРУГА;1;один кандидат
Администрация муниципального района Бижбулякский район Республики Башкортостан;0212005392;АДМИНИСТРАЦИЯ МР БИЖБУЛЯКСКИЙ РАЙОН РБ;021201001;Респ Башкортостан;84.11.33;ACTIVE;Семёнов Александр Александрович;ГЛАВА АДМИНИСТРАЦИИ;5;несколько кандидатов, взят первый
Администрация муниципального образования Каневское сельское поселение в составе муниципального образования Каневской район;;;;;;;;;;кандидатов нет
"Администрация муниципального образования ""Город Ахтубинск""";3001040178;"АДМИНИСТРАЦИЯ МУНИЦИПАЛЬНОГО ОБРАЗОВАНИЯ ""ГОРОД АХТУБИНСК""";300101001;Астраханская обл;84.11.35;ACTIVE;Сиваков Александр Александрович;ГЛАВА АДМИНИСТРАЦИИ;1;один кандидат
Служба в городе Уссурийске Пограничного управления ФСБ России по Приморскому краю;;;;;;;;;;кандидатов нет
"Федеральное бюджетное учреждение ""Обь-Иртышское государственное бассейновое управление водных путей и судоходства""";;;;;;;;;;кандидатов нет
Санкт-Петербургское государственное образовательное бюджетное учреждение дополнительного образования детей Специализированная детско-юношеская спортивная школа;;;;;;;;;;кандидатов нет
Администрация городского поселения город Благовещенск муниципального района Благовещенский район Республики Башкортостан;0258010691;АДМИНИСТРАЦИЯ ГОРОДСКОГО ПОСЕЛЕНИЯ ГОРОД БЛАГОВЕЩЕНСК МУНИЦИПАЛЬНОГО РАЙОНА БЛАГОВЕЩЕНСКИЙ РАЙОН РЕСПУБЛИКИ БАШКОРТОСТАН;025801001;Респ Башкортостан;84.11.32;ACTIVE;Абдрахманов Руслан Айратович;ГЛАВА АДМИНИСТРАЦИИ;1;один кандидат
Экспертно-криминалистическая служба - региональный филиал Центрального экспертно-криминалистического таможенного управления г. Ростов-на-Дону;7708197861;ЭКСПЕРТНО-КРИМИНАЛИСТИЧЕСКАЯ СЛУЖБА - РЕГИОНАЛЬНЫЙ ФИЛИАЛ ЦЕНТРАЛЬНОГО ЭКСПЕРТНО-КРИМИНАЛИСТИЧЕСКОГО ТАМОЖЕННОГО УПРАВЛЕНИЯ Г. РОСТОВ-НА-ДОНУ;616743001;Ростовская обл;;ACTIVE;;;1;один кандидат
"Федеральное государственное учреждение комбинат ""Дружба"" Управления Федерального агентства по государственным резервам по Дальневосточному федеральному округу";;;;;;;;;;кандидатов нет
"ГУП ЧУВАШСКОЙ РЕСПУБЛИКИ ""БОС"" МИНСТРОЯ ЧУВАШИИ";2124014112;"ГУП ЧУВАШСКОЙ РЕСПУБЛИКИ ""БОС"" МИНСТРОЯ ЧУВАШИИ";212401001;Чувашская Республика - Чувашия;37.00;ACTIVE;Николаев Сергей Георгиевич;ИСПОЛНЯЮЩИЙ ОБЯЗАННОСТИ ДИРЕКТОРА;2;несколько кандидатов, взят первый
"ФЕДЕРАЛЬНОЕ КАЗЕННОЕ УЧРЕЖДЕНИЕ ЗДРАВООХРАНЕНИЯ ""САНАТОРИЙ ""САЛЮТ"" МИНИСТЕРСТВА ВНУТРЕННИХ ДЕЛ РОССИЙСКОЙ ФЕДЕРАЦИИ""";2320036296;"ФКУЗ ""САНАТОРИЙ ""САЛЮТ"" МВД РОССИИ""";232001001;Краснодарский край;86.90.4;ACTIVE;Луцык Анатолий Николаевич;НАЧАЛЬНИК САНАТОРИЯ;1;один кандидат
АДМИНИСТРАЦИЯ КРЫМСКОГО ГОРОДСКОГО ПОСЕЛЕНИЯ КРЫМСКОГО РАЙОНА;2337030479;АДМИНИСТРАЦИЯ КРЫМСКОГО ГОРОДСКОГО ПОСЕЛЕНИЯ КРЫМСКОГО РАЙОНА;233701001;Краснодарский край;84.11.32;ACTIVE;Смирнов Александр Александрович;ИСПОЛНЯЮЩИЙ ПОЛНОМОЧИЯ ГЛАВЫ КРЫМСКОГО ГОРОДСКОГО ПОСЕЛЕНИЯ КРЫМСКОГО РАЙОНА;1;один кандидат
"Муниципальное казенное учреждение ""Управление капитального строительства г. Пензы""";5836013330;МКУ УКС Г. ПЕНЗЫ;583601001;Пензенская обл;71.11.1;ACTIVE;Киселев Илья Александрович;ИСПОЛНЯЮЩИЙ ОБЯЗАННОСТИ НАЧАЛЬНИКА;1;один кандидат
Администрация муниципального образования Руднянский район Смоленской области;6713000741;АДМИНИСТРАЦИЯ ПОСЕЛКА ГОЛЫНКИ;671301001;Смоленская обл;;LIQUIDATED;;;5;несколько кандидатов, взят первый
Администрация Лучегорского городского поселения;2526009779;АДМИНИСТРАЦИЯ ЛУЧЕГОРСКОГО ГОРОДСКОГО ПОСЕЛЕНИЯ;252601001;Приморский край;84.11.32;LIQUIDATED;Новоселова Виктория Юрьевна;ЛИКВИДАТОР;1;один кандидат
МИНИСТЕРСТВО КОНКУРЕНТНОЙ ПОЛИТИКИ КАЛУЖСКОЙ ОБЛАСТИ;4027078890;МИНИСТЕРСТВО КОНКУРЕНТНОЙ ПОЛИТИКИ КАЛУЖСКОЙ ОБЛАСТИ;402701001;Калужская обл;84.11.22;ACTIVE;Владимиров Николай Викторович;МИНИСТР;1;один кандидат
АО   ТРАНСНЕФТЬ-СИБИРЬ;7201000726;"АО ""ТРАНСНЕФТЬ - СИБИРЬ""";720301001;Тюменская обл;49.50.11;ACTIVE;Исламов Рустэм Рильевич;ГЕНЕРАЛЬНЫЙ ДИРЕКТОР;3;"отсеяно спутников: 2; несколько кандидатов, взят первый"
КОМИТЕТ ПО ВОПРОСАМ ЗАКОННОСТИ, ПРАВОПОРЯДКА И БЕЗОПАСНОСТИ;7842005651;КОМИТЕТ ПО ВОПРОСАМ ЗАКОННОСТИ, ПРАВОПОРЯДКА И БЕЗОПАСНОСТИ;784201001;г Санкт-Петербург;84.11.21;ACTIVE;Голомбиевский Андрей Дмитриевич;ПРЕДСЕДАТЕЛЬ КОМИТЕТА;1;один кандидат
"АО ""Юго-Западная ТЭЦ""";7813323258;"АО ""ЮГО-ЗАПАДНАЯ ТЭЦ""";780501001;г Санкт-Петербург;35.11.1;ACTIVE;Чугин Анатолий Владимирович;ГЕНЕРАЛЬНЫЙ ДИРЕКТОР;1;один кандидат
"МУП ГЭТ ""УКТ"" Г.КАЛУГИ";4026000490;"МУП ГЭТ ""УКТ"" Г.КАЛУГИ";402801001;Калужская обл;49.31.22;ACTIVE;Витьков Вадим Владимирович;ДИРЕКТОР;1;один кандидат
УПРАВЛЕНИЕ ГОСУДАРСТВЕННЫХ ЗАКУПОК ТЮМЕНСКОЙ ОБЛАСТИ;7202203221;УПРАВЛЕНИЕ ГОСУДАРСТВЕННЫХ ЗАКУПОК ТЮМЕНСКОЙ ОБЛАСТИ;720301001;Тюменская обл;84.11.21;ACTIVE;Панков Сергей Николаевич;НАЧАЛЬНИК УПРАВЛЕНИЯ;1;один кандидат
Министерство экономического развития, промышленной политики и торговли Оренбургской области;;;;;;;;;;кандидатов нет
ГЛАВНОЕ УПРАВЛЕНИЕ МИНИСТЕРСТВА РОССИЙСКОЙ ФЕДЕРАЦИИ ПО ДЕЛАМ ГРАЖДАНСКОЙ ОБОРОНЫ, ЧРЕЗВЫЧАЙНЫМ СИТУАЦИЯМ И ЛИКВИДАЦИИ ПОСЛЕДСТВИЙ СТИХИЙНЫХ БЕДСТВИЙ ПО ВОЛГОГР;3444118546;ГЛАВНОЕ УПРАВЛЕНИЕ МЧС РОССИИ ПО ВОЛГОГРАДСКОЙ ОБЛАСТИ;344401001;Волгоградская обл;84.25.9;ACTIVE;Павленко Иван Юрьевич;НАЧАЛЬНИК ГЛАВНОГО УПРАВЛЕНИЯ МЧС РОССИИ ПО ВОЛГОГРАДСКОЙ ОБЛАСТИ;1;один кандидат
"АО ""ПСЗ ""ЯНТАРЬ""";3900000111;"АО ""ПСЗ ""ЯНТАРЬ""";390601001;Калининградская обл;30.11;ACTIVE;Самарин Илья Сергеевич;ГЕНЕРАЛЬНЫЙ ДИРЕКТОР;1;один кандидат
Министерство конкурентной политики и тарифов Калужской области;;;;;;;;;;кандидатов нет
"АО ""СЗФ""";6632001031;"АО ""СЗФ""";668001001;Свердловская обл;24.10.12;ACTIVE;"АКЦИОНЕРНОЕ ОБЩЕСТВО ""ЧЕЛЯБИНСКИЙ ЭЛЕКТРОМЕТАЛЛУРГИЧЕСКИЙ КОМБИНАТ""";;3;несколько кандидатов, взят первый
"АО""Далур""";4506004751;"АО ""ДАЛУР""";450601001;Курганская обл;07.21.11;ACTIVE;Ежуров Динис Олегович;ГЕНЕРАЛЬНЫЙ ДИРЕКТОР;1;один кандидат
КОМИТЕТ ГОСУДАРСТВЕННОГО ЗАКАЗА ТВЕРСКОЙ ОБЛАСТИ;6950233646;КОМИТЕТ ГОСУДАРСТВЕННОГО ЗАКАЗА ТВЕРСКОЙ ОБЛАСТИ;695001001;Тверская обл;84.11.21;ACTIVE;Корнилов Максим Алексеевич;ВРЕМЕННО ИСПОЛНЯЮЩИЙ ОБЯЗАННОСТИ ПРЕДСЕДАТЕЛЯ КОМИТЕТА ГОСУДАРСТВЕННОГО ЗАКАЗА ТВЕРСКОЙ ОБЛАСТИ;1;один кандидат
"СПБ ГКУ ""УПРАВЛЕНИЕ ЗАКАЗЧИКА""";7840014918;"СПБ ГКУ ""УПРАВЛЕНИЕ ЗАКАЗЧИКА""";781101001;г Санкт-Петербург;84.11.11;ACTIVE;Будолак Дмитрий Сергеевич;ДИРЕКТОР;1;один кандидат
"ФЕДЕРАЛЬНОЕ БЮДЖЕТНОЕ УЧРЕЖДЕНИЕ ""АДМИНИСТРАЦИЯ АЗОВО-ДОНСКОГО БАССЕЙНА ВНУТРЕННИХ ВОДНЫХ ПУТЕЙ""";6164059445;"ФБУ ""АЗОВО-ДОНСКАЯ БАССЕЙНОВАЯ АДМИНИСТРАЦИЯ""";616401001;Ростовская обл;52.22.29;ACTIVE;Лаврищев Андрей Евгеньевич;РУКОВОДИТЕЛЬ;1;один кандидат
"АО ""ЦС ""ЗВЕЗДОЧКА""";2902060361;"АО ""ЦС ""ЗВЕЗДОЧКА""";290201001;Архангельская обл;30.11;ACTIVE;Маричев Сергей Юрьевич;ГЕНЕРАЛЬНЫЙ ДИРЕКТОР;4;несколько кандидатов, взят первый
КОМИТЕТ ГОСУДАРСТВЕННОГО ЗАКАЗА ВОЛОГОДСКОЙ ОБЛАСТИ;;;;;;;;;;кандидатов нет
"ООО ""Современные технологии""";7710566869;"ООО ""ИНВЕСТСОВТЕХ""";773501001;г Москва;68.20.1;ACTIVE;Морозов Роман Александрович;ГЕНЕРАЛЬНЫЙ ДИРЕКТОР;5;несколько кандидатов, взят первый
"ФЕДЕРАЛЬНОЕ КАЗЕННОЕ УЧРЕЖДЕНИЕ ""УРАЛЬСКОЕ ОКРУЖНОЕ УПРАВЛЕНИЕ МАТЕРИАЛЬНО-ТЕХНИЧЕСКОГО СНАБЖЕНИЯ МИНИСТЕРСТВА ВНУТРЕННИХ ДЕЛ РОССИЙСКОЙ ФЕДЕРАЦИИ""";6661014645;"ФКУ ""УОУМТС МВД РОССИИ""";667101001;Свердловская обл;84.24;ACTIVE;Иванов Валерий Вячеславович;ВРЕМЕННО ИСПОЛНЯЮЩИЙ ОБЯЗАННОСТИ НАЧАЛЬНИКА;1;один кандидат
АО КБХА;3665046177;АО КБХА;366501001;Воронежская обл;30.30.13;ACTIVE;Печагин Александр Петрович;ДИРЕКТОР;1;один кандидат
"ГОСУДАРСТВЕННОЕ КАЗЕННОЕ УЧРЕЖДЕНИЕ ""ЦЕНТР ЗАКУПОК И БУХГАЛТЕРСКОГО УЧЕТА КУРГАНСКОЙ ОБЛАСТИ""";4501214152;"ГКУ ""ЦЗБУ КО""";450101001;Курганская обл;69.20.2;ACTIVE;Иконникова Марина Валерьевна;ДИРЕКТОР;1;один кандидат
"ВЫТЕГОРСКИЙ РАЙОН ГИДРОСООРУЖЕНИЙ И СУДОХОДСТВА - ФИЛИАЛ ФБУ ""АДМИНИСТРАЦИЯ ВОЛГО-БАЛТИЙСКОГО БАССЕЙНА ВНУТРЕННИХ ВОДНЫХ ПУТЕЙ""";7812024833;"ВЫТЕГОРСКИЙ РАЙОН ГИДРОСООРУЖЕНИЙ И СУДОХОДСТВА - ФИЛИАЛ ФБУ ""АДМИНИСТРАЦИЯ ВОЛГО-БАЛТИЙСКОГО БАССЕЙНА ВНУТРЕННИХ ВОДНЫХ ПУТЕЙ""";350802001;Вологодская обл;;ACTIVE;;;1;один кандидат
"ФГБНУ ""НЦЗ ИМ. П.П. ЛУКЬЯНЕНКО""";2311014916;"ФГБНУ ""НЦЗ ИМ. П.П. ЛУКЬЯНЕНКО""";231101001;Краснодарский край;72.19;ACTIVE;Кривошлыков Константин Михайлович;ВРЕМЕННО ИСПОЛНЯЮЩИЙ ОБЯЗАННОСТИ ДИРЕКТОРА;1;"отсеяно спутников: 1; один кандидат"
"ООО ""СМУ № 1""";5260234539;"ООО ""СМУ № 1""";771501001;г Москва;42.22.3;ACTIVE;Жабин Сергей Васильевич;ГЕНЕРАЛЬНЫЙ ДИРЕКТОР;5;несколько кандидатов, взят первый
"АО ""ВНИИНМ""";7734598490;"АО ""ВНИИНМ""";773401001;г Москва;72.19.11;ACTIVE;Карпюк Леонид Александрович;ГЕНЕРАЛЬНЫЙ ДИРЕКТОР;1;один кандидат
"ФИЛИАЛ АО ""КОНЦЕРН РОСЭНЕРГОАТОМ"" ""КОЛЬСКАЯ АТОМНАЯ СТАНЦИЯ""";7721632827;"ФИЛИАЛ АО ""КОНЦЕРН РОСЭНЕРГОАТОМ"" ""КОЛЬСКАЯ АТОМНАЯ СТАНЦИЯ""";511743001;Мурманская обл;;ACTIVE;;;1;один кандидат
"АО""СМАЗ""";6729001476;"АО ""СМАЗ""";672901001;Смоленская обл;25.40;ACTIVE;Дацко Сергей Александрович;ГЕНЕРАЛЬНЫЙ ДИРЕКТОР;2;несколько кандидатов, взят первый
департамент государственного заказа Ямало-Ненецкого автономного округа;8901017607;ДЕПАРТАМЕНТ ГОСЗАКАЗА ЯНАО;890101001;Ямало-Ненецкий АО;84.11.21;ACTIVE;Жирнель Евгений Викторович;ДИРЕКТОР;1;один кандидат
"ГУП ""БАШАВТОТРАНС"" РБ";0260012329;"ППО ДАТП - ФИЛИАЛА ГУП ""БАШАВТОТРАНС"" РБ";026001001;Респ Башкортостан;94.20;ACTIVE;Хазеева Гульнара Ринатовна;ПРЕДСЕДАТЕЛЬ ПЕРВИЧНОЙ ПРОФСОЮЗНОЙ ОРГАНИЗАЦИИ;5;несколько кандидатов, взят первый
"ФЕДЕРАЛЬНОЕ КАЗЕННОЕ ПРЕДПРИЯТИЕ ""ЗАВОД ИМЕНИ Я.М.СВЕРДЛОВА""";5249002485;"ФКП ""ЗАВОД ИМЕНИ Я.М.СВЕРДЛОВА""";524901001;Нижегородская обл;20.51;ACTIVE;Гиниятов Наиль Халилович;ГЕНЕРАЛЬНЫЙ ДИРЕКТОР;1;один кандидат
"АО ""САХАТРАНСНЕФТЕГАЗ""";1435142972;"АО ""САХАТРАНСНЕФТЕГАЗ""";143501001;Респ Саха (Якутия);35.22;ACTIVE;Колодезников Алексей Засимович;ГЕНЕРАЛЬНЫЙ ДИРЕКТОР;1;один кандидат
"ГОСУДАРСТВЕННОЕ БЮДЖЕТНОЕ УЧРЕЖДЕНИЕ ЗДРАВООХРАНЕНИЯ ПЕРМСКОГО КРАЯ ""КРАЕВАЯ ДЕТСКАЯ КЛИНИЧЕСКАЯ БОЛЬНИЦА""";5905061070;"ГБУЗ ПК ""КДКБ""";590501001;Пермский край;86.10;ACTIVE;Антонов Дмитрий Валерьевич;ГЛАВНЫЙ ВРАЧ;3;несколько кандидатов, взят первый
ГОСУДАРСТВЕННЫЙ КОМИТЕТ ПО РЕГУЛИРОВАНИЮ КОНТРАКТНОЙ СИСТЕМЫ В СФЕРЕ ЗАКУПОК РЕСПУБЛИКИ ХАКАСИЯ;1901089567;ГОСКОМЗАКУП ХАКАСИИ;190101001;Респ Хакасия;84.11.21;ACTIVE;Петров Владимир Дмитриевич;ПРЕДСЕДАТЕЛЬ;1;один кандидат
"ФГУП ""ГОСКОРПОРАЦИЯ ПО ОРВД""";7734135124;"ФГУП ""ГОСКОРПОРАЦИЯ ПО ОРВД""";771401001;г Москва;52.23.12;ACTIVE;Булин Андрей Александрович;ГЕНЕРАЛЬНЫЙ ДИРЕКТОР;4;несколько кандидатов, взят первый
"АО ""АЭХК""";3801098402;"АО ""АЭХК""";380101001;Иркутская обл;24.46;ACTIVE;Глушенков Вячеслав Валерьевич;ГЕНЕРАЛЬНЫЙ ДИРЕКТОР;2;несколько кандидатов, взят первый
"ФГУП ""ЦНИИХМ""";7724073013;"ФГУП ""ЦНИИХМ""";772401001;г Москва;72.19.9;ACTIVE;Бобков Сергей Алексеевич;ГЕНЕРАЛЬНЫЙ ДИРЕКТОР;4;несколько кандидатов, взят первый
"ГОСУДАРСТВЕННОЕ КАЗЕННОЕ УЧРЕЖДЕНИЕ СВЕРДЛОВСКОЙ ОБЛАСТИ ""УПРАВЛЕНИЕ ЗДАНИЯМИ ПРАВИТЕЛЬСТВА СВЕРДЛОВСКОЙ ОБЛАСТИ""";6658001558;"ГКУСО ""УЗПСО""";665801001;Свердловская обл;68.32.2;ACTIVE;Шимолин Сергей Николаевич;ДИРЕКТОР;1;один кандидат
"ФЕДЕРАЛЬНОЕ ГОСУДАРСТВЕННОЕ БЮДЖЕТНОЕ УЧРЕЖДЕНИЕ ""ГИДРОСПЕЦГЕОЛОГИЯ""";7734374725;"ФГБУ ""ГИДРОСПЕЦГЕОЛОГИЯ""";773401001;г Москва;71.12.3;ACTIVE;Анненков Анатолий Алексеевич;ГЕНЕРАЛЬНЫЙ ДИРЕКТОР;1;один кандидат
"ГОСУДАРСТВЕННОЕ КАЗЕННОЕ УЧРЕЖДЕНИЕ ПЕРМСКОГО КРАЯ ""ЦЕНТР ОРГАНИЗАЦИИ ЗАКУПОК""";5902046771;"ГКУ ПК ""ЦОЗ""";590201001;Пермский край;82.99;ACTIVE;Ануфриева Вера Александровна;ДИРЕКТОР;1;один кандидат
"ОАО ""СМЗ""";5919470019;"ОАО ""СМЗ""";591901001;Пермский край;20.13;ACTIVE;Димухамедов Руслан Рафкатович;ГЕНЕРАЛЬНЫЙ ДИРЕКТОР;4;"отсеяно спутников: 1; несколько кандидатов, взят первый"
ГЛАВНОЕ УПРАВЛЕНИЕ МИНИСТЕРСТВА РОССИЙСКОЙ ФЕДЕРАЦИИ ПО ДЕЛАМ ГРАЖДАНСКОЙ ОБОРОНЫ, ЧРЕЗВЫЧАЙНЫМ СИТУАЦИЯМ И ЛИКВИДАЦИИ ПОСЛЕДСТВИЙ СТИХИЙНЫХ БЕДСТВИЙ ПО ВОРОНЕЖ;3664061454;ГЛАВНОЕ УПРАВЛЕНИЕ МЧС РОССИИ ПО ВОРОНЕЖСКОЙ ОБЛАСТИ;366401001;Воронежская обл;84.25.1;ACTIVE;Кошель Александр Николаевич;НАЧАЛЬНИК ГЛАВНОГО УПРАВЛЕНИЯ;1;один кандидат
"ЧЕБОКСАРСКИЙ РАЙОН ГИДРОТЕХНИЧЕСКИХ СООРУЖЕНИЙ И СУДОХОДСТВА - ФИЛИАЛ ФЕДЕРАЛЬНОГО БЮДЖЕТНОГО УЧРЕЖДЕНИЯ ""АДМИНИСТРАЦИЯ ВОЛЖСКОГО БАССЕЙНА ВНУТРЕННИХ ВОДНЫХ ПУТ";5260901870;"ЧЕБОКСАРСКИЙ РАЙОН ГИДРОТЕХНИЧЕСКИХ СООРУЖЕНИЙ И СУДОХОДСТВА - ФИЛИАЛ ФЕДЕРАЛЬНОГО БЮДЖЕТНОГО УЧРЕЖДЕНИЯ ""АДМИНИСТРАЦИЯ ВОЛЖСКОГО БАССЕЙНА ВНУТРЕННИХ ВОДНЫХ ПУТЕЙ""";212402001;Чувашская Республика - Чувашия;;ACTIVE;;;1;один кандидат
"ФЕДЕРАЛЬНОЕ ГОСУДАРСТВЕННОЕ БЮДЖЕТНОЕ УЧРЕЖДЕНИЕ ЗДРАВООХРАНЕНИЯ ""СЕВЕРНЫЙ МЕДИЦИНСКИЙ КЛИНИЧЕСКИЙ ЦЕНТР ИМЕНИ Н.А. СЕМАШКО ФЕДЕРАЛЬНОГО МЕДИКО-БИОЛОГИЧЕСКОГО А";2901108405;ФГБУЗ СМКЦ ИМ. Н.А. СЕМАШКО ФМБА РОССИИ;290101001;Архангельская обл;86.10;ACTIVE;Казакевич Елена Владимировна;ГЛАВНЫЙ ВРАЧ;1;один кандидат
ИП КРИВОВ АЛЕКСАНДР ИВАНОВИЧ;771812523962;ИП Кривов Александр Иванович;;г Москва;74.20;ACTIVE;;;2;несколько кандидатов, взят первый
"ОТКРЫТОЕ АКЦИОНЕРНОЕ ОБЩЕСТВО ""ЕКАТЕРИНБУРГГАЗ""";;;;;;;;;;кандидатов нет
"МУНИЦИПАЛЬНОЕ КАЗЕННОЕ УЧРЕЖДЕНИЕ ""УПРАВЛЕНИЕ МУНИЦИПАЛЬНОГО ЗАКАЗА ГОРОДА ЛИПЕЦКА""";4826148199;"МКУ ""УПРАВЛЕНИЕ МУНИЦИПАЛЬНОГО ЗАКАЗА ГОРОДА ЛИПЕЦКА""";482601001;Липецкая обл;84.11.35;ACTIVE;Черноусова Елена Анатольевна;НАЧАЛЬНИК;2;несколько кандидатов, взят первый
МИНИСТЕРСТВО КОНКУРЕНТНОЙ ПОЛИТИКИ ЯРОСЛАВСКОЙ ОБЛАСТИ;7604084334;МКП ЯО;760401001;Ярославская обл;84.11.21;ACTIVE;Старостина Марина Андреевна;МИНИСТР КОНКУРЕНТНОЙ ПОЛИТИКИ ЯРОСЛАВСКОЙ ОБЛАСТИ;1;один кандидат
"ООО ""ЛОВОЗЕРСКИЙ ГОК""";5106800454;"ООО ""ЛОВОЗЕРСКИЙ ГОК""";510601001;Мурманская обл;07.29.42;ACTIVE;Федяков Владимир Юрьевич;ГЕНЕРАЛЬНЫЙ ДИРЕКТОР;2;несколько кандидатов, взят первый
"ООО ""ЭНКИ""";1655384303;"ООО ""ЭНКИ""";165501001;Респ Татарстан;41.20;ACTIVE;Салимуллин Ленар Фаязович;ВРЕМЕННО ИСПОЛНЯЮЩИЙ ОБЯЗАННОСТИ ГЕНЕРАЛЬНОГО ДИРЕКТОРА;5;несколько кандидатов, взят первый
"АО ""АТОМЭНЕРГОРЕМОНТ""";5029112443;"АО ""АТОМЭНЕРГОРЕМОНТ""";772501001;г Москва;35.11.3;ACTIVE;Петров Сергей Владимирович;ВРЕМЕННЫЙ ЕДИНОЛИЧНЫЙ ИСПОЛНИТЕЛЬНЫЙ ОРГАН;5;несколько кандидатов, взят первый
"ФЕДЕРАЛЬНОЕ ГОСУДАРСТВЕННОЕ БЮДЖЕТНОЕ УЧРЕЖДЕНИЕ ""АВТОБАЗА № 2"" УПРАВЛЕНИЯ ДЕЛАМИ ПРЕЗИДЕНТА РОССИЙСКОЙ ФЕДЕРАЦИИ";7714047776;"ФГБУ ""АВТОБАЗА № 2""";771401001;г Москва;49.39.39;ACTIVE;Ковылин Владимир Михайлович;ГЕНЕРАЛЬНЫЙ ДИРЕКТОР;1;один кандидат
"АО ""ЦКБМ""";7806394392;"АО ""ЦКБМ""";783901001;г Санкт-Петербург;28.12.1;ACTIVE;Гордиенков Юрий Степанович;ГЕНЕРАЛЬНЫЙ ДИРЕКТОР;2;несколько кандидатов, взят первый
"ФЕДЕРАЛЬНОЕ ГОСУДАРСТВЕННОЕ БЮДЖЕТНОЕ УЧРЕЖДЕНИЕ ""НАЦИОНАЛЬНЫЙ МЕДИЦИНСКИЙ ИССЛЕДОВАТЕЛЬСКИЙ ЦЕНТР ОНКОЛОГИИ ИМЕНИ Н.Н. БЛОХИНА"" МИНИСТЕРСТВА ЗДРАВООХРАНЕНИЯ РО";7724075162;"ФГБУ ""НМИЦ ОНКОЛОГИИ ИМ. Н.Н. БЛОХИНА"" МИНЗДРАВА РОССИИ";772401001;г Москва;86.10;ACTIVE;Стилиди Иван Сократович;ДИРЕКТОР;1;один кандидат
"Филиал АО ""Концерн Росэнергоатом"" ""Смоленская атомная станция""";7721632827;"ФИЛИАЛ АО ""КОНЦЕРН РОСЭНЕРГОАТОМ"" ""СМОЛЕНСКАЯ АТОМНАЯ СТАНЦИЯ""";672443001;Смоленская обл;;ACTIVE;;;1;один кандидат
"ГОСУДАРСТВЕННОЕ БЮДЖЕТНОЕ УЧРЕЖДЕНИЕ КРАСНОДАРСКОГО КРАЯ ""ДИРЕКЦИЯ ПО ЭКСПЛУАТАЦИИ СПОРТИВНЫХ СООРУЖЕНИЙ""";2310127258;"ГБУ КК ""ДЭСС""";231001001;Краснодарский край;93.11;ACTIVE;Турбин Андрей Юрьевич;РУКОВОДИТЕЛЬ;1;один кандидат
"МУП ""ВОДОКАНАЛ Г.ГЛАЗОВА""";1829004129;"МУП ""ВОДОКАНАЛ Г.ГЛАЗОВА""";183701001;Удмуртская Респ;43.22;LIQUIDATED;Надсон Александр Валерьевич;ВРЕМЕННО ИСПОЛНЯЮЩИЙ ОБЯЗАННОСТИ ДИРЕКТОРА;1;"отсеяно спутников: 1; один кандидат"
Сибирский региональный центр по делам гражданской обороны, чрезвычайным ситуациям и ликвидации последствий стихийных бедствий;2466124397;СИБИРСКИЙ РЕГИОНАЛЬНЫЙ ЦЕНТР МЧС РОССИИ;246301001;Красноярский край;84.25.9;LIQUIDATED;Орлов Виктор Викторович;Руководитель ликвидационной комиссии;2;несколько кандидатов, взят первый
"федеральное государственное бюджетное учреждение ""Федеральный центр травматологии, ортопедии и эндопротезирования"" Министерства здравоохранения Российской Федер";2225130700;"ФГБУ ""ФЦТОЭ"" МИНЗДРАВА РОССИИ (Г. БАРНАУЛ)";222501001;Алтайский край;86.10;ACTIVE;Пелеганчук Владимир Алексеевич;ГЛАВНЫЙ ВРАЧ;3;несколько кандидатов, взят первый
ТУ Росимущества в Амурской области;2801150690;ТУ РОСИМУЩЕСТВА В АМУРСКОЙ ОБЛАСТИ;280101001;Амурская обл;84.11.13;ACTIVE;Суворова Светлана Александровна;РУКОВОДИТЕЛЬ;1;один кандидат
"ООО ""УК ""ЭВОЛЮЦИЯ""";7736259816;"ООО ""УК ""ЭВОЛЮЦИЯ""";770301001;г Москва;68.32.2;ACTIVE;Починок Олег Михайлович;ГЕНЕРАЛЬНЫЙ ДИРЕКТОР;5;несколько кандидатов, взят первый
"МУП ""ЖИЛКОМУСЛУГИ""";1101149464;"МУП ""ЖИЛКОМУСЛУГИ""";110101001;Респ Коми;35.30.14;ACTIVE;Стоцкий Виктор Иванович;ДИРЕКТОР;3;несколько кандидатов, взят первый
АДМИНИСТРАЦИЯ ТАЗОВСКОГО РАЙОНА;8910003576;АДМИНИСТРАЦИЯ ТАЗОВСКОГО РАЙОНА;891001001;Ямало-Ненецкий АО;84.11.34;ACTIVE;Югай Виктор Климентьевич;ГЛАВА ТАЗОВСКОГО РАЙОНА;5;несколько кандидатов, взят первый
"ФЕДЕРАЛЬНОЕ КАЗЕННОЕ УЧРЕЖДЕНИЕ ""ИСПРАВИТЕЛЬНАЯ КОЛОНИЯ № 33 ГЛАВНОГО УПРАВЛЕНИЯ ФЕДЕРАЛЬНОЙ СЛУЖБЫ ИСПОЛНЕНИЯ НАКАЗАНИЙ ПО ПРИМОРСКОМУ КРАЮ""";2510001220;ФКУ ИК-33 ГУФСИН РОССИИ ПО ПРИМОРСКОМУ КРАЮ;251001001;Приморский край;84.23.4;ACTIVE;Янишпольский Илья Анатольевич;НАЧАЛЬНИК УЧРЕЖДЕНИЯ;1;один кандидат
"АО  ""ПРОМЫШЛЕННЫЕ ИННОВАЦИИ""";7725524660;"АО ""ПРОМИНН""";772401001;г Москва;63.11.9;ACTIVE;Лыков Андрей Николаевич;ГЕНЕРАЛЬНЫЙ ДИРЕКТОР;3;несколько кандидатов, взят первый
"ФИЛИАЛ АО ""КОНЦЕРН РОСЭНЕРГОАТОМ"" ""ЛЕНИНГРАДСКАЯ АТОМНАЯ СТАНЦИЯ""";7721632827;"ФИЛИАЛ АО ""КОНЦЕРН РОСЭНЕРГОАТОМ"" ""ЛЕНИНГРАДСКАЯ АТОМНАЯ СТАНЦИЯ""";472643001;Ленинградская обл;;ACTIVE;;;1;один кандидат
"АО ""ТВЭЛ-СТРОЙ""";7726523814;"АО ""ТВЭЛ-СТРОЙ""";772401001;г Москва;41.20.9;ACTIVE;Манакин Сергей Валерьевич;ГЕНЕРАЛЬНЫЙ ДИРЕКТОР;1;один кандидат
КОНТРАКТНОЕ АГЕНТСТВО АРХАНГЕЛЬСКОЙ ОБЛАСТИ;2901186555;КОНТРАКТНОЕ АГЕНТСТВО АО;290101001;Архангельская обл;84.11.21;ACTIVE;Касаткин Евгений Андреевич;РУКОВОДИТЕЛЬ;1;один кандидат
Лубочкин Артем Александрович;352522951749;ИП Лубочкин Артем Александрович;;Вологодская обл;70.22;ACTIVE;;;5;несколько кандидатов, взят первый
"САНКТ-ПЕТЕРБУРГСКОЕ ГОСУДАРСТВЕННОЕ БЮДЖЕТНОЕ УЧРЕЖДЕНИЕ ЗДРАВООХРАНЕНИЯ  ""СТОМАТОЛОГИЧЕСКАЯ ПОЛИКЛИНИКА  № 15""";7816055582;"СПБ ГБУЗ ""СП № 15""";781601001;г Санкт-Петербург;86.23;ACTIVE;Ильин Филипп Юрьевич;ГЛАВНЫЙ ВРАЧ;1;один кандидат
"ГОСУДАРСТВЕННОЕ БЮДЖЕТНОЕ УЧРЕЖДЕНИЕ ЗДРАВООХРАНЕНИЯ СВЕРДЛОВСКОЙ ОБЛАСТИ ""СВЕРДЛОВСКАЯ ОБЛАСТНАЯ КЛИНИЧЕСКАЯ ПСИХИАТРИЧЕСКАЯ БОЛЬНИЦА""";;;;;;;;;;кандидатов нет
Татаринов  Сергей Владимирович;343510857546;ИП Татаринов Сергей Владимирович;;Волгоградская обл;56.10;ACTIVE;;;5;несколько кандидатов, взят первый
ОАО '308 АРЗ';;;;;;;;;;кандидатов нет
"ФСГЦР ФИЛИАЛ ФГБУ ""ГЛАВРЫБВОД""";;;;;;;;;;кандидатов нет
ООО РПК-Высоцк ЛУКОЙЛ-II;4704101901;"ООО ""РПК-ВЫСОЦК ""ЛУКОЙЛ-II""";470401001;Ленинградская обл;52.24.2;ACTIVE;"ОБЩЕСТВО С ОГРАНИЧЕННОЙ ОТВЕТСТВЕННОСТЬЮ ""ЛУКОЙЛ-ТРАНС""";;3;несколько кандидатов, взят первый
АО 'Екатеринбурггаз';6608005130;"АО ""ЕКАТЕРИНБУРГГАЗ""";668501001;Свердловская обл;35.22;ACTIVE;Артюх Артем Евгеньевич;ГЕНЕРАЛЬНЫЙ ДИРЕКТОР;2;несколько кандидатов, взят первый
АДМИНИСТРАЦИЯ ГОРОДА НИЖНИЙ ТАГИЛ;6667003784;АДМИНИСТРАЦИЯ ДЗЕРЖИНСКОГО РАЙОНА;662301001;Свердловская обл;84.11.35;ACTIVE;Ревенко Александр Юрьевич;ГЛАВА АДМИНИСТРАЦИИ ДЗЕРЖИНСКОГО РАЙОНА;5;несколько кандидатов, взят первый
Южное ГУ Банка России;;;;;;;;;;кандидатов нет
"ФЕДЕРАЛЬНОЕ  ГОСУДАРСТВЕННОЕ  БЮДЖЕТНОЕ  ОБРАЗОВАТЕЛЬНОЕ  УЧРЕЖДЕНИЕ  ""ВСЕРОССИЙСКИЙ ДЕТСКИЙ ЦЕНТР  ""СМЕНА""";2301000880;"ФГБОУ ""ВДЦ ""СМЕНА""; ВСЕРОССИЙСКИЙ ДЕТСКИЙ ЦЕНТР ""СМЕНА""; ВДЦ ""СМЕНА""";230101001;Краснодарский край;85.41.9;ACTIVE;Журавлев Игорь Валерьевич;ДИРЕКТОР;1;один кандидат
"ФЕДЕРАЛЬНОЕ КАЗЕННОЕ УЧРЕЖДЕНИЕ ""ИСПРАВИТЕЛЬНАЯ КОЛОНИЯ № 9 УПРАВЛЕНИЯ ФЕДЕРАЛЬНОЙ СЛУЖБЫ ИСПОЛНЕНИЯ НАКАЗАНИЙ ПО РЕСПУБЛИКЕ КАРЕЛИЯ""";1001041033;ФКУ ИК-9 УФСИН РОССИИ ПО РЕСПУБЛИКЕ КАРЕЛИЯ;100101001;Респ Карелия;84.23.4;ACTIVE;Головач Алексей Владимирович;НАЧАЛЬНИК УЧРЕЖДЕНИЯ;1;один кандидат
"ФИНАНСОВОЕ УПРАВЛЕНИЕ АДМИНИСТРАЦИИ МУНИЦИПАЛЬНОГО ОБРАЗОВАНИЯ ГОРОДСКОГО ОКРУГА ""ИНТА""";;;;;;;;;;кандидатов нет
"ФГУП ""НЦ ""Сигнал""";7718813855;"ФГУП ""НЦ ""СИГНАЛ""";771801001;г Москва;72.19.9;ACTIVE;Жиров Артур Александрович;Директор;1;один кандидат
"СЕВЕРО-ЗАПАДНЫЙ ФИЛИАЛ ФЕДЕРАЛЬНОГО ГОСУДАРСТВЕННОГО БЮДЖЕТНОГО УЧРЕЖДЕНИЯ ""ГЛАВНОЕ БАССЕЙНОВОЕ УПРАВЛЕНИЕ ПО РЫБОЛОВСТВУ И СОХРАНЕНИЮ ВОДНЫХ БИОЛОГИЧЕСКИХ РЕСУ";7708044880;"СЕВЕРО-ЗАПАДНЫЙ ФИЛИАЛ ФЕДЕРАЛЬНОГО ГОСУДАРСТВЕННОГО БЮДЖЕТНОГО УЧРЕЖДЕНИЯ ""ГЛАВНОЕ БАССЕЙНОВОЕ УПРАВЛЕНИЕ ПО РЫБОЛОВСТВУ И СОХРАНЕНИЮ ВОДНЫХ БИОЛОГИЧЕСКИХ РЕСУРСОВ""";784143001;г Санкт-Петербург;;ACTIVE;;;1;один кандидат
"АО ""ГОСНИИМАШ""";5249093130;"АО ""ГОСНИИМАШ""";524901001;Нижегородская обл;25.40;ACTIVE;Кузнецов Игорь Александрович;ГЕНЕРАЛЬНЫЙ ДИРЕКТОР;3;несколько кандидатов, взят первый
"ТОБОЛЬСКИЙ РАЙОН ВОДНЫХ ПУТЕЙ И СУДОХОДСТВА-ФИЛИАЛ ФЕДЕРАЛЬНОГО БЮДЖЕТНОГО УЧРЕЖДЕНИЯ ""АДМИНИСТРАЦИЯ ОБЬ-ИРТЫШСКОГО БАССЕЙНА ВНУТРЕННИХ ВОДНЫХ ПУТЕЙ""";5504002648;"ТОБОЛЬСКИЙ РАЙОН ВОДНЫХ ПУТЕЙ И СУДОХОДСТВА-ФИЛИАЛ ФЕДЕРАЛЬНОГО БЮДЖЕТНОГО УЧРЕЖДЕНИЯ ""АДМИНИСТРАЦИЯ ОБЬ-ИРТЫШСКОГО БАССЕЙНА ВНУТРЕННИХ ВОДНЫХ ПУТЕЙ""";720602001;Тюменская обл;;ACTIVE;;;1;один кандидат
"ООО ""НИИ Транснефть""";7736607502;"ООО ""НИИ ТРАНСНЕФТЬ""";772701001;г Москва;71.20.9;ACTIVE;Наумов Андрей Олегович;ГЕНЕРАЛЬНЫЙ ДИРЕКТОР;1;один кандидат
"ГОСУДАРСТВЕННОЕ КАЗЕННОЕ УЧРЕЖДЕНИЕ ""ПРОТИВОПОЖАРНАЯ И АВАРИЙНО-СПАСАТЕЛЬНАЯ СЛУЖБА СТАВРОПОЛЬСКОГО КРАЯ""";2636046075;"ГКУ ""ПРОТИВОПОЖАРНАЯ И АВАРИЙНО-СПАСАТЕЛЬНАЯ СЛУЖБА СК""";263501001;Ставропольский край;84.25.1;ACTIVE;Воронин Владимир Сергеевич;НАЧАЛЬНИК УЧРЕЖДЕНИЯ;1;один кандидат
"МКП МО Г. НЯГАНЬ ""НРК""";;;;;;;;;;кандидатов нет
"САНКТ-ПЕТЕРБУРГСКОЕ ГОСУДАРСТВЕННОЕ БЮДЖЕТНОЕ УЧРЕЖДЕНИЕ ЗДРАВООХРАНЕНИЯ ""КЛИНИЧЕСКАЯ ИНФЕКЦИОННАЯ БОЛЬНИЦА ИМ. С.П. БОТКИНА""";7825661685;"СПБ ГБУЗ ""БОЛЬНИЦА БОТКИНА""";784201001;г Санкт-Петербург;86.10;ACTIVE;Гусев Денис Александрович;ГЛАВНЫЙ ВРАЧ;1;один кандидат
"АО ""ЯМАЛКОММУНЭНЕРГО""";8901025421;"АО ""ЯМАЛКОММУНЭНЕРГО""";890101001;Ямало-Ненецкий АО;35.30.11;ACTIVE;Долгов Сергей Николаевич;ГЕНЕРАЛЬНЫЙ ДИРЕКТОР;3;несколько кандидатов, взят первый
"ГОСУДАРСТВЕННОЕ УЧРЕЖДЕНИЕ  ЗДРАВООХРАНЕНИЯ ""САРАТОВСКАЯ СТОМАТОЛОГИЧЕСКАЯ ПОЛИКЛИНИКА № 5""";6454034001;"ГУЗ ""ССП № 5""";645401001;Саратовская обл;86.23;LIQUIDATED;Швырева Ольга Владимировна;ГЛАВНЫЙ ВРАЧ;1;один кандидат
МОСКОВСКИЙ ГОСУДАРСТВЕННЫЙ УНИВЕРСИТЕТ ИМЕНИ М.В.ЛОМОНОСОВА, МГУ ИМЕНИ М.В.ЛОМОНОСОВА, МОСКОВСКИЙ УНИВЕРСИТЕТ ИЛИ МГУ;7729082090;МОСКОВСКИЙ ГОСУДАРСТВЕННЫЙ УНИВЕРСИТЕТ ИМЕНИ М.В.ЛОМОНОСОВА, МГУ ИМЕНИ М.В.ЛОМОНОСОВА, МОСКОВСКИЙ УНИВЕРСИТЕТ ИЛИ МГУ;772901001;г Москва;85.22.2;ACTIVE;Садовничий Виктор Антонович;РЕКТОР;1;один кандидат
Федеральное государственное бюджетное учреждение науки Институт прикладной физики Российской академии наук;;;;;;;;;;кандидатов нет
Кислицын Андрей  Петрович;434544952355;ИП Кислицын Андрей Петрович;;Кировская обл;68.10.2;ACTIVE;;;5;несколько кандидатов, взят первый
"ФГУП ""ПСЗ""; ФГУП ""ПРИБОРОСТРОИТЕЛЬНЫЙ ЗАВОД""";7405000428;"ФГУП ""ПСЗ""; ФГУП ""ПРИБОРОСТРОИТЕЛЬНЫЙ ЗАВОД""";745701001;Челябинская обл;25.40;ACTIVE;Белобров Владислав Владимирович;ГЕНЕРАЛЬНЫЙ ДИРЕКТОР;1;один кандидат
"ФЕДЕРАЛЬНОЕ КАЗЕННОЕ УЧРЕЖДЕНИЕ ЗДРАВООХРАНЕНИЯ ""САНАТОРИЙ ""ЛЕСНОЕ ОЗЕРО"" МИНИСТЕРСТВА ВНУТРЕННИХ ДЕЛ РОССИЙСКОЙ ФЕДЕРАЦИИ""";7413003260;"ФКУЗ ""САНАТОРИЙ ""ЛЕСНОЕ ОЗЕРО"" МВД РОССИИ""";741301001;Челябинская обл;86.90.4;ACTIVE;Босых Игорь Васильевич;НАЧАЛЬНИК;1;один кандидат
"ФКП""ГОРНЫЙ""";6418001160;"ФКП ""ГОРНЫЙ""";641801001;Саратовская обл;38.11;ACTIVE;Овсянников Алексей Викторович;ДИРЕКТОР;2;несколько кандидатов, взят первый
"ФЕДЕРАЛЬНОЕ БЮДЖЕТНОЕ УЧРЕЖДЕНИЕ ""АДМИНИСТРАЦИЯ ПЕЧОРСКОГО БАССЕЙНА ВНУТРЕННИХ ВОДНЫХ ПУТЕЙ""";2904006994;"ФБУ ""АДМИНИСТРАЦИЯ ДВИНСКО-ПЕЧОРСКОГО БАССЕЙНА""";290401001;Архангельская обл;52.22.29;ACTIVE;Шмыков Владимир Геннадьевич;РУКОВОДИТЕЛЬ;2;несколько кандидатов, взят первый
"ГОСУДАРСТВЕННОЕ УЧРЕЖДЕНИЕ ЗДРАВООХРАНЕНИЯ САРАТОВСКОЙ ОБЛАСТИ ""НОВОУЗЕНСКАЯ РАЙОННАЯ БОЛЬНИЦА""";6422021049;"ГУЗ СО ""НОВОУЗЕНСКАЯ РБ""";642201001;Саратовская обл;86.10;ACTIVE;Акатова Елена Анатольевна;ГЛАВНЫЙ ВРАЧ;1;один кандидат
"ФЕДЕРАЛЬНОЕ БЮДЖЕТНОЕ УЧРЕЖДЕНИЕ НАУКИ ""ГОСУДАРСТВЕННЫЙ НАУЧНЫЙ ЦЕНТР ПРИКЛАДНОЙ МИКРОБИОЛОГИИ И БИОТЕХНОЛОГИИ"" ФЕДЕРАЛЬНОЙ СЛУЖБЫ ПО НАДЗОРУ В СФЕРЕ ЗАЩИТЫ ПРА";5077018190;ФБУН ГНЦ ПМБ;507701001;Московская обл;72.19.9;ACTIVE;Дятлов Иван Алексеевич;ДИРЕКТОР;1;один кандидат
"ГБУ РО ""ОДКБ ИМ. Н.В. ДМИТРИЕВОЙ""";6229019718;"ГБУ РО ""ОДКБ ИМ. Н.В. ДМИТРИЕВОЙ""";622901001;Рязанская обл;86.10;ACTIVE;Лебедева Инна Николаевна;ГЛАВНЫЙ ВРАЧ;1;один кандидат
"ОБЛАСТНОЕ КАЗЕННОЕ УЧРЕЖДЕНИЕ ""ЦЕНТР ЗАКУПОК КУРСКОЙ ОБЛАСТИ""";4629026949;"ОКУ ""ЦЕНТР ЗАКУПОК КУРСКОЙ ОБЛАСТИ""";463201001;Курская обл;63.11.9;ACTIVE;Кулагин Кирилл Олегович;ДИРЕКТОР;1;один кандидат
"ГБУ РО ""ОКБ ИМ. Н.А. СЕМАШКО""";6230008037;"ГБУ РО ""ОКБ ИМ. Н.А. СЕМАШКО""";623001001;Рязанская обл;86.10;ACTIVE;Сорокина Людмила Юрьевна;ГЛАВНЫЙ ВРАЧ;2;несколько кандидатов, взят первый
"ФЕДЕРАЛЬНОЕ КАЗЕННОЕ УЧРЕЖДЕНИЕ ""ИСПРАВИТЕЛЬНАЯ КОЛОНИЯ № 2 ГЛАВНОГО УПРАВЛЕНИЯ ФЕДЕРАЛЬНОЙ СЛУЖБЫ ИСПОЛНЕНИЯ НАКАЗАНИЙ ПО НИЖЕГОРОДСКОЙ ОБЛАСТИ""";5256028244;ФКУ ИК-2 ГУФСИН РОССИИ ПО НИЖЕГОРОДСКОЙ ОБЛАСТИ;525601001;Нижегородская обл;13.92;ACTIVE;Суслов Николай Александрович;НАЧАЛЬНИК;4;несколько кандидатов, взят первый
"ФЕДЕРАЛЬНОЕ КАЗЕННОЕ УЧРЕЖДЕНИЕ ""ИСПРАВИТЕЛЬНАЯ КОЛОНИЯ № 1 УПРАВЛЕНИЯ ФЕДЕРАЛЬНОЙ СЛУЖБЫ ИСПОЛНЕНИЯ НАКАЗАНИЙ ПО РЕСПУБЛИКЕ КАРЕЛИЯ""";1006004229;ФКУ ИК-1 УФСИН РОССИИ ПО РЕСПУБЛИКЕ КАРЕЛИЯ;100601001;Респ Карелия;84.23.4;ACTIVE;Федотов Алексей Владимирович;НАЧАЛЬНИК УЧРЕЖДЕНИЯ;1;один кандидат
АО «УЭХК»;6629022962;"АО ""УЭХК""";668201001;Свердловская обл;20.13;ACTIVE;Дудин Александр Викторович;ГЕНЕРАЛЬНЫЙ ДИРЕКТОР;2;несколько кандидатов, взят первый
"ФБУЗ ""ЦЕНТР ГИГИЕНЫ И ЭПИДЕМИОЛОГИИ В МОСКОВСКОЙ ОБЛАСТИ"" ФБУЗ ""ЦГИЭ В МОСКОВСКОЙ ОБЛАСТИ";5029081629;"ФБУЗ ""ЦЕНТР ГИГИЕНЫ И ЭПИДЕМИОЛОГИИ В МОСКОВСКОЙ ОБЛАСТИ"" ФБУЗ ""ЦГИЭ В МОСКОВСКОЙ ОБЛАСТИ""";502901001;Московская обл;86.90.1;ACTIVE;Дрозд Николай Анатольевич;ГЛАВНЫЙ ВРАЧ;1;один кандидат
"АО ""Невьянский цементник""";6621003100;"АО ""НЕВЬЯНСКИЙ ЦЕМЕНТНИК""";668201001;Свердловская обл;23.51;LIQUIDATED;Калинин Максим Викторович;ГЕНЕРАЛЬНЫЙ ДИРЕКТОР;1;один кандидат
"АО ""ТРАНСНЕФТЬ - СИБИРЬ""";7201000726;"АО ""ТРАНСНЕФТЬ - СИБИРЬ""";720301001;Тюменская обл;49.50.11;ACTIVE;Исламов Рустэм Рильевич;ГЕНЕРАЛЬНЫЙ ДИРЕКТОР;3;"отсеяно спутников: 2; несколько кандидатов, взят первый"
"АО ""РЭПХ""";7806151791;"АО ""РЭПХ""";781101001;г Санкт-Петербург;28.11.1;ACTIVE;Лисняк Дмитрий Васильевич;ГЕНЕРАЛЬНЫЙ ДИРЕКТОР;1;один кандидат
"ФЕДЕРАЛЬНОЕ КАЗЕННОЕ ОБРАЗОВАТЕЛЬНОЕ УЧРЕЖДЕНИЕ ВЫСШЕГО ОБРАЗОВАНИЯ ""КУЗБАССКИЙ ИНСТИТУТ ФЕДЕРАЛЬНОЙ СЛУЖБЫ ИСПОЛНЕНИЯ НАКАЗАНИЙ""";4217090416;ФКОУ ВО КУЗБАССКИЙ ИНСТИТУТ ФСИН РОССИИ;421701001;Кемеровская область - Кузбасс;85.22.2;ACTIVE;Чириков Анатолий Геннадьевич;НАЧАЛЬНИК;1;один кандидат
"ГОСУДАРСТВЕННОЕ БЮДЖЕТНОЕ УЧРЕЖДЕНИЕ КАЛИНИНГРАДСКОЙ ОБЛАСТИ ""ОТРЯД ГОСУДАРСТВЕННОЙ ПРОТИВОПОЖАРНОЙ СЛУЖБЫ И ОБЕСПЕЧЕНИЯ МЕРОПРИЯТИЙ ГРАЖДАНСКОЙ ОБОРОНЫ""";3904064652;"ГБУ ""ОГПС И ГО""";390601001;Калининградская обл;84.25.9;ACTIVE;Полищук Олег Дмитриевич;"НАЧАЛЬНИК ГБУ ""ОГПС И ГО""";1;один кандидат
"ФГБНУ ""НИИ АГИР ИМ. Д.О. ОТТА""";7801020890;"ФГБНУ ""НИИ АГИР ИМ. Д.О. ОТТА""";780101001;г Санкт-Петербург;86.10;ACTIVE;Коган Игорь Юрьевич;ДИРЕКТОР;1;один кандидат
АДМИНИСТРАЦИЯ ЯЛУТОРОВСКОГО РАЙОНА;;;;;;;;;;кандидатов нет
"ФЕДЕРАЛЬНОЕ КАЗЕННОЕ ПРЕДПРИЯТИЕ ""НАУЧНО-ИСПЫТАТЕЛЬНЫЙ ЦЕНТР РАКЕТНО-КОСМИЧЕСКОЙ ПРОМЫШЛЕННОСТИ""";5042006211;"ФКП ""НИЦ РКП""";504201001;Московская обл;72.19.9;ACTIVE;Савчук Павел Николаевич;ГЕНЕРАЛЬНЫЙ ДИРЕКТОР;1;один кандидат
"ГОСУДАРСТВЕННОЕ КАЗЕННОЕ УЧРЕЖДЕНИЕ СОЦИАЛЬНОГО ОБСЛУЖИВАНИЯ СВЕРДЛОВСКОЙ ОБЛАСТИ ""СОЦИАЛЬНО-РЕАБИЛИТАЦИОННЫЙ ЦЕНТР ДЛЯ НЕСОВЕРШЕННОЛЕТНИХ ВЕРХОТУРСКОГО РАЙОНА""";6640000754;"ГКУ ""СРЦН ВЕРХОТУРСКОГО РАЙОНА""";668001001;Свердловская обл;87.90;ACTIVE;Дубовкина Любовь Ивановна;ДИРЕКТОР;1;один кандидат
"ГОСУДАРСТВЕННОЕ КАЗЁННОЕ УЧРЕЖДЕНИЕ РЕСПУБЛИКИ КРЫМ ""ПОЖАРНАЯ ОХРАНА РЕСПУБЛИКИ КРЫМ""";9102180824;"ГКУ РК ""ПОЖАРНАЯ ОХРАНА РЕСПУБЛИКИ КРЫМ""";910201001;Респ Крым;84.25.1;ACTIVE;Агишев Рамиль Вахитович;НАЧАЛЬНИК УЧРЕЖДЕНИЯ;1;один кандидат
"ГОСУДАРСТВЕННОЕ УНИТАРНОЕ ПРЕДПРИЯТИЕ ЧУВАШСКОЙ РЕСПУБЛИКИ ""БИОЛОГИЧЕСКИЕ ОЧИСТНЫЕ СООРУЖЕНИЯ"" МИНИСТЕРСТВА СТРОИТЕЛЬСТВА, АРХИТЕКТУРЫ И ЖИЛИЩНО-КОММУНАЛЬНОГО Х";2124014112;"ГУП ЧУВАШСКОЙ РЕСПУБЛИКИ ""БОС"" МИНСТРОЯ ЧУВАШИИ";212401001;Чувашская Республика - Чувашия;37.00;ACTIVE;Николаев Сергей Георгиевич;ИСПОЛНЯЮЩИЙ ОБЯЗАННОСТИ ДИРЕКТОРА;1;один кандидат
ФБУН ГНЦ ПМБ;5077018190;ФБУН ГНЦ ПМБ;507701001;Московская обл;72.19.9;ACTIVE;Дятлов Иван Алексеевич;ДИРЕКТОР;2;несколько кандидатов, взят первый
"ФЕДЕРАЛЬНОЕ ГОСУДАРСТВЕННОЕ БЮДЖЕТНОЕ ОБРАЗОВАТЕЛЬНОЕ УЧРЕЖДЕНИЕ ВЫСШЕГО ПРОФЕССИОНАЛЬНОГО ОБРАЗОВАНИЯ ""МОСКОВСКИЙ ГОСУДАРСТВЕННЫЙ ТЕХНИЧЕСКИЙ УНИВЕРСИТЕТ ИМЕНИ";;;;;;;;;;кандидатов нет
ФГАУ 'МНТК 'МИКРОХИРУРГИЯ ГЛАЗА' ИМ. АКАД. С.Н. ФЕДОРОВА' МИНЗДРАВА РОССИИ;7713059497;"ФГАУ ""НМИЦ ""МНТК ""МИКРОХИРУРГИЯ ГЛАЗА"" ИМ. АКАД. С.Н. ФЕДОРОВА"" МИНЗДРАВА РОССИИ";771301001;г Москва;72.19;ACTIVE;Арсютов Дмитрий Геннадьевич;ГЕНЕРАЛЬНЫЙ ДИРЕКТОР;2;несколько кандидатов, взят первый
государственное казенное учреждение по эксплуатации и содержанию административных зданий администрации Краснодарского края;2308053552;ГКУЭСАЗАКК;231001001;Краснодарский край;68.32.2;ACTIVE;Горбачев Анатолий Юрьевич;ИСПОЛНЯЮЩИЙ ОБЯЗАННОСТИ ДИРЕКТОРА;1;один кандидат
Управление по обеспечению деятельности противопожарно-спасательной службы Московской области;5024118547;МОСОБЛОБЕСПЕЧЕНИЕ ПСС;502701001;Московская обл;84.25;LIQUIDATED;Самолевский Сергей Витальевич;НАЧАЛЬНИК УПРАВЛЕНИЯ;1;один кандидат
"Санкт-Петербургское государственное бюджетное учреждение здравоохранения ""Клиническая инфекционная больница им.С.П.Боткина""";7825661685;"СПБ ГБУЗ ""БОЛЬНИЦА БОТКИНА""";784201001;г Санкт-Петербург;86.10;ACTIVE;Гусев Денис Александрович;ГЛАВНЫЙ ВРАЧ;1;один кандидат
Министерство финансов Республики Коми;1101481969;МИНИСТЕРСТВО ФИНАНСОВ РЕСПУБЛИКИ КОМИ;110101001;Респ Коми;84.11.21;ACTIVE;Казаков Владимир Викторович;МИНИСТР ФИНАНСОВ РЕСПУБЛИКИ КОМИ;1;один кандидат
"ФБУ ""ЦСМ ИМ. А.М. МУРАТШИНА В РЕСПУБЛИКЕ БАШКОРТОСТАН""";0278002498;"ФБУ ""ЦСМ ИМ. А.М. МУРАТШИНА В РЕСПУБЛИКЕ БАШКОРТОСТАН""";027801001;Респ Башкортостан;71.12.62;ACTIVE;Севницкий Сергей Анатольевич;ДИРЕКТОР;5;несколько кандидатов, взят первый
"МУНИЦИПАЛЬНОЕ КАЗЕННОЕ УЧРЕЖДЕНИЕ МУНИЦИПАЛЬНОГО ОБРАЗОВАНИЯ Г.САЯНОГОРСК ""КОМБИНАТ БЛАГОУСТРОЙСТВА И ОЗЕЛЕНЕНИЯ""";1902025319;"МКУ ""КБО""";190201001;Респ Хакасия;81.29.9;ACTIVE;Белоглазов Евгений Алексеевич;ИСПОЛНЯЮЩИЙ ОБЯЗАННОСТИ ДИРЕКТОРА;1;один кандидат
СПб ГБУК ЦПКиО им. С.М. Кирова;7813046452;СПБ ГБУК МДК ЦПКИО ИМ. С.М. КИРОВА;781301001;г Санкт-Петербург;93.29.9;ACTIVE;Селезнёв Павел Андреевич;ДИРЕКТОР;1;один кандидат
"ФГБОУ ВО ""НИУ ""МЭИ""";7722019652;"ФГБОУ ВО ""НИУ ""МЭИ""";772201001;г Москва;85.22.1;ACTIVE;Рогалев Николай Дмитриевич;РЕКТОР;1;"отсеяно спутников: 3; один кандидат"
"УПРАВЛЕНИЕ ЭКСПЛУАТАЦИИ КРАСНОЯРСКОГО СУДОПОДЪЁМНИКА - ФИЛИАЛ ФБУ ""АДМИНИСТРАЦИЯ ЕНИСЕЙСКОГО БАССЕЙНА ВНУТРЕННИХ ВОДНЫХ ПУТЕЙ""";2466016747;"УПРАВЛЕНИЕ ЭКСПЛУАТАЦИИ КРАСНОЯРСКОГО СУДОПОДЪЁМНИКА - ФИЛИАЛ ФБУ ""АДМИНИСТРАЦИЯ ЕНИСЕЙСКОГО БАССЕЙНА ВНУТРЕННИХ ВОДНЫХ ПУТЕЙ""";244602001;Красноярский край;;ACTIVE;;;1;один кандидат
"ФИЛИАЛ АО ""РИР ЭНЕРГО"" - ""ЛИПЕЦКАЯ ГЕНЕРАЦИЯ""";6829012680;"ФИЛИАЛ АО ""РИР ЭНЕРГО"" - ""ЛИПЕЦКАЯ ГЕНЕРАЦИЯ""";482543001;Липецкая обл;;ACTIVE;;;1;один кандидат
"ООО ""АГРОФИРМА АРИАНТ""";7424030241;"ООО ""АГРОФИРМА АРИАНТ""";742401001;Челябинская обл;01.46.11;ACTIVE;Сизарева Елена Ивановна;ГЕНЕРАЛЬНЫЙ ДИРЕКТОР;3;несколько кандидатов, взят первый
ООО «Смарт Констракшн»;7709495444;"ООО ""СМАРТ КОНСТРАКШН""";201501001;Чеченская Респ;41.20.9;ACTIVE;Бойко Александр Григорьевич;ГЕНЕРАЛЬНЫЙ ДИРЕКТОР;5;несколько кандидатов, взят первый
"ЯКУТСКИЙ ФИЛИАЛ ФГБУ ""ГЛАВРЫБВОД""";;;;;;;;;;кандидатов нет
"ФЕДЕРАЛЬНОЕ ГОСУДАРСТВЕННОЕ БЮДЖЕТНОЕ УЧРЕЖДЕНИЕ ""ВСЕРОССИЙСКИЙ НАУЧНО-ИССЛЕДОВАТЕЛЬСКИЙ ИНСТИТУТ МИНЕРАЛЬНОГО СЫРЬЯ ИМ. Н.М. ФЕДОРОВСКОГО""";7706433263;"ФГБУ ""ВИМС""";770601001;г Москва;71.12.3;ACTIVE;Коровко Андрей Анатольевич;ГЕНЕРАЛЬНЫЙ ДИРЕКТОР;1;один кандидат
"АО ""НИЦ АЭС""";5019021966;"АО ""НИЦ АЭС""";501901001;Московская обл;71.20.9;ACTIVE;Шорстов Денис Анатольевич;ДИРЕКТОР;1;один кандидат
"ФЕДЕРАЛЬНОЕ ГОСУДАРСТВЕННОЕ БЮДЖЕТНОЕ ОБРАЗОВАТЕЛЬНОЕ УЧРЕЖДЕНИЕ ВЫСШЕГО ОБРАЗОВАНИЯ ""УЛЬЯНОВСКИЙ ИНСТИТУТ ГРАЖДАНСКОЙ АВИАЦИИ ИМЕНИ ГЛАВНОГО МАРШАЛА АВИАЦИИ Б.";7303002000;ФГБОУ ВО УИ ГА;732501001;Ульяновская обл;85.22.1;ACTIVE;Смольников Евгений Вильевич;РЕКТОР;1;один кандидат
АРБИТРАЖНЫЙ СУД ЦЕНТРАЛЬНОГО ОКРУГА;3201003984;АРБИТРАЖНЫЙ СУД ЦЕНТРАЛЬНОГО ОКРУГА;402701001;Калужская обл;84.23.17;ACTIVE;Орлов Александр Владимирович;ПРЕДСЕДАТЕЛЬ СУДА;1;один кандидат
"АО ""ОБЕСПЕЧЕНИЕ РФЯЦ-ВНИИЭФ""";5254081010;"АО ""ОБЕСПЕЧЕНИЕ РФЯЦ-ВНИИЭФ""";525401001;Нижегородская обл;35.14;ACTIVE;Румянцев Андрей Вадимович;ГЕНЕРАЛЬНЫЙ ДИРЕКТОР;1;один кандидат
"ФЕДЕРАЛЬНОЕ КАЗЕННОЕ УЧРЕЖДЕНИЕ ЗДРАВООХРАНЕНИЯ ""САНАТОРИЙ ""РУЗА"" МИНИСТЕРСТВА ВНУТРЕННИХ ДЕЛ РОССИЙСКОЙ ФЕДЕРАЦИИ""";5075002685;"ФКУЗ ""САНАТОРИЙ ""РУЗА"" МВД РОССИИ""";507501001;Московская обл;86.90.4;ACTIVE;Кармишин Михаил Анатольевич;НАЧАЛЬНИК;1;один кандидат
"ФГБУ ""ВНИИКР""";5040036718;"ФГБУ ""ВНИИКР""";504001001;Московская обл;72.19;ACTIVE;Рыбин Роман Николаевич;ДИРЕКТОР;5;несколько кандидатов, взят первый
"ФЕДЕРАЛЬНОЕ КАЗЕННОЕ УЧРЕЖДЕНИЕ ""ИСПРАВИТЕЛЬНАЯ КОЛОНИЯ № 32 С ОСОБЫМИ УСЛОВИЯМИ ХОЗЯЙСТВЕННОЙ ДЕЯТЕЛЬНОСТИ ГЛАВНОГО УПРАВЛЕНИЯ ФЕДЕРАЛЬНОЙ СЛУЖБЫ ИСПОЛНЕНИЯ НА";;;;;;;;;;кандидатов нет
"ФЕДЕРАЛЬНОЕ КАЗЕННОЕ УЧРЕЖДЕНИЕ ""ИСПРАВИТЕЛЬНАЯ КОЛОНИЯ № 25 УПРАВЛЕНИЯ ФЕДЕРАЛЬНОЙ СЛУЖБЫ ИСПОЛНЕНИЯ НАКАЗАНИЙ ПО ВОЛГОГРАДСКОЙ ОБЛАСТИ""";3439006220;ФКУ ИК-25 УФСИН РОССИИ ПО ВОЛГОГРАДСКОЙ ОБЛАСТИ;345601001;Волгоградская обл;84.23.4;ACTIVE;Алентьев Николай Николаевич;НАЧАЛЬНИК УЧРЕЖДЕНИЯ;1;один кандидат
"ФЕДЕРАЛЬНОЕ КАЗЕННОЕ УЧРЕЖДЕНИЕ ""ИСПРАВИТЕЛЬНАЯ КОЛОНИЯ № 14 УПРАВЛЕНИЯ ФЕДЕРАЛЬНОЙ СЛУЖБЫ ИСПОЛНЕНИЯ НАКАЗАНИЙ ПО АРХАНГЕЛЬСКОЙ ОБЛАСТИ""";2907001458;ФКУ ИК-14 УФСИН РОССИИ ПО АРХАНГЕЛЬСКОЙ ОБЛАСТИ;290701001;Архангельская обл;84.23.4;ACTIVE;Басов Сергей Александрович;НАЧАЛЬНИК;1;один кандидат
"ФЕДЕРАЛЬНОЕ КАЗЕННОЕ УЧРЕЖДЕНИЕ ""ИСПРАВИТЕЛЬНАЯ КОЛОНИЯ № 6 УПРАВЛЕНИЯ ФЕДЕРАЛЬНОЙ СЛУЖБЫ ИСПОЛНЕНИЯ НАКАЗАНИЙ ПО ОРЛОВСКОЙ ОБЛАСТИ""";5714004313;ФКУ ИК-6 УФСИН РОССИИ ПО ОРЛОВСКОЙ ОБЛАСТИ;571401001;Орловская обл;14.12;ACTIVE;Макаров Алексей Владимирович;НАЧАЛЬНИК УЧРЕЖДЕНИЯ;1;один кандидат
"ФЕДЕРАЛЬНОЕ ГОСУДАРСТВЕННОЕ БЮДЖЕТНОЕ УЧРЕЖДЕНИЕ ""УРАЛЬСКОЕ УПРАВЛЕНИЕ ПО ГИДРОМЕТЕОРОЛОГИИ И МОНИТОРИНГУ ОКРУЖАЮЩЕЙ СРЕДЫ""";6685025156;"ФГБУ ""УРАЛЬСКОЕ УГМС""";668501001;Свердловская обл;71.12.51;ACTIVE;Сердюк Галина Борисовна;НАЧАЛЬНИК;1;один кандидат
"ГОСУДАРСТВЕННОЕ БЮДЖЕТНОЕ УЧРЕЖДЕНИЕ ЗДРАВООХРАНЕНИЯ ""СПЕЦИАЛИЗИРОВАННАЯ ПСИХИАТРИЧЕСКАЯ БОЛЬНИЦА № 7"" МИНИСТЕРСТВА ЗДРАВООХРАНЕНИЯ КРАСНОДАРСКОГО КРАЯ";2311038748;ГБУЗ СПБ № 7;231101001;Краснодарский край;86.10;ACTIVE;Волкова Нина Ивановна;ИСПОЛНЯЮЩИЙ ОБЯЗАННОСТИ ГРАВНОГО ВРАЧА;1;один кандидат
"ФЕДЕРАЛЬНОЕ КАЗЕННОЕ УЧРЕЖДЕНИЕ ""ИСПРАВИТЕЛЬНАЯ КОЛОНИЯ № 6 ГЛАВНОГО УПРАВЛЕНИЯ ФЕДЕРАЛЬНОЙ СЛУЖБЫ ИСПОЛНЕНИЯ НАКАЗАНИЙ ПО ПРИМОРСКОМУ КРАЮ""";2510001291;ФКУ ИК-6 ГУФСИН РОССИИ ПО ПРИМОРСКОМУ КРАЮ;251001001;Приморский край;84.23.4;ACTIVE;Яушев Андрей Александрович;НАЧАЛЬНИК;1;один кандидат
"АО ""ТРАНСНЕФТЬ - ЦЕНТРАЛЬНАЯ СИБИРЬ""";7017004366;"АО ""ТРАНСНЕФТЬ - ЦЕНТРАЛЬНАЯ СИБИРЬ""";701701001;Томская обл;49.50.11;LIQUIDATED;Мосолов Юрий Владимирович;ГЕНЕРАЛЬНЫЙ ДИРЕКТОР;3;"отсеяно спутников: 1; несколько кандидатов, взят первый"
"МУНИЦИПАЛЬНОЕ КАЗЕННОЕ УЧРЕЖДЕНИЕ ""ОРГАНИЗАЦИОННО-МЕТОДИЧЕСКИЙ ЦЕНТР БАЛАКОВСКОГО МУНИЦИПАЛЬНОГО РАЙОНА САРАТОВСКОЙ ОБЛАСТИ""";6439081247;МКУ ОМЦ;643901001;Саратовская обл;49.39.39;ACTIVE;Лагода Анна Петровна;ДИРЕКТОР;1;один кандидат
ФЕДЕРАЛЬНОЕ ГОСУДАРСТВЕННОЕ БЮДЖЕТНОЕ УЧРЕЖДЕНИЕ НАУКИ ФЕДЕРАЛЬНЫЙ ИССЛЕДОВАТЕЛЬСКИЙ ЦЕНТР ПИТАНИЯ, БИОТЕХНОЛОГИИ И БЕЗОПАСНОСТИ ПИЩИ;7705004254;"ФГБУН ""ФИЦ ПИТАНИЯ И БИОТЕХНОЛОГИИ""";770501001;г Москва;72.19.9;ACTIVE;Никитюк Дмитрий Борисович;ДИРЕКТОР;1;один кандидат
"ФЕДЕРАЛЬНОЕ КАЗЕННОЕ УЧРЕЖДЕНИЕ ""ИСПРАВИТЕЛЬНАЯ КОЛОНИЯ № 12 ГЛАВНОГО УПРАВЛЕНИЯ ФЕДЕРАЛЬНОЙ СЛУЖБЫ ИСПОЛНЕНИЯ НАКАЗАНИЙ ПО НОВОСИБИРСКОЙ ОБЛАСТИ""";5447100727;ФКУ ИК-12 ГУФСИН РОССИИ ПО НОВОСИБИРСКОЙ ОБЛАСТИ;545201001;Новосибирская обл;84.23.4;ACTIVE;Прасолов Александр Станиславович;НАЧАЛЬНИК УЧРЕЖДЕНИЯ;1;один кандидат
"МУНИЦИПАЛЬНОЕ КАЗЕННОЕ УЧРЕЖДЕНИЕ ""УПРАВЛЕНИЕ В СФЕРЕ ЗАКУПОК ДЛЯ МУНИЦИПАЛЬНЫХ НУЖД""";5029206444;"МКУ ""УПРАВЛЕНИЕ В СФЕРЕ ЗАКУПОК""";502901001;Московская обл;84.11.32;ACTIVE;Прияшкина Инна Валентиновна;ДИРЕКТОР;1;один кандидат
"ФЕДЕРАЛЬНОЕ КАЗЕННОЕ УЧРЕЖДЕНИЕ ""ИСПРАВИТЕЛЬНАЯ КОЛОНИЯ № 4 УПРАВЛЕНИЯ ФЕДЕРАЛЬНОЙ СЛУЖБЫ ИСПОЛНЕНИЯ НАКАЗАНИЙ ПО ПСКОВСКОЙ ОБЛАСТИ""";6018000299;ФКУ ИК-4 УФСИН РОССИИ ПО ПСКОВСКОЙ ОБЛАСТИ;601801001;Псковская обл;84.23.4;ACTIVE;Горячев Сергей Сергеевич;НАЧАЛЬНИК;1;один кандидат
ГОСУДАРСТВЕННОЕ БЮДЖЕТНОЕ УЧРЕЖДЕНИЕ ЗДРАВООХРАНЕНИЯ РЕСПУБЛИКИ БАШКОРТОСТАН СТОМАТОЛОГИЧЕСКАЯ ПОЛИКЛИНИКА № 1 ГОРОДА УФА;0273012090;ГБУЗ РБ СТОМАТОЛОГИЧЕСКАЯ ПОЛИКЛИНИКА № 1 Г. УФА;027301001;Респ Башкортостан;86.23;LIQUIDATED;Казакова Елена Авинировна;ГЛАВНЫЙ ВРАЧ;1;один кандидат
"ФЕДЕРАЛЬНОЕ КАЗЕННОЕ УЧРЕЖДЕНИЕ ""ОБЪЕДИНЕНИЕ ИСПРАВИТЕЛЬНЫХ КОЛОНИЙ № 30 ГЛАВНОГО УПРАВЛЕНИЯ ФЕДЕРАЛЬНОЙ СЛУЖБЫ ИСПОЛНЕНИЯ НАКАЗАНИЙ ПО КРАСНОЯРСКОМУ КРАЮ""";;;;;;;;;;кандидатов нет
"ООО ""Монолитстройсервис""";7727406976;"ООО ""МОНОЛИТСТРОЙСЕРВИС""";772701001;г Москва;46.69;ACTIVE;Товпеко Олег Валерьевич;ГЕНЕРАЛЬНЫЙ ДИРЕКТОР;5;несколько кандидатов, взят первый
"МУНИЦИПАЛЬНОЕ КАЗЁННОЕ УЧРЕЖДЕНИЕ ""ЦЕНТР ПРОВЕДЕНИЯ ТОРГОВ"" МУНИЦИПАЛЬНОГО ОБРАЗОВАНИЯ ДМИТРОВСКИЙ МУНИЦИПАЛЬНЫЙ РАЙОН МОСКОВСКОЙ ОБЛАСТИ";;;;;;;;;;кандидатов нет
"федеральное государственное казенное учреждение ""Отряд федеральной противопожарной службы по Орловской области""";5753053628;"ФГКУ ""ОФПС ПО ОРЛОВСКОЙ ОБЛАСТИ""";575301001;Орловская обл;84.25.1;LIQUIDATED;Новиков Александр Александрович;ПРЕДСЕДАТЕЛЬ ЛИКВИДАЦИОННОЙ КОМИССИИ;1;один кандидат
"государственное казенное учреждение Ростовской области ""Ростовская областная поисково-спасательная служба""";6151011679;"ГКУ РО ""РО ПСС""";615101001;Ростовская обл;84.25.9;ACTIVE;Кравцов Вадим Викторович;НАЧАЛЬНИК;2;несколько кандидатов, взят первый
Администрация Уватского муниципального района;7225004543;АДМИНИСТРАЦИЯ УВАТСКОГО СЕЛЬСКОГО ПОСЕЛЕНИЯ;720601001;Тюменская обл;84.11.35;LIQUIDATED;Елизаров Вячеслав Иванович;РУКОВОДИТЕЛЬ;5;несколько кандидатов, взят первый
"АО ""КОНЦЕРН ""АВТОМАТИКА""";7715906332;"АО ""КОНЦЕРН ""АВТОМАТИКА""";771501001;г Москва;26.30.11;ACTIVE;Братухин Иван Юрьевич;ГЕНЕРАЛЬНЫЙ ДИРЕКТОР;2;несколько кандидатов, взят первый
"Федеральное государственное бюджетное учреждение здравоохранения ""Медико-санитарная часть № 98 Федерального медико-биологического агентства""";2503005866;ФГБУЗ МСЧ № 98 ФМБА РОССИИ;250301001;Приморский край;86.10;ACTIVE;Зарубина Елена Сергеевна;ВРЕМЕННО ИСПОЛНЯЮЩИЙ ОБЯЗАННОСТИ НАЧАЛЬНИКА;1;один кандидат
Департамент государственных закупок Брянской области;;;;;;;;;;кандидатов нет
ФОНД ИМУЩЕСТВА КАЛУЖСКОЙ ОБЛАСТИ;;;;;;;;;;все 1 — спутники (профсоюз, фонд и т. п.)
"АО ""БАШКОММУНВОДОКАНАЛ""";0278181938;"АО ""БАШКОММУНВОДОКАНАЛ""";027801001;Респ Башкортостан;36.00.2;ACTIVE;Гнилобоков Константин Михайлович;ГЕНЕРАЛЬНЫЙ ДИРЕКТОР;1;один кандидат
"ВЕРХНЕВОЛЖСКИЙ ФИЛИАЛ ФГБУ ""Главрыбвод""";;;;;;;;;;кандидатов нет
"МУНИЦИПАЛЬНОЕ КАЗЕННОЕ УЧРЕЖДЕНИЕ ""УПРАВЛЕНИЕ ЗАКУПОК ДЛЯ НУЖД ГОРОДСКОГО ОКРУГА БОГДАНОВИЧ""";;;;;;;;;;кандидатов нет
ГОСУДАРСТВЕННОЕ ФЕДЕРАЛЬНОЕ БЮДЖЕТНОЕ УЧРЕЖДЕНИЕ ПО ОБЕСПЕЧЕНИЮ ИНЖЕНЕРНЫХ ЗАЩИТ ЧЕБОКСАРСКОГО ВОДОХРАНИЛИЩА ПО РЕСПУБЛИКЕ МАРИЙ ЭЛ;1215057016;"ГФУ ""ИНЖЕНЕРНЫЕ ЗАЩИТЫ ЧЕБОКСАРСКОГО ВОДОХРАНИЛИЩА РМЭ""";121501001;Респ Марий Эл;70.22;LIQUIDATED;Гайсин Ильдар Натфуллович;ДИРЕКТОР;1;один кандидат
"ГОСУДАРСТВЕННОЕ БЮДЖЕТНОЕ УЧРЕЖДЕНИЕ ЗДРАВООХРАНЕНИЯ ""СПЕЦИАЛИЗИРОВАННАЯ ПСИХОНЕВРОЛОГИЧЕСКАЯ БОЛЬНИЦА"" МИНИСТЕРСТВА ЗДРАВООХРАНЕНИЯ КРАСНОДАРСКОГО КРАЯ";2328006536;ГБУЗ СПНБ;232801001;Краснодарский край;86.10;ACTIVE;Король Иван Сергеевич;ГЛАВНЫЙ ВРАЧ;1;один кандидат
ДЕПАРТАМЕНТ ГОСУДАРСТВЕННОГО ЗАКАЗА ПРИМОРСКОГО КРАЯ;;;;;;;;;;кандидатов нет
АДМИНИСТРАЦИЯ МУНИЦИПАЛЬНОГО ОБРАЗОВАНИЯ ГОРОД АЛАПАЕВСК;6601002170;АДМИНИСТРАЦИЯ ПОСЕЛКА АСБЕСТОВСКИЙ;660101001;Свердловская обл;75.11.32;LIQUIDATED;Араптанов Сергей Федорович;ГЛАВА АДМИНИСТРАЦИИ;2;несколько кандидатов, взят первый
"Муниципальное казенное учреждение Ейского городского поселения Ейского района ""Центр городского хозяйства""";2361001704;"МКУ ""ЦГХ""";236101001;Краснодарский край;84.11.33;ACTIVE;Савин Александр Михайлович;ДИРЕКТОР;1;один кандидат
ООО   Концессии водоснабжения;3460019060;"ООО ""КОНЦЕССИИ ВОДОСНАБЖЕНИЯ""";344401001;Волгоградская обл;36.00.1;ACTIVE;Рубцов Дмитрий Владимирович;ГЕНЕРАЛЬНЫЙ ДИРЕКТОР;5;несколько кандидатов, взят первый
"федеральное государственное казенное учреждение ""Пограничное управление Федеральной службы безопасности Российской Федерации по Калининградской области""";3908013480;ПУ ФСБ РОССИИ ПО КАЛИНИНГРАДСКОЙ ОБЛАСТИ;390601001;Калининградская обл;84.24;ACTIVE;Маслов Станислав Владимирович;НАЧАЛЬНИК;1;один кандидат
"КАРЕЛЬСКИЙ ФИЛИАЛ ФГБУ ""ГЛАВРЫБВОД""";;;;;;;;;;кандидатов нет
"МУНИЦИПАЛЬНОЕ ПРЕДПРИЯТИЕ ГОРОДА ЯЛУТОРОВСКА ""ГОРОДСКИЕ ВОДОПРОВОДНО-КАНАЛИЗАЦИОННЫЕ СЕТИ""";7207000761;"МП ""ГОРОДСКИЕ ВОДОПРОВОДНО-КАНАЛИЗАЦИОННЫЕ СЕТИ""";720701001;Тюменская обл;36.00.2;LIQUIDATING;Пономарев Борис Анатольевич;ПРЕДСЕДАТЕЛЬ ЛИКВИДАЦИОННОЙ КОМИССИИ;1;один кандидат
АДМИНИСТРАЦИЯ СИНОДСКОГО МУНИЦИПАЛЬНОГО ОБРАЗОВАНИЯ ВОСКРЕСЕНСКОГО МУНИЦИПАЛЬНОГО РАЙОНА САРАТОВСКОЙ ОБЛАСТИ;6409003308;АДМИНИСТРАЦИЯ СИНОДСКОГО МУНИЦИПАЛЬНОГО ОБРАЗОВАНИЯ;640901001;Саратовская обл;84.11.35;ACTIVE;Морозова Ирина Николаевна;ГЛАВА СИНОДСКОГО МУНИЦИПАЛЬНОГО ОБРАЗОВАНИЯ ВОСКРЕСЕНСКОГО МУНИЦИПАЛЬНОГО РАЙОНА САРАТОВСКОЙ ОБЛАСТИ;1;один кандидат
АДМИНИСТРАЦИЯ МУНИЦИПАЛЬНОГО ОБРАЗОВАНИЯ СОСНОВОБОРСКИЙ ГОРОДСКОЙ ОКРУГ ЛЕНИНГРАДСКОЙ ОБЛАСТИ;4714011083;АДМИНИСТРАЦИЯ СОСНОВОБОРСКОГО ГОРОДСКОГО ОКРУГА;472601001;Ленинградская обл;84.11.35;ACTIVE;Воронков Михаил Васильевич;ГЛАВА МУНИЦИПАЛЬНОГО ОБРАЗОВАНИЯ СОСНОВОБОРСКИЙ ГОРОДСКОЙ ОКРУГ ЛЕНИНГРАДСКОЙ ОБЛАСТИ;1;один кандидат
"АО ""Восточный Порт""";2508001544;"АО ""ВОСТОЧНЫЙ ПОРТ""";250801001;Приморский край;52.24.2;ACTIVE;"ОБЩЕСТВО С ОГРАНИЧЕННОЙ ОТВЕТСТВЕННОСТЬЮ ""УНИВЕРСАЛЬНАЯ ЛОГИСТИКА""";;1;один кандидат
"""АДМИНИСТРАЦИЯ ГОРОДА ОРСКА""";5613000376;"""АДМИНИСТРАЦИЯ Г. ОРСКА""";561401001;Оренбургская обл;84.11.35;ACTIVE;Воробьёв Артём Олегович;ГЛАВА ГОРОДА ОРСКА;4;несколько кандидатов, взят первый
"ФЕДЕРАЛЬНОЕ КАЗЕННОЕ УЧРЕЖДЕНИЕ ""ИСПРАВИТЕЛЬНАЯ КОЛОНИЯ № 4 УПРАВЛЕНИЯ ФЕДЕРАЛЬНОЙ СЛУЖБЫ ИСПОЛНЕНИЯ НАКАЗАНИЙ ПО ТАМБОВСКОЙ ОБЛАСТИ""";6818005137;ФКУ ИК-4 УФСИН РОССИИ ПО ТАМБОВСКОЙ ОБЛАСТИ;681801001;Тамбовская обл;14.12;ACTIVE;Астафьев Павел Викторович;НАЧАЛЬНИК;1;один кандидат
"МУНИЦИПАЛЬНОЕ КАЗЕННОЕ УЧРЕЖДЕНИЕ ""УПРАВЛЕНИЕ ЦЕНТРАЛИЗОВАННЫХ ЗАКУПОК""";5022052097;"МКУ ""УПРАВЛЕНИЕ ЦЗ""";502201001;Московская обл;84.11.35;ACTIVE;Маркина Наталья Викторовна;ДИРЕКТОР;1;один кандидат
"АКЦИОНЕРНОЕ ОБЩЕСТВО ""СПЕЦИАЛЬНОЕ КОНСТРУКТОРСКО-ТЕХНОЛОГИЧЕСКОЕ БЮРО ПО ЭЛЕКТРОХИМИИ С ОПЫТНЫМ ЗАВОДОМ""";7717633296;"АО ""СКТБЭ""";771701001;г Москва;72.19.9;ACTIVE;Пыхтин Роман Викторович;ГЕНЕРАЛЬНЫЙ ДИРЕКТОР;1;один кандидат
"ФЕДЕРАЛЬНОЕ ГОСУДАРСТВЕННОЕ КАЗЕННОЕ УЧРЕЖДЕНИЕ КОМБИНАТ ""АТЛАС"" УПРАВЛЕНИЯ ФЕДЕРАЛЬНОГО АГЕНТСТВА ПО ГОСУДАРСТВЕННЫМ РЕЗЕРВАМ ПО ЮЖНОМУ ФЕДЕРАЛЬНОМУ ОКРУГУ";;;;;;;;;;кандидатов нет
"МУНИЦИПАЛЬНОЕ КАЗЕННОЕ УЧРЕЖДЕНИЕ ""УПРАВЛЕНИЕ ЖИЛИЩНО-КОММУНАЛЬНОГО ХОЗЯЙСТВА КУРАГИНСКОГО МУНИЦИПАЛЬНОГО ОКРУГА""";2423015562;"МКУ ""УЖКХ КУРАГИНСКОГО МУНИЦИПАЛЬНОГО ОКРУГА""";242301001;Красноярский край;84.11.33;ACTIVE;Михалёв Владимир Анатольевич;ДИРЕКТОР;2;несколько кандидатов, взят первый
"ООО ""ТРК-ЧЕРЕПОВЕЦ""";3528118422;"ООО ""ТРК-ЧЕРЕПОВЕЦ""";352801001;Вологодская обл;68.20.29;ACTIVE;"ОБЩЕСТВО С ОГРАНИЧЕННОЙ ОТВЕТСТВЕННОСТЬЮ ""УПРАВЛЯЮЩАЯ КОМПАНИЯ САМПА""";;1;один кандидат
"МУП ""ВОДОКАНАЛ"" МР БЛАГОВЕЩЕНСКИЙ РАЙОН РБ";0258011092;"МУП ""ВОДОКАНАЛ"" МР БЛАГОВЕЩЕНСКИЙ РАЙОН РБ";025801001;Респ Башкортостан;36.00.2;ACTIVE;Чернецов Владимир Витальевич;ДИРЕКТОР;2;несколько кандидатов, взят первый
"ФЕДЕРАЛЬНОЕ КАЗЕННОЕ УЧРЕЖДЕНИЕ ""ИСПРАВИТЕЛЬНАЯ КОЛОНИЯ № 5 УПРАВЛЕНИЯ ФЕДЕРАЛЬНОЙ СЛУЖБЫ ИСПОЛНЕНИЯ НАКАЗАНИЙ ПО САМАРСКОЙ ОБЛАСТИ""";6314015880;ФКУ ИК-5 УФСИН РОССИИ ПО САМАРСКОЙ ОБЛАСТИ;631401001;Самарская обл;84.23.4;ACTIVE;Мещеряков Максим Вадимович;ВРИО НАЧАЛЬНИКА;1;один кандидат
"ФГБУ ""ФЕДЕРАЛЬНЫЙ МЕДИЦИНСКИЙ ЦЕНТР"" РОСИМУЩЕСТВА";7709290510;"ФГБУ ""ФЕДЕРАЛЬНЫЙ МЕДИЦИНСКИЙ ЦЕНТР"" РОСИМУЩЕСТВА";770801001;г Москва;86.90.4;ACTIVE;Елизаров Николай Александрович;ГЕНЕРАЛЬНЫЙ ДИРЕКТОР;1;один кандидат
"МУП ""НЕВЕЛЬСКИЕ КОММУНАЛЬНЫЕ СЕТИ""";6505011534;"МУП ""НЕВЕЛЬСКИЕ КОММУНАЛЬНЫЕ СЕТИ""";650501001;Сахалинская обл;35.30.14;ACTIVE;Кан Денис Леонидович;ДИРЕКТОР;1;один кандидат
"ФЕДЕРАЛЬНОЕ КАЗЕННОЕ УЧРЕЖДЕНИЕ ""УПРАВЛЕНИЕ ПО КОНВОИРОВАНИЮ УПРАВЛЕНИЯ ФЕДЕРАЛЬНОЙ СЛУЖБЫ ИСПОЛНЕНИЯ НАКАЗАНИЙ ПО ВОЛОГОДСКОЙ ОБЛАСТИ""";3525091814;ФКУ УК УФСИН РОССИИ ПО ВОЛОГОДСКОЙ ОБЛАСТИ;352501001;Вологодская обл;84.23.4;ACTIVE;Меледин Андрей Валерьевич;НАЧАЛЬНИК;1;один кандидат
"ГБУ ""УПРАВЛЕНИЕ ДЕЛАМИ ГУБЕРНАТОРА И ПРАВИТЕЛЬСТВА ПЕНЗЕНСКОЙ ОБЛАСТИ""";5836012463;"ГБУ ""УПРАВЛЕНИЕ ДЕЛАМИ ГУБЕРНАТОРА И ПРАВИТЕЛЬСТВА ПЕНЗЕНСКОЙ ОБЛАСТИ""";583601001;Пензенская обл;49.39.39;ACTIVE;Катков Дмитрий Михайлович;НАЧАЛЬНИК;1;один кандидат
"ГОСУДАРСТВЕННОЕ БЮДЖЕТНОЕ ПРОФЕССИОНАЛЬНОЕ ОБРАЗОВАТЕЛЬНОЕ УЧРЕЖДЕНИЕ ""СОЛИКАМСКИЙ ТЕХНОЛОГИЧЕСКИЙ КОЛЛЕДЖ""";5919421124;"ГБПОУ ""СТК""";591901001;Пермский край;85.21;ACTIVE;Шипулина Наталия Валерьевна;ДИРЕКТОР;1;один кандидат
АДМИНИСТРАЦИЯ БАЛТАЙСКОГО МУНИЦИПАЛЬНОГО РАЙОНА САРАТОВСКОЙ ОБЛАСТИ;6407001009;АДМИНИСТРАЦИЯ БАЛТАЙСКОГО МУНИЦИПАЛЬНОГО РАЙОНА;640701001;Саратовская обл;84.11.33;ACTIVE;Бенькович Евгений Сергеевич;ГЛАВА БАЛТАЙСКОГО МУНИЦИПАЛЬНОГО РАЙОНА САРАТОВСКОЙ ОБЛАСТИ;5;несколько кандидатов, взят первый
АРБИТРАЖНЫЙ СУД ВОРОНЕЖСКОЙ ОБЛАСТИ;3666052720;АРБИТРАЖНЫЙ СУД ВОРОНЕЖСКОЙ ОБЛАСТИ;366601001;Воронежская обл;84.23.18;ACTIVE;Козлов Владимир Александрович;ПРЕДСЕДАТЕЛЬ СУДА;1;один кандидат
АДМИНИСТРАЦИЯ БРЫКОВСКОГО МУНИЦИПАЛЬНОГО ОБРАЗОВАНИЯ;6411060286;АДМИНИСТРАЦИЯ БРЫКОВСКОГО МУНИЦИПАЛЬНОГО ОБРАЗОВАНИЯ;641101001;Саратовская обл;84.11.31;ACTIVE;Мальцева Лариса Викторовна;Глава Брыковского МО;1;один кандидат
"ООО ""БТС""";7736642610;"ООО ""БЦ БАХРУШИНА""";770501001;г Москва;68.20.29;ACTIVE;Володарский Алексей Владимирович;ГЕНЕРАЛЬНЫЙ ДИРЕКТОР;5;несколько кандидатов, взят первый
"НИЖНЕ-ОБСКИЙ ФИЛИАЛ ФГБУ ""ГЛАВРЫБВОД""";;;;;;;;;;кандидатов нет
УПРАВЛЕНИЕ ГОСУДАРСТВЕННОГО ЗАКАЗА АМУРСКОЙ ОБЛАСТИ;2801138822;УПРАВЛЕНИЕ ГОСЗАКАЗА ОБЛАСТИ;280101001;Амурская обл;84.11.21;ACTIVE;Прохорова Светлана Ильинична;НАЧАЛЬНИК УПРАВЛЕНИЯ;2;несколько кандидатов, взят первый
"САНКТ-ПЕТЕРБУРГСКОЕ ГОСУДАРСТВЕННОЕ БЮДЖЕТНОЕ УЧРЕЖДЕНИЕ КУЛЬТУРЫ ""ГОСУДАРСТВЕННЫЙ МЕМОРИАЛЬНЫЙ МУЗЕЙ ОБОРОНЫ И БЛОКАДЫ ЛЕНИНГРАДА""";7841015216;СПБ ГБУК ГММОБЛ;784101001;г Санкт-Петербург;91.02;ACTIVE;Лезик Елена Витальевна;ДИРЕКТОР;1;один кандидат
"МУП ""ЧАЙКОВСКИЙ ВОДОКАНАЛ""";;;;;;;;;;кандидатов нет
"ФЕДЕРАЛЬНОЕ КАЗЕННОЕ УЧРЕЖДЕНИЕ ""ИСПРАВИТЕЛЬНАЯ КОЛОНИЯ № 29 УПРАВЛЕНИЯ ФЕДЕРАЛЬНОЙ СЛУЖБЫ ИСПОЛНЕНИЯ НАКАЗАНИЙ ПО РЕСПУБЛИКЕ ХАКАСИЯ""";1903024540;ФКУ ИК-29 УФСИН РОССИИ ПО РЕСПУБЛИКЕ ХАКАСИЯ;190301001;Респ Хакасия;84.23.4;ACTIVE;Харисов Роман Рашитович;НАЧАЛЬНИК УЧРЕЖДЕНИЯ;1;один кандидат
СПБ ГБУК МДК ЦПКИО ИМ. С.М. КИРОВА;7813046452;СПБ ГБУК МДК ЦПКИО ИМ. С.М. КИРОВА;781301001;г Санкт-Петербург;93.29.9;ACTIVE;Селезнёв Павел Андреевич;ДИРЕКТОР;1;один кандидат
ИГИЛ СО РАН;5408100064;ИГИЛ СО РАН;540801001;Новосибирская обл;72.19.9;ACTIVE;Рудой Евгений Михайлович;ИСПОЛНЯЮЩИЙ ОБЯЗАННОСТИ ДИРЕКТОРА;1;один кандидат
АДМИНИСТРАЦИЯ РЯЖСКОГО МУНИЦИПАЛЬНОГО ОКРУГА РЯЗАНСКОЙ ОБЛАСТИ;6200000908;АДМИНИСТРАЦИЯ РЯЖСКОГО МУНИЦИПАЛЬНОГО ОКРУГА;620001001;Рязанская обл;84.11.34;ACTIVE;Насонов Андрей Викторович;ГЛАВА РЯЖСКОГО МУНИЦИПАЛЬНОГО ОКРУГА РЯЗАНСКОЙ ОБЛАСТИ;1;один кандидат
"ФЕДЕРАЛЬНОЕ КАЗЕННОЕ УЧРЕЖДЕНИЕ ""ИСПРАВИТЕЛЬНАЯ КОЛОНИЯ № 3 УПРАВЛЕНИЯ ФЕДЕРАЛЬНОЙ СЛУЖБЫ ИСПОЛНЕНИЯ НАКАЗАНИЙ ПО РЕСПУБЛИКЕ МАРИЙ ЭЛ""";1207000288;ФКУ ИК-3 УФСИН РОССИИ ПО РЕСПУБЛИКЕ МАРИЙ ЭЛ;120701001;Респ Марий Эл;84.23.4;ACTIVE;Иванов Андрей Леонидович;НАЧАЛЬНИК УЧРЕЖДЕНИЯ;1;один кандидат
"ФЕДЕРАЛЬНОЕ ГОСУДАРСТВЕННОЕ БЮДЖЕТНОЕ ОБРАЗОВАТЕЛЬНОЕ УЧРЕЖДЕНИЕ ВЫСШЕГО ОБРАЗОВАНИЯ ""КЕРЧЕНСКИЙ ГОСУДАРСТВЕННЫЙ МОРСКОЙ ТЕХНОЛОГИЧЕСКИЙ УНИВЕРСИТЕТ""";9111013097;"ФГБОУ ВО ""КГМТУ""";911101001;Респ Крым;85.22.1;ACTIVE;Масюткин Евгений Петрович;РЕКТОР;1;один кандидат
"АО ""ТРАНСНЕФТЬ-ПРИВОЛГА""";6317024749;"АО ""ТРАНСНЕФТЬ-ПРИВОЛГА""";631701001;Самарская обл;49.50.11;ACTIVE;Бузлаев Дмитрий Юрьевич;ГЕНЕРАЛЬНЫЙ ДИРЕКТОР;2;несколько кандидатов, взят первый
"АДМИНИСТРАЦИЯ МУНИЦИПАЛЬНОГО РАЙОНА ""ЛЕНСКИЙ РАЙОН"" РЕСПУБЛИКИ САХА (ЯКУТИЯ)";1414011947;ТОЛОНСКАЯ НАСЛЕЖНАЯ АДМИНИСТРАЦИЯ;141401001;Респ Саха (Якутия);84.11.31;ACTIVE;Попов Александр Григорьевич;ГЛАВА;5;несколько кандидатов, взят первый
МУП ЖКХ П. УРАЛЬСКИЙ;5942001689;МУП ЖКХ П. УРАЛЬСКИЙ;594201001;Пермский край;35.30.3;ACTIVE;Ощепков Владимир Петрович;ДИРЕКТОР;1;один кандидат
АДМИНИСТРАЦИЯ БЕЛОВСКОГО МУНИЦИПАЛЬНОГО ОКРУГА;4231002348;АДМИНИСТРАЦИЯ БМО;420201001;Кемеровская область - Кузбасс;84.11.34;ACTIVE;Астафьев Владимир Анатольевич;ГЛАВА БЕЛОВСКОГО МУНИЦИПАЛЬНОГО ОКРУГА;2;несколько кандидатов, взят первый
"ФЕДЕРАЛЬНОЕ КАЗЕННОЕ УЧРЕЖДЕНИЕ ""УПРАВЛЕНИЕ ПО КОНВОИРОВАНИЮ ГЛАВНОГО УПРАВЛЕНИЯ ФЕДЕРАЛЬНОЙ СЛУЖБЫ ИСПОЛНЕНИЯ НАКАЗАНИЙ ПО СВЕРДЛОВСКОЙ ОБЛАСТИ""";6661085029;ФКУ УК ГУФСИН РОССИИ ПО СВЕРДЛОВСКОЙ ОБЛАСТИ;668401001;Свердловская обл;84.23.4;ACTIVE;Лавров Евгений Васильевич;НАЧАЛЬНИК;1;один кандидат
ОТДЕЛ ПО УПРАВЛЕНИЮ МУНИЦИПАЛЬНЫМ ИМУЩЕСТВОМ И ПРОВЕДЕНИЮ ТОРГОВ АДМИНИСТРАЦИИ МУНИЦИПАЛЬНОГО ОБРАЗОВАНИЯ - КЛЕПИКОВСКИЙ МУНИЦИПАЛЬНЫЙ РАЙОН РЯЗАНСКОЙ ОБЛАСТИ;6205007625;ОУМИ;620501001;Рязанская обл;84.11.33;LIQUIDATING;Ячкова Светлана Анатольевна;ПРЕДСЕДАТЕЛЬ ЛИКВИДАЦИОННОЙ КОМИССИИ;1;один кандидат
Западный филиал РАНХиГС;;;;;;;;;;кандидатов нет
"ФГБУ ""УПРАВЛЕНИЕ ПО ЭКСПЛУАТАЦИИ ЗДАНИЙ В СЕВЕРО-ЗАПАДНОМ ФЕДЕРАЛЬНОМ ОКРУГЕ""";7703000617;"ФГБУ ""УПРАВЛЕНИЕ ПО ЭКСПЛУАТАЦИИ ЗДАНИЙ В СЕВЕРО-ЗАПАДНОМ ФЕДЕРАЛЬНОМ ОКРУГЕ""";781301001;г Санкт-Петербург;68.32.2;ACTIVE;Шапошников Сергей Владимирович;НАЧАЛЬНИК;1;один кандидат
"ООО ""КОНЦЕССКОМ""";8608053716;"ООО ""КОНЦЕССКОМ""";860801001;Ханты-Мансийский Автономный округ - Югра;35.30.14;ACTIVE;Зубович Александр Евгеньевич;ГЕНЕРАЛЬНЫЙ ДИРЕКТОР;2;несколько кандидатов, взят первый
"МУП ""ВОЗРОЖДЕНИЕ""";3311024144;"МУП ""ВОЗРОЖДЕНИЕ""";331101001;Владимирская обл;36.00.1;ACTIVE;Стародубов Александр Александрович;ГЕНЕРАЛЬНЫЙ ДИРЕКТОР;5;несколько кандидатов, взят первый
"МУНИЦИПАЛЬНОЕ УЧРЕЖДЕНИЕ ""ЦЕНТРАЛИЗОВАННАЯ БУХГАЛТЕРИЯ И СЛУЖБА МАТЕРИАЛЬНО-ТЕХНИЧЕСКОГО ОБЕСПЕЧЕНИЯ И ТРАНСПОРТНОГО ОБСЛУЖИВАНИЯ ОРГАНОВ МЕСТНОГО САМОУПРАВЛЕНИ";6418000864;"МУ ""ЦБ И СЛУЖБА МТО И ТО ОМС МУНИЦИПАЛЬНОГО ОБРАЗОВАНИЯ П.МИХАЙЛОВСКИЙ""";641801001;Саратовская обл;69.20.2;ACTIVE;Желтова Ольга Васильевна;ДИРЕКТОР;1;один кандидат
"МУНИЦИПАЛЬНОЕ КАЗЕННОЕ УЧРЕЖДЕНИЕ ""ХОЗЯЙСТВЕННО-ЭКСПЛУАТАЦИОННОЕ УПРАВЛЕНИЕ БУДЕННОВСКОГО МУНИЦИПАЛЬНОГО ОКРУГА СТАВРОПОЛЬСКОГО КРАЯ""";2624035858;"МКУ ""ХЭУ БМО СК""";262401001;Ставропольский край;68.32.2;ACTIVE;Захаров Сергей Олегович;ИСПОЛНЯЮЩИЙ ОБЯЗАННОСТИ ДИРЕКТОРА;1;один кандидат
"ФЕДЕРАЛЬНОЕ КАЗЕННОЕ УЧРЕЖДЕНИЕ ""ИСПРАВИТЕЛЬНАЯ КОЛОНИЯ № 25 ГЛАВНОГО УПРАВЛЕНИЯ ФЕДЕРАЛЬНОЙ СЛУЖБЫ ИСПОЛНЕНИЯ НАКАЗАНИЙ ПО ИРКУТСКОЙ ОБЛАСТИ""";3823001534;ФКУ ИК-25 ГУФСИН РОССИИ ПО ИРКУТСКОЙ ОБЛАСТИ;382301001;Иркутская обл;84.23.4;ACTIVE;Овчинников Андрей Николаевич;НАЧАЛЬНИК;1;один кандидат
"ФЕДЕРАЛЬНОЕ КАЗЕННОЕ УЧРЕЖДЕНИЕ ""ЛЕЧЕБНОЕ ИСПРАВИТЕЛЬНОЕ УЧРЕЖДЕНИЕ № 7 УПРАВЛЕНИЯ ФЕДЕРАЛЬНОЙ СЛУЖБЫ ИСПОЛНЕНИЯ НАКАЗАНИЙ ПО ТАМБОВСКОЙ ОБЛАСТИ""";6806001145;ФКУ ЛИУ-7 УФСИН РОССИИ ПО ТАМБОВСКОЙ ОБЛАСТИ;680601001;Тамбовская обл;84.23.4;ACTIVE;Шлыков Олег Валерьевич;НАЧАЛЬНИК;1;один кандидат
"ФЕДЕРАЛЬНОЕ КАЗЕННОЕ УЧРЕЖДЕНИЕ ""СЛЕДСТВЕННЫЙ ИЗОЛЯТОР № 5 ГЛАВНОГО УПРАВЛЕНИЯ ФЕДЕРАЛЬНОЙ СЛУЖБЫ ИСПОЛНЕНИЯ НАКАЗАНИЙ ПО Г. МОСКВЕ""";7712033104;ФКУ СИЗО-5 ГУФСИН РОССИИ ПО Г. МОСКВЕ;774301001;г Москва;84.23.4;ACTIVE;Иваницкий Денис Евгеньевич;НАЧАЛЬНИК;1;один кандидат
"МУРМАНСКИЙ ФИЛИАЛ ФГБУ ""ГЛАВРЫБВОД""";;;;;;;;;;кандидатов нет
АДМИНИСТРАЦИЯ ГОРОДА СУДЖИ  СУДЖАНСКОГО РАЙОНА КУРСКОЙ ОБЛАСТИ;4623002130;АДМИНИСТРАЦИЯ ГОРОДА СУДЖИ СУДЖАНСКОГО РАЙОНА КУРСКОЙ ОБЛАСТИ;462301001;Курская обл;84.11.32;ACTIVE;Слащев Виталий Владимирович;ГЛАВА ГОРОДА СУДЖИ;1;один кандидат
"МУНИЦИПАЛЬНОЕ УЧРЕЖДЕНИЕ ""УПРАВЛЕНИЕ АДМИНИСТРАТИВНО-ХОЗЯЙСТВЕННОГО И ТРАНСПОРТНОГО ОБЕСПЕЧЕНИЯ"" ГОРОДСКОГО ОКРУГА ЗАТО СВЕТЛЫЙ";6434012747;"МУ ""УПРАВЛЕНИЕ АДМИНИСТРАТИВНО-ХОЗЯЙСТВЕННОГО И ТРАНСПОРТНОГО ОБЕСПЕЧЕНИЯ""";643401001;Саратовская обл;82.11;ACTIVE;Дурнов Андрей Владимирович;ДИРЕКТОР;1;один кандидат
"АО ""106 ЭОМЗ""";7718824504;"АО ""106 ЭОМЗ""";771801001;г Москва;26.51.1;ACTIVE;"АКЦИОНЕРНОЕ ОБЩЕСТВО ""НАУЧНО-ПРОИЗВОДСТВЕННАЯ КОРПОРАЦИЯ ""СИСТЕМЫ ПРЕЦИЗИОННОГО ПРИБОРОСТРОЕНИЯ""";;1;один кандидат
"ФЕДЕРАЛЬНОЕ КАЗЕННОЕ УЧРЕЖДЕНИЕ ""ОРЛОВСКАЯ ПСИХИАТРИЧЕСКАЯ БОЛЬНИЦА (СТАЦИОНАР) СПЕЦИАЛИЗИРОВАННОГО ТИПА С ИНТЕНСИВНЫМ НАБЛЮДЕНИЕМ"" МИНИСТЕРСТВА ЗДРАВООХРАНЕНИЯ";5751013073;"ФКУ ""ОРЛОВСКАЯ ПБСТИН"" МИНЗДРАВА РОССИИ";575101001;Орловская обл;86.10;ACTIVE;Басинская Ирина Александровна;ГЛАВНЫЙ ВРАЧ;2;несколько кандидатов, взят первый
"ФЕДЕРАЛЬНОЕ ГОСУДАРСТВЕННОЕ БЮДЖЕТНОЕ НАУЧНОЕ УЧРЕЖДЕНИЕ ""ВСЕРОССИЙСКИЙ НАУЧНО-ИССЛЕДОВАТЕЛЬСКИЙ ИНСТИТУТ САХАРНОЙ СВЁКЛЫ И САХАРА ИМЕНИ А.Л. МАЗЛУМОВА""";3625000930;"ФГБНУ ""ВНИИСС ИМ. А.Л. МАЗЛУМОВА""";362501001;Воронежская обл;72.19;ACTIVE;Подпоринова Галина Константиновна;ВРЕМЕННО ИСПОЛНЯЮЩИЙ ОБЯЗАННОСТИ ДИРЕКТОРА;1;один кандидат
"ФЕДЕРАЛЬНОЕ КАЗЕННОЕ УЧРЕЖДЕНИЕ ""ИСПРАВИТЕЛЬНАЯ КОЛОНИЯ № 12 ГЛАВНОГО УПРАВЛЕНИЯ ФЕДЕРАЛЬНОЙ СЛУЖБЫ ИСПОЛНЕНИЯ НАКАЗАНИЙ ПО РОСТОВСКОЙ ОБЛАСТИ""";6147019932;ФКУ ИК-12 ГУФСИН РОССИИ ПО РОСТОВСКОЙ ОБЛАСТИ;614701001;Ростовская обл;84.23.4;ACTIVE;Газиян Георгий Геннадьевич;НАЧАЛЬНИК;1;один кандидат
УПРАВЛЕНИЕ ФЕДЕРАЛЬНОЙ НАЛОГОВОЙ СЛУЖБЫ ПО КАБАРДИНО-БАЛКАРСКОЙ РЕСПУБЛИКЕ;0721009610;УФНС РОССИИ ПО КАБАРДИНО-БАЛКАРСКОЙ РЕСПУБЛИКЕ;072501001;Кабардино-Балкарская Респ;84.11.4;ACTIVE;Гучев Ахмед Анатольевич;РУКОВОДИТЕЛЬ;2;несколько кандидатов, взят первый
"ООО ""АК ""ЯМАЛ"", ООО ""АВИАКОМПАНИЯ ""ЯМАЛ""";7710697928;"ООО ""АК ""ЯМАЛ"", ООО ""АВИАКОМПАНИЯ ""ЯМАЛ""";771001001;г Москва;51.10.1;ACTIVE;Майер Александр Сергеевич;ГЕНЕРАЛЬНЫЙ ДИРЕКТОР;3;несколько кандидатов, взят первый
"ФЕДЕРАЛЬНОЕ КАЗЕННОЕ УЧРЕЖДЕНИЕ ""ИСПРАВИТЕЛЬНАЯ КОЛОНИЯ № 6 УПРАВЛЕНИЯ ФЕДЕРАЛЬНОЙ СЛУЖБЫ ИСПОЛНЕНИЯ НАКАЗАНИЙ ПО АСТРАХАНСКОЙ ОБЛАСТИ""";3017032535;ФКУ ИК-6 УФСИН РОССИИ ПО АСТРАХАНСКОЙ ОБЛАСТИ;302501001;Астраханская обл;84.23.4;ACTIVE;Байменов Тимур Сагангалиевич;НАЧАЛЬНИК;1;один кандидат
"АО ""АСПО""";3017064287;"АО ""АСПО""";302501001;Астраханская обл;30.11;ACTIVE;Глушнёв Петр Михайлович;ГЕНЕРАЛЬНЫЙ ДИРЕКТОР;2;несколько кандидатов, взят первый
"ФЕДЕРАЛЬНОЕ КАЗЕННОЕ УЧРЕЖДЕНИЕ ""ИСПРАВИТЕЛЬНАЯ КОЛОНИЯ № 44 ГЛАВНОГО УПРАВЛЕНИЯ ФЕДЕРАЛЬНОЙ СЛУЖБЫ ИСПОЛНЕНИЯ НАКАЗАНИЙ ПО КЕМЕРОВСКОЙ ОБЛАСТИ - КУЗБАССУ""";4202010256;ФКУ ИК-44 ГУФСИН РОССИИ ПО КЕМЕРОВСКОЙ ОБЛАСТИ - КУЗБАССУ;420201001;Кемеровская область - Кузбасс;84.23.4;LIQUIDATED;Юрченко Андрей Владимирович;ПРЕДСЕДАТЕЛЬ ЛИКВИДАЦИОННОЙ КОМИССИИ;1;один кандидат
"ООО ""СБД""";7736323532;"ООО ""СБД""";771401001;г Москва;41.20.9;ACTIVE;Кокорев Алексей Сергеевич;ГЕНЕРАЛЬНЫЙ ДИРЕКТОР;5;несколько кандидатов, взят первый
"ООО ""ЮТЭП""";2311151510;"ООО ""ЮТЭП""";231101001;Краснодарский край;35.30.14;ACTIVE;Караваев Максим Геннадьевич;ГЕНЕРАЛЬНЫЙ ДИРЕКТОР;5;несколько кандидатов, взят первый
"МУНИЦИПАЛЬНОЕ КАЗЁННОЕ УЧРЕЖДЕНИЕ ""УПРАВЛЕНИЕ ИМУЩЕСТВОМ, ЗЕМЛЕПОЛЬЗОВАНИЯ И ЗЕМЛЕУСТРОЙСТВА""";2452034665;"МКУ ""УИЗИЗ""";245201001;Красноярский край;68.20.2;ACTIVE;Сивчук Евгения Яковлевна;ДИРЕКТОР;3;несколько кандидатов, взят первый
"ГАПОУ СО ""КРАСНОТУРЬИНСКИЙ ПОЛИТЕХНИКУМ""";6617005641;"ГАПОУ СО ""КРАСНОТУРЬИНСКИЙ ПОЛИТЕХНИКУМ""";661701001;Свердловская обл;85.21;ACTIVE;Ветчинникова Надежда Алексеевна;ДИРЕКТОР;1;один кандидат
"ФГАУ ""ЦВППКИО ВС РФ ""ПАТРИОТ""";5032254871;"ФГАУ ""ЦВППКИО ВС РФ ""ПАТРИОТ""";503201001;Московская обл;91.02;LIQUIDATED;Богатиков Роман Иванович;ВРЕМЕННО ИСПОЛНЯЮЩИЙ ОБЯЗАННОСТИ ДИРЕКТОРА;1;один кандидат
"ПУБЛИЧНОЕ АКЦИОНЕРНОЕ ОБЩЕСТВО ""АВИАЦИОННЫЙ КОМПЛЕКС ИМ. С.В. ИЛЬЮШИНА""";;;;;;;;;;кандидатов нет
"ГОСУДАРСТВЕННОЕ КАЗЕННОЕ УЧРЕЖДЕНИЕ СОЦИАЛЬНОГО ОБСЛУЖИВАНИЯ КРАСНОДАРСКОГО КРАЯ ""ГУЛЬКЕВИЧСКИЙ РЕАБИЛИТАЦИОННЫЙ ЦЕНТР ДЛЯ ДЕТЕЙ И ПОДРОСТКОВ С ОГРАНИЧЕННЫМИ ВО";;;;;;;;;;кандидатов нет
"МУНИЦИПАЛЬНОЕ УНИТАРНОЕ ПРЕДПРИЯТИЕ ""РАЙОННЫЕ ТЕПЛОВЫЕ СЕТИ"" КОНАКОВСКИЙ МУНИЦИПАЛЬНЫЙ РАЙОН ТВЕРСКОЙ ОБЛАСТИ";;;;;;;;;;кандидатов нет
"ФЕДЕРАЛЬНОЕ КАЗЕННОЕ УЧРЕЖДЕНИЕ ""СЛЕДСТВЕННЫЙ ИЗОЛЯТОР № 2 ГЛАВНОГО УПРАВЛЕНИЯ ФЕДЕРАЛЬНОЙ СЛУЖБЫ ИСПОЛНЕНИЯ НАКАЗАНИЙ ПО НОВОСИБИРСКОЙ ОБЛАСТИ""";5447104175;ФКУ СИЗО-2 ГУФСИН РОССИИ ПО НОВОСИБИРСКОЙ ОБЛАСТИ;544701001;Новосибирская обл;84.23.4;ACTIVE;Астанин Евгений Викторович;НАЧАЛЬНИК УЧРЕЖДЕНИЯ;1;один кандидат
"АО ""ПРИМАВТОДОР""";2538099431;"АО ""ПРИМАВТОДОР""";253801001;Приморский край;52.21.22;ACTIVE;Зайцев Николай Викторович;ГЕНЕРАЛЬНЫЙ ДИРЕКТОР;1;один кандидат
АДМИНИСТРАЦИЯ ЗДВИНСКОГО СЕЛЬСОВЕТА ЗДВИНСКОГО РАЙОНА НОВОСИБИРСКОЙ ОБЛАСТИ;5421100289;АДМИНИСТРАЦИЯ ЛЯНИНСКОГО СЕЛЬСОВЕТА;542101001;Новосибирская обл;84.11.31;ACTIVE;Зайцева Ольга Алексеевна;ГЛАВА ЛЯНИНСКОГО СЕЛЬСОВЕТА ЗДВИНСКОГО РАЙОНА НОВОСИБИРСКОЙ ОБЛАСТИ;5;несколько кандидатов, взят первый
"УМП ""ВОДОКАНАЛ""";6627012077;"УМП ""ВОДОКАНАЛ""";668401001;Свердловская обл;36.00.2;ACTIVE;Шуреков Дмитрий Андреевич;ДИРЕКТОР;5;несколько кандидатов, взят первый
"ЕНИСЕЙСКИЙ ФИЛИАЛ ФЕДЕРАЛЬНОГО ГОСУДАРСТВЕННОГО БЮДЖЕТНОГО УЧРЕЖДЕНИЯ ""ГЛАВНОЕ БАССЕЙНОВОЕ УПРАВЛЕНИЕ ПО РЫБОЛОВСТВУ И СОХРАНЕНИЮ ВОДНЫХ БИОЛОГИЧЕСКИХ РЕСУРСОВ""";7708044880;"ЕНИСЕЙСКИЙ ФИЛИАЛ ФЕДЕРАЛЬНОГО ГОСУДАРСТВЕННОГО БЮДЖЕТНОГО УЧРЕЖДЕНИЯ ""ГЛАВНОЕ БАССЕЙНОВОЕ УПРАВЛЕНИЕ ПО РЫБОЛОВСТВУ И СОХРАНЕНИЮ ВОДНЫХ БИОЛОГИЧЕСКИХ РЕСУРСОВ""";246643001;Красноярский край;;ACTIVE;;;1;один кандидат
"АО ""НИИ НПО ""ЛУЧ""";5074070474;"АО ""НИИ НПО ""ЛУЧ""";507401001;Московская обл;72.19.9;ACTIVE;"АКЦИОНЕРНОЕ ОБЩЕСТВО ""РОСАТОМ НАУКА""";;1;один кандидат
"МУНИЦИПАЛЬНОЕ КАЗЕННОЕ УЧРЕЖДЕНИЕ ""СЛУЖБА ЗАКАЗЧИКА БАЛАХТИНСКОГО РАЙОНА""";2403007884;МКУ СЛУЖБА ЗАКАЗЧИКА;240301001;Красноярский край;70.22;ACTIVE;Шаршавин Никита Евгеньевич;ДИРЕКТОР;1;один кандидат
"ФЕДЕРАЛЬНОЕ ГОСУДАРСТВЕННОЕ КАЗЕННОЕ УЧРЕЖДЕНИЕ КОМБИНАТ ""АВАНГАРД"" УПРАВЛЕНИЯ ФЕДЕРАЛЬНОГО АГЕНТСТВА ПО ГОСУДАРСТВЕННЫМ РЕЗЕРВАМ ПО ДАЛЬНЕВОСТОЧНОМУ ФЕДЕРАЛЬНО";;;;;;;;;;кандидатов нет
"АО ""Международный аэропорт ""Пермь""";5948043928;"АО ""МЕЖДУНАРОДНЫЙ АЭРОПОРТ ""ПЕРМЬ"", АО ""МАП""";594801001;Пермский край;52.23.11;ACTIVE;Будрин Дмитрий Владимирович;ГЕНЕРАЛЬНЫЙ ДИРЕКТОР;1;один кандидат
"СТАВРОПОЛЬСКИЙ ФИЛИАЛ ФЕДЕРАЛЬНОГО ГОСУДАРСТВЕННОГО КАЗЕННОГО ОБРАЗОВАТЕЛЬНОГО УЧРЕЖДЕНИЯ ВЫСШЕГО ОБРАЗОВАНИЯ ""КРАСНОДАРСКИЙ УНИВЕРСИТЕТ МИНИСТЕРСТВА ВНУТРЕННИХ";2311092752;"СТАВРОПОЛЬСКИЙ ФИЛИАЛ ФЕДЕРАЛЬНОГО ГОСУДАРСТВЕННОГО КАЗЕННОГО ОБРАЗОВАТЕЛЬНОГО УЧРЕЖДЕНИЯ ВЫСШЕГО ОБРАЗОВАНИЯ ""КРАСНОДАРСКИЙ УНИВЕРСИТЕТ МИНИСТЕРСТВА ВНУТРЕННИХ ДЕЛ РОССИЙСКОЙ ФЕДЕРАЦИИ""";263602001;Ставропольский край;;ACTIVE;;;1;один кандидат
"ФЕДЕРАЛЬНОЕ КАЗЕННОЕ УЧРЕЖДЕНИЕ ""ИСПРАВИТЕЛЬНАЯ КОЛОНИЯ № 31 ГЛАВНОГО УПРАВЛЕНИЯ ФЕДЕРАЛЬНОЙ СЛУЖБЫ ИСПОЛНЕНИЯ НАКАЗАНИЙ ПО ПРИМОРСКОМУ КРАЮ""";2534005496;ФКУ ИК-31 ГУФСИН РОССИИ ПО ПРИМОРСКОМУ КРАЮ;253401001;Приморский край;84.23.4;ACTIVE;Бойко Игорь Александрович;НАЧАЛЬНИК;1;один кандидат
"КОМИТЕТ ПО ЖИЛИЩНО-КОММУНАЛЬНОМУ ХОЗЯЙСТВУ АДМИНИСТРАЦИИ МУНИЦИПАЛЬНОГО ОБРАЗОВАНИЯ ""ГОРОД САРАТОВ""";6450049166;КОМИТЕТ ПО ЖКХ;645001001;Саратовская обл;84.11.35;ACTIVE;Сидоров Алексей Сергеевич;"ПРЕДСЕДАТЕЛЬ КОМИТЕТА ПО ЖИЛИЩНО-КОММУНАЛЬНОМУ ХОЗЯЙСТВУ АДМИНИСТРАЦИИ МУНИЦИПАЛЬНОГО ОБРАЗОВАНИЯ ""ГОРОД САРАТОВ""";1;один кандидат
"МУНИЦИПАЛЬНОЕ УНИТАРНОЕ ПРЕДПРИЯТИЕ КУЙБЫШЕВСКОГО РАЙОНА ""ГЖАТСКСЕРВИС""";5452004352;"МУП ""ГЖАТСКСЕРВИС""";545201001;Новосибирская обл;35.30.14;ACTIVE;Мишкинов Владимир Михайлович;ДИРЕКТОР;1;один кандидат
"АО ""ЧАП""";7450003519;"АО ""ЧАП""";746001001;Челябинская обл;52.23.11;ACTIVE;Чугунов Александр Владимирович;ГЕНЕРАЛЬНЫЙ ДИРЕКТОР;2;несколько кандидатов, взят первый
"АО ""КМЗ-СПЕЦМАШ""";3305709037;"АО ""КМЗ-СПЕЦМАШ""";330501001;Владимирская обл;25.40;ACTIVE;Черкасов Михаил Викторович;ГЕНЕРАЛЬНЫЙ ДИРЕКТОР;1;один кандидат
АДМИНИСТРАЦИЯ СЕЛИЖАРОВСКОГО МУНИЦИПАЛЬНОГО ОКРУГА ТВЕРСКОЙ ОБЛАСТИ;6939001112;АДМИНИСТРАЦИЯ СЕЛИЖАРОВСКОГО МУНИЦИПАЛЬНОГО ОКРУГА;693901001;Тверская обл;84.11.34;ACTIVE;Маркузов Дмитрий Викторович;ГЛАВА СЕЛИЖАРОВСКОГО МУНИЦИПАЛЬНОГО ОКРУГА;1;один кандидат
"ФГБОУ ВО ""ВГСПУ""";3444049187;"ФГБОУ ВО ""ВГСПУ""";344401001;Волгоградская обл;85.22.1;ACTIVE;Коротков Александр Михайлович;РЕКТОР;1;один кандидат
ФЕДЕРАЛЬНОЕ ГОСУДАРСТВЕННОЕ БЮДЖЕТНОЕ УЧРЕЖДЕНИЕ НАУКИ ИНСТИТУТ ПРОБЛЕМ КОМПЛЕКСНОГО ОСВОЕНИЯ НЕДР ИМ. АКАДЕМИКА Н.В. МЕЛЬНИКОВА РОССИЙСКОЙ АКАДЕМИИ НАУК;7722013467;ИПКОН РАН;772201001;г Москва;72.19.9;ACTIVE;Шляпин Алексей Владимирович;ДИРЕКТОР;1;один кандидат
"ФГБОУ ВО ""РГСУ"", РГСУ, РОССИЙСКИЙ ГОСУДАРСТВЕННЫЙ СОЦИАЛЬНЫЙ УНИВЕРСИТЕТ";7718084994;"ФГБОУ ВО ""РГСУ"", РГСУ, РОССИЙСКИЙ ГОСУДАРСТВЕННЫЙ СОЦИАЛЬНЫЙ УНИВЕРСИТЕТ";771701001;г Москва;85.22.1;ACTIVE;Хазин Андрей Леонидович;РЕКТОР;1;один кандидат
"АО АПК ""АЛЕКСЕЕВСКИЙ""";0245966232;"АО АПК ""АЛЕКСЕЕВСКИЙ""";024501001;Респ Башкортостан;01.13.1;BANKRUPT;Юсупов Айдар Ришатович;ГЕНЕРАЛЬНЫЙ ДИРЕКТОР;1;один кандидат
"ГБУЗ АО ""ОКПТД""";3015044310;"ГБУЗ АО ""ОКПТД""";301501001;Астраханская обл;86.10;ACTIVE;Попова Наталья Алексеевна;ИСПОЛНЯЮЩИЙ ОБЯЗАННОСТИ ГЛАВНОГО ВРАЧА;5;несколько кандидатов, взят первый
"КОМИТЕТ ПО УПРАВЛЕНИЮ ИМУЩЕСТВОМ АДМИНИСТРАЦИИ МУНИЦИПАЛЬНОГО ОБРАЗОВАНИЯ ""ХОЛМОГОРСКИЙ МУНИЦИПАЛЬНЫЙ РАЙОН"" АРХАНГЕЛЬСКОЙ ОБЛАСТИ";;;;;;;;;;кандидатов нет
"МУНИЦИПАЛЬНОЕ БЮДЖЕТНОЕ УЧРЕЖДЕНИЕ ""КОМБИНАТ БЛАГОУСТРОЙСТВА""";3435900323;"МБУ ""КОМБИНАТ БЛАГОУСТРОЙСТВА""";343501001;Волгоградская обл;81.29.9;ACTIVE;Туманов Валерий Михайлович;ДИРЕКТОР;5;несколько кандидатов, взят первый
"МУНИЦИПАЛЬНОЕ УНИТАРНОЕ ПРЕДПРИЯТИЕ ""ГОРСЕТИ""";8202011024;"МУП ""ГОРСЕТИ""";820201001;Камчатский край;35.30.14;ACTIVE;Гаврилов Алексей Юрьевич;ДИРЕКТОР;1;один кандидат
АДМИНИСТРАЦИЯ ПОСЕЛКА КАСТОРНОЕ КУРСКОЙ ОБЛАСТИ;4608000675;АДМИНИСТРАЦИЯ ПОСЕЛКА КАСТОРНОЕ КУРСКОЙ ОБЛАСТИ;460801001;Курская обл;84.11.32;ACTIVE;Виниченко Сергей Леонидович;ГЛАВА ПОСЕЛКА КАСТОРНОЕ;1;один кандидат
АО 'ЮВК';8604048909;"АО ""ЮВК""";860401001;Ханты-Мансийский Автономный округ - Югра;37.00;ACTIVE;Назаров Руслан Викторович;ВРЕМЕННО ИСПОЛНЯЮЩИЙ ОБЯЗАННОСТИ ГЕНЕРАЛЬНОГО ДИРЕКТОРА;1;один кандидат
"АО ""НПО ""ЦНИИТМАШ""";7723564851;"АО ""НПО ""ЦНИИТМАШ""";772301001;г Москва;72.19.9;ACTIVE;Орлов Виктор Валерьевич;ГЕНЕРАЛЬНЫЙ ДИРЕКТОР;1;один кандидат
"АО ""ПРЕПРЕГ-СКМ""";7729632610;"АО ""ПРЕПРЕГ-СКМ""";772301001;г Москва;30.30.5;ACTIVE;Белолипецкий Роман Игоревич;ГЕНЕРАЛЬНЫЙ ДИРЕКТОР;1;один кандидат
"НАЦИОНАЛЬНЫЙ ИССЛЕДОВАТЕЛЬСКИЙ УНИВЕРСИТЕТ ""ВЫСШАЯ ШКОЛА ЭКОНОМИКИ"", НИУ ""ВЫСШАЯ ШКОЛА ЭКОНОМИКИ"", ВЫСШАЯ ШКОЛА ЭКОНОМИКИ, НИУ ВШЭ, ВШЭ";7714030726;"НАЦИОНАЛЬНЫЙ ИССЛЕДОВАТЕЛЬСКИЙ УНИВЕРСИТЕТ ""ВЫСШАЯ ШКОЛА ЭКОНОМИКИ"", НИУ ""ВЫСШАЯ ШКОЛА ЭКОНОМИКИ"", ВЫСШАЯ ШКОЛА ЭКОНОМИКИ, НИУ ВШЭ, ВШЭ";770101001;г Москва;85.22.1;ACTIVE;Анисимов Никита Юрьевич;РЕКТОР;1;один кандидат
АДМИНИСТРАЦИЯ ОСТАШКОВСКОГО ГОРОДСКОГО ОКРУГА;;;;;;;;;;кандидатов нет
"АО ""НИИГРАФИТ""";7720723422;"АО ""НИИГРАФИТ""";772001001;г Москва;23.99;ACTIVE;"АКЦИОНЕРНОЕ ОБЩЕСТВО ""РОСАТОМ НАУКА""";;1;один кандидат
"МУНИЦИПАЛЬНОЕ КАЗЕННОЕ УЧРЕЖДЕНИЕ ""АДМИНИСТРАЦИЯ МУНИЦИПАЛЬНОГО ОБРАЗОВАНИЯ ""ОНЕЖСКИЙ МУНИЦИПАЛЬНЫЙ РАЙОН""";;;;;;;;;;кандидатов нет
"ФЕДЕРАЛЬНОЕ КАЗЕННОЕ УЧРЕЖДЕНИЕ ""ИСПРАВИТЕЛЬНАЯ КОЛОНИЯ № 46 ГЛАВНОГО УПРАВЛЕНИЯ ФЕДЕРАЛЬНОЙ СЛУЖБЫ ИСПОЛНЕНИЯ НАКАЗАНИЙ ПО СВЕРДЛОВСКОЙ ОБЛАСТИ""";6621007225;ФКУ ИК-46 ГУФСИН РОССИИ ПО СВЕРДЛОВСКОЙ ОБЛАСТИ;668201001;Свердловская обл;84.23.4;ACTIVE;Нурмагамедов Максим Миликмагомедович;НАЧАЛЬНИК;1;один кандидат
АДМИНИСТРАЦИЯ ГОРНОВСКОГО МУНИЦИПАЛЬНОГО ОБРАЗОВАНИЯ КРАСНОПАРТИЗАНСКОГО МУНИЦИПАЛЬНОГО РАЙОНА САРАТОВСКОЙ ОБЛАСТИ;6418001427;АДМИНИСТРАЦИЯ ГОРНОВСКОГО МО;641801001;Саратовская обл;84.11.3;LIQUIDATING;Дубцова Ольга Павловна;ПРЕДСЕДАТЕЛЬ ЛИКВИДАЦИОННОЙ КОМИССИИ;2;несколько кандидатов, взят первый
АО «НПО «ЦНИИТМАШ»;7723564851;"АО ""НПО ""ЦНИИТМАШ""";772301001;г Москва;72.19.9;ACTIVE;Орлов Виктор Валерьевич;ГЕНЕРАЛЬНЫЙ ДИРЕКТОР;1;один кандидат
"ФЕДЕРАЛЬНОЕ КАЗЕННОЕ УЧРЕЖДЕНИЕ ""ТЮРЬМА ГЛАВНОГО УПРАВЛЕНИЯ ФЕДЕРАЛЬНОЙ СЛУЖБЫ ИСПОЛНЕНИЯ НАКАЗАНИЙ ПО ЧЕЛЯБИНСКОЙ ОБЛАСТИ""";7429010986;ФКУ Т ГУФСИН РОССИИ ПО ЧЕЛЯБИНСКОЙ ОБЛАСТИ;745501001;Челябинская обл;84.23.4;ACTIVE;Буркин Денис Алексеевич;ВРЕМЕННО ИСПОЛНЯЮЩИЙ ОБЯЗАННОСТИ НАЧАЛЬНИКА;1;один кандидат
"ФЕДЕРАЛЬНОЕ КАЗЕННОЕ УЧРЕЖДЕНИЕ ""ИСПРАВИТЕЛЬНАЯ КОЛОНИЯ № 4 УПРАВЛЕНИЯ ФЕДЕРАЛЬНОЙ СЛУЖБЫ ИСПОЛНЕНИЯ НАКАЗАНИЙ ПО ТОМСКОЙ ОБЛАСТИ""";7017004775;ФКУ ИК-4 УФСИН РОССИИ ПО ТОМСКОЙ ОБЛАСТИ;701701001;Томская обл;84.23.4;ACTIVE;Некрюков Антон Александрович;НАЧАЛЬНИК;1;один кандидат
АДМИНИСТРАЦИЯ КАРГОПОЛЬСКОГО МУНИЦИПАЛЬНОГО ОКРУГА АРХАНГЕЛЬСКОЙ ОБЛАСТИ;2911007357;АДМИНИСТРАЦИЯ КАРГОПОЛЬСКОГО МУНИЦИПАЛЬНОГО ОКРУГА;291101001;Архангельская обл;84.11.34;ACTIVE;Бубенщикова Наталья Владимировна;ГЛАВА КАРГОПОЛЬСКОГО МУНИЦИПАЛЬНОГО ОКРУГА АРХАНГЕЛЬСКОЙ ОБЛАСТИ;1;один кандидат
