Вид;Запрос / шаблон;Это поисковый запрос;С {регион};Сколько агентов дали;Источники
беларусь_закупки;goszakupki.by: зерноочистка;да;;1;сессия-4
беларусь_закупки;goszakupki.by: сортировочное оборудование;да;;1;сессия-4
беларусь_закупки;icetrade.by: детектор посторонних включений;да;;1;сессия-4
беларусь_закупки;icetrade.by: дробилка пластика;да;;1;сессия-4
беларусь_закупки;icetrade.by: зерноочистительная машина;да;;1;сессия-4
беларусь_закупки;icetrade.by: линия сортировки ТКО;да;;1;сессия-4
беларусь_закупки;icetrade.by: металлодетектор пищевой;да;;1;сессия-4
беларусь_закупки;icetrade.by: модернизация элеватора;да;;1;сессия-4
беларусь_закупки;icetrade.by: оборудование крупозавода;да;;1;сессия-4
беларусь_закупки;icetrade.by: оптический сортировщик;да;;1;сессия-4
беларусь_закупки;icetrade.by: рентгеновская установка контроля;да;;1;сессия-4
беларусь_закупки;icetrade.by: сепаратор воздушно-решётный;да;;1;сессия-4
беларусь_закупки;icetrade.by: сортировщик зерна;да;;1;сессия-4
беларусь_закупки;icetrade.by: фотосепаратор;да;;1;сессия-4
беларусь_закупки;zakupki.butb.by: рентген-инспекция;да;;1;сессия-4
беларусь_закупки;zakupki.butb.by: фотосепаратор / оптический сортировщик;да;;1;сессия-4
беларусь_закупки;ЕАЭС кросс-проверка: zakupki.gov.ru — белорусские участники-поставщики;да;;1;сессия-4
беларусь_закупки;закупки за счёт собственных средств ОАО (Постановление Совмина № 229) — публикуются на icetrade.by;да;;1;сессия-4
беларусь_закупки;запросы ценовых предложений райагросервисов и КСУП на зерноочистку;да;;1;сессия-4
беларусь_запросы_по_стране;Беларуськалий Солигорск обогатительные фабрики;да;;1;сессия-4
беларусь_запросы_по_стране;Белвтормет вторчермет предприятия;да;;1;сессия-4
беларусь_запросы_по_стране;Гомельский ГОК стекольные пески;да;;1;сессия-4
беларусь_запросы_по_стране;Китайско-белорусский парк Великий камень пищевые резиденты;да;;1;сессия-4
беларусь_запросы_по_стране;Красносельскстройматериалы мел;да;;1;сессия-4
беларусь_запросы_по_стране;Мозырьсоль;да;;1;сессия-4
беларусь_запросы_по_стране;ОАО Доломит Витебск;да;;1;сессия-4
беларусь_запросы_по_стране;РУПП Гранит Микашевичи;да;;1;сессия-4
беларусь_запросы_по_стране;Славкалий Петриковский ГОК;да;;1;сессия-4
беларусь_запросы_по_стране;агракамбінат (бел.);да;;1;сессия-4
беларусь_запросы_по_стране;аттестованные предприятия Беларуси экспорт ЕАЭС;да;;1;сессия-4
беларусь_запросы_по_стране;белорусские предприятия реестр Россельхознадзора Цербер;да;;1;сессия-4
беларусь_запросы_по_стране;белорусские экспортёры в Китай реестр GACC;да;;1;сессия-4
беларусь_запросы_по_стране;инвестпроект элеватор Беларусь 2026;да;;1;сессия-4
беларусь_запросы_по_стране;камбікормавы завод (бел.);да;;1;сессия-4
беларусь_запросы_по_стране;картофелеперерабатывающие предприятия Беларуси;да;;1;сессия-4
беларусь_запросы_по_стране;комбикормовые заводы Беларуси;да;;1;сессия-4
беларусь_запросы_по_стране;комбинаты хлебопродуктов Беларуси список;да;;1;сессия-4
беларусь_запросы_по_стране;кондитерские фабрики Беларуси;да;;1;сессия-4
беларусь_запросы_по_стране;кофейные компании обжарка Минск;да;;1;сессия-4
беларусь_запросы_по_стране;крупазавод Беларусь (бел.);да;;1;сессия-4
беларусь_запросы_по_стране;крупозаводы Республики Беларусь;да;;1;сессия-4
беларусь_запросы_по_стране;льнозаводы Беларуси список;да;;1;сессия-4
беларусь_запросы_по_стране;модернизация КХП Беларусь госпрограмма;да;;1;сессия-4
беларусь_запросы_по_стране;молочные комбинаты Беларуси;да;;1;сессия-4
беларусь_запросы_по_стране;мясокомбинаты Беларуси;да;;1;сессия-4
беларусь_запросы_по_стране;облхлебопродукт холдинг Беларусь состав;да;;1;сессия-4
беларусь_запросы_по_стране;оператор вторичных материальных ресурсов Беларусь переработчики;да;;1;сессия-4
беларусь_запросы_по_стране;оптический сортировщик зерна Беларусь;да;;1;сессия-4
беларусь_запросы_по_стране;организации концерна Белгоспищепром;да;;1;сессия-4
беларусь_запросы_по_стране;переработчики пластика Беларуси;да;;1;сессия-4
беларусь_запросы_по_стране;плодоовощные консервные заводы Беларуси;да;;1;сессия-4
беларусь_запросы_по_стране;покупка зерноочистительного оборудования Беларусь;да;;1;сессия-4
беларусь_запросы_по_стране;предприятия Белкоопсоюза заготовка;да;;1;сессия-4
беларусь_запросы_по_стране;предприятия по переработке ТКО Беларусь сортировочные станции;да;;1;сессия-4
беларусь_запросы_по_стране;производители пеллет и щепы Беларусь;да;;1;сессия-4
беларусь_запросы_по_стране;производители снеков Беларусь;да;;1;сессия-4
беларусь_запросы_по_стране;производители сухофруктов Беларусь;да;;1;сессия-4
беларусь_запросы_по_стране;райпо заготовка дикорастущих ягод грибов Беларусь;да;;1;сессия-4
беларусь_запросы_по_стране;реестр производителей кормов и кормовых добавок Минсельхозпрод;да;;1;сессия-4
беларусь_запросы_по_стране;рентген контроль продукции Беларусь;да;;1;сессия-4
беларусь_запросы_по_стране;рыбхозы Беларуси;да;;1;сессия-4
беларусь_запросы_по_стране;семеноводческие предприятия Республики Беларусь;да;;1;сессия-4
беларусь_запросы_по_стране;стекольные заводы Беларуси;да;;1;сессия-4
беларусь_запросы_по_стране;фасовщики круп и бакалеи Беларусь;да;;1;сессия-4
беларусь_запросы_по_стране;фотосепаратор Беларусь купить;да;;1;сессия-4
беларусь_запросы_по_стране;экспортёры льна Беларусь;да;;1;сессия-4
беларусь_запросы_по_стране;экспортёры рапса Беларусь;да;;1;сессия-4
беларусь_запросы_по_стране;элеватар Беларусь (бел.);да;;1;сессия-4
беларусь_запросы_по_стране;элеваторы Беларуси перечень;да;;1;сессия-4
беларусь_источники_и_реестры;b2b.by, kompass (by), «Бизнес-справочник РБ», «Белорусский товаропроизводитель», ex.by, kartoteka.by — справочники для контактов;нет;;1;сессия-4
беларусь_источники_и_реестры;belkoopsoyuz.by — Белкоопсоюз, облпотребсоюзы, райпо, заготовительные организации;нет;;1;сессия-4
беларусь_источники_и_реестры;bgp.by — концерн «Белгоспищепром», перечень организаций;нет;;1;сессия-4
беларусь_источники_и_реестры;"butb.by — БУТБ: аккредитованные участники, секция сельхозпродукции; zakupki.butb.by";нет;;1;сессия-4
беларусь_источники_и_реестры;cci.by — БелТПП, члены палаты и база экспортёров;нет;;1;сессия-4
беларусь_источники_и_реестры;egr.gov.by — Единый государственный регистр юрлиц и ИП (УНП, учредители, статус, ОКЭД);нет;;1;сессия-4
беларусь_источники_и_реестры;export.by — Национальный центр маркетинга, каталог экспортёров;нет;;1;сессия-4
беларусь_источники_и_реестры;mshp.gov.by — Минсельхозпрод: подведомственные организации, облисполкомовские комитеты по сельскому хозяйству;нет;;1;сессия-4
беларусь_источники_и_реестры;portal.nalog.gov.by — поиск плательщика по УНП (сверка действующих);нет;;1;сессия-4
беларусь_источники_и_реестры;Белорусский союз переработчиков / ассоциация «Белкомбикорм», «Белсемена» — отраслевые ассоциации (проверить актуальность);нет;;1;сессия-4
беларусь_источники_и_реестры;Белстат — перечни крупных и средних организаций по видам деятельности;нет;;1;сессия-4
беларусь_источники_и_реестры;Выставки: «Продэкспо» (Минск), «Белагро» / Белорусская агропромышленная неделя, «Продмаш» — каталоги экспонентов;нет;;1;сессия-4
беларусь_источники_и_реестры;ГУ «Главная государственная инспекция по семеноводству, карантину и защите растений» — семеноводы, фитосанитарные сертификаты;нет;;1;сессия-4
беларусь_источники_и_реестры;ОКЭД РБ: 10.61 (мукомольно-крупяная), 10.91 (корма), 10.39 (переработка плодов и овощей), 01.61/01.64 (подготовка семян), 08.11/08.12 (камень, песок), 38.32 (сортированные отходы), 22.2 (пластмассы) — фильтр в ЕГР/справочниках;нет;;1;сессия-4
беларусь_источники_и_реестры;Реестр GACC (Китай): белорусские предприятия-экспортёры рапса, молочки, мяса;нет;;1;сессия-4
беларусь_источники_и_реестры;Реестр Россельхознадзора (ФГИС «Цербер»): аттестованные белорусские предприятия;нет;;1;сессия-4
беларусь_источники_и_реестры;Реестр деклараций и сертификатов ЕАЭС (Росаккредитация/Госстандарт РБ) — заявители из Беларуси по ТР ТС 015/021;нет;;1;сессия-4
беларусь_источники_и_реестры;Реестр производителей кормов и кормовых добавок Минсельхозпрода (вводится Указом 2026, вкл. мобильные установки);нет;;1;сессия-4
беларусь_источники_и_реестры;Сайты облисполкомов и райисполкомов: разделы «Экономика / АПК / Перечень предприятий района»;нет;;1;сессия-4
беларусь_источники_и_реестры;Холдинги «Хлебопродукт» по областям (Минскоблхлебопродукт, Могилевхлебопродукт и др.) — реестр холдингов Минэкономики (Указ № 385);нет;;1;сессия-4
беларусь_типы_предприятий;горно-обогатительный комбинат;да;;1;сессия-4
беларусь_типы_предприятий;гранитный карьер (щебень);да;;1;сессия-4
беларусь_типы_предприятий;деревообрабатывающий комбинат (щепа, пеллеты);да;;1;сессия-4
беларусь_типы_предприятий;доломитовый карьер / завод;да;;1;сессия-4
беларусь_типы_предприятий;заготовитель вторсырья (Белкоопсоюз, вторчермет);да;;1;сессия-4
беларусь_типы_предприятий;заготовитель металлолома (вторчермет);да;;1;сессия-4
беларусь_типы_предприятий;заготовительная контора райпо (ягоды, грибы, орехи);да;;1;сессия-4
беларусь_типы_предприятий;зерносушильный комплекс;да;;1;сессия-4
беларусь_типы_предприятий;калийный комбинат;да;;1;сессия-4
беларусь_типы_предприятий;картофелеперерабатывающий завод (хлопья, чипсы, крахмал);да;;1;сессия-4
беларусь_типы_предприятий;карьер кварцевого / стекольного песка;да;;1;сессия-4
беларусь_типы_предприятий;комбикормовый завод;да;;1;сессия-4
беларусь_типы_предприятий;комбикормовый цех агрокомбината;да;;1;сессия-4
беларусь_типы_предприятий;комбинат хлебопродуктов (КХП);да;;1;сессия-4
беларусь_типы_предприятий;кондитерская фабрика;да;;1;сессия-4
беларусь_типы_предприятий;кофеобжарочное производство;да;;1;сессия-4
беларусь_типы_предприятий;крахмальный завод;да;;1;сессия-4
беларусь_типы_предприятий;крупозавод;да;;1;сессия-4
беларусь_типы_предприятий;крупяной цех;да;;1;сессия-4
беларусь_типы_предприятий;льнозавод;да;;1;сессия-4
беларусь_типы_предприятий;льносемстанция;да;;1;сессия-4
беларусь_типы_предприятий;маслозавод (рапсовое масло);да;;1;сессия-4
беларусь_типы_предприятий;маслоэкстракционный завод (рапс);да;;1;сессия-4
беларусь_типы_предприятий;меловой карьер / завод мела;да;;1;сессия-4
беларусь_типы_предприятий;мелькомбинат;да;;1;сессия-4
беларусь_типы_предприятий;металлообрабатывающий завод (стружка);да;;1;сессия-4
беларусь_типы_предприятий;молочный комбинат;да;;1;сессия-4
беларусь_типы_предприятий;мукомольный завод;да;;1;сессия-4
беларусь_типы_предприятий;мясокомбинат;да;;1;сессия-4
беларусь_типы_предприятий;облхлебопродукт / управляющая компания холдинга «Хлебопродукт»;да;;1;сессия-4
беларусь_типы_предприятий;овощесушильный завод;да;;1;сессия-4
беларусь_типы_предприятий;переработчик ПЭТ / пластика;да;;1;сессия-4
беларусь_типы_предприятий;переработчик вторсырья / сортировочная станция ТКО;да;;1;сессия-4
беларусь_типы_предприятий;плантация клюквы / голубики;да;;1;сессия-4
беларусь_типы_предприятий;плодоовощная база;да;;1;сессия-4
беларусь_типы_предприятий;плодоовощной консервный завод;да;;1;сессия-4
беларусь_типы_предприятий;производитель детского питания;да;;1;сессия-4
беларусь_типы_предприятий;производитель пеллет / топливной щепы;да;;1;сессия-4
беларусь_типы_предприятий;производитель полимерной продукции и гранулы;да;;1;сессия-4
беларусь_типы_предприятий;производитель специй и пряностей;да;;1;сессия-4
беларусь_типы_предприятий;производитель сухофруктов и снеков;да;;1;сессия-4
беларусь_типы_предприятий;птицефабрика;да;;1;сессия-4
беларусь_типы_предприятий;рыбоперерабатывающий завод;да;;1;сессия-4
беларусь_типы_предприятий;рыбхоз;да;;1;сессия-4
беларусь_типы_предприятий;селекционно-семеноводческий центр;да;;1;сессия-4
беларусь_типы_предприятий;семенная станция;да;;1;сессия-4
беларусь_типы_предприятий;семенной завод;да;;1;сессия-4
беларусь_типы_предприятий;семеноводческое хозяйство (элита);да;;1;сессия-4
беларусь_типы_предприятий;солевыварочный комбинат;да;;1;сессия-4
беларусь_типы_предприятий;стекольный завод;да;;1;сессия-4
беларусь_типы_предприятий;сыродельный завод;да;;1;сессия-4
беларусь_типы_предприятий;трейдер сельхозпродукции (участник БУТБ);да;;1;сессия-4
беларусь_типы_предприятий;фасовщик круп, бакалеи, орехов;да;;1;сессия-4
беларусь_типы_предприятий;хлебозавод / хлебокомбинат;да;;1;сессия-4
беларусь_типы_предприятий;хлебоприёмное предприятие (ХПП);да;;1;сессия-4
беларусь_типы_предприятий;цементный завод;да;;1;сессия-4
беларусь_типы_предприятий;экспортёр зерна, рапса, льна, бобовых;да;;1;сессия-4
беларусь_типы_предприятий;элеватор;да;;1;сессия-4
беларусь_формы_собственности;ГП;нет;;1;сессия-4
беларусь_формы_собственности;ГУ;нет;;1;сессия-4
беларусь_формы_собственности;ЗАО;нет;;1;сессия-4
беларусь_формы_собственности;ИООО;нет;;1;сессия-4
беларусь_формы_собственности;ИП;нет;;1;сессия-4
беларусь_формы_собственности;КСУП;нет;;1;сессия-4
беларусь_формы_собственности;КСХУП;нет;;1;сессия-4
беларусь_формы_собственности;КУП;нет;;1;сессия-4
беларусь_формы_собственности;КУПП;нет;;1;сессия-4
беларусь_формы_собственности;КФХ (крестьянское (фермерское) хозяйство);нет;;1;сессия-4
беларусь_формы_собственности;ОАО;нет;;1;сессия-4
беларусь_формы_собственности;ОАО «...агро»;нет;;1;сессия-4
беларусь_формы_собственности;ОДО;нет;;1;сессия-4
беларусь_формы_собственности;ООО;нет;;1;сессия-4
беларусь_формы_собственности;ПТУП;нет;;1;сессия-4
беларусь_формы_собственности;РУП;нет;;1;сессия-4
беларусь_формы_собственности;РУПП;нет;;1;сессия-4
беларусь_формы_собственности;СООО;нет;;1;сессия-4
беларусь_формы_собственности;СПК;нет;;1;сессия-4
беларусь_формы_собственности;УП;нет;;1;сессия-4
беларусь_формы_собственности;УПП;нет;;1;сессия-4
беларусь_формы_собственности;ЧПУП;нет;;1;сессия-4
беларусь_формы_собственности;ЧТУП;нет;;1;сессия-4
беларусь_формы_собственности;ЧУП;нет;;1;сессия-4
беларусь_формы_собственности;ЧУПП;нет;;1;сессия-4
беларусь_формы_собственности;агрокомбинат;нет;;1;сессия-4
беларусь_формы_собственности;облпотребсоюз;нет;;1;сессия-4
беларусь_формы_собственности;райпо;нет;;1;сессия-4
беларусь_формы_собственности;совхоз-комбинат;нет;;1;сессия-4
беларусь_формы_собственности;управляющая компания холдинга;нет;;1;сессия-4
беларусь_формы_собственности;филиал ОАО;нет;;1;сессия-4
беларусь_шаблоны_продукция_регион;ПЭТ флекс производство {регион};да;да;1;сессия-4
беларусь_шаблоны_продукция_регион;голубика садовая плантация {регион};да;да;1;сессия-4
беларусь_шаблоны_продукция_регион;горох колотый производитель {регион};да;да;1;сессия-4
беларусь_шаблоны_продукция_регион;грецкий орех фасовка {регион};да;да;1;сессия-4
беларусь_шаблоны_продукция_регион;детское питание производство {регион};да;да;1;сессия-4
беларусь_шаблоны_продукция_регион;доломитовая мука {регион};да;да;1;сессия-4
беларусь_шаблоны_продукция_регион;дроблёнка пластика {регион};да;да;1;сессия-4
беларусь_шаблоны_продукция_регион;замороженные ягоды производство {регион};да;да;1;сессия-4
беларусь_шаблоны_продукция_регион;зефир мармелад производство {регион};да;да;1;сессия-4
беларусь_шаблоны_продукция_регион;калийные удобрения хлористый калий {регион};да;да;1;сессия-4
беларусь_шаблоны_продукция_регион;карп рыбхоз продажа {регион};да;да;1;сессия-4
беларусь_шаблоны_продукция_регион;картофель хранение фасовка {регион};да;да;1;сессия-4
беларусь_шаблоны_продукция_регион;картофельные хлопья чипсы {регион};да;да;1;сессия-4
беларусь_шаблоны_продукция_регион;клюква заготовка {регион};да;да;1;сессия-4
беларусь_шаблоны_продукция_регион;колбасные изделия мясокомбинат {регион};да;да;1;сессия-4
беларусь_шаблоны_продукция_регион;комбикорма производство {регион};да;да;1;сессия-4
беларусь_шаблоны_продукция_регион;конфеты шоколад производство {регион};да;да;1;сессия-4
беларусь_шаблоны_продукция_регион;корма для рыб гранулы {регион};да;да;1;сессия-4
беларусь_шаблоны_продукция_регион;кофе обжарка {регион};да;да;1;сессия-4
беларусь_шаблоны_продукция_регион;крахмал картофельный {регион};да;да;1;сессия-4
беларусь_шаблоны_продукция_регион;кукуруза зерно сушка {регион};да;да;1;сессия-4
беларусь_шаблоны_продукция_регион;куриное мясо обвалка {регион};да;да;1;сессия-4
беларусь_шаблоны_продукция_регион;лесной орех заготовка {регион};да;да;1;сессия-4
беларусь_шаблоны_продукция_регион;льносемена производитель {регион};да;да;1;сессия-4
беларусь_шаблоны_продукция_регион;люпин зернобобовые {регион};да;да;1;сессия-4
беларусь_шаблоны_продукция_регион;мел молотый производство {регион};да;да;1;сессия-4
беларусь_шаблоны_продукция_регион;металлическая стружка сдать {регион};да;да;1;сессия-4
беларусь_шаблоны_продукция_регион;мука пшеничная ржаная производитель {регион};да;да;1;сессия-4
беларусь_шаблоны_продукция_регион;мясные полуфабрикаты фарш {регион};да;да;1;сессия-4
беларусь_шаблоны_продукция_регион;мёд фасовка {регион};да;да;1;сессия-4
беларусь_шаблоны_продукция_регион;овощи сушёные производство {регион};да;да;1;сессия-4
беларусь_шаблоны_продукция_регион;пеллеты древесные {регион};да;да;1;сессия-4
беларусь_шаблоны_продукция_регион;перловая ячневая крупа производитель {регион};да;да;1;сессия-4
беларусь_шаблоны_продукция_регион;песок кварцевый стекольный {регион};да;да;1;сессия-4
беларусь_шаблоны_продукция_регион;печенье вафли производство {регион};да;да;1;сессия-4
беларусь_шаблоны_продукция_регион;полимерный гранулят вторичный {регион};да;да;1;сессия-4
беларусь_шаблоны_продукция_регион;премиксы БВМК {регион};да;да;1;сессия-4
беларусь_шаблоны_продукция_регион;производство гречневой крупы {регион};да;да;1;сессия-4
беларусь_шаблоны_продукция_регион;производство овсяных хлопьев {регион};да;да;1;сессия-4
беларусь_шаблоны_продукция_регион;пшеница продовольственная продажа {регион};да;да;1;сессия-4
беларусь_шаблоны_продукция_регион;рапс семена закупка {регион};да;да;1;сессия-4
беларусь_шаблоны_продукция_регион;рапсовое масло производитель {регион};да;да;1;сессия-4
беларусь_шаблоны_продукция_регион;рыба замороженная переработка {регион};да;да;1;сессия-4
беларусь_шаблоны_продукция_регион;семена зерновых элита репродукция {регион};да;да;1;сессия-4
беларусь_шаблоны_продукция_регион;семена трав производство {регион};да;да;1;сессия-4
беларусь_шаблоны_продукция_регион;семенной картофель {регион};да;да;1;сессия-4
беларусь_шаблоны_продукция_регион;семечки снеки производство {регион};да;да;1;сессия-4
беларусь_шаблоны_продукция_регион;соль поваренная производство {регион};да;да;1;сессия-4
беларусь_шаблоны_продукция_регион;специи пряности фасовка {регион};да;да;1;сессия-4
беларусь_шаблоны_продукция_регион;стеклобой переработка {регион};да;да;1;сессия-4
беларусь_шаблоны_продукция_регион;стеклотара производство {регион};да;да;1;сессия-4
беларусь_шаблоны_продукция_регион;сухое молоко производство {регион};да;да;1;сессия-4
беларусь_шаблоны_продукция_регион;сухофрукты фасовка {регион};да;да;1;сессия-4
беларусь_шаблоны_продукция_регион;сушёные грибы белые экспорт {регион};да;да;1;сессия-4
беларусь_шаблоны_продукция_регион;сыр твёрдый производство {регион};да;да;1;сессия-4
беларусь_шаблоны_продукция_регион;тритикале рожь закупка {регион};да;да;1;сессия-4
беларусь_шаблоны_продукция_регион;хлебобулочные изделия {регион};да;да;1;сессия-4
беларусь_шаблоны_продукция_регион;цветной лом алюминий медь {регион};да;да;1;сессия-4
беларусь_шаблоны_продукция_регион;черника брусника заготовка {регион};да;да;1;сессия-4
беларусь_шаблоны_продукция_регион;щебень гранитный производство {регион};да;да;1;сессия-4
беларусь_шаблоны_продукция_регион;щепа технологическая {регион};да;да;1;сессия-4
беларусь_шаблоны_продукция_регион;яблоки сушёные производство {регион};да;да;1;сессия-4
беларусь_шаблоны_тип_регион;КСУП {регион} район;да;да;1;сессия-4
беларусь_шаблоны_тип_регион;КУП ЖКХ сортировочная станция {регион};да;да;1;сессия-4
беларусь_шаблоны_тип_регион;КХП {регион} ОАО;да;да;1;сессия-4
беларусь_шаблоны_тип_регион;ОАО агро {регион} растениеводство;да;да;1;сессия-4
беларусь_шаблоны_тип_регион;СООО ИООО пищевое производство {регион};да;да;1;сессия-4
беларусь_шаблоны_тип_регион;СПК {регион} зерно семена;да;да;1;сессия-4
беларусь_шаблоны_тип_регион;агрокомбинат {регион};да;да;1;сессия-4
беларусь_шаблоны_тип_регион;вторчермет {регион};да;да;1;сессия-4
беларусь_шаблоны_тип_регион;горно-обогатительный комбинат {регион};да;да;1;сессия-4
беларусь_шаблоны_тип_регион;гранитный карьер щебень {регион};да;да;1;сессия-4
беларусь_шаблоны_тип_регион;деревообрабатывающий комбинат щепа {регион};да;да;1;сессия-4
беларусь_шаблоны_тип_регион;завод строительных материалов {регион};да;да;1;сессия-4
беларусь_шаблоны_тип_регион;заготовка вторсырья {регион};да;да;1;сессия-4
беларусь_шаблоны_тип_регион;зерносушильный комплекс {регион};да;да;1;сессия-4
беларусь_шаблоны_тип_регион;инспекция по семеноводству карантину {регион};да;да;1;сессия-4
беларусь_шаблоны_тип_регион;картофелеперерабатывающее предприятие {регион};да;да;1;сессия-4
беларусь_шаблоны_тип_регион;карьер доломит {регион};да;да;1;сессия-4
беларусь_шаблоны_тип_регион;карьер песка стекольного {регион};да;да;1;сессия-4
беларусь_шаблоны_тип_регион;комбикормовый завод {регион};да;да;1;сессия-4
беларусь_шаблоны_тип_регион;комбикормовый цех агрокомбинат {регион};да;да;1;сессия-4
беларусь_шаблоны_тип_регион;комбинат хлебопродуктов {регион};да;да;1;сессия-4
беларусь_шаблоны_тип_регион;кондитерская фабрика {регион};да;да;1;сессия-4
беларусь_шаблоны_тип_регион;крахмальный завод {регион};да;да;1;сессия-4
беларусь_шаблоны_тип_регион;крупозавод {регион};да;да;1;сессия-4
беларусь_шаблоны_тип_регион;крупяной завод ЧУП {регион};да;да;1;сессия-4
беларусь_шаблоны_тип_регион;лесхоз щепа {регион};да;да;1;сессия-4
беларусь_шаблоны_тип_регион;льнозавод {регион};да;да;1;сессия-4
беларусь_шаблоны_тип_регион;маслоэкстракционный завод рапс {регион};да;да;1;сессия-4
беларусь_шаблоны_тип_регион;мел добыча завод {регион};да;да;1;сессия-4
беларусь_шаблоны_тип_регион;мелькомбинат {регион};да;да;1;сессия-4
беларусь_шаблоны_тип_регион;молочный комбинат {регион};да;да;1;сессия-4
беларусь_шаблоны_тип_регион;мукомольный завод {регион};да;да;1;сессия-4
беларусь_шаблоны_тип_регион;мясокомбинат {регион};да;да;1;сессия-4
беларусь_шаблоны_тип_регион;облпотребсоюз заготовительная база {регион};да;да;1;сессия-4
беларусь_шаблоны_тип_регион;облхлебопродукт {регион};да;да;1;сессия-4
беларусь_шаблоны_тип_регион;овощесушильный завод {регион};да;да;1;сессия-4
беларусь_шаблоны_тип_регион;переработка ПЭТ бутылки {регион};да;да;1;сессия-4
беларусь_шаблоны_тип_регион;переработка металлолома стружка {регион};да;да;1;сессия-4
беларусь_шаблоны_тип_регион;переработка пластика {регион};да;да;1;сессия-4
беларусь_шаблоны_тип_регион;плантация клюквы голубики {регион};да;да;1;сессия-4
беларусь_шаблоны_тип_регион;плодоовощной консервный завод {регион};да;да;1;сессия-4
беларусь_шаблоны_тип_регион;предприятия перерабатывающей промышленности {регион} перечень;да;да;1;сессия-4
беларусь_шаблоны_тип_регион;приёмка и хранение зерна {регион};да;да;1;сессия-4
беларусь_шаблоны_тип_регион;производство пеллет {регион};да;да;1;сессия-4
беларусь_шаблоны_тип_регион;производство полимерных изделий {регион};да;да;1;сессия-4
беларусь_шаблоны_тип_регион;производство снеков сухофруктов {регион};да;да;1;сессия-4
беларусь_шаблоны_тип_регион;птицефабрика {регион};да;да;1;сессия-4
беларусь_шаблоны_тип_регион;райагросервис {регион};да;да;1;сессия-4
беларусь_шаблоны_тип_регион;райисполком предприятия АПК {регион} список;да;да;1;сессия-4
беларусь_шаблоны_тип_регион;райпо заготовка ягод грибов {регион};да;да;1;сессия-4
беларусь_шаблоны_тип_регион;рыбоперерабатывающее предприятие {регион};да;да;1;сессия-4
беларусь_шаблоны_тип_регион;рыбхоз {регион};да;да;1;сессия-4
беларусь_шаблоны_тип_регион;свободная экономическая зона {регион} пищевое производство;да;да;1;сессия-4
беларусь_шаблоны_тип_регион;семенная станция {регион};да;да;1;сессия-4
беларусь_шаблоны_тип_регион;семенной завод {регион};да;да;1;сессия-4
беларусь_шаблоны_тип_регион;семеноводческое хозяйство элита {регион};да;да;1;сессия-4
беларусь_шаблоны_тип_регион;сортировка вторсырья ТКО {регион};да;да;1;сессия-4
беларусь_шаблоны_тип_регион;стекольный завод {регион};да;да;1;сессия-4
беларусь_шаблоны_тип_регион;сыродельный комбинат {регион};да;да;1;сессия-4
беларусь_шаблоны_тип_регион;трейдер зерна рапса {регион};да;да;1;сессия-4
беларусь_шаблоны_тип_регион;фасовка круп ЧУП {регион};да;да;1;сессия-4
беларусь_шаблоны_тип_регион;хлебозавод хлебокомбинат {регион};да;да;1;сессия-4
беларусь_шаблоны_тип_регион;хлебоприёмное предприятие {регион};да;да;1;сессия-4
беларусь_шаблоны_тип_регион;экспортёр сельхозпродукции {регион};да;да;1;сессия-4
беларусь_шаблоны_тип_регион;элеватор {регион};да;да;1;сессия-4
беларусь_шаблоны_тип_регион;элеватор ОАО {регион} район;да;да;1;сессия-4
вакансии_признак;"""аппаратчик крупяного производства"" вакансия {регион}";да;да;1;сессия-3
вакансии_признак;"""инженер по КИПиА"" фотосепаратор";да;;1;сессия-3
вакансии_признак;"""лаборант по качеству зерна"" элеватор вакансия {регион}";да;да;1;сессия-3
вакансии_признак;"""мастер крупяного цеха"" вакансия";да;;1;сессия-3
вакансии_признак;"""менеджер ВЭД"" зерно OR бобовые OR масличные вакансия";да;;1;сессия-3
вакансии_признак;"""наладчик сортировочной линии"" вакансия";да;;1;сессия-3
вакансии_признак;"""наладчик фотосепаратора"" вакансия";да;;1;сессия-3
вакансии_признак;"""обогатитель полезных ископаемых"" вакансия {регион}";да;да;1;сессия-3
вакансии_признак;"""оператор ЗАВ"" OR ""оператор зерносушилки"" вакансия {регион}";да;да;1;сессия-3
вакансии_признак;"""оператор дробильно-сортировочного комплекса"" кварц OR известняк вакансия";да;;1;сессия-3
вакансии_признак;"""оператор зерноочистительного комплекса"" site:hh.ru";да;;1;сессия-3
вакансии_признак;"""оператор линии калибровки"" вакансия";да;;1;сессия-3
вакансии_признак;"""оператор линии мойки ПЭТ"" вакансия";да;;1;сессия-3
вакансии_признак;"""оператор линии переработки стеклобоя"" вакансия";да;;1;сессия-3
вакансии_признак;"""оператор линии сортировки картофеля"" вакансия";да;;1;сессия-3
вакансии_признак;"""оператор линии сортировки пластика"" вакансия";да;;1;сессия-3
вакансии_признак;"""оператор металлодетектора"" производство вакансия";да;;1;сессия-3
вакансии_признак;"""оператор оптического сортировщика"" вакансия";да;;1;сессия-3
вакансии_признак;"""оператор рентген-установки"" пищевое производство вакансия";да;;1;сессия-3
вакансии_признак;"""оператор рентгеновской системы контроля"" вакансия";да;;1;сессия-3
вакансии_признак;"""оператор рентгенорадиометрической сепарации"" вакансия";да;;1;сессия-3
вакансии_признак;"""оператор семенного завода"" вакансия";да;;1;сессия-3
вакансии_признак;"""оператор сортировки рыбы"" OR ""рыбообработчик"" рентген вакансия";да;;1;сессия-3
вакансии_признак;"""оператор сортировочной линии"" {отрасль} вакансия";да;;1;сессия-3
вакансии_признак;"""оператор флотации"" OR ""оператор сепаратора"" обогатительная фабрика вакансия";да;;1;сессия-3
вакансии_признак;"""оператор фотосепаратора"" site:hh.ru";да;;1;сессия-3
вакансии_признак;"""оператор фотосепаратора"" site:superjob.ru";да;;1;сессия-3
вакансии_признак;"""оператор фотосепаратора"" вакансия {регион}";да;да;1;сессия-3
вакансии_признак;"""опыт работы с фотосепаратором"" резюме";да;;1;сессия-3
вакансии_признак;"""работал на фотосепараторе"" OR ""оператор фотосепаратора"" резюме site:hh.ru";да;;1;сессия-3
вакансии_признак;"""сервисный инженер"" фотосепараторы вакансия";да;;1;сессия-3
вакансии_признак;"""сортировщик вторсырья"" ""оптический"" вакансия";да;;1;сессия-3
вакансии_признак;"""сортировщик орехов"" OR ""переборщик ягод"" вакансия";да;;1;сессия-3
вакансии_признак;"""сортировщик сухофруктов"" вакансия";да;;1;сессия-3
вакансии_признак;"""технолог зерноочистки"" вакансия";да;;1;сессия-3
вакансии_признак;"""технолог по качеству зерна"" экспорт вакансия";да;;1;сессия-3
вакансии_признак;"""технолог по переработке орехов"" вакансия";да;;1;сессия-3
вакансии_признак;"""технолог по переработке пластмасс"" вакансия ""дробленка"" OR ""флекс""";да;;1;сессия-3
вакансии_признак;"""технолог по подработке семян"" вакансия";да;;1;сессия-3
вакансии_признак;"""технолог элеватора"" вакансия {регион}";да;да;1;сессия-3
вакансии_признак;"site:hh.ru ""фотосепаратор"" ""обязанности""";да;;1;сессия-3
вакансии_признак;site:hh.ru оператор оптической сортировки;да;;1;провайдер-25
вакансии_признак;site:hh.ru оператор рентген инспекция;да;;1;провайдер-25
вакансии_признак;site:hh.ru оператор сепаратора зерно;да;;1;провайдер-25
вакансии_признак;site:hh.ru оператор фотосепаратора;да;;1;провайдер-25
вакансии_признак;site:hh.ru технолог цветосортировка;да;;1;провайдер-25
вакансии_признак;site:joblab.ru оператор цветосортировки;да;;1;провайдер-25
вакансии_признак;site:rabota.by оператор сортировки зерна;да;;1;провайдер-25
вакансии_признак;site:rabota.by оператор фотосепаратора;да;;1;провайдер-25
вакансии_признак;"site:rabota.ru OR site:zarplata.ru ""фотосепаратор""";да;;1;сессия-3
вакансии_признак;"site:trudvsem.gov.ru ""зерноочистительн"" {регион}";да;да;1;сессия-3
вакансии_признак;"site:trudvsem.gov.ru ""фотосепаратор""";да;;1;сессия-3
вакансии_признак;site:trudvsem.ru оператор фотосепаратора;да;;1;провайдер-25
вакансии_признак;site:trudvsem.ru оптическая сортировка вакансии;да;;1;провайдер-25
вакансии_признак;вакансии инженер сортировка семян;да;;1;провайдер-25
вакансии_признак;вакансии оператор калибровочной машины;да;;1;провайдер-25
вакансии_признак;вакансии оператор оборудования очистка зерна;да;;1;провайдер-25
вакансии_признак;"вакансия ""фотосепаратор"" -продажа -менеджер_по_продажам";да;;1;сессия-3
вакансии_признак;технолог семеноводство вакансии;да;;1;провайдер-25
выставки_и_союзы;"""Interplastica"" список участников переработка вторичн";да;;1;сессия-3
выставки_и_союзы;"""Interplastica"" экспоненты рециклинг";да;;1;сессия-3
выставки_и_союзы;"""MVC: Зерно-Комбикорма-Ветеринария"" участники";да;;1;сессия-3
выставки_и_союзы;"""Made in Russia"" павильон Агроэкспорт участники {отрасль}";да;;1;сессия-3
выставки_и_союзы;"""Mining World Russia"" участники обогащение";да;;1;сессия-3
выставки_и_союзы;"""Rosupack"" участники производитель упаковки";да;;1;сессия-3
выставки_и_союзы;"""Seafood Expo Russia"" список экспонентов";да;;1;сессия-3
выставки_и_союзы;"""WasteTech"" выставка участники переработка отходов";да;;1;сессия-3
выставки_и_союзы;"""WorldFood Moscow"" участники производитель {отрасль}";да;;1;сессия-3
выставки_и_союзы;"""АгроФарм"" OR ""Агросиб"" OR ""Сибирская аграрная неделя"" участники";да;;1;сессия-3
выставки_и_союзы;"""АгроЭкспо"" Казахстан OR ""Белагро"" участники российские";да;;1;сессия-3
выставки_и_союзы;"""Агропродмаш"" список участников {отрасль}";да;;1;сессия-3
выставки_и_союзы;"""Агропродмаш"" экспоненты ""зерноочист"" OR ""сортиров""";да;;1;сессия-3
выставки_и_союзы;"""Ануга"" OR ""Anuga"" OR ""SIAL"" российские участники орехи OR крупы";да;;1;сессия-3
выставки_и_союзы;"""Ассоциация «Чистая страна»"" OR ""Ассоциация переработчиков отходов"" члены";да;;1;сессия-3
выставки_и_союзы;"""Ассоциация производителей кондитерских изделий"" АСКОНД члены";да;;1;сессия-3
выставки_и_союзы;"""Ассоциация производителей орехов"" OR ""орехоплодовых"" члены";да;;1;сессия-3
выставки_и_союзы;"""Ассоциация производителей соли"" OR ""солепроизводителей"" члены";да;;1;сессия-3
выставки_и_союзы;"""Ассоциация производителей специй"" OR ""пряностей"" Россия";да;;1;сессия-3
выставки_и_союзы;"""Всероссийская ассоциация рыбопромышленников"" ВАРПЭ члены";да;;1;сессия-3
выставки_и_союзы;"""Всероссийский зерновой форум"" участники {регион}";да;да;1;сессия-3
выставки_и_союзы;"""Гульфуд"" OR ""Gulfood"" российские экспоненты {отрасль}";да;;1;сессия-3
выставки_и_союзы;"""Дни поля"" {регион} семеноводство участники";да;да;1;сессия-3
выставки_и_союзы;"""Зерно-Комбикорма-Ветеринария"" каталог экспонентов filetype:pdf";да;;1;сессия-3
выставки_и_союзы;"""Золотая осень"" выставка участники переработка";да;;1;сессия-3
выставки_и_союзы;"""Картофельный союз"" OR ""Союз картофелеводов"" члены";да;;1;сессия-3
выставки_и_союзы;"""Масложировой союз России"" члены союза";да;;1;сессия-3
выставки_и_союзы;"""Мир стекла"" выставка участники";да;;1;сессия-3
выставки_и_союзы;"""Национальная мясная ассоциация"" члены";да;;1;сессия-3
выставки_и_союзы;"""Национальная семенная ассоциация"" члены";да;;1;сессия-3
выставки_и_союзы;"""Национальный союз зернопроизводителей"" члены";да;;1;сессия-3
выставки_и_союзы;"""Национальный союз экспортёров продовольствия"" члены";да;;1;сессия-3
выставки_и_союзы;"""ПродЭкспо"" каталог участников орехи OR сухофрукты OR крупы";да;;1;сессия-3
выставки_и_союзы;"""Рос-Био"" OR ""Пищевая индустрия"" выставка участники";да;;1;сессия-3
выставки_и_союзы;"""Росбиотех"" OR ""Fish Expo"" OR ""Глобальная рыбная индустрия"" участники";да;;1;сессия-3
выставки_и_союзы;"""Российский зерновой союз"" члены союза";да;;1;сессия-3
выставки_и_союзы;"""Росчайкофе"" члены ассоциации";да;;1;сессия-3
выставки_и_союзы;"""Союз комбикормщиков"" члены";да;;1;сессия-3
выставки_и_союзы;"""Союз переработчиков пластмасс"" члены";да;;1;сессия-3
выставки_и_союзы;"""Союз производителей нерудных материалов"" члены";да;;1;сессия-3
выставки_и_союзы;"""Союз садоводов России"" OR ""Ассоциация садоводов"" члены ягоды";да;;1;сессия-3
выставки_и_союзы;"""Союз экспортёров"" бобовые OR лён OR масличные";да;;1;сессия-3
выставки_и_союзы;"""Союзроссахар"" OR ""Союз сахаропроизводителей"" члены";да;;1;сессия-3
выставки_и_союзы;"""Уголь России и Майнинг"" Новокузнецк участники";да;;1;сессия-3
выставки_и_союзы;"""ЮГАГРО"" список экспонентов семена OR зерно";да;;1;сессия-3
выставки_и_союзы;"""каталог экспонентов"" {отрасль} filetype:pdf 2025";да;;1;сессия-3
выставки_и_союзы;"""список экспонентов"" OR ""участники выставки"" {отрасль} 2026";да;;1;сессия-3
выставки_и_союзы;"{отрасль} союз OR ассоциация ""члены"" ""список"" site:.ru";да;;1;сессия-3
выставки_и_союзы;участники «Агропродмаш» Москва;да;;1;провайдер-25
выставки_и_союзы;участники «Агрорусь» выставка;да;;1;провайдер-25
выставки_и_союзы;участники «Белагро» Минск;да;;1;провайдер-25
выставки_и_союзы;участники «Зерно-Комбикорма-Ветеринария» Краснодар;да;;1;провайдер-25
выставки_и_союзы;участники «ПродЭкспо» Москва;да;;1;провайдер-25
выставки_и_союзы;участники «Российская Агропромышленная выставка» Золотая осень;да;;1;провайдер-25
выставки_и_союзы;участники «Упаковка» выставка Москва;да;;1;провайдер-25
выставки_и_союзы;участники Национального союза производителей семян;да;;1;провайдер-25
выставки_и_союзы;участники выставка «MiningWorld Russia»;да;;1;провайдер-25
выставки_и_союзы;участники выставка «Мельница» Казань;да;;1;провайдер-25
выставки_и_союзы;участники выставка «Некондиция» переработка отходов;да;;1;провайдер-25
выставки_и_союзы;участники выставка «Орехи и сухофрукты»;да;;1;провайдер-25
выставки_и_союзы;участники выставка «ПластЭкспо»;да;;1;провайдер-25
выставки_и_союзы;участники форум «Зерновые культуры» Барнаул;да;;1;провайдер-25
выставки_и_союзы;участники форум кофе Москва;да;;1;провайдер-25
выставки_и_союзы;члены Масложировой ассоциации России;да;;1;провайдер-25
выставки_и_союзы;члены Российского Зернового Союза;да;;1;провайдер-25
выставки_и_союзы;члены Союза переработчиков пластмасс;да;;1;провайдер-25
выставки_и_союзы;члены ассоциация рисоводов России;да;;1;провайдер-25
выставки_и_союзы;члены союз рыбопромышленников Дальнего Востока;да;;1;провайдер-25
запросы_беларусь;элеваторы Беларусь;да;;4;провайдер-01, провайдер-04, провайдер-07, провайдер-15
запросы_беларусь;переработка орехов Беларусь;да;;3;провайдер-05, провайдер-11, провайдер-13
запросы_беларусь;переработка пластика Беларусь;да;;3;провайдер-17, провайдер-18, провайдер-21
запросы_беларусь;элеваторы РБ;да;;3;провайдер-04, провайдер-07, провайдер-15
запросы_беларусь;добыча доломита Беларусь;да;;2;провайдер-19, провайдер-20
запросы_беларусь;дробильно-сортировочные комплексы Беларусь;да;;2;провайдер-16, провайдер-24
запросы_беларусь;зернотрейдеры Беларусь;да;;2;провайдер-01, провайдер-08
запросы_беларусь;калийные комбинаты Беларусь;да;;2;провайдер-19, провайдер-20
запросы_беларусь;карьеры Беларусь;да;;2;провайдер-16, провайдер-19
запросы_беларусь;карьеры нерудных материалов Беларусь;да;;2;провайдер-19, провайдер-20
запросы_беларусь;комбикормовые заводы Беларусь;да;;2;провайдер-03, провайдер-12
запросы_беларусь;комбикормовые заводы РБ;да;;2;провайдер-01, провайдер-15
запросы_беларусь;кондитерские фабрики Беларуси;да;;2;провайдер-12, провайдер-13
запросы_беларусь;кондитерские фабрики Беларусь;да;;2;провайдер-03, провайдер-05
запросы_беларусь;крупозаводы Беларусь;да;;2;провайдер-04, провайдер-07
запросы_беларусь;крупяные заводы Беларусь;да;;2;провайдер-01, провайдер-15
запросы_беларусь;льнозаводы Беларусь;да;;2;провайдер-02, провайдер-14
запросы_беларусь;мелькомбинаты Беларусь;да;;2;провайдер-04, провайдер-07
запросы_беларусь;мясокомбинаты Беларусь;да;;2;провайдер-03, провайдер-12
запросы_беларусь;переработка вторсырья Беларусь;да;;2;провайдер-22, провайдер-23
запросы_беларусь;переработка зерна Беларусь;да;;2;провайдер-03, провайдер-04
запросы_беларусь;переработка пластика РБ;да;;2;провайдер-22, провайдер-23
запросы_беларусь;переработка рапса Беларусь;да;;2;провайдер-08, провайдер-15
запросы_беларусь;производство конфет Беларусь;да;;2;провайдер-05, провайдер-13
запросы_беларусь;производство щебня РБ;да;;2;провайдер-16, провайдер-20
запросы_беларусь;рыбоперерабатывающие предприятия Беларусь;да;;2;провайдер-12, провайдер-25
запросы_беларусь;хлебоприёмные предприятия Беларусь;да;;2;провайдер-04, провайдер-15
запросы_беларусь;экспортёры зерна Беларусь;да;;2;провайдер-01, провайдер-08
запросы_беларусь;"""установили сепаратор"" Беларусь завод";да;;1;провайдер-25
запросы_беларусь;site:belgospit.by семеноводческие хозяйства реестр;да;;1;провайдер-25
запросы_беларусь;site:belstat.gov.by крупяные заводы список;да;;1;провайдер-25
запросы_беларусь;site:belstat.gov.by элеваторы Беларусь реестр;да;;1;провайдер-25
запросы_беларусь;site:icetrade.by оборудование сортировка зерно;да;;1;провайдер-25
запросы_беларусь;site:icetrade.by фотосепаратор тендер;да;;1;провайдер-25
запросы_беларусь;site:meat.by переработчики пищевая промышленность;да;;1;провайдер-25
запросы_беларусь;site:minpriroda.gov.by лицензии переработка отходов;да;;1;провайдер-25
запросы_беларусь;site:rabota.by вакансии оператор фотосепаратора;да;;1;провайдер-25
запросы_беларусь;site:rabota.by технолог семеноводство;да;;1;провайдер-25
запросы_беларусь;Беларуськалий;да;;1;провайдер-19
запросы_беларусь;ГОКи Беларуси;да;;1;провайдер-20
запросы_беларусь;агрокомбинаты РБ переработка;да;;1;провайдер-10
запросы_беларусь;белорусские производители замороженных овощей;да;;1;провайдер-10
запросы_беларусь;брикетирование стружки Беларусь;да;;1;провайдер-24
запросы_беларусь;брикетирование стружки Минск;да;;1;провайдер-22
запросы_беларусь;вторичная переработка Беларусь;да;;1;провайдер-22
запросы_беларусь;горно-обогатительные комбинаты Беларусь;да;;1;провайдер-19
запросы_беларусь;горнодобывающие предприятия Беларусь;да;;1;провайдер-24
запросы_беларусь;горнодобывающие предприятия РБ;да;;1;провайдер-16
запросы_беларусь;деревообрабатывающие предприятия Беларусь;да;;1;провайдер-23
запросы_беларусь;деревообработка Беларусь список;да;;1;провайдер-23
запросы_беларусь;добыча нерудных материалов Беларусь;да;;1;провайдер-16
запросы_беларусь;доломитовые карьеры Беларусь;да;;1;провайдер-16
запросы_беларусь;завод замороженных ягод Беларусь;да;;1;провайдер-06
запросы_беларусь;завод семечки Беларусь;да;;1;провайдер-06
запросы_беларусь;завод сухофруктов Беларусь;да;;1;провайдер-09
запросы_беларусь;заводы вторсырья РБ;да;;1;провайдер-22
запросы_беларусь;заводы переработки вторсырья РБ;да;;1;провайдер-21
запросы_беларусь;заводы переработки полимеров Минск;да;;1;провайдер-17
запросы_беларусь;заводы пластмасс РБ;да;;1;провайдер-18
запросы_беларусь;заводы полимеров РБ список;да;;1;провайдер-18
запросы_беларусь;заводы стекловолокна РБ;да;;1;провайдер-21
запросы_беларусь;заморозка овощей Беларусь;да;;1;провайдер-10
запросы_беларусь;заморозка овощей Минск;да;;1;провайдер-09
запросы_беларусь;заморозка ягод Беларусь;да;;1;провайдер-06
запросы_беларусь;зерновые компании Беларусь экспорт;да;;1;провайдер-01
запросы_беларусь;зернокомплексы РБ;да;;1;провайдер-15
запросы_беларусь;зернопереработка Беларусь;да;;1;провайдер-07
запросы_беларусь;зернохранилища Беларусь;да;;1;провайдер-04
запросы_беларусь;известняковые карьеры РБ;да;;1;провайдер-16
запросы_беларусь;инвестпроекты пищевая промышленность Беларусь 2024-2026;да;;1;провайдер-25
запросы_беларусь;калибровка семян Минск;да;;1;провайдер-14
запросы_беларусь;камень щебень Беларусь производители;да;;1;провайдер-16
запросы_беларусь;картофелехранилища Беларусь;да;;1;провайдер-10
запросы_беларусь;картофельные заводы Беларуси;да;;1;провайдер-10
запросы_беларусь;кварцевый песок Беларусь добыча;да;;1;провайдер-16
запросы_беларусь;кейс внедрение сортировка Беларусь элеватор;да;;1;провайдер-25
запросы_беларусь;комбинаты хлебопродуктов РБ;да;;1;провайдер-07
запросы_беларусь;кондитерская промышленность Беларуси;да;;1;провайдер-13
запросы_беларусь;кондитерские заводы Минск;да;;1;провайдер-05
запросы_беларусь;кондитерские заводы РБ;да;;1;провайдер-13
запросы_беларусь;кондитерские комбинаты РБ;да;;1;провайдер-05
запросы_беларусь;кондитерские предприятия РБ;да;;1;провайдер-13
запросы_беларусь;кондитерские фабрики Беларусь список;да;;1;провайдер-25
запросы_беларусь;кофейное производство РБ;да;;1;провайдер-11
запросы_беларусь;крупнейшие мясокомбинаты РБ;да;;1;провайдер-03
запросы_беларусь;крупозаводы Беларусь список;да;;1;провайдер-25
запросы_беларусь;крупяные заводы РБ;да;;1;провайдер-03
запросы_беларусь;лекарственные травы заготовка РБ;да;;1;провайдер-14
запросы_беларусь;лесопереработка Минск;да;;1;провайдер-23
запросы_беларусь;лесопильные заводы Беларусь;да;;1;провайдер-23
запросы_беларусь;льнокомбинаты РБ;да;;1;провайдер-02
запросы_беларусь;масложировые комбинаты Беларуси;да;;1;провайдер-08
запросы_беларусь;маслозаводы Беларуси;да;;1;провайдер-08
запросы_беларусь;маслозаводы Беларусь;да;;1;провайдер-15
запросы_беларусь;маслозаводы Беларусь реестр;да;;1;провайдер-25
запросы_беларусь;маслоэкстракционные заводы РБ;да;;1;провайдер-08
запросы_беларусь;металлоломозаготовительные предприятия Беларусь;да;;1;провайдер-24
запросы_беларусь;модернизация элеваторов Беларусь новости;да;;1;провайдер-25
запросы_беларусь;молокозаводы Беларусь;да;;1;провайдер-03
запросы_беларусь;молокозаводы РБ;да;;1;провайдер-12
запросы_беларусь;молочные заводы РБ список;да;;1;провайдер-03
запросы_беларусь;мукомольные предприятия Беларусь;да;;1;провайдер-04
запросы_беларусь;нерудные материалы Минск область;да;;1;провайдер-16
запросы_беларусь;обжарка кофе РБ;да;;1;провайдер-11
запросы_беларусь;обжарка семечек Беларусь;да;;1;провайдер-09
запросы_беларусь;обжарка семечек Минск;да;;1;провайдер-10
запросы_беларусь;обжарка семечки РБ;да;;1;провайдер-06
запросы_беларусь;обогатительные фабрики Беларусь;да;;1;провайдер-24
запросы_беларусь;овощеперерабатывающие предприятия РБ;да;;1;провайдер-10
запросы_беларусь;оптовая торговля зерном РБ;да;;1;провайдер-01
запросы_беларусь;ореховое производство РБ;да;;1;провайдер-13
запросы_беларусь;переработка ПЭТ Беларусь;да;;1;провайдер-18
запросы_беларусь;переработка бобовых Беларусь;да;;1;провайдер-14
запросы_беларусь;переработка вторсырья металл РБ;да;;1;провайдер-24
запросы_беларусь;переработка вторсырья пластик Беларусь;да;;1;провайдер-25
запросы_беларусь;переработка картофеля РБ;да;;1;провайдер-10
запросы_беларусь;переработка льна Беларусь;да;;1;провайдер-14
запросы_беларусь;переработка металлолома Беларусь;да;;1;провайдер-22
запросы_беларусь;переработка металлолома РБ;да;;1;провайдер-24
запросы_беларусь;переработка орехов сухофрукты Беларусь;да;;1;провайдер-25
запросы_беларусь;переработка пластмасс РБ;да;;1;провайдер-17
запросы_беларусь;переработка полимеров Минск;да;;1;провайдер-22
запросы_беларусь;переработка рыбы Беларусь;да;;1;провайдер-12
запросы_беларусь;переработка стекла Беларусь;да;;1;провайдер-21
запросы_беларусь;переработка сухофруктов Беларусь;да;;1;провайдер-13
запросы_беларусь;переработка фундука Беларусь;да;;1;провайдер-05
запросы_беларусь;переработка ягод Беларусь;да;;1;провайдер-09
запросы_беларусь;переработка ягод Беларусь предприятия;да;;1;провайдер-06
запросы_беларусь;переработчики ПЭТ Беларусь;да;;1;провайдер-21
запросы_беларусь;пищевые предприятия Беларусь;да;;1;провайдер-12
запросы_беларусь;пищевые предприятия РБ;да;;1;провайдер-03
запросы_беларусь;предприятия вторичных полимеров Минск;да;;1;провайдер-17
запросы_беларусь;производители вторичной гранулы РБ;да;;1;провайдер-18
запросы_беларусь;производители древесных гранул Беларусь;да;;1;провайдер-23
запросы_беларусь;производители компаундов Беларусь;да;;1;провайдер-17
запросы_беларусь;производители круп РБ;да;;1;провайдер-04
запросы_беларусь;производители льняного масла РБ;да;;1;провайдер-08
запросы_беларусь;производители молочной продукции РБ;да;;1;провайдер-12
запросы_беларусь;производители полимеров Беларусь;да;;1;провайдер-18
запросы_беларусь;производители полимеров Беларусь реестр;да;;1;провайдер-25
запросы_беларусь;производители приправ Беларусь;да;;1;провайдер-11
запросы_беларусь;производители продуктов питания Беларусь;да;;1;провайдер-03
запросы_беларусь;производители растительного масла РБ;да;;1;провайдер-15
запросы_беларусь;производители строительных материалов Беларусь;да;;1;провайдер-19
запросы_беларусь;производители суперконцентратов Беларусь;да;;1;провайдер-18
запросы_беларусь;производители технической соли Беларусь;да;;1;провайдер-20
запросы_беларусь;производители удобрений РБ;да;;1;провайдер-20
запросы_беларусь;производитель овощных смесей РБ;да;;1;провайдер-06
запросы_беларусь;производство вторичной гранулы РБ;да;;1;провайдер-17
запросы_беларусь;производство вторичных гранул Беларусь;да;;1;провайдер-22
запросы_беларусь;производство гречки РБ;да;;1;провайдер-07
запросы_беларусь;производство замороженных овощей РБ;да;;1;провайдер-09
запросы_беларусь;производство компаундов Беларусь;да;;1;провайдер-18
запросы_беларусь;производство кофе Беларусь;да;;1;провайдер-11
запросы_беларусь;производство круп Беларусь;да;;1;провайдер-07
запросы_беларусь;производство крупы Беларусь;да;;1;провайдер-04
запросы_беларусь;производство лекарственных трав Беларусь;да;;1;провайдер-02
запросы_беларусь;производство льна Беларусь;да;;1;провайдер-02
запросы_беларусь;производство мастербатч Беларусь;да;;1;провайдер-18
запросы_беларусь;производство минеральных удобрений Минск;да;;1;провайдер-20
запросы_беларусь;производство минеральных удобрений РБ;да;;1;провайдер-19
запросы_беларусь;производство овощных смесей Беларусь;да;;1;провайдер-09
запросы_беларусь;производство орехов РБ;да;;1;провайдер-05
запросы_беларусь;производство пеллет Беларусь;да;;1;провайдер-23
запросы_беларусь;производство пеллет РБ;да;;1;провайдер-23
запросы_беларусь;производство растительных масел Беларусь;да;;1;провайдер-08
запросы_беларусь;производство регранулята Минск;да;;1;провайдер-21
запросы_беларусь;производство семян Беларусь;да;;1;провайдер-02
запросы_беларусь;производство семян РБ;да;;1;провайдер-14
запросы_беларусь;производство специй Беларусь;да;;1;провайдер-11
запросы_беларусь;производство стеклотары Беларусь;да;;1;провайдер-21
запросы_беларусь;производство сухофруктов Беларусь;да;;1;провайдер-10
запросы_беларусь;производство сухофруктов РБ;да;;1;провайдер-06
запросы_беларусь;производство технической соли РБ;да;;1;провайдер-19
запросы_беларусь;производство флекса Беларусь;да;;1;провайдер-17
запросы_беларусь;производство чипсов Беларусь;да;;1;провайдер-10
запросы_беларусь;производство шоколада Беларусь;да;;1;провайдер-05
запросы_беларусь;производство шоколада Минск;да;;1;провайдер-13
запросы_беларусь;производство щебня Беларусь;да;;1;провайдер-19
запросы_беларусь;птицефабрики Беларуси;да;;1;провайдер-12
запросы_беларусь;реестр горнодобывающих предприятий Беларусь;да;;1;провайдер-20
запросы_беларусь;рециклинг Беларусь;да;;1;провайдер-22
запросы_беларусь;рециклинг Беларусь предприятия;да;;1;провайдер-23
запросы_беларусь;рециклинг ПЭТ Беларусь;да;;1;провайдер-17
запросы_беларусь;рециклинг пластика Беларусь;да;;1;провайдер-18
запросы_беларусь;рециклинг полимеров Беларусь;да;;1;провайдер-21
запросы_беларусь;рисозаводы Беларусь;да;;1;провайдер-07
запросы_беларусь;семенные заводы Беларусь;да;;1;провайдер-14
запросы_беларусь;семенные заводы РБ;да;;1;провайдер-02
запросы_беларусь;семеноводство РБ список предприятий;да;;1;провайдер-02
запросы_беларусь;семеноводческие хозяйства Беларусь;да;;1;провайдер-02
запросы_беларусь;семеноводческие хозяйства РБ;да;;1;провайдер-14
запросы_беларусь;снековое производство Беларусь;да;;1;провайдер-06
запросы_беларусь;соковый завод Минск;да;;1;провайдер-09
запросы_беларусь;сокопроизводитель Беларусь;да;;1;провайдер-06
запросы_беларусь;список кондитерских фабрик Беларуси;да;;1;провайдер-13
запросы_беларусь;стекольные заводы Беларуси;да;;1;провайдер-21
запросы_беларусь;табачная фабрика Гродно;да;;1;провайдер-02
запросы_беларусь;табачные фабрики Беларусь;да;;1;провайдер-14
запросы_беларусь;утилизация металлической стружки РБ;да;;1;провайдер-24
запросы_беларусь;утилизация промотходов РБ;да;;1;провайдер-22
запросы_беларусь;участники выставка «Белагро» Минск список;да;;1;провайдер-25
запросы_беларусь;фасовка чая Минск;да;;1;провайдер-11
запросы_беларусь;химические заводы Беларуси;да;;1;провайдер-20
запросы_беларусь;хлебозаводы РБ;да;;1;провайдер-12
запросы_беларусь;хлебопродукты Беларусь;да;;1;провайдер-07
запросы_беларусь;центры переработки пластика РБ;да;;1;провайдер-21
запросы_беларусь;чайная фабрика Минск;да;;1;провайдер-11
запросы_беларусь;экспорт зерна Беларусь;да;;1;провайдер-15
запросы_беларусь;экспорт льна Беларусь;да;;1;провайдер-08
запросы_беларусь;экспорт пшеницы Беларусь;да;;1;провайдер-01
запросы_беларусь;экспорт рапса Беларусь;да;;1;провайдер-01
запросы_беларусь;экспортёры зерна РБ;да;;1;провайдер-01
запросы_беларусь;элеваторы Беларусь список предприятий;да;;1;провайдер-25
запросы_беларусь;элеваторы с экспортом РБ;да;;1;провайдер-08
запросы_беларусь;элитное семеноводство Беларусь;да;;1;провайдер-14
запросы_беларусь;элитхозы Беларусь;да;;1;провайдер-02
запросы_беларусь;ягодная переработка РБ заводы;да;;1;провайдер-06
запросы_беларусь;ягодный завод РБ;да;;1;провайдер-09
запросы_по_стране;крупнейшие элеваторы России;да;;3;провайдер-01, провайдер-04, провайдер-15
запросы_по_стране;реестр элеваторов России;да;;3;провайдер-04, провайдер-07, провайдер-15
запросы_по_стране;союз зернопереработчиков;да;;3;провайдер-04, провайдер-07, провайдер-15
запросы_по_стране;алмазодобывающие компании России;да;;2;провайдер-16, сессия-2
запросы_по_стране;дробильно-сортировочные заводы России;да;;2;провайдер-19, провайдер-20
запросы_по_стране;зерновые компании России рейтинг;да;;2;провайдер-07, провайдер-15
запросы_по_стране;золотодобывающие компании России рейтинг;да;;2;провайдер-24, сессия-2
запросы_по_стране;крупнейшие заводы переработки пластика России;да;;2;провайдер-17, провайдер-21
запросы_по_стране;крупнейшие кондитерские фабрики России;да;;2;провайдер-03, провайдер-13
запросы_по_стране;крупнейшие крупозаводы России;да;;2;провайдер-04, провайдер-07
запросы_по_стране;крупнейшие мукомольные заводы России;да;;2;провайдер-03, провайдер-12
запросы_по_стране;крупнейшие мясокомбинаты России;да;;2;провайдер-03, провайдер-12
запросы_по_стране;крупнейшие обогатительные фабрики России;да;;2;провайдер-16, провайдер-24
запросы_по_стране;крупнейшие производители минеральных удобрений России;да;;2;провайдер-19, провайдер-20
запросы_по_стране;крупнейшие производители чечевицы России;да;;2;провайдер-02, провайдер-14
запросы_по_стране;крупнейшие семенные заводы России;да;;2;провайдер-02, провайдер-14
запросы_по_стране;магнезитовые комбинаты России;да;;2;провайдер-20, сессия-2
запросы_по_стране;орехоперерабатывающие предприятия России;да;;2;провайдер-05, провайдер-13
запросы_по_стране;производители ПЭТ-флекса Россия;да;;2;провайдер-18, провайдер-21
запросы_по_стране;производители снековой продукции России;да;;2;провайдер-06, провайдер-10
запросы_по_стране;реестр горнодобывающих предприятий России;да;;2;провайдер-16, провайдер-20
запросы_по_стране;реестр оригинаторов семян России;да;;2;провайдер-02, сессия-1
запросы_по_стране;реестр экспортёров зерна;да;;2;провайдер-01, провайдер-15
запросы_по_стране;рейтинг производителей гречки России;да;;2;провайдер-04, провайдер-07
запросы_по_стране;рейтинг производителей круп России;да;;2;провайдер-04, провайдер-07
запросы_по_стране;соледобывающие предприятия России;да;;2;провайдер-19, сессия-2
запросы_по_стране;список элеваторов России;да;;2;провайдер-04, провайдер-07
запросы_по_стране;экспортеры орехов Россия;да;;2;провайдер-05, провайдер-11
запросы_по_стране;элеваторы России список;да;;2;провайдер-12, провайдер-15
запросы_по_стране;site:avito.ru ПЭТ флекс дроблёнка продам;да;;1;сессия-2
запросы_по_стране;site:pulscen.ru кварцевый песок фракционированный производитель;да;;1;сессия-2
запросы_по_стране;ГИСП производители полимеров;да;;1;сессия-2
запросы_по_стране;ГОКи России список;да;;1;сессия-2
запросы_по_стране;ОКСН семеноводство;да;;1;провайдер-14
запросы_по_стране;ТОП производителей чипсов в России;да;;1;провайдер-10
запросы_по_стране;ФГИС Зерно элеваторы реестр;да;;1;сессия-1
запросы_по_стране;агропромышленные комплексы России;да;;1;провайдер-12
запросы_по_стране;аккредитованные экспортёры зерна в Китай россельхознадзор;да;;1;сессия-1
запросы_по_стране;алмазодобывающие предприятия России;да;;1;провайдер-24
запросы_по_стране;ассоциация деревообработчиков России;да;;1;провайдер-23
запросы_по_стране;ассоциация кондитерской промышленности России;да;;1;провайдер-13
запросы_по_стране;ассоциация мукомолов России;да;;1;провайдер-04
запросы_по_стране;ассоциация мясопереработчиков;да;;1;провайдер-03
запросы_по_стране;ассоциация переработчиков пластика члены;да;;1;сессия-2
запросы_по_стране;ассоциация переработчиков пластмасс;да;;1;провайдер-22
запросы_по_стране;ассоциация переработчиков пластмасс реестр;да;;1;провайдер-21
запросы_по_стране;ассоциация переработчиков плодов и ягод;да;;1;провайдер-09
запросы_по_стране;ассоциация производителей картофеля;да;;1;провайдер-10
запросы_по_стране;ассоциация производителей кофе;да;;1;провайдер-11
запросы_по_стране;ассоциация производителей круп;да;;1;провайдер-07
запросы_по_стране;ассоциация производителей крупы;да;;1;провайдер-15
запросы_по_стране;ассоциация производителей молока;да;;1;провайдер-03
запросы_по_стране;ассоциация производителей нерудных материалов;да;;1;провайдер-19
запросы_по_стране;ассоциация производителей орехов России;да;;1;провайдер-05
запросы_по_стране;ассоциация производителей полимеров;да;;1;провайдер-18
запросы_по_стране;ассоциация производителей семян;да;;1;провайдер-02
запросы_по_стране;ассоциация производителей удобрений России участники;да;;1;провайдер-20
запросы_по_стране;ассоциация экспортёров зерна;да;;1;провайдер-01
запросы_по_стране;база предприятий горнодобывающей отрасли;да;;1;провайдер-20
запросы_по_стране;брикетирование стружки предприятия;да;;1;провайдер-22
запросы_по_стране;ведущие производители овощных смесей;да;;1;провайдер-06
запросы_по_стране;вольфрамовые рудники России;да;;1;провайдер-24
запросы_по_стране;вторичные металлы производители;да;;1;провайдер-22
запросы_по_стране;горно-обогатительные комбинаты РФ;да;;1;провайдер-24
запросы_по_стране;горно-обогатительные комбинаты России рейтинг;да;;1;провайдер-20
запросы_по_стране;добыча известняка в России предприятия;да;;1;провайдер-19
запросы_по_стране;добыча кварца в России предприятия;да;;1;провайдер-19
запросы_по_стране;добыча кварцевого песка Россия;да;;1;провайдер-16
запросы_по_стране;добыча нерудных материалов Россия;да;;1;провайдер-16
запросы_по_стране;добыча полезных ископаемых карта России;да;;1;провайдер-16
запросы_по_стране;дробильно-сортировочные комплексы Россия;да;;1;провайдер-16
запросы_по_стране;дробильно-сортировочные комплексы список;да;;1;провайдер-24
запросы_по_стране;заводы быстрой заморозки овощей список;да;;1;провайдер-09
запросы_по_стране;заводы вторичного алюминия в России;да;;1;сессия-2
запросы_по_стране;заводы компаундов список Россия;да;;1;провайдер-18
запросы_по_стране;заводы по брикетированию стружки;да;;1;провайдер-24
запросы_по_стране;заводы по заморозке овощей список;да;;1;провайдер-10
запросы_по_стране;заводы по заморозке ягод России список;да;;1;провайдер-06
запросы_по_стране;заводы по переработке ПЭТ бутылки в России список;да;;1;сессия-2
запросы_по_стране;заводы по переработке металлолома России;да;;1;провайдер-22
запросы_по_стране;заводы по переработке орехов;да;;1;провайдер-05
запросы_по_стране;заводы по переработке пластика Россия;да;;1;провайдер-18
запросы_по_стране;заводы по переработке пластиковых отходов России;да;;1;провайдер-17
запросы_по_стране;заводы по переработке резины РФ;да;;1;провайдер-22
запросы_по_стране;заводы по переработке табака России;да;;1;провайдер-02
запросы_по_стране;заводы по переработке фундука;да;;1;провайдер-11
запросы_по_стране;заводы регранулята России список;да;;1;провайдер-21
запросы_по_стране;заводы стекловаты России;да;;1;провайдер-21
запросы_по_стране;заводы стекловаты и пеностекла в России;да;;1;сессия-2
запросы_по_стране;заготовители кедрового ореха список;да;;1;сессия-1
запросы_по_стране;заготовители лекарственного растительного сырья;да;;1;сессия-1
запросы_по_стране;заготовка лекарственного сырья Россия;да;;1;провайдер-14
запросы_по_стране;заморозка ягод промышленная Россия;да;;1;провайдер-06
запросы_по_стране;зерновые компании с ВЭД Россия;да;;1;провайдер-08
запросы_по_стране;зерновые терминалы России;да;;1;провайдер-15
запросы_по_стране;зерновые терминалы России список;да;;1;провайдер-01
запросы_по_стране;зерновые трейдеры России;да;;1;провайдер-15
запросы_по_стране;зерновые трейдеры России топ;да;;1;провайдер-08
запросы_по_стране;зерноперерабатывающие предприятия России;да;;1;провайдер-07
запросы_по_стране;зернохранилища России список;да;;1;провайдер-04
запросы_по_стране;золотодобывающие компании России;да;;1;провайдер-16
запросы_по_стране;золотодобыча Дальний Восток предприятия;да;;1;провайдер-24
запросы_по_стране;инвестиционные проекты заморозка овощей;да;;1;провайдер-10
запросы_по_стране;калийные комбинаты России;да;;1;провайдер-20
запросы_по_стране;калийные комбинаты России список;да;;1;провайдер-19
запросы_по_стране;карта переработчиков полимеров РФ;да;;1;провайдер-21
запросы_по_стране;карта стеклобойных предприятий России;да;;1;провайдер-21
запросы_по_стране;картофелеперерабатывающие заводы России;да;;1;провайдер-10
запросы_по_стране;карьеры нерудных материалов Россия реестр;да;;1;провайдер-20
запросы_по_стране;карьеры по добыче щебня России;да;;1;провайдер-16
запросы_по_стране;каталог ГОК России;да;;1;провайдер-19
запросы_по_стране;каталог заводов пластмасс России;да;;1;провайдер-18
запросы_по_стране;каталог картофелеперерабатывающих предприятий;да;;1;провайдер-10
запросы_по_стране;каталог кондитерских предприятий;да;;1;провайдер-13
запросы_по_стране;каталог консервных заводов овощных Россия;да;;1;провайдер-09
запросы_по_стране;каталог лесопильных заводов;да;;1;провайдер-23
запросы_по_стране;каталог маслозаводов России;да;;1;провайдер-08
запросы_по_стране;каталог мясоперерабатывающих заводов;да;;1;провайдер-12
запросы_по_стране;каталог овощных заводов России;да;;1;провайдер-09
запросы_по_стране;каталог переработчиков вторичного сырья России;да;;1;провайдер-21
запросы_по_стране;каталог переработчиков ягод;да;;1;провайдер-06
запросы_по_стране;каталог пищевых предприятий Россия;да;;1;провайдер-11
запросы_по_стране;каталог предприятий вторичной переработки;да;;1;провайдер-22
запросы_по_стране;каталог предприятий производство регранулята;да;;1;провайдер-17
запросы_по_стране;каталог производителей агрохимии РФ;да;;1;провайдер-20
запросы_по_стране;каталог производителей пластиковой гранулы;да;;1;провайдер-17
запросы_по_стране;каталог элеваторов;да;;1;провайдер-15
запросы_по_стране;каталог элеваторов России;да;;1;провайдер-04
запросы_по_стране;комбикормовые заводы России список;да;;1;провайдер-15
запросы_по_стране;комбикормовые заводы России экспорт;да;;1;провайдер-01
запросы_по_стране;комбинаты хлебопродуктов России;да;;1;провайдер-07
запросы_по_стране;компании ОКВЭД 07.29 добыча руд цветных металлов;да;;1;сессия-2
запросы_по_стране;компании ОКВЭД 08.11 добыча известняка гипса мела;да;;1;сессия-2
запросы_по_стране;компании ОКВЭД 08.93 добыча соли;да;;1;сессия-2
запросы_по_стране;компании ОКВЭД 20.16 производство пластмасс в первичных формах;да;;1;сессия-2
запросы_по_стране;компании ОКВЭД 23.13 производство стеклянной тары;да;;1;сессия-2
запросы_по_стране;компании ОКВЭД 38.32 обработка вторичного сырья;да;;1;сессия-2
запросы_по_стране;компании по переработке ПЭТ-бутылок РФ;да;;1;провайдер-18
запросы_по_стране;кондитерские заводы России список;да;;1;провайдер-13
запросы_по_стране;кондитерские комбинаты России каталог;да;;1;провайдер-05
запросы_по_стране;кондитерские фабрики России рейтинг;да;;1;провайдер-05
запросы_по_стране;кондитерские фабрики с орехами список;да;;1;провайдер-05
запросы_по_стране;консервные заводы России;да;;1;провайдер-12
запросы_по_стране;консервные заводы зелёного горошка и кукурузы;да;;1;сессия-1
запросы_по_стране;контрактная фасовка орехов и сухофруктов;да;;1;сессия-1
запросы_по_стране;крупнейшие ГОКи России;да;;1;провайдер-16
запросы_по_стране;крупнейшие агрохолдинги с элеваторами;да;;1;провайдер-15
запросы_по_стране;крупнейшие горно-обогатительные комбинаты России;да;;1;провайдер-19
запросы_по_стране;крупнейшие деревообрабатывающие комбинаты России;да;;1;провайдер-23
запросы_по_стране;крупнейшие заводы обжарки семечек России;да;;1;провайдер-09
запросы_по_стране;крупнейшие заводы по переработке вторсырья России;да;;1;провайдер-22
запросы_по_стране;крупнейшие зернотрейдеры России;да;;1;провайдер-01
запросы_по_стране;крупнейшие золотоизвлекательные фабрики;да;;1;провайдер-24
запросы_по_стране;крупнейшие комбикормовые заводы России;да;;1;провайдер-03
запросы_по_стране;крупнейшие крупяные заводы России;да;;1;провайдер-03
запросы_по_стране;крупнейшие лесопильные заводы России;да;;1;провайдер-23
запросы_по_стране;крупнейшие льнозаводы России;да;;1;провайдер-02
запросы_по_стране;крупнейшие маслоэкстракционные заводы России;да;;1;провайдер-08
запросы_по_стране;крупнейшие мелькомбинаты России;да;;1;провайдер-04
запросы_по_стране;крупнейшие молокозаводы России;да;;1;провайдер-03
запросы_по_стране;крупнейшие овощехранилища с сортировкой;да;;1;провайдер-10
запросы_по_стране;крупнейшие ореховые производства России;да;;1;провайдер-11
запросы_по_стране;крупнейшие переработчики зерна России;да;;1;провайдер-03
запросы_по_стране;крупнейшие переработчики металлоотходов;да;;1;провайдер-22
запросы_по_стране;крупнейшие переработчики овощей РФ;да;;1;провайдер-09
запросы_по_стране;крупнейшие переработчики орехов России;да;;1;провайдер-05
запросы_по_стране;крупнейшие переработчики пластика РФ;да;;1;провайдер-23
запросы_по_стране;крупнейшие переработчики пластика России рейтинг;да;;1;сессия-2
запросы_по_стране;крупнейшие переработчики полимеров;да;;1;провайдер-22
запросы_по_стране;крупнейшие производители вторичного полиэтилена;да;;1;провайдер-17
запросы_по_стране;крупнейшие производители гороха России;да;;1;провайдер-02
запросы_по_стране;крупнейшие производители замороженных ягод России;да;;1;провайдер-06
запросы_по_стране;крупнейшие производители кварцевого песка России;да;;1;провайдер-19
запросы_по_стране;крупнейшие производители конфет России;да;;1;провайдер-13
запросы_по_стране;крупнейшие производители кофе России;да;;1;провайдер-11
запросы_по_стране;крупнейшие производители крупы России;да;;1;провайдер-01
запросы_по_стране;крупнейшие производители льна России;да;;1;провайдер-02
запросы_по_стране;крупнейшие производители молочной продукции России;да;;1;провайдер-12
запросы_по_стране;крупнейшие производители муки России;да;;1;провайдер-04
запросы_по_стране;крупнейшие производители нута России;да;;1;провайдер-14
запросы_по_стране;крупнейшие производители полимеров России;да;;1;провайдер-18
запросы_по_стране;крупнейшие производители приправ РФ;да;;1;провайдер-11
запросы_по_стране;крупнейшие производители риса России;да;;1;провайдер-04
запросы_по_стране;крупнейшие производители семечки России;да;;1;провайдер-06
запросы_по_стране;крупнейшие производители сухофруктов России;да;;1;провайдер-09
запросы_по_стране;крупнейшие производители топливных гранул России;да;;1;провайдер-23
запросы_по_стране;крупнейшие производители чипсов России;да;;1;провайдер-10
запросы_по_стране;крупнейшие производители шоколада России;да;;1;провайдер-13
запросы_по_стране;крупнейшие рисозаводы России;да;;1;провайдер-07
запросы_по_стране;крупнейшие рыбоперерабатывающие заводы России;да;;1;провайдер-12
запросы_по_стране;крупнейшие садоводческие хозяйства России;да;;1;провайдер-09
запросы_по_стране;крупнейшие семеноводческие хозяйства России;да;;1;провайдер-02
запросы_по_стране;крупнейшие стеклотарные заводы России;да;;1;провайдер-21
запросы_по_стране;крупнейшие фитопроизводства России;да;;1;провайдер-02
запросы_по_стране;крупнейшие хлебозаводы России;да;;1;провайдер-03
запросы_по_стране;крупнейшие центры переработки вторсырья России;да;;1;провайдер-21
запросы_по_стране;крупнейшие чайные фабрики России;да;;1;провайдер-11
запросы_по_стране;крупнейшие шахты России;да;;1;провайдер-16
запросы_по_стране;крупнейшие экспортеры масличных России;да;;1;провайдер-08
запросы_по_стране;крупнейшие экспортёры зерна России;да;;1;провайдер-01
запросы_по_стране;крупнейшие экспортёры кукурузы России;да;;1;провайдер-01
запросы_по_стране;крупнейшие экспортёры нута россии;да;;1;сессия-1
запросы_по_стране;крупнейшие экспортёры пшеницы России;да;;1;провайдер-01
запросы_по_стране;крупнейшие экспортёры ячменя России;да;;1;провайдер-01
запросы_по_стране;крупнейшие элеваторы с экспортом России;да;;1;провайдер-08
запросы_по_стране;крупозаводы россии каталог;да;;1;сессия-1
запросы_по_стране;крупяная промышленность России;да;;1;провайдер-07
запросы_по_стране;крупяные заводы России;да;;1;провайдер-15
запросы_по_стране;крупяные заводы России каталог;да;;1;провайдер-07
запросы_по_стране;крупяные предприятия России;да;;1;провайдер-04
запросы_по_стране;льнозаводы России список;да;;1;провайдер-14
запросы_по_стране;льнозаводы россии действующие;да;;1;сессия-1
запросы_по_стране;маслобойни подсолнечного масла холодного отжима список;да;;1;сессия-1
запросы_по_стране;масложировой союз России;да;;1;провайдер-15
запросы_по_стране;масложировые предприятия России каталог;да;;1;провайдер-08
запросы_по_стране;маслоэкстракционные заводы России;да;;1;провайдер-01
запросы_по_стране;маслоэкстракционные заводы России рейтинг;да;;1;провайдер-15
запросы_по_стране;медные ГОК России;да;;1;провайдер-24
запросы_по_стране;мелькомбинаты России список;да;;1;провайдер-07
запросы_по_стране;модернизация картофелеперерабатывающих заводов;да;;1;провайдер-10
запросы_по_стране;мукомольно-крупяная промышленность России;да;;1;провайдер-07
запросы_по_стране;мукомольные предприятия России;да;;1;провайдер-04
запросы_по_стране;мэз россии список заводов;да;;1;сессия-1
запросы_по_стране;новые картофелехранилища 2024-2025;да;;1;провайдер-10
запросы_по_стране;обжарка семян предприятия России;да;;1;провайдер-06
запросы_по_стране;обжарщики кофе россии список;да;;1;сессия-1
запросы_по_стране;обогатительные фабрики России;да;;1;провайдер-19
запросы_по_стране;обогатительные фабрики вольфрама и олова России;да;;1;сессия-2
запросы_по_стране;обогатительные фабрики золота;да;;1;провайдер-16
запросы_по_стране;обогащение руд цветных металлов предприятия;да;;1;провайдер-24
запросы_по_стране;оловянные рудники РФ;да;;1;провайдер-24
запросы_по_стране;оригинатор семян Россия;да;;1;провайдер-14
запросы_по_стране;переработка автомобильных аккумуляторов заводы России;да;;1;сессия-2
запросы_по_стране;переработка арахиса в России;да;;1;провайдер-13
запросы_по_стране;переработка вторсырья Россия предприятия;да;;1;провайдер-23
запросы_по_стране;переработка вторчермета список предприятий;да;;1;провайдер-24
запросы_по_стране;переработка грецкого ореха Россия;да;;1;провайдер-11
запросы_по_стране;переработка кабеля заводы России;да;;1;сессия-2
запросы_по_стране;переработка кедрового ореха Россия;да;;1;провайдер-05
запросы_по_стране;переработка лекарственных трав Россия;да;;1;провайдер-14
запросы_по_стране;переработка льна в России;да;;1;провайдер-14
запросы_по_стране;переработка орехов в России;да;;1;провайдер-13
запросы_по_стране;переработка пластика Россия производители;да;;1;провайдер-23
запросы_по_стране;переработка промышленных отходов Россия;да;;1;провайдер-23
запросы_по_стране;переработка рыбы Дальний Восток;да;;1;провайдер-12
запросы_по_стране;переработка стекла предприятия России;да;;1;провайдер-22
запросы_по_стране;переработка стружки заводы России;да;;1;провайдер-22
запросы_по_стране;переработка фундука Россия;да;;1;провайдер-05
запросы_по_стране;переработка электронного лома предприятия;да;;1;провайдер-22
запросы_по_стране;переработка ягод России статистика предприятия;да;;1;провайдер-06
запросы_по_стране;переработчики ПЭТ Россия список;да;;1;провайдер-18
запросы_по_стране;переработчики подсолнечника России;да;;1;провайдер-15
запросы_по_стране;переработчики рапса Россия;да;;1;провайдер-08
запросы_по_стране;переработчики сои России;да;;1;провайдер-15
запросы_по_стране;переработчики стеклобоя в России;да;;1;сессия-2
запросы_по_стране;пищевые предприятия России реестр;да;;1;провайдер-12
запросы_по_стране;плодоовощные комбинаты России;да;;1;провайдер-12
запросы_по_стране;портовые элеваторы России;да;;1;провайдер-15
запросы_по_стране;портовые элеваторы России список;да;;1;провайдер-08
запросы_по_стране;поставщики кофе промышленные;да;;1;провайдер-11
запросы_по_стране;предприятия обжарки семечек;да;;1;провайдер-10
запросы_по_стране;предприятия по переработке HDPE список;да;;1;провайдер-17
запросы_по_стране;предприятия по переработке металлолома России;да;;1;провайдер-24
запросы_по_стране;предприятия по переработке орехов России;да;;1;провайдер-13
запросы_по_стране;предприятия с декларацией ЕАЭС на крупу производитель;да;;1;сессия-1
запросы_по_стране;производители IQF продукции Россия;да;;1;провайдер-06
запросы_по_стране;производители ДСП ДВП МДФ Россия;да;;1;провайдер-23
запросы_по_стране;производители ИКЗ ягод россия;да;;1;сессия-1
запросы_по_стране;производители ПЭТ флекса Россия;да;;1;сессия-2
запросы_по_стране;производители арахиса Россия;да;;1;провайдер-11
запросы_по_стране;производители брусники и клюквы оптом заготовка;да;;1;сессия-1
запросы_по_стране;производители булгура в россии;да;;1;сессия-1
запросы_по_стране;производители вторичного полимера Россия;да;;1;провайдер-18
запросы_по_стране;производители вторичного полиэтилена РФ;да;;1;провайдер-21
запросы_по_стране;производители вторичной гранулы РФ;да;;1;провайдер-18
запросы_по_стране;производители вторичной гранулы Россия;да;;1;провайдер-21
запросы_по_стране;производители вторичной гранулы Россия каталог;да;;1;сессия-2
запросы_по_стране;производители вторичных гранул Россия;да;;1;провайдер-22
запросы_по_стране;производители голосемянной тыквы россия;да;;1;сессия-1
запросы_по_стране;производители гранолы и мюсли россия;да;;1;сессия-1
запросы_по_стране;производители гречки Россия;да;;1;провайдер-07
запросы_по_стране;производители гречневой крупы рейтинг;да;;1;сессия-1
запросы_по_стране;производители декоративного щебня Россия;да;;1;сессия-2
запросы_по_стране;производители детского пюре россия;да;;1;сессия-1
запросы_по_стране;производители доломита России;да;;1;провайдер-19
запросы_по_стране;производители доломита Россия;да;;1;провайдер-20
запросы_по_стране;производители древесных плит Россия;да;;1;провайдер-23
запросы_по_стране;производители замороженной облепихи;да;;1;сессия-1
запросы_по_стране;производители замороженных овощей России рейтинг;да;;1;провайдер-06
запросы_по_стране;производители замороженных фруктов РФ;да;;1;провайдер-09
запросы_по_стране;производители иван-чая список;да;;1;сессия-1
запросы_по_стране;производители известняка Россия;да;;1;провайдер-20
запросы_по_стране;производители калиброванных семян подсолнечника;да;;1;провайдер-09
запросы_по_стране;производители картофельных хлопьев россия;да;;1;сессия-1
запросы_по_стране;производители картофеля фри Россия;да;;1;провайдер-10
запросы_по_стране;производители картофеля фри в россии;да;;1;сессия-1
запросы_по_стране;производители кварца Россия;да;;1;провайдер-20
запросы_по_стране;производители кварцевого песка России;да;;1;провайдер-20
запросы_по_стране;производители кварцевого песка в России;да;;1;сессия-2
запросы_по_стране;производители кедрового ореха России;да;;1;провайдер-11
запросы_по_стране;производители кедрового ядра сибирь;да;;1;сессия-1
запросы_по_стране;производители козинаков Россия;да;;1;провайдер-05
запросы_по_стране;производители комбикормов России;да;;1;провайдер-12
запросы_по_стране;производители комбикормов России рейтинг;да;;1;провайдер-03
запросы_по_стране;производители компаундов Россия;да;;1;провайдер-18
запросы_по_стране;производители кондитерской семечки калибровка 6 мм;да;;1;сессия-1
запросы_по_стране;производители кормов для декоративных птиц россия;да;;1;сессия-1
запросы_по_стране;производители круп России;да;;1;провайдер-12
запросы_по_стране;производители круп России список;да;;1;провайдер-03
запросы_по_стране;производители кус-куса в россии;да;;1;сессия-1
запросы_по_стране;производители лекарственных трав России;да;;1;провайдер-02
запросы_по_стране;производители магнезита России;да;;1;провайдер-19
запросы_по_стране;производители мастербатч Россия;да;;1;провайдер-18
запросы_по_стране;производители мастербатчей Россия;да;;1;провайдер-17
запросы_по_стране;производители мастербатчей и суперконцентратов в России;да;;1;сессия-2
запросы_по_стране;производители мела в России;да;;1;сессия-2
запросы_по_стране;производители микрокальцита в России;да;;1;сессия-2
запросы_по_стране;производители минеральной ваты России;да;;1;провайдер-21
запросы_по_стране;производители молотого мрамора Россия;да;;1;сессия-2
запросы_по_стране;производители мясных полуфабрикатов рейтинг;да;;1;сессия-1
запросы_по_стране;производители нута России;да;;1;провайдер-02
запросы_по_стране;производители овощных смесей Россия;да;;1;провайдер-09
запросы_по_стране;производители овсянки Россия;да;;1;провайдер-07
запросы_по_стране;производители орехов Россия список;да;;1;провайдер-05
запросы_по_стране;производители орехов в России;да;;1;провайдер-13
запросы_по_стране;производители пеллет Россия;да;;1;провайдер-23
запросы_по_стране;производители перги и пыльцы пчелиной оптом;да;;1;сессия-1
запросы_по_стране;производители петфуда россия список заводов;да;;1;сессия-1
запросы_по_стране;производители подсолнечного масла России рейтинг;да;;1;провайдер-08
запросы_по_стране;производители полевого шпата в России;да;;1;сессия-2
запросы_по_стране;производители полимерных компаундов в России;да;;1;сессия-2
запросы_по_стране;производители полимерных композиций Россия;да;;1;провайдер-18
запросы_по_стране;производители пропаренного риса россия;да;;1;сессия-1
запросы_по_стране;производители протеиновых батончиков контрактное производство;да;;1;сессия-1
запросы_по_стране;производители противогололёдных материалов Россия;да;;1;сессия-2
запросы_по_стране;производители пшена список;да;;1;сессия-1
запросы_по_стране;производители растительного масла России;да;;1;провайдер-15
запросы_по_стране;производители регранулята Россия;да;;1;провайдер-18
запросы_по_стране;производители риса Россия;да;;1;провайдер-07
запросы_по_стране;производители семян газона российского производства;да;;1;сессия-1
запросы_по_стране;производители семян зерновых Россия;да;;1;провайдер-14
запросы_по_стране;производители семян многолетних трав список;да;;1;сессия-1
запросы_по_стране;производители семян овощей Россия;да;;1;провайдер-14
запросы_по_стране;производители снеков из семян Россия;да;;1;провайдер-09
запросы_по_стране;производители соевого масла Россия;да;;1;провайдер-08
запросы_по_стране;производители специй и приправ россия список;да;;1;сессия-1
запросы_по_стране;производители строительного щебня России;да;;1;провайдер-19
запросы_по_стране;производители суперконцентратов Россия;да;;1;провайдер-18
запросы_по_стране;производители суперконцентратов для пластика;да;;1;провайдер-17
запросы_по_стране;производители сухофруктов Россия;да;;1;провайдер-10
запросы_по_стране;производители сухофруктов в россии список;да;;1;сессия-1
запросы_по_стране;производители сухофруктов и орехов России;да;;1;провайдер-13
запросы_по_стране;производители сушеных ягод Россия;да;;1;провайдер-09
запросы_по_стране;производители технической соли России;да;;1;провайдер-19
запросы_по_стране;производители технической соли Россия;да;;1;провайдер-20
запросы_по_стране;производители урбеча россия;да;;1;сессия-1
запросы_по_стране;производители фасованного чая России;да;;1;провайдер-11
запросы_по_стране;производители флекса ПЭТ РФ;да;;1;провайдер-22
запросы_по_стране;производители флекса Россия;да;;1;провайдер-17
запросы_по_стране;производители халвы России;да;;1;провайдер-05
запросы_по_стране;производители халвы и козинаков россия;да;;1;сессия-1
запросы_по_стране;производители шоколада с орехами Россия;да;;1;провайдер-05
запросы_по_стране;производители шрота Россия;да;;1;провайдер-08
запросы_по_стране;производители щебня России;да;;1;провайдер-16
запросы_по_стране;производители элитных семян России;да;;1;провайдер-02
запросы_по_стране;производители ягодных соков России;да;;1;провайдер-06
запросы_по_стране;производственные мощности переработки картофеля;да;;1;провайдер-10
запросы_по_стране;производство грецкого ореха Россия;да;;1;провайдер-05
запросы_по_стране;производство грецкого ореха в России;да;;1;провайдер-13
запросы_по_стране;производство древесной щепы Россия;да;;1;провайдер-23
запросы_по_стране;производство кедрового ореха в России;да;;1;провайдер-13
запросы_по_стране;производство ореховых паст Россия;да;;1;провайдер-05
запросы_по_стране;производство ореховых снеков Россия;да;;1;провайдер-05
запросы_по_стране;производство регранулята Россия;да;;1;провайдер-22
запросы_по_стране;производство семечки Россия заводы;да;;1;провайдер-06
запросы_по_стране;производство стекольного песка России;да;;1;провайдер-19
запросы_по_стране;производство фундука в России;да;;1;провайдер-13
запросы_по_стране;производство халвы в России;да;;1;провайдер-13
запросы_по_стране;промышленная переработка орехов Россия;да;;1;провайдер-05
запросы_по_стране;протравочные заводы Россия;да;;1;провайдер-14
запросы_по_стране;регранулят производители Россия;да;;1;провайдер-23
запросы_по_стране;реестр деревообрабатывающих предприятий;да;;1;провайдер-23
запросы_по_стране;реестр зерноприёмных предприятий;да;;1;провайдер-04
запросы_по_стране;реестр картофелехранилищ;да;;1;провайдер-10
запросы_по_стране;реестр кондитерских предприятий России;да;;1;провайдер-13
запросы_по_стране;реестр кофейных производств РФ;да;;1;провайдер-11
запросы_по_стране;реестр лицензий на заготовку лома черных и цветных металлов;да;;1;сессия-2
запросы_по_стране;реестр лицензий на обращение с отходами Росприроднадзор;да;;1;сессия-2
запросы_по_стране;реестр лицензий на пользование недрами ОПИ;да;;1;сессия-2
запросы_по_стране;реестр маслоэкстракционных заводов РФ;да;;1;провайдер-08
запросы_по_стране;реестр обогатительных фабрик;да;;1;провайдер-24
запросы_по_стране;реестр переработчиков ПЭТ;да;;1;провайдер-17
запросы_по_стране;реестр переработчиков вторсырья;да;;1;провайдер-22
запросы_по_стране;реестр переработчиков орехов;да;;1;провайдер-05
запросы_по_стране;реестр переработчиков пластика России;да;;1;провайдер-21
запросы_по_стране;реестр переработчиков полимерных отходов;да;;1;сессия-2
запросы_по_стране;реестр предприятий нерудных материалов России;да;;1;провайдер-19
запросы_по_стране;реестр предприятий переработки плодов и ягод;да;;1;провайдер-09
запросы_по_стране;реестр предприятий пищевой промышленности России;да;;1;провайдер-03
запросы_по_стране;реестр предприятий полимерной промышленности;да;;1;провайдер-17
запросы_по_стране;реестр производителей компаундов;да;;1;провайдер-17
запросы_по_стране;реестр производителей полимеров РФ;да;;1;провайдер-18
запросы_по_стране;реестр производителей пряностей;да;;1;провайдер-11
запросы_по_стране;реестр производителей сухофруктов;да;;1;провайдер-06
запросы_по_стране;реестр рыбоперерабатывающих предприятий России;да;;1;провайдер-12
запросы_по_стране;реестр семеноводческих хозяйств;да;;1;провайдер-14
запросы_по_стране;реестр семеноводческих хозяйств России;да;;1;провайдер-02
запросы_по_стране;реестр семеноводческих хозяйств россельхозцентр;да;;1;сессия-1
запросы_по_стране;реестр стекольных заводов РФ;да;;1;провайдер-21
запросы_по_стране;рейтинг деревообрабатывающих предприятий России;да;;1;провайдер-23
запросы_по_стране;рейтинг заводов вторичной переработки;да;;1;провайдер-22
запросы_по_стране;рейтинг заводов вторсырья пластмасс;да;;1;провайдер-17
запросы_по_стране;рейтинг заводов по заморозке овощей Россия;да;;1;провайдер-09
запросы_по_стране;рейтинг заводов рециклинга пластика РФ;да;;1;провайдер-21
запросы_по_стране;рейтинг золотодобытчиков России;да;;1;провайдер-16
запросы_по_стране;рейтинг кондитерских фабрик России;да;;1;провайдер-13
запросы_по_стране;рейтинг кофейных обжарочных России;да;;1;провайдер-11
запросы_по_стране;рейтинг льнокомбинатов России;да;;1;провайдер-02
запросы_по_стране;рейтинг молокозаводов России;да;;1;провайдер-12
запросы_по_стране;рейтинг переработчиков пластика РФ;да;;1;провайдер-18
запросы_по_стране;рейтинг производителей бобовых;да;;1;провайдер-14
запросы_по_стране;рейтинг производителей вторичных полимеров;да;;1;провайдер-17
запросы_по_стране;рейтинг производителей замороженных овощей;да;;1;провайдер-10
запросы_по_стране;рейтинг производителей кондитерских изделий России;да;;1;провайдер-03
запросы_по_стране;рейтинг производителей молочной продукции России;да;;1;провайдер-03
запросы_по_стране;рейтинг производителей мясной продукции России;да;;1;провайдер-03
запросы_по_стране;рейтинг производителей пластмасс России;да;;1;провайдер-18
запросы_по_стране;рейтинг производителей растительных масел России;да;;1;провайдер-08
запросы_по_стране;рейтинг производителей семян России;да;;1;провайдер-02
запросы_по_стране;рейтинг производителей специй России;да;;1;провайдер-11
запросы_по_стране;рейтинг производителей стекловолокна Россия;да;;1;провайдер-21
запросы_по_стране;рейтинг производителей сухофруктов России;да;;1;провайдер-06
запросы_по_стране;рейтинг производителей щебня России;да;;1;провайдер-19
запросы_по_стране;рейтинг соковых заводов Россия;да;;1;провайдер-09
запросы_по_стране;рейтинг экспортёров зерна России;да;;1;провайдер-01
запросы_по_стране;рейтинг элеваторов России;да;;1;провайдер-04
запросы_по_стране;рециклеры ПЭТ Россия;да;;1;провайдер-18
запросы_по_стране;рециклинг древесины Россия;да;;1;провайдер-23
запросы_по_стране;рисозаводы России;да;;1;провайдер-04
запросы_по_стране;рисозаводы краснодарского края и приморья список;да;;1;сессия-1
запросы_по_стране;российские заводы рециклинга;да;;1;провайдер-22
запросы_по_стране;рудообогатительные фабрики России;да;;1;провайдер-16
запросы_по_стране;рудообогатительные фабрики Урала;да;;1;провайдер-24
запросы_по_стране;рыбная промышленность России предприятия;да;;1;провайдер-12
запросы_по_стране;рыбоперерабатывающие заводы камчатки и сахалина;да;;1;сессия-1
запросы_по_стране;садоводческие хозяйства Россия каталог;да;;1;провайдер-06
запросы_по_стране;семенные станции России;да;;1;провайдер-14
запросы_по_стране;семеноводческие хозяйства России;да;;1;провайдер-14
запросы_по_стране;сертификат на семена суперэлита производитель ООО;да;;1;сессия-1
запросы_по_стране;солепромыслы России перечень;да;;1;провайдер-20
запросы_по_стране;союз овощеводов России переработка;да;;1;провайдер-10
запросы_по_стране;союз производителей кондитерских изделий;да;;1;провайдер-03
запросы_по_стране;союз производителей минеральных удобрений;да;;1;провайдер-19
запросы_по_стране;союз производителей нерудных материалов участники;да;;1;провайдер-20
запросы_по_стране;союз производителей орехов;да;;1;провайдер-11
запросы_по_стране;союз производителей пеллет;да;;1;провайдер-23
запросы_по_стране;союз семеноводов России;да;;1;провайдер-02
запросы_по_стране;список ГОК России;да;;1;провайдер-24
запросы_по_стране;список ГОКов России;да;;1;провайдер-20
запросы_по_стране;список заводов переработки ПЭТ России;да;;1;провайдер-21
запросы_по_стране;список заводов по переработке ягод России;да;;1;провайдер-06
запросы_по_стране;список заводов полимеров РФ;да;;1;провайдер-18
запросы_по_стране;список золотоизвлекательных фабрик России;да;;1;сессия-2
запросы_по_стране;список картофелехранилищ России;да;;1;провайдер-10
запросы_по_стране;список карьеров России;да;;1;провайдер-19
запросы_по_стране;список кондитерских предприятий России;да;;1;провайдер-13
запросы_по_стране;список кондитерских фабрик России;да;;1;провайдер-12
запросы_по_стране;список крупяных заводов России;да;;1;провайдер-01
запросы_по_стране;список лесопильных заводов России;да;;1;провайдер-23
запросы_по_стране;список маслозаводов России;да;;1;провайдер-08
запросы_по_стране;список мелькомбинатов России;да;;1;провайдер-04
запросы_по_стране;список молокозаводов России;да;;1;провайдер-03
запросы_по_стране;список мукомольных заводов России;да;;1;провайдер-07
запросы_по_стране;список мясокомбинатов России;да;;1;провайдер-03
запросы_по_стране;список переработчиков орехов России;да;;1;провайдер-11
запросы_по_стране;список переработчиков полипропилена;да;;1;провайдер-17
запросы_по_стране;список предприятий переработки пластика РФ;да;;1;провайдер-22
запросы_по_стране;список предприятий переработки стекла России;да;;1;провайдер-21
запросы_по_стране;список предприятий по переработке дикоросов;да;;1;провайдер-09
запросы_по_стране;список предприятий рециклинга пластмасс;да;;1;провайдер-17
запросы_по_стране;список производителей жареного кофе;да;;1;провайдер-11
запросы_по_стране;список производителей замороженных ягод РФ;да;;1;провайдер-09
запросы_по_стране;список птицефабрик России;да;;1;провайдер-12
запросы_по_стране;список рудников России;да;;1;провайдер-16
запросы_по_стране;список углеобогатительных фабрик России;да;;1;провайдер-16
запросы_по_стране;список экспортёров зерна России;да;;1;провайдер-01
запросы_по_стране;список элитхозов России;да;;1;провайдер-02
запросы_по_стране;список ягодных хозяйств России;да;;1;провайдер-09
запросы_по_стране;справочник переработчиков пластика;да;;1;провайдер-17
запросы_по_стране;стеклотарные заводы России список;да;;1;сессия-2
запросы_по_стране;стекольные заводы России список;да;;1;провайдер-21
запросы_по_стране;табачные фабрики России;да;;1;провайдер-14
запросы_по_стране;табачные фабрики России список;да;;1;провайдер-02
запросы_по_стране;табачные ферментационные заводы россии;да;;1;сессия-1
запросы_по_стране;терминалы перевалки зерна Россия;да;;1;провайдер-08
запросы_по_стране;топ заводов вторичной переработки полимеров;да;;1;провайдер-17
запросы_по_стране;топ кондитерских фабрик России;да;;1;провайдер-13
запросы_по_стране;топ производителей вторичных полимеров;да;;1;провайдер-23
запросы_по_стране;топ производителей замороженной продукции;да;;1;провайдер-06
запросы_по_стране;топ производителей круп;да;;1;провайдер-07
запросы_по_стране;топ производителей крупы;да;;1;провайдер-04
запросы_по_стране;топ производителей рыбной продукции России;да;;1;провайдер-12
запросы_по_стране;топ хлебозаводов России;да;;1;провайдер-12
запросы_по_стране;топ экспортеров зерна России;да;;1;провайдер-08
запросы_по_стране;топ экспортёров бобовых России;да;;1;провайдер-01
запросы_по_стране;топ-100 пищевых предприятий России;да;;1;провайдер-03
запросы_по_стране;угледобывающие компании России рейтинг;да;;1;провайдер-24
запросы_по_стране;угледобывающие предприятия России;да;;1;провайдер-16
запросы_по_стране;углеобогатительные фабрики России перечень;да;;1;сессия-2
запросы_по_стране;углеобогащение предприятия список;да;;1;провайдер-16
запросы_по_стране;угольные обогатительные фабрики России список;да;;1;провайдер-24
запросы_по_стране;угольные разрезы России список компаний;да;;1;сессия-2
запросы_по_стране;угольные разрезы список;да;;1;провайдер-16
запросы_по_стране;участники выставки MiningWorld Russia экспоненты;да;;1;сессия-2
запросы_по_стране;участники выставки WasteTech рециклинг экспоненты;да;;1;сессия-2
запросы_по_стране;участники выставки Интерпластика экспоненты;да;;1;сессия-2
запросы_по_стране;участники выставки Нерудные материалы экспоненты;да;;1;сессия-2
запросы_по_стране;участники рынка экспорта зерна России;да;;1;провайдер-01
запросы_по_стране;фасовщики круп собственная торговая марка СТМ;да;;1;сессия-1
запросы_по_стране;флотационные фабрики России;да;;1;провайдер-24
запросы_по_стране;флюоритовые месторождения разработка компании;да;;1;сессия-2
запросы_по_стране;химические комбинаты России каталог;да;;1;провайдер-20
запросы_по_стране;чаеразвесочные фабрики россии;да;;1;сессия-1
запросы_по_стране;шредерные заводы России;да;;1;провайдер-22
запросы_по_стране;шредерные установки металлолома Россия компании;да;;1;сессия-2
запросы_по_стране;щебеночные карьеры России список;да;;1;провайдер-20
запросы_по_стране;экспортеры бобовых Россия;да;;1;провайдер-08
запросы_по_стране;экспортеры замороженных овощей Россия;да;;1;провайдер-10
запросы_по_стране;экспортеры замороженных ягод Россия;да;;1;провайдер-06
запросы_по_стране;экспортеры зерна России топ;да;;1;провайдер-15
запросы_по_стране;экспортеры нута Россия;да;;1;провайдер-14
запросы_по_стране;экспортеры подсолнечника Россия список;да;;1;провайдер-08
запросы_по_стране;экспортеры сои Россия;да;;1;провайдер-08
запросы_по_стране;экспортеры чечевицы Россия;да;;1;провайдер-14
запросы_по_стране;экспортёры горчицы и кориандра из россии;да;;1;сессия-1
запросы_по_стране;экспортёры льна россия список компаний;да;;1;сессия-1
запросы_по_стране;экспортёры масличных России;да;;1;провайдер-01
запросы_по_стране;экспортёры подсолнечника России;да;;1;провайдер-01
запросы_по_стране;экспортёры сои России;да;;1;провайдер-01
запросы_по_стране;элитное семеноводство Россия;да;;1;провайдер-14
запросы_по_стране;эфиромасличные заводы России;да;;1;провайдер-02
запросы_по_стране;ягодная отрасль России предприятия;да;;1;провайдер-06
инвестпроекты;site:mcx.gov.ru инвестпроекты АПК поддержка;да;;1;провайдер-25
инвестпроекты;site:minpriroda.gov.by инвестпроекты пищевая промышленность;да;;1;провайдер-25
инвестпроекты;запуск завод полимеры компаунды Россия;да;;1;провайдер-25
инвестпроекты;запуск завод техническая соль Россия;да;;1;провайдер-25
инвестпроекты;запуск линия заморозка овощей инвестпроект;да;;1;провайдер-25
инвестпроекты;запуск нового завода переработка орехов;да;;1;провайдер-25
инвестпроекты;инвестиции кондитерская фабрика Россия 2024-2026;да;;1;провайдер-25
инвестпроекты;инвестпроект строительство элеватора Россия 2024-2026;да;;1;провайдер-25
инвестпроекты;инвестпроекты семеноводство господдержка;да;;1;провайдер-25
инвестпроекты;модернизация обжарка семечек завод;да;;1;провайдер-25
инвестпроекты;модернизация рисозавода инвестиции;да;;1;провайдер-25
инвестпроекты;модернизация элеватора господдержка;да;;1;провайдер-25
инвестпроекты;новый завод переработка пластика инвестиции;да;;1;провайдер-25
инвестпроекты;новый завод стеклобой рециклинг;да;;1;провайдер-25
инвестпроекты;открытие завод переработка картофеля фри;да;;1;провайдер-25
инвестпроекты;открытие маслоэкстракционного завода новости;да;;1;провайдер-25
инвестпроекты;строительство завод минеральные удобрения;да;;1;провайдер-25
инвестпроекты;строительство завод переработка древесины пеллеты;да;;1;провайдер-25
инвестпроекты;строительство завод переработка рыбы Дальний Восток;да;;1;провайдер-25
инвестпроекты;строительство крупозавода новости Россия;да;;1;провайдер-25
кейсы_поставщиков;"""Bühler сепаратор"" кейс завод";да;;1;провайдер-25
кейсы_поставщиков;"""Key Technology"" внедрение завод";да;;1;провайдер-25
кейсы_поставщиков;"""Satake сортировка"" проект элеватор";да;;1;провайдер-25
кейсы_поставщиков;"""Tomra"" установка переработка";да;;1;провайдер-25
кейсы_поставщиков;"""Агроэкспорт"" OR ""Экспорт продукции АПК"" новые мощности {отрасль}";да;;1;сессия-3
кейсы_поставщиков;"""КПО"" OR ""комплекс по обработке отходов"" оптическая сортировка {регион}";да;да;1;сессия-3
кейсы_поставщиков;"""ОЭЗ"" OR ""ТОСЭР"" резидент переработка зерна OR орехов";да;;1;сессия-3
кейсы_поставщиков;"""ФРП"" OR ""Фонд развития промышленности"" сортировка OR переработка пластика заём";да;;1;сессия-3
кейсы_поставщиков;"""Фонд развития промышленности"" заём переработка {отрасль}";да;;1;сессия-3
кейсы_поставщиков;"""внедрили оптическую сортировку"" предприятие";да;;1;провайдер-25
кейсы_поставщиков;"""грант агропрогресс"" OR ""агростартап"" фотосепаратор";да;;1;сессия-3
кейсы_поставщиков;"""губернатор"" посетил ""фотосепаратор"" OR ""линию сортировки""";да;;1;сессия-3
кейсы_поставщиков;"""завод по переработке пластика"" открытие 2025 OR 2026";да;;1;сессия-3
кейсы_поставщиков;"""завод по подработке семян"" инвестпроект";да;;1;сессия-3
кейсы_поставщиков;"""запуск крупяного завода"" OR ""открытие крупяного цеха"" 2025";да;;1;сессия-3
кейсы_поставщиков;"""запуск линии сортировки"" 2025 OR 2026";да;;1;сессия-3
кейсы_поставщиков;"""запустили фотосепаратор"" OR ""приобрели фотосепаратор""";да;;1;сессия-3
кейсы_поставщиков;"""импортозамещение"" ""оптическая сортировка"" производство 2025";да;;1;сессия-3
кейсы_поставщиков;"""инвестиционный проект"" переработка зерна OR крупы {регион} 2026";да;да;1;сессия-3
кейсы_поставщиков;"""кварцевый песок"" OR ""кварцевая крупка"" новое производство обогащение";да;;1;сессия-3
кейсы_поставщиков;"""кейс"" фотосепаратор {отрасль} ""было"" ""стало""";да;;1;сессия-3
кейсы_поставщиков;"""компенсация затрат"" ""фотосепаратор"" OR ""оборудования переработки"" субсидия";да;;1;сессия-3
кейсы_поставщиков;"""линия по переработке бобовых"" OR ""переработка нута"" запуск";да;;1;сессия-3
кейсы_поставщиков;"""модернизация линии"" ""металлодетектор"" ""рентген""";да;;1;сессия-3
кейсы_поставщиков;"""модернизация элеватора"" 2025 OR 2026 {регион}";да;да;1;сессия-3
кейсы_поставщиков;"""мусоросортировочный комплекс"" запуск ""оптические сепараторы""";да;;1;сессия-3
кейсы_поставщиков;"""наши клиенты"" OR ""реализованные проекты"" фотосепаратор";да;;1;сессия-3
кейсы_поставщиков;"""новая линия сортировки"" {отрасль} {регион}";да;да;1;сессия-3
кейсы_поставщиков;"""обнаружение костей"" рентген рыбный завод OR птицефабрика";да;;1;сессия-3
кейсы_поставщиков;"""обогатительная фабрика"" запуск ""рентгенорадиометрическ""";да;;1;сессия-3
кейсы_поставщиков;"""оборудование Meyer"" установка Россия";да;;1;провайдер-25
кейсы_поставщиков;"""овощехранилище"" ""линия сортировки"" картофеля запуск";да;;1;сессия-3
кейсы_поставщиков;"""отзыв"" ""фотосепаратор"" ""работает у нас""";да;;1;сессия-3
кейсы_поставщиков;"""открытие завода по переработке орехов"" OR ""цех по переработке орехов""";да;;1;сессия-3
кейсы_поставщиков;"""переработка льна"" OR ""очистка льна"" экспорт новый цех";да;;1;сессия-3
кейсы_поставщиков;"""переработка стеклобоя"" завод запуск";да;;1;сессия-3
кейсы_поставщиков;"""поставили рентген-инспекцию"" производство";да;;1;провайдер-25
кейсы_поставщиков;"""поставили фотосепаратор"" OR ""отгрузили фотосепаратор"" в {регион}";да;да;1;сессия-3
кейсы_поставщиков;"""производство ПЭТ-флекса"" OR ""рециклинг ПЭТ"" новый завод";да;;1;сессия-3
кейсы_поставщиков;"""производство извести"" OR ""известняковой муки"" новый завод {регион}";да;да;1;сессия-3
кейсы_поставщиков;"""пусконаладочные работы"" фотосепаратор {регион}";да;да;1;сессия-3
кейсы_поставщиков;"""реконструкция элеватора"" фотосепаратор";да;;1;сессия-3
кейсы_поставщиков;"""рентген-контроль"" OR ""рентгеновский контроль"" запустили линию пищевое";да;;1;сессия-3
кейсы_поставщиков;"""рентгеновская инспекция"" внедрили производство";да;;1;сессия-3
кейсы_поставщиков;"""референс-лист"" OR ""список поставок"" фотосепаратор filetype:pdf";да;;1;сессия-3
кейсы_поставщиков;"""семенной завод"" открытие OR запуск 2025 OR 2026";да;;1;сессия-3
кейсы_поставщиков;"""смонтировали фотосепаратор"" элеватор";да;;1;провайдер-25
кейсы_поставщиков;"""соглашение о господдержке"" переработка сельхозпродукции {регион}";да;да;1;сессия-3
кейсы_поставщиков;"""соледобывающ"" OR ""производство пищевой соли"" модернизация";да;;1;сессия-3
кейсы_поставщиков;"""сортировка руды"" OR ""предконцентрация"" рентген внедрение";да;;1;сессия-3
кейсы_поставщиков;"""сортировка ягод"" новая линия OR цех заморозки";да;;1;сессия-3
кейсы_поставщиков;"""строительство элеватора"" инвестпроект {регион} 2026";да;да;1;сессия-3
кейсы_поставщиков;"""установили фотосепаратор"" {отрасль}";да;;1;сессия-3
кейсы_поставщиков;"""установили фотосепаратор"" завод Россия";да;;1;провайдер-25
кейсы_поставщиков;"""установлен фотосепаратор"" завод";да;;1;сессия-3
кейсы_поставщиков;"""фотосепаратор"" site:t.me OR site:dzen.ru";да;;1;сессия-3
кейсы_поставщиков;"""фотосепаратор"" новости site:vk.com";да;;1;сессия-3
кейсы_поставщиков;"""цех калибровки и сортировки"" открытие";да;;1;сессия-3
кейсы_поставщиков;"""шоковой заморозки ягод"" запуск цеха {регион}";да;да;1;сессия-3
кейсы_поставщиков;внедрение рентген контроль кондитерская фабрика;да;;1;провайдер-25
кейсы_поставщиков;история внедрения сепаратор маслозавод;да;;1;провайдер-25
кейсы_поставщиков;кейс внедрение цветосортировка зерно;да;;1;провайдер-25
кейсы_поставщиков;кейс оптическая сортировка орехи завод;да;;1;провайдер-25
кейсы_поставщиков;отзыв заказчика фотосепаратор крупозавод;да;;1;провайдер-25
кейсы_поставщиков;отзыв фотосепаратор завод семян;да;;1;провайдер-25
кейсы_поставщиков;проект автоматизация очистка зерно элеватор;да;;1;провайдер-25
кейсы_поставщиков;проект установка сепаратор элеватор;да;;1;провайдер-25
кейсы_поставщиков;успешные проекты сортировка семян Россия;да;;1;провайдер-25
минус_слова;вакансии;нет;;26;провайдер-01, провайдер-02, провайдер-03, провайдер-04, провайдер-05, провайдер-06, провайдер-07, провайдер-08, провайдер-09, провайдер-10, провайдер-11, провайдер-12, провайдер-13, провайдер-14, провайдер-15, провайдер-16, провайдер-17, провайдер-18, провайдер-19, провайдер-20, провайдер-21, провайдер-22, провайдер-23, провайдер-24, сессия-1, сессия-2
минус_слова;работа;нет;;26;провайдер-01, провайдер-02, провайдер-03, провайдер-04, провайдер-05, провайдер-06, провайдер-07, провайдер-08, провайдер-09, провайдер-10, провайдер-11, провайдер-12, провайдер-13, провайдер-14, провайдер-15, провайдер-16, провайдер-17, провайдер-18, провайдер-19, провайдер-20, провайдер-21, провайдер-22, провайдер-23, провайдер-24, сессия-1, сессия-2
минус_слова;купить;нет;;25;провайдер-01, провайдер-02, провайдер-03, провайдер-04, провайдер-05, провайдер-06, провайдер-07, провайдер-08, провайдер-09, провайдер-10, провайдер-11, провайдер-12, провайдер-13, провайдер-14, провайдер-15, провайдер-16, провайдер-17, провайдер-18, провайдер-19, провайдер-20, провайдер-21, провайдер-22, провайдер-23, провайдер-24, сессия-1
минус_слова;резюме;нет;;25;провайдер-01, провайдер-02, провайдер-03, провайдер-04, провайдер-05, провайдер-06, провайдер-07, провайдер-08, провайдер-09, провайдер-10, провайдер-11, провайдер-12, провайдер-13, провайдер-14, провайдер-15, провайдер-16, провайдер-17, провайдер-18, провайдер-19, провайдер-20, провайдер-21, провайдер-22, провайдер-23, провайдер-24, сессия-2
минус_слова;цена;нет;;24;провайдер-01, провайдер-02, провайдер-03, провайдер-04, провайдер-05, провайдер-06, провайдер-07, провайдер-08, провайдер-09, провайдер-10, провайдер-11, провайдер-12, провайдер-13, провайдер-14, провайдер-15, провайдер-16, провайдер-17, провайдер-18, провайдер-19, провайдер-20, провайдер-21, провайдер-22, провайдер-23, провайдер-24
минус_слова;статья;нет;;20;провайдер-01, провайдер-02, провайдер-03, провайдер-04, провайдер-05, провайдер-06, провайдер-07, провайдер-09, провайдер-10, провайдер-11, провайдер-12, провайдер-15, провайдер-16, провайдер-17, провайдер-18, провайдер-19, провайдер-21, провайдер-22, провайдер-23, провайдер-24
минус_слова;интернет-магазин;нет;;19;провайдер-01, провайдер-02, провайдер-03, провайдер-05, провайдер-06, провайдер-07, провайдер-08, провайдер-09, провайдер-10, провайдер-11, провайдер-12, провайдер-13, провайдер-14, провайдер-15, провайдер-17, провайдер-19, провайдер-20, провайдер-21, сессия-1
минус_слова;доставка;нет;;18;провайдер-02, провайдер-03, провайдер-05, провайдер-06, провайдер-07, провайдер-08, провайдер-09, провайдер-10, провайдер-11, провайдер-12, провайдер-13, провайдер-14, провайдер-15, провайдер-17, провайдер-19, провайдер-20, провайдер-21, сессия-1
минус_слова;новости;нет;;17;провайдер-01, провайдер-02, провайдер-03, провайдер-06, провайдер-07, провайдер-09, провайдер-10, провайдер-15, провайдер-16, провайдер-17, провайдер-18, провайдер-19, провайдер-21, провайдер-22, провайдер-23, провайдер-24, сессия-2
минус_слова;реферат;нет;;17;провайдер-01, провайдер-04, провайдер-07, провайдер-09, провайдер-10, провайдер-14, провайдер-15, провайдер-16, провайдер-17, провайдер-18, провайдер-19, провайдер-20, провайдер-21, провайдер-22, провайдер-24, сессия-1, сессия-2
минус_слова;википедия;нет;;16;провайдер-02, провайдер-03, провайдер-04, провайдер-06, провайдер-07, провайдер-10, провайдер-11, провайдер-12, провайдер-13, провайдер-17, провайдер-18, провайдер-22, провайдер-23, провайдер-24, сессия-1, сессия-2
минус_слова;продажа;нет;;15;провайдер-03, провайдер-04, провайдер-06, провайдер-08, провайдер-09, провайдер-10, провайдер-11, провайдер-14, провайдер-16, провайдер-17, провайдер-19, провайдер-21, провайдер-22, провайдер-23, провайдер-24
минус_слова;курсовая;нет;;14;провайдер-01, провайдер-04, провайдер-07, провайдер-09, провайдер-10, провайдер-14, провайдер-15, провайдер-16, провайдер-19, провайдер-20, провайдер-21, провайдер-24, сессия-1, сессия-2
минус_слова;магазин;нет;;14;провайдер-01, провайдер-03, провайдер-06, провайдер-07, провайдер-08, провайдер-09, провайдер-10, провайдер-11, провайдер-12, провайдер-13, провайдер-14, провайдер-17, провайдер-20, провайдер-21
минус_слова;рецепт;нет;;12;провайдер-05, провайдер-06, провайдер-07, провайдер-08, провайдер-09, провайдер-10, провайдер-11, провайдер-12, провайдер-13, провайдер-14, сессия-1, сессия-2
минус_слова;видео;нет;;11;провайдер-02, провайдер-04, провайдер-10, провайдер-17, провайдер-18, провайдер-19, провайдер-21, провайдер-22, провайдер-23, провайдер-24, сессия-2
минус_слова;диплом;нет;;11;провайдер-01, провайдер-04, провайдер-07, провайдер-09, провайдер-14, провайдер-15, провайдер-16, провайдер-17, провайдер-18, провайдер-19, провайдер-24
минус_слова;форум;нет;;11;провайдер-02, провайдер-11, провайдер-13, провайдер-15, провайдер-17, провайдер-18, провайдер-19, провайдер-23, провайдер-24, сессия-1, сессия-2
минус_слова;авито;нет;;9;провайдер-01, провайдер-04, провайдер-06, провайдер-12, провайдер-13, провайдер-15, провайдер-19, провайдер-22, сессия-1
минус_слова;отзывы;нет;;9;провайдер-03, провайдер-05, провайдер-11, провайдер-13, провайдер-15, провайдер-16, провайдер-19, провайдер-23, сессия-1
минус_слова;фото;нет;;9;провайдер-04, провайдер-05, провайдер-08, провайдер-10, провайдер-19, провайдер-21, провайдер-23, провайдер-24, сессия-2
минус_слова;объявления;нет;;8;провайдер-01, провайдер-04, провайдер-08, провайдер-12, провайдер-15, провайдер-17, провайдер-19, провайдер-22
минус_слова;каталог товаров;нет;;7;провайдер-02, провайдер-03, провайдер-06, провайдер-13, провайдер-14, провайдер-20, провайдер-21
минус_слова;прайс;нет;;7;провайдер-01, провайдер-06, провайдер-13, провайдер-14, провайдер-15, провайдер-19, провайдер-20
минус_слова;скачать;нет;;7;провайдер-02, провайдер-04, провайдер-09, провайдер-10, провайдер-14, провайдер-24, сессия-2
минус_слова;hh.ru;нет;;6;провайдер-06, провайдер-11, провайдер-12, провайдер-19, провайдер-22, провайдер-24
минус_слова;б/у;нет;;6;провайдер-07, провайдер-09, провайдер-17, провайдер-20, провайдер-22, сессия-2
минус_слова;заказать;нет;;6;провайдер-02, провайдер-05, провайдер-09, провайдер-11, провайдер-12, провайдер-13
минус_слова;калорийность;нет;;6;провайдер-03, провайдер-06, провайдер-07, провайдер-08, провайдер-10, сессия-1
минус_слова;польза;нет;;6;провайдер-06, провайдер-07, провайдер-08, провайдер-10, провайдер-11, сессия-1
минус_слова;своими руками;нет;;6;провайдер-05, провайдер-06, провайдер-10, провайдер-21, сессия-1, сессия-2
минус_слова;учебник;нет;;6;провайдер-01, провайдер-04, провайдер-07, провайдер-09, провайдер-15, провайдер-16
минус_слова;в домашних условиях;нет;;5;провайдер-05, провайдер-06, провайдер-10, провайдер-21, сессия-1
минус_слова;история;нет;;5;провайдер-07, провайдер-12, провайдер-13, провайдер-16, провайдер-21
минус_слова;курсы;нет;;5;провайдер-02, провайдер-17, провайдер-18, провайдер-22, провайдер-23
минус_слова;оптом;нет;;5;провайдер-07, провайдер-09, провайдер-10, провайдер-19, провайдер-20
минус_слова;розница;нет;;5;провайдер-01, провайдер-09, провайдер-15, провайдер-17, провайдер-20
минус_слова;аренда;нет;;4;провайдер-07, провайдер-16, провайдер-22, сессия-2
минус_слова;бизнес план;нет;;4;провайдер-05, провайдер-22, провайдер-23, сессия-2
минус_слова;игра;нет;;4;провайдер-04, провайдер-16, провайдер-24, сессия-1
минус_слова;как открыть;нет;;4;провайдер-05, провайдер-22, провайдер-23, сессия-2
минус_слова;книга;нет;;4;провайдер-02, провайдер-07, провайдер-09, провайдер-15
минус_слова;музей;нет;;4;провайдер-03, провайдер-13, провайдер-16, провайдер-21
минус_слова;обучение;нет;;4;провайдер-02, провайдер-17, провайдер-18, провайдер-22
минус_слова;отзывы покупателей;нет;;4;провайдер-02, провайдер-06, провайдер-08, провайдер-14
минус_слова;что такое;нет;;4;провайдер-18, провайдер-20, провайдер-23, сессия-2
минус_слова;wikipedia;нет;;3;провайдер-03, провайдер-10, провайдер-19
минус_слова;блог;нет;;3;провайдер-02, провайдер-15, провайдер-17
минус_слова;вред;нет;;3;провайдер-08, провайдер-11, сессия-1
минус_слова;куплю;нет;;3;провайдер-01, провайдер-20, провайдер-23
минус_слова;купля;нет;;3;провайдер-11, провайдер-12, провайдер-23
минус_слова;майнкрафт;нет;;3;провайдер-16, провайдер-24, сессия-1
минус_слова;оборудование для;нет;;3;провайдер-23, сессия-1, сессия-2
минус_слова;приготовить;нет;;3;провайдер-10, провайдер-12, провайдер-14
минус_слова;продам;нет;;3;провайдер-01, провайдер-20, провайдер-23
минус_слова;рецепты;нет;;3;провайдер-03, провайдер-12, провайдер-14
минус_слова;станок;нет;;3;провайдер-18, провайдер-23, сессия-1
минус_слова;торрент;нет;;3;провайдер-04, провайдер-10, провайдер-24
минус_слова;юла;нет;;3;провайдер-04, провайдер-13, провайдер-15
минус_слова;-википедия;нет;;2;сессия-3, сессия-4
минус_слова;-купить;нет;;2;провайдер-25, сессия-3
минус_слова;-курсовая;нет;;2;сессия-3, сессия-4
минус_слова;-курсы;нет;;2;провайдер-25, сессия-3
минус_слова;-магазин;нет;;2;провайдер-25, сессия-4
минус_слова;-обучение;нет;;2;провайдер-25, сессия-3
минус_слова;-продам;нет;;2;провайдер-25, сессия-3
минус_слова;-работа;нет;;2;провайдер-25, сессия-4
минус_слова;-резюме;нет;;2;провайдер-25, сессия-4
минус_слова;-реферат;нет;;2;сессия-3, сессия-4
минус_слова;-розница;нет;;2;провайдер-25, сессия-4
минус_слова;-скачать;нет;;2;сессия-3, сессия-4
минус_слова;-цена;нет;;2;провайдер-25, сессия-3
минус_слова;youtube;нет;;2;провайдер-17, провайдер-22
минус_слова;ТКО;нет;;2;провайдер-22, сессия-2
минус_слова;акции;нет;;2;провайдер-03, провайдер-13
минус_слова;бесплатно;нет;;2;провайдер-10, провайдер-17
минус_слова;блюдо;нет;;2;провайдер-12, провайдер-14
минус_слова;бу;нет;;2;провайдер-07, провайдер-22
минус_слова;бумага;нет;;2;провайдер-22, сессия-2
минус_слова;вакансия;нет;;2;провайдер-11, провайдер-12
минус_слова;видео рецепт;нет;;2;провайдер-05, провайдер-08
минус_слова;доклад;нет;;2;провайдер-18, провайдер-19
минус_слова;доска объявлений;нет;;2;провайдер-01, провайдер-04
минус_слова;как выбрать;нет;;2;провайдер-08, провайдер-20
минус_слова;как сделать;нет;;2;провайдер-06, провайдер-10
минус_слова;картон;нет;;2;провайдер-22, сессия-2
минус_слова;макулатура;нет;;2;провайдер-22, сессия-2
минус_слова;оборудование купить;нет;;2;провайдер-01, провайдер-17
минус_слова;оптом купить;нет;;2;провайдер-05, провайдер-06
минус_слова;покрышки;нет;;2;провайдер-22, сессия-2
минус_слова;поставщик оборудования;нет;;2;провайдер-09, провайдер-20
минус_слова;продажа оборудования;нет;;2;провайдер-07, провайдер-18
минус_слова;сепаратор купить;нет;;2;провайдер-01, сессия-2
минус_слова;скидки;нет;;2;провайдер-03, провайдер-13
минус_слова;состав продукта;нет;;2;провайдер-03, провайдер-06
минус_слова;стоимость;нет;;2;провайдер-22, провайдер-23
минус_слова;фотосепаратор;нет;;2;сессия-1, сессия-2
минус_слова;франшиза;нет;;2;провайдер-05, провайдер-22
минус_слова;шины;нет;;2;провайдер-22, сессия-2
минус_слова;экскурсия;нет;;2;провайдер-13, провайдер-21
минус_слова;-alibaba;нет;;1;сессия-3
минус_слова;-aliexpress;нет;;1;сессия-3
минус_слова;-amd;нет;;1;сессия-3
минус_слова;-buhler;нет;;1;сессия-3
минус_слова;-csort;нет;;1;сессия-3
минус_слова;-meyer;нет;;1;сессия-3
минус_слова;-ozon;нет;;1;сессия-3
минус_слова;-satake;нет;;1;сессия-3
минус_слова;-sortex;нет;;1;сессия-3
минус_слова;-tomra;нет;;1;сессия-3
минус_слова;-wenyao;нет;;1;сессия-3
минус_слова;-wildberries;нет;;1;сессия-3
минус_слова;-youtube;нет;;1;сессия-3
минус_слова;-Украина;нет;;1;сессия-4
минус_слова;-авито;нет;;1;провайдер-25
минус_слова;-аренда;нет;;1;сессия-3
минус_слова;-аренда жилья;нет;;1;сессия-4
минус_слова;-аэропорт;нет;;1;сессия-3
минус_слова;-б/у;нет;;1;провайдер-25
минус_слова;-б/у_продам;нет;;1;сессия-3
минус_слова;-бесплатно;нет;;1;сессия-4
минус_слова;-вакансии;нет;;1;провайдер-25
минус_слова;-вакансия;нет;;1;сессия-4
минус_слова;-видео;нет;;1;сессия-3
минус_слова;-википедии;нет;;1;сессия-3
минус_слова;-дилер;нет;;1;сессия-3
минус_слова;-диплом;нет;;1;сессия-4
минус_слова;-диссертация;нет;;1;сессия-3
минус_слова;-дистрибьютор;нет;;1;сессия-3
минус_слова;-домашний;нет;;1;сессия-3
минус_слова;-досмотровый (багажный досмотр);нет;;1;сессия-3
минус_слова;-доставка еды;нет;;1;сессия-4
минус_слова;-зарплата;нет;;1;сессия-4
минус_слова;-игра;нет;;1;сессия-4
минус_слова;-игрушка;нет;;1;сессия-4
минус_слова;-интернет-магазин;нет;;1;сессия-3
минус_слова;-интроскоп;нет;;1;сессия-3
минус_слова;-исключён из ЕГР;нет;;1;сессия-4
минус_слова;-каталог;нет;;1;провайдер-25
минус_слова;-квартира;нет;;1;сессия-4
минус_слова;-китай;нет;;1;сессия-3
минус_слова;-лизинг_предложение;нет;;1;сессия-3
минус_слова;-ликвидация завершена;нет;;1;сессия-4
минус_слова;-ликвидирована;нет;;1;сессия-4
минус_слова;-маркетплейс;нет;;1;сессия-3
минус_слова;-медицинский_рентген;нет;;1;сессия-3
минус_слова;-мейер;нет;;1;сессия-3
минус_слова;-объявления;нет;;1;провайдер-25
минус_слова;-отзывы;нет;;1;сессия-4
минус_слова;-поставщик_оборудования;нет;;1;сессия-3
минус_слова;-прайс;нет;;1;провайдер-25
минус_слова;-продажа;нет;;1;сессия-3
минус_слова;-резюме (для вакансий-признаков);нет;;1;сессия-3
минус_слова;-рецепт;нет;;1;сессия-4
минус_слова;-своими руками;нет;;1;сессия-4
минус_слова;-своими_руками;нет;;1;сессия-3
минус_слова;-сепаратор_масла (судовые/нефтяные);нет;;1;сессия-3
минус_слова;-сепаратор_сливок;нет;;1;сессия-3
минус_слова;-тайхо;нет;;1;сессия-3
минус_слова;-флюорография;нет;;1;сессия-3
минус_слова;-форум;нет;;1;сессия-3
минус_слова;-фото_сепаратор_молока (молочные сепараторы);нет;;1;сессия-3
минус_слова;-хефей;нет;;1;сессия-3
минус_слова;-школа;нет;;1;сессия-4
минус_слова;alibaba;нет;;1;сессия-2
минус_слова;avito;нет;;1;провайдер-24
минус_слова;minecraft;нет;;1;провайдер-24
минус_слова;ozon;нет;;1;сессия-1
минус_слова;superjob;нет;;1;провайдер-11
минус_слова;wildberries;нет;;1;сессия-1
минус_слова;ТБО;нет;;1;провайдер-22
минус_слова;автошины;нет;;1;провайдер-22
минус_слова;аквариум;нет;;1;сессия-2
минус_слова;акция;нет;;1;провайдер-08
минус_слова;аналитика;нет;;1;провайдер-05
минус_слова;банкротство;нет;;1;сессия-1
минус_слова;бытовые отходы;нет;;1;провайдер-22
минус_слова;вайлдберриз;нет;;1;сессия-1
минус_слова;ванна;нет;;1;сессия-2
минус_слова;вопрос-ответ;нет;;1;провайдер-02
минус_слова;где купить;нет;;1;провайдер-08
минус_слова;гост;нет;;1;сессия-2
минус_слова;гост скачать;нет;;1;сессия-1
минус_слова;дача;нет;;1;сессия-1
минус_слова;диета;нет;;1;провайдер-07
минус_слова;дилер;нет;;1;провайдер-20
минус_слова;диссертация;нет;;1;провайдер-20
минус_слова;для детей;нет;;1;сессия-2
минус_слова;зарплата;нет;;1;сессия-1
минус_слова;зерно;нет;;1;сессия-2
минус_слова;инструкция;нет;;1;провайдер-18
минус_слова;история компании;нет;;1;провайдер-03
минус_слова;как варить;нет;;1;провайдер-07
минус_слова;как вырастить;нет;;1;сессия-1
минус_слова;как приготовить;нет;;1;провайдер-11
минус_слова;картинки;нет;;1;провайдер-04
минус_слова;кинетический;нет;;1;сессия-2
минус_слова;китай;нет;;1;сессия-2
минус_слова;коммунальные отходы;нет;;1;провайдер-22
минус_слова;кофе;нет;;1;сессия-2
минус_слова;крупа;нет;;1;сессия-2
минус_слова;купить оборудование;нет;;1;провайдер-18
минус_слова;купить станок;нет;;1;сессия-2
минус_слова;ликвидирована;нет;;1;сессия-1
минус_слова;линия для;нет;;1;сессия-2
минус_слова;линия для производства;нет;;1;провайдер-18
минус_слова;линия под ключ;нет;;1;сессия-1
минус_слова;линия производства;нет;;1;провайдер-23
минус_слова;мем;нет;;1;сессия-1
минус_слова;"минус: -""грибные места"" -""тихая охота"" -""сбор грибов"" -съедобные | где: дикоросы, грибы | оговорка: —";нет;;1;сессия-5
минус_слова;"минус: -""пункт приёма"" -""сдать бутылки"" -""сдать металлолом цена"" | где: переработка пластика и лом цветных металлов | оговорка: пункты приёма — сборщики, не переработчики; крупные заготовители остаются";нет;;1;сессия-5
минус_слова;"минус: -""улица Элеваторная"" -""ул. Элеваторная"" -""остановка Элеватор"" | где: элеваторы | оговорка: мусор от адресов и топонимов; можно не минусовать, а чистить постфильтром";нет;;1;сессия-5
минус_слова;минус: -site:avito.ru | где: запросы типа × регион | оговорка: НЕ применять в потоке «нет сайта»: у малых производителей там часто единственная витрина;нет;;1;сессия-5
минус_слова;минус: -site:dzen.ru -site:pikabu.ru -site:youtube.com -site:rutube.ru -site:otvet.mail.ru | где: запросы типа × регион | оговорка: в блоке событий dzen.ru оставить (там корпоративные блоги);нет;;1;сессия-5
минус_слова;минус: -site:rusprofile.ru -site:checko.ru -site:list-org.com -site:zachestnyibiznes.ru -site:sbis.ru -site:audit-it.ru -site:companies.rbc.ru | где: запросы, где нужен СВОЙ сайт компании | оговорка: в потоке «списки ИНН по ОКВЭД» эти сайты, наоборот, нужны;нет;;1;сессия-5
минус_слова;минус: -site:wildberries.ru -site:ozon.ru -site:market.yandex.ru -site:megamarket.ru -site:aliexpress.ru | где: все запросы поиска производителей | оговорка: —;нет;;1;сессия-5
минус_слова;минус: -site:zoon.ru -site:yell.ru -site:flamp.ru -site:orgpage.ru -site:spravker.ru -site:tiu.ru | где: поиск своих сайтов | оговорка: —;нет;;1;сессия-5
минус_слова;"минус: -ТКО -мусоросортировочный -шины -макулатура -текстиль -""электронный лом"" -оргтехника | где: сегмент 12 «вторичное сырьё» | оговорка: исключено владельцем 08.10; дополнительно — фильтр по тексту сайта";нет;;1;сессия-5
минус_слова;"минус: -аптека -""инструкция по применению"" -""побочные эффекты"" -site:apteka.ru -site:eapteka.ru | где: фарма и фито | оговорка: —";нет;;1;сессия-5
минус_слова;"минус: -б/у -""бывший в употреблении"" | где: запросы с названиями оборудования (события, лизинг) | оговорка: —";нет;;1;сессия-5
минус_слова;минус: -вакансия -вакансии -работа -резюме -site:hh.ru -site:superjob.ru -site:trudvsem.ru | где: запросы типа × регион | оговорка: НЕ в блоке сигналов «оператор фотосепаратора вакансия»;нет;;1;сессия-5
минус_слова;"минус: -зоомагазин -ветклиника -приют -""купить щенка"" -""купить котёнка"" | где: корма для домашних животных | оговорка: —";нет;;1;сессия-5
минус_слова;"минус: -котёл -котлы -""пеллетный котёл"" -горелка | где: пеллеты | оговорка: —";нет;;1;сессия-5
минус_слова;"минус: -кофейня -кафе -""чайная церемония"" -кофемашина -""кофе с собой"" | где: кофе и чай | оговорка: —";нет;;1;сессия-5
минус_слова;"минус: -купить -""в розницу"" -""доставка на дом"" -""интернет-магазин"" | где: чай, специи, орехи, мёд, корма для животных (много розницы) | оговорка: «купить» стоит и на сайтах производителей с оптовым прайсом: применять только если доля мусора по пилоту больше 50%";нет;;1;сессия-5
минус_слова;"минус: -продажа -поставщик -дилер -Satake -Bühler -Tomra -CSort -Hefei | где: блок событий («установили фотосепаратор») | оговорка: вырезает сайты продавцов оборудования; страницы «наши клиенты» конкурентов собирать отдельным потоком";нет;;1;сессия-5
минус_слова;минус: -реферат -курсовая -диссертация -ГОСТ -site:cyberleninka.ru -site:elibrary.ru -site:wikipedia.org | где: все | оговорка: —;нет;;1;сессия-5
минус_слова;"минус: -рецепт -рецепты -""как приготовить"" -калорийность -польза -вред | где: все пищевые запросы типа × регион | оговорка: не применять к блоку событий";нет;;1;сессия-5
минус_слова;"минус: -рыбалка -снасти -""рыболовный магазин"" -клёв -""платная рыбалка"" | где: рыба, морепродукты, рыбхозы | оговорка: —";нет;;1;сессия-5
минус_слова;"минус: -саженцы -""купить саженцы"" -дача -""садовый центр"" | где: дикоросы и ягоды-заготовители | оговорка: НЕ для запросов «питомник ягод» в сегменте 6";нет;;1;сессия-5
минус_слова;"минус: -свойства -""камень знак зодиака"" -ювелирный -бижутерия | где: янтарь, кварц, самоцветы | оговорка: —";нет;;1;сессия-5
минус_слова;"минус: -форум -прикорм -""отзывы мам"" -site:babyblog.ru | где: детское питание | оговорка: —";нет;;1;сессия-5
минус_слова;минус: URL-фильтр после выдачи: /recept, /recipes, /vacancy, /job, /blog/, /article, /forum, /otzyvy, /product/ на маркетплейсах | где: разбор выдачи (poisk_razbor) | оговорка: /news/ НЕ резать в блоке событий;нет;;1;сессия-5
минус_слова;мусоросортировка;нет;;1;провайдер-22
минус_слова;мусоросортировочный;нет;;1;сессия-2
минус_слова;новости отрасли;нет;;1;провайдер-05
минус_слова;новость;нет;;1;провайдер-12
минус_слова;обзор;нет;;1;провайдер-23
минус_слова;обзор рынка;нет;;1;провайдер-05
минус_слова;обои;нет;;1;провайдер-04
минус_слова;одежда;нет;;1;сессия-2
минус_слова;озон;нет;;1;сессия-1
минус_слова;онлайн;нет;;1;провайдер-14
минус_слова;орехи;нет;;1;сессия-2
минус_слова;пищевая;нет;;1;сессия-2
минус_слова;пищевой;нет;;1;сессия-2
минус_слова;платы;нет;;1;сессия-2
минус_слова;презентация;нет;;1;провайдер-19
минус_слова;пресс-форма;нет;;1;провайдер-18
минус_слова;применение;нет;;1;провайдер-20
минус_слова;продам оборудование;нет;;1;провайдер-09
минус_слова;проектирование;нет;;1;провайдер-16
минус_слова;радиодетали;нет;;1;сессия-2
минус_слова;резиновая крошка;нет;;1;сессия-2
минус_слова;реклама;нет;;1;провайдер-18
минус_слова;саженцы;нет;;1;сессия-1
минус_слова;свойства;нет;;1;провайдер-20
минус_слова;сдам;нет;;1;провайдер-22
минус_слова;скидка;нет;;1;провайдер-08
минус_слова;склад купить;нет;;1;провайдер-06
минус_слова;склад продаж;нет;;1;провайдер-20
минус_слова;сорт описание;нет;;1;сессия-1
минус_слова;сортировщик купить;нет;;1;сессия-1
минус_слова;состав;нет;;1;провайдер-08
минус_слова;строительство карьера;нет;;1;провайдер-16
минус_слова;твердые коммунальные;нет;;1;сессия-2
минус_слова;текстиль;нет;;1;сессия-2
минус_слова;технология производства;нет;;1;провайдер-23
минус_слова;технология производства описание;нет;;1;провайдер-18
минус_слова;услуги доставки;нет;;1;провайдер-16
минус_слова;фото товара;нет;;1;провайдер-06
минус_слова;характеристики продукта;нет;;1;провайдер-20
минус_слова;цена за кг;нет;;1;сессия-1
минус_слова;чертёж;нет;;1;сессия-1
минус_слова;экструдер купить;нет;;1;провайдер-18
минус_слова;электронный лом;нет;;1;сессия-2
минус_слова;ютуб;нет;;1;провайдер-04
минус_слова;яндекс маркет;нет;;1;сессия-1
операторы_поиска;"""ООО"" {продукт} ""производство"" ""ИНН"" -магазин -маркетплейс";да;;1;сессия-3
операторы_поиска;"""гранула"" OR ""дробленка"" ""вторичн"" ""производим"" site:.ru";да;;1;сессия-3
операторы_поиска;"""калиброванный"" {продукт} ""собственное производство"" оптом";да;;1;сессия-3
операторы_поиска;"""металлическая стружка"" ""прием"" ""брикетирование"" {регион}";да;да;1;сессия-3
операторы_поиска;"""на фотосепараторе"" {продукт} site:.ru";да;;1;сессия-3
операторы_поиска;"""очищено на фотосепараторе"" OR ""прошла фотосепарацию""";да;;1;сессия-3
операторы_поиска;"""производственная мощность"" {продукт} ""тонн в год"" {регион}";да;да;1;сессия-3
операторы_поиска;"""сортекс"" OR ""сортексованный"" {продукт} оптом";да;;1;сессия-3
операторы_поиска;"""сортировка"" {продукт} ""мощность"" ""тонн в сутки""";да;;1;сессия-3
операторы_поиска;"""стеклобой"" ""переработка"" ""принимаем"" {регион}";да;да;1;сессия-3
операторы_поиска;"""фасовка"" {продукт} ""собственная лаборатория"" ""сортировка""";да;;1;сессия-3
операторы_поиска;"""фотосепаратор"" -купить -цена -продажа -поставщик -дилер";да;;1;сессия-3
операторы_поиска;"""фотосепарированный"" OR ""после фотосепаратора"" {продукт} оптом";да;;1;сессия-3
операторы_поиска;"""фракция"" ""кварцевый песок"" ""обогащение"" производитель site:.ru";да;;1;сессия-3
операторы_поиска;"""щепа"" ""технологическая"" ""фракционированная"" производитель";да;;1;сессия-3
операторы_поиска;"Google: ""{название клиента}"" ИНН";да;;1;сессия-3
операторы_поиска;"Google: ""фотосепаратор"" after:2024-01-01";да;;1;сессия-3
операторы_поиска;"Google: AROUND(5) ""фотосепаратор"" AROUND(5) ""установлен""";да;;1;сессия-3
операторы_поиска;Google: allintitle: {продукт} производитель {регион};да;да;1;сессия-3
операторы_поиска;Google: related:{сайт-известного-клиента};да;;1;сессия-3
операторы_поиска;"filetype:pdf ""карточка предприятия"" {отрасль}";да;;1;сессия-3
операторы_поиска;"filetype:pdf ""каталог продукции"" {отрасль} ""ИНН""";да;;1;сессия-3
операторы_поиска;"filetype:pdf ""прайс"" {продукт} ""производитель""";да;;1;сессия-3
операторы_поиска;"filetype:pdf ""презентация компании"" {отрасль} ""линия""";да;;1;сессия-3
операторы_поиска;"filetype:pdf ""спецификация"" {продукт} ""примесь"" ""не более""";да;;1;сессия-3
операторы_поиска;filetype:xls OR filetype:xlsx прайс {продукт} опт производитель;да;;1;сессия-3
операторы_поиска;"intitle:""о компании"" {отрасль} ""собственное производство""";да;;1;сессия-3
операторы_поиска;"intitle:""производство"" {продукт} ""фотосепаратор""";да;;1;сессия-3
операторы_поиска;"inurl:about OR inurl:o-kompanii {отрасль} ""производственная площадка""";да;;1;сессия-3
операторы_поиска;"inurl:contacts {отрасль} ""производство"" {регион}";да;да;1;сессия-3
операторы_поиска;"inurl:kontakty OR inurl:contacts ""элеватор"" {регион}";да;да;1;сессия-3
операторы_поиска;"inurl:price OR inurl:prays {продукт} ""от производителя""";да;;1;сессия-3
операторы_поиска;"inurl:proizvodstvo {отрасль} ""оборудование""";да;;1;сессия-3
операторы_поиска;"site:.ru ""наше оборудование"" ""фотосепаратор""";да;;1;сессия-3
операторы_поиска;"site:.ru ""о компании"" ""производство"" {отрасль}";да;;1;сессия-3
операторы_поиска;"site:.ru ""оснащено"" ""фотосепаратор"" OR ""оптический сортировщик""";да;;1;сессия-3
операторы_поиска;"site:.ru ""технологическая линия"" ""рентген"" {отрасль}";да;;1;сессия-3
операторы_поиска;"site:.ru ""элеватор"" ""зерноочистка"" ""фотосепаратор"" -купить -цена";да;;1;сессия-3
операторы_поиска;"site:.ru {продукт} ""экспорт"" ""собственная переработка""";да;;1;сессия-3
операторы_поиска;site:agroserver.ru {продукт} производитель {регион};да;да;1;сессия-3
операторы_поиска;"site:avito.ru ""фотосепаратор"" б/у куплю OR продам";да;;1;сессия-3
операторы_поиска;"site:avito.ru {продукт} ""от производителя"" ""калиброванный""";да;;1;сессия-3
операторы_поиска;site:b2b.ru OR site:fis.ru {продукт} производитель;да;;1;сессия-3
операторы_поиска;site:checko.ru OR site:zachestnyibiznes.ru ОКВЭД {код} {регион};да;да;1;сессия-3
операторы_поиска;site:list-org.com {отрасль} {регион};да;да;1;сессия-3
операторы_поиска;site:pulscen.ru OR site:tiu.ru {продукт} производитель;да;;1;сессия-3
операторы_поиска;site:rusprofile.ru {отрасль} {регион};да;да;1;сессия-3
операторы_поиска;"site:t.me {продукт} ""от производителя"" опт";да;;1;сессия-3
операторы_поиска;"site:vk.com ""фотосепаратор"" -продам";да;;1;сессия-3
операторы_поиска;"{отрасль} ""ИНН"" ""ОГРН"" {регион} ""контакты""";да;да;1;сессия-3
операторы_поиска;"{отрасль} ""ИНН"" ""производство"" site:.ru";да;;1;сессия-3
операторы_поиска;"Яндекс: ""фотосепаратор"" lang:ru date:>20240101";да;;1;сессия-3
операторы_поиска;"Яндекс: title:(""элеватор"") {регион}";да;да;1;сессия-3
операторы_поиска;Яндекс: {продукт} производитель {регион} url:*.ru/contacts*;да;да;1;сессия-3
ошибки_поиска_и_как_закрыть;ошибка: Беларусь: формы собственности ОАО, ЧУП, КУП, КСУП, СООО, ИООО и типы, которых нет в РФ | как_закрыть: Добавить в матрицу РБ белорусские названия: комбинат хлебопродуктов, плодоовощной комбинат, райпо, облпотребсоюз (заготовка дикоросов), рыбхоз, КСУП. Домены .by и .бел. Списки — ЕГР (egr.gov.by), каталоги экспортёров РБ, участники «Белагро» и «Продэкспо» Минск.;нет;;1;сессия-5
ошибки_поиска_и_как_закрыть;ошибка: Вакансии вырезаются минус-словом целиком | как_закрыть: Минус «вакансия» применять только к запросам типа × регион. В блоке сигналов вакансии оператора или наладчика сортировщика и рентгена — источник компаний (по работодателю), а не мусор.;нет;;1;сессия-5
ошибки_поиска_и_как_закрыть;ошибка: Выдача забита агрегаторами и маркетплейсами, свои сайты производителей не видны | как_закрыть: В запросах по поиску сайтов — минус-сайты (см. минус_слова) и выдача глубже, топ-50/100. Агрегаторы не выбрасывать, а использовать отдельным потоком как источник СПИСКОВ ИНН по ОКВЭД и региону: сайт ищется потом по названию.;нет;;1;сессия-5
ошибки_поиска_и_как_закрыть;ошибка: Выдача ограничена топ-10 одной страницы | как_закрыть: Для «крупнейших» и для регионов-лидеров по сегменту (Краснодар, Ростов, Алтай, Воронеж и т. п.) брать 3–5 страниц выдачи. Для малых регионов хватает 1–2.;нет;;1;сессия-5
ошибки_поиска_и_как_закрыть;ошибка: ИП и КФХ не ловятся разбором ИНН (12 цифр, ОГРНИП 15 цифр) | как_закрыть: В poisk_razbor регэксп и на 12-значный ИНН. Отбор DaData для ИП (у них тоже есть ОКВЭД). Запросы «ИП глава КФХ {продукт}». Иван-чай, дикоросы, ягоды и орехи — сплошь ИП.;нет;;1;сессия-5
ошибки_поиска_и_как_закрыть;ошибка: Кириллические домены .рф и .бел (punycode) дублируются или теряются при разборе | как_закрыть: Нормализовать домены в IDNA при разборе выдачи и при сведении дублей Яндекс/Google.;нет;;1;сессия-5
ошибки_поиска_и_как_закрыть;ошибка: Компания называется не по профилю («Альфа», «Агроальянс», бренд, фамилия) | как_закрыть: Запросы по продукту и процессу, а не по типу предприятия: «производитель гречневой крупы», «ядро подсолнечника производитель», «заготовка брусники». Синонимы типов: КХП, ХПП, мелькомбинат, крупяной цех, зерноперерабатывающий комплекс, агрофирма, СПК. Списки компаний по ОКВЭД и региону — из агрегаторов (list-org, checko) и открытых данных ФНС.;нет;;1;сессия-5
ошибки_поиска_и_как_закрыть;ошибка: Ликвидация или реорганизация: старый сайт, новое юрлицо | как_закрыть: Сверять статус и правопреемника в ЕГРЮЛ. Если сайт живой, а ИНН ликвидирован, искать новое юрлицо по адресу и руководителю, а не выбрасывать компанию.;нет;;1;сессия-5
ошибки_поиска_и_как_закрыть;ошибка: Нет терминологии самих покупателей (фотосепаратор, цветосортировщик, оптический сортировщик, сортекс, колор-сортер, РРС, РЛС) | как_закрыть: Блок запросов-событий: «установили фотосепаратор», «запустили линию сортировки», «сортекс на производстве», «рентгенорадиометрическая сепарация». Их результаты — реальные владельцы оборудования (замена, расширение).;нет;;1;сессия-5
ошибки_поиска_и_как_закрыть;ошибка: Отбор только по ОСНОВНОМУ ОКВЭД (п. 2.1, шаг 3 плана) — главная системная утечка | как_закрыть: Второй проход по ДОПОЛНИТЕЛЬНЫМ ОКВЭД из ЕГРЮЛ. Птицефабрика с 01.47 и убоем, агрохолдинг с 01.11 и крупозаводом, торговый дом с 46.xx и фасовкой, рыбак с 03.11 и цехом в основной ОКВЭД не попадут. Если доп. ОКВЭД попадает в сегмент — классифицировать по тексту сайта моделью с пометкой «сегмент по доп. ОКВЭД».;нет;;1;сессия-5
ошибки_поиска_и_как_закрыть;ошибка: Производство на дочернем юрлице, сайт принадлежит УК или торговому дому | как_закрыть: Запросы «входит в группу компаний», «производственная площадка», «{бренд} завод {город}». По ЕГРЮЛ — учредитель и «дочки» с тем же адресом или руководителем. Сайт группы с несколькими ИНН разбить по площадкам: ЛПР сидит на заводе, а не в УК. Совпадение адреса производства и регистрации проверять через DaData.;нет;;1;сессия-5
ошибки_поиска_и_как_закрыть;"ошибка: Пропущены уже действующие покупатели оборудования | как_закрыть: Закупки ЕИС 223-ФЗ и коммерческие площадки (b2b-center, Фабрикант, ТЭК-Торг) по словам «фотосепаратор», «оптический сортировщик», «рентгеновская инспекция»; в РБ — icetrade.by. Страницы «наши клиенты» и кейсы поставщиков-конкурентов. Вакансии «оператор/наладчик фотосепаратора» (hh, trudvsem).";нет;;1;сессия-5
ошибки_поиска_и_как_закрыть;ошибка: Регион в запросе только официальным названием | как_закрыть: Добавить в матрицу областной центр, крупные города и разговорные названия: Кубань, Ставрополье, Алтай (Алтайский край и Республика Алтай — разные), Приморье, Карелия, Казань/Татарстан. Для аграрных регионов — крупные районы (райцентры), где стоят элеваторы и крупозаводы.;нет;;1;сессия-5
ошибки_поиска_и_как_закрыть;ошибка: Сайт на конструкторе (Tilda, Wix, Nethouse, uKit, Flexbe, Craftum, Megagroup, setup.ru, uCoz, Taplink): без ИНН в подвале, слабо индексируется | как_закрыть: Запросы site:tilda.ws, site:wixsite.com, site:nethouse.ru, site:taplink.cc с типом и продуктом. Своё доменное имя на конструкторе определять по признакам в HTML, без отбраковки. Связь «сайт ↔ ИНН» устанавливать по названию, телефону и адресу через опровергателя, а не по ИНН в подвале.;нет;;1;сессия-5
ошибки_поиска_и_как_закрыть;ошибка: Сайта нет: только Яндекс.Карты, 2ГИС, VK, OK, Telegram, Авито | как_закрыть: Запросы site:vk.com, site:yandex.ru/maps/org, site:agroserver.ru, site:pulscen.ru и API организаций карт (Яндекс, каталог 2ГИС), если позволит бюджет. По п. 4 плана номера с таких страниц не берутся: компанию с пометкой «только VK/карты» отдать агентам-исследователям. Один вопрос владельцу в начале: считать ли официальную группу VK «своей страницей».;нет;;1;сессия-5
ошибки_поиска_и_как_закрыть;ошибка: Экспортёры с англоязычным, китайским или .com-сайтом не находятся русскими запросами | как_закрыть: Запросы в Google на английском: «{product} manufacturer Russia», «exporter», «supplier Siberia», плюс китайские площадки (по возможности). Домены .com и .net не отбраковывать как «иностранные».;нет;;1;сессия-5
ошибки_поиска_и_как_закрыть;ошибка: Юрадрес в Москве или Санкт-Петербурге, производство в регионе (и наоборот) | как_закрыть: Регион сегмента определять по адресу производства на сайте, а не по ЕГРЮЛ. Запросы по городу площадки. При сверке с запретами не терять компании с московским ИНН.;нет;;1;сессия-5
проверка_полноты;проверка: Беларусь: ЕГР (egr.gov.by), реестры поднадзорных и аттестованных на экспорт предприятий ветнадзора Минсельхозпрода РБ, каталоги экспортёров РБ, концерны «Белгоспищепром» и Белкоопсоюз | как: Госсектор РБ сосредоточен в концернах и облисполкомах: списки предприятий концерна и облсельхозпрода — эталон полноты по РБ.;нет;;1;сессия-5
проверка_полноты;проверка: Закупки ЕИС 223-ФЗ и коммерческие площадки по словам «фотосепаратор», «оптический сортировщик», «рентгеновская система инспекции» за 2019–2026 | как: Каждый заказчик — уже покупатель. Если его нет в базе, ищем, почему он выпал (ОКВЭД, название), и чиним запросы.;нет;;1;сессия-5
проверка_полноты;проверка: Открытые данные ФНС: Единый реестр субъектов МСП (основной ОКВЭД, регион) | как: Получить полную численность малых и средних предприятий по ОКВЭД и региону и сравнить с числом найденных. Регион с покрытием ниже 30% — сигнал добавить формулировки.;нет;;1;сессия-5
проверка_полноты;"проверка: Отраслевые союзы (списки членов): Масложировой союз, Российский зерновой союз, Мясной союз, Росптицесоюз, ВАРПЭ, АСКОНД, Росчайкофе, Национальный союз селекционеров и семеноводов, Союз производителей нерудных материалов, Союз золотопромышленников | как: Члены союза — эталон для своего сегмента; названия союзов уточнить на месте.";нет;;1;сессия-5
проверка_полноты;проверка: Пилотный замер полноты (п. 5.3 плана) — с числом, а не «на глаз» | как: По 2 сегментам × 5 регионам эталон = топ-30 по выручке + члены союза + заказчики ЕИС. Метрика — доля найденных. Целевой порог 80%, иначе добавить формулировки до полного прогона.;нет;;1;сессия-5
проверка_полноты;проверка: Получатели займов ФРП и региональных фондов развития промышленности, участники нацпроекта «Экспорт продукции АПК» | как: Модернизирующиеся предприятия, которые сейчас покупают оборудование. Сверка и приоритет.;нет;;1;сессия-5
проверка_полноты;проверка: Реестр заключений GMP и лицензий на производство ЛС (Минпромторг), производственные площадки в ГРЛС | как: Полный список фармзаводов, сверка для фито и фармы.;нет;;1;сессия-5
проверка_полноты;проверка: Реестр лицензий Роснедр и госбаланс запасов (по полезным ископаемым) | как: Сверить ГОКи по кварцу, полевому шпату, флюориту, хромиту, литию, углю и золоту: все действующие недропользователи с добычей.;нет;;1;сессия-5
проверка_полноты;проверка: Реестр поднадзорных объектов ФГИС «Цербер» Россельхознадзора | как: Полный список предприятий, работающих с мясом, рыбой, молоком, кормами и кормами для животных. Сверка для мяса, рыбы, кормов и консервов.;нет;;1;сессия-5
проверка_полноты;проверка: Реестры предприятий, аттестованных на экспорт (Россельхознадзор: Китай, ЕАЭС, ЕС): мясо, рыба, корма, зерно, масличные | как: Сверка сегментов 1, 18 и рыбы, мяса, кормов для животных: аттестованные — заведомо крупные и экспортные.;нет;;1;сессия-5
проверка_полноты;проверка: Рейтинги: «Эксперт-400», RAEX-600, РБК 500, рейтинг крупнейших агрохолдингов «Агроинвестора» | как: Крупнейшие пищевые, агро- и горные компании должны быть в базе все, включая производственные дочки.;нет;;1;сессия-5
проверка_полноты;проверка: Сделки и компании из Битрикса и файлов Meyer 1–6 | как: Все прошлые клиенты и лиды должны найтись поиском (хотя в выдачу они не пойдут из-за запретов). Если поиск их не нашёл — дыра в матрице. Это самый дешёвый тест полноты.;нет;;1;сессия-5
проверка_полноты;проверка: Страницы «наши клиенты» и кейсы поставщиков фотосепараторов и рентгена (российских и китайских) | как: Список реальных пользователей. Доля, найденная поиском, — метрика полноты именно по целевым покупателям.;нет;;1;сессия-5
проверка_полноты;проверка: Топ-100 по выручке на каждый ОКВЭД сегмента из ГИР БО / revexp ФНС (на сервере уже лежит C:\sender\_ops\ak\fns\revexp.zip) | как: Собрать эталон: топ-100 по выручке на код и топ-20 на код × крупный регион. Доля эталона, найденная поиском, должна быть не ниже 80%. Не найденные — отдельным потоком «по названию».;нет;;1;сессия-5
проверка_полноты;проверка: ФГИС «Аргус-Фито», ФГИС «Зерно», Агроэкспорт (уже в п. 2.4 плана) | как: Использовать как эталон полноты для экспортёров и элеваторов, не только как источник находки.;нет;;1;сессия-5
проверка_полноты;"проверка: Экспоненты выставок за 2–3 года: Агропродмаш, ЮгАгро, Золотая осень, Зерно-Комбикорма-Ветеринария, ПродЭкспо, Мясная промышленность, Global Fishery Forum, Росупак, Интерпластика, Майнинг Уорлд, Уголь России и Майнинг, Фармтех; РБ — Белагро, Продэкспо Минск | как: Экспоненты-производители (не продавцы оборудования) — сверка и источник недостающих.";нет;;1;сессия-5
реестры;"""Аргус-Фито"" ""включённых в реестр"" зерно OR масличные OR бобовые";да;;1;сессия-3
реестры;"""ГИС промышленности"" реестр производителей {отрасль}";да;;1;сессия-3
реестры;"""Госсорткомиссия"" оригинаторы список";да;;1;сессия-3
реестры;"""Знак качества"" OR ""Российский экспортёр"" список компаний {отрасль}";да;;1;сессия-3
реестры;"""ФГИС Зерно"" организации хранения реестр";да;;1;сессия-3
реестры;"""ФГИС Зерно"" список элеваторов {регион}";да;да;1;сессия-3
реестры;"""Цербер"" реестр поднадзорных объектов {отрасль}";да;;1;сессия-3
реестры;"""Честный знак"" OR ""маркировка"" производители {отрасль} список";да;;1;сессия-3
реестры;"""Эксперт-400"" OR ""РБК 500"" агропищевые компании";да;;1;сессия-3
реестры;"""Экспортёр года"" победители {регион} {отрасль}";да;да;1;сессия-3
реестры;"""каталог предприятий"" {отрасль} {регион}";да;да;1;сессия-3
реестры;"""крупнейшие производители орехов"" OR ""переработчики орехов"" Россия";да;;1;сессия-3
реестры;"""крупнейшие экспортёры"" зерна OR масличных OR бобовых 2025";да;;1;сессия-3
реестры;"""перечень получателей"" грант агростартап {регион}";да;да;1;сессия-3
реестры;"""получатели субсидии"" переработка сельхозпродукции {регион} список";да;да;1;сессия-3
реестры;"""производители"" {отрасль} ""список"" site:.ru -купить";да;;1;сессия-3
реестры;"""производители"" {отрасль} {регион} справочник";да;да;1;сессия-3
реестры;"""региональный оператор"" ТКО {регион} сортировочные комплексы";да;да;1;сессия-3
реестры;"""реестр МСП"" получатели поддержки переработка {регион}";да;да;1;сессия-3
реестры;"""реестр декларации соответствия"" {продукт} site:fsa.gov.ru";да;;1;сессия-3
реестры;"""реестр лицензий на деятельность по обращению с отходами"" {регион}";да;да;1;сессия-3
реестры;"""реестр лицензий на пользование недрами"" кварц OR известняк OR магнезит";да;;1;сессия-3
реестры;"""реестр лицензий"" недра {регион} общераспространенные полезные ископаемые";да;да;1;сессия-3
реестры;"""реестр объектов"" обработки ТКО {регион}";да;да;1;сессия-3
реестры;"""реестр производителей семян"" Россельхозцентр";да;;1;сессия-3
реестры;"""реестр российской промышленной продукции"" {отрасль}";да;;1;сессия-3
реестры;"""реестр семеноводческих хозяйств"" {регион}";да;да;1;сессия-3
реестры;"""реестр сертификатов"" органическая продукция {отрасль}";да;;1;сессия-3
реестры;"""реестр элеваторов"" {регион}";да;да;1;сессия-3
реестры;"""реестр"" ""добросовестных экспортёров"" OR ""Экспортёр года"" {отрасль}";да;;1;сессия-3
реестры;"""реестр"" ""подкарантинной продукции"" экспортёры {регион}";да;да;1;сессия-3
реестры;"""рейтинг экспортёров"" АПК {регион}";да;да;1;сессия-3
реестры;"""рейтинг"" ""Агроинвестор"" крупнейшие {отрасль}";да;;1;сессия-3
реестры;"""рейтинг"" крупнейших переработчиков пластика России";да;;1;сессия-3
реестры;"""рейтинг"" крупнейших производителей круп России";да;;1;сессия-3
реестры;"""рейтинг"" рыбопромышленных компаний OR ""топ рыбопереработчиков""";да;;1;сессия-3
реестры;"""рейтинг"" элеваторов OR ""крупнейшие элеваторы"" России";да;;1;сессия-3
реестры;"""топ производителей"" {отрасль} России";да;;1;сессия-3
реестры;site:belstat.gov.by реестр предприятий пищевая промышленность;да;;1;провайдер-25
реестры;site:fgis-zerno.ru зернохранилище реестр;да;;1;провайдер-25
реестры;site:fgis-zerno.ru хлебоприемные пункты;да;;1;провайдер-25
реестры;site:fgis-zerno.ru элеваторы список;да;;1;провайдер-25
реестры;site:fsvps.gov.ru реестр предприятий экспорт {отрасль};да;;1;сессия-3
реестры;site:fsvps.gov.ru реестр экспортеров зерно Аргус-Фито;да;;1;провайдер-25
реестры;site:fsvps.gov.ru экспорт бобовых;да;;1;провайдер-25
реестры;site:fsvps.gov.ru экспорт масличных семян;да;;1;провайдер-25
реестры;site:gossortrf.ru Россельхозцентр семеноводческие хозяйства;да;;1;провайдер-25
реестры;site:gossortrf.ru реестр семеноводов;да;;1;провайдер-25
реестры;site:meat.by реестр переработчиков;да;;1;провайдер-25
реестры;site:pub.fsa.gov.ru {продукт} изготовитель;да;;1;сессия-3
реестры;site:rfgf.ru лицензии {полезное ископаемое};да;;1;сессия-3
реестры;site:rosnedra.gov.ru лицензии добыча полезных ископаемых;да;;1;провайдер-25
реестры;site:rpn.gov.ru реестр лицензий отходы переработка;да;;1;провайдер-25
реестры;ОКВЭД 08.12 OR 08.11 OR 08.93 добыча {регион} список;да;да;1;сессия-3
реестры;ОКВЭД 10.31 переработка картофеля;да;;1;провайдер-25
реестры;ОКВЭД 10.39 OR 10.41 OR 01.64 предприятия {регион} список;да;да;1;сессия-3
реестры;ОКВЭД 10.39 переработка фруктов овощей;да;;1;провайдер-25
реестры;ОКВЭД 10.41 производство масел и жиров;да;;1;провайдер-25
реестры;ОКВЭД 10.61 предприятия {регион};да;да;1;сессия-3
реестры;ОКВЭД 10.61 производство продуктов мукомольной крупяной промышленности;да;;1;провайдер-25
реестры;ОКВЭД 38.32 OR 22.29 переработка {регион} список;да;да;1;сессия-3
реестры;лицензии переработка вторичного сырья Росприроднадзор;да;;1;провайдер-25
реестры;реестр крупозаводов Россия;да;;1;провайдер-25
реестры;реестр маслоэкстракционных заводов Россия;да;;1;провайдер-25
реестры;реестр переработчиков орехов и сухофруктов;да;;1;провайдер-25
реестры;реестр экспортеров рыбной продукции Росрыболовство;да;;1;провайдер-25
реестры;"реестр экспортёров ""Аргус-Фито"" {отрасль}";да;;1;сессия-3
тендеры;"""детектор посторонних включений"" закупка site:zakupki.gov.ru";да;;1;сессия-3
тендеры;"""детектор стекла"" OR ""контроль стекла в банках"" закупка";да;;1;сессия-3
тендеры;"""запасные части к фотосепаратору"" закупка";да;;1;сессия-3
тендеры;"""зерноочистительная машина"" закупка site:zakupki.gov.ru";да;;1;сессия-3
тендеры;"""зерноочистительный комплекс"" поставка тендер {регион}";да;да;1;сессия-3
тендеры;"""инспекция укупорки"" рентген закупка молочный OR соковый";да;;1;сессия-3
тендеры;"""калибровочная машина"" закупка {отрасль}";да;;1;сессия-3
тендеры;"""калибровщик"" орехов OR ягод OR картофеля закупка";да;;1;сессия-3
тендеры;"""линия сортировки"" запрос предложений {отрасль}";да;;1;сессия-3
тендеры;"""металлодетектор конвейерный"" поставка закупка {регион}";да;да;1;сессия-3
тендеры;"""металлодетектор"" для пищевой продукции тендер";да;;1;сессия-3
тендеры;"""модернизация зерноочистки"" закупка оборудования {регион}";да;да;1;сессия-3
тендеры;"""оборудование для сортировки"" {отрасль} закупка 2026";да;;1;сессия-3
тендеры;"""оптическая сортировка стеклобоя"" закупка";да;;1;сессия-3
тендеры;"""оптическая сортировка"" site:b2b-center.ru";да;;1;сессия-3
тендеры;"""оптический сепаратор"" для пластика OR полимеров закупка";да;;1;сессия-3
тендеры;"""оптический сепаратор"" руды OR угля OR кварца закупка";да;;1;сессия-3
тендеры;"""оптический сортировщик"" закупка site:zakupki.gov.ru";да;;1;сессия-3
тендеры;"""поставка фотосепаратора"" site:zakupki.gov.ru";да;;1;сессия-3
тендеры;"""ремонт фотосепаратора"" тендер";да;;1;сессия-3
тендеры;"""рентген"" ""контроль костей"" OR ""обнаружение костей"" закупка рыба OR мясо";да;;1;сессия-3
тендеры;"""рентгеновская система инспекции"" закупка пищевой";да;;1;сессия-3
тендеры;"""рентгеновская установка контроля"" продукции закупка";да;;1;сессия-3
тендеры;"""рентгенографическая установка"" контроль посторонних включений закупка";да;;1;сессия-3
тендеры;"""рентгенолюминесцентный сепаратор"" поставка";да;;1;сессия-3
тендеры;"""рентгенорадиометрический сепаратор"" закупка";да;;1;сессия-3
тендеры;"""семяочистительная машина"" OR ""пневмосортировальный стол"" закупка";да;;1;сессия-3
тендеры;"""сепаратор оптический"" запрос коммерческих предложений";да;;1;сессия-3
тендеры;"""сервисное обслуживание фотосепаратора"" закупка";да;;1;сессия-3
тендеры;"""система рентгеновского контроля"" консервы OR упаковка закупка";да;;1;сессия-3
тендеры;"""сортировка ТКО"" ""оптический сепаратор"" закупка";да;;1;сессия-3
тендеры;"""сортировка щепы"" OR ""сортировщик щепы"" закупка";да;;1;сессия-3
тендеры;"""сортировщик оптический"" техническое задание filetype:docx";да;;1;сессия-3
тендеры;"""фотосепаратор"" 223-ФЗ закупка";да;;1;сессия-3
тендеры;"""фотосепаратор"" site:b2b-center.ru";да;;1;сессия-3
тендеры;"""фотосепаратор"" site:bicotender.ru OR site:tenderplan.ru";да;;1;сессия-3
тендеры;"""фотосепаратор"" site:fabrikant.ru OR site:etpgpb.ru";да;;1;сессия-3
тендеры;"""фотосепаратор"" site:goszakup.gov.kz";да;;1;сессия-3
тендеры;"""фотосепаратор"" site:icetrade.by";да;;1;сессия-3
тендеры;"""фотосепаратор"" site:roseltorg.ru";да;;1;сессия-3
тендеры;"""фотосепаратор"" site:tender.pro";да;;1;сессия-3
тендеры;"""фотосепаратор"" site:tenderguru.ru OR site:rostender.info";да;;1;сессия-3
тендеры;"""фотосепаратор"" извещение о закупке 2025";да;;1;сессия-3
тендеры;"""фотосепаратор"" лизинг Росагролизинг";да;;1;сессия-3
тендеры;"""фотосепаратор"" победитель закупки ИНН заказчика";да;;1;сессия-3
тендеры;"""фотосепаратор"" субсидия грант агростартап смета";да;;1;сессия-3
тендеры;"""фотосепаратор"" техническое задание filetype:pdf";да;;1;сессия-3
тендеры;"""эжекторы"" OR ""ПЗС-камера"" фотосепаратор закупка запчастей";да;;1;сессия-3
тендеры;site:b2b-center.ru оптическая сортировка;да;;1;провайдер-25
тендеры;site:b2b-center.ru рентген инспекция зерно;да;;1;провайдер-25
тендеры;site:b2b-center.ru фотосепаратор;да;;1;провайдер-25
тендеры;site:etp.gpb.ru оптическая сортировка;да;;1;провайдер-25
тендеры;site:etp.gpb.ru фотосепаратор;да;;1;провайдер-25
тендеры;site:icetrade.by оптическая сортировка;да;;1;провайдер-25
тендеры;site:icetrade.by сепаратор зерна;да;;1;провайдер-25
тендеры;site:icetrade.by фотосепаратор;да;;1;провайдер-25
тендеры;site:zakupki.gov.ru детектор инородных тел;да;;1;провайдер-25
тендеры;site:zakupki.gov.ru калибровка семян;да;;1;провайдер-25
тендеры;site:zakupki.gov.ru оборудование для сортировки;да;;1;провайдер-25
тендеры;site:zakupki.gov.ru оптическая сортировка;да;;1;провайдер-25
тендеры;site:zakupki.gov.ru рентген-сепаратор;да;;1;провайдер-25
тендеры;site:zakupki.gov.ru рентгеновская инспекция;да;;1;провайдер-25
тендеры;site:zakupki.gov.ru рентгеновский контроль пищевой;да;;1;провайдер-25
тендеры;site:zakupki.gov.ru сепаратор зерна;да;;1;провайдер-25
тендеры;site:zakupki.gov.ru фотосепаратор;да;;1;провайдер-25
тендеры;site:zakupki.gov.ru цветосортировка;да;;1;провайдер-25
тендеры;закупка фотосепаратора site:zakupki.gov.ru;да;;1;сессия-3
тендеры;"протокол подведения итогов ""фотосепаратор""";да;;1;сессия-3
типы_предприятий;элеватор;нет;;7;провайдер-01, провайдер-03, провайдер-04, провайдер-07, провайдер-12, провайдер-15, сессия-1
типы_предприятий;крупяной завод;нет;;6;провайдер-01, провайдер-03, провайдер-04, провайдер-07, провайдер-12, провайдер-15
типы_предприятий;зерновой терминал;нет;;5;провайдер-01, провайдер-04, провайдер-07, провайдер-08, провайдер-15
типы_предприятий;комбикормовый завод;нет;;5;провайдер-01, провайдер-03, провайдер-12, провайдер-15, сессия-1
типы_предприятий;крупозавод;нет;;5;провайдер-04, провайдер-07, провайдер-12, провайдер-15, сессия-1
типы_предприятий;крупяная фабрика;нет;;5;провайдер-01, провайдер-03, провайдер-04, провайдер-07, провайдер-15
типы_предприятий;маслоэкстракционный завод;нет;;5;провайдер-01, провайдер-03, провайдер-08, провайдер-12, провайдер-15
типы_предприятий;ГОК;нет;;4;провайдер-16, провайдер-19, провайдер-20, провайдер-24
типы_предприятий;горно-обогатительный комбинат;нет;;4;провайдер-16, провайдер-19, провайдер-20, провайдер-24
типы_предприятий;дробильно-сортировочный комплекс;нет;;4;провайдер-16, провайдер-19, провайдер-20, провайдер-24
типы_предприятий;зернохранилище;нет;;4;провайдер-01, провайдер-04, провайдер-07, провайдер-15
типы_предприятий;кондитерская фабрика;нет;;4;провайдер-03, провайдер-05, провайдер-12, провайдер-13
типы_предприятий;кондитерский комбинат;нет;;4;провайдер-03, провайдер-05, провайдер-12, провайдер-13
типы_предприятий;мукомольный завод;нет;;4;провайдер-03, провайдер-04, провайдер-07, провайдер-12
типы_предприятий;обогатительная фабрика;нет;;4;провайдер-16, провайдер-19, провайдер-20, провайдер-24
типы_предприятий;семенной завод;нет;;4;провайдер-02, провайдер-14, провайдер-15, сессия-1
типы_предприятий;хлебоприёмное предприятие;нет;;4;провайдер-01, провайдер-04, провайдер-07, провайдер-15
типы_предприятий;ДСК;нет;;3;провайдер-16, провайдер-19, провайдер-24
типы_предприятий;завод по переработке пластика;нет;;3;провайдер-17, провайдер-18, провайдер-21
типы_предприятий;заготовка орехов;нет;;3;провайдер-05, провайдер-11, провайдер-13
типы_предприятий;зерноочистительный комплекс;нет;;3;провайдер-01, провайдер-04, провайдер-07
типы_предприятий;зерноперерабатывающий завод;нет;;3;провайдер-01, провайдер-04, провайдер-07
типы_предприятий;зерноперерабатывающий комбинат;нет;;3;провайдер-04, провайдер-12, провайдер-15
типы_предприятий;зерносушильный комплекс;нет;;3;провайдер-04, провайдер-07, сессия-1
типы_предприятий;калибровка орехов;нет;;3;провайдер-05, провайдер-11, провайдер-13
типы_предприятий;комбинат хлебопродуктов;нет;;3;провайдер-04, провайдер-07, провайдер-15
типы_предприятий;консервный завод;нет;;3;провайдер-03, провайдер-12, сессия-1
типы_предприятий;масложировой комбинат;нет;;3;провайдер-03, провайдер-08, провайдер-12
типы_предприятий;мясокомбинат;нет;;3;провайдер-03, провайдер-12, сессия-1
типы_предприятий;переработка кедрового ореха;нет;;3;провайдер-05, провайдер-11, провайдер-13
типы_предприятий;переработка миндаля;нет;;3;провайдер-05, провайдер-11, провайдер-13
типы_предприятий;переработка орехов;нет;;3;провайдер-05, провайдер-11, провайдер-13
типы_предприятий;переработка фундука;нет;;3;провайдер-05, провайдер-11, провайдер-13
типы_предприятий;песчаный карьер;нет;;3;провайдер-16, провайдер-19, провайдер-20
типы_предприятий;плодоовощной комбинат;нет;;3;провайдер-03, провайдер-12, сессия-1
типы_предприятий;рисозавод;нет;;3;провайдер-04, провайдер-07, сессия-1
типы_предприятий;семеноводческое хозяйство;нет;;3;провайдер-02, провайдер-14, провайдер-15
типы_предприятий;сушка орехов;нет;;3;провайдер-05, провайдер-11, провайдер-13
типы_предприятий;хлебозавод;нет;;3;провайдер-03, провайдер-12, сессия-1
типы_предприятий;цех переработки орехов;нет;;3;провайдер-11, провайдер-13, провайдер-15
типы_предприятий;экспортёр зерна;нет;;3;провайдер-01, провайдер-08, провайдер-15
типы_предприятий;ДСЗ;нет;;2;провайдер-19, провайдер-20
типы_предприятий;агропромышленный комбинат;нет;;2;провайдер-07, провайдер-12
типы_предприятий;агрохолдинг с элеватором;нет;;2;провайдер-04, провайдер-15
типы_предприятий;алмазодобывающая компания;нет;;2;провайдер-16, провайдер-24
типы_предприятий;бобовый завод;нет;;2;провайдер-02, провайдер-14
типы_предприятий;вольфрамовый рудник;нет;;2;провайдер-16, провайдер-24
типы_предприятий;горнодобывающее предприятие;нет;;2;провайдер-20, провайдер-24
типы_предприятий;гравийный карьер;нет;;2;провайдер-16, провайдер-20
типы_предприятий;доломитовый карьер;нет;;2;провайдер-16, провайдер-20
типы_предприятий;дробильно-сортировочный завод;нет;;2;провайдер-19, провайдер-20
типы_предприятий;завод компаундов;нет;;2;провайдер-17, провайдер-18
типы_предприятий;завод нерудных материалов;нет;;2;провайдер-19, провайдер-20
типы_предприятий;завод по переработке ПЭТ-бутылок;нет;;2;провайдер-18, провайдер-21
типы_предприятий;завод по переработке стекла;нет;;2;провайдер-21, провайдер-22
типы_предприятий;завод по переработке ягод;нет;;2;провайдер-06, провайдер-09
типы_предприятий;зерновая компания;нет;;2;провайдер-07, провайдер-15
типы_предприятий;зернотрейдер;нет;;2;провайдер-01, провайдер-08
типы_предприятий;золотодобывающая компания;нет;;2;провайдер-16, провайдер-24
типы_предприятий;известняковый карьер;нет;;2;провайдер-16, провайдер-20
типы_предприятий;калийный комбинат;нет;;2;провайдер-19, провайдер-20
типы_предприятий;камнедробильный завод;нет;;2;провайдер-16, провайдер-19
типы_предприятий;картофелеперерабатывающий завод;нет;;2;провайдер-09, провайдер-10
типы_предприятий;колбасный завод;нет;;2;провайдер-03, провайдер-12
типы_предприятий;комбинат вторичных ресурсов;нет;;2;провайдер-21, провайдер-22
типы_предприятий;комбинат полимерных материалов;нет;;2;провайдер-17, провайдер-18
типы_предприятий;кондитерский завод;нет;;2;провайдер-05, провайдер-13
типы_предприятий;кондитерский цех;нет;;2;провайдер-03, провайдер-13
типы_предприятий;кофейная фабрика;нет;;2;провайдер-03, провайдер-11
типы_предприятий;крупяное предприятие;нет;;2;провайдер-04, провайдер-07
типы_предприятий;линия заморозки овощей;нет;;2;провайдер-06, провайдер-10
типы_предприятий;льнозавод;нет;;2;провайдер-02, провайдер-14
типы_предприятий;магнезитовый завод;нет;;2;провайдер-16, провайдер-19
типы_предприятий;макаронная фабрика;нет;;2;провайдер-03, провайдер-12
типы_предприятий;макаронный завод;нет;;2;провайдер-03, провайдер-12
типы_предприятий;маслобойный завод;нет;;2;провайдер-01, провайдер-08
типы_предприятий;маслобойня;нет;;2;провайдер-08, сессия-1
типы_предприятий;маслозавод;нет;;2;провайдер-03, провайдер-08
типы_предприятий;мелькомбинат;нет;;2;провайдер-04, провайдер-07
типы_предприятий;мельница;нет;;2;провайдер-04, провайдер-07
типы_предприятий;мельничный комбинат;нет;;2;провайдер-03, провайдер-07
типы_предприятий;молокозавод;нет;;2;провайдер-03, провайдер-12
типы_предприятий;молочный завод;нет;;2;провайдер-03, провайдер-12
типы_предприятий;молочный комбинат;нет;;2;провайдер-03, провайдер-12
типы_предприятий;мукомольное предприятие;нет;;2;провайдер-04, провайдер-07
типы_предприятий;мясоперерабатывающий завод;нет;;2;провайдер-03, провайдер-12
типы_предприятий;обжарка орехов;нет;;2;провайдер-11, провайдер-13
типы_предприятий;ореховое хозяйство;нет;;2;провайдер-11, провайдер-13
типы_предприятий;орехоперерабатывающий завод;нет;;2;провайдер-05, провайдер-13
типы_предприятий;очистка орехов;нет;;2;провайдер-05, провайдер-13
типы_предприятий;переработка ПЭТ;нет;;2;провайдер-18, провайдер-23
типы_предприятий;переработка грецкого ореха;нет;;2;провайдер-11, провайдер-13
типы_предприятий;переработка льна;нет;;2;провайдер-08, провайдер-14
типы_предприятий;переработка масличных культур;нет;;2;провайдер-05, провайдер-08
типы_предприятий;переработка нута;нет;;2;провайдер-02, провайдер-14
типы_предприятий;переработка сухофруктов;нет;;2;провайдер-05, провайдер-13
типы_предприятий;переработка чечевицы;нет;;2;провайдер-02, провайдер-14
типы_предприятий;портовый элеватор;нет;;2;провайдер-08, провайдер-15
типы_предприятий;предприятие по переработке металлолома;нет;;2;провайдер-22, провайдер-24
типы_предприятий;прииск;нет;;2;провайдер-16, провайдер-24
типы_предприятий;производство вторичной гранулы;нет;;2;провайдер-17, провайдер-18
типы_предприятий;производство жареных семечек;нет;;2;провайдер-09, провайдер-10
типы_предприятий;производство козинаков;нет;;2;провайдер-05, провайдер-13
типы_предприятий;производство конфет;нет;;2;провайдер-05, провайдер-13
типы_предприятий;производство орехов;нет;;2;провайдер-05, провайдер-13
типы_предприятий;производство сухофруктов;нет;;2;провайдер-06, провайдер-13
типы_предприятий;производство сушеных фруктов;нет;;2;провайдер-09, провайдер-10
типы_предприятий;производство халвы;нет;;2;провайдер-05, провайдер-13
типы_предприятий;производство шоколада;нет;;2;провайдер-05, провайдер-13
типы_предприятий;птицекомбинат;нет;;2;провайдер-03, провайдер-12
типы_предприятий;птицефабрика;нет;;2;провайдер-03, провайдер-12
типы_предприятий;рудник;нет;;2;провайдер-16, провайдер-24
типы_предприятий;рудообогатительная фабрика;нет;;2;провайдер-16, провайдер-24
типы_предприятий;рыбокомбинат;нет;;2;провайдер-03, провайдер-12
типы_предприятий;рыбоперерабатывающий завод;нет;;2;провайдер-03, провайдер-12
типы_предприятий;садоводческое хозяйство;нет;;2;провайдер-06, провайдер-09
типы_предприятий;сахарный завод;нет;;2;провайдер-03, провайдер-12
типы_предприятий;селекционно-семеноводческий центр;нет;;2;провайдер-02, сессия-1
типы_предприятий;семенная станция;нет;;2;провайдер-02, провайдер-14
типы_предприятий;семеноводческая станция;нет;;2;провайдер-02, провайдер-14
типы_предприятий;соковый завод;нет;;2;провайдер-09, провайдер-12
типы_предприятий;соледобывающее предприятие;нет;;2;провайдер-19, провайдер-20
типы_предприятий;солепромысел;нет;;2;провайдер-19, провайдер-20
типы_предприятий;сортировочный комплекс вторсырья;нет;;2;провайдер-21, провайдер-22
типы_предприятий;стеклотарный завод;нет;;2;провайдер-21, сессия-2
типы_предприятий;сыродельный завод;нет;;2;провайдер-03, провайдер-12
типы_предприятий;табачная фабрика;нет;;2;провайдер-02, провайдер-14
типы_предприятий;трейдер зерна;нет;;2;провайдер-01, провайдер-08
типы_предприятий;угледобывающее предприятие;нет;;2;провайдер-16, провайдер-24
типы_предприятий;углеобогатительная фабрика;нет;;2;провайдер-16, провайдер-24
типы_предприятий;угольный разрез;нет;;2;провайдер-16, провайдер-24
типы_предприятий;фабрика сухофруктов;нет;;2;провайдер-06, провайдер-09
типы_предприятий;фасовка орехов;нет;;2;провайдер-05, провайдер-11
типы_предприятий;хлебокомбинат;нет;;2;провайдер-03, провайдер-12
типы_предприятий;хлебоприёмный пункт;нет;;2;провайдер-04, провайдер-07
типы_предприятий;цех заморозки ягод;нет;;2;провайдер-06, провайдер-09
типы_предприятий;цех обжарки семян;нет;;2;провайдер-06, провайдер-10
типы_предприятий;цех обогащения;нет;;2;провайдер-16, провайдер-19
типы_предприятий;цех переработки пластика;нет;;2;провайдер-18, провайдер-22
типы_предприятий;цех подготовки вторсырья;нет;;2;провайдер-17, провайдер-21
типы_предприятий;цех сухофруктов;нет;;2;провайдер-06, провайдер-10
типы_предприятий;чаеразвесочная фабрика;нет;;2;провайдер-11, сессия-1
типы_предприятий;чайная фабрика;нет;;2;провайдер-03, провайдер-11
типы_предприятий;шахта;нет;;2;провайдер-16, провайдер-24
типы_предприятий;шоколадная фабрика;нет;;2;провайдер-03, провайдер-13
типы_предприятий;щебеночный завод;нет;;2;провайдер-16, провайдер-19
типы_предприятий;экспортёр бобовых;нет;;2;провайдер-01, провайдер-08
типы_предприятий;экспортёр масличных;нет;;2;провайдер-01, провайдер-08
типы_предприятий;экспортёр орехов;нет;;2;провайдер-01, провайдер-08
типы_предприятий;экспортёр семян;нет;;2;провайдер-01, провайдер-08
типы_предприятий;ягодное хозяйство;нет;;2;провайдер-06, провайдер-09
типы_предприятий;ягодный завод;нет;;2;провайдер-06, провайдер-09
типы_предприятий;ГОК по железной руде, марганцу, хромиту;нет;;1;сессия-2
типы_предприятий;ЗИФ;нет;;1;провайдер-24
типы_предприятий;КХП;нет;;1;провайдер-04
типы_предприятий;КХП (комбинат хлебопродуктов);нет;;1;сессия-1
типы_предприятий;МЭЗ;нет;;1;провайдер-15
типы_предприятий;МЭЗ (маслоэкстракционный завод);нет;;1;сессия-1
типы_предприятий;ОФ;нет;;1;провайдер-24
типы_предприятий;ХПП (хлебоприёмное предприятие);нет;;1;сессия-1
типы_предприятий;ЦОФ;нет;;1;провайдер-24
типы_предприятий;агломерация пластика;нет;;1;провайдер-18
типы_предприятий;агрокомбинат овощной;нет;;1;провайдер-09
типы_предприятий;агрокомплекс с заморозкой;нет;;1;провайдер-10
типы_предприятий;агрокомплекс экспорт;нет;;1;провайдер-01
типы_предприятий;агропромышленный комбинат по переработке картофеля;нет;;1;провайдер-10
типы_предприятий;алмазный рудник;нет;;1;провайдер-16
типы_предприятий;алмазодобывающая фабрика;нет;;1;провайдер-24
типы_предприятий;алмазодобывающее предприятие (рентгенолюминесцентная сепарация);нет;;1;сессия-2
типы_предприятий;арахисовое производство;нет;;1;провайдер-11
типы_предприятий;артель старателей;нет;;1;провайдер-16
типы_предприятий;базовая станция переработки;нет;;1;провайдер-22
типы_предприятий;безалкогольный завод;нет;;1;провайдер-03
типы_предприятий;бисквитная фабрика;нет;;1;провайдер-03
типы_предприятий;бобовый переработчик (нут, маш, чечевица);нет;;1;сессия-1
типы_предприятий;брикетный завод;нет;;1;провайдер-23
типы_предприятий;булочно-кондитерский комбинат;нет;;1;провайдер-12
типы_предприятий;вторичная металлургия;нет;;1;провайдер-24
типы_предприятий;глубоководный терминал зерна;нет;;1;провайдер-08
типы_предприятий;горно-добывающее предприятие;нет;;1;провайдер-16
типы_предприятий;горно-химический комбинат;нет;;1;провайдер-16
типы_предприятий;горно-химическое предприятие;нет;;1;провайдер-20
типы_предприятий;горнодобывающий комбинат;нет;;1;провайдер-16
типы_предприятий;гороховый завод;нет;;1;провайдер-02
типы_предприятий;горчичный завод;нет;;1;сессия-1
типы_предприятий;гравитационная фабрика;нет;;1;провайдер-24
типы_предприятий;гречезавод (ядрица, продел);нет;;1;сессия-1
типы_предприятий;гречеобрушительный завод;нет;;1;провайдер-07
типы_предприятий;гречеперерабатывающий завод;нет;;1;провайдер-04
типы_предприятий;деревообрабатывающее предприятие;нет;;1;провайдер-23
типы_предприятий;деревообрабатывающий комбинат;нет;;1;провайдер-23
типы_предприятий;дистрибьютор зерна;нет;;1;провайдер-01
типы_предприятий;доломитовый завод;нет;;1;провайдер-19
типы_предприятий;доломитовый карьер / завод доломитовой муки;нет;;1;сессия-2
типы_предприятий;доработка семян;нет;;1;провайдер-14
типы_предприятий;драга золотодобывающая;нет;;1;провайдер-16
типы_предприятий;дробильно-сортировочный завод (ДСЗ) / ДСК / ДСУ;нет;;1;сессия-2
типы_предприятий;дробление металлолома;нет;;1;провайдер-23
типы_предприятий;дробление пластика;нет;;1;провайдер-23
типы_предприятий;завод агломерата;нет;;1;провайдер-21
типы_предприятий;завод азотных удобрений;нет;;1;провайдер-20
типы_предприятий;завод бакалейных изделий;нет;;1;провайдер-15
типы_предприятий;завод быстрой заморозки овощей;нет;;1;провайдер-10
типы_предприятий;завод вторичного алюминия / вторичных цветных сплавов;нет;;1;сессия-2
типы_предприятий;завод вторичного стекла;нет;;1;провайдер-21
типы_предприятий;завод вторичных металлов;нет;;1;провайдер-22
типы_предприятий;завод вторичных ресурсов;нет;;1;провайдер-21
типы_предприятий;завод вторсырья пластмасс;нет;;1;провайдер-17
типы_предприятий;завод готовых кормов;нет;;1;провайдер-03
типы_предприятий;завод дроблёнки;нет;;1;провайдер-21
типы_предприятий;завод дроблёного сырья;нет;;1;провайдер-21
типы_предприятий;завод животных кормов;нет;;1;провайдер-12
типы_предприятий;завод замороженных овощей;нет;;1;провайдер-06
типы_предприятий;завод картофельных хлопьев / пюре;нет;;1;сессия-1
типы_предприятий;завод лекарственных растений;нет;;1;провайдер-02
типы_предприятий;завод листового стекла / стекловаты / пеностекла (потребители стеклобоя);нет;;1;сессия-2
типы_предприятий;завод мастербатч;нет;;1;провайдер-18
типы_предприятий;завод минеральной ваты;нет;;1;провайдер-21
типы_предприятий;завод минеральных удобрений;нет;;1;провайдер-20
типы_предприятий;завод овощных полуфабрикатов;нет;;1;провайдер-10
типы_предприятий;завод переработки полимеров;нет;;1;провайдер-21
типы_предприятий;завод пластмасс;нет;;1;провайдер-18
типы_предприятий;завод по брикетированию стружки;нет;;1;провайдер-22
типы_предприятий;завод по добыче кварца;нет;;1;провайдер-16
типы_предприятий;завод по дроблению металла;нет;;1;провайдер-22
типы_предприятий;завод по заморозке овощей;нет;;1;провайдер-09
типы_предприятий;завод по обжарке семечек;нет;;1;провайдер-09
типы_предприятий;завод по переработке ПЭТ;нет;;1;провайдер-22
типы_предприятий;завод по переработке ПЭТ-бутылки (производство ПЭТ-флекса);нет;;1;сессия-2
типы_предприятий;завод по переработке автомобильных отходов;нет;;1;провайдер-22
типы_предприятий;завод по переработке аккумуляторов (полипропиленовая крошка корпусов);нет;;1;сессия-2
типы_предприятий;завод по переработке вторсырья;нет;;1;провайдер-22
типы_предприятий;завод по переработке кабеля;нет;;1;провайдер-22
типы_предприятий;завод по переработке овощей;нет;;1;провайдер-03
типы_предприятий;завод по переработке овса;нет;;1;провайдер-04
типы_предприятий;завод по переработке отходов пластмасс;нет;;1;провайдер-17
типы_предприятий;завод по переработке полипропилена;нет;;1;провайдер-22
типы_предприятий;завод по переработке резины;нет;;1;провайдер-22
типы_предприятий;завод по переработке риса;нет;;1;провайдер-04
типы_предприятий;завод по переработке рыбы;нет;;1;провайдер-12
типы_предприятий;завод по переработке сои;нет;;1;провайдер-15
типы_предприятий;завод по переработке стружки;нет;;1;провайдер-24
типы_предприятий;завод по переработке сухофруктов;нет;;1;провайдер-10
типы_предприятий;завод по переработке фруктов;нет;;1;провайдер-03
типы_предприятий;завод по переработке цветного лома;нет;;1;провайдер-22
типы_предприятий;завод по подработке семян;нет;;1;провайдер-02
типы_предприятий;завод по производству вторичных гранул;нет;;1;провайдер-22
типы_предприятий;завод по производству картофеля фри;нет;;1;провайдер-10
типы_предприятий;завод по производству регранулята;нет;;1;провайдер-22
типы_предприятий;завод по производству соков;нет;;1;провайдер-09
типы_предприятий;завод по производству сухофруктов;нет;;1;провайдер-09
типы_предприятий;завод по производству флекса;нет;;1;провайдер-22
типы_предприятий;завод по производству хлопьев;нет;;1;провайдер-04
типы_предприятий;завод по производству чипсов;нет;;1;провайдер-10
типы_предприятий;завод полимерной продукции;нет;;1;провайдер-17
типы_предприятий;завод полимеров;нет;;1;провайдер-18
типы_предприятий;завод полипропилена;нет;;1;провайдер-17
типы_предприятий;завод полиэтилена;нет;;1;провайдер-17
типы_предприятий;завод растительных масел;нет;;1;провайдер-08
типы_предприятий;завод регранулята;нет;;1;провайдер-21
типы_предприятий;завод рециклинга;нет;;1;провайдер-21
типы_предприятий;завод семечки;нет;;1;провайдер-06
типы_предприятий;завод снековой продукции;нет;;1;провайдер-06
типы_предприятий;завод специй и приправ;нет;;1;провайдер-11
типы_предприятий;завод стекловолокна;нет;;1;провайдер-21
типы_предприятий;завод сухофруктов;нет;;1;провайдер-06
типы_предприятий;завод сушеных ягод;нет;;1;провайдер-06
типы_предприятий;завод термопластичных эластомеров;нет;;1;провайдер-18
типы_предприятий;завод технического стекла;нет;;1;провайдер-21
типы_предприятий;завод флекса;нет;;1;провайдер-21
типы_предприятий;завод фосфорных удобрений;нет;;1;провайдер-20
типы_предприятий;завод эфирных масел;нет;;1;провайдер-02
типы_предприятий;завод ягодных соков;нет;;1;провайдер-06
типы_предприятий;заготзерно;нет;;1;провайдер-07
типы_предприятий;заготконтора;нет;;1;провайдер-15
типы_предприятий;заготконтора дикоросов;нет;;1;сессия-1
типы_предприятий;заготконтора лекарственные травы;нет;;1;провайдер-02
типы_предприятий;заготовитель-сортировщик пластикового вторсырья (пресс-кипа, «вторичка»);нет;;1;сессия-2
типы_предприятий;заготовка лекарственных трав;нет;;1;провайдер-14
типы_предприятий;заготовка ягод;нет;;1;провайдер-09
типы_предприятий;закупка и переработка орехов;нет;;1;провайдер-05
типы_предприятий;зерновая компания с экспортом;нет;;1;провайдер-08
типы_предприятий;зерновая компания экспорт;нет;;1;провайдер-01
типы_предприятий;зерновое хозяйство;нет;;1;провайдер-04
типы_предприятий;зерновой комплекс;нет;;1;провайдер-01
типы_предприятий;зерновой оператор;нет;;1;провайдер-15
типы_предприятий;зерновой трейдер;нет;;1;провайдер-08
типы_предприятий;зерновой элеватор;нет;;1;провайдер-07
типы_предприятий;зернокомплекс;нет;;1;провайдер-15
типы_предприятий;зернообрабатывающее предприятие семена;нет;;1;провайдер-02
типы_предприятий;зерноперерабатывающее предприятие;нет;;1;провайдер-07
типы_предприятий;зернопереработка;нет;;1;провайдер-07
типы_предприятий;зерноприёмное предприятие;нет;;1;провайдер-04
типы_предприятий;зерноток;нет;;1;сессия-1
типы_предприятий;зернотрейдинговая компания с мощностями;нет;;1;провайдер-15
типы_предприятий;золотодобывающая компания, ЗИФ, рудник, золотоизвлекательная фабрика;нет;;1;сессия-2
типы_предприятий;золотодобывающее предприятие;нет;;1;провайдер-16
типы_предприятий;золотодобывающий прииск;нет;;1;провайдер-24
типы_предприятий;золотоизвлекательная фабрика;нет;;1;провайдер-24
типы_предприятий;золотой прииск;нет;;1;провайдер-16
типы_предприятий;известняковый карьер, известковый завод, производитель известняковой муки;нет;;1;сессия-2
типы_предприятий;калибровка бобовых;нет;;1;провайдер-14
типы_предприятий;калибровка семян;нет;;1;провайдер-14
типы_предприятий;калибровочно-фасовочный цех семечки;нет;;1;сессия-1
типы_предприятий;калибровочный цех;нет;;1;провайдер-15
типы_предприятий;калибровочный цех зерна;нет;;1;провайдер-04
типы_предприятий;калийный завод;нет;;1;провайдер-19
типы_предприятий;калийный рудник;нет;;1;провайдер-20
типы_предприятий;калийный/фосфатный рудник, производитель минеральных удобрений;нет;;1;сессия-2
типы_предприятий;камнеобрабатывающий завод;нет;;1;провайдер-20
типы_предприятий;картофелеводческий кооператив;нет;;1;провайдер-10
типы_предприятий;картофелеводческое хозяйство с хранением;нет;;1;провайдер-10
типы_предприятий;картофелеперерабатывающий комбинат;нет;;1;провайдер-10
типы_предприятий;картофелесортировальный пункт;нет;;1;провайдер-10
типы_предприятий;картофелехранилище;нет;;1;провайдер-10
типы_предприятий;картофелехранилище с калибровкой;нет;;1;сессия-1
типы_предприятий;карьер;нет;;1;провайдер-19
типы_предприятий;карьер известняка;нет;;1;провайдер-16
типы_предприятий;карьер нерудных материалов;нет;;1;провайдер-20
типы_предприятий;карьер по добыче угля;нет;;1;провайдер-16
типы_предприятий;карьероуправление / нерудная компания (щебень, гравий, ПГС);нет;;1;сессия-2
типы_предприятий;кварцевая фабрика;нет;;1;провайдер-20
типы_предприятий;кварцевый карьер;нет;;1;провайдер-19
типы_предприятий;кварцевый карьер / ГОК по кварцевому песку;нет;;1;сессия-2
типы_предприятий;кварцевый комбинат;нет;;1;провайдер-16
типы_предприятий;кварцевый рудник;нет;;1;провайдер-20
типы_предприятий;кедровый промысел;нет;;1;провайдер-11
типы_предприятий;колбасная фабрика;нет;;1;провайдер-03
типы_предприятий;колбасный цех;нет;;1;сессия-1
типы_предприятий;комбикормовое предприятие;нет;;1;провайдер-15
типы_предприятий;комбикормовый комбинат;нет;;1;провайдер-12
типы_предприятий;комбинат вторичных полимеров;нет;;1;провайдер-17
типы_предприятий;комбинат замороженных ягод;нет;;1;провайдер-06
типы_предприятий;комбинат металлоотходов;нет;;1;провайдер-22
типы_предприятий;комбинат нерудных материалов;нет;;1;провайдер-19
типы_предприятий;комбинат пластических масс;нет;;1;провайдер-17
типы_предприятий;комбинат синтетических материалов;нет;;1;провайдер-17
типы_предприятий;комбинат стекловолокна;нет;;1;провайдер-21
типы_предприятий;компаундер (ПП/ПЭ/ПВХ-компаунды, наполненные полимеры, кабельный пластикат);нет;;1;сессия-2
типы_предприятий;компаундирование полимеров;нет;;1;провайдер-18
типы_предприятий;комплекс переработки полимерных отходов;нет;;1;провайдер-21
типы_предприятий;кондитерская переработка орехов;нет;;1;провайдер-11
типы_предприятий;кондитерская фабрика с ореховой начинкой;нет;;1;сессия-1
типы_предприятий;кондитерский цех с орехами;нет;;1;провайдер-13
типы_предприятий;кондитерское производство;нет;;1;провайдер-13
типы_предприятий;кондиционирование семян;нет;;1;провайдер-14
типы_предприятий;консервный завод овощной;нет;;1;провайдер-09
типы_предприятий;консервный завод рыбный;нет;;1;провайдер-12
типы_предприятий;кормовой завод;нет;;1;провайдер-12
типы_предприятий;кофейная обжарочная;нет;;1;провайдер-11
типы_предприятий;кофейный завод;нет;;1;провайдер-11
типы_предприятий;кофейня с обжаркой;нет;;1;провайдер-11
типы_предприятий;кофеобжарочное производство;нет;;1;сессия-1
типы_предприятий;крабо- и краборыбоперерабатывающая база;нет;;1;сессия-1
типы_предприятий;крахмалопаточный завод;нет;;1;провайдер-12
типы_предприятий;крахмалопаточный завод с картофельной линией;нет;;1;провайдер-10
типы_предприятий;крупозаготовительное предприятие;нет;;1;провайдер-07
типы_предприятий;крупяной комбинат;нет;;1;провайдер-07
типы_предприятий;крупяной цех;нет;;1;провайдер-07
типы_предприятий;купажный цех чая;нет;;1;провайдер-11
типы_предприятий;лесозавод;нет;;1;провайдер-23
типы_предприятий;лесопильно-деревообрабатывающий комбинат;нет;;1;провайдер-23
типы_предприятий;лесопильное производство;нет;;1;провайдер-23
типы_предприятий;лесопильный завод;нет;;1;провайдер-23
типы_предприятий;ликероводочный завод;нет;;1;провайдер-03
типы_предприятий;линейный элеватор;нет;;1;сессия-1
типы_предприятий;линия калибровки овощей;нет;;1;провайдер-09
типы_предприятий;линия калибровки орехов;нет;;1;провайдер-05
типы_предприятий;линия калибровки семян;нет;;1;провайдер-15
типы_предприятий;линия мойки флекса / моечный комплекс вторичного ПЭТ;нет;;1;сессия-2
типы_предприятий;линия обжарки семечек;нет;;1;провайдер-10
типы_предприятий;линия очистки нута;нет;;1;провайдер-14
типы_предприятий;линия очистки чечевицы;нет;;1;провайдер-14
типы_предприятий;линия по производству крупы;нет;;1;провайдер-04
типы_предприятий;линия шоковой заморозки ягод;нет;;1;провайдер-06
типы_предприятий;литьевое/экструзионное производство с собственным регрейдом (трубы, плёнка, ящики);нет;;1;сессия-2
типы_предприятий;ломозаготовитель (вторчермет, вторцветмет, лицензиат лома);нет;;1;сессия-2
типы_предприятий;льнозавод / цех семян льна;нет;;1;сессия-1
типы_предприятий;льнокомбинат;нет;;1;провайдер-02
типы_предприятий;льноперерабатывающий завод;нет;;1;провайдер-02
типы_предприятий;льноперерабатывающий комбинат;нет;;1;провайдер-14
типы_предприятий;льносемстанция;нет;;1;провайдер-02
типы_предприятий;магнезитовый комбинат;нет;;1;провайдер-20
типы_предприятий;магнезитовый комбинат / производитель огнеупорного сырья;нет;;1;сессия-2
типы_предприятий;масличное производство орехов;нет;;1;провайдер-11
типы_предприятий;маслобойный завод лён;нет;;1;провайдер-14
типы_предприятий;маслобойный завод с орехами;нет;;1;провайдер-05
типы_предприятий;маслодельный завод;нет;;1;провайдер-12
типы_предприятий;масложиркомбинат;нет;;1;провайдер-08
типы_предприятий;маслозавод растительных масел;нет;;1;провайдер-15
типы_предприятий;маслозавод холодного отжима;нет;;1;сессия-1
типы_предприятий;маслосырзавод;нет;;1;провайдер-12
типы_предприятий;мастербатч производитель;нет;;1;провайдер-18
типы_предприятий;махорочная фабрика;нет;;1;провайдер-02
типы_предприятий;мебельный комбинат;нет;;1;провайдер-23
типы_предприятий;медный рудник;нет;;1;провайдер-24
типы_предприятий;мелзавод (мел молотый, кусковой, химически осаждённый);нет;;1;сессия-2
типы_предприятий;мельница / мелькомбинат;нет;;1;сессия-1
типы_предприятий;металлоломозаготовительное предприятие;нет;;1;провайдер-24
типы_предприятий;металлоперерабатывающий завод;нет;;1;провайдер-22
типы_предприятий;металлургический комбинат цех стружки;нет;;1;провайдер-24
типы_предприятий;мойка и дробление пластика;нет;;1;провайдер-18
типы_предприятий;молокоперерабатывающий завод;нет;;1;провайдер-12
типы_предприятий;молочный завод / сыродельня;нет;;1;сессия-1
типы_предприятий;мраморный карьер / производитель мраморной крошки и молотого мрамора;нет;;1;сессия-2
типы_предприятий;мукомольно-крупяной завод;нет;;1;провайдер-07
типы_предприятий;мукомольно-крупяной комбинат;нет;;1;провайдер-04
типы_предприятий;мукомольный комбинат;нет;;1;провайдер-12
типы_предприятий;мусороперерабатывающий завод;нет;;1;провайдер-21
типы_предприятий;мусоропереработка промышленная;нет;;1;провайдер-23
типы_предприятий;мясной завод;нет;;1;провайдер-12
типы_предприятий;мясной комбинат;нет;;1;провайдер-12
типы_предприятий;мясокомбинат убойный цех;нет;;1;провайдер-03
типы_предприятий;нерудный карьер;нет;;1;провайдер-16
типы_предприятий;нутовый завод;нет;;1;провайдер-02
типы_предприятий;обжарка арахиса;нет;;1;провайдер-11
типы_предприятий;обжарочное производство кофе;нет;;1;провайдер-11
типы_предприятий;обжарочный цех семечки;нет;;1;провайдер-06
типы_предприятий;обогатительная фабрика (ОФ) цветных и редких металлов (вольфрам, олово, молибден);нет;;1;сессия-2
типы_предприятий;обогащение руды;нет;;1;провайдер-24
типы_предприятий;овощебаза / овощехранилище с линией подработки;нет;;1;сессия-1
типы_предприятий;овощеперерабатывающий завод;нет;;1;провайдер-12
типы_предприятий;овощеперерабатывающий комбинат с заморозкой;нет;;1;провайдер-10
типы_предприятий;овощехранилище с переработкой;нет;;1;провайдер-09
типы_предприятий;овощехранилище с сортировкой;нет;;1;провайдер-10
типы_предприятий;овощная база с сушкой;нет;;1;провайдер-10
типы_предприятий;овощной завод;нет;;1;провайдер-09
типы_предприятий;овсяной завод;нет;;1;провайдер-07
типы_предприятий;овсяный завод (хлопья, толокно);нет;;1;сессия-1
типы_предприятий;оловянный рудник;нет;;1;провайдер-24
типы_предприятий;оптовая база зерна;нет;;1;провайдер-15
типы_предприятий;оптовая база зерно;нет;;1;провайдер-01
типы_предприятий;оптовая база орехов переработка;нет;;1;провайдер-05
типы_предприятий;оптовик бобовых;нет;;1;провайдер-01
типы_предприятий;оптовик зерна с собственным складом подработки;нет;;1;сессия-1
типы_предприятий;оптовик комбикормов;нет;;1;провайдер-15
типы_предприятий;оптовик масличных;нет;;1;провайдер-01
типы_предприятий;ореховая база;нет;;1;провайдер-13
типы_предприятий;ореховая паста производство;нет;;1;провайдер-11
типы_предприятий;ореховая фабрика;нет;;1;провайдер-15
типы_предприятий;ореховодство;нет;;1;провайдер-05
типы_предприятий;ореховые снеки;нет;;1;провайдер-05
типы_предприятий;ореховый завод;нет;;1;провайдер-13
типы_предприятий;ореховый сад;нет;;1;провайдер-11
типы_предприятий;ореховый сад промышленный;нет;;1;провайдер-05
типы_предприятий;орехокомбинат;нет;;1;провайдер-13
типы_предприятий;орехоочистительный завод;нет;;1;провайдер-11
типы_предприятий;орехоочистительный цех;нет;;1;провайдер-05
типы_предприятий;орехоперерабатывающий цех;нет;;1;сессия-1
типы_предприятий;очистка семян;нет;;1;провайдер-14
типы_предприятий;пасека с цехом перги и пыльцы;нет;;1;сессия-1
типы_предприятий;пекарня;нет;;1;провайдер-12
типы_предприятий;пекарня промышленная;нет;;1;провайдер-03
типы_предприятий;пеллетный завод;нет;;1;провайдер-23
типы_предприятий;перевалка масличных;нет;;1;провайдер-08
типы_предприятий;перевалочный терминал зерна;нет;;1;провайдер-15
типы_предприятий;переработка ПВХ;нет;;1;провайдер-18
типы_предприятий;переработка арахиса;нет;;1;провайдер-13
типы_предприятий;переработка вторсырья;нет;;1;провайдер-23
типы_предприятий;переработка вторцветмета;нет;;1;провайдер-24
типы_предприятий;переработка вторчермета;нет;;1;провайдер-24
типы_предприятий;переработка гороха;нет;;1;провайдер-14
типы_предприятий;переработка дикоросов;нет;;1;провайдер-09
типы_предприятий;переработка древесных отходов;нет;;1;провайдер-23
типы_предприятий;переработка зерна;нет;;1;провайдер-07
типы_предприятий;переработка лекарственных трав;нет;;1;провайдер-14
типы_предприятий;переработка металлолома;нет;;1;провайдер-23
типы_предприятий;переработка отходов производства;нет;;1;провайдер-23
типы_предприятий;переработка пластика;нет;;1;провайдер-23
типы_предприятий;переработка подсолнечника;нет;;1;провайдер-08
типы_предприятий;переработка полимеров;нет;;1;провайдер-23
типы_предприятий;переработка полипропилена;нет;;1;провайдер-18
типы_предприятий;переработка полиэтилена;нет;;1;провайдер-18
типы_предприятий;переработка рапса;нет;;1;провайдер-08
типы_предприятий;переработка сои;нет;;1;провайдер-08
типы_предприятий;переработка стекла;нет;;1;провайдер-23
типы_предприятий;переработка табака;нет;;1;провайдер-14
типы_предприятий;переработка эфиромасличных;нет;;1;провайдер-02
типы_предприятий;переработчик ПВХ-профиля, окон, сайдинга, труб;нет;;1;сессия-2
типы_предприятий;переработчик автопластика (бамперы, корпуса, ПП-шредер);нет;;1;сессия-2
типы_предприятий;переработчик алюминиевых шлаков и съёмов;нет;;1;сессия-2
типы_предприятий;переработчик вторсырья пластик;нет;;1;провайдер-18
типы_предприятий;переработчик древесных отходов (щепа, древесная дроблёнка);нет;;1;сессия-2
типы_предприятий;переработчик кабеля (медная/алюминиевая крупка + ПВХ/ПЭ изоляция);нет;;1;сессия-2
типы_предприятий;переработчик металлической стружки (брикетирование, сушка СОЖ);нет;;1;сессия-2
типы_предприятий;переработчик полимерных отходов (дроблёнка ПНД, ПП, ПВХ);нет;;1;сессия-2
типы_предприятий;переработчик семян подсолнечника;нет;;1;провайдер-06
типы_предприятий;переработчик стеклобоя (стеклокрошка, подготовка шихты);нет;;1;сессия-2
типы_предприятий;переработчик строительных отходов (вторичный щебень, бетонный лом);нет;;1;сессия-2
типы_предприятий;переработчик сухофруктов;нет;;1;провайдер-06
типы_предприятий;переработчик ягод;нет;;1;провайдер-06
типы_предприятий;пивзавод;нет;;1;провайдер-03
типы_предприятий;пивоваренный завод;нет;;1;провайдер-03
типы_предприятий;пилорама;нет;;1;провайдер-23
типы_предприятий;питомник ягод;нет;;1;провайдер-06
типы_предприятий;пищевой завод;нет;;1;провайдер-12
типы_предприятий;пищевой комбинат;нет;;1;провайдер-12
типы_предприятий;племенное хозяйство семена;нет;;1;провайдер-02
типы_предприятий;плитное производство;нет;;1;провайдер-23
типы_предприятий;плодово-ягодный комбинат;нет;;1;провайдер-09
типы_предприятий;подготовка семян;нет;;1;провайдер-14
типы_предприятий;подсолнечный завод;нет;;1;провайдер-15
типы_предприятий;портовый зерновой терминал;нет;;1;сессия-1
типы_предприятий;предприятие вторичной переработки полимеров;нет;;1;провайдер-17
типы_предприятий;предприятие по агломерации пластика;нет;;1;провайдер-17
типы_предприятий;предприятие по грануляции вторсырья;нет;;1;провайдер-22
типы_предприятий;предприятие по добыче известняка;нет;;1;провайдер-19
типы_предприятий;предприятие по добыче кварца;нет;;1;провайдер-19
типы_предприятий;предприятие по добыче полезных ископаемых;нет;;1;провайдер-16
типы_предприятий;предприятие по дроблению пластика;нет;;1;провайдер-17
типы_предприятий;предприятие по обжарке орехов;нет;;1;провайдер-10
типы_предприятий;предприятие по переработке HDPE;нет;;1;провайдер-17
типы_предприятий;предприятие по переработке ПВХ;нет;;1;провайдер-17
типы_предприятий;предприятие по переработке РТИ;нет;;1;провайдер-22
типы_предприятий;предприятие по переработке вторичного сырья;нет;;1;провайдер-23
типы_предприятий;предприятие по переработке зерна;нет;;1;провайдер-07
типы_предприятий;предприятие по переработке масличных;нет;;1;провайдер-15
типы_предприятий;предприятие по переработке морепродуктов;нет;;1;провайдер-12
типы_предприятий;предприятие по переработке орехов;нет;;1;провайдер-13
типы_предприятий;предприятие по переработке отходов;нет;;1;провайдер-21
типы_предприятий;предприятие по переработке полимеров;нет;;1;провайдер-22
типы_предприятий;предприятие по переработке полиэтилена;нет;;1;провайдер-22
типы_предприятий;предприятие по переработке чёрного лома;нет;;1;провайдер-22
типы_предприятий;предприятие по переработке электронного лома;нет;;1;провайдер-22
типы_предприятий;предприятие по подработке зерна;нет;;1;провайдер-04
типы_предприятий;предприятие по производству агломерата;нет;;1;провайдер-22
типы_предприятий;предприятие по производству флекса;нет;;1;провайдер-17
типы_предприятий;предприятие по рециклингу пластмасс;нет;;1;провайдер-17
типы_предприятий;предприятие по утилизации;нет;;1;провайдер-22
типы_предприятий;предприятие по хранению зерна;нет;;1;провайдер-04
типы_предприятий;предприятие рециклинга пластмасс;нет;;1;провайдер-21
типы_предприятий;предприятие хлебопродуктов;нет;;1;провайдер-04
типы_предприятий;прессовый цех;нет;;1;провайдер-08
типы_предприятий;производитель ДСП/ОСП/МДФ на вторичной древесине;нет;;1;сессия-2
типы_предприятий;производитель ПЭТ-преформ и бутилированной тары (собственная дроблёнка брака);нет;;1;сессия-2
типы_предприятий;производитель агломерата ПВД (плёночный рециклинг);нет;;1;сессия-2
типы_предприятий;производитель вторичного полимера;нет;;1;провайдер-18
типы_предприятий;производитель вторичной гранулы / регранулята;нет;;1;сессия-2
типы_предприятий;производитель гранулы ПВХ;нет;;1;провайдер-18
типы_предприятий;производитель гранулы ПНД;нет;;1;провайдер-18
типы_предприятий;производитель гранулы ПП;нет;;1;провайдер-18
типы_предприятий;производитель декоративного щебня и цветной каменной крошки;нет;;1;сессия-2
типы_предприятий;производитель детского питания;нет;;1;сессия-1
типы_предприятий;производитель замороженных ягод;нет;;1;провайдер-06
типы_предприятий;производитель искусственного камня / кварцевого агломерата (потребитель крупки);нет;;1;сессия-2
типы_предприятий;производитель кварца;нет;;1;провайдер-20
типы_предприятий;производитель кварцевого сырья для стекла, ферросплавов и кремния;нет;;1;сессия-2
типы_предприятий;производитель кварцевой крупки, кварцита, жильного кварца;нет;;1;сессия-2
типы_предприятий;производитель компаундов;нет;;1;провайдер-18
типы_предприятий;производитель кормов для домашних животных (петфуд);нет;;1;сессия-1
типы_предприятий;производитель кормов для птиц и грызунов;нет;;1;сессия-1
типы_предприятий;производитель крупы;нет;;1;провайдер-15
типы_предприятий;производитель мастербатчей;нет;;1;провайдер-17
типы_предприятий;производитель микрокальцита / молотого карбоната кальция;нет;;1;сессия-2
типы_предприятий;производитель минеральных удобрений;нет;;1;провайдер-20
типы_предприятий;производитель мюсли, гранолы, батончиков;нет;;1;сессия-1
типы_предприятий;производитель мясных полуфабрикатов;нет;;1;сессия-1
типы_предприятий;производитель овощных смесей;нет;;1;провайдер-06
типы_предприятий;производитель пеллет и брикетов;нет;;1;сессия-2
типы_предприятий;производитель полевого шпата, пегматита, кварц-полевошпатового концентрата;нет;;1;сессия-2
типы_предприятий;производитель полимерно-песчаной плитки и изделий из вторполимеров;нет;;1;сессия-2
типы_предприятий;производитель полимерных добавок;нет;;1;провайдер-17
типы_предприятий;производитель полимеров;нет;;1;провайдер-18
типы_предприятий;производитель полимеров в первичных формах (нефтехимия, ПЭ/ПП/ПЭТ-гранула);нет;;1;сессия-2
типы_предприятий;производитель полиэфирного волокна и стреппинг-ленты из флекса;нет;;1;сессия-2
типы_предприятий;производитель противогололёдных реагентов;нет;;1;сессия-2
типы_предприятий;производитель растительного молока;нет;;1;сессия-1
типы_предприятий;производитель регранулята;нет;;1;провайдер-18
типы_предприятий;производитель семечки;нет;;1;провайдер-06
типы_предприятий;производитель семян газонных трав;нет;;1;сессия-1
типы_предприятий;производитель снеков;нет;;1;провайдер-06
типы_предприятий;производитель суперконцентратов;нет;;1;провайдер-18
типы_предприятий;производитель суперконцентратов / мастербатчей / добавок;нет;;1;сессия-2
типы_предприятий;производитель сухих завтраков;нет;;1;сессия-1
типы_предприятий;производитель термопластов;нет;;1;провайдер-18
типы_предприятий;производитель технической соли, соли для ПСС, таблетированной соли;нет;;1;сессия-2
типы_предприятий;производитель топливной и технологической щепы;нет;;1;сессия-2
типы_предприятий;производитель урбеча и ореховых паст;нет;;1;сессия-1
типы_предприятий;производитель ягод;нет;;1;провайдер-06
типы_предприятий;производство OSB;нет;;1;провайдер-23
типы_предприятий;производство ДВП;нет;;1;провайдер-23
типы_предприятий;производство ДСП;нет;;1;провайдер-23
типы_предприятий;производство МДФ;нет;;1;провайдер-23
типы_предприятий;производство ПЭТ-гранулята;нет;;1;провайдер-21
типы_предприятий;производство ПЭТ-флекса;нет;;1;провайдер-18
типы_предприятий;производство ПЭТ-хлопьев;нет;;1;провайдер-18
типы_предприятий;производство арахиса;нет;;1;провайдер-05
типы_предприятий;производство вторичного полиэтилена;нет;;1;провайдер-21
типы_предприятий;производство вторичных гранул;нет;;1;провайдер-23
типы_предприятий;производство горчичного масла;нет;;1;провайдер-08
типы_предприятий;производство гранолы;нет;;1;провайдер-05
типы_предприятий;производство грецкого ореха;нет;;1;провайдер-05
типы_предприятий;производство грильяжа;нет;;1;провайдер-05
типы_предприятий;производство доломита;нет;;1;провайдер-19
типы_предприятий;производство древесной щепы;нет;;1;провайдер-23
типы_предприятий;производство древесных брикетов;нет;;1;провайдер-23
типы_предприятий;производство дроблёнки пластика;нет;;1;провайдер-18
типы_предприятий;производство жареного кофе;нет;;1;провайдер-11
типы_предприятий;производство жареных семян;нет;;1;провайдер-06
типы_предприятий;производство замороженного картофеля;нет;;1;провайдер-10
типы_предприятий;производство замороженных овощей;нет;;1;провайдер-09
типы_предприятий;производство замороженных ягод;нет;;1;провайдер-09
типы_предприятий;производство известняка;нет;;1;провайдер-19
типы_предприятий;производство инженерных пластиков;нет;;1;провайдер-18
типы_предприятий;производство картофельного пюре;нет;;1;провайдер-10
типы_предприятий;производство картофельных снеков;нет;;1;провайдер-10
типы_предприятий;производство кварца;нет;;1;провайдер-19
типы_предприятий;производство кварцевого песка;нет;;1;провайдер-19
типы_предприятий;производство композитных материалов;нет;;1;провайдер-17
типы_предприятий;производство красителей для пластика;нет;;1;провайдер-18
типы_предприятий;производство круп;нет;;1;провайдер-07
типы_предприятий;производство лекарственных трав;нет;;1;провайдер-02
типы_предприятий;производство льняного масла;нет;;1;провайдер-08
типы_предприятий;производство магнезита;нет;;1;провайдер-19
типы_предприятий;производство минеральных удобрений;нет;;1;провайдер-19
типы_предприятий;производство мюсли;нет;;1;провайдер-05
типы_предприятий;производство нуги;нет;;1;провайдер-13
типы_предприятий;производство овощных смесей;нет;;1;провайдер-09
типы_предприятий;производство овощных смесей замороженных;нет;;1;провайдер-10
типы_предприятий;производство орехового масла;нет;;1;провайдер-05
типы_предприятий;производство орехового ядра;нет;;1;провайдер-13
типы_предприятий;производство ореховой крошки;нет;;1;провайдер-11
типы_предприятий;производство ореховой крупки;нет;;1;провайдер-13
типы_предприятий;производство ореховой муки;нет;;1;провайдер-11
типы_предприятий;производство ореховых паст;нет;;1;провайдер-05
типы_предприятий;производство ореховых смесей;нет;;1;провайдер-10
типы_предприятий;производство пеллет;нет;;1;провайдер-23
типы_предприятий;производство пластиковой гранулы;нет;;1;провайдер-18
типы_предприятий;производство пластиковой тары;нет;;1;провайдер-17
типы_предприятий;производство пластмасс;нет;;1;провайдер-18
типы_предприятий;производство подсолнечного масла;нет;;1;провайдер-08
типы_предприятий;производство полимерных композиций;нет;;1;провайдер-18
типы_предприятий;производство полуфабрикатов из картофеля;нет;;1;провайдер-10
типы_предприятий;производство приправ;нет;;1;провайдер-11
типы_предприятий;производство рапсового масла;нет;;1;провайдер-08
типы_предприятий;производство растительных масел;нет;;1;провайдер-08
типы_предприятий;производство регранулята;нет;;1;провайдер-23
типы_предприятий;производство рыбной продукции;нет;;1;провайдер-12
типы_предприятий;производство семян;нет;;1;провайдер-14
типы_предприятий;производство снеков;нет;;1;провайдер-05
типы_предприятий;производство снеков из семян;нет;;1;провайдер-09
типы_предприятий;производство снековой продукции;нет;;1;провайдер-05
типы_предприятий;производство соевого масла;нет;;1;провайдер-08
типы_предприятий;производство специй;нет;;1;провайдер-11
типы_предприятий;производство стекловаты;нет;;1;провайдер-21
типы_предприятий;производство стеклотары;нет;;1;провайдер-21
типы_предприятий;производство стройматериалов;нет;;1;провайдер-20
типы_предприятий;производство суперконцентратов;нет;;1;провайдер-17
типы_предприятий;производство сушеных ягод;нет;;1;провайдер-09
типы_предприятий;производство технической соли;нет;;1;провайдер-19
типы_предприятий;производство технологической щепы;нет;;1;провайдер-23
типы_предприятий;производство топливных гранул;нет;;1;провайдер-23
типы_предприятий;производство флекса ПЭТФ;нет;;1;провайдер-18
типы_предприятий;производство фруктовых соков;нет;;1;провайдер-09
типы_предприятий;производство химических удобрений;нет;;1;провайдер-19
типы_предприятий;производство хлопьев;нет;;1;провайдер-07
типы_предприятий;производство щебня;нет;;1;провайдер-19
типы_предприятий;производство ягодных соков;нет;;1;провайдер-09
типы_предприятий;протравливание семян;нет;;1;провайдер-14
типы_предприятий;пряно-вкусовое производство;нет;;1;провайдер-11
типы_предприятий;птицеперерабатывающий завод;нет;;1;провайдер-12
типы_предприятий;птицефабрика с убойным цехом;нет;;1;сессия-1
типы_предприятий;пункт приёма вторсырья крупный;нет;;1;провайдер-22
типы_предприятий;пункт приёма металлолома;нет;;1;провайдер-24
типы_предприятий;пункт приёма стеклобоя;нет;;1;провайдер-21
типы_предприятий;пшенный цех / просозавод;нет;;1;сессия-1
типы_предприятий;разрез;нет;;1;провайдер-24
типы_предприятий;рапсовый завод;нет;;1;провайдер-15
типы_предприятий;ресурсосберегающий завод;нет;;1;провайдер-22
типы_предприятий;рециклинг древесины;нет;;1;провайдер-23
типы_предприятий;рециклинг пластика завод;нет;;1;провайдер-18
типы_предприятий;рисоперерабатывающий завод;нет;;1;провайдер-04
типы_предприятий;рудник соли;нет;;1;провайдер-19
типы_предприятий;рудник технических солей;нет;;1;провайдер-20
типы_предприятий;рыбная фабрика;нет;;1;провайдер-12
типы_предприятий;рыбный завод;нет;;1;провайдер-12
типы_предприятий;рыбный цех;нет;;1;провайдер-12
типы_предприятий;рыбозавод;нет;;1;провайдер-12
типы_предприятий;рыбообрабатывающий комбинат;нет;;1;провайдер-12
типы_предприятий;рыбоперерабатывающее предприятие;нет;;1;провайдер-12
типы_предприятий;рыбоперерабатывающий завод / рыбокомбинат;нет;;1;сессия-1
типы_предприятий;сахарорафинадный завод;нет;;1;провайдер-03
типы_предприятий;сельхозпредприятие с элеватором;нет;;1;провайдер-04
типы_предприятий;семена льна переработка;нет;;1;провайдер-14
типы_предприятий;семенная фабрика;нет;;1;провайдер-02
типы_предприятий;семенное хозяйство;нет;;1;провайдер-02
типы_предприятий;семенной кластер / семзавод при агрохолдинге;нет;;1;сессия-1
типы_предприятий;семенной центр;нет;;1;провайдер-02
типы_предприятий;семеноводческое хозяйство (элита, ОС, РС);нет;;1;сессия-1
типы_предприятий;семеноводческое хозяйство картофеля;нет;;1;провайдер-10
типы_предприятий;семеноочистительная станция;нет;;1;провайдер-02
типы_предприятий;семеноочистительный завод;нет;;1;провайдер-02
типы_предприятий;семсельхоз;нет;;1;провайдер-02
типы_предприятий;семсовхоз;нет;;1;провайдер-02
типы_предприятий;семстанция / семенная станция;нет;;1;сессия-1
типы_предприятий;смешение полимеров;нет;;1;провайдер-18
типы_предприятий;снековое производство;нет;;1;провайдер-10
типы_предприятий;снековое производство орехов;нет;;1;провайдер-11
типы_предприятий;соевый завод;нет;;1;провайдер-15
типы_предприятий;сокодобывающий завод;нет;;1;провайдер-06
типы_предприятий;сокопроизводитель;нет;;1;провайдер-06
типы_предприятий;сокоэкстракционный завод;нет;;1;провайдер-09
типы_предприятий;солевыварка;нет;;1;провайдер-19
типы_предприятий;солевыварочный завод;нет;;1;провайдер-19
типы_предприятий;солепромысел, соледобывающее предприятие, соляной рудник;нет;;1;сессия-2
типы_предприятий;солерудник;нет;;1;провайдер-20
типы_предприятий;соляная шахта;нет;;1;провайдер-19
типы_предприятий;сортировка вторсырья;нет;;1;провайдер-23
типы_предприятий;сортировка гороха;нет;;1;провайдер-14
типы_предприятий;сортировка каменных материалов;нет;;1;провайдер-19
типы_предприятий;сортировка нута;нет;;1;провайдер-14
типы_предприятий;сортировка орехов;нет;;1;провайдер-13
типы_предприятий;сортировка семян;нет;;1;провайдер-14
типы_предприятий;сортировка чечевицы;нет;;1;провайдер-14
типы_предприятий;сортировочная станция пластика;нет;;1;провайдер-21
типы_предприятий;сортировочный комплекс строительных материалов;нет;;1;провайдер-19
типы_предприятий;спиртзавод;нет;;1;провайдер-03
типы_предприятий;старательская артель (россыпное и рудное золото);нет;;1;сессия-2
типы_предприятий;стеклобой переработка;нет;;1;провайдер-23
типы_предприятий;стеклобойное производство;нет;;1;провайдер-21
типы_предприятий;стеклобойный завод;нет;;1;провайдер-21
типы_предприятий;стекловолоконный завод;нет;;1;провайдер-21
типы_предприятий;стеклоперерабатывающий завод;нет;;1;провайдер-22
типы_предприятий;стекольный завод;нет;;1;провайдер-21
типы_предприятий;сухофруктово-ореховый цех;нет;;1;провайдер-11
типы_предприятий;сушилка фруктов / цех сухофруктов;нет;;1;сессия-1
типы_предприятий;сушильно-сортировальный комплекс;нет;;1;провайдер-15
типы_предприятий;сушильный цех ягод;нет;;1;провайдер-06
типы_предприятий;сушка лекарственного сырья;нет;;1;провайдер-14
типы_предприятий;сушка семян;нет;;1;провайдер-14
типы_предприятий;табачная ферментационная фабрика;нет;;1;сессия-1
типы_предприятий;табачное сырьё;нет;;1;провайдер-14
типы_предприятий;табачное хозяйство;нет;;1;провайдер-02
типы_предприятий;табачный завод;нет;;1;провайдер-14
типы_предприятий;тепличное хозяйство ягоды;нет;;1;провайдер-06
типы_предприятий;тепличный комбинат с переработкой;нет;;1;провайдер-09
типы_предприятий;терминал перевалки зерна;нет;;1;провайдер-08
типы_предприятий;трейдер зерна с элеватором;нет;;1;провайдер-15
типы_предприятий;тукосмесительный завод;нет;;1;провайдер-20
типы_предприятий;угольная обогатительная фабрика;нет;;1;провайдер-24
типы_предприятий;угольная шахта;нет;;1;провайдер-16
типы_предприятий;угольный разрез, шахта, углеобогатительная фабрика (ЦОФ, ОФ, сортировка угля);нет;;1;сессия-2
типы_предприятий;утилизация древесины;нет;;1;провайдер-23
типы_предприятий;участок брикетирования;нет;;1;провайдер-24
типы_предприятий;участок переработки стеклобоя;нет;;1;провайдер-21
типы_предприятий;участок подработки сырья;нет;;1;провайдер-20
типы_предприятий;фабрика обогащения;нет;;1;провайдер-19
типы_предприятий;фабрика овощных смесей;нет;;1;провайдер-06
типы_предприятий;фабрика по заморозке ягод;нет;;1;провайдер-06
типы_предприятий;фабрика по обжарке семян;нет;;1;провайдер-09
типы_предприятий;фабрика по переработке ягод;нет;;1;провайдер-09
типы_предприятий;фабрика по производству круп;нет;;1;провайдер-04
типы_предприятий;фабрика семечки;нет;;1;провайдер-06
типы_предприятий;фабрика сортировки руды;нет;;1;провайдер-16
типы_предприятий;фабрика специй и пряностей;нет;;1;сессия-1
типы_предприятий;фабрика фракционированного кварцевого песка (сушка, рассев);нет;;1;сессия-2
типы_предприятий;фабрика чипсов;нет;;1;провайдер-10
типы_предприятий;фанерный комбинат;нет;;1;провайдер-23
типы_предприятий;фасовка бобовых;нет;;1;провайдер-14
типы_предприятий;фасовка семечек;нет;;1;провайдер-10
типы_предприятий;фасовка специй;нет;;1;провайдер-11
типы_предприятий;фасовка чая;нет;;1;провайдер-11
типы_предприятий;фасовщик круп и бакалеи;нет;;1;сессия-1
типы_предприятий;ферментационный завод табак;нет;;1;провайдер-02
типы_предприятий;ферментация табака;нет;;1;провайдер-14
типы_предприятий;фитофабрика;нет;;1;провайдер-02
типы_предприятий;фиточайное производство / заготовитель лекарственных трав;нет;;1;сессия-1
типы_предприятий;флотационная фабрика;нет;;1;провайдер-24
типы_предприятий;флюоритовый/баритовый/вермикулитовый рудник;нет;;1;сессия-2
типы_предприятий;фракционирование щебня;нет;;1;провайдер-19
типы_предприятий;фруктово-ягодный завод;нет;;1;провайдер-06
типы_предприятий;халвичный и козинаковый цех;нет;;1;сессия-1
типы_предприятий;химзавод гранулированной и кристаллической продукции (сульфаты, карбамид, селитра);нет;;1;сессия-2
типы_предприятий;химический завод;нет;;1;провайдер-20
типы_предприятий;химкомбинат;нет;;1;провайдер-20
типы_предприятий;хлебопекарня;нет;;1;провайдер-12
типы_предприятий;хлебопродукты;нет;;1;провайдер-07
типы_предприятий;хозяйство по выращиванию орехов;нет;;1;провайдер-05
типы_предприятий;хранение и экспорт зерна;нет;;1;провайдер-08
типы_предприятий;центр переработки вторсырья;нет;;1;провайдер-21
типы_предприятий;центр переработки стекла;нет;;1;провайдер-21
типы_предприятий;центр подготовки семян;нет;;1;провайдер-02
типы_предприятий;цех ИКЗ-заморозки ягод и овощей;нет;;1;сессия-1
типы_предприятий;цех брикетирования металлоотходов;нет;;1;провайдер-22
типы_предприятий;цех брикетирования стружки;нет;;1;провайдер-24
типы_предприятий;цех быстрой заморозки овощей;нет;;1;провайдер-09
типы_предприятий;цех грануляции пластика;нет;;1;провайдер-17
типы_предприятий;цех деревопереработки;нет;;1;провайдер-23
типы_предприятий;цех дробления;нет;;1;провайдер-19
типы_предприятий;цех дробления пластика;нет;;1;провайдер-22
типы_предприятий;цех заморозки овощей;нет;;1;провайдер-06
типы_предприятий;цех заморозки овощной продукции;нет;;1;провайдер-10
типы_предприятий;цех калибровки;нет;;1;провайдер-19
типы_предприятий;цех калибровки сыпучих;нет;;1;провайдер-20
типы_предприятий;цех колки кедрового ореха / кедровая заготконтора;нет;;1;сессия-1
типы_предприятий;цех компаундирования вторсырья;нет;;1;провайдер-22
типы_предприятий;цех обжарки семечки;нет;;1;сессия-1
типы_предприятий;цех обжарки семян подсолнечника;нет;;1;провайдер-09
типы_предприятий;цех обработки орехов;нет;;1;провайдер-13
типы_предприятий;цех отжима сока;нет;;1;провайдер-09
типы_предприятий;цех переработки ПВХ;нет;;1;провайдер-22
типы_предприятий;цех переработки ПЭТ;нет;;1;провайдер-17
типы_предприятий;цех переработки картофеля;нет;;1;провайдер-10
типы_предприятий;цех переработки металлической стружки;нет;;1;провайдер-22
типы_предприятий;цех переработки стекла;нет;;1;провайдер-21
типы_предприятий;цех переработки табака;нет;;1;провайдер-02
типы_предприятий;цех переработки трав;нет;;1;провайдер-14
типы_предприятий;цех по переработке зерна;нет;;1;провайдер-04
типы_предприятий;цех по производству круп;нет;;1;провайдер-07
типы_предприятий;цех подготовки семян;нет;;1;провайдер-02
типы_предприятий;цех подработки орехов;нет;;1;провайдер-05
типы_предприятий;цех регранулята;нет;;1;провайдер-17
типы_предприятий;цех снеков;нет;;1;провайдер-06
типы_предприятий;цех сортировки ПЭТ-бутылок;нет;;1;провайдер-17
типы_предприятий;цех сушки фруктов;нет;;1;провайдер-09
типы_предприятий;цех сушки ягод;нет;;1;провайдер-09
типы_предприятий;цех упаковки сухофруктов;нет;;1;провайдер-10
типы_предприятий;цех утилизации стружки;нет;;1;провайдер-24
типы_предприятий;цех фасовки орехов;нет;;1;провайдер-13
типы_предприятий;цех фасовки химсырья;нет;;1;провайдер-20
типы_предприятий;цех шредерной переработки;нет;;1;провайдер-22
типы_предприятий;цех экструзии полимеров;нет;;1;провайдер-17
типы_предприятий;чипсовое производство;нет;;1;провайдер-10
типы_предприятий;чипсовый и снековый завод;нет;;1;сессия-1
типы_предприятий;шлакопереработка (металлургические шлаки, извлечение металла);нет;;1;сессия-2
типы_предприятий;шредерная установка;нет;;1;провайдер-23
типы_предприятий;шредерный завод / переработчик автолома (лёгкая и тяжёлая фракции);нет;;1;сессия-2
типы_предприятий;щебеночный карьер;нет;;1;провайдер-20
типы_предприятий;экоцентр переработки;нет;;1;провайдер-22
типы_предприятий;экспорт орехов переработка;нет;;1;провайдер-05
типы_предприятий;экспортер жмыха;нет;;1;провайдер-08
типы_предприятий;экспортер шрота;нет;;1;провайдер-08
типы_предприятий;экспортёр гороха;нет;;1;провайдер-01
типы_предприятий;экспортёр гречихи;нет;;1;провайдер-01
типы_предприятий;экспортёр зерна и масличных (трейдер с активами);нет;;1;сессия-1
типы_предприятий;экспортёр кормов;нет;;1;провайдер-01
типы_предприятий;экспортёр крупы;нет;;1;провайдер-01
типы_предприятий;экспортёр кукурузы;нет;;1;провайдер-01
типы_предприятий;экспортёр льна;нет;;1;провайдер-01
типы_предприятий;экспортёр муки;нет;;1;провайдер-01
типы_предприятий;экспортёр нута;нет;;1;провайдер-01
типы_предприятий;экспортёр овса;нет;;1;провайдер-01
типы_предприятий;экспортёр подсолнечника;нет;;1;провайдер-01
типы_предприятий;экспортёр пшеницы;нет;;1;провайдер-01
типы_предприятий;экспортёр рапса;нет;;1;провайдер-01
типы_предприятий;экспортёр сои;нет;;1;провайдер-01
типы_предприятий;экспортёр чечевицы;нет;;1;провайдер-01
типы_предприятий;экспортёр ячменя;нет;;1;провайдер-01
типы_предприятий;экстракционный завод;нет;;1;провайдер-08
типы_предприятий;экструзия полимеров;нет;;1;провайдер-18
типы_предприятий;элеватор с маслоцехом;нет;;1;провайдер-08
типы_предприятий;элеватор с экспортом;нет;;1;провайдер-08
типы_предприятий;элеваторный комбинат;нет;;1;провайдер-07
типы_предприятий;элитно-семеноводческое хозяйство;нет;;1;провайдер-02
типы_предприятий;элитное семеноводство;нет;;1;провайдер-14
типы_предприятий;элитхоз;нет;;1;провайдер-02
типы_предприятий;ягодная ферма;нет;;1;провайдер-06
упущенное;Авиаремонтные и судоремонтные заводы — цветные металлы (алюминий, титан, медные сплавы), высокая стоимость сырья делает переработку стружки обязательной;нет;;1;провайдер-24
упущенное;Авито и Пульс цен — малые переработчики флекса и дроблёнки торгуют там, своих сайтов у них нет;нет;;1;сессия-2
упущенное;Агрокомбинаты и крупные КСУП с собственными комбикормовыми цехами и семенными линиями;нет;;1;сессия-4
упущенное;Агрохолдинги с полным циклом (от выращивания до переработки) — часто имеют собственные элеваторы и цеха первичной переработки, инвестируют в современное оборудование;нет;;1;провайдер-07
упущенное;Агрохолдинги с полным циклом (поле-переработка) — интегрированные предприятия, собственные линии сортировки;нет;;1;провайдер-06
упущенное;Агрохолдинги с полным циклом — семена, выращивание, хранение, переработка, часто в составе несколько заводов;нет;;1;провайдер-25
упущенное;Агрохолдинги с собственной переработкой — крупные интегрированные структуры, которые и выращивают, и перерабатывают бобовые/семена;нет;;1;провайдер-14
упущенное;Агрохолдинги с собственными цехами переработки — часто упускаются в поиске, но имеют крупные объемы переработки зерна, овощей;нет;;1;провайдер-03
упущенное;Аккредитованные экспортёры в Китай (реестр Россельхознадзора по нуту, льну, рапсу, гречке) — прямой список целевых компаний с требованием чистоты по карантинным объектам (амброзия, повилика) — повод для фотосепаратора;нет;;1;сессия-1
упущенное;Б/у рынок: объявления «продам фотосепаратор» — продавец сам переработчик и, вероятно, обновляет парк.;нет;;1;сессия-3
упущенное;Бетонные и асфальтобетонные заводы (РБУ, АБЗ) — крупные потребители щебня и песка различных фракций, нуждаются в входном контроле и сортировке заполнителей;нет;;1;провайдер-19
упущенное;Биофармацевтические предприятия и производители БАД — закупают лекарственное растительное сырьё, высокие требования к чистоте;нет;;1;провайдер-14
упущенное;Биоэнергетика и ТЭЦ на биотопливе — сжигают щепу, пеллеты, древесные отходы, нужен контроль на посторонние включения;нет;;1;провайдер-23
упущенное;Брошюры региональных центров «Мой экспорт» с каталогами экспортёров по отраслям.;нет;;1;сессия-3
упущенное;Вагоноремонтные и локомотиворемонтные заводы (ВРМЗ, ЛВРЗ) — много металлообработки, стружка чёрных и цветных металлов;нет;;1;провайдер-24
упущенное;Владельцы ФГИС 'Зерно' с ролью 'элеватор/хранитель' — публичный реестр даёт почти полный список ХПП/элеваторов с ИНН, лучше любой поисковой выдачи;нет;;1;сессия-1
упущенное;Вторичка: переработчики алюминиевой банки, PET-флекс, PP/PE-дробленка, стеклобой, электронный лом, стружка цветных металлов — вход через лицензии на отходы.;нет;;1;сессия-3
упущенное;ДСП/ОСП-заводы на вторичной древесине и пеллетные производства — удаление металла, пластика и камня из щепы;нет;;1;сессия-2
упущенное;Добыча и переработка флюорита, полевого шпата — используются в металлургии и стекольной промышленности, нужна чистота;нет;;1;провайдер-16
упущенное;Железнодорожный балласт производители — специфичный щебень с жёсткими требованиями к фракции и чистоте, крупные объёмы;нет;;1;провайдер-20
упущенное;Завод композитных материалов — стекловолокно как сырьё, нужна калибровка и контроль качества;нет;;1;провайдер-21
упущенное;Заводы детского питания (подотрасль 10.86) — используют ягодное и овощное сырьё, жёсткие требования к чистоте;нет;;1;провайдер-06
упущенное;Заводы детского питания с овощными/картофельными линиями — самые строгие требования к контролю посторонних включений;нет;;1;провайдер-10
упущенное;Заводы огнеупоров и абразивов — используют кварц, магнезит, доломит, высокие требования к чистоте сырья;нет;;1;провайдер-20
упущенное;Заводы по переработке кедрового ореха, грецкого ореха, фундука на экспорт — орехи часто идут на экспорт, требуют глубокой очистки, калибровки, рентген-контроля;нет;;1;провайдер-08
упущенное;Заводы по переработке льна и конопли — очистка, калибровка семян, удаление сора и битых;нет;;1;провайдер-04
упущенное;Заводы по переработке строительных отходов (бой бетона, кирпича, асфальта) — дробление в щебень/песок, сортировка от арматуры и металлических включений, калибровка фракций для повторного использования;нет;;1;провайдер-22
упущенное;Заводы по производству геосинтетики и технических тканей — используют полимерное сырьё;нет;;1;провайдер-17
упущенное;Заводы по производству детского питания и каш быстрого приготовления — часто имеют собственные линии подработки и сортировки круп перед расфасовкой, используют рентген-инспекцию для контроля;нет;;1;провайдер-07
упущенное;Заводы по производству искусственного камня/столешниц — используют стеклянную крошку как наполнитель, нужна калибровка;нет;;1;провайдер-21
упущенное;Заводы по производству кабельной продукции — при переработке отходов кабеля получают медную и алюминиевую крошку/дроблёнку, которую сортируют от изоляции;нет;;1;провайдер-22
упущенное;Заводы по производству пластиковой тары (бутылки, канистры, вёдра, крышки) — работают с большими объёмами гранулы ПЭТ, HDPE, PP, нужна входная инспекция сырья;нет;;1;провайдер-18
упущенное;Заводы по производству пластиковых окон и профиля ПВХ — работают с ПВХ-компаундом, нужна сортировка/инспекция перед экструзией профиля;нет;;1;провайдер-18
упущенное;Заводы по производству протеиновых концентратов и изолятов — из гороха, сои, требуют идеальную очистку сырья;нет;;1;провайдер-25
упущенное;Заводы по производству синтетических волокон и нитей (полиэфирное волокно, полипропиленовая нить) — экструзия волокна из расплава полимера, входной контроль гранулы;нет;;1;провайдер-18
упущенное;Заводы по производству строительных смесей и композитов — используют дроблёные фракции вторсырья (резина, пластик, стекло) как наполнители, нуждаются в калибровке и сортировке фракций;нет;;1;провайдер-22
упущенное;Заводы по производству труб ПНД/ПВХ — крупные потребители гранулы, могут перерабатывать отходы;нет;;1;провайдер-17
упущенное;Заводы стройматериалов (ПВХ-профили, сайдинг, панели, трубы) — большой поток собственных отходов и возвратов, переработка в гранулы, контроль качества вторсырья;нет;;1;провайдер-22
упущенное;"Заготконторы дикоросов (Сибирь, Дальний Восток, Карелия, ХМАО) — кедровый орех, клюква, брусника, черника, шиповник: сырьё лесное с мусором, хвоей, камнем и недозрелым плодом, чистка вручную; в ОКВЭД часто 02.30 (сбор дикорастущих), а не раздел 10 — фильтр по 10.xx их теряет";нет;;1;сессия-1
упущенное;Заготконторы и пункты приема семян (райпотребсоюз, сельхозкооперация) — первичная подработка и сепарация закупленных семян;нет;;1;провайдер-02
упущенное;Заготовительные организации — скупают орехи у населения, требуется первичная переработка и сортировка;нет;;1;провайдер-11
упущенное;Заготовительные пункты и приёмные станции ягод — первичная подработка, где происходит калибровка и очистка;нет;;1;провайдер-06
упущенное;Залоги движимого имущества (reestr-zalogov.ru): поиск по «фотосепаратор» как предмету залога даёт владельцев.;нет;;1;сессия-3
упущенное;Зернотрейдеры и экспортеры бобовых (нут, чечевица, горох) — часто имеют собственные линии подработки и калибровки для экспортных партий, работают с большими объемами сырья;нет;;1;провайдер-02
упущенное;Икорные заводы и производство икры — высокомаржинальный продукт с жесткими требованиями к качеству;нет;;1;провайдер-12
упущенное;Калийная отрасль (Беларуськалий, Славкалий) и Мозырьсоль — рентгеновская/оптическая сортировка руды и соли;нет;;1;сессия-4
упущенное;Картофель и овощи: картофель фри и чипсы (оптическая сортировка резки), овощи свежемороженые — запросы «свежемороженые овощи производитель {регион}».;нет;да;1;сессия-3
упущенное;Комбикормовые заводы и предприятия, использующие жмыхи и шроты — они принимают продукцию маслозаводов и часто сами ведут входной контроль сырья с сепарацией и инспекцией;нет;;1;провайдер-08
упущенное;Комбикормовые заводы — закупают и обрабатывают бобовые (горох, люпин) как компонент комбикормов, есть участки очистки;нет;;1;провайдер-14
упущенное;Комбикормовые заводы — используют зерно и крупяные отходы, сортируют сырьё, отсеивают примеси и посторонние включения;нет;;1;провайдер-07
упущенное;Комбикормовые заводы — многие имеют собственные элеваторы, зерноочистку и калибровку сырья (кукуруза, пшеница, ячмень, овёс), работают с сыпучими компонентами;нет;;1;провайдер-04
упущенное;Комбикормовые заводы — очистка и калибровка зернового и бобового сырья, часто при птицефабриках или агрохолдингах;нет;;1;провайдер-25
упущенное;Комбикормовые заводы, использующие горох, бобовые и семена льна — входной контроль и очистка сырья перед помолом;нет;;1;провайдер-02
упущенное;Кондитерка и снеки: «орехи в шоколаде», «ореховые пасты», «гранола» — производитель закупает сортированное сырьё или ставит рентген на выходе.;нет;;1;сессия-3
упущенное;Кондитерские фабрики с ореховыми цехами — шоколад с орехами, конфеты, халва требуют переработки и сортировки орехового сырья;нет;;1;провайдер-11
упущенное;Кондитерские фабрики с ягодной/фруктовой начинкой — потребители сырья, могут иметь участки подработки;нет;;1;провайдер-06
упущенное;Конкурсы «Лучший экспортёр», «100 лучших товаров России» — списки производителей с подтверждённым качеством.;нет;;1;сессия-3
упущенное;Конференции поставщиков (вебинары «оптическая сортировка в зернопереработке») — списки участников и спикеров от заводов.;нет;;1;сессия-3
упущенное;Коптильные цеха и рыбокоптильни — могут существовать отдельно от основной переработки;нет;;1;провайдер-12
упущенное;Кофейное производство с обжаркой — смежная технология, часто идёт рядом с обжаркой орехов, используют схожее оборудование для инспекции зёрен;нет;;1;провайдер-13
упущенное;Крахмалопаточные/крахмало-паточные заводы с картофельной линией — перерабатывают огромные объёмы картофеля, нуждаются в сортировке сырья;нет;;1;провайдер-10
упущенное;Крупяные заводы (гречка, пшено, перловка) — технологически близки к переработке бобовых, используют сортировку и калибровку;нет;;1;провайдер-14
упущенное;Крупяные заводы, работающие с горохом — шелушение и калибровка гороха для производства крупы;нет;;1;провайдер-02
упущенное;Крупяные и зернопереработывающие заводы, экспортирующие продукцию (гречневая, рисовая, овсяная крупа на экспорт) — экспортные требования заставляют внедрять оптическую сортировку и рентген;нет;;1;провайдер-08
упущенное;Лаборатории и испытательные центры — при Россельхозцентре, ВНИИЗР, могут закупать оборудование для анализа семян;нет;;1;провайдер-25
упущенное;Лесохимия (канифоль, скипидар, экстракты) — перерабатывают щепу и отходы хвойных пород, входной контроль сырья критичен;нет;;1;провайдер-23
упущенное;Лесхозы Минлесхоза — топливная/технологическая щепа;нет;;1;сессия-4
упущенное;Лизинг: сайты лизинговых компаний и Росагролизинга с кейсами «передали фотосепаратор» — названия получателей.;нет;;1;сессия-3
упущенное;Линии по производству цукатов — пересечение с сухофруктами, но отдельная технология, требует калибровки;нет;;1;провайдер-10
упущенное;Литейные заводы и литейные цеха — используют формовочный песок (кварцевый, кварцево-глинистые смеси), требуется калибровка и очистка от посторонних включений;нет;;1;провайдер-19
упущенное;Литейные и машиностроительные заводы — источник металлолома, стружки, отходов металлообработки, используют сортировку и очистку шихты, металлоотходов;нет;;1;провайдер-22
упущенное;Литейные цеха и заводы — стружка и отходы при механической обработке отливок, брикетирование для возврата в шихту;нет;;1;провайдер-24
упущенное;Льнозаводы (~20+ в БР) — очистка и калибровка льносемян, профильная ниша Беларуси;нет;;1;сессия-4
упущенное;Льнозаводы и льнокомбинаты — перерабатывают семена льна для экспорта, производят льняное масло и жмых;нет;;1;провайдер-01
упущенное;Маркетплейсы B2B-сырья (agroserver, zerno.ru, grain-trade): объявления с параметрами «сорность 0,1%», «фотосепарированный».;нет;;1;сессия-3
упущенное;Маслобойные заводы (переработка масличных: подсолнечник, рапс, лён) — часто имеют линии очистки и калибровки семян перед отжимом, большой объём сырья;нет;;1;провайдер-14
упущенное;Масложировые производства — отжим кедрового, орехового масла, арахисового масла требует подготовки сырья;нет;;1;провайдер-11
упущенное;Маслоэкстракционные заводы и семенные базы — подготовка семян подсолнечника, рапса перед отжимом, нужна очистка от примесей;нет;;1;провайдер-09
упущенное;Маслоэкстракционные заводы с льном — перерабатывают льносемена на масло, имеют участок входного контроля и очистки сырья;нет;;1;провайдер-02
упущенное;"Маслоэкстракционные заводы — подсолнечник, рапс, лён, соя; калибровка, очистка, сортировка масличных культур по размеру и цвету";нет;;1;провайдер-04
упущенное;Маслоэкстракционные и масложировые комбинаты — очистка семян подсолнечника, рапса, сои от примесей;нет;;1;провайдер-03
упущенное;Машиностроительные заводы — крупные предприятия тяжёлого машиностроения генерируют огромные объёмы стружки при токарной, фрезерной обработке;нет;;1;провайдер-24
упущенное;Мелькомбинаты с экспортом муки — смежный сегмент, но часто перерабатывают масличные побочно или имеют диверсифицированное производство с маслоцехом;нет;;1;провайдер-08
упущенное;Металлургические комбинаты и заводы — у них есть цеха по переработке собственной стружки и отходов металлообработки, часто брикетируют для возврата в плавку;нет;;1;провайдер-24
упущенное;Мониторинг через Яндекс.Вордстат: спрос «фотосепаратор для {продукт}» по регионам даёт приоритет регионов для поиска лидов.;нет;;1;сессия-3
упущенное;Мукомольные комбинаты-экспортёры — крупнейшие мельницы экспортируют муку, сортируют зерно перед помолом;нет;;1;провайдер-01
упущенное;Непищевые ниши: кварц для стекла и солнечной энергетики, известняк для металлургии, тальк, полевой шпат, барит, флюорит, гравий декоративный, крошка мраморная.;нет;;1;сессия-3
упущенное;Никелевые и медные ГОК — отдельный крупный сегмент обогащения руд цветных металлов (Норильск, Урал, Кольский полуостров);нет;;1;провайдер-24
упущенное;Нишевые продукты с обязательной сортировкой: кедровый орех, тыквенная семечка, кунжут, чиа, киноа, гречка-зелёная, фасоль, рис, кофе-обжарщики, чай, перец, сушёные грибы.;нет;;1;сессия-3
упущенное;Новый реестр производителей кормов Минсельхозпрода 2026 — готовый список комбикормщиков;нет;;1;сессия-4
упущенное;Отзывы продукции (Роскачество, Роспотребнадзор): «обнаружены посторонние включения» + производитель — тёплые лиды под рентген.;нет;;1;сессия-3
упущенное;Отраслевые СМИ: Агроинвестор, Зерно Online, Крестьянские ведомости, Твердые бытовые отходы, Пластикс, Недропользование — рубрики новых проектов.;нет;;1;сессия-3
упущенное;Отчёты эмитентов и годовые отчёты (e-disclosure.ru) с разделом «инвестиционная программа» и закупкой сортировочного оборудования.;нет;;1;сессия-3
упущенное;"Пасеки с переработкой перги и пыльцы — перга после выделения из сот содержит воск, личинок, сор; оптическая сортировка гранул — реальный, почти не занятый конкурентами кейс";нет;;1;сессия-1
упущенное;Пекарни и хлебозаводы с ореховыми добавками — используют орехи в хлебобулочных изделиях, требуется сортировка сырья;нет;;1;провайдер-13
упущенное;Переработка автомобильного пластика (бамперы, панели) — смешанные полимеры, требуется идентификация и разделение;нет;;1;провайдер-21
упущенное;Переработка автомобильных аккумуляторов — свинцовая крошка, пластик корпусов, нужна сортировка опасных материалов;нет;;1;провайдер-21
упущенное;Переработка автомобильных компонентов (без шин) — пластик, металл, стекло из машин — многофракционное вторсырьё;нет;;1;провайдер-23
упущенное;Переработка бобовых (горох, нут, чечевица, фасоль) — отдельные заводы и цеха, сортировка по цвету и размеру критична;нет;;1;провайдер-04
упущенное;Переработка и фасовка сухофруктов — смежная отрасль, те же задачи (сортировка по цвету, форме, дефектам), часто идёт в паре с орехами;нет;;1;провайдер-13
упущенное;Переработка кабельной продукции — дроблёнка медь/алюминий/изоляция, требует разделения металлов от пластика;нет;;1;провайдер-21
упущенное;Переработка каштанов — нишевое, но присутствует в некоторых регионах (Краснодарский край, Кавказ), схожие задачи калибровки и очистки;нет;;1;провайдер-13
упущенное;Переработка кукурузы (кукурузная крупа, хлопья, мука) — крупные заводы, калибровка и очистка зерна, удаление битых и повреждённых;нет;;1;провайдер-04
упущенное;Переработка отходов ЛПК (лакокрасочных производств) — загрязнённое вторсырьё, нужна очистка и контроль включений;нет;;1;провайдер-21
упущенное;Переработка резиновой крошки (не шины, а уже подготовленная крошка для покрытий) — фракционная сортировка, очистка от металлических включений;нет;;1;провайдер-21
упущенное;Переработка строительных и промышленных отходов (рециклинг бетона, асфальта, кирпича) — сортировка по фракциям, удаление металла и мусора;нет;;1;провайдер-16
упущенное;Переработка строительных отходов (бетонная/кирпичная крошка, дроблёный бетон) — крупный поток сыпучего материала, требующий очистки от арматуры и сортировки по фракциям;нет;;1;провайдер-21
упущенное;Переработка строительных отходов — бетон, кирпич, асфальт дробят и сортируют, близко к вторсырью;нет;;1;провайдер-23
упущенное;Переработка субпродуктов и технических жиров — побочные продукты мясопереработки, часто на отдельных цехах;нет;;1;провайдер-12
упущенное;Переработка техногенных отвалов и хвостохранилищ — растущий сегмент, где сортируют старые отходы обогащения, извлекая ценные компоненты;нет;;1;провайдер-16
упущенное;Переработка электронного лома (WEEE, e-waste) — дробление, сортировка пластика/металла/плат, высокая добавленная стоимость;нет;;1;провайдер-23
упущенное;Переработка электронного лома (e-waste) — многокомпонентные дроблёные фракции (металл, пластик, керамика), нужна точная сортировка по материалам;нет;;1;провайдер-21
упущенное;Переработчики бобовых (горох, чечевица, нут, фасоль) — калибровка по размеру и цвету, удаление колотых и обесцвеченных зёрен для экспорта и фасовки;нет;;1;провайдер-15
упущенное;Переработчики дикоросов (кедровый орех, лещина) — заготконторы и промкооперация, часто со старым оборудованием;нет;;1;провайдер-05
упущенное;Переработчики картофеля (чипсы, картофель фри, хлопья) — нужна инспекция на камни, комки земли, дефекты;нет;;1;провайдер-09
упущенное;Переработчики льна (льнозаводы, производители льняного масла и жмыха) — сортируют семена льна, контролируют примеси;нет;;1;провайдер-15
упущенное;Переработчики морепродуктов и икры — рентген-инспекция на инородные включения, камни, ракушки;нет;;1;провайдер-25
упущенное;Переработчики орехов и сухофруктов — технологически схожее оборудование (калибровка, оптическая сортировка), могут работать и с бобовыми;нет;;1;провайдер-14
упущенное;Переработчики отходов горнодобычи (хвосты обогащения) — растущий сегмент повторного использования отходов, где нужна сортировка остаточного ценного сырья;нет;;1;провайдер-20
упущенное;Переработчики технических культур — лён, конопля, рапс на биодизель, требуют очистку от примесей;нет;;1;провайдер-25
упущенное;Пивоваренные заводы с собственными линиями приёмки зерна — контролируют качество ячменя, отсеивают дефектные зёрна;нет;;1;провайдер-15
упущенное;Пивоваренные заводы — используют ячмень, перерабатывают зерно, имеют линии очистки и калибровки солода;нет;;1;провайдер-07
упущенное;Получатели субсидий и грантов МСХ РФ на техперевооружение — госпрограммы поддержки АПК, списки на сайте Минсельхоза;нет;;1;провайдер-25
упущенное;Портовые перевалочные терминалы — крупнейшие потоки экспортного зерна, часто со своими линиями подработки и сортировки (Новороссийск, Азов, Тамань, Туапсе, Калининград, Усть-Луга);нет;;1;провайдер-15
упущенное;Портовые элеваторы и перевалочные комплексы — Новороссийск, Азов, Ростов, Калининград, Владивосток — обрабатывают огромные объёмы экспортного зерна;нет;;1;провайдер-01
упущенное;Предприятия автомобильной промышленности и автокомпонентов — генерируют огромные объёмы металлической стружки (чугун, сталь, алюминий, медь) при механообработке, часто брикетируют и продают, нуждаются в контроле чистоты и сортировке стружки;нет;;1;провайдер-22
упущенное;Предприятия глубокой переработки зерна (крахмал, сиропы, биоэтанол) — используют кукурузу, пшеницу, рис, имеют входной контроль и сортировку сырья;нет;;1;провайдер-07
упущенное;Предприятия глубокой переработки зерна (производство крахмала, глютена, патоки) — используют кукурузу, пшеницу и часто сопутствующие масличные, нужна инспекция сырья;нет;;1;провайдер-08
упущенное;Предприятия деревообработки и мебельные производства — часто перерабатывают древесные отходы (опилки, щепа, стружка) в топливные брикеты или пеллеты, сортируют от металлических включений (гвозди, скобы, шурупы);нет;;1;провайдер-22
упущенное;Предприятия по глубокой переработке орехов (миндаль, кешью, фундук) — обжарка, калибровка, контроль скорлупы;нет;;1;провайдер-10
упущенное;Предприятия по добыче и переработке графита — сыпучий материал, требует сортировки по фракциям и очистки от примесей, часто используется рентген;нет;;1;провайдер-16
упущенное;Предприятия по добыче и переработке талька, барита, бентонита — промышленные минералы с требованиями к чистоте;нет;;1;провайдер-16
упущенное;Предприятия по переработке аккумуляторов — извлечение свинца, пластика корпусов, сортировка компонентов, дробление и очистка;нет;;1;провайдер-22
упущенное;Предприятия по переработке рыбы и морепродуктов — часто имеют линии калибровки, очистки от инородных включений (камни, ракушки, металл);нет;;1;провайдер-03
упущенное;Предприятия по переработке шлаков металлургических — извлечение металлов из шлаков, часто есть дробление и сортировка;нет;;1;провайдер-24
упущенное;Предприятия по переработке электронного лома (WEEE) — извлечение цветных металлов, драгметаллов, сортировка компонентов часто требует рентген-инспекции;нет;;1;провайдер-24
упущенное;Предприятия по производству абразивных материалов (корунд, гранат, электрокорунд) — нужна точная сортировка по фракциям и чистоте;нет;;1;провайдер-16
упущенное;Предприятия по производству биодизеля и биотоплива из масличных — они закупают или перерабатывают те же культуры (рапс, сою, подсолнечник), используют рентген и оптическую сортировку для контроля сырья;нет;;1;провайдер-08
упущенное;Предприятия по производству замороженных смесей и полуфабрикатов — могут использовать крупы (рис, перловка) в составе продукции, контролируют качество сырья;нет;;1;провайдер-07
упущенное;Предприятия по производству пищевого и технического белка из сои, гороха, люпина — высокотехнологичные производства с жёсткими требованиями к чистоте сырья;нет;;1;провайдер-08
упущенное;Предприятия по производству пластиковой тары, упаковки, плёнки — собственные технологические отходы (облой, брак, обрезки) перерабатывают в дроблёнку/гранулы, нуждаются в очистке от металла, примесей;нет;;1;провайдер-22
упущенное;Предприятия по производству растительного молока (миндальное, кешью, ореховое) — нужна очистка и сортировка сырья;нет;;1;провайдер-05
упущенное;Предприятия строительной химии (полимербетон, наливные полы) — используют вторичные полимеры;нет;;1;провайдер-17
упущенное;Предприятия термопластавтоматов и литья — крупные потребители гранулята, часто перерабатывают литники и брак внутри;нет;;1;провайдер-17
упущенное;Предприятия экструзии профиля — работают с гранулой, перерабатывают брак;нет;;1;провайдер-17
упущенное;Производители абразивных материалов — используют кварцевый песок, гранатовый песок, магнезит для изготовления шлифовальных и полировочных материалов, требуют оптическую сортировку для удаления примесей;нет;;1;провайдер-19
упущенное;Производители автокомпонентов из пластика (бамперы, панели, детали салона) — работают с инженерными пластиками и компаундами, высокие требования к качеству входного сырья;нет;;1;провайдер-18
упущенное;Производители автокомпонентов из пластика — крупные потребители компаундов, переработка производственных отходов;нет;;1;провайдер-17
упущенное;Производители бобовых культур (горох, чечевица, нут, фасоль) — калибровка и цветоделение критичны для удаления дефектных зёрен;нет;;1;провайдер-09
упущенное;Производители быстрозамороженной продукции (IQF) — отдельный технологический сегмент с высокими требованиями к сортировке;нет;;1;провайдер-06
упущенное;Производители восточных сладостей (пахлава, нуга, рахат-лукум с орехами) — малые и средние цеха, орехи критичны для качества;нет;;1;провайдер-05
упущенное;Производители геосинтетических материалов (геотекстиль, георешётка, геомембраны) — перерабатывают полимеры, часто вторичные, нужна очистка;нет;;1;провайдер-18
упущенное;Производители голосемянной тыквенной семечки (Алтай, Оренбург, Саратов) и кондитерской семечки 'на калибр' — экспортный продукт, где цвет/битость решает цену, сортировщики подсолнечной семечки ищут именно 'калибровка семечки', а не 'фотосепаратор';нет;;1;сессия-1
упущенное;Производители готовых завтраков и мюсли — закупают крупы и хлопья, нуждаются в дополнительной сортировке и контроле качества сырья;нет;;1;провайдер-07
упущенное;Производители готовых завтраков и снеков (экструдированные крупы) — калибруют и сортируют исходное зерно, часто экспортируют готовую продукцию;нет;;1;провайдер-01
упущенное;Производители готовых завтраков и хлопьев — требуют калибровку и сортировку зерна, орехов, сухофруктов;нет;;1;провайдер-03
упущенное;Производители грибов (сушка, заморозка шампиньонов, вешенки, дикорастущих) — калибровка по размеру, контроль качества;нет;;1;провайдер-09
упущенное;Производители детского и диетического питания на основе бобовых — строгий контроль качества сырья, рентген-инспекция;нет;;1;провайдер-14
упущенное;Производители детского и диетического питания на основе овощей и фруктов — высокие требования к чистоте сырья, рентген-контроль обязателен;нет;;1;провайдер-09
упущенное;Производители детского питания — строгий контроль качества, сортировка овощей, фруктов, круп, проверка на металл и посторонние включения;нет;;1;провайдер-03
упущенное;Производители древесного угля и углевыжигательные печи — тоже работают с древесным сырьём и щепой, есть входной контроль;нет;;1;провайдер-23
упущенное;Производители древесных пеллет и брикетов — сепарация щепы, коры, удаление камней и металла перед гранулированием;нет;;1;провайдер-25
упущенное;Производители жидких удобрений и КАС (карбамидно-аммиачная смесь) — смежный с гранулированными, но используют кристаллическое сырьё на входе;нет;;1;провайдер-20
упущенное;Производители замороженных продуктов (овощные смеси, полуфабрикаты, пельмени) — сортировка овощей по размеру и цвету, контроль качества;нет;;1;провайдер-03
упущенное;Производители изделий из пластика (литьё под давлением, экструзия труб, профиля, плёнки) — у них есть входной поток гранулы, который нужно контролировать на загрязнения и брак перед подачей в экструдер или термопласт-автомат;нет;;1;провайдер-18
упущенное;Производители кабельной изоляции и проводов — используют ПВХ и полиэтиленовые компаунды, критична чистота сырья для электробезопасности;нет;;1;провайдер-18
упущенное;Производители керамики и керамогранита — потребители кварцевого песка, полевого шпата, каолина, требуется очистка минерального сырья от железосодержащих примесей;нет;;1;провайдер-19
упущенное;Производители керамических масс и керамзита — используют глину, но часто добавляют кварц, доломит, нуждаются в очистке минеральных добавок;нет;;1;провайдер-20
упущенное;Производители кондитерских полуфабрикатов (начинки, топпинги, крошки) — переработка орехов на промежуточный продукт для других кондитеров;нет;;1;провайдер-13
упущенное;"Производители кормов для декоративных птиц и грызунов (зерносмеси) — сырьё просо, канареечник, семечка: рентген и цветосорт нужны против камней, спорыньи и стекла; обычно сидят в 10.92, мелкие, не воспринимаются как 'пищевые'";нет;;1;сессия-1
упущенное;Производители кормов для домашних животных (pet food) — строгий контроль качества, сортировка ингредиентов;нет;;1;провайдер-03
упущенное;Производители кормов для животных из растительного сырья — сортировка зерна, удаление посторонних включений, камней;нет;;1;провайдер-09
упущенное;Производители кормовых добавок и премиксов — используют соль, минеральные добавки в гранулированном виде, требуется контроль посторонних включений;нет;;1;провайдер-19
упущенное;Производители круп (гречка, рис, пшено, перловка) — оптическая сортировка по цвету и форме, удаление камней и примесей;нет;;1;провайдер-09
упущенное;Производители круп в варочных пакетиках — отдельный сегмент премиум-фасовки, жесткие требования к однородности и отсутствию примесей;нет;;1;провайдер-07
упущенное;Производители лущёного гороха и фасоли — шелушат, калибруют, экспортируют колотый горох, чечевицу;нет;;1;провайдер-01
упущенное;Производители мюсли, батончиков, здорового питания — активно используют орехи и сухофрукты, требуют контроль качества на посторонние включения;нет;;1;провайдер-13
упущенное;Производители огнеупоров — используют магнезит, доломит, кварц для изготовления огнеупорных изделий, нуждаются в сортировке по цвету и форме, удалении включений;нет;;1;провайдер-19
упущенное;Производители органических и экологически чистых масел (сертифицированные Bio, органик) — особо высокие требования к отсутствию примесей, камней, металла, нестандартных семян;нет;;1;провайдер-08
упущенное;Производители орехов и ореховых смесей (обжарка кешью, фундука, арахиса) — используют те же технологии сортировки и очистки, что и семечки;нет;;1;провайдер-09
упущенное;Производители ореховой пасты и урбеча — переработка сырых орехов, нужна качественная очистка;нет;;1;провайдер-11
упущенное;Производители ореховых и семечковых масел холодного отжима — часто имеют линии подработки и калибровки ядра перед прессованием;нет;;1;провайдер-05
упущенное;Производители ореховых смесей и миксов с сухофруктами — смежная продукция, аналогичные процессы сортировки;нет;;1;провайдер-06
упущенное;Производители пищевых добавок и БАД — ореховые экстракты, порошки требуют качественного сырья;нет;;1;провайдер-11
упущенное;Производители пищевых ингредиентов из бобовых (гороховая мука, нутовая мука, белковые изоляты) — высокие требования к чистоте сырья;нет;;1;провайдер-14
упущенное;Производители плёнки и упаковки — используют регранулят, имеют отходы производства для рециклинга;нет;;1;провайдер-17
упущенное;Производители полимерпесчаных изделий — используют вторсырьё, часто имеют линию подготовки;нет;;1;провайдер-17
упущенное;Производители премиальных и органических продуктов — высокие требования к чистоте, нужен рентген и глубокая сортировка;нет;;1;провайдер-25
упущенное;Производители премиальных шоколадных изделий и пралине — малые серии, высокий контроль качества сырья;нет;;1;провайдер-05
упущенное;Производители пророщенных семян и микрозелени — работают с семенами льна, нутом, чечевицей, требуют строгий контроль чистоты;нет;;1;провайдер-02
упущенное;Производители протеиновых и спортивных батончиков — используют орехи как основное сырьё, нужен контроль примесей;нет;;1;провайдер-05
упущенное;Производители противогололедных материалов — основное сырье техническая соль, песчано-солевые смеси, щебень, требуется сортировка и фракционирование;нет;;1;провайдер-19
упущенное;Производители пряностей и специй (сушка зелени, чеснока, лука, перца) — удаление посторонних включений критично;нет;;1;провайдер-09
упущенное;Производители растительного молока и напитков — из овса, сои, миндаля, нужна глубокая очистка сырья;нет;;1;провайдер-25
упущенное;Производители растительного молока из овса/орехов и детского пюре — повышенные требования к посторонним включениям во входном сырье, неочевидный покупатель рентгена;нет;;1;сессия-1
упущенное;Производители растительного молока — миндальное, ореховое молоко, требуют сортировки и очистки орехов;нет;;1;провайдер-11
упущенное;Производители растительных белков и гороховых изолятов — входной контроль гороха, нута, чечевицы перед переработкой;нет;;1;провайдер-02
упущенное;Производители растительных белков и текстуратов (соевый, гороховый белок) — глубокая сортировка сырья перед экстракцией;нет;;1;провайдер-15
упущенное;Производители семян (семеноводческие хозяйства) — сортируют и калибруют семена перед продажей, экспортируют элитные семена;нет;;1;провайдер-01
упущенное;"Производители семян газонных трав и многолетних трав (фасовщики-миксеры) — чистота семян и отсев сорняков по форме/цвету критичны для сертификата; в 46.21/46.22 или 01.19, а не в семеноводстве";нет;;1;сессия-1
упущенное;Производители смесей для выпечки и кондитерских полуфабрикатов с орехами — B2B сегмент, промышленные объёмы;нет;;1;провайдер-05
упущенное;Производители снеков и снековых смесей — часто используют орехи (арахис, кешью, миндаль) как основу или компонент, требуют калибровку и сортировку;нет;;1;провайдер-13
упущенное;Производители снеков, хлопьев, мюсли — калибруют и сортируют овёс, гречку, кукурузу, требуют цветовой однородности;нет;;1;провайдер-15
упущенное;Производители снековой продукции (чипсы, сухарики, семечки, орехи) — калибровка, очистка, сортировка сырья;нет;;1;провайдер-03
упущенное;Производители снэков и чипсов из бобовых — нут, горох, чечевица, новый сегмент, нужна калибровка;нет;;1;провайдер-25
упущенное;Производители соды и хлора (хлорно-щелочное производство) — потребляют каменную соль как сырьё, могут нуждаться в предварительной очистке;нет;;1;провайдер-20
упущенное;Производители стекольного песка и формовочного песка — они активно используют кварц, требуют высокую чистоту, нужна оптическая сортировка для удаления примесей;нет;;1;провайдер-20
упущенное;Производители строительных пластиков (сайдинг, панели, композитные материалы, ДПК — древесно-полимерный композит) — смешивают древесную муку с полимерами, нужна очистка от металла и посторонних включений;нет;;1;провайдер-18
упущенное;Производители строительных смесей и бетона — крупные потребители песка и щебня, часто имеют собственные линии подготовки и фракционирования;нет;;1;провайдер-20
упущенное;Производители сухих строительных смесей — используют фракционированный песок, известняковую муку, доломитовую муку, требуется калибровка и очистка сырья;нет;;1;провайдер-19
упущенное;Производители сухофруктов и орехов — очищают, сортируют, калибруют, часто экспортируют (грецкий орех, фундук, миндаль, чернослив, курага);нет;;1;провайдер-01
упущенное;Производители сухофруктов — часто имеют линии орехов, используют те же технологии калибровки и очистки;нет;;1;провайдер-11
упущенное;Производители травяных чаев и фитосборов — калибровка и очистка лекарственных трав, контроль примесей перед фасовкой;нет;;1;провайдер-02
упущенное;Производители тротуарной плитки и бордюров с полимерами — используют дроблёнку и регранулят;нет;;1;провайдер-17
упущенное;Производители упаковки из переработанного пластика — используют вторичную гранулу как сырьё, могут иметь собственный рециклинг;нет;;1;провайдер-17
упущенное;Производители упаковки из пластика (плёнки, стрейч, термоусадка, пакеты) — экструдируют плёнку из гранулы, входной контроль критичен для качества плёнки;нет;;1;провайдер-18
упущенное;Производители фильтрующих материалов — используют кварцевый песок различных фракций для водоочистки, бассейнов, промышленных фильтров, высокие требования к чистоте;нет;;1;провайдер-19
упущенное;Производители функциональных и здоровых продуктов питания (суперфуды, органические продукты) — высокие требования к чистоте сырья;нет;;1;провайдер-03
упущенное;Производители хумуса, консервированного нута и бобовых — входной контроль сырья, отбраковка дефектных зерен;нет;;1;провайдер-02
упущенное;Производители ягодных и фруктовых пюре — промежуточный продукт для соков и детского питания, требует отбраковки дефектов;нет;;1;провайдер-06
упущенное;Производители ягодных концентратов и экстрактов — высокая добавленная стоимость, критична чистота сырья;нет;;1;провайдер-06
упущенное;Производство абразивных материалов — дроблёное стекло как компонент, фракционная сортировка;нет;;1;провайдер-21
упущенное;Производство биокомпозитов и WPC (древесно-полимерный композит) — смесь древесной муки и полимеров, нужна очистка сырья;нет;;1;провайдер-23
упущенное;Производство восточных сладостей (пахлава, лукум, рахат-лукум, щербет, чурчхела) — большое потребление орехов, нужна очистка и калибровка;нет;;1;провайдер-13
упущенное;Производство детского и диетического питания на зерновой основе — высокие требования к чистоте сырья, рентгенинспекция и оптическая сортировка круп;нет;;1;провайдер-04
упущенное;Производство детского питания — строгие требования к контролю качества, рентген-инспекция часто обязательна;нет;;1;провайдер-12
упущенное;Производство древесного композита и арболита — используют щепу и дроблёную древесину, требуется сортировка по фракциям;нет;;1;провайдер-23
упущенное;Производство желатина и пищевых добавок из животного сырья — рыбный и мясной желатин требует контроля;нет;;1;провайдер-12
упущенное;Производство замороженных полуфабрикатов — пельмени, вареники, блинчики (мясо, творог), рыбные палочки;нет;;1;провайдер-12
упущенное;Производство картофельного крахмала — крупнотоннажная переработка, обязательна предварительная сортировка и мойка;нет;;1;провайдер-10
упущенное;Производство картофельного пюре (сухого, гранулированного) — отдельный сегмент, требует калибровки и контроля посторонних включений;нет;;1;провайдер-10
упущенное;Производство картофельных гранул для кормов — агросектор, но работают с теми же объёмами и оборудованием;нет;;1;провайдер-10
упущенное;Производство картофельных хлопьев/гранул для пищевой промышленности — B2B-сегмент со строгим контролем качества;нет;;1;провайдер-10
упущенное;Производство кормов для аквакультуры — специализированные корма для рыб, сыпучий продукт требует контроля качества;нет;;1;провайдер-12
упущенное;Производство мороженого премиум-сегмента — часто используют орехи и требуют высокий контроль качества включений;нет;;1;провайдер-13
упущенное;Производство огнеупоров и огнеупорного сырья (шамот, каолин, муллит) — строгие требования к чистоте и фракции;нет;;1;провайдер-16
упущенное;Производство ореховых паст и масел — перерабатывают большие объемы орехов (арахис, миндаль, фундук), нужна предварительная очистка и сортировка сырья;нет;;1;провайдер-13
упущенное;Производство ореховых паст и урбечей — нужна предварительная сортировка и очистка орехов/семян от камней и посторонних включений;нет;;1;провайдер-10
упущенное;Производство топливных пеллет из агроотходов (солома, лузга) — близко к древесным пеллетам, та же технология;нет;;1;провайдер-23
упущенное;Производство яйцепродуктов (яичный порошок, меланж) — сыпучий продукт, требует очистки от включений;нет;;1;провайдер-12
упущенное;Птицефабрики и крупные животноводческие комплексы с собственными кормоцехами — сортируют кукурузу, пшеницу, ячмень для комбикормов;нет;;1;провайдер-15
упущенное;Птицефабрики и свинокомплексы — собственное производство кормов, зерносклады, потребность в очистке зерна;нет;;1;провайдер-25
упущенное;Разрешения на строительство и ГЭЗ: «элеватор», «семенной завод», «завод по переработке орехов» в реестрах заключений экспертизы.;нет;;1;сессия-3
упущенное;Райпо и заготконторы Белкоопсоюза — массовая заготовка клюквы, черники, грибов, лесного ореха под экспорт;нет;;1;сессия-4
упущенное;Региональные инвестпорталы и реестры инвестпроектов (invest{регион}.ru): проекты переработки с описанием оборудования.;нет;да;1;сессия-3
упущенное;Редкоземельные и редкометальные рудники (тантал, ниобий, литий) — нишевый, но растущий сегмент с потребностью в современной сортировке;нет;;1;провайдер-24
упущенное;Рекламации и претензии: «возврат партии» «посторонние примеси» «стекло в продукте» — признак боли и потребности в рентгене.;нет;;1;сессия-3
упущенное;Рисозаводы Приморья (Ханкайский район) и Дагестана/Чечни — регионы, которые генераторы забывают, ориентируясь на Кубань;нет;;1;сессия-1
упущенное;Рыба и мясо: кальмар, креветка, филе рыбы, куриное филе без костей — запросы «филе без костей» «контроль на рентгене» «производитель».;нет;;1;сессия-3
упущенное;Рыбопитомники и рыбоводческие хозяйства (аквакультура) — если выращивают товарную рыбу, могут иметь переработку и сортировку на месте перед отгрузкой;нет;;1;провайдер-12
упущенное;Сайты конкурентов Meyer: страницы «наши клиенты»/«отзывы» и логотипы партнёров — готовые списки установленной базы под переобслуживание и замену.;нет;;1;сессия-3
упущенное;Свободные экономические зоны (Брест, Минск, Гродноинвест, Витебск, Гомель-Ратон, Могилёв) и парк «Великий камень» — СООО/ИООО пищевые и полимерные резиденты;нет;;1;сессия-4
упущенное;Сельхозпроизводители с собственной переработкой — крупные агрохолдинги часто имеют элеваторы и крупоцеха, экспортируют зерно и крупу напрямую;нет;;1;провайдер-01
упущенное;Семенные заводы и семхозы — калибровка, очистка и сортировка семенного материала (зерновые, бобовые, масличные) по размеру, форме, цвету;нет;;1;провайдер-04
упущенное;Семенные инспекции и лаборатории: протоколы испытаний семян с высокими классами чистоты — указывают семеноводов с хорошей подработкой.;нет;;1;сессия-3
упущенное;Семеноводческие хозяйства и предприятия, экспортирующие семенной материал масличных и бобовых — семена на экспорт требуют безупречной чистоты и калибровки;нет;;1;провайдер-08
упущенное;Семеноводческие хозяйства и семенные станции (элита, первая репродукция) — калибровка и цветоделение семян овощных, масличных, бахчевых культур;нет;;1;провайдер-09
упущенное;"Семеноводческие хозяйства и семенные станции — калибруют и сортируют семена по размеру, форме, цвету; высокие требования к чистоте";нет;;1;провайдер-15
упущенное;Семеноводческие/элитно-семеноводческие хозяйства картофеля — калибруют и сортируют семенной материал по размеру и дефектам;нет;;1;провайдер-10
упущенное;Сервисные инженеры поставщиков: VK/Telegram-посты о выездах «пусконаладка в {город}» с фото и названием завода.;нет;;1;сессия-3
упущенное;Сертификация и декларации: продукт с декларацией соответствия на «калиброванный»/«сортированный» товар (pub.fsa.gov.ru) выдаёт изготовителя с ИНН.;нет;;1;сессия-3
упущенное;Слюдяные фабрики и цеха по переработке слюды — хрупкий слоистый материал, требует деликатной сортировки;нет;;1;провайдер-16
упущенное;Снековые производства — орехово-фруктовые смеси, батончики, часто перерабатывают орехи и сухофрукты;нет;;1;провайдер-11
упущенное;Солевые предприятия (калийные, соляные рудники и комбинаты) — сортировка соли по фракциям, удаление нерастворимого остатка и примесей;нет;;1;провайдер-16
упущенное;Солодовенные заводы и производители пивоваренного сырья — очистка и калибровка ячменя, хмеля;нет;;1;провайдер-03
упущенное;Солодовни (производство солода) — сортируют ячмень по размеру и качеству перед замачиванием, требуют однородности сырья;нет;;1;провайдер-15
упущенное;"Солодовни и пивоваренные заводы — используют ячмень, пшеницу, овёс; очищают, калибруют и сортируют зерно перед проращиванием";нет;;1;провайдер-04
упущенное;Солодовни и производители пивоваренного солода — калибровка ячменя, высокие стандарты качества;нет;;1;провайдер-25
упущенное;Соляные шахты и подземные солерудники — не только открытая добыча, но и подземная разработка соли, где тоже нужна очистка от породы;нет;;1;провайдер-20
упущенное;Сортировочные станции ТКО при КУП ЖКХ (по госпрограмме ВМР) — оптическая сортировка ПЭТ/полимеров;нет;;1;сессия-4
упущенное;Спиртовые заводы — используют зерно (пшеница, рожь, ячмень, кукуруза), очистка и подработка сырья перед брагоректификацией;нет;;1;провайдер-04
упущенное;Спиртовые заводы — перерабатывают зерно (пшеница, рожь, кукуруза), проверяют на примеси перед помолом;нет;;1;провайдер-15
упущенное;Списки получателей господдержки Минсельхоза региона (компенсация CAPEX на объекты АПК) — прямо указаны элеваторы и цеха переработки.;нет;;1;сессия-3
упущенное;Стекольные заводы — основной потребитель высокочистого кварцевого песка, жесткие требования к отсутствию оксидов железа и других загрязнений, активно применяют оптическую сортировку;нет;;1;провайдер-19
упущенное;Стекольные пески Гомельского ГОКа и стеклозаводы — очистка кварца и стеклобоя;нет;;1;сессия-4
упущенное;Суды: kad.arbitr.ru по спорам «поставка фотосепаратора» и «некачественное зерно» — выход на покупателей и конкурентов.;нет;;1;сессия-3
упущенное;"Табачные ферментационные заводы и производители кальянного табака — посторонние включения в листе, рентген/оптика на линии резки; отдельный ОКВЭД 12.00, вне раздела 10";нет;;1;сессия-1
упущенное;Таможенная статистика / ВЭД-базы (импорт кода ТН ВЭД 8437 10 и 8474 10, 9022): импортёры фотосепараторов и рентген-установок.;нет;;1;сессия-3
упущенное;Тендеры Беларуси и Казахстана (icetrade.by, goszakup.gov.kz) и Узбекистана (xarid.uzex.uz) — расширение географии на ЕАЭС/СНГ.;нет;;1;сессия-3
упущенное;Торговые дома и трейдеры зерна — крупные игроки, часто владеют элеваторами и заводами, но не всегда видны в ОКВЭД;нет;;1;провайдер-25
упущенное;Торговые дома при агрохолдингах — выделенные юрлица для экспорта зерна, часто называются 'трейдинг', 'агротрейд', 'зернопродукт';нет;;1;провайдер-01
упущенное;Участники нацпроекта «Производительность труда» — модернизация производств, могут внедрять новое оборудование;нет;;1;провайдер-25
упущенное;Фармацевтические заводы, работающие с лекарственным растительным сырьем — строгий контроль чистоты и отсутствия посторонних включений;нет;;1;провайдер-02
упущенное;"Фасовщики СТМ для сетей (контрактная фасовка круп, орехов, сухофруктов) — сами не производят, но несут ответственность за посторонние включения перед X5/Магнитом; находятся через 'контрактная фасовка', 'производство под СТМ'";нет;;1;сессия-1
упущенное;Фермерские хозяйства с переработкой — малые и средние производители, которые сами выращивают и перерабатывают зерно, нуждаются в компактном оборудовании;нет;;1;провайдер-07
упущенное;Флюсовые карьеры (известняк, доломит для металлургии) — специфичный сегмент с высокими требованиями к качеству и чистоте фракций;нет;;1;провайдер-20
упущенное;Химические заводы и НПЗ с полимерными производствами (синтез полиэтилена, полипропилена, ПВХ) — на выходе гранула, нужна инспекция перед фасовкой и отгрузкой, контроль качества полимеризации;нет;;1;провайдер-18
упущенное;Химические и нефтехимические заводы — образуют полимерные отходы производства, переработка в регранулят, контроль чистоты сырья;нет;;1;провайдер-22
упущенное;Хлебопекарные производства с добавками — часто используют орехи, семена, специи в хлебе;нет;;1;провайдер-11
упущенное;Целлюлозно-бумажные комбинаты (ЦБК) — потребляют огромные объёмы технологической щепы, нуждаются в контроле качества и очистке от коры/песка/камней;нет;;1;провайдер-23
упущенное;Цеха глубокой переработки зерна (лизин, глютен, крахмал модифицированный) — сложные технологические линии с контролем качества;нет;;1;провайдер-12
упущенное;Цеха квашения и маринования овощей — часть овощного блока, калибровка перед переработкой;нет;;1;провайдер-06
упущенное;Цеха по переработке кабеля — разделка кабеля на медь и пластик, дробление, сепарация по плотности или оптическая;нет;;1;провайдер-24
упущенное;Цеха по подработке и фасовке минералов для химической промышленности — высокие требования к отсутствию примесей;нет;;1;провайдер-16
упущенное;Цеха по производству ореховой муки и крошки для HoReCa и промпереработчиков — технологически близки, нужна калибровка;нет;;1;провайдер-05
упущенное;Цеха при агрохолдингах и ореховых садах — вертикально интегрированные, собственная первичная переработка;нет;;1;провайдер-05
упущенное;"Цеха урбеча, ореховых паст и халвы — главный риск камень/скорлупа в готовом продукте (претензии сетей), рентген на выходе; часто ИП/ООО в 10.89, не 10.82";нет;;1;сессия-1
упущенное;Чайные фабрики и производители фиточаёв — обработка растительного сырья, сортировка, удаление примесей;нет;;1;провайдер-14
упущенное;Экологическая документация: ОВОС и общественные слушания по новым заводам переработки пластика/ТКО (публикуются администрациями).;нет;;1;сессия-3
упущенное;Экспортеры зерна и круп — крупные компании с терминалами, которые калибруют и очищают продукцию перед отгрузкой на экспорт, высокие требования к чистоте;нет;;1;провайдер-07
упущенное;Экспортеры сельхозпродукции — закупают, калибруют и сортируют орехи перед экспортом;нет;;1;провайдер-11
упущенное;Экспортно-ориентированные компании по калибровке и подработке орехов на экспорт — высокие требования к сортировке;нет;;1;провайдер-05
упущенное;Экспортно-ориентированные предприятия ягодно-овощной продукции — повышенные требования к качеству для зарубежных рынков;нет;;1;провайдер-06
упущенное;Экспортные ветсертификаты и фитосертификаты (ФСВПС, Аргус-Фито) по странам с жёсткими нормами примесей (Китай, ЕС, ОАЭ): экспортёр туда почти всегда имеет оптическую сортировку.;нет;;1;сессия-3
упущенное;Экспортные терминалы и портовые элеваторы — подработка и калибровка экспортного зерна перед отгрузкой, высокие требования к качеству;нет;;1;провайдер-04
упущенное;Экспортёры гречихи-ядрицы и зелёной гречки — узкий сегмент, но активно экспортируют в Китай и Европу;нет;;1;провайдер-01
упущенное;Экспортёры, аттестованные в Китай (GACC) и Россию (Цербер): требования к чистоте партий = спрос на сортировку;нет;;1;сессия-4
упущенное;Элеваторы и ХПП (хлебоприёмные пункты) с доработкой — часто имеют участки подготовки семенного материала, калибровки, протравливания;нет;;1;провайдер-14
упущенное;заводы вторичного алюминия — входной контроль лома и шлаков, рентген-сортировка литейных и деформируемых сплавов;нет;;1;сессия-2
упущенное;кварцевое сырьё для ферросплавов и металлического кремния — жильный кварц сортируют по цвету и примесям железа;нет;;1;сессия-2
упущенное;литьевые и экструзионные заводы с собственной дроблёнкой брака (трубы, ящики, преформы) — внутренний регрейд с цветовыми примесями;нет;;1;сессия-2
упущенное;лицензиаты лома (реестр лицензий на заготовку лома) и лицензиаты недр ОПИ — готовые официальные списки предприятий вместо поисковой выдачи;нет;;1;сессия-2
упущенное;переработка аккумуляторов — свинцовые заводы выдают ПП-крошку корпусов, которую чистят от свинца и эбонита (цветовая и рентген-сортировка);нет;;1;сессия-2
упущенное;"переработка кабеля — медная/алюминиевая крупка и ПВХ/ПЭ-изоляция требуют досортировки от металла; это не электронный лом";нет;;1;сессия-2
упущенное;переработчики строительных отходов — вторичный щебень из бетона чистят от дерева, пластика и кирпича;нет;;1;сессия-2
упущенное;производители ПЭТ-ленты, полиэфирного волокна и преформ — потребители флекса с жёсткими требованиями по цвету и ПВХ, часто моют и сортируют сами;нет;;1;сессия-2
упущенное;производители искусственного камня и кварцевого агломерата — покупают белую кварцевую крупку, сортировка по цвету критична;нет;;1;сессия-2
упущенное;производители противогололёдных реагентов и таблетированной соли — отбраковка тёмных включений в галите;нет;;1;сессия-2
упущенное;старательские артели (россыпное золото, сотни малых юрлиц) — рудную XRT-сортировку ставят только на рудных объектах, но артели — пул под будущие проекты;нет;;1;сессия-2
упущенное;стекловата и пеностекло — крупные потребители стеклобоя, нужна очистка от керамики, камня и фарфора (КСП);нет;;1;сессия-2
упущенное;флюоритовые, баритовые и вермикулитовые рудники — классический кейс рентген-сортировки, о них редко вспоминают;нет;;1;сессия-2
упущенное;шлакопереработка (металлургические и алюминиевые шлаки) — извлечение металлических включений из шлакового щебня;нет;;1;сессия-2
упущенное;шредерные заводы автолома — тяжёлая цветная фракция (zorba), рентген разделяет алюминиевые сплавы и тяжёлые металлы;нет;;1;сессия-2
упущенное;экспоненты отраслевых выставок (Интерпластика, WasteTech, MiningWorld, «Нерудка») — концентрированные списки целевых компаний;нет;;1;сессия-2
упущенные_сегменты;сегмент: Абразивы: карбид кремния, электрокорунд | оквэд: 23.91, 20.13 | решение: под вопросом | почему: Зелёный и чёрный карбид кремния разделяют по цвету и сортности, это рабочее применение. Заводов несколько. Применимость Meyer проверить, как в сегменте 9.;нет;;1;сессия-5
упущенные_сегменты;сегмент: Арахисовая и ореховые пасты, урбечи, ореховые масла | оквэд: 10.39, 10.89, 10.41 | решение: стоит добавить | почему: Перед обжаркой арахис сортируют: убирают горелый, плесневый и порченный (контроль афлатоксина). Производители — малые и средние, сегментом «орехи» по 10.39.2 и 01.25.3 они не ищутся.;нет;;1;сессия-5
упущенные_сегменты;сегмент: Графит природный и графитовые изделия | оквэд: 08.99, 23.99.2 | решение: под вопросом | почему: Добыча графита в РФ мизерная, изделия из графита сортировки не требуют. Есть смысл только в рентгеновской предконцентрации руды на новых проектах. Нужны точечные запросы по стране.;нет;;1;сессия-5
упущенные_сегменты;сегмент: Детское питание (пюре в стекле, каши, смеси) | оквэд: 10.86 | решение: стоит добавить | почему: Высокие требования к посторонним включениям, рентген стоит на линиях. Игроков в РФ и РБ немного, их легко выбрать полностью. Каши в сухом виде ещё дают сортировку крупы. Отдельный тип запроса нужен, потому что по общему «пищевому» они тонут.;нет;;1;сессия-5
упущенные_сегменты;"сегмент: Дикоросы: заготовители ягод (брусника, клюква, черника, голубика), грибов, кедрового ореха, лекарственных трав | оквэд: 02.30 (02.30.1x), 10.39, 46.31; РБ — потребкооперация (райпо, Белкоопсоюз) | решение: стоит добавить | почему: Код 02.30 «сбор и заготовка пищевых лесных ресурсов» в плане отсутствует. В сегменте 6 есть только культурные ягоды (01.25.1). Заготовители в Карелии, Сибири, на Дальнем Востоке и в РБ сортируют замороженную ягоду и кедровый орех по цвету и посторонним примесям: хвое, листу, камням. Это классическое применение фотосепаратора.";нет;;1;сессия-5
упущенные_сегменты;"сегмент: Древесные пеллеты и ПЭТ-преформы | оквэд: 16.29 / 16.10 (пеллеты, уточнить); 22.22 (преформы) | решение: под вопросом | почему: Пеллеты не сортируют, сортируют щепу на входе, а она уже в сегменте 23. Преформы проверяют камерами контроля дефектов, а не сортировщиком. Интерес есть только у заводов bottle-to-bottle на ПЭТ-хлопье, но они уже в сегменте 7. Низкий приоритет.";нет;;1;сессия-5
упущенные_сегменты;сегмент: Зерновые портовые терминалы и перевалка зерна | оквэд: 52.24, 52.10, 52.22 | решение: стоит добавить | почему: Экспортные терминалы на Чёрном и Азовском морях и Балтике дочищают партии под требования импортёра. Код 52.24 в плане отсутствует (у элеваторов только 52.10.3), а в выдаче терминалы называются «порт» или «стивидорная компания».;нет;;1;сессия-5
упущенные_сегменты;сегмент: Импортёры и оптовики орехов, сухофруктов, специй, бобовых с собственным складом и пересортировкой | оквэд: 46.31, 46.37, 46.38, 46.39 | решение: стоит добавить | почему: Сегмент 21 (46.21) — это зерно, масличные и корма. Импортёры кешью, миндаля и изюма из Азии пересортировывают партии под Россию. Основной ОКВЭД у них торговый, на сайте написано «поставщик», и в производственные сегменты они не попадают.;нет;;1;сессия-5
упущенные_сегменты;сегмент: Кабельный лом (гранулы меди и пластика) | оквэд: 38.32, 46.77 | решение: под вопросом | почему: Классическое применение оптической сортировки (медная гранула отдельно от ПВХ), но это пограничный случай с исключённым владельцем электронным ломом. Включать, только если владелец не считает кабель электронным ломом.;нет;;1;сессия-5
упущенные_сегменты;сегмент: Кварцевый песок и стекольное сырьё (ГОКи) | оквэд: 08.12 | решение: стоит добавить | почему: Код 08.12 в сегменте 9 есть, но в матрице только «кварцевый песок производство», а стекольный песок, кварцевая крупка и полевошпатовый концентрат как формулировки отсутствуют. Оговорка: тонкий песок требует специальных сортировщиков, крупку и кусковой кварц сортировать проще.;нет;;1;сессия-5
упущенные_сегменты;"сегмент: Керамика, фарфор, огнеупоры: подготовка сырья (каолин, полевой шпат, кварц) | оквэд: 23.20, 23.31, 23.32, 23.41; сырьё — 08.12, 08.99 | решение: под вопросом | почему: 23.20 уже входит в сегмент 9. Керамические заводы обычно покупают готовое обогащённое сырьё, сортирует ГОК. Стоит брать ГОКи с полевошпатом и каолином и крупные огнеупорные заводы с собственным карьером.";нет;;1;сессия-5
упущенные_сегменты;сегмент: Комбикорма и премиксы | оквэд: 10.91 | решение: под вопросом | почему: Комбикорм фотосепаратором почти не чистят (низкая маржа), премиксы — это металлодетектор, а не рентген. Интерес есть только у кормов для аквакультуры и дорогих стартерных кормов. Запросы оставить, приоритет низкий.;нет;;1;сессия-5
упущенные_сегменты;сегмент: Консервные заводы, фасующие в стекло и жесть: овощи, фрукты, мясо, рыба (рентген: осколки стекла, посторонние включения, уровень налива) | оквэд: 10.13, 10.20.2, 10.32, 10.39.1, 10.84 (соусы) | решение: стоит добавить | почему: Осколки стекла в стеклянной банке металлодетектор не видит, поэтому таким заводам нужен рентген. Коды лежат внутри раздела 10, но под общий запрос «пищевое производство» консервщики попадают плохо, и тип «консервный завод» в матрице отсутствует.;нет;;1;сессия-5
упущенные_сегменты;сегмент: Корма для домашних животных (сухие и влажные) | оквэд: 10.92 | решение: стоит добавить | почему: Код 10.92 не входит ни в один сегмент плана, а 10.91 и 10.92 легко выпадают при отборе по «пищевым». Влажные корма в паучах и банках проверяют рентгеном, сырьё сухих кормов (зерно, бобовые) — фотосепаратором. Рынок растёт за счёт локализации после ухода иностранных брендов.;нет;;1;сессия-5
упущенные_сегменты;сегмент: Лом цветных металлов: вторичный алюминий, медь, латунь (рентген и цвет) | оквэд: 38.32 (лом цветных), 46.77, 24.42, 24.53 | решение: стоит добавить | почему: Сегмент 26 сформулирован через стружку и металлолом в целом, а самый сильный рентгеновский кейс — разделение алюминиевых сплавов и тяжёлых цветных металлов на заводах вторичного алюминия. Нужны запросы «вторичный алюминий» и «заготовка лома цветных металлов».;нет;;1;сессия-5
упущенные_сегменты;сегмент: Металлургический (технический) кремний и кварциты для него | оквэд: 24.45, 20.13 (уточнить), 08.12 | решение: стоит добавить | почему: Кусковой кварцит и кремний сортируют по цвету и включениям — известное применение оптической сортировки. Игроков единицы (группа «Русал», иркутские заводы), но каждый дорогой. Для них нужны запросы на уровне страны.;нет;;1;сессия-5
упущенные_сегменты;сегмент: Молочка, сыр, мороженое, готовые блюда (рентген упакованной продукции) | оквэд: 10.51, 10.52, 10.85 | решение: под вопросом | почему: Рентген у них встречается (сыр в блоках, готовые блюда в лотках), но основной инструмент — металлодетектор. Брать стоит только крупных игроков (выручка как колонка), массовые запросы мало что дадут.;нет;;1;сессия-5
упущенные_сегменты;сегмент: Мукомольные комбинаты, крахмалопаточные заводы (кукуруза), спиртовые заводы на зерне | оквэд: 10.61.2, 10.62, 11.01 | решение: стоит добавить | почему: Мельницы и крахмальщики сортируют зерно перед помолом против микотоксинов (DON, афлатоксин в кукурузе). Коды 10.61 и 10.62 формально в плане есть, но отдельного типа запроса «мелькомбинат», «крахмальный завод» нет. Спиртзаводы (11.01) — под вопросом, а мука и крахмал стоят того.;нет;;1;сессия-5
упущенные_сегменты;"сегмент: Мясопереработка и птицепереработка (рентген на кости, хрящи, посторонние включения в филе, фарше, полуфабрикатах), включая агрохолдинги и птицефабрики со своим убоем | оквэд: 10.11, 10.12, 10.13; основной у части — 01.46, 01.47, 01.41 | решение: стоит добавить | почему: Главный рынок пищевого рентгена после рыбы. В плане рентген на кости есть только у рыбы (сегмент 18). Раздел 10 мясников формально захватывает, но птицефабрики и свинокомплексы с основным ОКВЭД 01.47 и 01.46 в отбор по разделу 10 не попадут, а отдельных запросов «мясокомбинат», «птицефабрика» в плане нет.";нет;;1;сессия-5
упущенные_сегменты;сегмент: Напитки в стеклянной таре: пиво, вода, лимонады, вино (рентген: стекло, уровень налива) | оквэд: 11.07, 11.05, 11.02 | решение: под вопросом | почему: Применение есть, но у этого рынка свои поставщики инспекции (по уровню налива, камерами). Брать крупные заводы с разливом в стекло, если у Meyer есть такой продукт.;нет;;1;сессия-5
упущенные_сегменты;сегмент: Прочие руды для рентгеновской предконцентрации: флюорит, литий (сподумен), медь и никель, олово, хромит, марганец, фосфориты, тальк, янтарь, самоцветы | оквэд: 07.10, 07.29, 08.91, 08.99 | решение: стоит добавить | почему: В сегменте 22 названы только золото, вольфрам, уголь и алмазы. Рентгеновская сортировка (по-русски «рентгенорадиометрическая сепарация», РРС) применяется на флюорите, хромите и литии. Литий — новые проекты 2025–2027 годов. Янтарь (Калининград) сортируют оптически.;нет;;1;сессия-5
упущенные_сегменты;сегмент: Рыболовецкие компании с береговой и судовой переработкой, краб и морепродукты, рыбоводы | оквэд: 03.11, 03.12, 03.21, 03.22 (+10.20) | решение: стоит добавить | почему: Крупнейшие производители филе и крабового мяса на Дальнем Востоке и Северо-Западе зарегистрированы с основным ОКВЭД 03.11, а не 10.20, поэтому сегмент 18 их пропустит. Рентген нужен для поиска костей и осколков панциря.;нет;;1;сессия-5
упущенные_сегменты;сегмент: Семенные компании с пакетированными семенами овощей и цветов, фасовщики семян | оквэд: 01.64, 01.30, 46.21.1, 47.76 | решение: стоит добавить | почему: В сегменте 2 есть 01.64, но крупнейшие пакетировщики семян нередко зарегистрированы как опт (46.21) или розница (47.76.1). Мелкие семена калибруют и чистят по цвету, Meyer это умеет.;нет;;1;сессия-5
упущенные_сегменты;сегмент: Семечка подсолнечника и тыквы: обжарка, ядро, калибровка кондитерского подсолнечника, фасовщики семечки | оквэд: 10.39, 10.41 (лущение), 46.21, 46.38 | решение: стоит добавить | почему: В сегменте 15 это одна строка, а реальные игроки называются «Ядро», «Агропродукт» или по бренду, и часть из них — оптовики 46.21 или 46.38 с собственной лущилкой. Ядро подсолнечника и тыквенное семя (в том числе импорт из Китая) сортируют по цвету почти всегда.;нет;;1;сессия-5
упущенные_сегменты;сегмент: Солодовни и пивоваренные заводы (сортировка пивоваренного ячменя и солода) | оквэд: 11.06, 11.05 | решение: стоит добавить | почему: Раздел 11 в плане вообще не упомянут. Солодовни очищают ячмень от фузариозного и посторонних зёрен, для них фотосепаратор — стандартный узел. Солодовен немного, они крупные и с хорошими бюджетами.;нет;;1;сессия-5
упущенные_сегменты;сегмент: Сухие завтраки, хлопья, мюсли, гранола, хлебцы, снеки | оквэд: 10.61.3, 10.72, 10.89 | решение: стоит добавить | почему: Здесь две задачи: фотосепаратор для овса, изюма и орехов на входе и рентген готовой упаковки на выходе. Это средние фабрики с брендами, общий «пищевой» запрос находит их плохо.;нет;;1;сессия-5
упущенные_сегменты;сегмент: Фармацевтика: таблетки и блистеры (рентген-контроль комплектности и посторонних включений) | оквэд: 21.20 | решение: под вопросом | почему: Рентген в фарме есть, но рынок закрыт валидацией по GMP и привязан к поставщикам упаковочных линий. Есть ли у Meyer фарм-исполнение и документация под GMP, нужно уточнить у владельца. Запросы стоят дёшево, и список фармзаводов полный по реестру GMP Минпромторга.;нет;;1;сессия-5
упущенные_сегменты;сегмент: Фасовщики и копакеры, производство под СТМ сетей: крупы, бобовые, орехи, сухофрукты, специи | оквэд: 82.92, 10.61, 46.3x (46.31, 46.33, 46.37, 46.38, 46.39) | решение: стоит добавить | почему: Сетевые фасовщики круп и орехов — постоянные покупатели фотосепараторов: сеть требует чистоты партии, а сырьё покупное и разного качества. При основном ОКВЭД 82.92 или 46.xx отбор по разделу 10 их теряет.;нет;;1;сессия-5
упущенные_сегменты;сегмент: Фитофармацевтика и заготовители лекарственного растительного сырья | оквэд: 21.20, 21.10, 46.46, 02.30, 01.28 | решение: стоит добавить | почему: Фабрики фитопрепаратов и фиточаёв сортируют траву, корни и плоды (шиповник, боярышник) от посторонних примесей. В плане есть «лекарственные травы», но только по линии растениеводства (01.28), а фармпредприятий нет.;нет;;1;сессия-5
упущенные_сегменты;сегмент: Чай, иван-чай, травяные сборы, фиточаи, чаеразвесочные фабрики | оквэд: 10.83, 01.28, 02.30, 46.37 | решение: стоит добавить | почему: Сегмент 17 формально покрывает чай, но в типовых запросах сидят кофе и специи. Иван-чай и травяные сборы делают малые компании под 01.28 и 02.30, часто это ИП. Из сырья убирают стебли, камни и посторонние растения, это делает фотосепаратор.;нет;;1;сессия-5
шаблоны_намерение_регион;закупка оборудования элеватор {регион};да;да;4;провайдер-01, провайдер-04, провайдер-07, провайдер-15
шаблоны_намерение_регион;главный инженер элеватор {регион};да;да;3;провайдер-01, провайдер-04, провайдер-07
шаблоны_намерение_регион;главный технолог элеватор {регион};да;да;3;провайдер-01, провайдер-04, провайдер-15
шаблоны_намерение_регион;отдел снабжения элеватор {регион};да;да;3;провайдер-01, провайдер-04, провайдер-15
шаблоны_намерение_регион;главный инженер обогатительная фабрика {регион};да;да;2;провайдер-19, провайдер-24
шаблоны_намерение_регион;главный технолог ГОК {регион};да;да;2;провайдер-16, провайдер-20
шаблоны_намерение_регион;директор крупозавод {регион};да;да;2;провайдер-07, провайдер-15
шаблоны_намерение_регион;контакты элеватор {регион};да;да;2;провайдер-01, провайдер-04
шаблоны_намерение_регион;контроль качества орехов {регион};да;да;2;провайдер-05, провайдер-13
шаблоны_намерение_регион;модернизация линии переработки {регион};да;да;2;провайдер-12, провайдер-22
шаблоны_намерение_регион;модернизация линии сортировки {регион};да;да;2;провайдер-03, провайдер-20
шаблоны_намерение_регион;модернизация линии сортировки орехов {регион};да;да;2;провайдер-05, провайдер-11
шаблоны_намерение_регион;модернизация элеватор {регион};да;да;2;провайдер-01, провайдер-04
шаблоны_намерение_регион;начальник производства крупозавод {регион};да;да;2;провайдер-04, провайдер-07
шаблоны_намерение_регион;оборудование для калибровки семян {регион};да;да;2;провайдер-02, провайдер-14
шаблоны_намерение_регион;отдел снабжения ГОК {регион};да;да;2;провайдер-19, провайдер-24
шаблоны_намерение_регион;отдел снабжения кондитерская фабрика {регион};да;да;2;провайдер-03, провайдер-05
шаблоны_намерение_регион;отдел снабжения семеноводческое хозяйство {регион};да;да;2;провайдер-02, провайдер-14
шаблоны_намерение_регион;технический директор элеватор {регион};да;да;2;провайдер-04, провайдер-07
шаблоны_намерение_регион;email производство флекса {регион};да;да;1;провайдер-17
шаблоны_намерение_регион;ИНН завод пластмасс {регион};да;да;1;провайдер-18
шаблоны_намерение_регион;автоматизация сортировки {регион};да;да;1;провайдер-12
шаблоны_намерение_регион;автоматизация сортировки орехов {регион};да;да;1;провайдер-05
шаблоны_намерение_регион;автоматизация сортировки специй {регион};да;да;1;провайдер-11
шаблоны_намерение_регион;автоматизация сортировки щебня {регион};да;да;1;провайдер-20
шаблоны_намерение_регион;главный агроном семенной завод {регион};да;да;1;провайдер-02
шаблоны_намерение_регион;главный инженер дробильный завод {регион};да;да;1;провайдер-20
шаблоны_намерение_регион;главный инженер завод переработки пластика {регион};да;да;1;провайдер-21
шаблоны_намерение_регион;главный инженер завод пластмасс {регион};да;да;1;провайдер-18
шаблоны_намерение_регион;главный инженер карьер {регион};да;да;1;провайдер-16
шаблоны_намерение_регион;главный инженер льнозавод {регион};да;да;1;провайдер-02
шаблоны_намерение_регион;главный инженер масложиркомбинат {регион};да;да;1;провайдер-08
шаблоны_намерение_регион;главный инженер молокозавод {регион};да;да;1;провайдер-03
шаблоны_намерение_регион;главный инженер мясокомбинат {регион};да;да;1;провайдер-03
шаблоны_намерение_регион;главный инженер производство гранулы {регион};да;да;1;провайдер-17
шаблоны_намерение_регион;главный механик ГОК {регион};да;да;1;провайдер-24
шаблоны_намерение_регион;главный обогатитель фабрика {регион};да;да;1;провайдер-16
шаблоны_намерение_регион;главный технолог завод переработки {регион};да;да;1;провайдер-22
шаблоны_намерение_регион;главный технолог завод переработки пластика {регион};да;да;1;провайдер-17
шаблоны_намерение_регион;главный технолог завод пластмасс {регион};да;да;1;провайдер-18
шаблоны_намерение_регион;главный технолог картофелехранилище {регион};да;да;1;провайдер-10
шаблоны_намерение_регион;главный технолог карьер {регион};да;да;1;провайдер-19
шаблоны_намерение_регион;главный технолог кондитерская фабрика {регион};да;да;1;провайдер-03
шаблоны_намерение_регион;главный технолог кондитерский завод {регион};да;да;1;провайдер-05
шаблоны_намерение_регион;главный технолог кондитерского завода {регион};да;да;1;провайдер-13
шаблоны_намерение_регион;главный технолог кофейное производство {регион};да;да;1;провайдер-11
шаблоны_намерение_регион;главный технолог крупозавод {регион};да;да;1;провайдер-07
шаблоны_намерение_регион;главный технолог лесопильный завод {регион};да;да;1;провайдер-23
шаблоны_намерение_регион;главный технолог маслозавода {регион};да;да;1;провайдер-08
шаблоны_намерение_регион;главный технолог молокозавод {регион};да;да;1;провайдер-03
шаблоны_намерение_регион;главный технолог мясокомбинат {регион};да;да;1;провайдер-03
шаблоны_намерение_регион;главный технолог мясокомбината {регион};да;да;1;провайдер-12
шаблоны_намерение_регион;главный технолог обогатительная фабрика {регион};да;да;1;провайдер-24
шаблоны_намерение_регион;главный технолог овощной завод {регион};да;да;1;провайдер-09
шаблоны_намерение_регион;главный технолог переработка бобовых {регион};да;да;1;провайдер-14
шаблоны_намерение_регион;главный технолог переработка ягод {регион};да;да;1;провайдер-06
шаблоны_намерение_регион;главный технолог семенной завод {регион};да;да;1;провайдер-14
шаблоны_намерение_регион;главный технолог семеноочистка {регион};да;да;1;провайдер-02
шаблоны_намерение_регион;главный технолог стекольный завод {регион};да;да;1;провайдер-21
шаблоны_намерение_регион;директор горно-обогатительный комбинат {регион};да;да;1;провайдер-19
шаблоны_намерение_регион;директор завод переработки {регион};да;да;1;провайдер-22
шаблоны_намерение_регион;директор завод полимеров {регион};да;да;1;провайдер-18
шаблоны_намерение_регион;директор завода переработки картофеля {регион};да;да;1;провайдер-10
шаблоны_намерение_регион;директор карьера {регион};да;да;1;провайдер-20
шаблоны_намерение_регион;директор льнозавод {регион};да;да;1;провайдер-14
шаблоны_намерение_регион;директор маслоэкстракционного завода {регион};да;да;1;провайдер-08
шаблоны_намерение_регион;директор мелькомбинат {регион};да;да;1;провайдер-04
шаблоны_намерение_регион;директор обогатительной фабрики {регион};да;да;1;провайдер-24
шаблоны_намерение_регион;директор по качеству рыбного завода {регион};да;да;1;провайдер-12
шаблоны_намерение_регион;директор по производству молокозавод {регион};да;да;1;провайдер-03
шаблоны_намерение_регион;директор по производству мясокомбинат {регион};да;да;1;провайдер-03
шаблоны_намерение_регион;директор по производству переработка вторсырья {регион};да;да;1;провайдер-23
шаблоны_намерение_регион;директор по производству переработка орехов {регион};да;да;1;провайдер-05
шаблоны_намерение_регион;директор по производству переработка стекла {регион};да;да;1;провайдер-21
шаблоны_намерение_регион;директор по производству полимеры {регион};да;да;1;провайдер-17
шаблоны_намерение_регион;директор производства переработка орехов {регион};да;да;1;провайдер-11
шаблоны_намерение_регион;директор производства сухофрукты {регион};да;да;1;провайдер-06
шаблоны_намерение_регион;директор производства ягодный завод {регион};да;да;1;провайдер-09
шаблоны_намерение_регион;директор семенной завод {регион};да;да;1;провайдер-14
шаблоны_намерение_регион;директор угольная шахта {регион};да;да;1;провайдер-16
шаблоны_намерение_регион;директор элеватор {регион};да;да;1;провайдер-01
шаблоны_намерение_регион;директор элеватора экспортер {регион};да;да;1;провайдер-08
шаблоны_намерение_регион;директор элитхоз {регион};да;да;1;провайдер-02
шаблоны_намерение_регион;закупка оборудования для переработки вторсырья {регион};да;да;1;провайдер-22
шаблоны_намерение_регион;закупка оборудования завод заморозки {регион};да;да;1;провайдер-09
шаблоны_намерение_регион;закупка оборудования завод сухофруктов {регион};да;да;1;провайдер-06
шаблоны_намерение_регион;закупка оборудования картофельный завод {регион};да;да;1;провайдер-10
шаблоны_намерение_регион;закупка оборудования карьер {регион};да;да;1;провайдер-16
шаблоны_намерение_регион;закупка оборудования маслозавод {регион};да;да;1;провайдер-08
шаблоны_намерение_регион;закупка оборудования обогащение {регион};да;да;1;провайдер-24
шаблоны_намерение_регион;закупка оборудования переработка орехов {регион};да;да;1;провайдер-05
шаблоны_намерение_регион;закупка оборудования семеноводство {регион};да;да;1;провайдер-02
шаблоны_намерение_регион;закупка оборудования сортировка пластика {регион};да;да;1;провайдер-17
шаблоны_намерение_регион;закупка сепараторов обогащение {регион};да;да;1;провайдер-24
шаблоны_намерение_регион;закупка сортировочного оборудования {регион};да;да;1;провайдер-11
шаблоны_намерение_регион;закупки оборудование деревообработка {регион};да;да;1;провайдер-23
шаблоны_намерение_регион;зам директора элеватор {регион};да;да;1;провайдер-07
шаблоны_намерение_регион;заместитель директора добыча {регион};да;да;1;провайдер-16
шаблоны_намерение_регион;заместитель директора завод заморозки овощей {регион};да;да;1;провайдер-10
шаблоны_намерение_регион;инвестиции переработка зерна {регион};да;да;1;провайдер-01
шаблоны_намерение_регион;инженер технолог вторсырьё {регион};да;да;1;провайдер-22
шаблоны_намерение_регион;инженер-технолог заморозка ягод {регион};да;да;1;провайдер-06
шаблоны_намерение_регион;инженер-технолог зерноперерабатывающий {регион};да;да;1;провайдер-15
шаблоны_намерение_регион;инспекция овощных смесей {регион};да;да;1;провайдер-09
шаблоны_намерение_регион;инспекция орехов {регион};да;да;1;провайдер-13
шаблоны_намерение_регион;калибровка по размеру {регион};да;да;1;провайдер-15
шаблоны_намерение_регион;калибровочное оборудование для орехов {регион};да;да;1;провайдер-13
шаблоны_намерение_регион;контактное лицо завод переработки пластика {регион};да;да;1;провайдер-21
шаблоны_намерение_регион;контакты деревообрабатывающий комбинат {регион};да;да;1;провайдер-23
шаблоны_намерение_регион;контакты завод компаундов {регион};да;да;1;провайдер-18
шаблоны_намерение_регион;контакты завод переработки ПЭТ {регион};да;да;1;провайдер-17
шаблоны_намерение_регион;контакты переработчик ПЭТ {регион};да;да;1;провайдер-18
шаблоны_намерение_регион;контакты снабжение овощной завод {регион};да;да;1;провайдер-09
шаблоны_намерение_регион;контакты стеклотарный завод {регион};да;да;1;провайдер-21
шаблоны_намерение_регион;контакты технолога картофелеперерабатывающий завод {регион};да;да;1;провайдер-10
шаблоны_намерение_регион;контроль камней в минеральном сырье {регион};да;да;1;провайдер-20
шаблоны_намерение_регион;контроль качества вторичного сырья {регион};да;да;1;провайдер-22
шаблоны_намерение_регион;контроль качества вторсырьё {регион};да;да;1;провайдер-23
шаблоны_намерение_регион;контроль качества замороженные овощи {регион};да;да;1;провайдер-10
шаблоны_намерение_регион;контроль качества замороженных овощей {регион};да;да;1;провайдер-09
шаблоны_намерение_регион;контроль качества зерна {регион};да;да;1;провайдер-15
шаблоны_намерение_регион;контроль качества кварцевого песка {регион};да;да;1;провайдер-20
шаблоны_намерение_регион;контроль качества минерального сырья {регион};да;да;1;провайдер-19
шаблоны_намерение_регион;контроль качества мясного комбината {регион};да;да;1;провайдер-12
шаблоны_намерение_регион;контроль качества орехов оборудование {регион};да;да;1;провайдер-11
шаблоны_намерение_регион;контроль качества сырья пищевое предприятие {регион};да;да;1;провайдер-03
шаблоны_намерение_регион;контроль металлической стружки {регион};да;да;1;провайдер-22
шаблоны_намерение_регион;контроль посторонних включений {регион};да;да;1;провайдер-12
шаблоны_намерение_регион;лаборатория маслозавод {регион};да;да;1;провайдер-08
шаблоны_намерение_регион;линия калибровки кофе {регион};да;да;1;провайдер-11
шаблоны_намерение_регион;линия калибровки семечки {регион};да;да;1;провайдер-06
шаблоны_намерение_регион;линия калибровки семян {регион};да;да;1;провайдер-09
шаблоны_намерение_регион;линия очистки орехов {регион};да;да;1;провайдер-05
шаблоны_намерение_регион;линия переработки бобовых {регион};да;да;1;провайдер-14
шаблоны_намерение_регион;линия подготовки семян {регион};да;да;1;провайдер-14
шаблоны_намерение_регион;линия сортировки орехов {регион};да;да;1;провайдер-13
шаблоны_намерение_регион;линия сортировки продукции {регион};да;да;1;провайдер-12
шаблоны_намерение_регион;линия сортировки ягод {регион};да;да;1;провайдер-06
шаблоны_намерение_регион;линия фасовки орехов {регион};да;да;1;провайдер-05
шаблоны_намерение_регион;менеджер по закупкам завод компаундов {регион};да;да;1;провайдер-18
шаблоны_намерение_регион;модернизация кондитерского производства {регион};да;да;1;провайдер-13
шаблоны_намерение_регион;модернизация линии переработки пластика {регион};да;да;1;провайдер-17
шаблоны_намерение_регион;модернизация линии подработки семян {регион};да;да;1;провайдер-02
шаблоны_намерение_регион;модернизация линии сортировка ягод {регион};да;да;1;провайдер-06
шаблоны_намерение_регион;модернизация линии сортировки картофеля {регион};да;да;1;провайдер-10
шаблоны_намерение_регион;модернизация линии сортировки овощей {регион};да;да;1;провайдер-09
шаблоны_намерение_регион;модернизация маслозавода {регион};да;да;1;провайдер-08
шаблоны_намерение_регион;модернизация обогатительной фабрики {регион};да;да;1;провайдер-24
шаблоны_намерение_регион;модернизация оборудования ГОК {регион};да;да;1;провайдер-19
шаблоны_намерение_регион;модернизация оборудования крупозавод {регион};да;да;1;провайдер-07
шаблоны_намерение_регион;модернизация переработка стружки {регион};да;да;1;провайдер-24
шаблоны_намерение_регион;модернизация производства пеллеты {регион};да;да;1;провайдер-23
шаблоны_намерение_регион;модернизация фабрика {регион};да;да;1;провайдер-16
шаблоны_намерение_регион;модернизация элеватора {регион};да;да;1;провайдер-15
шаблоны_намерение_регион;начальник обогащения {регион};да;да;1;провайдер-16
шаблоны_намерение_регион;начальник производства бобовые {регион};да;да;1;провайдер-14
шаблоны_намерение_регион;начальник производства дробильный завод {регион};да;да;1;провайдер-19
шаблоны_намерение_регион;начальник производства заморозка овощей {регион};да;да;1;провайдер-10
шаблоны_намерение_регион;начальник производства кондитерская фабрика {регион};да;да;1;провайдер-03
шаблоны_намерение_регион;начальник производства кондитерский комбинат {регион};да;да;1;провайдер-05
шаблоны_намерение_регион;начальник производства кондитерской фабрики {регион};да;да;1;провайдер-13
шаблоны_намерение_регион;начальник производства крупяной завод {регион};да;да;1;провайдер-01
шаблоны_намерение_регион;начальник производства маслозавод {регион};да;да;1;провайдер-15
шаблоны_намерение_регион;начальник производства маслоцех {регион};да;да;1;провайдер-08
шаблоны_намерение_регион;начальник производства орехи {регион};да;да;1;провайдер-11
шаблоны_намерение_регион;начальник производства пеллетный завод {регион};да;да;1;провайдер-23
шаблоны_намерение_регион;начальник производства переработка {регион};да;да;1;провайдер-22
шаблоны_намерение_регион;начальник производства переработка пластика {регион};да;да;1;провайдер-18
шаблоны_намерение_регион;начальник производства пищевого предприятия {регион};да;да;1;провайдер-12
шаблоны_намерение_регион;начальник производства рудник {регион};да;да;1;провайдер-16
шаблоны_намерение_регион;начальник производства солепромысел {регион};да;да;1;провайдер-20
шаблоны_намерение_регион;начальник службы качества производство чипсов {регион};да;да;1;провайдер-10
шаблоны_намерение_регион;начальник участка стеклобой {регион};да;да;1;провайдер-21
шаблоны_намерение_регион;начальник цеха грануляция {регион};да;да;1;провайдер-17
шаблоны_намерение_регион;начальник цеха заморозка {регион};да;да;1;провайдер-06
шаблоны_намерение_регион;начальник цеха обжарки семечек {регион};да;да;1;провайдер-09
шаблоны_намерение_регион;начальник цеха обогащения {регион};да;да;1;провайдер-24
шаблоны_намерение_регион;начальник цеха подготовка семян {регион};да;да;1;провайдер-14
шаблоны_намерение_регион;начальник цеха производство полимеров {регион};да;да;1;провайдер-18
шаблоны_намерение_регион;начальник элеватора {регион};да;да;1;провайдер-07
шаблоны_намерение_регион;начальник элеватора с экспортом {регион};да;да;1;провайдер-08
шаблоны_намерение_регион;обнаружение посторонних включений рудник {регион};да;да;1;провайдер-20
шаблоны_намерение_регион;оборудование для брикетирования контакты {регион};да;да;1;провайдер-24
шаблоны_намерение_регион;оборудование для калибровки минералов {регион};да;да;1;провайдер-20
шаблоны_намерение_регион;оборудование для калибровки орехов {регион};да;да;1;провайдер-05
шаблоны_намерение_регион;оборудование для кондитерского производства {регион};да;да;1;провайдер-13
шаблоны_намерение_регион;оборудование для маслозавода {регион};да;да;1;провайдер-08
шаблоны_намерение_регион;оборудование для обогатительной фабрики {регион};да;да;1;провайдер-16
шаблоны_намерение_регион;оборудование для обогащения кварца {регион};да;да;1;провайдер-19
шаблоны_намерение_регион;оборудование для обогащения контакты {регион};да;да;1;провайдер-24
шаблоны_намерение_регион;оборудование для очистки бобовых {регион};да;да;1;провайдер-14
шаблоны_намерение_регион;оборудование для очистки орехов {регион};да;да;1;провайдер-11
шаблоны_намерение_регион;оборудование для переработки орехов {регион};да;да;1;провайдер-13
шаблоны_намерение_регион;оборудование для переработки ягод {регион};да;да;1;провайдер-09
шаблоны_намерение_регион;оборудование для рыбопереработки {регион};да;да;1;провайдер-12
шаблоны_намерение_регион;оборудование для сортировки вторсырья {регион};да;да;1;провайдер-22
шаблоны_намерение_регион;оборудование для сортировки зерна {регион};да;да;1;провайдер-15
шаблоны_намерение_регион;оборудование для сортировки нута {регион};да;да;1;провайдер-14
шаблоны_намерение_регион;оборудование для сортировки пищевое производство {регион};да;да;1;провайдер-03
шаблоны_намерение_регион;оборудование для сортировки щебня {регион};да;да;1;провайдер-19
шаблоны_намерение_регион;оборудование для сортировки ягод {регион};да;да;1;провайдер-06
шаблоны_намерение_регион;оборудование очистка семян контакты {регион};да;да;1;провайдер-02
шаблоны_намерение_регион;оборудование сепарация семян поставщики {регион};да;да;1;провайдер-02
шаблоны_намерение_регион;оборудование сортировка нут чечевица {регион};да;да;1;провайдер-02
шаблоны_намерение_регион;оптическая сортировка зерна {регион};да;да;1;провайдер-15
шаблоны_намерение_регион;оптическая сортировка картофеля {регион};да;да;1;провайдер-10
шаблоны_намерение_регион;оптическая сортировка кофе {регион};да;да;1;провайдер-11
шаблоны_намерение_регион;оптическая сортировка нерудных материалов {регион};да;да;1;провайдер-19
шаблоны_намерение_регион;оптическая сортировка орехов {регион};да;да;1;провайдер-13
шаблоны_намерение_регион;оптическая сортировка пластика {регион};да;да;1;провайдер-22
шаблоны_намерение_регион;оптическая сортировка щепа {регион};да;да;1;провайдер-23
шаблоны_намерение_регион;оснащение цеха переработка ягод {регион};да;да;1;провайдер-06
шаблоны_намерение_регион;отдел главного механика ГОК {регион};да;да;1;провайдер-16
шаблоны_намерение_регион;отдел главного механика обогатительная {регион};да;да;1;провайдер-24
шаблоны_намерение_регион;отдел главного механика овощехранилище {регион};да;да;1;провайдер-10
шаблоны_намерение_регион;отдел главного технолога рисозавод {регион};да;да;1;провайдер-07
шаблоны_намерение_регион;отдел закупок завод нерудных материалов {регион};да;да;1;провайдер-19
шаблоны_намерение_регион;отдел закупок завод переработки полимеров {регион};да;да;1;провайдер-21
шаблоны_намерение_регион;отдел закупок завод удобрений {регион};да;да;1;провайдер-20
шаблоны_намерение_регион;отдел закупок зерновая компания {регион};да;да;1;провайдер-01
шаблоны_намерение_регион;отдел закупок комбикормового завода {регион};да;да;1;провайдер-12
шаблоны_намерение_регион;отдел закупок крупозавод {регион};да;да;1;провайдер-04
шаблоны_намерение_регион;отдел закупок оборудование переработка пластика {регион};да;да;1;провайдер-17
шаблоны_намерение_регион;отдел закупок оборудования кондитерская фабрика {регион};да;да;1;провайдер-13
шаблоны_намерение_регион;отдел закупок оборудования мясокомбинат {регион};да;да;1;провайдер-03
шаблоны_намерение_регион;отдел закупок оборудования чайная фабрика {регион};да;да;1;провайдер-11
шаблоны_намерение_регион;отдел закупок переработка нута {регион};да;да;1;провайдер-14
шаблоны_намерение_регион;отдел закупок производство гранулы {регион};да;да;1;провайдер-18
шаблоны_намерение_регион;отдел качества зернотрейдер {регион};да;да;1;провайдер-08
шаблоны_намерение_регион;отдел оборудования элеватор {регион};да;да;1;провайдер-04
шаблоны_намерение_регион;отдел продаж стеклобой {регион};да;да;1;провайдер-21
шаблоны_намерение_регион;отдел снабжения деревообрабатывающий завод {регион};да;да;1;провайдер-23
шаблоны_намерение_регион;отдел снабжения завод полимеров {регион};да;да;1;провайдер-18
шаблоны_намерение_регион;отдел снабжения завод сухофруктов {регион};да;да;1;провайдер-09
шаблоны_намерение_регион;отдел снабжения завод ягод {регион};да;да;1;провайдер-06
шаблоны_намерение_регион;отдел снабжения кондитерской фабрики {регион};да;да;1;провайдер-13
шаблоны_намерение_регион;отдел снабжения крупозавод {регион};да;да;1;провайдер-07
шаблоны_намерение_регион;отдел снабжения маслозавод {регион};да;да;1;провайдер-08
шаблоны_намерение_регион;отдел снабжения молокозавод {регион};да;да;1;провайдер-03
шаблоны_намерение_регион;отдел снабжения мясокомбинат {регион};да;да;1;провайдер-03
шаблоны_намерение_регион;отдел снабжения обжарка кофе {регион};да;да;1;провайдер-11
шаблоны_намерение_регион;отдел снабжения обогатительная фабрика {регион};да;да;1;провайдер-16
шаблоны_намерение_регион;отдел снабжения переработка пластика {регион};да;да;1;провайдер-17
шаблоны_намерение_регион;отдел снабжения предприятие вторсырья {регион};да;да;1;провайдер-22
шаблоны_намерение_регион;отдел снабжения производство чипсов {регион};да;да;1;провайдер-10
шаблоны_намерение_регион;отдел снабжения рыбозавода {регион};да;да;1;провайдер-12
шаблоны_намерение_регион;отдел снабжения стеклотарный завод {регион};да;да;1;провайдер-21
шаблоны_намерение_регион;отдел снабжения химкомбинат {регион};да;да;1;провайдер-20
шаблоны_намерение_регион;очистка вторсырья от примесей {регион};да;да;1;провайдер-22
шаблоны_намерение_регион;очистка зерна от примесей {регион};да;да;1;провайдер-15
шаблоны_намерение_регион;очистка орехового сырья {регион};да;да;1;провайдер-13
шаблоны_намерение_регион;очистка от примесей щебень {регион};да;да;1;провайдер-19
шаблоны_намерение_регион;очистка сухофруктов от примесей {регион};да;да;1;провайдер-09
шаблоны_намерение_регион;очистка технической соли оборудование {регион};да;да;1;провайдер-20
шаблоны_намерение_регион;подработка ягод перед заморозкой {регион};да;да;1;провайдер-09
шаблоны_намерение_регион;проверка вторичных гранул {регион};да;да;1;провайдер-22
шаблоны_намерение_регион;реквизиты переработка вторсырья {регион};да;да;1;провайдер-21
шаблоны_намерение_регион;реквизиты производитель полимеров {регион};да;да;1;провайдер-18
шаблоны_намерение_регион;реконструкция крупяной завод {регион};да;да;1;провайдер-01
шаблоны_намерение_регион;реконструкция линии очистки подсолнечника {регион};да;да;1;провайдер-08
шаблоны_намерение_регион;реконструкция элеватор {регион};да;да;1;провайдер-04
шаблоны_намерение_регион;рентген для зерна {регион};да;да;1;провайдер-15
шаблоны_намерение_регион;рентген инспекция пищевого производства {регион};да;да;1;провайдер-12
шаблоны_намерение_регион;рентген-инспекция овощей {регион};да;да;1;провайдер-10
шаблоны_намерение_регион;рентген-инспекция пищевое производство {регион};да;да;1;провайдер-11
шаблоны_намерение_регион;руководитель производства вторсырьё {регион};да;да;1;провайдер-21
шаблоны_намерение_регион;руководитель производства овощные смеси {регион};да;да;1;провайдер-06
шаблоны_намерение_регион;руководитель производства птицефабрики {регион};да;да;1;провайдер-12
шаблоны_намерение_регион;руководитель производства рециклинг {регион};да;да;1;провайдер-17
шаблоны_намерение_регион;руководитель производства семена {регион};да;да;1;провайдер-02
шаблоны_намерение_регион;руководитель цеха сухофрукты {регион};да;да;1;провайдер-10
шаблоны_намерение_регион;руководство зерновая компания {регион};да;да;1;провайдер-01
шаблоны_намерение_регион;руководство лесозавод {регион};да;да;1;провайдер-23
шаблоны_намерение_регион;сайт завод вторичной гранулы {регион};да;да;1;провайдер-18
шаблоны_намерение_регион;сепарация орехов оборудование {регион};да;да;1;провайдер-11
шаблоны_намерение_регион;сепарация семян {регион};да;да;1;провайдер-15
шаблоны_намерение_регион;служба главного инженера хлебозавода {регион};да;да;1;провайдер-12
шаблоны_намерение_регион;служба главного механика карьер {регион};да;да;1;провайдер-20
шаблоны_намерение_регион;служба главного механика элеватор {регион};да;да;1;провайдер-07
шаблоны_намерение_регион;служба главного технолога элеватор {регион};да;да;1;провайдер-04
шаблоны_намерение_регион;служба контроля качества экспорт зерна {регион};да;да;1;провайдер-08
шаблоны_намерение_регион;снабжение завод полимеров {регион};да;да;1;провайдер-17
шаблоны_намерение_регион;снабжение кондитерская фабрика {регион};да;да;1;провайдер-05
шаблоны_намерение_регион;снабжение оборудование рециклинг {регион};да;да;1;провайдер-23
шаблоны_намерение_регион;снабжение оборудование рудник {регион};да;да;1;провайдер-16
шаблоны_намерение_регион;снабжение оборудование семеноводство {регион};да;да;1;провайдер-02
шаблоны_намерение_регион;снабжение оборудованием завод ягод {регион};да;да;1;провайдер-06
шаблоны_намерение_регион;снабжение рудник {регион};да;да;1;провайдер-24
шаблоны_намерение_регион;снабжение солевыварочный завод {регион};да;да;1;провайдер-19
шаблоны_намерение_регион;снабжение стекловолоконный завод {регион};да;да;1;провайдер-21
шаблоны_намерение_регион;сортировка дроблёнки {регион};да;да;1;провайдер-22
шаблоны_намерение_регион;сортировка металлолома {регион};да;да;1;провайдер-22
шаблоны_намерение_регион;сортировка семечек {регион};да;да;1;провайдер-09
шаблоны_намерение_регион;сортировка сухофруктов {регион};да;да;1;провайдер-13
шаблоны_намерение_регион;сортировочное оборудование древесина {регион};да;да;1;провайдер-23
шаблоны_намерение_регион;телефон завод переработка ПЭТ {регион};да;да;1;провайдер-18
шаблоны_намерение_регион;телефон завод стекловолокна {регион};да;да;1;провайдер-21
шаблоны_намерение_регион;телефон предприятие вторичная гранула {регион};да;да;1;провайдер-17
шаблоны_намерение_регион;телефон элеватор {регион};да;да;1;провайдер-01
шаблоны_намерение_регион;тендер оборудование элеватор {регион};да;да;1;провайдер-04
шаблоны_намерение_регион;технический директор горно-обогатительный комбинат {регион};да;да;1;провайдер-16
шаблоны_намерение_регион;технический директор деревообработка {регион};да;да;1;провайдер-23
шаблоны_намерение_регион;технический директор завод вторичных полимеров {регион};да;да;1;провайдер-17
шаблоны_намерение_регион;технический директор завод семечки {регион};да;да;1;провайдер-06
шаблоны_намерение_регион;технический директор калийный комбинат {регион};да;да;1;провайдер-19
шаблоны_намерение_регион;технический директор молокозавода {регион};да;да;1;провайдер-12
шаблоны_намерение_регион;технический директор обогатительная {регион};да;да;1;провайдер-24
шаблоны_намерение_регион;технический директор рециклинг {регион};да;да;1;провайдер-21
шаблоны_намерение_регион;технический директор соковый завод {регион};да;да;1;провайдер-09
шаблоны_намерение_регион;технический отдел завод заморозки {регион};да;да;1;провайдер-06
шаблоны_намерение_регион;технический отдел мельница {регион};да;да;1;провайдер-07
шаблоны_намерение_регион;техническое перевооружение крупозавод {регион};да;да;1;провайдер-04
шаблоны_намерение_регион;техническое перевооружение элеватор {регион};да;да;1;провайдер-01
шаблоны_намерение_регион;технолог кондитерское производство {регион};да;да;1;провайдер-05
шаблоны_намерение_регион;технолог крупозавод {регион};да;да;1;провайдер-07
шаблоны_намерение_регион;технолог обжарка семечек {регион};да;да;1;провайдер-10
шаблоны_намерение_регион;технолог переработка бобовых {регион};да;да;1;провайдер-02
шаблоны_намерение_регион;технолог переработка древесины {регион};да;да;1;провайдер-23
шаблоны_намерение_регион;технолог переработка зерна {регион};да;да;1;провайдер-01
шаблоны_намерение_регион;технолог переработка пластика {регион};да;да;1;провайдер-18
шаблоны_намерение_регион;технолог переработка чечевицы {регион};да;да;1;провайдер-14
шаблоны_намерение_регион;технолог переработки орехов {регион};да;да;1;провайдер-13
шаблоны_намерение_регион;технолог подработка семян {регион};да;да;1;провайдер-02
шаблоны_намерение_регион;технолог производство специй {регион};да;да;1;провайдер-11
шаблоны_намерение_регион;технолог семенной завод {регион};да;да;1;провайдер-14
шаблоны_намерение_регион;технолог экспортного элеватора {регион};да;да;1;провайдер-08
шаблоны_намерение_регион;технология обогащения {регион};да;да;1;провайдер-16
шаблоны_намерение_регион;удаление камней из зерна {регион};да;да;1;провайдер-15
шаблоны_намерение_регион;удаление посторонних включений песок {регион};да;да;1;провайдер-19
шаблоны_намерение_регион;удаление примесей из сыпучих {регион};да;да;1;провайдер-20
шаблоны_намерение_регион;управляющий крупозавод {регион};да;да;1;провайдер-07
шаблоны_намерение_регион;электронная почта стекольный завод {регион};да;да;1;провайдер-21
шаблоны_пробелы_регион;"шаблон: ""входит в группу компаний"" {тип} {регион} | пробел: холдинги и дочерние площадки";да;да;1;сессия-5
шаблоны_пробелы_регион;"шаблон: ""производственная площадка"" {продукт} {регион} | пробел: производство на дочке";да;да;1;сессия-5
шаблоны_пробелы_регион;шаблон: site:agroserver.ru {продукт} производитель {регион} | пробел: агро-доска: малые производители без сайта;да;да;1;сессия-5
шаблоны_пробелы_регион;шаблон: site:by фотосепаратор | пробел: РБ: события и покупатели;да;;1;сессия-5
шаблоны_пробелы_регион;шаблон: site:nethouse.ru {тип} {регион} | пробел: сайт на Nethouse;да;да;1;сессия-5
шаблоны_пробелы_регион;шаблон: site:pulscen.ru {продукт} производитель {регион} | пробел: B2B-каталог;да;да;1;сессия-5
шаблоны_пробелы_регион;шаблон: site:taplink.cc {тип} | пробел: только таплинк;да;;1;сессия-5
шаблоны_пробелы_регион;шаблон: site:tilda.ws {тип} {регион} | пробел: сайт на Тильде;да;да;1;сессия-5
шаблоны_пробелы_регион;шаблон: site:vk.com {тип} {регион} | пробел: нет сайта, есть группа VK;да;да;1;сессия-5
шаблоны_пробелы_регион;шаблон: site:wixsite.com {тип} {регион} | пробел: сайт на Wix;да;да;1;сессия-5
шаблоны_пробелы_регион;шаблон: site:yandex.ru/maps/org {тип} {регион} | пробел: только карточка в Яндекс.Картах;да;да;1;сессия-5
шаблоны_пробелы_регион;шаблон: site:zakupki.gov.ru фотосепаратор | пробел: на уровне страны: заказчики по 223-ФЗ;да;;1;сессия-5
шаблоны_пробелы_регион;шаблон: {продукт} exporter Russia supplier | пробел: на уровне страны, Google, экспортёры;да;;1;сессия-5
шаблоны_пробелы_регион;шаблон: {продукт} manufacturer Russia {регион_латиницей} | пробел: экспортёры с англоязычным сайтом (Google);да;;1;сессия-5
шаблоны_пробелы_регион;шаблон: {тип} {регион} ИП глава КФХ | пробел: ИП и КФХ (ИНН из 12 цифр);да;да;1;сессия-5
шаблоны_пробелы_регион;шаблон: ОАО плодоовощной комбинат {регион} УНП | пробел: РБ консервы;да;да;1;сессия-5
шаблоны_пробелы_регион;шаблон: абразивный завод карбид кремния | пробел: на уровне страны, абразивы;да;;1;сессия-5
шаблоны_пробелы_регион;шаблон: горно-обогатительный комбинат {регион} | пробел: руды шире сегмента 22;да;да;1;сессия-5
шаблоны_пробелы_регион;шаблон: горно-обогатительный комбинат кварцевый песок {регион} | пробел: ГОК;да;да;1;сессия-5
шаблоны_пробелы_регион;шаблон: добыча графита месторождение | пробел: на уровне страны, графит;да;;1;сессия-5
шаблоны_пробелы_регион;шаблон: добыча и переработка янтаря | пробел: на уровне страны, янтарь;да;;1;сессия-5
шаблоны_пробелы_регион;шаблон: добыча каолина {регион} | пробел: керамика, сырьё;да;да;1;сессия-5
шаблоны_пробелы_регион;шаблон: добыча кварцита {регион} | пробел: кварциты;да;да;1;сессия-5
шаблоны_пробелы_регион;шаблон: добыча флюорита | пробел: на уровне страны;да;;1;сессия-5
шаблоны_пробелы_регион;шаблон: добыча хромовой руды {регион} | пробел: хромит;да;да;1;сессия-5
шаблоны_пробелы_регион;шаблон: завод напитков розлив в стекло {регион} | пробел: 11.07, под вопросом;да;да;1;сессия-5
шаблоны_пробелы_регион;шаблон: завод сухих кормов для животных {регион} | пробел: 10.92;да;да;1;сессия-5
шаблоны_пробелы_регион;шаблон: заготовитель брусники и клюквы {регион} | пробел: 02.30, ягода;да;да;1;сессия-5
шаблоны_пробелы_регион;шаблон: заготовка дикоросов {регион} | пробел: 02.30;да;да;1;сессия-5
шаблоны_пробелы_регион;шаблон: заготовка и заморозка лесной ягоды {регион} | пробел: 02.30;да;да;1;сессия-5
шаблоны_пробелы_регион;шаблон: заготовка и сушка грибов {регион} | пробел: грибы;да;да;1;сессия-5
шаблоны_пробелы_регион;шаблон: заготовка лекарственного растительного сырья {регион} | пробел: ЛРС, 02.30, 46.46;да;да;1;сессия-5
шаблоны_пробелы_регион;шаблон: заготовка лома цветных металлов {регион} | пробел: цветной лом;да;да;1;сессия-5
шаблоны_пробелы_регион;шаблон: закупка оптического сортировщика тендер | пробел: на уровне страны: коммерческие площадки;да;;1;сессия-5
шаблоны_пробелы_регион;шаблон: запустили линию оптической сортировки {регион} | пробел: события;да;да;1;сессия-5
шаблоны_пробелы_регион;шаблон: зерновой терминал перевалка зерна {регион} | пробел: 52.24, приморские регионы;да;да;1;сессия-5
шаблоны_пробелы_регион;шаблон: импортёр орехов и сухофруктов {регион} | пробел: 46.31, 46.38;да;да;1;сессия-5
шаблоны_пробелы_регион;шаблон: калибровка кондитерского подсолнечника {регион} | пробел: семечка, 46.21;да;да;1;сессия-5
шаблоны_пробелы_регион;шаблон: кварцевая крупка производство {регион} | пробел: кварц;да;да;1;сессия-5
шаблоны_пробелы_регион;шаблон: кварцевый песок для стекольной промышленности {регион} | пробел: стекольный песок;да;да;1;сессия-5
шаблоны_пробелы_регион;шаблон: комбинат хлебопродуктов {регион} | пробел: РБ: элеваторы под другим названием;да;да;1;сессия-5
шаблоны_пробелы_регион;шаблон: консервный завод {регион} | пробел: консервы в стекле, рентген;да;да;1;сессия-5
шаблоны_пробелы_регион;шаблон: контрактная фасовка сыпучих продуктов {регион} | пробел: 82.92;да;да;1;сессия-5
шаблоны_пробелы_регион;шаблон: копакинг пищевых продуктов {регион} | пробел: копакеры;да;да;1;сессия-5
шаблоны_пробелы_регион;шаблон: крахмалопаточный завод кукуруза {регион} | пробел: 10.62;да;да;1;сессия-5
шаблоны_пробелы_регион;шаблон: лизинг фотосепаратора {регион} | пробел: сигнал покупки;да;да;1;сессия-5
шаблоны_пробелы_регион;шаблон: литиевое месторождение сподумен проект | пробел: на уровне страны;да;;1;сессия-5
шаблоны_пробелы_регион;шаблон: мелькомбинат {регион} | пробел: 10.61.2;да;да;1;сессия-5
шаблоны_пробелы_регион;шаблон: мукомольный комбинат {регион} | пробел: 10.61.2;да;да;1;сессия-5
шаблоны_пробелы_регион;шаблон: мясокомбинат {регион} | пробел: мясо, рентген;да;да;1;сессия-5
шаблоны_пробелы_регион;шаблон: мясокомбинат ОАО {регион} | пробел: РБ мясо;да;да;1;сессия-5
шаблоны_пробелы_регион;шаблон: мясоперерабатывающий завод {регион} | пробел: мясо, рентген;да;да;1;сессия-5
шаблоны_пробелы_регион;шаблон: наладчик оптического сортировщика вакансия {регион} | пробел: вакансия как сигнал;да;да;1;сессия-5
шаблоны_пробелы_регион;шаблон: обогатительная фабрика {регион} | пробел: руды;да;да;1;сессия-5
шаблоны_пробелы_регион;шаблон: огнеупорный завод собственный карьер {регион} | пробел: огнеупоры;да;да;1;сессия-5
шаблоны_пробелы_регион;шаблон: оператор рентгеновской установки пищевое производство вакансия {регион} | пробел: вакансия как сигнал, рентген;да;да;1;сессия-5
шаблоны_пробелы_регион;шаблон: оператор фотосепаратора вакансия {регион} | пробел: вакансия как сигнал: оборудование уже стоит;да;да;1;сессия-5
шаблоны_пробелы_регион;шаблон: оптовая компания специи собственная фасовка {регион} | пробел: 46.37;да;да;1;сессия-5
шаблоны_пробелы_регион;шаблон: переплав алюминиевого лома в чушку {регион} | пробел: вторичный алюминий;да;да;1;сессия-5
шаблоны_пробелы_регион;шаблон: переработка кабеля медная гранула {регион} | пробел: кабель, под вопросом;да;да;1;сессия-5
шаблоны_пробелы_регион;шаблон: переработка кедрового ореха {регион} | пробел: кедр, 02.30;да;да;1;сессия-5
шаблоны_пробелы_регион;шаблон: переработка краба и морепродуктов {регион} | пробел: морепродукты, панцирь;да;да;1;сессия-5
шаблоны_пробелы_регион;шаблон: переработка тыквенных семечек {регион} | пробел: тыквенное семя;да;да;1;сессия-5
шаблоны_пробелы_регион;шаблон: пивоваренный завод {регион} | пробел: 11.05;да;да;1;сессия-5
шаблоны_пробелы_регион;шаблон: плодоовощной консервный комбинат {регион} | пробел: консервы, также РБ;да;да;1;сессия-5
шаблоны_пробелы_регион;шаблон: полевошпатовый концентрат производство {регион} | пробел: полевой шпат;да;да;1;сессия-5
шаблоны_пробелы_регион;шаблон: приобрели оптический сортировщик {регион} | пробел: события;да;да;1;сессия-5
шаблоны_пробелы_регион;шаблон: производитель детского питания {регион} | пробел: 10.86;да;да;1;сессия-5
шаблоны_пробелы_регион;шаблон: производитель кормов для кошек и собак {регион} | пробел: 10.92;да;да;1;сессия-5
шаблоны_пробелы_регион;шаблон: производитель ореховой пасты и урбеча {регион} | пробел: пасты;да;да;1;сессия-5
шаблоны_пробелы_регион;шаблон: производитель сушёных грибов {регион} | пробел: грибы;да;да;1;сессия-5
шаблоны_пробелы_регион;шаблон: производитель травяных чаёв и сборов {регион} | пробел: травяные сборы;да;да;1;сессия-5
шаблоны_пробелы_регион;шаблон: производство ПЭТ-преформ {регион} | пробел: 22.22, под вопросом;да;да;1;сессия-5
шаблоны_пробелы_регион;шаблон: производство арахисовой пасты {регион} | пробел: пасты;да;да;1;сессия-5
шаблоны_пробелы_регион;шаблон: производство влажных кормов для животных паучи {регион} | пробел: 10.92, рентген;да;да;1;сессия-5
шаблоны_пробелы_регион;шаблон: производство вторичного алюминия {регион} | пробел: вторичный алюминий, рентген;да;да;1;сессия-5
шаблоны_пробелы_регион;шаблон: производство детского пюре и каш {регион} | пробел: 10.86;да;да;1;сессия-5
шаблоны_пробелы_регион;шаблон: производство жареных семечек {регион} | пробел: семечка;да;да;1;сессия-5
шаблоны_пробелы_регион;шаблон: производство иван-чая {регион} | пробел: чай, 01.28, ИП;да;да;1;сессия-5
шаблоны_пробелы_регион;шаблон: производство консервов в стеклянной банке {регион} | пробел: рентген стекла;да;да;1;сессия-5
шаблоны_пробелы_регион;шаблон: производство кормов для рыб аквакультура {регион} | пробел: 10.91, под вопросом;да;да;1;сессия-5
шаблоны_пробелы_регион;шаблон: производство куриного филе и полуфабрикатов {регион} | пробел: птица, рентген на кости;да;да;1;сессия-5
шаблоны_пробелы_регион;шаблон: производство мюсли и гранолы {регион} | пробел: снеки;да;да;1;сессия-5
шаблоны_пробелы_регион;шаблон: производство мясных полуфабрикатов {регион} | пробел: мясо, рентген;да;да;1;сессия-5
шаблоны_пробелы_регион;шаблон: производство пеллет {регион} | пробел: пеллеты, под вопросом;да;да;1;сессия-5
шаблоны_пробелы_регион;шаблон: производство под собственной торговой маркой сетей крупы {регион} | пробел: СТМ;да;да;1;сессия-5
шаблоны_пробелы_регион;шаблон: производство рыбного филе {регион} | пробел: рыба, рентген;да;да;1;сессия-5
шаблоны_пробелы_регион;шаблон: производство сухих завтраков и хлопьев {регион} | пробел: 10.61.3;да;да;1;сессия-5
шаблоны_пробелы_регион;шаблон: производство технического кремния | пробел: на уровне страны, кремний;да;;1;сессия-5
шаблоны_пробелы_регион;шаблон: производство фиточаёв {регион} | пробел: фито;да;да;1;сессия-5
шаблоны_пробелы_регион;шаблон: производство хлебцев {регион} | пробел: 10.72;да;да;1;сессия-5
шаблоны_пробелы_регион;шаблон: птицефабрика убой и переработка {регион} | пробел: птица, ОКВЭД 01.47;да;да;1;сессия-5
шаблоны_пробелы_регион;шаблон: райпо заготовка дикорастущих ягод и грибов {регион} | пробел: РБ: дикоросы через потребкооперацию;да;да;1;сессия-5
шаблоны_пробелы_регион;шаблон: рентгеновская система инспекции внедрение {регион} | пробел: события, рентген;да;да;1;сессия-5
шаблоны_пробелы_регион;шаблон: рентгенолюминесцентный сепаратор обогатительная фабрика | пробел: на уровне страны: алмазы, РЛС;да;;1;сессия-5
шаблоны_пробелы_регион;шаблон: рентгенорадиометрическая сепарация руды | пробел: на уровне страны: кто уже применяет РРС;да;;1;сессия-5
шаблоны_пробелы_регион;шаблон: рыбоконсервный завод {регион} | пробел: консервы и рыба;да;да;1;сессия-5
шаблоны_пробелы_регион;шаблон: рыболовецкая компания береговая переработка {регион} | пробел: рыба, ОКВЭД 03.11;да;да;1;сессия-5
шаблоны_пробелы_регион;шаблон: рыбоперерабатывающий завод {регион} | пробел: рыба, ОКВЭД 03.11;да;да;1;сессия-5
шаблоны_пробелы_регион;шаблон: свинокомплекс собственный мясокомбинат {регион} | пробел: агрохолдинги 01.46;да;да;1;сессия-5
шаблоны_пробелы_регион;шаблон: семенная компания пакетированные семена {регион} | пробел: семена, 46.21, 47.76;да;да;1;сессия-5
шаблоны_пробелы_регион;шаблон: солодовенный завод {регион} | пробел: 11.06;да;да;1;сессия-5
шаблоны_пробелы_регион;шаблон: сортекс на производстве {регион} | пробел: Sortex как имя нарицательное;да;да;1;сессия-5
шаблоны_пробелы_регион;шаблон: спиртовой завод зерновое сырьё {регион} | пробел: 11.01, под вопросом;да;да;1;сессия-5
шаблоны_пробелы_регион;шаблон: стивидорная компания зерно {регион} | пробел: 52.24;да;да;1;сессия-5
шаблоны_пробелы_регион;шаблон: сыродельный завод {регион} | пробел: 10.51, под вопросом;да;да;1;сессия-5
шаблоны_пробелы_регион;шаблон: установили фотосепаратор {регион} | пробел: события: реальные покупатели;да;да;1;сессия-5
шаблоны_пробелы_регион;шаблон: фармацевтическая фабрика фитопрепараты {регион} | пробел: 21.20 фито;да;да;1;сессия-5
шаблоны_пробелы_регион;шаблон: фармацевтический завод {регион} | пробел: 21.20, под вопросом;да;да;1;сессия-5
шаблоны_пробелы_регион;шаблон: фасовка круп собственное производство {регион} | пробел: фасовщики, 82.92;да;да;1;сессия-5
шаблоны_пробелы_регион;шаблон: фасовка семян овощей и цветов {регион} | пробел: семена;да;да;1;сессия-5
шаблоны_пробелы_регион;шаблон: фасовщик орехов и сухофруктов {регион} | пробел: фасовщики;да;да;1;сессия-5
шаблоны_пробелы_регион;шаблон: фонд развития промышленности заём линия сортировки {регион} | пробел: ФРП и региональные фонды;да;да;1;сессия-5
шаблоны_пробелы_регион;шаблон: цветосортировщик на предприятии {регион} | пробел: синоним «цветосортировщик»;да;да;1;сессия-5
шаблоны_пробелы_регион;шаблон: чаеразвесочная фабрика {регион} | пробел: чай, 10.83;да;да;1;сессия-5
шаблоны_пробелы_регион;шаблон: ядро подсолнечника производитель {регион} | пробел: ядро, лущение;да;да;1;сессия-5
шаблоны_продукция_регион;производство гречневой крупы {регион};да;да;5;провайдер-01, провайдер-03, провайдер-04, провайдер-07, провайдер-15
шаблоны_продукция_регион;очистка зерна {регион};да;да;4;провайдер-01, провайдер-03, провайдер-04, провайдер-07
шаблоны_продукция_регион;переработка гречихи {регион};да;да;4;провайдер-01, провайдер-04, провайдер-07, провайдер-12
шаблоны_продукция_регион;производство овсяных хлопьев {регион};да;да;4;провайдер-01, провайдер-04, провайдер-07, провайдер-15
шаблоны_продукция_регион;производство перловой крупы {регион};да;да;4;провайдер-01, провайдер-03, провайдер-04, провайдер-15
шаблоны_продукция_регион;производство пшена {регион};да;да;4;провайдер-01, провайдер-04, провайдер-07, провайдер-15
шаблоны_продукция_регион;производство регранулята {регион};да;да;4;провайдер-18, провайдер-21, провайдер-22, провайдер-23
шаблоны_продукция_регион;сортировка зерна {регион};да;да;4;провайдер-01, провайдер-03, провайдер-04, провайдер-15
шаблоны_продукция_регион;фасовка крупы {регион};да;да;4;провайдер-01, провайдер-03, провайдер-04, провайдер-07
шаблоны_продукция_регион;шелушение зерна {регион};да;да;4;провайдер-01, провайдер-04, провайдер-07, провайдер-12
шаблоны_продукция_регион;переработка зерна {регион};да;да;3;провайдер-01, провайдер-03, провайдер-04
шаблоны_продукция_регион;подработка зерна {регион};да;да;3;провайдер-03, провайдер-04, провайдер-07
шаблоны_продукция_регион;производство ПЭТ-флекса {регион};да;да;3;провайдер-17, провайдер-18, провайдер-21
шаблоны_продукция_регион;производство агломерата {регион};да;да;3;провайдер-17, провайдер-21, провайдер-22
шаблоны_продукция_регион;производство жареных семечек {регион};да;да;3;провайдер-06, провайдер-09, провайдер-10
шаблоны_продукция_регион;производство замороженных овощей {регион};да;да;3;провайдер-06, провайдер-09, провайдер-10
шаблоны_продукция_регион;производство кварцевого песка {регион};да;да;3;провайдер-16, провайдер-19, провайдер-20
шаблоны_продукция_регион;производство кедрового ядра {регион};да;да;3;провайдер-05, провайдер-11, провайдер-13
шаблоны_продукция_регион;производство крупы {регион};да;да;3;провайдер-01, провайдер-04, провайдер-07
шаблоны_продукция_регион;производство магнезита {регион};да;да;3;провайдер-16, провайдер-19, провайдер-20
шаблоны_продукция_регион;производство миндаля {регион};да;да;3;провайдер-03, провайдер-05, провайдер-11
шаблоны_продукция_регион;производство риса {регион};да;да;3;провайдер-03, провайдер-04, провайдер-07
шаблоны_продукция_регион;производство сухофруктов {регион};да;да;3;провайдер-03, провайдер-09, провайдер-10
шаблоны_продукция_регион;производство шоколада с орехами {регион};да;да;3;провайдер-03, провайдер-05, провайдер-13
шаблоны_продукция_регион;производство щебня {регион};да;да;3;провайдер-16, провайдер-19, провайдер-20
шаблоны_продукция_регион;фасовка орехов {регион};да;да;3;провайдер-05, провайдер-13, провайдер-15
шаблоны_продукция_регион;хранение зерна {регион};да;да;3;провайдер-04, провайдер-07, провайдер-15
шаблоны_продукция_регион;выращивание нута {регион};да;да;2;провайдер-02, провайдер-14
шаблоны_продукция_регион;выращивание чечевицы {регион};да;да;2;провайдер-02, провайдер-14
шаблоны_продукция_регион;добыча алмазов {регион};да;да;2;провайдер-16, провайдер-24
шаблоны_продукция_регион;известняковая мука {регион};да;да;2;провайдер-16, сессия-2
шаблоны_продукция_регион;калибровка зерна {регион};да;да;2;провайдер-01, провайдер-04
шаблоны_продукция_регион;калибровка крупы {регион};да;да;2;провайдер-03, провайдер-07
шаблоны_продукция_регион;калибровка семечек {регион};да;да;2;провайдер-03, провайдер-09
шаблоны_продукция_регион;калибровка семян {регион};да;да;2;провайдер-06, провайдер-08
шаблоны_продукция_регион;лекарственные травы заготовка {регион};да;да;2;провайдер-02, провайдер-14
шаблоны_продукция_регион;льноволокно производство {регион};да;да;2;провайдер-02, провайдер-14
шаблоны_продукция_регион;обогащение кварца {регион};да;да;2;провайдер-19, провайдер-20
шаблоны_продукция_регион;очистка кварцевого песка {регион};да;да;2;провайдер-19, провайдер-20
шаблоны_продукция_регион;переработка овощей {регион};да;да;2;провайдер-09, провайдер-12
шаблоны_продукция_регион;переработка овса {регион};да;да;2;провайдер-04, провайдер-07
шаблоны_продукция_регион;переработка подсолнечника {регион};да;да;2;провайдер-01, провайдер-15
шаблоны_продукция_регион;переработка пшеницы {регион};да;да;2;провайдер-01, провайдер-04
шаблоны_продукция_регион;переработка сои {регион};да;да;2;провайдер-01, провайдер-15
шаблоны_продукция_регион;производство азотных удобрений {регион};да;да;2;провайдер-19, провайдер-20
шаблоны_продукция_регион;производство арахиса {регион};да;да;2;провайдер-03, провайдер-11
шаблоны_продукция_регион;производство вторичного PP {регион};да;да;2;провайдер-17, провайдер-18
шаблоны_продукция_регион;производство вторичного ПЭТ {регион};да;да;2;провайдер-18, провайдер-23
шаблоны_продукция_регион;производство вторичного полиэтилена {регион};да;да;2;провайдер-17, провайдер-22
шаблоны_продукция_регион;производство вторичной гранулы {регион};да;да;2;провайдер-18, провайдер-21
шаблоны_продукция_регион;производство гороха {регион};да;да;2;провайдер-02, провайдер-14
шаблоны_продукция_регион;производство грецкого ореха {регион};да;да;2;провайдер-03, провайдер-11
шаблоны_продукция_регион;производство гречки {регион};да;да;2;провайдер-04, провайдер-07
шаблоны_продукция_регион;производство доломита {регион};да;да;2;провайдер-19, провайдер-20
шаблоны_продукция_регион;производство дроблёнки {регион};да;да;2;провайдер-17, провайдер-21
шаблоны_продукция_регион;производство дроблёнки пластика {регион};да;да;2;провайдер-18, провайдер-22
шаблоны_продукция_регион;производство жареного арахиса {регион};да;да;2;провайдер-05, провайдер-13
шаблоны_продукция_регион;производство жареных орехов {регион};да;да;2;провайдер-10, провайдер-11
шаблоны_продукция_регион;производство замороженных ягод {регион};да;да;2;провайдер-06, провайдер-09
шаблоны_продукция_регион;производство золотого концентрата {регион};да;да;2;провайдер-16, провайдер-24
шаблоны_продукция_регион;производство известняка {регион};да;да;2;провайдер-16, провайдер-19
шаблоны_продукция_регион;производство изюма {регион};да;да;2;провайдер-06, провайдер-09
шаблоны_продукция_регион;производство калийных удобрений {регион};да;да;2;провайдер-19, провайдер-20
шаблоны_продукция_регион;производство каменной соли {регион};да;да;2;провайдер-19, провайдер-20
шаблоны_продукция_регион;производство кварца {регион};да;да;2;провайдер-19, провайдер-20
шаблоны_продукция_регион;производство козинаков {регион};да;да;2;провайдер-05, провайдер-13
шаблоны_продукция_регион;производство комбикормов {регион};да;да;2;провайдер-01, провайдер-12
шаблоны_продукция_регион;производство конфет с орехами {регион};да;да;2;провайдер-05, провайдер-13
шаблоны_продукция_регион;производство круп {регион};да;да;2;провайдер-04, провайдер-12
шаблоны_продукция_регион;производство кураги {регион};да;да;2;провайдер-06, провайдер-09
шаблоны_продукция_регион;производство минеральных удобрений {регион};да;да;2;провайдер-19, провайдер-20
шаблоны_продукция_регион;производство муки {регион};да;да;2;провайдер-04, провайдер-12
шаблоны_продукция_регион;производство нута {регион};да;да;2;провайдер-02, провайдер-14
шаблоны_продукция_регион;производство овощных смесей {регион};да;да;2;провайдер-09, провайдер-10
шаблоны_продукция_регион;производство овсянки {регион};да;да;2;провайдер-04, провайдер-07
шаблоны_продукция_регион;производство овсяной крупы {регион};да;да;2;провайдер-03, провайдер-04
шаблоны_продукция_регион;производство ореховой крошки {регион};да;да;2;провайдер-05, провайдер-11
шаблоны_продукция_регион;производство ореховой муки {регион};да;да;2;провайдер-05, провайдер-11
шаблоны_продукция_регион;производство ореховой пасты {регион};да;да;2;провайдер-05, провайдер-11
шаблоны_продукция_регион;производство очищенного фундука {регион};да;да;2;провайдер-05, провайдер-13
шаблоны_продукция_регион;производство перловки {регион};да;да;2;провайдер-04, провайдер-07
шаблоны_продукция_регион;производство подсолнечного масла {регион};да;да;2;провайдер-08, провайдер-15
шаблоны_продукция_регион;производство пралине {регион};да;да;2;провайдер-05, провайдер-13
шаблоны_продукция_регион;производство рапсового масла {регион};да;да;2;провайдер-08, провайдер-15
шаблоны_продукция_регион;производство растительного масла {регион};да;да;2;провайдер-01, провайдер-12
шаблоны_продукция_регион;производство семян льна {регион};да;да;2;провайдер-02, провайдер-14
шаблоны_продукция_регион;производство семян подсолнечника {регион};да;да;2;провайдер-02, провайдер-06
шаблоны_продукция_регион;производство снеков {регион};да;да;2;провайдер-03, провайдер-09
шаблоны_продукция_регион;производство снеков из орехов {регион};да;да;2;провайдер-05, провайдер-11
шаблоны_продукция_регион;производство соевого масла {регион};да;да;2;провайдер-08, провайдер-15
шаблоны_продукция_регион;производство стеклобоя {регион};да;да;2;провайдер-21, провайдер-22
шаблоны_продукция_регион;производство сушеных ягод {регион};да;да;2;провайдер-06, провайдер-09
шаблоны_продукция_регион;производство табака {регион};да;да;2;провайдер-02, провайдер-14
шаблоны_продукция_регион;производство технической соли {регион};да;да;2;провайдер-19, провайдер-20
шаблоны_продукция_регион;производство флекса из ПЭТ {регион};да;да;2;провайдер-17, провайдер-21
шаблоны_продукция_регион;производство фундука {регион};да;да;2;провайдер-03, провайдер-11
шаблоны_продукция_регион;производство халвы {регион};да;да;2;провайдер-05, провайдер-13
шаблоны_продукция_регион;производство хлопьев {регион};да;да;2;провайдер-04, провайдер-07
шаблоны_продукция_регион;производство чернослива {регион};да;да;2;провайдер-06, провайдер-09
шаблоны_продукция_регион;производство чечевицы {регион};да;да;2;провайдер-02, провайдер-14
шаблоны_продукция_регион;производство чипсов {регион};да;да;2;провайдер-03, провайдер-10
шаблоны_продукция_регион;производство ягодных соков {регион};да;да;2;провайдер-06, провайдер-09
шаблоны_продукция_регион;семена кукурузы производство {регион};да;да;2;провайдер-14, сессия-1
шаблоны_продукция_регион;сортировка щебня {регион};да;да;2;провайдер-19, провайдер-20
шаблоны_продукция_регион;сушка зерна {регион};да;да;2;провайдер-04, провайдер-07
шаблоны_продукция_регион;табачное сырье {регион};да;да;2;провайдер-02, провайдер-14
шаблоны_продукция_регион;фасовка сухофруктов {регион};да;да;2;провайдер-06, провайдер-09
шаблоны_продукция_регион;шлифовка крупы {регион};да;да;2;провайдер-01, провайдер-04
шаблоны_продукция_регион;экспорт гороха {регион};да;да;2;провайдер-08, провайдер-15
шаблоны_продукция_регион;экспорт нута {регион};да;да;2;провайдер-08, провайдер-15
шаблоны_продукция_регион;экспорт подсолнечника {регион};да;да;2;провайдер-08, провайдер-15
шаблоны_продукция_регион;экспорт рапса {регион};да;да;2;провайдер-08, провайдер-15
шаблоны_продукция_регион;экспорт сои {регион};да;да;2;провайдер-08, провайдер-15
шаблоны_продукция_регион;экспорт чечевицы {регион};да;да;2;провайдер-08, провайдер-15
шаблоны_продукция_регион;ПВХ дроблёнка оконного профиля белая {регион};да;да;1;сессия-2
шаблоны_продукция_регион;ПЭТ флекс бутылочный прозрачный {регион};да;да;1;сессия-2
шаблоны_продукция_регион;ПЭТ флекс оптом {регион};да;да;1;сессия-2
шаблоны_продукция_регион;ПЭТ хлопья от производителя {регион};да;да;1;сессия-2
шаблоны_продукция_регион;агломерат ПВД {регион};да;да;1;сессия-2
шаблоны_продукция_регион;агломерация полимеров {регион};да;да;1;провайдер-18
шаблоны_продукция_регион;алмазная руда {регион};да;да;1;провайдер-16
шаблоны_продукция_регион;антрацит от разреза {регион};да;да;1;сессия-2
шаблоны_продукция_регион;арахис обжаренный производство {регион};да;да;1;сессия-1
шаблоны_продукция_регион;аспирация подсолнечника {регион};да;да;1;провайдер-08
шаблоны_продукция_регион;белый щебень {регион};да;да;1;сессия-2
шаблоны_продукция_регион;бобовые шлифованные {регион};да;да;1;провайдер-14
шаблоны_продукция_регион;брикеты из металлической стружки {регион};да;да;1;сессия-2
шаблоны_продукция_регион;брикеты из стружки {регион};да;да;1;провайдер-24
шаблоны_продукция_регион;брусника замороженная оптом {регион};да;да;1;сессия-1
шаблоны_продукция_регион;булгур производство {регион};да;да;1;сессия-1
шаблоны_продукция_регион;вишня замороженная без косточки {регион};да;да;1;сессия-1
шаблоны_продукция_регион;вторичная гранула ПВД стрейч {регион};да;да;1;сессия-2
шаблоны_продукция_регион;вторичная гранула ПНД от производителя {регион};да;да;1;сессия-2
шаблоны_продукция_регион;вторичная резиновая крошка {регион};да;да;1;провайдер-22
шаблоны_продукция_регион;вторичный АБС {регион};да;да;1;провайдер-22
шаблоны_продукция_регион;вторичный ПВД ПНД {регион};да;да;1;провайдер-22
шаблоны_продукция_регион;вторичный ПП {регион};да;да;1;провайдер-22
шаблоны_продукция_регион;вторичный ПС {регион};да;да;1;провайдер-22
шаблоны_продукция_регион;вторичный ПЭТ гранула {регион};да;да;1;сессия-2
шаблоны_продукция_регион;вторичный щебень из бетона {регион};да;да;1;сессия-2
шаблоны_продукция_регион;глубокая заморозка овощей {регион};да;да;1;провайдер-10
шаблоны_продукция_регион;голубика производитель {регион};да;да;1;сессия-1
шаблоны_продукция_регион;горная порода {регион};да;да;1;провайдер-16
шаблоны_продукция_регион;горох колотый производство {регион};да;да;1;провайдер-14
шаблоны_продукция_регион;горох колотый шлифованный {регион};да;да;1;сессия-1
шаблоны_продукция_регион;горчица семена производитель {регион};да;да;1;сессия-1
шаблоны_продукция_регион;гравий окатанный фракционированный {регион};да;да;1;сессия-2
шаблоны_продукция_регион;гравийная смесь {регион};да;да;1;провайдер-16
шаблоны_продукция_регион;гравитационное обогащение {регион};да;да;1;провайдер-24
шаблоны_продукция_регион;гранулирование удобрений {регион};да;да;1;провайдер-19
шаблоны_продукция_регион;гранулированное удобрение производство {регион};да;да;1;провайдер-20
шаблоны_продукция_регион;гранулированные удобрения производитель {регион};да;да;1;сессия-2
шаблоны_продукция_регион;грецкий орех переработка {регион};да;да;1;сессия-1
шаблоны_продукция_регион;гречка зелёная производитель {регион};да;да;1;сессия-1
шаблоны_продукция_регион;гречка ядрица производитель {регион};да;да;1;сессия-1
шаблоны_продукция_регион;грибы сушёные заготовка {регион};да;да;1;сессия-1
шаблоны_продукция_регион;декоративный щебень от производителя {регион};да;да;1;сессия-2
шаблоны_продукция_регион;добыча вольфрамовой руды {регион};да;да;1;провайдер-16
шаблоны_продукция_регион;добыча доломита {регион};да;да;1;провайдер-16
шаблоны_продукция_регион;добыча золота {регион};да;да;1;провайдер-16
шаблоны_продукция_регион;добыча и переработка руды {регион};да;да;1;провайдер-24
шаблоны_продукция_регион;добыча кварцевого песка {регион};да;да;1;провайдер-16
шаблоны_продукция_регион;добыча угля {регион};да;да;1;провайдер-16
шаблоны_продукция_регион;доведение до экспортных кондиций {регион};да;да;1;провайдер-08
шаблоны_продукция_регион;доломитовая крошка {регион};да;да;1;сессия-2
шаблоны_продукция_регион;доломитовая мука {регион};да;да;1;сессия-2
шаблоны_продукция_регион;доломитовый щебень {регион};да;да;1;сессия-2
шаблоны_продукция_регион;доработка зерна {регион};да;да;1;провайдер-01
шаблоны_продукция_регион;древесная дроблёнка {регион};да;да;1;сессия-2
шаблоны_продукция_регион;дробление и сортировка руды {регион};да;да;1;провайдер-24
шаблоны_продукция_регион;дробление орехов {регион};да;да;1;провайдер-13
шаблоны_продукция_регион;дробление пластиковых отходов {регион};да;да;1;провайдер-21
шаблоны_продукция_регион;дробление стекла {регион};да;да;1;провайдер-21
шаблоны_продукция_регион;дробление щебня {регион};да;да;1;провайдер-19
шаблоны_продукция_регион;дробленый камень {регион};да;да;1;провайдер-16
шаблоны_продукция_регион;дроблёнка АБС {регион};да;да;1;сессия-2
шаблоны_продукция_регион;дроблёнка ПВХ {регион};да;да;1;сессия-2
шаблоны_продукция_регион;дроблёнка ПНД {регион};да;да;1;сессия-2
шаблоны_продукция_регион;дроблёнка ПП {регион};да;да;1;сессия-2
шаблоны_продукция_регион;дроблёнка ПС УПМ {регион};да;да;1;сессия-2
шаблоны_продукция_регион;дроблёный пластик {регион};да;да;1;провайдер-22
шаблоны_продукция_регион;дроблёный щебень {регион};да;да;1;провайдер-20
шаблоны_продукция_регион;жимолость выращивание {регион};да;да;1;сессия-1
шаблоны_продукция_регион;заготовка дикоросов {регион};да;да;1;провайдер-09
шаблоны_продукция_регион;заготовка зерна {регион};да;да;1;провайдер-15
шаблоны_продукция_регион;закупаем стеклобой {регион};да;да;1;сессия-2
шаблоны_продукция_регион;закупка зерна {регион};да;да;1;провайдер-15
шаблоны_продукция_регион;заморозка клубники {регион};да;да;1;провайдер-09
шаблоны_продукция_регион;заморозка малины {регион};да;да;1;провайдер-09
шаблоны_продукция_регион;заморозка смородины {регион};да;да;1;провайдер-09
шаблоны_продукция_регион;зелёный горошек консервированный {регион};да;да;1;сессия-1
шаблоны_продукция_регион;зерно на экспорт отгрузка {регион};да;да;1;сессия-1
шаблоны_продукция_регион;зерносмесь для птиц производитель {регион};да;да;1;сессия-1
шаблоны_продукция_регион;змеевик крошка {регион};да;да;1;сессия-2
шаблоны_продукция_регион;золотоносная руда {регион};да;да;1;провайдер-16
шаблоны_продукция_регион;иван-чай производство {регион};да;да;1;сессия-1
шаблоны_продукция_регион;известняковый щебень {регион};да;да;1;сессия-2
шаблоны_продукция_регион;известь комовая производитель {регион};да;да;1;сессия-2
шаблоны_продукция_регион;извлечение золота {регион};да;да;1;провайдер-24
шаблоны_продукция_регион;изготовление картофельного пюре {регион};да;да;1;провайдер-10
шаблоны_продукция_регион;изюм производитель {регион};да;да;1;сессия-1
шаблоны_продукция_регион;икра минтая лосося переработка {регион};да;да;1;сессия-1
шаблоны_продукция_регион;калиброванные семена {регион};да;да;1;провайдер-14
шаблоны_продукция_регион;калиброванный песок {регион};да;да;1;провайдер-20
шаблоны_продукция_регион;калибровка бобовых {регион};да;да;1;провайдер-02
шаблоны_продукция_регион;калибровка вторсырья {регион};да;да;1;провайдер-21
шаблоны_продукция_регион;калибровка грецкого ореха {регион};да;да;1;провайдер-13
шаблоны_продукция_регион;калибровка каменной соли {регион};да;да;1;провайдер-20
шаблоны_продукция_регион;калибровка картофеля {регион};да;да;1;провайдер-10
шаблоны_продукция_регион;калибровка нерудных материалов {регион};да;да;1;провайдер-19
шаблоны_продукция_регион;калибровка ореха {регион};да;да;1;провайдер-05
шаблоны_продукция_регион;калибровка орехов {регион};да;да;1;провайдер-03
шаблоны_продукция_регион;калибровка семян подсолнечника {регион};да;да;1;провайдер-15
шаблоны_продукция_регион;калибровка фундука {регион};да;да;1;провайдер-13
шаблоны_продукция_регион;калибровка щебня {регион};да;да;1;провайдер-16
шаблоны_продукция_регион;калибровка щепы {регион};да;да;1;провайдер-23
шаблоны_продукция_регион;калибровка ягод {регион};да;да;1;провайдер-06
шаблоны_продукция_регион;каменная фракция {регион};да;да;1;провайдер-16
шаблоны_продукция_регион;каменные фракции производство {регион};да;да;1;провайдер-20
шаблоны_продукция_регион;картофель мытый калиброванный оптом {регион};да;да;1;сессия-1
шаблоны_продукция_регион;картофель фри производство {регион};да;да;1;сессия-1
шаблоны_продукция_регион;картофельные хлопья производство {регион};да;да;1;сессия-1
шаблоны_продукция_регион;кварцевая крупка {регион};да;да;1;сессия-2
шаблоны_продукция_регион;кварцевая мука {регион};да;да;1;провайдер-16
шаблоны_продукция_регион;кварцевый песок для литейного производства {регион};да;да;1;сессия-2
шаблоны_продукция_регион;кварцевый песок для стекольной промышленности {регион};да;да;1;сессия-2
шаблоны_продукция_регион;кварцевый песок сухой от производителя {регион};да;да;1;сессия-2
шаблоны_продукция_регион;кварцевый песок фракционированный {регион};да;да;1;сессия-2
шаблоны_продукция_регион;кварцевый песок фракция 0,1-0,4 {регион};да;да;1;сессия-2
шаблоны_продукция_регион;кварцит дроблёный {регион};да;да;1;сессия-2
шаблоны_продукция_регион;кедровое ядро производитель {регион};да;да;1;сессия-1
шаблоны_продукция_регион;кедровый орех очищенный {регион};да;да;1;сессия-1
шаблоны_продукция_регион;кешью обжарка фасовка {регион};да;да;1;сессия-1
шаблоны_продукция_регион;киноа выращивание {регион};да;да;1;сессия-1
шаблоны_продукция_регион;клюква оптом заготовка {регион};да;да;1;сессия-1
шаблоны_продукция_регион;козинаки производство {регион};да;да;1;сессия-1
шаблоны_продукция_регион;компаунд ПП наполненный производитель {регион};да;да;1;сессия-2
шаблоны_продукция_регион;компаундирование пластиков {регион};да;да;1;провайдер-18
шаблоны_продукция_регион;конопля техническая семена {регион};да;да;1;сессия-1
шаблоны_продукция_регион;концентрат вольфрама {регион};да;да;1;провайдер-24
шаблоны_продукция_регион;концентрат золота {регион};да;да;1;провайдер-24
шаблоны_продукция_регион;концентрат меди {регион};да;да;1;провайдер-24
шаблоны_продукция_регион;концентрат руды {регион};да;да;1;провайдер-16
шаблоны_продукция_регион;кориандр семена оптом {регион};да;да;1;сессия-1
шаблоны_продукция_регион;корм для грызунов производство {регион};да;да;1;сессия-1
шаблоны_продукция_регион;корм для попугаев производство {регион};да;да;1;сессия-1
шаблоны_продукция_регион;кофе в зёрнах обжарка {регион};да;да;1;сессия-1
шаблоны_продукция_регион;кристаллизация соли {регион};да;да;1;провайдер-19
шаблоны_продукция_регион;кристаллическое удобрение производство {регион};да;да;1;провайдер-20
шаблоны_продукция_регион;кукуруза сахарная переработка {регион};да;да;1;сессия-1
шаблоны_продукция_регион;кунжут производитель {регион};да;да;1;сессия-1
шаблоны_продукция_регион;курага производство {регион};да;да;1;сессия-1
шаблоны_продукция_регион;кус-кус производство {регион};да;да;1;сессия-1
шаблоны_продукция_регион;лаванда производство {регион};да;да;1;провайдер-02
шаблоны_продукция_регион;лекарственное сырьё {регион};да;да;1;провайдер-14
шаблоны_продукция_регион;лекарственные растения переработка {регион};да;да;1;провайдер-02
шаблоны_продукция_регион;лом алюминия приём {регион};да;да;1;сессия-2
шаблоны_продукция_регион;лом цветных металлов оптом {регион};да;да;1;сессия-2
шаблоны_продукция_регион;лук репчатый калиброванный оптом {регион};да;да;1;сессия-1
шаблоны_продукция_регион;лущение подсолнечника {регион};да;да;1;провайдер-08
шаблоны_продукция_регион;льносемена производство {регион};да;да;1;провайдер-02
шаблоны_продукция_регион;льняная мука производство {регион};да;да;1;провайдер-14
шаблоны_продукция_регион;льняное масло производство {регион};да;да;1;провайдер-14
шаблоны_продукция_регион;льняное семя производство {регион};да;да;1;провайдер-14
шаблоны_продукция_регион;лён масличный выращивание {регион};да;да;1;сессия-1
шаблоны_продукция_регион;лён семена оптом {регион};да;да;1;сессия-1
шаблоны_продукция_регион;маш производитель {регион};да;да;1;сессия-1
шаблоны_продукция_регион;медная крупка {регион};да;да;1;сессия-2
шаблоны_продукция_регион;мел кусковой {регион};да;да;1;сессия-2
шаблоны_продукция_регион;мел молотый от производителя {регион};да;да;1;сессия-2
шаблоны_продукция_регион;мел наполнитель для полимеров {регион};да;да;1;сессия-2
шаблоны_продукция_регион;микрокальцит {регион};да;да;1;сессия-2
шаблоны_продукция_регион;миндаль обжарка {регион};да;да;1;сессия-1
шаблоны_продукция_регион;мойка ПЭТ {регион};да;да;1;провайдер-21
шаблоны_продукция_регион;мойка и сортировка овощей {регион};да;да;1;провайдер-10
шаблоны_продукция_регион;молотый мрамор {регион};да;да;1;сессия-2
шаблоны_продукция_регион;морковь мытая фасованная оптом {регион};да;да;1;сессия-1
шаблоны_продукция_регион;мраморная крошка от производителя {регион};да;да;1;сессия-2
шаблоны_продукция_регион;мраморная мука {регион};да;да;1;сессия-2
шаблоны_продукция_регион;мраморный щебень {регион};да;да;1;сессия-2
шаблоны_продукция_регион;мясо механической обвалки производство {регион};да;да;1;сессия-1
шаблоны_продукция_регион;мята переработка {регион};да;да;1;провайдер-02
шаблоны_продукция_регион;нерудные материалы {регион};да;да;1;провайдер-16
шаблоны_продукция_регион;нут калиброванный {регион};да;да;1;провайдер-14
шаблоны_продукция_регион;нут калиброванный оптом {регион};да;да;1;сессия-1
шаблоны_продукция_регион;нут производитель {регион};да;да;1;сессия-1
шаблоны_продукция_регион;обжарка миндаля {регион};да;да;1;провайдер-13
шаблоны_продукция_регион;обжарка семян подсолнечника {регион};да;да;1;провайдер-10
шаблоны_продукция_регион;обжарка тыквенных семечек {регион};да;да;1;провайдер-09
шаблоны_продукция_регион;облепиха заготовка переработка {регион};да;да;1;сессия-1
шаблоны_продукция_регион;обогащение алмазосодержащей руды {регион};да;да;1;провайдер-24
шаблоны_продукция_регион;обогащение вольфрамовой руды {регион};да;да;1;провайдер-24
шаблоны_продукция_регион;обогащение доломита {регион};да;да;1;провайдер-20
шаблоны_продукция_регион;обогащение золотосодержащей руды {регион};да;да;1;провайдер-24
шаблоны_продукция_регион;обогащение известняка {регион};да;да;1;провайдер-20
шаблоны_продукция_регион;обогащение коксующегося угля {регион};да;да;1;провайдер-24
шаблоны_продукция_регион;обогащение медной руды {регион};да;да;1;провайдер-24
шаблоны_продукция_регион;обогащение оловянной руды {регион};да;да;1;провайдер-24
шаблоны_продукция_регион;обогащение угля {регион};да;да;1;провайдер-24
шаблоны_продукция_регион;обогащение энергетического угля {регион};да;да;1;провайдер-24
шаблоны_продукция_регион;обогащенная руда {регион};да;да;1;провайдер-16
шаблоны_продукция_регион;обогащенный уголь {регион};да;да;1;провайдер-16
шаблоны_продукция_регион;обрушивание гречихи {регион};да;да;1;провайдер-07
шаблоны_продукция_регион;обрушивание зерна {регион};да;да;1;провайдер-07
шаблоны_продукция_регион;овощные смеси заморозка производитель {регион};да;да;1;сессия-1
шаблоны_продукция_регион;овсяные хлопья производство {регион};да;да;1;сессия-1
шаблоны_продукция_регион;оптовая торговля зерном {регион};да;да;1;провайдер-15
шаблоны_продукция_регион;оптовая торговля комбикормами {регион};да;да;1;провайдер-15
шаблоны_продукция_регион;оптовая торговля масличными {регион};да;да;1;провайдер-15
шаблоны_продукция_регион;ореховая паста производитель {регион};да;да;1;сессия-1
шаблоны_продукция_регион;ореховые снеки {регион};да;да;1;провайдер-10
шаблоны_продукция_регион;оригинальные семена {регион};да;да;1;провайдер-14
шаблоны_продукция_регион;отгрузка зерна на экспорт {регион};да;да;1;провайдер-01
шаблоны_продукция_регион;очистка вторсырья {регион};да;да;1;провайдер-23
шаблоны_продукция_регион;очистка и калибровка семечек {регион};да;да;1;провайдер-10
шаблоны_продукция_регион;очистка кедрового ореха {регион};да;да;1;провайдер-13
шаблоны_продукция_регион;очистка масличных {регион};да;да;1;провайдер-15
шаблоны_продукция_регион;очистка орехов {регион};да;да;1;провайдер-03
шаблоны_продукция_регион;очистка подсолнечника {регион};да;да;1;провайдер-08
шаблоны_продукция_регион;очистка риса {регион};да;да;1;провайдер-07
шаблоны_продукция_регион;очистка семечки {регион};да;да;1;провайдер-06
шаблоны_продукция_регион;очистка семян подсолнечника {регион};да;да;1;провайдер-09
шаблоны_продукция_регион;очистка стеклобоя {регион};да;да;1;провайдер-21
шаблоны_продукция_регион;паприка молотая производство {регион};да;да;1;сессия-1
шаблоны_продукция_регион;перга пыльца оптом {регион};да;да;1;сессия-1
шаблоны_продукция_регион;переработка ПЭТ-бутылок производство {регион};да;да;1;провайдер-17
шаблоны_продукция_регион;переработка ПЭТ-отходов {регион};да;да;1;провайдер-18
шаблоны_продукция_регион;переработка автопокрышек {регион};да;да;1;провайдер-22
шаблоны_продукция_регион;переработка биг-бэгов {регион};да;да;1;провайдер-22
шаблоны_продукция_регион;переработка бобовых {регион};да;да;1;провайдер-01
шаблоны_продукция_регион;переработка вторичного пластика {регион};да;да;1;провайдер-18
шаблоны_продукция_регион;переработка горбыля {регион};да;да;1;провайдер-23
шаблоны_продукция_регион;переработка зерновых {регион};да;да;1;провайдер-07
шаблоны_продукция_регион;переработка известняка {регион};да;да;1;провайдер-19
шаблоны_продукция_регион;переработка картофеля {регион};да;да;1;провайдер-10
шаблоны_продукция_регион;переработка кукурузы {регион};да;да;1;провайдер-01
шаблоны_продукция_регион;переработка лома цветных металлов {регион};да;да;1;провайдер-24
шаблоны_продукция_регион;переработка лома чёрных металлов {регион};да;да;1;провайдер-24
шаблоны_продукция_регион;переработка лосося {регион};да;да;1;провайдер-12
шаблоны_продукция_регион;переработка масличных на давальческой основе {регион};да;да;1;провайдер-08
шаблоны_продукция_регион;переработка металлической стружки {регион};да;да;1;провайдер-24
шаблоны_продукция_регион;переработка морепродуктов {регион};да;да;1;провайдер-12
шаблоны_продукция_регион;переработка опилок {регион};да;да;1;провайдер-23
шаблоны_продукция_регион;переработка ореха-кругляка {регион};да;да;1;провайдер-13
шаблоны_продукция_регион;переработка орехов {регион};да;да;1;провайдер-03
шаблоны_продукция_регион;переработка отходов производства {регион};да;да;1;провайдер-22
шаблоны_продукция_регион;переработка паллетной плёнки {регион};да;да;1;провайдер-22
шаблоны_продукция_регион;переработка пластика в гранулу {регион};да;да;1;провайдер-17
шаблоны_продукция_регион;переработка пластиковой тары {регион};да;да;1;провайдер-21
шаблоны_продукция_регион;переработка пластиковых бутылок {регион};да;да;1;провайдер-18
шаблоны_продукция_регион;переработка плодов {регион};да;да;1;провайдер-09
шаблоны_продукция_регион;переработка полимерной плёнки {регион};да;да;1;провайдер-21
шаблоны_продукция_регион;переработка полимерных отходов {регион};да;да;1;провайдер-18
шаблоны_продукция_регион;переработка птицы {регион};да;да;1;провайдер-12
шаблоны_продукция_регион;переработка рапса {регион};да;да;1;провайдер-15
шаблоны_продукция_регион;переработка риса {регион};да;да;1;провайдер-07
шаблоны_продукция_регион;переработка руды {регион};да;да;1;провайдер-24
шаблоны_продукция_регион;переработка сельди {регион};да;да;1;провайдер-12
шаблоны_продукция_регион;переработка стрейч-плёнки {регион};да;да;1;провайдер-22
шаблоны_продукция_регион;переработка сухофруктов {регион};да;да;1;провайдер-03
шаблоны_продукция_регион;переработка ягод {регион};да;да;1;провайдер-09
шаблоны_продукция_регион;переработка ячменя {регион};да;да;1;провайдер-04
шаблоны_продукция_регион;переработка ящиков пластиковых {регион};да;да;1;провайдер-22
шаблоны_продукция_регион;перловка ячневая крупа производитель {регион};да;да;1;сессия-1
шаблоны_продукция_регион;песчано-гравийная смесь {регион};да;да;1;провайдер-16
шаблоны_продукция_регион;подготовка металлолома к переплавке {регион};да;да;1;провайдер-24
шаблоны_продукция_регион;подготовка полимерного вторсырья {регион};да;да;1;провайдер-21
шаблоны_продукция_регион;подработка древесного сырья {регион};да;да;1;провайдер-23
шаблоны_продукция_регион;подработка зерна на экспорт {регион};да;да;1;провайдер-08
шаблоны_продукция_регион;подработка зерна экспорт {регион};да;да;1;провайдер-01
шаблоны_продукция_регион;подработка картофеля {регион};да;да;1;провайдер-10
шаблоны_продукция_регион;подработка минерального сырья {регион};да;да;1;провайдер-20
шаблоны_продукция_регион;подработка орехов {регион};да;да;1;провайдер-13
шаблоны_продукция_регион;подработка семенного материала {регион};да;да;1;провайдер-02
шаблоны_продукция_регион;подсолнечник крупноплодный кондитерский {регион};да;да;1;сессия-1
шаблоны_продукция_регион;полба производитель {регион};да;да;1;сессия-1
шаблоны_продукция_регион;полевой шпат {регион};да;да;1;сессия-2
шаблоны_продукция_регион;полировка риса {регион};да;да;1;провайдер-07
шаблоны_продукция_регион;помол зерна {регион};да;да;1;провайдер-12
шаблоны_продукция_регион;поставка зерна на экспорт {регион};да;да;1;провайдер-01
шаблоны_продукция_регион;приёмка зерна {регион};да;да;1;провайдер-04
шаблоны_продукция_регион;продажа зерна на экспорт {регион};да;да;1;провайдер-01
шаблоны_продукция_регион;производство OSB плит {регион};да;да;1;провайдер-23
шаблоны_продукция_регион;производство curry {регион};да;да;1;провайдер-11
шаблоны_продукция_регион;производство ДВП {регион};да;да;1;провайдер-23
шаблоны_продукция_регион;производство ДСП {регион};да;да;1;провайдер-23
шаблоны_продукция_регион;производство МДФ {регион};да;да;1;провайдер-23
шаблоны_продукция_регион;производство ПВХ-компаунда {регион};да;да;1;провайдер-17
шаблоны_продукция_регион;производство ПЭТ флекса {регион};да;да;1;провайдер-22
шаблоны_продукция_регион;производство ПЭТ-гранулята {регион};да;да;1;провайдер-21
шаблоны_продукция_регион;производство ПЭТ-хлопьев {регион};да;да;1;провайдер-18
шаблоны_продукция_регион;производство алюминиевой крошки {регион};да;да;1;провайдер-22
шаблоны_продукция_регион;производство аммиачной селитры {регион};да;да;1;провайдер-20
шаблоны_продукция_регион;производство батончиков с орехами {регион};да;да;1;провайдер-05
шаблоны_продукция_регион;производство брикетов из стружки {регион};да;да;1;провайдер-22
шаблоны_продукция_регион;производство вафель с орехами {регион};да;да;1;провайдер-05
шаблоны_продукция_регион;производство вторичного HDPE {регион};да;да;1;провайдер-18
шаблоны_продукция_регион;производство вторичного ПВД {регион};да;да;1;провайдер-21
шаблоны_продукция_регион;производство вторичного ПВХ {регион};да;да;1;провайдер-17
шаблоны_продукция_регион;производство вторичного ПНД {регион};да;да;1;провайдер-21
шаблоны_продукция_регион;производство вторичного ПП {регион};да;да;1;провайдер-21
шаблоны_продукция_регион;производство вторичного полимера {регион};да;да;1;провайдер-18
шаблоны_продукция_регион;производство вторичного полипропилена {регион};да;да;1;провайдер-22
шаблоны_продукция_регион;производство вторичного сырья {регион};да;да;1;провайдер-22
шаблоны_продукция_регион;производство вторичного сырья из пластика {регион};да;да;1;провайдер-17
шаблоны_продукция_регион;производство вторичной гранулы ПНД {регион};да;да;1;провайдер-17
шаблоны_продукция_регион;производство вторичных гранул {регион};да;да;1;провайдер-22
шаблоны_продукция_регион;производство вторичных полимеров {регион};да;да;1;провайдер-23
шаблоны_продукция_регион;производство вяленых ягод {регион};да;да;1;провайдер-06
шаблоны_продукция_регион;производство горчичного масла {регион};да;да;1;провайдер-08
шаблоны_продукция_регион;производство гравия {регион};да;да;1;провайдер-20
шаблоны_продукция_регион;производство гранитного щебня {регион};да;да;1;провайдер-19
шаблоны_продукция_регион;производство гранолы {регион};да;да;1;провайдер-05
шаблоны_продукция_регион;производство гранулята из отходов {регион};да;да;1;провайдер-17
шаблоны_продукция_регион;производство грильяжа {регион};да;да;1;провайдер-13
шаблоны_продукция_регион;производство драже с орехами {регион};да;да;1;провайдер-05
шаблоны_продукция_регион;производство древесной щепы {регион};да;да;1;провайдер-23
шаблоны_продукция_регион;производство древесных брикетов {регион};да;да;1;провайдер-23
шаблоны_продукция_регион;производство древесных пеллет {регион};да;да;1;провайдер-23
шаблоны_продукция_регион;производство древесных плит {регион};да;да;1;провайдер-23
шаблоны_продукция_регион;производство дроблёных полимеров {регион};да;да;1;провайдер-23
шаблоны_продукция_регион;производство жареного кофе {регион};да;да;1;провайдер-11
шаблоны_продукция_регион;производство жареной семечки {регион};да;да;1;провайдер-06
шаблоны_продукция_регион;производство замороженного картофеля {регион};да;да;1;провайдер-10
шаблоны_продукция_регион;производство замороженной вишни {регион};да;да;1;провайдер-06
шаблоны_продукция_регион;производство замороженной зелени {регион};да;да;1;провайдер-09
шаблоны_продукция_регион;производство замороженной клубники {регион};да;да;1;провайдер-06
шаблоны_продукция_регион;производство замороженной малины {регион};да;да;1;провайдер-06
шаблоны_продукция_регион;производство замороженной смородины {регион};да;да;1;провайдер-06
шаблоны_продукция_регион;производство замороженной черники {регион};да;да;1;провайдер-06
шаблоны_продукция_регион;производство замороженных овощных смесей {регион};да;да;1;провайдер-06
шаблоны_продукция_регион;производство известнякового щебня {регион};да;да;1;провайдер-19
шаблоны_продукция_регион;производство известняковой муки {регион};да;да;1;провайдер-20
шаблоны_продукция_регион;производство инженерных пластиков {регион};да;да;1;провайдер-18
шаблоны_продукция_регион;производство каменной крошки {регион};да;да;1;провайдер-19
шаблоны_продукция_регион;производство карбамида {регион};да;да;1;провайдер-20
шаблоны_продукция_регион;производство картофельного крахмала {регион};да;да;1;провайдер-10
шаблоны_продукция_регион;производство картофельных снеков {регион};да;да;1;провайдер-10
шаблоны_продукция_регион;производство картофельных хлопьев {регион};да;да;1;провайдер-10
шаблоны_продукция_регион;производство картофельных чипсов {регион};да;да;1;провайдер-10
шаблоны_продукция_регион;производство картофеля фри {регион};да;да;1;провайдер-10
шаблоны_продукция_регион;производство кедрового ореха {регион};да;да;1;провайдер-03
шаблоны_продукция_регион;производство кешью {регион};да;да;1;провайдер-03
шаблоны_продукция_регион;производство колбасы {регион};да;да;1;провайдер-12
шаблоны_продукция_регион;производство компаундов {регион};да;да;1;провайдер-18
шаблоны_продукция_регион;производство композитных гранул {регион};да;да;1;провайдер-17
шаблоны_продукция_регион;производство кондитерских изделий {регион};да;да;1;провайдер-12
шаблоны_продукция_регион;производство консервов {регион};да;да;1;провайдер-12
шаблоны_продукция_регион;производство концентрированных соков {регион};да;да;1;провайдер-06
шаблоны_продукция_регион;производство копченой рыбы {регион};да;да;1;провайдер-12
шаблоны_продукция_регион;производство кормов для животных {регион};да;да;1;провайдер-12
шаблоны_продукция_регион;производство кофе в зернах {регион};да;да;1;провайдер-11
шаблоны_продукция_регион;производство красителей для полимеров {регион};да;да;1;провайдер-18
шаблоны_продукция_регион;производство крупяных изделий {регион};да;да;1;провайдер-07
шаблоны_продукция_регион;производство кукурузной крупы {регион};да;да;1;провайдер-07
шаблоны_продукция_регион;производство кукурузных хлопьев {регион};да;да;1;провайдер-03
шаблоны_продукция_регион;производство куриного филе {регион};да;да;1;провайдер-12
шаблоны_продукция_регион;производство листового стекла {регион};да;да;1;провайдер-21
шаблоны_продукция_регион;производство листового чая {регион};да;да;1;провайдер-11
шаблоны_продукция_регион;производство льняного масла {регион};да;да;1;провайдер-08
шаблоны_продукция_регион;производство макарон {регион};да;да;1;провайдер-12
шаблоны_продукция_регион;производство марципана {регион};да;да;1;провайдер-05
шаблоны_продукция_регион;производство масла {регион};да;да;1;провайдер-12
шаблоны_продукция_регион;производство мастербатча {регион};да;да;1;провайдер-17
шаблоны_продукция_регион;производство мастербатчей {регион};да;да;1;провайдер-18
шаблоны_продукция_регион;производство маша {регион};да;да;1;провайдер-02
шаблоны_продукция_регион;производство медной крошки {регион};да;да;1;провайдер-22
шаблоны_продукция_регион;производство минеральной ваты {регион};да;да;1;провайдер-21
шаблоны_продукция_регион;производство модифицированных полимеров {регион};да;да;1;провайдер-17
шаблоны_продукция_регион;производство молотого кофе {регион};да;да;1;провайдер-11
шаблоны_продукция_регион;производство молотых специй {регион};да;да;1;провайдер-11
шаблоны_продукция_регион;производство молочной продукции {регион};да;да;1;провайдер-12
шаблоны_продукция_регион;производство мюсли с орехами {регион};да;да;1;провайдер-05
шаблоны_продукция_регион;производство мясных полуфабрикатов {регион};да;да;1;провайдер-12
шаблоны_продукция_регион;производство наполненных компаундов {регион};да;да;1;провайдер-18
шаблоны_продукция_регион;производство нуги {регион};да;да;1;провайдер-13
шаблоны_продукция_регион;производство обжаренных семян {регион};да;да;1;провайдер-06
шаблоны_продукция_регион;производство орехов {регион};да;да;1;провайдер-03
шаблоны_продукция_регион;производство орехов в скорлупе {регион};да;да;1;провайдер-11
шаблоны_продукция_регион;производство орехов в шоколаде {регион};да;да;1;провайдер-05
шаблоны_продукция_регион;производство орехово-фруктовых смесей {регион};да;да;1;провайдер-05
шаблоны_продукция_регион;производство орехового масла {регион};да;да;1;провайдер-11
шаблоны_продукция_регион;производство орехового ядра {регион};да;да;1;провайдер-13
шаблоны_продукция_регион;производство ореховой крупки {регион};да;да;1;провайдер-13
шаблоны_продукция_регион;производство ореховых снеков {регион};да;да;1;провайдер-09
шаблоны_продукция_регион;производство оригинальных семян {регион};да;да;1;провайдер-02
шаблоны_продукция_регион;производство очищенного грецкого ореха {регион};да;да;1;провайдер-13
шаблоны_продукция_регион;производство очищенного миндаля {регион};да;да;1;провайдер-13
шаблоны_продукция_регион;производство очищенных орехов {регион};да;да;1;провайдер-11
шаблоны_продукция_регион;производство печенья с орехами {регион};да;да;1;провайдер-05
шаблоны_продукция_регион;производство пиломатериалов {регион};да;да;1;провайдер-23
шаблоны_продукция_регион;производство пищевой соли {регион};да;да;1;провайдер-19
шаблоны_продукция_регион;производство пластиковой гранулы {регион};да;да;1;провайдер-18
шаблоны_продукция_регион;производство полимерного концентрата {регион};да;да;1;провайдер-17
шаблоны_продукция_регион;производство полимерной крошки {регион};да;да;1;провайдер-17
шаблоны_продукция_регион;производство полимерных добавок {регион};да;да;1;провайдер-17
шаблоны_продукция_регион;производство полимерных композиций {регион};да;да;1;провайдер-18
шаблоны_продукция_регион;производство полимеров {регион};да;да;1;провайдер-18
шаблоны_продукция_регион;производство полипропиленовой гранулы {регион};да;да;1;провайдер-17
шаблоны_продукция_регион;производство полиэтиленовой крошки {регион};да;да;1;провайдер-17
шаблоны_продукция_регион;производство полуфабрикатов из картофеля {регион};да;да;1;провайдер-10
шаблоны_продукция_регион;производство пряностей {регион};да;да;1;провайдер-11
шаблоны_продукция_регион;производство пшеничной крупы {регион};да;да;1;провайдер-03
шаблоны_продукция_регион;производство растворимого кофе {регион};да;да;1;провайдер-11
шаблоны_продукция_регион;производство регранулята HDPE {регион};да;да;1;провайдер-17
шаблоны_продукция_регион;производство рисовой крупы {регион};да;да;1;провайдер-01
шаблоны_продукция_регион;производство рыбного филе {регион};да;да;1;провайдер-12
шаблоны_продукция_регион;производство рыбных консервов {регион};да;да;1;провайдер-12
шаблоны_продукция_регион;производство сахара {регион};да;да;1;провайдер-12
шаблоны_продукция_регион;производство семечек {регион};да;да;1;провайдер-03
шаблоны_продукция_регион;производство семян кукурузы {регион};да;да;1;провайдер-02
шаблоны_продукция_регион;производство семян первой репродукции {регион};да;да;1;провайдер-02
шаблоны_продукция_регион;производство семян рапса {регион};да;да;1;провайдер-02
шаблоны_продукция_регион;производство семян сои {регион};да;да;1;провайдер-02
шаблоны_продукция_регион;производство смесей специй {регион};да;да;1;провайдер-11
шаблоны_продукция_регион;производство снеков из семян {регион};да;да;1;провайдер-06
шаблоны_продукция_регион;производство соков {регион};да;да;1;провайдер-12
шаблоны_продукция_регион;производство соков прямого отжима {регион};да;да;1;провайдер-06
шаблоны_продукция_регион;производство соленых орехов {регион};да;да;1;провайдер-11
шаблоны_продукция_регион;производство стекловаты {регион};да;да;1;провайдер-21
шаблоны_продукция_регион;производство стекловолокна {регион};да;да;1;провайдер-21
шаблоны_продукция_регион;производство стеклопеска {регион};да;да;1;провайдер-20
шаблоны_продукция_регион;производство стеклотары {регион};да;да;1;провайдер-21
шаблоны_продукция_регион;производство стеклянной крошки {регион};да;да;1;провайдер-22
шаблоны_продукция_регион;производство стекольного песка {регион};да;да;1;провайдер-19
шаблоны_продукция_регион;производство строительного песка {регион};да;да;1;провайдер-19
шаблоны_продукция_регион;производство сублимированных ягод {регион};да;да;1;провайдер-09
шаблоны_продукция_регион;производство суперконцентрата {регион};да;да;1;провайдер-17
шаблоны_продукция_регион;производство суперконцентратов {регион};да;да;1;провайдер-18
шаблоны_продукция_регион;производство сушеной клюквы {регион};да;да;1;провайдер-06
шаблоны_продукция_регион;производство сушеных приправ {регион};да;да;1;провайдер-11
шаблоны_продукция_регион;производство сушеных фруктов {регион};да;да;1;провайдер-10
шаблоны_продукция_регион;производство сыра {регион};да;да;1;провайдер-12
шаблоны_продукция_регион;производство творога {регион};да;да;1;провайдер-12
шаблоны_продукция_регион;производство термопластичных эластомеров {регион};да;да;1;провайдер-18
шаблоны_продукция_регион;производство технического стекла {регион};да;да;1;провайдер-21
шаблоны_продукция_регион;производство технологической щепы {регион};да;да;1;провайдер-23
шаблоны_продукция_регион;производство топливных брикетов {регион};да;да;1;провайдер-23
шаблоны_продукция_регион;производство топливных пеллет {регион};да;да;1;провайдер-23
шаблоны_продукция_регион;производство тортов с орехами {регион};да;да;1;провайдер-05
шаблоны_продукция_регион;производство тыквенных семечек {регион};да;да;1;провайдер-06
шаблоны_продукция_регион;производство угля {регион};да;да;1;провайдер-16
шаблоны_продукция_регион;производство урбеча {регион};да;да;1;провайдер-05
шаблоны_продукция_регион;производство фанеры {регион};да;да;1;провайдер-23
шаблоны_продукция_регион;производство фасованного чая {регион};да;да;1;провайдер-11
шаблоны_продукция_регион;производство фасоли {регион};да;да;1;провайдер-02
шаблоны_продукция_регион;производство флекса {регион};да;да;1;провайдер-23
шаблоны_продукция_регион;производство флекса ПЭТФ {регион};да;да;1;провайдер-18
шаблоны_продукция_регион;производство формовочного песка {регион};да;да;1;провайдер-19
шаблоны_продукция_регион;производство фосфатных удобрений {регион};да;да;1;провайдер-19
шаблоны_продукция_регион;производство фосфорных удобрений {регион};да;да;1;провайдер-20
шаблоны_продукция_регион;производство фруктовых соков {регион};да;да;1;провайдер-09
шаблоны_продукция_регион;производство хлеба {регион};да;да;1;провайдер-12
шаблоны_продукция_регион;производство хлебобулочных изделий {регион};да;да;1;провайдер-12
шаблоны_продукция_регион;производство цветных концентратов для полимеров {регион};да;да;1;провайдер-17
шаблоны_продукция_регион;производство чая в пакетиках {регион};да;да;1;провайдер-11
шаблоны_продукция_регион;производство черного перца {регион};да;да;1;провайдер-11
шаблоны_продукция_регион;производство чипсов металла {регион};да;да;1;провайдер-22
шаблоны_продукция_регион;производство щебеночно-песчаной смеси {регион};да;да;1;провайдер-19
шаблоны_продукция_регион;производство элитных семян {регион};да;да;1;провайдер-02
шаблоны_продукция_регион;производство ядра грецкого ореха {регион};да;да;1;провайдер-05
шаблоны_продукция_регион;производство ядра ореха {регион};да;да;1;провайдер-11
шаблоны_продукция_регион;производство ячневой крупы {регион};да;да;1;провайдер-07
шаблоны_продукция_регион;пропаривание крупы {регион};да;да;1;провайдер-04
шаблоны_продукция_регион;просо оптом {регион};да;да;1;сессия-1
шаблоны_продукция_регион;противогололёдный реагент от производителя {регион};да;да;1;сессия-2
шаблоны_продукция_регион;протравленные семена {регион};да;да;1;провайдер-14
шаблоны_продукция_регион;пшеница 3 класс продажа элеватор {регион};да;да;1;сессия-1
шаблоны_продукция_регион;пшено шлифованное производитель {регион};да;да;1;сессия-1
шаблоны_продукция_регион;разделка мяса {регион};да;да;1;провайдер-12
шаблоны_продукция_регион;рапс производитель {регион};да;да;1;сессия-1
шаблоны_продукция_регион;растительное лекарственное сырье {регион};да;да;1;провайдер-14
шаблоны_продукция_регион;расторопша семена {регион};да;да;1;сессия-1
шаблоны_продукция_регион;регранулят ПП {регион};да;да;1;сессия-2
шаблоны_продукция_регион;резиновый гранулят {регион};да;да;1;провайдер-22
шаблоны_продукция_регион;рентгеновская сортировка руды {регион};да;да;1;провайдер-24
шаблоны_продукция_регион;репродукционные семена {регион};да;да;1;провайдер-14
шаблоны_продукция_регион;рециклинг ПЭТ {регион};да;да;1;провайдер-18
шаблоны_продукция_регион;рециклинг полипропилена {регион};да;да;1;провайдер-18
шаблоны_продукция_регион;рециклинг полиэтилена {регион};да;да;1;провайдер-18
шаблоны_продукция_регион;рис круглозёрный производитель {регион};да;да;1;сессия-1
шаблоны_продукция_регион;рис пропаренный производство {регион};да;да;1;сессия-1
шаблоны_продукция_регион;ромашка аптечная выращивание {регион};да;да;1;сессия-1
шаблоны_продукция_регион;ромашка производство {регион};да;да;1;провайдер-02
шаблоны_продукция_регион;рушка подсолнечника {регион};да;да;1;провайдер-08
шаблоны_продукция_регион;рыбное филе производство {регион};да;да;1;сессия-1
шаблоны_продукция_регион;рыжик семена масло {регион};да;да;1;сессия-1
шаблоны_продукция_регион;сафлор выращивание {регион};да;да;1;сессия-1
шаблоны_продукция_регион;семена газонных трав производитель {регион};да;да;1;сессия-1
шаблоны_продукция_регион;семена зерновых производство {регион};да;да;1;провайдер-14
шаблоны_продукция_регион;семена многолетних трав производитель {регион};да;да;1;сессия-1
шаблоны_продукция_регион;семена овощей производство {регион};да;да;1;провайдер-14
шаблоны_продукция_регион;семена овощей фасовка {регион};да;да;1;сессия-1
шаблоны_продукция_регион;семена подсолнечника гибриды производство {регион};да;да;1;сессия-1
шаблоны_продукция_регион;семена подсолнечника производство {регион};да;да;1;провайдер-14
шаблоны_продукция_регион;семена рапса производство {регион};да;да;1;провайдер-14
шаблоны_продукция_регион;семечки подсолнечника кондитерские {регион};да;да;1;сессия-1
шаблоны_продукция_регион;сепарация зерна {регион};да;да;1;провайдер-01
шаблоны_продукция_регион;сепарация масличных {регион};да;да;1;провайдер-08
шаблоны_продукция_регион;сепарация руды {регион};да;да;1;провайдер-24
шаблоны_продукция_регион;смородина замороженная производитель {регион};да;да;1;сессия-1
шаблоны_продукция_регион;соль галит {регион};да;да;1;сессия-2
шаблоны_продукция_регион;соль для ПСС {регион};да;да;1;сессия-2
шаблоны_продукция_регион;соль таблетированная {регион};да;да;1;сессия-2
шаблоны_продукция_регион;сортировка алмазов {регион};да;да;1;провайдер-24
шаблоны_продукция_регион;сортировка арахиса {регион};да;да;1;провайдер-13
шаблоны_продукция_регион;сортировка древесных отходов {регион};да;да;1;провайдер-23
шаблоны_продукция_регион;сортировка картофеля {регион};да;да;1;провайдер-10
шаблоны_продукция_регион;сортировка крупы {регион};да;да;1;провайдер-07
шаблоны_продукция_регион;сортировка масличных {регион};да;да;1;провайдер-08
шаблоны_продукция_регион;сортировка металлолома {регион};да;да;1;провайдер-24
шаблоны_продукция_регион;сортировка орехов {регион};да;да;1;провайдер-05
шаблоны_продукция_регион;сортировка пластика {регион};да;да;1;провайдер-21
шаблоны_продукция_регион;сортировка пластиковых отходов {регион};да;да;1;провайдер-23
шаблоны_продукция_регион;сортировка руды {регион};да;да;1;провайдер-16
шаблоны_продукция_регион;сортировка стеклобоя {регион};да;да;1;провайдер-21
шаблоны_продукция_регион;сортировка сухофруктов {регион};да;да;1;провайдер-03
шаблоны_продукция_регион;сортировка угля {регион};да;да;1;провайдер-24
шаблоны_продукция_регион;сортировка ягод {регион};да;да;1;провайдер-06
шаблоны_продукция_регион;соя пищевая производитель {регион};да;да;1;сессия-1
шаблоны_продукция_регион;стеклобой оптом {регион};да;да;1;сессия-2
шаблоны_продукция_регион;стеклокрошка {регион};да;да;1;сессия-2
шаблоны_продукция_регион;стеклянная крошка декоративная {регион};да;да;1;сессия-2
шаблоны_продукция_регион;строительный камень {регион};да;да;1;провайдер-16
шаблоны_продукция_регион;стружка алюминиевая приём {регион};да;да;1;сессия-2
шаблоны_продукция_регион;суперконцентрат белый производитель {регион};да;да;1;сессия-2
шаблоны_продукция_регион;сушка груш {регион};да;да;1;провайдер-09
шаблоны_продукция_регион;сушка зерна экспорт {регион};да;да;1;провайдер-01
шаблоны_продукция_регион;сушка фруктов и овощей {регион};да;да;1;провайдер-10
шаблоны_продукция_регион;сушка фундука {регион};да;да;1;провайдер-13
шаблоны_продукция_регион;сушка яблок {регион};да;да;1;провайдер-09
шаблоны_продукция_регион;сушёная рыба вобла производство {регион};да;да;1;сессия-1
шаблоны_продукция_регион;сушёные яблоки производство {регион};да;да;1;сессия-1
шаблоны_продукция_регион;табак ферментация {регион};да;да;1;провайдер-02
шаблоны_продукция_регион;табак ферментированный {регион};да;да;1;сессия-1
шаблоны_продукция_регион;техническая соль от производителя {регион};да;да;1;сессия-2
шаблоны_продукция_регион;технологическая щепа {регион};да;да;1;сессия-2
шаблоны_продукция_регион;товарная руда {регион};да;да;1;провайдер-20
шаблоны_продукция_регион;товарный уголь {регион};да;да;1;провайдер-16
шаблоны_продукция_регион;толокно производство {регион};да;да;1;сессия-1
шаблоны_продукция_регион;томаты сушёные производство {регион};да;да;1;сессия-1
шаблоны_продукция_регион;травяной сбор производитель {регион};да;да;1;сессия-1
шаблоны_продукция_регион;тыквенная семечка голосемянная {регион};да;да;1;сессия-1
шаблоны_продукция_регион;убой птицы {регион};да;да;1;провайдер-12
шаблоны_продукция_регион;уголь ДПК ДО ДОМ {регион};да;да;1;сессия-2
шаблоны_продукция_регион;уголь сортовой от производителя {регион};да;да;1;сессия-2
шаблоны_продукция_регион;уголь фракционированный {регион};да;да;1;сессия-2
шаблоны_продукция_регион;упаковка замороженных овощей {регион};да;да;1;провайдер-10
шаблоны_продукция_регион;упаковка замороженных ягод {регион};да;да;1;провайдер-06
шаблоны_продукция_регион;урбеч производство {регион};да;да;1;сессия-1
шаблоны_продукция_регион;утилизация промотходов {регион};да;да;1;провайдер-22
шаблоны_продукция_регион;утилизация стружки {регион};да;да;1;провайдер-24
шаблоны_продукция_регион;фарш куриный производство {регион};да;да;1;сессия-1
шаблоны_продукция_регион;фарш рыбный производство {регион};да;да;1;сессия-1
шаблоны_продукция_регион;фасовка зерна {регион};да;да;1;провайдер-01
шаблоны_продукция_регион;фасовка минеральных удобрений {регион};да;да;1;провайдер-19
шаблоны_продукция_регион;фасовка орехов и сухофруктов {регион};да;да;1;провайдер-10
шаблоны_продукция_регион;фасовка пеллет {регион};да;да;1;провайдер-23
шаблоны_продукция_регион;фасовка регранулята {регион};да;да;1;провайдер-21
шаблоны_продукция_регион;фасоль производитель {регион};да;да;1;сессия-1
шаблоны_продукция_регион;фисташки обжарка {регион};да;да;1;сессия-1
шаблоны_продукция_регион;фитосырье {регион};да;да;1;провайдер-14
шаблоны_продукция_регион;флекс ПЭТ {регион};да;да;1;провайдер-22
шаблоны_продукция_регион;флекс голубой зелёный продам {регион};да;да;1;сессия-2
шаблоны_продукция_регион;флотация руды {регион};да;да;1;провайдер-24
шаблоны_продукция_регион;флюоритовый концентрат {регион};да;да;1;сессия-2
шаблоны_продукция_регион;фракционирование песка {регион};да;да;1;провайдер-19
шаблоны_продукция_регион;фракционирование подсолнечника {регион};да;да;1;провайдер-08
шаблоны_продукция_регион;фракционированный щебень {регион};да;да;1;провайдер-20
шаблоны_продукция_регион;фракция щебня {регион};да;да;1;провайдер-16
шаблоны_продукция_регион;фундук выращивание {регион};да;да;1;сессия-1
шаблоны_продукция_регион;халва подсолнечная производство {регион};да;да;1;сессия-1
шаблоны_продукция_регион;хранение и сортировка картофеля {регион};да;да;1;провайдер-10
шаблоны_продукция_регион;цветная каменная крошка {регион};да;да;1;сессия-2
шаблоны_продукция_регион;черника замороженная оптом {регион};да;да;1;сессия-1
шаблоны_продукция_регион;чернослив производство {регион};да;да;1;сессия-1
шаблоны_продукция_регион;чеснок производитель {регион};да;да;1;сессия-1
шаблоны_продукция_регион;чечевица производитель {регион};да;да;1;сессия-1
шаблоны_продукция_регион;чечевица шлифованная {регион};да;да;1;провайдер-14
шаблоны_продукция_регион;чиа выращивание {регион};да;да;1;сессия-1
шаблоны_продукция_регион;чистка орехов {регион};да;да;1;провайдер-13
шаблоны_продукция_регион;шалфей производство {регион};да;да;1;провайдер-02
шаблоны_продукция_регион;шиповник заготовка {регион};да;да;1;сессия-1
шаблоны_продукция_регион;шлаковый щебень {регион};да;да;1;сессия-2
шаблоны_продукция_регион;шлифовка риса {регион};да;да;1;провайдер-07
шаблоны_продукция_регион;шоковая заморозка овощей {регион};да;да;1;провайдер-10
шаблоны_продукция_регион;щебень фракции 5-20 от производителя {регион};да;да;1;сессия-2
шаблоны_продукция_регион;щепа топливная от производителя {регион};да;да;1;сессия-2
шаблоны_продукция_регион;экспорт жмыха {регион};да;да;1;провайдер-08
шаблоны_продукция_регион;экспорт кукурузы {регион};да;да;1;провайдер-15
шаблоны_продукция_регион;экспорт льна {регион};да;да;1;провайдер-15
шаблоны_продукция_регион;экспорт пшеницы {регион};да;да;1;провайдер-15
шаблоны_продукция_регион;экспорт рапсового шрота {регион};да;да;1;провайдер-08
шаблоны_продукция_регион;экспорт семян льна {регион};да;да;1;провайдер-08
шаблоны_продукция_регион;экспорт семян подсолнечника {регион};да;да;1;провайдер-08
шаблоны_продукция_регион;экспорт соевого шрота {регион};да;да;1;провайдер-08
шаблоны_продукция_регион;экспорт шрота подсолнечного {регион};да;да;1;провайдер-08
шаблоны_продукция_регион;экспорт ядра подсолнечника {регион};да;да;1;провайдер-08
шаблоны_продукция_регион;экспорт ячменя {регион};да;да;1;провайдер-15
шаблоны_продукция_регион;экстракция масла {регион};да;да;1;провайдер-01
шаблоны_продукция_регион;экструзия полимерной гранулы {регион};да;да;1;провайдер-18
шаблоны_продукция_регион;элитные семена {регион};да;да;1;провайдер-14
шаблоны_продукция_регион;эфиромасличные культуры {регион};да;да;1;провайдер-02
шаблоны_тип_регион;крупяной завод {регион};да;да;6;провайдер-01, провайдер-03, провайдер-04, провайдер-07, провайдер-12, провайдер-15
шаблоны_тип_регион;элеватор {регион};да;да;6;провайдер-01, провайдер-03, провайдер-04, провайдер-07, провайдер-12, провайдер-15
шаблоны_тип_регион;ГОК {регион};да;да;5;провайдер-16, провайдер-19, провайдер-20, провайдер-24, сессия-2
шаблоны_тип_регион;зерновой терминал {регион};да;да;5;провайдер-01, провайдер-04, провайдер-07, провайдер-08, провайдер-15
шаблоны_тип_регион;комбикормовый завод {регион};да;да;5;провайдер-01, провайдер-03, провайдер-12, провайдер-15, сессия-1
шаблоны_тип_регион;кондитерская фабрика {регион};да;да;5;провайдер-03, провайдер-05, провайдер-12, провайдер-13, сессия-1
шаблоны_тип_регион;крупозавод {регион};да;да;5;провайдер-04, провайдер-07, провайдер-12, провайдер-15, сессия-1
шаблоны_тип_регион;обогатительная фабрика {регион};да;да;5;провайдер-16, провайдер-19, провайдер-20, провайдер-24, сессия-2
шаблоны_тип_регион;производство регранулята {регион};да;да;5;провайдер-17, провайдер-18, провайдер-22, провайдер-23, сессия-2
шаблоны_тип_регион;хлебоприёмное предприятие {регион};да;да;5;провайдер-01, провайдер-04, провайдер-07, провайдер-15, сессия-1
шаблоны_тип_регион;горно-обогатительный комбинат {регион};да;да;4;провайдер-16, провайдер-19, провайдер-20, провайдер-24
шаблоны_тип_регион;дробление пластика {регион};да;да;4;провайдер-17, провайдер-21, провайдер-22, провайдер-23
шаблоны_тип_регион;зернохранилище {регион};да;да;4;провайдер-01, провайдер-04, провайдер-07, провайдер-15
шаблоны_тип_регион;кварцевый карьер {регион};да;да;4;провайдер-16, провайдер-19, провайдер-20, сессия-2
шаблоны_тип_регион;комбинат хлебопродуктов {регион};да;да;4;провайдер-04, провайдер-07, провайдер-15, сессия-1
шаблоны_тип_регион;кондитерский комбинат {регион};да;да;4;провайдер-03, провайдер-05, провайдер-12, провайдер-13
шаблоны_тип_регион;консервный завод {регион};да;да;4;провайдер-03, провайдер-09, провайдер-12, сессия-1
шаблоны_тип_регион;маслоэкстракционный завод {регион};да;да;4;провайдер-01, провайдер-08, провайдер-15, сессия-1
шаблоны_тип_регион;мукомольный завод {регион};да;да;4;провайдер-03, провайдер-04, провайдер-07, провайдер-12
шаблоны_тип_регион;переработка орехов {регион};да;да;4;провайдер-05, провайдер-11, провайдер-13, провайдер-15
шаблоны_тип_регион;переработка пластика {регион};да;да;4;провайдер-18, провайдер-22, провайдер-23, сессия-2
шаблоны_тип_регион;переработка стеклобоя {регион};да;да;4;провайдер-21, провайдер-22, провайдер-23, сессия-2
шаблоны_тип_регион;производство вторичной гранулы {регион};да;да;4;провайдер-17, провайдер-18, провайдер-21, сессия-2
шаблоны_тип_регион;семенной завод {регион};да;да;4;провайдер-02, провайдер-14, провайдер-15, сессия-1
шаблоны_тип_регион;экспортёр зерна {регион};да;да;4;провайдер-01, провайдер-08, провайдер-15, сессия-1
шаблоны_тип_регион;брикетирование стружки {регион};да;да;3;провайдер-22, провайдер-24, сессия-2
шаблоны_тип_регион;горнодобывающее предприятие {регион};да;да;3;провайдер-16, провайдер-20, провайдер-24
шаблоны_тип_регион;добыча кварца {регион};да;да;3;провайдер-16, провайдер-19, провайдер-20
шаблоны_тип_регион;доломитовый карьер {регион};да;да;3;провайдер-16, провайдер-20, сессия-2
шаблоны_тип_регион;дробильно-сортировочный завод {регион};да;да;3;провайдер-19, провайдер-20, сессия-2
шаблоны_тип_регион;дробильно-сортировочный комплекс {регион};да;да;3;провайдер-16, провайдер-19, провайдер-24
шаблоны_тип_регион;заготовка орехов {регион};да;да;3;провайдер-05, провайдер-11, провайдер-13
шаблоны_тип_регион;зерноочистительный комплекс {регион};да;да;3;провайдер-01, провайдер-04, провайдер-07
шаблоны_тип_регион;зерноперерабатывающий завод {регион};да;да;3;провайдер-01, провайдер-04, провайдер-07
шаблоны_тип_регион;зерноперерабатывающий комбинат {регион};да;да;3;провайдер-04, провайдер-12, провайдер-15
шаблоны_тип_регион;зерносушильный комплекс {регион};да;да;3;провайдер-04, провайдер-07, сессия-1
шаблоны_тип_регион;золотодобывающая компания {регион};да;да;3;провайдер-16, провайдер-24, сессия-2
шаблоны_тип_регион;калибровка орехов {регион};да;да;3;провайдер-05, провайдер-11, провайдер-13
шаблоны_тип_регион;калибровка семян {регион};да;да;3;провайдер-02, провайдер-14, провайдер-15
шаблоны_тип_регион;льнозавод {регион};да;да;3;провайдер-02, провайдер-14, сессия-1
шаблоны_тип_регион;маслобойный завод {регион};да;да;3;провайдер-01, провайдер-05, провайдер-08
шаблоны_тип_регион;масложировой комбинат {регион};да;да;3;провайдер-03, провайдер-08, провайдер-12
шаблоны_тип_регион;мелькомбинат {регион};да;да;3;провайдер-04, провайдер-07, сессия-1
шаблоны_тип_регион;молочный завод {регион};да;да;3;провайдер-03, провайдер-12, сессия-1
шаблоны_тип_регион;мясокомбинат {регион};да;да;3;провайдер-03, провайдер-12, сессия-1
шаблоны_тип_регион;мясоперерабатывающий завод {регион};да;да;3;провайдер-03, провайдер-12, сессия-1
шаблоны_тип_регион;очистка орехов {регион};да;да;3;провайдер-05, провайдер-11, провайдер-13
шаблоны_тип_регион;переработка ПВХ {регион};да;да;3;провайдер-17, провайдер-18, провайдер-22
шаблоны_тип_регион;переработка ПЭТ {регион};да;да;3;провайдер-17, провайдер-18, провайдер-23
шаблоны_тип_регион;переработка грецкого ореха {регион};да;да;3;провайдер-05, провайдер-11, провайдер-13
шаблоны_тип_регион;переработка кедрового ореха {регион};да;да;3;провайдер-05, провайдер-11, провайдер-13
шаблоны_тип_регион;переработка полипропилена {регион};да;да;3;провайдер-17, провайдер-18, провайдер-22
шаблоны_тип_регион;переработка полиэтилена {регион};да;да;3;провайдер-17, провайдер-18, провайдер-22
шаблоны_тип_регион;переработка стекла {регион};да;да;3;провайдер-21, провайдер-22, провайдер-23
шаблоны_тип_регион;переработка сухофруктов {регион};да;да;3;провайдер-05, провайдер-10, провайдер-13
шаблоны_тип_регион;переработка фундука {регион};да;да;3;провайдер-05, провайдер-11, провайдер-13
шаблоны_тип_регион;песчаный карьер {регион};да;да;3;провайдер-16, провайдер-19, провайдер-20
шаблоны_тип_регион;плодоовощной комбинат {регион};да;да;3;провайдер-03, провайдер-12, сессия-1
шаблоны_тип_регион;производство жареных семечек {регион};да;да;3;провайдер-09, провайдер-10, сессия-1
шаблоны_тип_регион;производство замороженных овощей {регион};да;да;3;провайдер-09, провайдер-10, сессия-1
шаблоны_тип_регион;производство минеральных удобрений {регион};да;да;3;провайдер-19, провайдер-20, сессия-2
шаблоны_тип_регион;производство сухофруктов {регион};да;да;3;провайдер-06, провайдер-10, провайдер-13
шаблоны_тип_регион;производство технической соли {регион};да;да;3;провайдер-19, провайдер-20, сессия-2
шаблоны_тип_регион;производство флекса {регион};да;да;3;провайдер-17, провайдер-21, провайдер-22
шаблоны_тип_регион;производство халвы {регион};да;да;3;провайдер-05, провайдер-13, сессия-1
шаблоны_тип_регион;рисозавод {регион};да;да;3;провайдер-04, провайдер-07, сессия-1
шаблоны_тип_регион;рудник {регион};да;да;3;провайдер-16, провайдер-24, сессия-2
шаблоны_тип_регион;рыбокомбинат {регион};да;да;3;провайдер-03, провайдер-12, сессия-1
шаблоны_тип_регион;рыбоперерабатывающий завод {регион};да;да;3;провайдер-03, провайдер-12, сессия-1
шаблоны_тип_регион;семеноводческое хозяйство {регион};да;да;3;провайдер-02, провайдер-14, сессия-1
шаблоны_тип_регион;солепромысел {регион};да;да;3;провайдер-19, провайдер-20, сессия-2
шаблоны_тип_регион;сортировка вторсырья {регион};да;да;3;провайдер-21, провайдер-22, провайдер-23
шаблоны_тип_регион;сушка орехов {регион};да;да;3;провайдер-05, провайдер-11, провайдер-13
шаблоны_тип_регион;углеобогатительная фабрика {регион};да;да;3;провайдер-16, провайдер-24, сессия-2
шаблоны_тип_регион;угольный разрез {регион};да;да;3;провайдер-16, провайдер-24, сессия-2
шаблоны_тип_регион;хлебозавод {регион};да;да;3;провайдер-03, провайдер-12, сессия-1
шаблоны_тип_регион;ДСЗ {регион};да;да;2;провайдер-19, провайдер-20
шаблоны_тип_регион;ДСК {регион};да;да;2;провайдер-16, провайдер-24
шаблоны_тип_регион;КХП {регион};да;да;2;провайдер-04, сессия-1
шаблоны_тип_регион;МЭЗ {регион};да;да;2;провайдер-15, сессия-1
шаблоны_тип_регион;агломерация пластика {регион};да;да;2;провайдер-17, провайдер-18
шаблоны_тип_регион;агрохолдинг элеватор {регион};да;да;2;провайдер-04, провайдер-15
шаблоны_тип_регион;вольфрамовый рудник {регион};да;да;2;провайдер-16, провайдер-24
шаблоны_тип_регион;гравийный карьер {регион};да;да;2;провайдер-16, провайдер-20
шаблоны_тип_регион;добыча известняка {регион};да;да;2;провайдер-16, провайдер-19
шаблоны_тип_регион;добыча руды {регион};да;да;2;провайдер-16, провайдер-24
шаблоны_тип_регион;добыча угля {регион};да;да;2;провайдер-16, провайдер-24
шаблоны_тип_регион;завод нерудных материалов {регион};да;да;2;провайдер-19, провайдер-20
шаблоны_тип_регион;завод переработки пластика {регион};да;да;2;провайдер-17, провайдер-21
шаблоны_тип_регион;завод по переработке пластика {регион};да;да;2;провайдер-18, сессия-2
шаблоны_тип_регион;завод полимеров {регион};да;да;2;провайдер-18, сессия-2
шаблоны_тип_регион;завод сухофруктов {регион};да;да;2;провайдер-06, провайдер-09
шаблоны_тип_регион;заготовка лекарственных трав {регион};да;да;2;провайдер-14, сессия-1
шаблоны_тип_регион;заморозка овощей {регион};да;да;2;провайдер-06, провайдер-10
шаблоны_тип_регион;зерновая компания {регион};да;да;2;провайдер-01, провайдер-15
шаблоны_тип_регион;зернотрейдер {регион};да;да;2;провайдер-01, провайдер-08
шаблоны_тип_регион;золотой прииск {регион};да;да;2;провайдер-16, провайдер-24
шаблоны_тип_регион;известняковый карьер {регион};да;да;2;провайдер-20, сессия-2
шаблоны_тип_регион;калийный комбинат {регион};да;да;2;провайдер-19, провайдер-20
шаблоны_тип_регион;камнедробильный завод {регион};да;да;2;провайдер-16, провайдер-19
шаблоны_тип_регион;картофелеперерабатывающий завод {регион};да;да;2;провайдер-09, провайдер-10
шаблоны_тип_регион;карьер {регион};да;да;2;провайдер-16, провайдер-19
шаблоны_тип_регион;колбасный завод {регион};да;да;2;провайдер-03, провайдер-12
шаблоны_тип_регион;кондитерский завод {регион};да;да;2;провайдер-05, провайдер-13
шаблоны_тип_регион;крупяная фабрика {регион};да;да;2;провайдер-01, провайдер-07
шаблоны_тип_регион;крупяное предприятие {регион};да;да;2;провайдер-04, провайдер-07
шаблоны_тип_регион;линия заморозки овощей {регион};да;да;2;провайдер-06, провайдер-10
шаблоны_тип_регион;маслобойня {регион};да;да;2;провайдер-08, сессия-1
шаблоны_тип_регион;маслозавод {регион};да;да;2;провайдер-08, провайдер-15
шаблоны_тип_регион;мельница {регион};да;да;2;провайдер-04, провайдер-07
шаблоны_тип_регион;молокозавод {регион};да;да;2;провайдер-03, провайдер-12
шаблоны_тип_регион;молочный комбинат {регион};да;да;2;провайдер-03, провайдер-12
шаблоны_тип_регион;мукомольное предприятие {регион};да;да;2;провайдер-04, провайдер-07
шаблоны_тип_регион;обжарка орехов {регион};да;да;2;провайдер-11, провайдер-13
шаблоны_тип_регион;обогащение руды {регион};да;да;2;провайдер-16, провайдер-24
шаблоны_тип_регион;овощехранилище {регион};да;да;2;провайдер-09, провайдер-10
шаблоны_тип_регион;орехоперерабатывающий завод {регион};да;да;2;провайдер-05, провайдер-13
шаблоны_тип_регион;очистка семян {регион};да;да;2;провайдер-02, провайдер-14
шаблоны_тип_регион;перевалка зерна {регион};да;да;2;провайдер-08, провайдер-15
шаблоны_тип_регион;переработка ПЭТ-бутылок {регион};да;да;2;провайдер-18, провайдер-21
шаблоны_тип_регион;переработка гороха {регион};да;да;2;провайдер-02, провайдер-14
шаблоны_тип_регион;переработка древесных отходов {регион};да;да;2;провайдер-23, сессия-2
шаблоны_тип_регион;переработка кабеля {регион};да;да;2;провайдер-22, сессия-2
шаблоны_тип_регион;переработка масличных {регион};да;да;2;провайдер-08, провайдер-15
шаблоны_тип_регион;переработка металлической стружки {регион};да;да;2;провайдер-22, сессия-2
шаблоны_тип_регион;переработка металлолома {регион};да;да;2;провайдер-22, провайдер-24
шаблоны_тип_регион;переработка миндаля {регион};да;да;2;провайдер-11, провайдер-13
шаблоны_тип_регион;переработка молока {регион};да;да;2;провайдер-03, провайдер-12
шаблоны_тип_регион;переработка нута {регион};да;да;2;провайдер-02, провайдер-14
шаблоны_тип_регион;переработка полимерных отходов {регион};да;да;2;провайдер-21, сессия-2
шаблоны_тип_регион;переработка полимеров {регион};да;да;2;провайдер-22, провайдер-23
шаблоны_тип_регион;переработка сои {регион};да;да;2;провайдер-08, провайдер-15
шаблоны_тип_регион;переработка чечевицы {регион};да;да;2;провайдер-02, провайдер-14
шаблоны_тип_регион;переработка ягод {регион};да;да;2;провайдер-06, провайдер-09
шаблоны_тип_регион;подработка зерна {регион};да;да;2;провайдер-01, провайдер-15
шаблоны_тип_регион;портовый элеватор {регион};да;да;2;провайдер-08, провайдер-15
шаблоны_тип_регион;прииск {регион};да;да;2;провайдер-16, провайдер-24
шаблоны_тип_регион;производитель суперконцентратов {регион};да;да;2;провайдер-17, провайдер-18
шаблоны_тип_регион;производство ПЭТ-хлопьев {регион};да;да;2;провайдер-17, провайдер-18
шаблоны_тип_регион;производство арахиса {регион};да;да;2;провайдер-05, провайдер-11
шаблоны_тип_регион;производство вторичных гранул {регион};да;да;2;провайдер-22, провайдер-23
шаблоны_тип_регион;производство кварцевого песка {регион};да;да;2;провайдер-20, сессия-2
шаблоны_тип_регион;производство козинаков {регион};да;да;2;провайдер-05, провайдер-13
шаблоны_тип_регион;производство комбикормов {регион};да;да;2;провайдер-03, провайдер-15
шаблоны_тип_регион;производство конфет {регион};да;да;2;провайдер-05, провайдер-13
шаблоны_тип_регион;производство круп {регион};да;да;2;провайдер-03, провайдер-07
шаблоны_тип_регион;производство мастербатчей {регион};да;да;2;провайдер-17, сессия-2
шаблоны_тип_регион;производство мюсли {регион};да;да;2;провайдер-05, сессия-1
шаблоны_тип_регион;производство орехов {регион};да;да;2;провайдер-05, провайдер-11
шаблоны_тип_регион;производство пеллет {регион};да;да;2;провайдер-23, сессия-2
шаблоны_тип_регион;производство пластиковой гранулы {регион};да;да;2;провайдер-17, провайдер-18
шаблоны_тип_регион;производство растительного масла {регион};да;да;2;провайдер-08, провайдер-15
шаблоны_тип_регион;производство снеков {регион};да;да;2;провайдер-05, сессия-1
шаблоны_тип_регион;производство специй {регион};да;да;2;провайдер-11, сессия-1
шаблоны_тип_регион;производство шоколада {регион};да;да;2;провайдер-05, провайдер-13
шаблоны_тип_регион;производство щебня {регион};да;да;2;провайдер-16, провайдер-20
шаблоны_тип_регион;производство щепы {регион};да;да;2;провайдер-23, сессия-2
шаблоны_тип_регион;производство ягодных соков {регион};да;да;2;провайдер-06, провайдер-09
шаблоны_тип_регион;протравливание семян {регион};да;да;2;провайдер-02, провайдер-14
шаблоны_тип_регион;птицефабрика {регион};да;да;2;провайдер-03, провайдер-12
шаблоны_тип_регион;рециклинг пластика {регион};да;да;2;провайдер-18, провайдер-21
шаблоны_тип_регион;рециклинг полимеров {регион};да;да;2;провайдер-21, провайдер-22
шаблоны_тип_регион;рудообогатительная фабрика {регион};да;да;2;провайдер-16, провайдер-24
шаблоны_тип_регион;сахарный завод {регион};да;да;2;провайдер-03, провайдер-12
шаблоны_тип_регион;семенная станция {регион};да;да;2;провайдер-14, сессия-1
шаблоны_тип_регион;соковый завод {регион};да;да;2;провайдер-09, провайдер-12
шаблоны_тип_регион;соледобывающее предприятие {регион};да;да;2;провайдер-19, провайдер-20
шаблоны_тип_регион;сортировка орехов {регион};да;да;2;провайдер-11, провайдер-13
шаблоны_тип_регион;сортировка угля {регион};да;да;2;провайдер-16, сессия-2
шаблоны_тип_регион;стеклотарный завод {регион};да;да;2;провайдер-21, сессия-2
шаблоны_тип_регион;стекольный завод {регион};да;да;2;провайдер-21, сессия-2
шаблоны_тип_регион;табачная фабрика {регион};да;да;2;провайдер-02, провайдер-14
шаблоны_тип_регион;фабрика по производству круп {регион};да;да;2;провайдер-04, провайдер-07
шаблоны_тип_регион;фабрика сухофруктов {регион};да;да;2;провайдер-06, провайдер-09
шаблоны_тип_регион;фасовка орехов {регион};да;да;2;провайдер-05, провайдер-11
шаблоны_тип_регион;ферментация табака {регион};да;да;2;провайдер-02, провайдер-14
шаблоны_тип_регион;хлебокомбинат {регион};да;да;2;провайдер-03, провайдер-12
шаблоны_тип_регион;хлебоприёмный пункт {регион};да;да;2;провайдер-04, провайдер-07
шаблоны_тип_регион;цех заморозки ягод {регион};да;да;2;провайдер-06, провайдер-09
шаблоны_тип_регион;цех переработки орехов {регион};да;да;2;провайдер-11, провайдер-13
шаблоны_тип_регион;цех переработки пластика {регион};да;да;2;провайдер-17, провайдер-18
шаблоны_тип_регион;цех подготовки семян {регион};да;да;2;провайдер-02, провайдер-14
шаблоны_тип_регион;цех сухофруктов {регион};да;да;2;провайдер-06, сессия-1
шаблоны_тип_регион;чаеразвесочная фабрика {регион};да;да;2;провайдер-11, сессия-1
шаблоны_тип_регион;шоколадная фабрика {регион};да;да;2;провайдер-03, провайдер-13
шаблоны_тип_регион;щебеночный завод {регион};да;да;2;провайдер-16, провайдер-19
шаблоны_тип_регион;экспортёр бобовых {регион};да;да;2;провайдер-01, провайдер-08
шаблоны_тип_регион;экспортёр масличных {регион};да;да;2;провайдер-01, провайдер-08
шаблоны_тип_регион;экструзия полимеров {регион};да;да;2;провайдер-17, провайдер-18
шаблоны_тип_регион;ягодное хозяйство {регион};да;да;2;провайдер-06, провайдер-09
шаблоны_тип_регион;ВЭД зерно {регион};да;да;1;провайдер-01
шаблоны_тип_регион;ДСК щебень {регион};да;да;1;сессия-2
шаблоны_тип_регион;ЗИФ {регион};да;да;1;провайдер-24
шаблоны_тип_регион;ЗИФ золотоизвлекательная фабрика {регион};да;да;1;сессия-2
шаблоны_тип_регион;ОКВЭД 08.12 карьер {регион};да;да;1;сессия-2
шаблоны_тип_регион;ОКВЭД 22.29 переработка пластмасс {регион};да;да;1;сессия-2
шаблоны_тип_регион;ОКВЭД 38.32 {регион};да;да;1;сессия-2
шаблоны_тип_регион;ОФ {регион};да;да;1;провайдер-24
шаблоны_тип_регион;ЦОФ {регион};да;да;1;провайдер-24
шаблоны_тип_регион;агрокомбинат {регион};да;да;1;провайдер-09
шаблоны_тип_регион;агрокомплекс переработка картофеля {регион};да;да;1;провайдер-10
шаблоны_тип_регион;агрокомплекс экспорт {регион};да;да;1;провайдер-01
шаблоны_тип_регион;агропромышленный комбинат {регион};да;да;1;провайдер-07
шаблоны_тип_регион;агрохолдинг {регион} переработка;да;да;1;сессия-1
шаблоны_тип_регион;алмазный рудник {регион};да;да;1;провайдер-16
шаблоны_тип_регион;алмазодобывающая фабрика {регион};да;да;1;провайдер-24
шаблоны_тип_регион;артель старателей {регион};да;да;1;провайдер-16
шаблоны_тип_регион;бакалейная фабрика {регион};да;да;1;провайдер-15
шаблоны_тип_регион;бобовый завод {регион};да;да;1;провайдер-02
шаблоны_тип_регион;брикетный завод {регион};да;да;1;провайдер-23
шаблоны_тип_регион;внешнеэкономическая деятельность зерно {регион};да;да;1;провайдер-01
шаблоны_тип_регион;вторичная переработка {регион};да;да;1;провайдер-22
шаблоны_тип_регион;вторичные металлы {регион};да;да;1;провайдер-22
шаблоны_тип_регион;вторцветмет {регион};да;да;1;сессия-2
шаблоны_тип_регион;вторчермет {регион};да;да;1;сессия-2
шаблоны_тип_регион;глубокая переработка зерна {регион};да;да;1;провайдер-03
шаблоны_тип_регион;глубоководный терминал {регион};да;да;1;провайдер-08
шаблоны_тип_регион;горно-химический комбинат {регион};да;да;1;провайдер-16
шаблоны_тип_регион;гравитационная обогатительная {регион};да;да;1;провайдер-24
шаблоны_тип_регион;гранитный карьер {регион};да;да;1;сессия-2
шаблоны_тип_регион;грануляция вторсырья {регион};да;да;1;провайдер-22
шаблоны_тип_регион;грануляция полимеров {регион};да;да;1;провайдер-17
шаблоны_тип_регион;гречезавод {регион};да;да;1;сессия-1
шаблоны_тип_регион;гречеобрушительный завод {регион};да;да;1;провайдер-07
шаблоны_тип_регион;гречеперерабатывающий завод {регион};да;да;1;провайдер-04
шаблоны_тип_регион;деревообрабатывающий комбинат {регион};да;да;1;провайдер-23
шаблоны_тип_регион;деревообработка {регион};да;да;1;провайдер-23
шаблоны_тип_регион;деревопереработка {регион};да;да;1;провайдер-23
шаблоны_тип_регион;добыча доломита {регион};да;да;1;провайдер-19
шаблоны_тип_регион;добыча золота {регион};да;да;1;провайдер-24
шаблоны_тип_регион;добыча каменной соли {регион};да;да;1;провайдер-20
шаблоны_тип_регион;добыча кварцевого песка {регион};да;да;1;провайдер-19
шаблоны_тип_регион;добыча магнезита {регион};да;да;1;провайдер-19
шаблоны_тип_регион;добыча полезных ископаемых {регион};да;да;1;провайдер-20
шаблоны_тип_регион;добыча щебня {регион};да;да;1;провайдер-19
шаблоны_тип_регион;доведение семян кондиция {регион};да;да;1;провайдер-02
шаблоны_тип_регион;доработка семян {регион};да;да;1;провайдер-14
шаблоны_тип_регион;драга {регион};да;да;1;провайдер-16
шаблоны_тип_регион;дробление камня {регион};да;да;1;провайдер-16
шаблоны_тип_регион;дробление металла {регион};да;да;1;провайдер-22
шаблоны_тип_регион;дробление металлолома {регион};да;да;1;провайдер-23
шаблоны_тип_регион;завод агломерата {регион};да;да;1;провайдер-21
шаблоны_тип_регион;завод агрохимии {регион};да;да;1;провайдер-20
шаблоны_тип_регион;завод быстрой заморозки {регион};да;да;1;провайдер-10
шаблоны_тип_регион;завод вторичного алюминия {регион};да;да;1;сессия-2
шаблоны_тип_регион;завод вторичного полимерного сырья {регион};да;да;1;провайдер-17
шаблоны_тип_регион;завод вторичной переработки {регион};да;да;1;провайдер-22
шаблоны_тип_регион;завод вторичных ресурсов {регион};да;да;1;провайдер-21
шаблоны_тип_регион;завод готовых кормов {регион};да;да;1;провайдер-03
шаблоны_тип_регион;завод дроблёнки {регион};да;да;1;провайдер-21
шаблоны_тип_регион;завод замороженных овощей {регион};да;да;1;провайдер-06
шаблоны_тип_регион;завод заморозки овощей {регион};да;да;1;провайдер-09
шаблоны_тип_регион;завод компаундов {регион};да;да;1;провайдер-17
шаблоны_тип_регион;завод лекарственных растений {регион};да;да;1;провайдер-02
шаблоны_тип_регион;завод листового стекла {регион};да;да;1;провайдер-21
шаблоны_тип_регион;завод мастербатч {регион};да;да;1;провайдер-18
шаблоны_тип_регион;завод минеральной ваты {регион};да;да;1;провайдер-21
шаблоны_тип_регион;завод минеральных удобрений {регион};да;да;1;провайдер-20
шаблоны_тип_регион;завод переработка стружки {регион};да;да;1;провайдер-24
шаблоны_тип_регион;завод переработки вторсырья {регион};да;да;1;провайдер-21
шаблоны_тип_регион;завод переработки полимеров {регион};да;да;1;провайдер-21
шаблоны_тип_регион;завод переработки ягод {регион};да;да;1;провайдер-09
шаблоны_тип_регион;завод пластических масс {регион};да;да;1;провайдер-17
шаблоны_тип_регион;завод пластмасс {регион};да;да;1;провайдер-18
шаблоны_тип_регион;завод по обжарке семечек {регион};да;да;1;провайдер-09
шаблоны_тип_регион;завод по обжарке семян {регион};да;да;1;провайдер-10
шаблоны_тип_регион;завод по переработке вторсырья {регион};да;да;1;провайдер-22
шаблоны_тип_регион;завод по переработке зерна {регион};да;да;1;провайдер-04
шаблоны_тип_регион;завод по переработке нута {регион};да;да;1;провайдер-14
шаблоны_тип_регион;завод по переработке пластмасс {регион};да;да;1;провайдер-17
шаблоны_тип_регион;завод по переработке семян {регион};да;да;1;провайдер-08
шаблоны_тип_регион;завод по переработке чечевицы {регион};да;да;1;провайдер-14
шаблоны_тип_регион;завод по переработке ягод {регион};да;да;1;провайдер-06
шаблоны_тип_регион;завод по подработке семян {регион};да;да;1;провайдер-02
шаблоны_тип_регион;завод по производству круп {регион};да;да;1;провайдер-07
шаблоны_тип_регион;завод по производству хлопьев {регион};да;да;1;провайдер-04
шаблоны_тип_регион;завод полимерной продукции {регион};да;да;1;провайдер-17
шаблоны_тип_регион;завод полимерных материалов {регион};да;да;1;провайдер-18
шаблоны_тип_регион;завод производства соков {регион};да;да;1;провайдер-09
шаблоны_тип_регион;завод растительных масел {регион};да;да;1;провайдер-08
шаблоны_тип_регион;завод регранулята {регион};да;да;1;провайдер-21
шаблоны_тип_регион;завод семечки {регион};да;да;1;провайдер-06
шаблоны_тип_регион;завод снековой продукции {регион};да;да;1;провайдер-06
шаблоны_тип_регион;завод специй {регион};да;да;1;провайдер-11
шаблоны_тип_регион;завод стекловолокна {регион};да;да;1;провайдер-21
шаблоны_тип_регион;завод сушеных фруктов {регион};да;да;1;провайдер-10
шаблоны_тип_регион;завод сушеных ягод {регион};да;да;1;провайдер-06
шаблоны_тип_регион;завод термопластов {регион};да;да;1;провайдер-18
шаблоны_тип_регион;завод технического стекла {регион};да;да;1;провайдер-21
шаблоны_тип_регион;завод удобрений {регион};да;да;1;провайдер-19
шаблоны_тип_регион;завод чипсов {регион};да;да;1;провайдер-10
шаблоны_тип_регион;завод шоковой заморозки {регион};да;да;1;сессия-1
шаблоны_тип_регион;завод ягодных соков {регион};да;да;1;провайдер-06
шаблоны_тип_регион;заготзерно {регион};да;да;1;провайдер-07
шаблоны_тип_регион;заготконтора {регион};да;да;1;провайдер-15
шаблоны_тип_регион;заготконтора {регион} ягоды кедровый орех;да;да;1;сессия-1
шаблоны_тип_регион;заготовитель дикоросов {регион};да;да;1;сессия-1
шаблоны_тип_регион;заготовка вторсырья пластик пресс {регион};да;да;1;сессия-2
шаблоны_тип_регион;заготовка ягод {регион};да;да;1;провайдер-09
шаблоны_тип_регион;закупаем нут {регион};да;да;1;сессия-1
шаблоны_тип_регион;закупаем подсолнечник {регион} дорого;да;да;1;сессия-1
шаблоны_тип_регион;закупка дикоросов {регион} оптом;да;да;1;сессия-1
шаблоны_тип_регион;закупка зерна {регион} ООО;да;да;1;сессия-1
шаблоны_тип_регион;закупка орехов {регион};да;да;1;провайдер-05
шаблоны_тип_регион;заморозка фруктов {регион};да;да;1;провайдер-09
шаблоны_тип_регион;заморозка ягод {регион};да;да;1;провайдер-06
шаблоны_тип_регион;зерновое хозяйство {регион};да;да;1;провайдер-04
шаблоны_тип_регион;зерновой комплекс {регион};да;да;1;провайдер-01
шаблоны_тип_регион;зерновой оператор {регион};да;да;1;провайдер-15
шаблоны_тип_регион;зерновой трейдер {регион};да;да;1;провайдер-08
шаблоны_тип_регион;зерновой элеватор {регион};да;да;1;провайдер-07
шаблоны_тип_регион;зернокомплекс {регион};да;да;1;провайдер-15
шаблоны_тип_регион;зерноперерабатывающее предприятие {регион};да;да;1;провайдер-07
шаблоны_тип_регион;зернопереработка {регион};да;да;1;провайдер-07
шаблоны_тип_регион;зерноприёмное предприятие {регион};да;да;1;провайдер-04
шаблоны_тип_регион;зерноток {регион};да;да;1;сессия-1
шаблоны_тип_регион;зерноток с сушилкой {регион};да;да;1;сессия-1
шаблоны_тип_регион;золотодобыча {регион};да;да;1;провайдер-16
шаблоны_тип_регион;золотоизвлекательная фабрика {регион};да;да;1;провайдер-24
шаблоны_тип_регион;известковый завод {регион};да;да;1;сессия-2
шаблоны_тип_регион;инкрустация семян {регион};да;да;1;провайдер-02
шаблоны_тип_регион;калибровка гороха {регион};да;да;1;провайдер-14
шаблоны_тип_регион;калибровка дроблёнки {регион};да;да;1;провайдер-22
шаблоны_тип_регион;калибровка зерна предприятие {регион};да;да;1;провайдер-04
шаблоны_тип_регион;калибровка нута {регион};да;да;1;провайдер-14
шаблоны_тип_регион;калибровка овощей {регион};да;да;1;провайдер-09
шаблоны_тип_регион;калибровка песка {регион};да;да;1;провайдер-19
шаблоны_тип_регион;калибровка чечевицы {регион};да;да;1;провайдер-14
шаблоны_тип_регион;калибровочный цех {регион};да;да;1;провайдер-15
шаблоны_тип_регион;калийный завод {регион};да;да;1;провайдер-19
шаблоны_тип_регион;калийный рудник {регион};да;да;1;провайдер-20
шаблоны_тип_регион;камнеобрабатывающий завод {регион};да;да;1;провайдер-20
шаблоны_тип_регион;картофелеводческое хозяйство {регион};да;да;1;провайдер-10
шаблоны_тип_регион;картофелесортировальный пункт {регион};да;да;1;провайдер-10
шаблоны_тип_регион;картофелехранилище {регион};да;да;1;провайдер-10
шаблоны_тип_регион;картофелехранилище {регион} калибровка;да;да;1;сессия-1
шаблоны_тип_регион;картофельный завод {регион};да;да;1;провайдер-10
шаблоны_тип_регион;карьер известняка {регион};да;да;1;провайдер-16
шаблоны_тип_регион;карьер нерудных {регион};да;да;1;провайдер-20
шаблоны_тип_регион;карьер нерудных материалов {регион};да;да;1;провайдер-19
шаблоны_тип_регион;карьероуправление {регион};да;да;1;сессия-2
шаблоны_тип_регион;кедровый промысел {регион};да;да;1;провайдер-11
шаблоны_тип_регион;колбасный цех {регион};да;да;1;сессия-1
шаблоны_тип_регион;комбикормовое предприятие {регион};да;да;1;провайдер-15
шаблоны_тип_регион;комбинат быстрой заморозки {регион};да;да;1;провайдер-10
шаблоны_тип_регион;комбинат вторичных полимеров {регион};да;да;1;провайдер-17
шаблоны_тип_регион;комбинат вторичных ресурсов {регион};да;да;1;провайдер-21
шаблоны_тип_регион;комбинат замороженных ягод {регион};да;да;1;провайдер-06
шаблоны_тип_регион;комбинат металлоотходов {регион};да;да;1;провайдер-22
шаблоны_тип_регион;комбинат нерудных материалов {регион};да;да;1;провайдер-19
шаблоны_тип_регион;комбинат полимерных материалов {регион};да;да;1;провайдер-18
шаблоны_тип_регион;комбинат стекловолокна {регион};да;да;1;провайдер-21
шаблоны_тип_регион;компаундирование вторсырья {регион};да;да;1;провайдер-22
шаблоны_тип_регион;компаундирование полимеров {регион};да;да;1;провайдер-18
шаблоны_тип_регион;комплекс переработки орехов {регион};да;да;1;провайдер-13
шаблоны_тип_регион;кондитерская семечка калибровка {регион};да;да;1;сессия-1
шаблоны_тип_регион;кондитерская фабрика с орехами {регион};да;да;1;провайдер-13
шаблоны_тип_регион;кондитерские изделия с орехами {регион};да;да;1;провайдер-05
шаблоны_тип_регион;кондитерский цех {регион};да;да;1;провайдер-13
шаблоны_тип_регион;кондитерское производство {регион};да;да;1;провайдер-13
шаблоны_тип_регион;кондиционирование семян {регион};да;да;1;провайдер-14
шаблоны_тип_регион;кормовой завод {регион};да;да;1;провайдер-12
шаблоны_тип_регион;кормозавод {регион};да;да;1;сессия-1
шаблоны_тип_регион;кофейная обжарочная {регион};да;да;1;провайдер-11
шаблоны_тип_регион;кофейное производство {регион};да;да;1;провайдер-11
шаблоны_тип_регион;кофейный завод {регион};да;да;1;провайдер-11
шаблоны_тип_регион;кофейня с обжаркой {регион};да;да;1;провайдер-11
шаблоны_тип_регион;кофеобжарочная {регион};да;да;1;сессия-1
шаблоны_тип_регион;крупозаготовительное предприятие {регион};да;да;1;провайдер-07
шаблоны_тип_регион;крупяной комбинат {регион};да;да;1;провайдер-07
шаблоны_тип_регион;крупяной цех {регион};да;да;1;сессия-1
шаблоны_тип_регион;купажирование чая {регион};да;да;1;провайдер-11
шаблоны_тип_регион;кфх {регион} переработка урожая;да;да;1;сессия-1
шаблоны_тип_регион;лесозавод {регион};да;да;1;провайдер-23
шаблоны_тип_регион;лесопильно-деревообрабатывающий комбинат {регион};да;да;1;провайдер-23
шаблоны_тип_регион;лесопильный завод {регион};да;да;1;провайдер-23
шаблоны_тип_регион;линейный элеватор {регион} хранение зерна;да;да;1;сессия-1
шаблоны_тип_регион;линия калибровки орехов {регион};да;да;1;провайдер-05
шаблоны_тип_регион;линия очистки семян {регион};да;да;1;провайдер-14
шаблоны_тип_регион;линия переработки орехов {регион};да;да;1;провайдер-13
шаблоны_тип_регион;линия по производству крупы {регион};да;да;1;провайдер-04
шаблоны_тип_регион;линия сортировки бобовых {регион};да;да;1;провайдер-14
шаблоны_тип_регион;лицензия на заготовку лома {регион};да;да;1;сессия-2
шаблоны_тип_регион;льнокомбинат {регион};да;да;1;провайдер-02
шаблоны_тип_регион;льноперерабатывающий завод {регион};да;да;1;провайдер-02
шаблоны_тип_регион;льноперерабатывающий комбинат {регион};да;да;1;провайдер-14
шаблоны_тип_регион;льносемстанция {регион};да;да;1;провайдер-02
шаблоны_тип_регион;магнезитовый завод {регион};да;да;1;провайдер-16
шаблоны_тип_регион;магнезитовый комбинат {регион};да;да;1;провайдер-20
шаблоны_тип_регион;макаронная фабрика {регион};да;да;1;провайдер-12
шаблоны_тип_регион;маслобойный завод лён {регион};да;да;1;провайдер-14
шаблоны_тип_регион;маслозавод холодного отжима {регион};да;да;1;сессия-1
шаблоны_тип_регион;маслосырзавод {регион};да;да;1;провайдер-12
шаблоны_тип_регион;маслоцех {регион};да;да;1;провайдер-08
шаблоны_тип_регион;маслоцех {регион} подсолнечное масло;да;да;1;сессия-1
шаблоны_тип_регион;мастербатч производство {регион};да;да;1;провайдер-18
шаблоны_тип_регион;мебельное производство {регион};да;да;1;провайдер-23
шаблоны_тип_регион;мебельный комбинат {регион};да;да;1;провайдер-23
шаблоны_тип_регион;медная обогатительная фабрика {регион};да;да;1;провайдер-24
шаблоны_тип_регион;мелзавод {регион};да;да;1;сессия-2
шаблоны_тип_регион;мельница {регион} производство муки;да;да;1;сессия-1
шаблоны_тип_регион;мельничный комбинат {регион};да;да;1;провайдер-03
шаблоны_тип_регион;металлоломозаготовительное предприятие {регион};да;да;1;провайдер-24
шаблоны_тип_регион;мойка и дробление пластика {регион};да;да;1;провайдер-18
шаблоны_тип_регион;мойка флекса {регион};да;да;1;сессия-2
шаблоны_тип_регион;мраморный карьер {регион};да;да;1;сессия-2
шаблоны_тип_регион;мукомольно-крупяной завод {регион};да;да;1;провайдер-07
шаблоны_тип_регион;мукомольно-крупяной комбинат {регион};да;да;1;провайдер-04
шаблоны_тип_регион;мукомольный комбинат {регион};да;да;1;провайдер-12
шаблоны_тип_регион;мусороперерабатывающий завод {регион};да;да;1;провайдер-21
шаблоны_тип_регион;мясной завод {регион};да;да;1;провайдер-12
шаблоны_тип_регион;недропользователь ОПИ {регион};да;да;1;сессия-2
шаблоны_тип_регион;нерудная компания {регион};да;да;1;сессия-2
шаблоны_тип_регион;нерудный карьер {регион};да;да;1;провайдер-16
шаблоны_тип_регион;обжарка арахиса {регион};да;да;1;провайдер-11
шаблоны_тип_регион;обжарка кофе {регион};да;да;1;провайдер-11
шаблоны_тип_регион;обжарка кофе производство {регион};да;да;1;сессия-1
шаблоны_тип_регион;обжарка семечек {регион};да;да;1;провайдер-10
шаблоны_тип_регион;обжарка семечки {регион};да;да;1;провайдер-06
шаблоны_тип_регион;обжарочное производство кофе {регион};да;да;1;провайдер-11
шаблоны_тип_регион;обжарочный цех {регион};да;да;1;провайдер-09
шаблоны_тип_регион;обжарочный цех семечки {регион};да;да;1;провайдер-06
шаблоны_тип_регион;обогащение кварцевого песка {регион};да;да;1;сессия-2
шаблоны_тип_регион;обогащение руд {регион};да;да;1;провайдер-19
шаблоны_тип_регион;овощебаза {регион};да;да;1;сессия-1
шаблоны_тип_регион;овощеперерабатывающий завод {регион};да;да;1;провайдер-12
шаблоны_тип_регион;овощеперерабатывающий комбинат {регион};да;да;1;провайдер-10
шаблоны_тип_регион;овощехранилище {регион} фасовка;да;да;1;сессия-1
шаблоны_тип_регион;овощная база переработка {регион};да;да;1;провайдер-09
шаблоны_тип_регион;овощная база с заморозкой {регион};да;да;1;провайдер-10
шаблоны_тип_регион;овощной завод {регион};да;да;1;провайдер-09
шаблоны_тип_регион;овощные смеси замороженные {регион};да;да;1;провайдер-10
шаблоны_тип_регион;овсяной завод {регион};да;да;1;провайдер-07
шаблоны_тип_регион;оловянный рудник {регион};да;да;1;провайдер-24
шаблоны_тип_регион;оптовая база зерна {регион};да;да;1;провайдер-15
шаблоны_тип_регион;оптовая база орехов {регион};да;да;1;провайдер-05
шаблоны_тип_регион;оптовая торговля зерном {регион};да;да;1;провайдер-01
шаблоны_тип_регион;оптовик бобовых {регион};да;да;1;провайдер-01
шаблоны_тип_регион;оптовик зерна {регион};да;да;1;провайдер-01
шаблоны_тип_регион;оптовик кормов {регион};да;да;1;провайдер-15
шаблоны_тип_регион;оптовик масличных {регион};да;да;1;провайдер-01
шаблоны_тип_регион;ореховая фабрика {регион};да;да;1;провайдер-15
шаблоны_тип_регион;ореховодство {регион};да;да;1;провайдер-05
шаблоны_тип_регион;ореховое хозяйство {регион};да;да;1;провайдер-11
шаблоны_тип_регион;ореховые снеки производство {регион};да;да;1;провайдер-05
шаблоны_тип_регион;ореховый завод {регион};да;да;1;провайдер-13
шаблоны_тип_регион;ореховый сад {регион};да;да;1;провайдер-05
шаблоны_тип_регион;ореховый цех {регион};да;да;1;провайдер-11
шаблоны_тип_регион;орехоочистительный завод {регион};да;да;1;провайдер-11
шаблоны_тип_регион;орехоочистительный цех {регион};да;да;1;провайдер-05
шаблоны_тип_регион;оригинатор семян {регион};да;да;1;сессия-1
шаблоны_тип_регион;очистка бобовых {регион};да;да;1;провайдер-14
шаблоны_тип_регион;очистка вторичных гранул {регион};да;да;1;провайдер-22
шаблоны_тип_регион;очистка зерна {регион};да;да;1;провайдер-15
шаблоны_тип_регион;очистка зерна предприятие {регион};да;да;1;провайдер-04
шаблоны_тип_регион;пасека {регион} перга оптом;да;да;1;сессия-1
шаблоны_тип_регион;пекарня промышленная {регион};да;да;1;провайдер-12
шаблоны_тип_регион;пеллетный завод {регион};да;да;1;провайдер-23
шаблоны_тип_регион;переработка HDPE {регион};да;да;1;провайдер-17
шаблоны_тип_регион;переработка ПВХ профиля {регион};да;да;1;сессия-2
шаблоны_тип_регион;переработка ПНД {регион};да;да;1;провайдер-21
шаблоны_тип_регион;переработка ПП {регион};да;да;1;провайдер-21
шаблоны_тип_регион;переработка ПЭТ бутылки {регион};да;да;1;сессия-2
шаблоны_тип_регион;переработка ПЭТ бутылок {регион};да;да;1;провайдер-22
шаблоны_тип_регион;переработка ПЭТФ {регион};да;да;1;провайдер-21
шаблоны_тип_регион;переработка РТИ {регион};да;да;1;провайдер-22
шаблоны_тип_регион;переработка аккумуляторов {регион};да;да;1;сессия-2
шаблоны_тип_регион;переработка алюминиевого лома {регион};да;да;1;сессия-2
шаблоны_тип_регион;переработка арахиса {регион};да;да;1;провайдер-13
шаблоны_тип_регион;переработка бамперов пластика {регион};да;да;1;сессия-2
шаблоны_тип_регион;переработка бобовых {регион};да;да;1;провайдер-14
шаблоны_тип_регион;переработка вторичного сырья {регион};да;да;1;провайдер-21
шаблоны_тип_регион;переработка вторсырья {регион};да;да;1;провайдер-23
шаблоны_тип_регион;переработка вторсырья пластмасс {регион};да;да;1;провайдер-17
шаблоны_тип_регион;переработка вторцветмета {регион};да;да;1;провайдер-24
шаблоны_тип_регион;переработка вторчермета {регион};да;да;1;провайдер-24
шаблоны_тип_регион;переработка дикоросов {регион};да;да;1;провайдер-09
шаблоны_тип_регион;переработка дроблёнки {регион};да;да;1;провайдер-17
шаблоны_тип_регион;переработка зерна {регион};да;да;1;провайдер-07
шаблоны_тип_регион;переработка канистр ПНД дроблёнка {регион};да;да;1;сессия-2
шаблоны_тип_регион;переработка лекарственного сырья {регион};да;да;1;провайдер-14
шаблоны_тип_регион;переработка лекарственных трав {регион};да;да;1;провайдер-02
шаблоны_тип_регион;переработка льна {регион};да;да;1;провайдер-14
шаблоны_тип_регион;переработка минерального сырья {регион};да;да;1;провайдер-20
шаблоны_тип_регион;переработка мяса {регион};да;да;1;провайдер-03
шаблоны_тип_регион;переработка нерудного сырья {регион};да;да;1;провайдер-19
шаблоны_тип_регион;переработка овощей {регион};да;да;1;провайдер-06
шаблоны_тип_регион;переработка овощей с заморозкой {регион};да;да;1;провайдер-10
шаблоны_тип_регион;переработка отходов производства {регион};да;да;1;провайдер-23
шаблоны_тип_регион;переработка пластиковых отходов {регион};да;да;1;провайдер-17
шаблоны_тип_регион;переработка пластиковых ящиков {регион};да;да;1;сессия-2
шаблоны_тип_регион;переработка плёнки ПВД агломерат {регион};да;да;1;сессия-2
шаблоны_тип_регион;переработка подсолнечника {регион};да;да;1;провайдер-08
шаблоны_тип_регион;переработка промышленных отходов {регион};да;да;1;провайдер-23
шаблоны_тип_регион;переработка рапса {регион};да;да;1;провайдер-08
шаблоны_тип_регион;переработка резины {регион};да;да;1;провайдер-22
шаблоны_тип_регион;переработка риса {регион};да;да;1;провайдер-04
шаблоны_тип_регион;переработка руды {регион};да;да;1;провайдер-16
шаблоны_тип_регион;переработка рыбы {регион};да;да;1;провайдер-12
шаблоны_тип_регион;переработка семян льна {регион};да;да;1;провайдер-14
шаблоны_тип_регион;переработка соли {регион};да;да;1;провайдер-19
шаблоны_тип_регион;переработка строительных отходов вторичный щебень {регион};да;да;1;сессия-2
шаблоны_тип_регион;переработка табака {регион};да;да;1;провайдер-14
шаблоны_тип_регион;переработка цветного лома {регион};да;да;1;провайдер-22
шаблоны_тип_регион;переработка чёрного лома {регион};да;да;1;провайдер-22
шаблоны_тип_регион;переработка шлака {регион};да;да;1;сессия-2
шаблоны_тип_регион;переработка электронного лома {регион};да;да;1;провайдер-22
шаблоны_тип_регион;переработчик вторсырья пластик {регион};да;да;1;провайдер-18
шаблоны_тип_регион;переработчик семян подсолнечника {регион};да;да;1;провайдер-06
шаблоны_тип_регион;пивзавод {регион};да;да;1;провайдер-03
шаблоны_тип_регион;пивоваренный завод {регион};да;да;1;провайдер-03
шаблоны_тип_регион;пилорама {регион};да;да;1;провайдер-23
шаблоны_тип_регион;пищевое предприятие {регион};да;да;1;провайдер-12
шаблоны_тип_регион;пищевой завод {регион};да;да;1;провайдер-12
шаблоны_тип_регион;пищевой комбинат {регион};да;да;1;провайдер-12
шаблоны_тип_регион;плодово-ягодный комбинат {регион};да;да;1;провайдер-09
шаблоны_тип_регион;плодоконсервный завод {регион};да;да;1;сессия-1
шаблоны_тип_регион;плодоовощная база {регион};да;да;1;сессия-1
шаблоны_тип_регион;подготовка семян {регион};да;да;1;провайдер-14
шаблоны_тип_регион;подработка вторичного сырья {регион};да;да;1;провайдер-22
шаблоны_тип_регион;подработка орехов {регион};да;да;1;провайдер-11
шаблоны_тип_регион;подработка семян {регион};да;да;1;провайдер-02
шаблоны_тип_регион;предприятие вторичных полимеров {регион};да;да;1;провайдер-17
шаблоны_тип_регион;предприятие вторичных ресурсов {регион};да;да;1;провайдер-22
шаблоны_тип_регион;предприятие нерудных материалов {регион};да;да;1;провайдер-19
шаблоны_тип_регион;предприятие пищевой промышленности {регион};да;да;1;провайдер-03
шаблоны_тип_регион;предприятие по переработке зерна {регион};да;да;1;провайдер-07
шаблоны_тип_регион;предприятие по переработке картофеля {регион};да;да;1;провайдер-10
шаблоны_тип_регион;предприятие по переработке орехов {регион};да;да;1;провайдер-13
шаблоны_тип_регион;предприятие по подработке зерна {регион};да;да;1;провайдер-04
шаблоны_тип_регион;предприятие по рециклингу {регион};да;да;1;провайдер-17
шаблоны_тип_регион;предприятия по хранению зерна {регион};да;да;1;провайдер-04
шаблоны_тип_регион;прессовый цех подсолнечника {регион};да;да;1;провайдер-08
шаблоны_тип_регион;приём пластика оптом {регион};да;да;1;сессия-2
шаблоны_тип_регион;приём стеклобоя {регион};да;да;1;сессия-2
шаблоны_тип_регион;приёмка стеклобоя {регион};да;да;1;провайдер-21
шаблоны_тип_регион;производитель вторичного полимера {регион};да;да;1;провайдер-18
шаблоны_тип_регион;производитель жареных семян {регион};да;да;1;провайдер-06
шаблоны_тип_регион;производитель замороженных ягод {регион};да;да;1;провайдер-06
шаблоны_тип_регион;производитель кварца {регион};да;да;1;провайдер-20
шаблоны_тип_регион;производитель компаундов {регион};да;да;1;провайдер-18
шаблоны_тип_регион;производитель кондитерских изделий {регион};да;да;1;провайдер-03
шаблоны_тип_регион;производитель кормов для птиц {регион};да;да;1;сессия-1
шаблоны_тип_регион;производитель красителей для пластмасс {регион};да;да;1;провайдер-18
шаблоны_тип_регион;производитель молочной продукции {регион};да;да;1;провайдер-03
шаблоны_тип_регион;производитель мясной продукции {регион};да;да;1;провайдер-03
шаблоны_тип_регион;производитель овощных смесей {регион};да;да;1;провайдер-06
шаблоны_тип_регион;производитель полимерной гранулы {регион};да;да;1;провайдер-17
шаблоны_тип_регион;производитель полимеров {регион};да;да;1;провайдер-18
шаблоны_тип_регион;производитель семечки {регион};да;да;1;провайдер-06
шаблоны_тип_регион;производитель снеков {регион};да;да;1;провайдер-06
шаблоны_тип_регион;производитель удобрений {регион};да;да;1;провайдер-20
шаблоны_тип_регион;производитель чипсов {регион};да;да;1;провайдер-10
шаблоны_тип_регион;производство OSB {регион};да;да;1;провайдер-23
шаблоны_тип_регион;производство ДВП {регион};да;да;1;провайдер-23
шаблоны_тип_регион;производство ДСП {регион};да;да;1;провайдер-23
шаблоны_тип_регион;производство МДФ {регион};да;да;1;провайдер-23
шаблоны_тип_регион;производство ПВХ гранулы {регион};да;да;1;провайдер-18
шаблоны_тип_регион;производство ПНД гранулы {регион};да;да;1;провайдер-18
шаблоны_тип_регион;производство ПП гранулы {регион};да;да;1;провайдер-18
шаблоны_тип_регион;производство ПЭТ ленты стреппинг {регион};да;да;1;сессия-2
шаблоны_тип_регион;производство ПЭТ преформ {регион};да;да;1;сессия-2
шаблоны_тип_регион;производство ПЭТ флекса {регион};да;да;1;сессия-2
шаблоны_тип_регион;производство ПЭТ-гранулята {регион};да;да;1;провайдер-21
шаблоны_тип_регион;производство ПЭТ-флекса {регион};да;да;1;провайдер-18
шаблоны_тип_регион;производство агломерата {регион};да;да;1;провайдер-22
шаблоны_тип_регион;производство батончиков {регион};да;да;1;сессия-1
шаблоны_тип_регион;производство вторичного полиэтилена {регион};да;да;1;провайдер-21
шаблоны_тип_регион;производство гранолы {регион};да;да;1;провайдер-05
шаблоны_тип_регион;производство гречневой крупы {регион};да;да;1;сессия-1
шаблоны_тип_регион;производство грильяжа {регион};да;да;1;провайдер-05
шаблоны_тип_регион;производство декоративного щебня {регион};да;да;1;сессия-2
шаблоны_тип_регион;производство детского питания {регион};да;да;1;сессия-1
шаблоны_тип_регион;производство доломитовой муки {регион};да;да;1;сессия-2
шаблоны_тип_регион;производство древесных брикетов {регион};да;да;1;провайдер-23
шаблоны_тип_регион;производство дроблёнки {регион};да;да;1;провайдер-18
шаблоны_тип_регион;производство жареного кофе {регион};да;да;1;провайдер-11
шаблоны_тип_регион;производство жмыха {регион};да;да;1;провайдер-08
шаблоны_тип_регион;производство замороженного картофеля {регион};да;да;1;провайдер-10
шаблоны_тип_регион;производство замороженных ягод {регион};да;да;1;провайдер-09
шаблоны_тип_регион;производство инженерных пластиков {регион};да;да;1;провайдер-18
шаблоны_тип_регион;производство искусственного камня кварцевый агломерат {регион};да;да;1;сессия-2
шаблоны_тип_регион;производство кабельного пластиката {регион};да;да;1;сессия-2
шаблоны_тип_регион;производство картофельных полуфабрикатов {регион};да;да;1;провайдер-10
шаблоны_тип_регион;производство картофельных чипсов {регион};да;да;1;провайдер-10
шаблоны_тип_регион;производство картофеля фри {регион};да;да;1;провайдер-10
шаблоны_тип_регион;производство колбас {регион};да;да;1;провайдер-03
шаблоны_тип_регион;производство компаундов {регион};да;да;1;провайдер-18
шаблоны_тип_регион;производство композитных материалов {регион};да;да;1;провайдер-17
шаблоны_тип_регион;производство консервов {регион};да;да;1;провайдер-03
шаблоны_тип_регион;производство кормов для животных {регион};да;да;1;сессия-1
шаблоны_тип_регион;производство крупы {регион};да;да;1;провайдер-15
шаблоны_тип_регион;производство лекарственных трав {регион};да;да;1;провайдер-02
шаблоны_тип_регион;производство льняного масла {регион};да;да;1;провайдер-08
шаблоны_тип_регион;производство макарон {регион};да;да;1;провайдер-03
шаблоны_тип_регион;производство мела {регион};да;да;1;сессия-2
шаблоны_тип_регион;производство мраморной крошки {регион};да;да;1;сессия-2
шаблоны_тип_регион;производство муки {регион};да;да;1;провайдер-03
шаблоны_тип_регион;производство нуги {регион};да;да;1;провайдер-13
шаблоны_тип_регион;производство овощных смесей {регион};да;да;1;провайдер-09
шаблоны_тип_регион;производство орехового масла {регион};да;да;1;провайдер-05
шаблоны_тип_регион;производство орехового ядра {регион};да;да;1;провайдер-13
шаблоны_тип_регион;производство ореховой крупки {регион};да;да;1;провайдер-13
шаблоны_тип_регион;производство ореховых паст {регион};да;да;1;провайдер-05
шаблоны_тип_регион;производство ореховых смесей {регион};да;да;1;провайдер-10
шаблоны_тип_регион;производство пеностекла {регион};да;да;1;сессия-2
шаблоны_тип_регион;производство пластмасс {регион};да;да;1;провайдер-18
шаблоны_тип_регион;производство подсолнечного масла {регион};да;да;1;провайдер-08
шаблоны_тип_регион;производство полимерных добавок {регион};да;да;1;провайдер-17
шаблоны_тип_регион;производство полимерных компаундов {регион};да;да;1;сессия-2
шаблоны_тип_регион;производство полимерных композиций {регион};да;да;1;провайдер-18
шаблоны_тип_регион;производство полимерпесчаной плитки {регион};да;да;1;сессия-2
шаблоны_тип_регион;производство полиэфирного волокна {регион};да;да;1;сессия-2
шаблоны_тип_регион;производство полуфабрикатов {регион};да;да;1;сессия-1
шаблоны_тип_регион;производство приправ {регион};да;да;1;провайдер-11
шаблоны_тип_регион;производство противогололёдных реагентов {регион};да;да;1;сессия-2
шаблоны_тип_регион;производство рапсового масла {регион};да;да;1;провайдер-08
шаблоны_тип_регион;производство рыбной продукции {регион};да;да;1;провайдер-12
шаблоны_тип_регион;производство семян {регион};да;да;1;провайдер-14
шаблоны_тип_регион;производство снеков из семян {регион};да;да;1;провайдер-09
шаблоны_тип_регион;производство соевого масла {регион};да;да;1;провайдер-08
шаблоны_тип_регион;производство соли {регион};да;да;1;провайдер-19
шаблоны_тип_регион;производство стекловаты {регион};да;да;1;провайдер-21
шаблоны_тип_регион;производство стеклотары {регион};да;да;1;провайдер-21
шаблоны_тип_регион;производство стеклянного песка {регион};да;да;1;провайдер-20
шаблоны_тип_регион;производство строительных материалов {регион};да;да;1;провайдер-19
шаблоны_тип_регион;производство суперконцентратов {регион};да;да;1;сессия-2
шаблоны_тип_регион;производство сухих завтраков {регион};да;да;1;сессия-1
шаблоны_тип_регион;производство сушеных овощей {регион};да;да;1;провайдер-09
шаблоны_тип_регион;производство сушеных фруктов {регион};да;да;1;провайдер-09
шаблоны_тип_регион;производство технологической щепы {регион};да;да;1;провайдер-23
шаблоны_тип_регион;производство топливных гранул {регион};да;да;1;провайдер-23
шаблоны_тип_регион;производство труб ПНД из вторсырья {регион};да;да;1;сессия-2
шаблоны_тип_регион;производство фиточая {регион};да;да;1;сессия-1
шаблоны_тип_регион;производство флекса ПЭТФ {регион};да;да;1;провайдер-18
шаблоны_тип_регион;производство химических удобрений {регион};да;да;1;провайдер-19
шаблоны_тип_регион;производство химического сырья {регион};да;да;1;провайдер-20
шаблоны_тип_регион;производство хлопьев {регион};да;да;1;провайдер-07
шаблоны_тип_регион;производство цветных концентратов {регион};да;да;1;провайдер-17
шаблоны_тип_регион;производство чая {регион};да;да;1;провайдер-11
шаблоны_тип_регион;производство чипсов {регион};да;да;1;сессия-1
шаблоны_тип_регион;производство шрота {регион};да;да;1;провайдер-08
шаблоны_тип_регион;пряности производство {регион};да;да;1;провайдер-11
шаблоны_тип_регион;птицекомбинат {регион};да;да;1;провайдер-03
шаблоны_тип_регион;птицеперерабатывающий завод {регион};да;да;1;провайдер-12
шаблоны_тип_регион;птицефабрика {регион} переработка;да;да;1;сессия-1
шаблоны_тип_регион;пункт приёма металлолома {регион};да;да;1;провайдер-24
шаблоны_тип_регион;пшенный завод {регион};да;да;1;сессия-1
шаблоны_тип_регион;разрез уголь {регион};да;да;1;провайдер-24
шаблоны_тип_регион;ресайклинг пластика {регион};да;да;1;провайдер-22
шаблоны_тип_регион;рециклинг ПЭТ-бутылок {регион};да;да;1;провайдер-17
шаблоны_тип_регион;рециклинг древесины {регион};да;да;1;провайдер-23
шаблоны_тип_регион;рециклинг пластмасс {регион};да;да;1;провайдер-17
шаблоны_тип_регион;рисовый завод {регион};да;да;1;сессия-1
шаблоны_тип_регион;рисоперерабатывающий завод {регион};да;да;1;провайдер-04
шаблоны_тип_регион;рыбзавод {регион};да;да;1;сессия-1
шаблоны_тип_регион;рыбный завод {регион};да;да;1;провайдер-12
шаблоны_тип_регион;рыбный цех {регион};да;да;1;провайдер-12
шаблоны_тип_регион;рыбозавод {регион};да;да;1;провайдер-12
шаблоны_тип_регион;садоводческое хозяйство {регион};да;да;1;провайдер-09
шаблоны_тип_регион;садоводческое хозяйство ягоды {регион};да;да;1;провайдер-06
шаблоны_тип_регион;селекционно-семеноводческий центр {регион};да;да;1;провайдер-02
шаблоны_тип_регион;сельхозкооператив {регион} переработка;да;да;1;сессия-1
шаблоны_тип_регион;сельхозпредприятие элеватор {регион};да;да;1;провайдер-04
шаблоны_тип_регион;семена суперэлита ООО {регион};да;да;1;сессия-1
шаблоны_тип_регион;семенной центр {регион};да;да;1;провайдер-02
шаблоны_тип_регион;семеноводческая станция {регион};да;да;1;провайдер-02
шаблоны_тип_регион;семеноочистительная станция {регион};да;да;1;провайдер-02
шаблоны_тип_регион;семеноочистительный завод {регион};да;да;1;провайдер-02
шаблоны_тип_регион;семзавод {регион} протравливание;да;да;1;сессия-1
шаблоны_тип_регион;семсовхоз {регион};да;да;1;провайдер-02
шаблоны_тип_регион;семстанция {регион};да;да;1;сессия-1
шаблоны_тип_регион;сепарация семян {регион};да;да;1;провайдер-02
шаблоны_тип_регион;склад орехов переработка {регион};да;да;1;провайдер-05
шаблоны_тип_регион;снековое производство {регион};да;да;1;провайдер-10
шаблоны_тип_регион;сокодобывающий завод {регион};да;да;1;провайдер-06
шаблоны_тип_регион;сокопроизводитель {регион};да;да;1;провайдер-06
шаблоны_тип_регион;солевыварочный завод {регион};да;да;1;провайдер-19
шаблоны_тип_регион;солерудник {регион};да;да;1;провайдер-20
шаблоны_тип_регион;соляная шахта {регион};да;да;1;провайдер-19
шаблоны_тип_регион;сортировка бобовых {регион};да;да;1;провайдер-14
шаблоны_тип_регион;сортировка картофеля {регион} ООО;да;да;1;сессия-1
шаблоны_тип_регион;сортировка щебня {регион};да;да;1;провайдер-19
шаблоны_тип_регион;старательская артель {регион};да;да;1;сессия-2
шаблоны_тип_регион;стеклобойный завод {регион};да;да;1;провайдер-21
шаблоны_тип_регион;стекловолоконное производство {регион};да;да;1;провайдер-21
шаблоны_тип_регион;сушилка ягод и фруктов {регион};да;да;1;сессия-1
шаблоны_тип_регион;сушильно-сортировальный комплекс {регион};да;да;1;провайдер-15
шаблоны_тип_регион;сушильный цех ягод {регион};да;да;1;провайдер-06
шаблоны_тип_регион;сушка зерна {регион};да;да;1;провайдер-15
шаблоны_тип_регион;сушка зерна предприятие {регион};да;да;1;провайдер-04
шаблоны_тип_регион;сушка лекарственных трав {регион};да;да;1;провайдер-14
шаблоны_тип_регион;сушка плодов {регион};да;да;1;провайдер-09
шаблоны_тип_регион;сушка семян {регион};да;да;1;провайдер-02
шаблоны_тип_регион;сушка ягод {регион};да;да;1;провайдер-06
шаблоны_тип_регион;сыродельня {регион};да;да;1;сессия-1
шаблоны_тип_регион;табачное производство {регион};да;да;1;провайдер-02
шаблоны_тип_регион;табачное хозяйство {регион};да;да;1;провайдер-02
шаблоны_тип_регион;табачный завод {регион};да;да;1;провайдер-14
шаблоны_тип_регион;трейдер зерна {регион};да;да;1;провайдер-15
шаблоны_тип_регион;трейдер зерна {регион} закупка с элеватора;да;да;1;сессия-1
шаблоны_тип_регион;тукосмесительный завод {регион};да;да;1;провайдер-20
шаблоны_тип_регион;угледобывающее предприятие {регион};да;да;1;провайдер-24
шаблоны_тип_регион;углеобогащение {регион};да;да;1;провайдер-16
шаблоны_тип_регион;угольная обогатительная фабрика {регион};да;да;1;провайдер-24
шаблоны_тип_регион;угольная шахта {регион};да;да;1;провайдер-16
шаблоны_тип_регион;упаковка сухофруктов {регион};да;да;1;провайдер-10
шаблоны_тип_регион;утилизация древесины {регион};да;да;1;провайдер-23
шаблоны_тип_регион;утилизация металлической стружки {регион};да;да;1;провайдер-24
шаблоны_тип_регион;утилизация промышленных отходов {регион};да;да;1;провайдер-22
шаблоны_тип_регион;фабрика заморозки ягод {регион};да;да;1;провайдер-06
шаблоны_тип_регион;фабрика обжарки семян {регион};да;да;1;провайдер-09
шаблоны_тип_регион;фабрика овощных смесей {регион};да;да;1;провайдер-06
шаблоны_тип_регион;фабрика пряностей {регион};да;да;1;сессия-1
шаблоны_тип_регион;фабрика семечки {регион};да;да;1;провайдер-06
шаблоны_тип_регион;фабрика чипсов {регион};да;да;1;провайдер-10
шаблоны_тип_регион;фанерный комбинат {регион};да;да;1;провайдер-23
шаблоны_тип_регион;фасовка круп {регион};да;да;1;сессия-1
шаблоны_тип_регион;фасовка крупы {регион};да;да;1;провайдер-15
шаблоны_тип_регион;фасовка крупы предприятие {регион};да;да;1;провайдер-04
шаблоны_тип_регион;фасовка нута {регион};да;да;1;провайдер-14
шаблоны_тип_регион;фасовка приправ {регион};да;да;1;провайдер-11
шаблоны_тип_регион;фасовка семечек {регион};да;да;1;провайдер-10
шаблоны_тип_регион;фасовка семян {регион};да;да;1;провайдер-02
шаблоны_тип_регион;фасовка соли {регион};да;да;1;провайдер-19
шаблоны_тип_регион;фасовка специй {регион};да;да;1;провайдер-11
шаблоны_тип_регион;фасовка сухофруктов {регион};да;да;1;провайдер-09
шаблоны_тип_регион;фасовка чая {регион};да;да;1;провайдер-11
шаблоны_тип_регион;фасовка чечевицы {регион};да;да;1;провайдер-14
шаблоны_тип_регион;фасовочное производство бакалеи {регион};да;да;1;сессия-1
шаблоны_тип_регион;фитопроизводство {регион};да;да;1;провайдер-02
шаблоны_тип_регион;флотационная фабрика {регион};да;да;1;провайдер-24
шаблоны_тип_регион;формовочный песок производство {регион};да;да;1;провайдер-20
шаблоны_тип_регион;фракционирование песка {регион};да;да;1;провайдер-20
шаблоны_тип_регион;фракционирование щебня {регион};да;да;1;провайдер-19
шаблоны_тип_регион;фруктово-ягодный завод {регион};да;да;1;провайдер-06
шаблоны_тип_регион;химический завод {регион};да;да;1;провайдер-20
шаблоны_тип_регион;химкомбинат {регион};да;да;1;провайдер-20
шаблоны_тип_регион;хпп {регион};да;да;1;сессия-1
шаблоны_тип_регион;хранение и подработка зерна {регион};да;да;1;провайдер-04
шаблоны_тип_регион;центр переработки пластика {регион};да;да;1;провайдер-21
шаблоны_тип_регион;центр переработки стекла {регион};да;да;1;провайдер-21
шаблоны_тип_регион;центр подготовки семян {регион};да;да;1;провайдер-02
шаблоны_тип_регион;цех брикетирования {регион};да;да;1;провайдер-24
шаблоны_тип_регион;цех быстрой заморозки {регион};да;да;1;провайдер-09
шаблоны_тип_регион;цех деревопереработки {регион};да;да;1;провайдер-23
шаблоны_тип_регион;цех заморозки овощей {регион};да;да;1;провайдер-06
шаблоны_тип_регион;цех заморозки овощной продукции {регион};да;да;1;провайдер-10
шаблоны_тип_регион;цех обжарки орехов {регион};да;да;1;провайдер-10
шаблоны_тип_регион;цех обжарки подсолнечника {регион};да;да;1;провайдер-09
шаблоны_тип_регион;цех обжарки семечек {регион};да;да;1;сессия-1
шаблоны_тип_регион;цех обжарки семян {регион};да;да;1;провайдер-06
шаблоны_тип_регион;цех отжима масла {регион};да;да;1;провайдер-08
шаблоны_тип_регион;цех переработки бобовых {регион};да;да;1;провайдер-14
шаблоны_тип_регион;цех переработки вторсырья {регион};да;да;1;провайдер-22
шаблоны_тип_регион;цех переработки картофеля {регион};да;да;1;провайдер-10
шаблоны_тип_регион;цех по переработке зерна {регион};да;да;1;провайдер-04
шаблоны_тип_регион;цех по производству круп {регион};да;да;1;провайдер-07
шаблоны_тип_регион;цех подработки орехов {регион};да;да;1;провайдер-05
шаблоны_тип_регион;цех снеков {регион};да;да;1;провайдер-06
шаблоны_тип_регион;цех сушки фруктов {регион};да;да;1;провайдер-09
шаблоны_тип_регион;цех сушки ягод {регион};да;да;1;провайдер-09
шаблоны_тип_регион;цех фасовки орехов {регион};да;да;1;провайдер-13
шаблоны_тип_регион;чайная фабрика {регион};да;да;1;провайдер-11
шаблоны_тип_регион;шахта {регион};да;да;1;провайдер-24
шаблоны_тип_регион;шредер автомобилей переработка {регион};да;да;1;сессия-2
шаблоны_тип_регион;шредерная линия {регион};да;да;1;провайдер-23
шаблоны_тип_регион;шредерная переработка {регион};да;да;1;провайдер-22
шаблоны_тип_регион;щебеночный карьер {регион};да;да;1;провайдер-20
шаблоны_тип_регион;экспорт жмыха {регион};да;да;1;провайдер-08
шаблоны_тип_регион;экспорт зерна {регион};да;да;1;провайдер-08
шаблоны_тип_регион;экспорт орехов {регион};да;да;1;провайдер-05
шаблоны_тип_регион;экспорт подсолнечника {регион};да;да;1;провайдер-08
шаблоны_тип_регион;экспорт рапса {регион};да;да;1;провайдер-08
шаблоны_тип_регион;экспорт сои {регион};да;да;1;провайдер-08
шаблоны_тип_регион;экспорт шрота {регион};да;да;1;провайдер-08
шаблоны_тип_регион;экспортёр гороха {регион};да;да;1;провайдер-01
шаблоны_тип_регион;экспортёр кормов {регион};да;да;1;провайдер-01
шаблоны_тип_регион;экспортёр крупы {регион};да;да;1;провайдер-01
шаблоны_тип_регион;экспортёр кукурузы {регион};да;да;1;провайдер-01
шаблоны_тип_регион;экспортёр муки {регион};да;да;1;провайдер-01
шаблоны_тип_регион;экспортёр нута {регион};да;да;1;провайдер-01
шаблоны_тип_регион;экспортёр орехов {регион};да;да;1;провайдер-01
шаблоны_тип_регион;экспортёр подсолнечника {регион};да;да;1;провайдер-01
шаблоны_тип_регион;экспортёр пшеницы {регион};да;да;1;провайдер-01
шаблоны_тип_регион;экспортёр рапса {регион};да;да;1;провайдер-01
шаблоны_тип_регион;экспортёр семян {регион};да;да;1;провайдер-01
шаблоны_тип_регион;экспортёр сои {регион};да;да;1;провайдер-01
шаблоны_тип_регион;экспортёр чечевицы {регион};да;да;1;провайдер-01
шаблоны_тип_регион;экспортёр ячменя {регион};да;да;1;провайдер-01
шаблоны_тип_регион;экстракционный завод {регион};да;да;1;провайдер-08
шаблоны_тип_регион;элеватор {регион} подработка зерна;да;да;1;сессия-1
шаблоны_тип_регион;элеватор {регион} приёмка зерна;да;да;1;сессия-1
шаблоны_тип_регион;элеватор с маслоцехом {регион};да;да;1;провайдер-08
шаблоны_тип_регион;элеватор с экспортом {регион};да;да;1;провайдер-08
шаблоны_тип_регион;элеватор экспорт {регион};да;да;1;провайдер-01
шаблоны_тип_регион;элеваторный комбинат {регион};да;да;1;провайдер-07
шаблоны_тип_регион;элеваторы {регион};да;да;1;провайдер-04
шаблоны_тип_регион;элитно-семеноводческое хозяйство {регион};да;да;1;провайдер-02
шаблоны_тип_регион;элитное семеноводство {регион};да;да;1;провайдер-14
шаблоны_тип_регион;элитные семена производитель {регион};да;да;1;сессия-1
шаблоны_тип_регион;элитхоз {регион};да;да;1;провайдер-02
шаблоны_тип_регион;эфиромасличный завод {регион};да;да;1;провайдер-02
шаблоны_тип_регион;ягодная ферма {регион};да;да;1;провайдер-06
шаблоны_тип_регион;ягодный завод {регион};да;да;1;провайдер-09
