inn;name;name_obzvon;division;segment;okved;okved_all;region;address;egrul_status;director;revenue_rub;revenue_h;priority_max;priority_total;equipment;site;activity;is_competitor;verified;best_email;contacts;contacts_n;phones;signals_n;hotness_max;news_event;news_what;news_url;stages;in_obzvon;in_sender;sent_n;sent_last
7830000426;"ГОСУДАРСТВЕННОЕ УНИТАРНОЕ ПРЕДПРИЯТИЕ ""ВОДОКАНАЛ САНКТ-ПЕТЕРБУРГА""";"ГУП ""ВОДОКАНАЛ САНКТ-ПЕТЕРБУРГА""";kc;;37.00;37.00|35.30.14|36.00.2|46.74|46.77|79.90.21|86.21|86.90.4|36.00.1|41.20|42.11|42.21|42.99|46.43.3|46.46|46.49.31|46.73.6|46.76|47.61|47.63.1|47.63.2|47.73|47.74|47.75|49.3|49.4|49.41|49.41.1|49.41.2|49.41.3|58.11|59.11|62.01|62.02|71.12|71.20.1|79.90.2|85.41|85.42.9|86|90.01|93.29;Санкт-Петербург;191015, г. Санкт-Петербург, ул. Кавалергардская, д. 42;Действующая компания;;52100000000.0;52,1 млрд руб.;4;31;Промышленные компрессоры от 200 000 ₽ | Генераторы азота | Генераторы кислорода | МКС — мобильные компрессорные станции | МКС — модульные или блочно-компрессорные станции;водоканал-спб.рф;водоснабжение и водоотведение в Санкт-Петербурге;0;inn;kolesnikova_vm@vodokanal.spb.ru;"office@vodokanal.spb.ru|общий| ; kolesnikova_vm@vodokanal.spb.ru|снабжение/закупки|Колесникова В. ; baranova_ln@vodokanal.spb.ru|снабжение/закупки|Баранова Л.";3;[];;;;;;activity,checko,email,etp,site,verify;1;;;
7705013033;"ГОСУДАРСТВЕННОЕ УНИТАРНОЕ ПРЕДПРИЯТИЕ ГОРОДА МОСКВЫ ПО ЭКСПЛУАТАЦИИ МОСКОВСКИХ ВОДООТВОДЯЩИХ СИСТЕМ ""МОСВОДОСТОК""";"ГУП ""МОСВОДОСТОК""";kc;;37.00;37.00|38.1|38.2|42.21|42.22.1|42.22.2|42.91.2|42.91.4|43.12.3|43.22|43.99.4|43.99.6|49.41.1|49.41.2|50.30|50.40|52.21.23|52.29|71.12;Москва;119017, г. Москва, ул. Новокузнецкая, д. 26/8, стр. 1;Действующая компания;;27600000000.0;27,6 млрд руб.;4;31;Промышленные компрессоры от 200 000 ₽ | Генераторы кислорода | МКС — мобильные компрессорные станции | МКС — модульные или блочно-компрессорные станции;мосводосток.рф;эксплуатация и ремонт систем водоотведения и очистки поверхностных стоков Москвы;0;provider;tender@mosvodostok.net;"cancel@mosvodostok.net|приёмная| ; center@mosvodostok.net|общий| ; tender@mosvodostok.net|снабжение/закупки|Гамаюнов В.";3;"[""+74956578703"", ""+74956578738""]";;;;;;activity,checko,email,etp,phone,site,verify;1;;;
6445029380;"МУНИЦИПАЛЬНОЕ УНИТАРНОЕ ПРЕДПРИЯТИЕ ГОРНОВСКОГО МУНИЦИПАЛЬНОГО ОБРАЗОВАНИЯ ""БЛАГОУСТРОЙСТВО""";"МУП ""БЛАГОУСТРОЙСТВО""";kc;;37.00;37.00|36.00|35.30.2|35.30.3|35.30.5|35.30.1|35.30.6|35.30.4;Саратовская область;413540, Саратовская область, м. р-н Краснопартизанский, г. п. Горновское, рп. Горный, ул. Чапаевская, д. 28;Действующая компания;;15000000000.0;15 млрд руб.;4;13;Промышленные компрессоры от 200 000 ₽ | Генераторы кислорода | МКС — модульные или блочно-компрессорные станции;;;0;;;;;;;;;;;checko,etp;1;;;
1653006666;"МУНИЦИПАЛЬНОЕ УНИТАРНОЕ ПРЕДПРИЯТИЕ ГОРОДА КАЗАНИ ""ВОДОКАНАЛ""";"МУП ""ВОДОКАНАЛ""";kc;новостные;37.00;37.00|36.00.1|43.29|35.12|36.00|41.20|42.21|42.22.1|42.22.2|42.91.5|42.99|43.12.3|43.22|43.32|43.33|43.34.1|43.34.2|43.99.3|43.99.7|49.41.1|49.41.2|49.50|71.20.1|81.29.9;Республика Татарстан;420087, Республика Татарстан, г. Казань, ул. Родины, д. 9;Действующая компания;Абдулхаков Рустам Рифгатович;8200000000.0;8,2 млрд руб.;5;55;Промышленные компрессоры от 200 000 ₽ | Генераторы азота | Генераторы кислорода | МКС — мобильные компрессорные станции | МКС — модульные или блочно-компрессорные станции;kznvodokanal.ru;водоснабжение и водоотведение города Казани;0;provider;ks@kznvodokanal.ru;"2316104@kznvodokanal.ru|общий| ; ks@kznvodokanal.ru|снабжение/закупки|Галимов И.";2;"[""+7 (843) 231-62-60 (аварийно-диспетчерская служба)"", ""+7 (843) 231-62-62 (телефонная справочная)"", ""+7 (843) 231-69-06 (канцелярия)"", ""+7 (843) 231-62-75 (производственно-технический отдел)"", ""+7 (843) 231-61-33 (договорная группа юр.лица)"", ""+7 (843) 231-62-16 (ПТО технический надзор)"", ""+7 (843) 231-62-24 (ПТО техническая группа)"", ""+7 (843) 231-69-96 (горячая линия)""]";1;3;наём в компрессорную;МУП Водоканал: Слесарь-ремонтник (Эльмаш);https://hh.ru/search/vacancy?text=%D1%81%D0%BB%D0%B5%D1%81%D0%B0%D1%80%D1%8C%20%D0%BF%D0%BE%20%D1%80%D0%B5%D0%BC%D0%BE%D0%BD%D1%82%D1%83%20%D0%BA%D0%BE%D0%BC%D0%BF%D1%80%D0%B5%D1%81%D1%81%D0%BE%D1%80%D0%BD%D0%BE%D0%B3%D0%BE%20%D0%BE%D0%B1%D0%BE%D1%80%D1%83%D0%B4%D0%BE%D0%B2%D0%B0%D0%BD%D0%B8%D1%8F;best_email_v2,checko,crawl,email,etp,hh,phone,site,verify,zakupki;1;1;;
2308111927;"ОБЩЕСТВО С ОГРАНИЧЕННОЙ ОТВЕТСТВЕННОСТЬЮ ""КРАСНОДАР ВОДОКАНАЛ""";"ООО ""КРАСНОДАР ВОДОКАНАЛ""";kc;;37.00;37.00|36.00.1|36.00.2|96.09.9|35.12|35.13|35.30.1|35.30.2|35.30.3|42.21|42.22.1|42.22.2|46.74.2|55.90|63.99.1;Краснодар;350062, Краснодарский край, г. Краснодар, ул. им. Каляева, д. 198;Действующая компания;;7200000000.0;7,2 млрд руб.;4;29;Промышленные компрессоры от 200 000 ₽ | Генераторы кислорода | МКС — мобильные компрессорные станции | МКС — модульные или блочно-компрессорные станции;rosvodokanal.ru;управление региональными предприятиями водоснабжения и водоотведения;0;phone;e.valiullina@rosvodokanal.ru;"info@rosvodokanal.ru|общий| ; pr@rosvodokanal.ru|продажи| ; etika@rosvodokanal.ru|общий| ; krn_sec@rosvodokanal.ru|приёмная| ; webhelp@rosvodokanal.ru|общий| ; e.valiullina@rosvodokanal.ru|снабжение/закупки|Валиуллина Э. ; km.kulikova@rosvodokanal.ru|снабжение/закупки|Куликова К.";7;"[""+7 (495) 514-02-11"", ""8-800-250-17-47"", ""+7 (800) 200-36-46""]";;;;;;activity,best_email_v2,checko,email,etp,phone,site,verify;1;;;
5902817382;"ОБЩЕСТВО С ОГРАНИЧЕННОЙ ОТВЕТСТВЕННОСТЬЮ ""НОВАЯ ГОРОДСКАЯ ИНФРАСТРУКТУРА ПРИКАМЬЯ""";"ООО ""НОВОГОР-ПРИКАМЬЕ""";kc;;37.00;37.00|35.30.14|36.00.1|36.00.2|46.90|47.99|33.11|33.14|33.20|35.30.1|35.30.3|35.30.4|35.30.5|41.20|42.21|42.22.2|43.12|43.12.1|43.12.3|43.22|68.20|71.12|71.12.1;Пермь;614065, Пермский край, г. Пермь, ул. Свиязева, д. 35;Действующая компания;;7100000000.0;7,1 млрд руб.;4;29;Промышленные компрессоры от 200 000 ₽ | Генераторы кислорода | МКС — мобильные компрессорные станции | МКС — модульные или блочно-компрессорные станции;;управление тепловыми сетями и котельными;0;mismatch;lobanov.e.p@novogor.perm.ru;"lobanov.e.p@novogor.perm.ru|снабжение/закупки|Лобанов Е. ; kolegova_na@novogor.perm.ru|снабжение/закупки|Колегова Н. ; hudyakova@novogor.perm.ru|снабжение/закупки|Худякова О.";3;"[""+7 (8142) 71-00-71"", ""+7 (8142) 71-00-52"", ""+7 (8142) 71-00-83"", ""+7 (911) 050-16-22""]";;;;;;activity,best_email_v2,checko,etp,phone;1;;;
7726671234;"ОБЩЕСТВО С ОГРАНИЧЕННОЙ ОТВЕТСТВЕННОСТЬЮ ""РВК-ВОРОНЕЖ""";"ООО ""РВК-ВОРОНЕЖ""";kc;;37.00;37.00|36.00.1|46.73.3|96.09.9|08.99|35.12|35.13|35.30.1|35.30.2|35.30.3|36.00.2|38.12|38.22|41.10|41.20|42.11|42.21|42.22.1|42.22.2|42.91|42.99|43.12|43.12.3|43.13|43.21|43.22|43.29|43.99.4|43.99.5|43.99.7|43.99.9|46.74.2|46.90|69|70.22|71.12|71.12.1|71.12.11|71.12.3|74.20|74.30|80.20|82.92|85.30|85.41.9|86.90.9|94.11;Воронеж;394038, Воронежская область, г. Воронеж, ул. Пеше-Стрелецкая, д. 90;Действующая компания;;6800000000.0;6,8 млрд руб.;4;45;Промышленные компрессоры от 200 000 ₽ | Генераторы кислорода | МКС — мобильные компрессорные станции | МКС — модульные или блочно-компрессорные станции;voronezh.rosvodokanal.ru;водоснабжение и водоотведение города Воронеж;0;inn;i.razvorotneva@rosvodokanal.ru;"mail_vrn@rosvodokanal.ru|общий| ; etika@rosvodokanal.ru|общий| ; iv.sergeeva@rosvodokanal.ru|общий| ; i.razvorotneva@rosvodokanal.ru|снабжение/закупки|Разворотнева И. ; ed.babenko@rosvodokanal.ru|снабжение/закупки|Бабенко Е.";5;"[""8 (473) 206-77-06"", ""8-800-250-17-47"", ""+7(473) 206-77-07""]";;;;;;activity,best_email_v2,checko,email,etp,phone,site,verify;1;;;
5504097128;"АКЦИОНЕРНОЕ ОБЩЕСТВО ""ОМСКВОДОКАНАЛ""";"АО ""ОМСКВОДОКАНАЛ""";kc;;37.00;37.00|36.00.2|46.90|49.41.3|33.12|35.11|35.13|35.14|35.2|35.30|36.00|41.2|43.12|43.2|43.3|49.10|49.20|49.3|52.10.2|69|72.19|80.10|80.20|80.30|84.22;;644042, Омская область, г. Омск, ул. Маяковского, д. 2;Действующая компания;;6300000000.0;6,3 млрд руб.;5;34;Промышленные компрессоры от 200 000 ₽ | Фотосепараторы | Генераторы азота | Генераторы кислорода | МКС — мобильные компрессорные станции | МКС — модульные или блочно-компрессорные станции;;;0;;;i.orlova@rosvodokanal.ru|снабжение/закупки|Орлова И.;1;;;;;;;checko,etp;1;;;
2426004706;"ОБЩЕСТВО С ОГРАНИЧЕННОЙ ОТВЕТСТВЕННОСТЬЮ ""ИМПУЛЬС""";"ООО ""ИМПУЛЬС""";;;36.00 Забор, очистка и распределение воды;36.00|10.61.2|10.71.1|16.10.1|16.23.1|35.30.14|35.30.2|35.30.3|35.30.4|35.30.5|36.00.1|36.00.2|37.00|38.1|38.2|41.20|42.21|42.22.2|43.22|43.29|43.32|43.99|47.52.5|49.41.2|81.29.9;Красноярский край;663415, Красноярский край, Мотыгинский район, гп. Раздолинск, ул. Лесопильная, д. 32А;Действующая компания;Лазаренко Виталий Николаевич;5100000000.0;5,1 млрд руб.;4;47;Промышленные компрессоры от 200 000 ₽ | Фотосепараторы | Рентген-детекторы и рентген-инспекционные системы | Генераторы кислорода | МКС — мобильные компрессорные станции | МКС — модульные или блочно-компрессорные станции;ukimpuls.ru;Управляющая компания ЖКХ (управление и обслуживание многоквартирных домов, ОКВЭД 68.32);0;mismatch;;;;"[""8-495-801-79-99"", ""8-495-801-79-79"", ""8-967-208-16-97"", ""8-977-618-87-06""]";;;;;;activity,phone,site;1;;;
2457029066;"МУНИЦИПАЛЬНОЕ УНИТАРНОЕ ПРЕДПРИЯТИЕ МУНИЦИПАЛЬНОГО ОБРАЗОВАНИЯ ГОРОД НОРИЛЬСК ""КОММУНАЛЬНЫЕ ОБЪЕДИНЕННЫЕ СИСТЕМЫ""";"МУП ""КОС""";kc;;37.00;37.00|35.12.1|35.12.2|35.30.2|36.00.2|64.19|68.20.29|68.32.1|35.11|35.12|35.13|35.14|35.30.3|35.30.5|36.00.1|38.11|38.12|41.20|42.21|42.22.2|43.22|43.29|43.32|43.34.1|43.99|49.39.1|49.39.3|49.39.39|49.41|49.50|52.21|64.11|68.20.2|68.32|71.12|71.12.45|71.12.6|71.20|71.20.1|95.11;;663302, Красноярский край, г. о. город Норильск, г. Норильск, ул. Нансена, д. 18А;Действующая компания;Борисевич Евгений Николаевич;3300000000.0;3,3 млрд руб.;5;57;Промышленные компрессоры от 200 000 ₽ | Генераторы азота | Генераторы кислорода | МКС — мобильные компрессорные станции | МКС — модульные или блочно-компрессорные станции;;;0;;+lev1909@rambler.ru;"+lev1909@rambler.ru|снабжение/закупки|Левченко А. ; lev1909@rambler.ru|снабжение/закупки|Левченко А.";2;;;;;;;best_email_v2,checko,etp;1;;;
5027130197;;"АО ""ЛЮБЕРЕЦКИЙ ВОДОКАНАЛ""";;;;37.00|36.00.1|11.07.1|11.07.2|28.29.1|33.12|33.13|33.14|33.20|36.00|41.20|42.21|42.22.1|42.22.2|42.91|42.91.2|42.91.4|42.99|43.12.3|43.21|43.22|43.29|43.99|43.99.2|43.99.3|43.99.4|43.99.5|43.99.6|62.01|62.02|71.20;;"140000, Московская область, г. Люберцы, пр-кт Октябрьский, д. 213""а""";Действующая компания;;3200000000.0;3,2 млрд руб.;4;47;Промышленные компрессоры от 200 000 ₽ | Рентген-детекторы и рентген-инспекционные системы | Генераторы азота | Генераторы кислорода | МКС — мобильные компрессорные станции | МКС — модульные или блочно-компрессорные станции;;;;;;;;;;;;;;;1;;;
2221064060;"ОБЩЕСТВО С ОГРАНИЧЕННОЙ ОТВЕТСТВЕННОСТЬЮ ""БАРНАУЛЬСКИЙ ВОДОКАНАЛ""";"ООО ""БАРНАУЛЬСКИЙ ВОДОКАНАЛ""";;;;37.00|36.00.2|46.90|35.22|35.3|36.0|36.00.1|38.32.5|42.21|42.22.1|42.22.2|42.99|43.22|45.20|46.74.2|49.41.3|73.11|74.90.6;Барнаул;656037, Алтайский край, г. Барнаул, пр-кт Калинина, д. 116;Действующая компания;;3100000000.0;3,1 млрд руб.;5;34;Промышленные компрессоры от 200 000 ₽ | Фотосепараторы | Генераторы кислорода | МКС — мобильные компрессорные станции | МКС — модульные или блочно-компрессорные станции;;;0;;office_brn@rosvodokanal.ru;office_brn@rosvodokanal.ru|общий|;1;[];;;;;;email,site_cand;1;;;
8602016725;"СУРГУТСКОЕ ГОРОДСКОЕ МУНИЦИПАЛЬНОЕ УНИТАРНОЕ ПРЕДПРИЯТИЕ ""ГОРВОДОКАНАЛ""";"СГМУП ""ГВК""";;;;37.00|36.00.2|36.00.1|38.21|11.07|86.21|43.22;Сургут;628422, Ханты-Мансийский автономный округ - Югра, г. Сургут, ул. Аэрофлотская, д. 4;Действующая компания;Бондаренко Григорий Анатольевич;3000000000.0;3 млрд руб.;4;21;Промышленные компрессоры от 200 000 ₽ | Рентген-детекторы и рентген-инспекционные системы | Генераторы кислорода;;;0;;;;;[];;;;;;site_cand;1;;;
2370011145;"ОБЩЕСТВО С ОГРАНИЧЕННОЙ ОТВЕТСТВЕННОСТЬЮ ""ЧИСТЫЙ ДВОР""";"ООО ""ЧИСТЫЙ ДВОР""";;;37.00 Сбор и обработка сточных вод;37.00|26.11.3|26.51.7|27.12|27.90|33.14|33.20|38.11|38.12|38.32.5|43.21|43.29|46.41|46.42|62.01|71.12.45|71.12.53|71.20.9|72.19|81.10|81.29.9|82.99|96.09;Москва;129329, г. Москва, вн. тер. г. муниципальный округ Свиблово, ул. Вересковая, д. 1, к. 1, помещ. 10/1;Действующая компания;Камардина Вероника Яковлевна;2900000000.0;2,9 млрд руб.;4;12;Фотосепараторы | Генераторы азота | Генераторы кислорода;ch-dvor.ru;вывоз и утилизация жидких бытовых отходов, обслуживание туалетных комплексов РЖД;0;provider;chistyy.dvor@inbox.ru;chistyy.dvor@inbox.ru|общий|;1;"[""86348642749""]";;;;;;activity,email,phone,site,verify;1;;;
1650297657;"ОБЩЕСТВО С ОГРАНИЧЕННОЙ ОТВЕТСТВЕННОСТЬЮ ""ЧЕЛНЫВОДОКАНАЛ""";"ООО ""ЧЕЛНЫВОДОКАНАЛ""";;;;37.00|20.59.4|36.00.1|36.00.2|42.21|49.41.2|71.20.1|11.07.2|23.52.1|33.13|35.12|36.00|42.22.1|42.22.2|43.12.3|45.11.2|45.11.3|45.19.2|45.19.3|45.20.2|46.90|47.9|49.41.1|52.21.24|56.29|71.12|86.90.9;Набережные;423800, Республика Татарстан, г. Набережные Челны, Хлебный проезд, д. 27;Действующая компания;;2900000000.0;2,9 млрд руб.;4;46;Промышленные компрессоры от 200 000 ₽ | Рентген-детекторы и рентген-инспекционные системы | Генераторы азота | Генераторы кислорода | МКС — мобильные компрессорные станции | МКС — модульные или блочно-компрессорные станции;chelnyvodokanal.ru;;0;phone;compliance@kamaz.org;"compliance@kamaz.org|общий| ; drp@chvk.kamaz.net|общий| ; kanc@chvk.kamaz.net|общий|";3;[];;;;;;email,site,verify;1;;;
3807000276;"МУНИЦИПАЛЬНОЕ УНИТАРНОЕ ПРЕДПРИЯТИЕ ""ВОДОКАНАЛ"" Г.ИРКУТСКА";"МУП ""ВОДОКАНАЛ"" Г.ИРКУТСКА";kc;новостные;37.00;37.00|36.00.2|42.21|43.22|52.21.29|68.20.29|71.20.1|96.09.9|33.12|35.30.14|35.30.2|35.30.3|43.29|43.99.7|46.90|71.11|71.12.41;Иркутск;664081, Иркутская область, г. Иркутск, ул. Станиславского, д. 2;Действующая компания;Ващенко Сергей Витальевич;2800000000.0;2,8 млрд руб.;4;38;Промышленные компрессоры от 200 000 ₽ | Генераторы азота | Генераторы кислорода | МКС — мобильные компрессорные станции | МКС — модульные или блочно-компрессорные станции;irkvkx.ru;Услуги водоснабжения, водоотведения и ремонтно-строительные работы инженерного оборудования.;0;provider;gubina_ed@irkvkx.ru;"gerelovich_td@irkvkx.ru|снабжение/закупки|Герелович Т. ; secretar@irkvkx.ru|приёмная|Молостова А. ; sudomoikin_sa@irkvkx.ru|снабжение/закупки|Судомойкин С. ; gubina_ed@irkvkx.ru|снабжение/закупки|Губина Е. ; urzhumova_ea@irkvkx.ru|снабжение/закупки|Уржумова Елена Александровна";5;"[""+7 (3952) 500-248 (информационный центр)"", ""+7 (3952) 21-46-46 (информационный центр)"", ""+7 (3952) 22-82-71 (диспетчер, круглосуточно)"", ""+7 (3952) 22-82-70 (диспетчер, круглосуточно)"", ""+7 (3952) 21-46-50 (запись на приём)""]";1;3;наём в компрессорную;МУП Водоканал г.Иркутска: Оператор по обслуживанию песчаных фильтров (5 разряда);https://hh.ru/search/vacancy?text=%D0%BE%D0%BF%D0%B5%D1%80%D0%B0%D1%82%D0%BE%D1%80%20%D0%BA%D0%BE%D0%BC%D0%BF%D1%80%D0%B5%D1%81%D1%81%D0%BE%D1%80%D0%BD%D0%BE%D0%B9%20%D1%83%D1%81%D1%82%D0%B0%D0%BD%D0%BE%D0%B2%D0%BA%D0%B8;best_email_v2,checko,crawl,email,etp,hh,phone,site,site_cand,verify;1;1;;
5047081156;"ОТКРЫТОЕ АКЦИОНЕРНОЕ ОБЩЕСТВО ""ХИМКИНСКИЙ ВОДОКАНАЛ""";"ОАО ""ХИМКИНСКИЙ ВОДОКАНАЛ""";kc;;37.00;37.00|36.00.2|42.21|42.22.1|42.22.2|43.22|68.32.1|68.32.2;;141501, Московская область, г. Химки, Нагорное шоссе, д. 5;Действующая компания;;2500000000.0;2,5 млрд руб.;4;22;Промышленные компрессоры от 200 000 ₽ | Генераторы кислорода | МКС — мобильные компрессорные станции | МКС — модульные или блочно-компрессорные станции;;;0;;;;;;;;;;;checko,etp;1;;;
8904046652;"АКЦИОНЕРНОЕ ОБЩЕСТВО ""УРЕНГОЙГОРВОДОКАНАЛ""";"АО ""УГВК""";kc;;37.00;37.00|36.00.1|08.99|35.30.3|35.30.4|36.00|36.00.2|41.2|41.20|42.11|42.21|42.22.2|42.22.3|42.91|42.99|43.11|43.12|43.12.3|43.2|43.21|43.22|43.29|43.3|43.31|43.32|43.33|43.34|43.39|43.91|43.99|46.90|49.39.39|49.41|49.5|52.10|52.29|64.99.6|68.31.2|68.31.3|68.31.4|71.12.6|71.20.1|71.20.8|71.20.9|77.11|77.12|77.32|82.99;Ямало-Ненецкий автономный округ;629306, Ямало-Ненецкий автономный округ, г. Новый Уренгой, ул. Юбилейная, д. 5, офис 1;Действующая компания;;2300000000.0;2,3 млрд руб.;5;70;Промышленные компрессоры от 200 000 ₽ | Фотосепараторы | Генераторы азота | Генераторы кислорода | МКС — мобильные компрессорные станции | МКС — модульные или блочно-компрессорные станции;;;0;;;;;;;;;;;checko,etp;1;;;
2130017760;;"АО ""ВОДОКАНАЛ""";;;;37.00|36.00.2|36.00;;428024, Чувашская Республика - Чувашия, г. Чебоксары, Мясокомбинатский проезд, д. 12;Действующая компания;Васильев Владимир Сергеевич;2300000000.0;2,3 млрд руб.;4;10;Промышленные компрессоры от 200 000 ₽ | Генераторы кислорода;;;;;;;;;;;;;;;1;;;
7726445108;"ОБЩЕСТВО С ОГРАНИЧЕННОЙ ОТВЕТСТВЕННОСТЬЮ ""МОСКОМСТРОЙ""";"ООО ""МОСКОМСТРОЙ""";kc;;37.00;37.00|38.12|38.22|41.10|41.20|42.21|42.91|46.64|46.69|46.90|47.52.7|52.29|71.11|71.12|77.11|77.31|77.32|77.39.11|81.30;Москва;117525, г. Москва, вн. тер. г. муниципальный округ Чертаново Центральное, ул. Днепропетровская, д. 3, к. 5А, помещ. 1Н/5;Действующая компания;;2000000000.0;2 млрд руб.;5;24;Промышленные компрессоры от 200 000 ₽ | Генераторы кислорода | МКС — мобильные компрессорные станции | МКС — модульные или блочно-компрессорные станции;;;0;;;;;;;;;;;checko,etp;1;;;
6623034200;"ОБЩЕСТВО С ОГРАНИЧЕННОЙ ОТВЕТСТВЕННОСТЬЮ ""ВОДОКАНАЛ-НТ""";"ООО ""ВОДОКАНАЛ-НТ""";kc;;37.00;37.00|36.00.2|35.30.2|36.00|42.21|42.22.1|42.22.2|42.91.2|43.99.3|49.50.3|68.32|82.99|86|86.90.9;;622001, Свердловская область, г. Нижний Тагил, ул. Красноармейская, д. 45А;Действующая компания;Таран Вячеслав Владимирович;2000000000.0;2 млрд руб.;5;48;Промышленные компрессоры от 200 000 ₽ | Генераторы кислорода | МКС — мобильные компрессорные станции | МКС — модульные или блочно-компрессорные станции;;;0;;emitina@voda-nt.ru;emitina@voda-nt.ru|снабжение/закупки|Митина Е.;1;;;;;;;best_email_v2,checko,etp;1;;;
3327143997;"ОБЩЕСТВО С ОГРАНИЧЕННОЙ ОТВЕТСТВЕННОСТЬЮ ""БАРОМЕМБРАННАЯ ТЕХНОЛОГИЯ - СЕРВИС""";"ООО ""БМТ - СЕРВИС""";kc;;37.00;37.00|28.29.12|46.90|22.29.2|26.51.5|26.51.6|26.51.7|28.29.1|33.12|33.13|33.20|36.00.1|41.20|42.99|43.12.3|43.21|43.91|43.99.7|46.69.9|47.59.9|49.41.2|71.11|71.12.12|72.19;;600029, Владимирская область, г. о. город Владимир, г. Владимир, ул. Куйбышева, д. 28Д;Действующая компания;Ерогин Иван Александрович;1900000000.0;1,9 млрд руб.;4;24;Промышленные компрессоры от 200 000 ₽ | Генераторы азота | Генераторы кислорода | МКС — мобильные компрессорные станции;;;0;;;;;;;;;;;checko,etp;1;;;
0326540932;"МУНИЦИПАЛЬНОЕ УНИТАРНОЕ ПРЕДПРИЯТИЕ ""ВОДОКАНАЛ"" ГОРОДА УЛАН-УДЭ";"МУП ""ВОДОКАНАЛ""";kc;;37.00;37.00|35.30.14|36.00.2|35.30|35.30.1|35.30.2|35.30.3|35.30.4|35.30.5|36.00|36.00.1|38.21|41.10|41.20|42.21|42.22.1|42.22.2|43.21|43.99|49.3|52.21.24|64.99.3|68.20|68.20.2|69.20|70.22|71.11|71.11.1|71.12|71.12.45|71.20|71.20.1|71.20.9|72.19|74.10|74.90|77.11|77.39.1|77.39.29|80.10|80.20|80.30;;670034, Республика Бурятия, г. Улан-Удэ, ул. Красноармейская, д. 24;Действующая компания;Нагибнев Валерий Викторович;1800000000.0;1,8 млрд руб.;5;45;Промышленные компрессоры от 200 000 ₽ | Генераторы азота | Генераторы кислорода | МКС — мобильные компрессорные станции | МКС — модульные или блочно-компрессорные станции;;;0;;;;;;;;;;;checko,etp;1;;;
4703116542;"ОБЩЕСТВО С ОГРАНИЧЕННОЙ ОТВЕТСТВЕННОСТЬЮ ""СТРОИТЕЛЬНО-МОНТАЖНОЕ ЭКСПЛУАТАЦИОННОЕ УПРАВЛЕНИЕ ""ЗАНЕВКА""";"ООО ""СМЭУ ""ЗАНЕВКА""";kc;;37.00;37.00|35.30.4|36.00.2|42.21|33.12|33.13|35.3|35.30.14|35.30.2|35.30.3|36.00.1|41.20|42.22.1|42.22.2|42.91.2|42.91.4|42.99|43.11|43.12.3|43.21|43.22|43.33|43.39|43.91|43.99|43.99.1|43.99.3|43.99.4|43.99.5|43.99.6|43.99.7|46.73|46.73.6|49.41.3|68.20.2|68.32.1|68.32.2|70.22|71.1|71.11|71.12|71.12.13|71.12.45|71.12.5|71.12.6|71.20|77.11|77.12|82.99;;188689, Ленинградская область, Всеволожский район, гп. Янино-1, ул. Заневская, д. 1;Действующая компания;;1800000000.0;1,8 млрд руб.;4;39;Промышленные компрессоры от 200 000 ₽ | Генераторы азота | Генераторы кислорода | МКС — мобильные компрессорные станции | МКС — модульные или блочно-компрессорные станции;;;0;;inna.zolotova@smeu-zanevka.spb.ru;inna.zolotova@smeu-zanevka.spb.ru|снабжение/закупки|Золотова И.;1;;;;;;;best_email_v2,checko,etp;1;;;
4707028015;"ОТКРЫТОЕ АКЦИОНЕРНОЕ ОБЩЕСТВО ""КИНГИСЕППСКИЙ ВОДОКАНАЛ""";"ОАО ""КВК""";kc;;37.00;37.00|36.00.1|36.00.2|38.1|38.2|42.21|42.22.2|43.29|52.10.23|71.12|71.20.1|71.20.9|72.19|77.11|77.39.1|82.99|96.09;Ленинградская область;188480, Ленинградская область, Кингисеппский район, г. Кингисепп, ул. Малая, д. 5;Действующая компания;;1700000000.0;1,7 млрд руб.;5;35;Промышленные компрессоры от 200 000 ₽ | Фотосепараторы | Генераторы азота | Генераторы кислорода | МКС — мобильные компрессорные станции | МКС — модульные или блочно-компрессорные станции;;;0;;isaevaav@oao-kvk.ru;isaevaav@oao-kvk.ru|снабжение/закупки|Исаева Александра Викторовна;1;;;;;;;best_email_v2,checko,etp;1;;;
6321280368;"ОБЩЕСТВО С ОГРАНИЧЕННОЙ ОТВЕТСТВЕННОСТЬЮ ""АВТОГРАД-ВОДОКАНАЛ""";"ООО ""АВК""";kc;;37.00;37.00|33.14|35.30.14|36.00.1|68.20.29|33.12|33.13|33.20|35.12|35.14|35.30|36.00|41.20|43.12|43.21|43.22|43.29|52.21|52.29|71.11|71.12|71.12.5|71.12.6|71.20;;445027, Самарская область, г. Тольятти, ул. Фрунзе, зд. 31А, офис 607;Действующая компания;;1700000000.0;1,7 млрд руб.;4;26;Промышленные компрессоры от 200 000 ₽ | Генераторы азота | Генераторы кислорода | МКС — мобильные компрессорные станции | МКС — модульные или блочно-компрессорные станции;;;0;;e.jukova@avkvoda.ru;"e.jukova@avkvoda.ru|снабжение/закупки|Жукова Е. ; v.soldatov@avkvoda.ru|снабжение/закупки|Солдатов В.";2;;;;;;;best_email_v2,checko,etp;1;;;
3661078386;"ОБЩЕСТВО С ОГРАНИЧЕННОЙ ОТВЕТСТВЕННОСТЬЮ ""НИЖНЕВАРТОВСКИЕ КОММУНАЛЬНЫЕ СИСТЕМЫ""";"ООО ""НИЖНЕВАРТОВСКИЕ КОММУНАЛЬНЫЕ СИСТЕМЫ""";kc;;37.00;37.00|33.11|36.00|36.00.1|42.21|43.29|42.91;;628609, Ханты-Мансийский автономный округ - Югра, г. Нижневартовск, ул. Маршала Жукова, влд. 53;Действующая компания;;1700000000.0;1,7 млрд руб.;4;22;Промышленные компрессоры от 200 000 ₽ | Генераторы кислорода | МКС — мобильные компрессорные станции | МКС — модульные или блочно-компрессорные станции;;;0;;tkach_av@nvcs.ru;tkach_av@nvcs.ru|снабжение/закупки|Ткач А.;1;;;;;;;best_email_v2,checko,etp;1;;;
5018134420;"АКЦИОНЕРНОЕ ОБЩЕСТВО ""ВОДОКАНАЛ""";"АО ""ВОДОКАНАЛ""";kc;;37.00;37.00|36.00.1|36.00|37.0|41.2|41.20|42.21|42.22.1|42.22.2|42.91|42.91.1|42.91.5|42.99|43.11|43.12|43.12.1|43.12.3|43.13|43.2|43.21|43.22|43.29|43.3|43.31|43.32|43.33|43.34|43.34.1|43.34.2|43.39|43.91|43.99|43.99.1|43.99.2|43.99.3|43.99.4|43.99.5|43.99.6|43.99.7|43.99.9|45.31.1|46.72|46.73.1|46.73.2|46.73.3|46.73.4|46.73.5|46.73.6|46.74|46.74.1|46.74.2|49.4|49.41|49.42|49.5|52.10|52.29|55.90|68.32|68.32.1|68.32.2|69.10|69.20|69.20.1|69.20.2|70.10.1|70.10.2|71.1|71.11|71.11.1|71.12.3|71.12.4|71.12.41|71.12.42|71.12.44|71.12.5|71.12.6|77.32|77.39.1|81.22|81.29.9|82.30|95.11|95.12|95.21|95.22|95.23|95.24|95.25|95.29;;141080, Московская область, г. Королёв, ул. Калининградская, д. 8;Действующая компания;;1600000000.0;1,6 млрд руб.;5;61;Промышленные компрессоры от 200 000 ₽ | Фотосепараторы | Генераторы кислорода | МКС — мобильные компрессорные станции | МКС — модульные или блочно-компрессорные станции;;;0;;vodokanal@vdk-korolev.ru;vodokanal@vdk-korolev.ru|снабжение/закупки|Виноградов В.;1;;;;;;;best_email_v2,checko,etp;1;;;
5024022700;"АКЦИОНЕРНОЕ ОБЩЕСТВО ""ВОДОКАНАЛ""";"АО ""ВОДОКАНАЛ""";kc;;37.00;37.00|36.00.2|35.30.5|36.0|36.00|37.0|41.20|42.21|43.11|43.12|43.12.3|43.13|43.2|43.3|43.31|43.32|43.33|43.34|43.39|43.91|43.99|68.2|68.32|71.11.1|71.20.1;;143409, Московская область, г. Красногорск, ул. Ленина, д. 62;Действующая компания;;1600000000.0;1,6 млрд руб.;4;39;Промышленные компрессоры от 200 000 ₽ | Генераторы азота | Генераторы кислорода | МКС — мобильные компрессорные станции | МКС — модульные или блочно-компрессорные станции;;;0;;;;;;;;;;;checko,etp;1;;;
9701020234;"ОБЩЕСТВО С ОГРАНИЧЕННОЙ ОТВЕТСТВЕННОСТЬЮ ""МИЛЛЕНИУМ ГРУПП""";"ООО ""МИЛЛЕНИУМ ГРУПП""";;;37.00 Сбор и обработка сточных вод;37.00|38.1|38.2|38.32.2|38.32.3|38.32.4|38.32.5|41.20|43.21|43.22|43.29|43.31|43.32|43.33|43.34|43.39|43.91|43.99|43.99.1|46.14.9|46.61|46.62|46.63|46.64|46.66|46.69|46.90|81.22|81.29.9|82.99;Москва;105066, г. Москва, ул. Новорязанская, д. 26, стр. 1, пом. IV, комн. 2;Действующая компания;;1400000000.0;1,4 млрд руб.;4;16;Промышленные компрессоры от 200 000 ₽ | Фотосепараторы | Генераторы кислорода | МКС — мобильные компрессорные станции;;;0;;;;;;;;;;;;1;;;
4401000622;"МУНИЦИПАЛЬНОЕ УНИТАРНОЕ ПРЕДПРИЯТИЕ ГОРОДА КОСТРОМЫ ""КОСТРОМАГОРВОДОКАНАЛ""";"МУП Г. КОСТРОМЫ ""КОСТРОМАГОРВОДОКАНАЛ""";kc;;37.00;37.00|36.00.1|77.39.11|28.14|33.12|33.13|33.20|35.30.1|35.30.2|35.30.3|35.30.4|35.30.5|36.00.2|42.21|43.12.3|43.22|43.99.1|43.99.7|49.41|49.42|52.21.2|62.09|68.20|71.12|71.20.1|71.20.4|71.20.9|82.99|86.90.9;;156000, Костромская область, г. Кострома, ул. 1 Мая, д. 2А;Действующая компания;Пылев Павел Евгеньевич;1400000000.0;1,4 млрд руб.;5;47;Промышленные компрессоры от 200 000 ₽ | Генераторы азота | Генераторы кислорода | МКС — мобильные компрессорные станции | МКС — модульные или блочно-компрессорные станции;;;0;;;;;;;;;;;checko,etp;1;;;
5050148700;"ОБЩЕСТВО С ОГРАНИЧЕННОЙ ОТВЕТСТВЕННОСТЬЮ ""ЩЁЛКОВСКИЙ ВОДОКАНАЛ""";"ООО ""ЩЁЛКОВСКИЙ ВОДОКАНАЛ""";kc;;37.00;37.00|36.00.2|35.11|35.13|35.14|35.30|35.30.14|35.30.3|35.30.4|35.30.5|35.30.6|36.00.1|42.21|42.22.1|42.22.2|42.99|43.12.3|43.21|43.22|43.29|43.99|43.99.3|68.32.1|71.12|71.12.5|71.12.6|71.20.1;;141108, Московская область, г. о. Щёлково, г. Щёлково, ул. Свирская, д. 1, помещ. 1;Действующая компания;;1400000000.0;1,4 млрд руб.;4;43;Промышленные компрессоры от 200 000 ₽ | Генераторы азота | Генераторы кислорода | МКС — мобильные компрессорные станции | МКС — модульные или блочно-компрессорные станции;;;0;;contract@sh-vk.ru;contract@sh-vk.ru|снабжение/закупки|Кононов А.;1;;;;;;;best_email_v2,checko,etp;1;;;
5256049340;"ОБЩЕСТВО С ОГРАНИЧЕННОЙ ОТВЕТСТВЕННОСТЬЮ ""ЗАВОДСКИЕ СЕТИ""";"ООО ""ЗАВОДСКИЕ СЕТИ""";kc;;37.00;37.00|33.19|36.00.1|38.11|71.20.1|20.11|35.12|35.13|35.22|35.30|35.30.2|35.30.3|35.30.5|36.00|41.2|43.2|49.50.2|64.99;Нижегородская область;603004, Нижегородская область, г. о. город Нижний Новгород, г. Нижний Новгород, пр-кт Ленина, д. 88, к. 170, помещ. 409;Действующая компания;;1300000000.0;1,3 млрд руб.;5;57;Промышленные компрессоры от 200 000 ₽ | Генераторы азота | Генераторы кислорода | МКС — мобильные компрессорные станции | МКС — модульные или блочно-компрессорные станции;;;0;;averinain@volgaenergo.ru;averinain@volgaenergo.ru|снабжение/закупки|Аверина И.;1;;;;;;;best_email_v2,checko,etp;1;;;
2308101615;"ОБЩЕСТВО С ОГРАНИЧЕННОЙ ОТВЕТСТВЕННОСТЬЮ ""КОММУНАЛЬНАЯ ЭНЕРГО-СЕРВИСНАЯ КОМПАНИЯ""";"ООО ""КЭСК""";kc;;37.00;37.00|35.12.1|36.00.1|36.00.2|35.12|35.30|36.00|38.12|38.21|38.22|39.00|42.21|42.22|42.91|42.99|43.12|43.13|43.21|43.22|43.29|43.99;;350028, Краснодарский край, г. Краснодар, ул. им. Героя Аверкиева А. А., д. 22, помещ. 123;Действующая компания;;1300000000.0;1,3 млрд руб.;4;41;Промышленные компрессоры от 200 000 ₽ | Генераторы кислорода | МКС — мобильные компрессорные станции | МКС — модульные или блочно-компрессорные станции;;;0;;grishko_av@v-k-b.ru;grishko_av@v-k-b.ru|снабжение/закупки|Гришко А.;1;;;;;;;best_email_v2,checko,etp;1;;;
6312101799;"ОБЩЕСТВО С ОГРАНИЧЕННОЙ ОТВЕТСТВЕННОСТЬЮ ""ВОЛЖСКИЕ КОММУНАЛЬНЫЕ СИСТЕМЫ""";"ООО ""ВОЛЖСКИЕ КОММУНАЛЬНЫЕ СИСТЕМЫ""";kc;;37.00;37.00|36.00.2|35.30.2|35.30.3|35.30.4|36.00.1|37.0|38.11|38.12|41.2|42.21|43.2|43.21|46.90|49.3|64.1|69;;445007, Самарская область, г. Тольятти, бульвар 50 Лет Октября, д. 50;Действующая компания;;1300000000.0;1,3 млрд руб.;4;25;Промышленные компрессоры от 200 000 ₽ | Генераторы кислорода | МКС — мобильные компрессорные станции | МКС — модульные или блочно-компрессорные станции;;;0;;alysov_dv@volcomsys.ru;alysov_dv@volcomsys.ru|снабжение/закупки|Журавлева Н.;1;;;;;;;best_email_v2,checko,etp;1;;;
7801283018;"ОБЩЕСТВО С ОГРАНИЧЕННОЙ ОТВЕТСТВЕННОСТЬЮ ""ПАРАМЕТР""";"ООО ""ПАРАМЕТР""";kc;;37.00;37.00|43.99.9|47.99|36.00.1|36.00.2|41.20|43.11|43.12.3|43.99|49.41.1|71.11|71.12;;123376, г. Москва, вн. тер. г. муниципальный округ Пресненский, ул. Рочдельская, д. 15, стр. 1;Действующая компания;;1300000000.0;1,3 млрд руб.;4;22;Промышленные компрессоры от 200 000 ₽ | Генераторы кислорода | МКС — мобильные компрессорные станции;;;0;;;;;;;;;;;checko,etp;1;;;
9726093467;"ОБЩЕСТВО С ОГРАНИЧЕННОЙ ОТВЕТСТВЕННОСТЬЮ ""ПРОФСЕТИ""";"ООО ""ПРОФСЕТИ""";kc;;37.00;37.00|77.32|42.21|42.91|77.11|41.20|81.30|77.31|52.29;Москва;117152, г. Москва, вн. тер. г. муниципальный округ Донской, пр-кт Севастопольский, д. 5, к. 1, помещ. 4П;Действующая компания;;1200000000.0;1,2 млрд руб.;5;24;Промышленные компрессоры от 200 000 ₽ | Генераторы кислорода | МКС — мобильные компрессорные станции | МКС — модульные или блочно-компрессорные станции;;;0;;;;;;;;;;;checko,etp;1;;;
7751524681;"ОБЩЕСТВО С ОГРАНИЧЕННОЙ ОТВЕТСТВЕННОСТЬЮ ""КРАСНАЯ ПАХРА""";"ООО ""КРАСНАЯ ПАХРА""";kc;;37.00;37.00|43.21|43.22|43.31|43.34|43.91|43.99|43.99.1|45.20|49.4|52.10|52.21|52.21.22|52.24|52.29|64.19|64.91|64.92|64.99|68.32|71.1|71.11|71.12|71.12.1|71.12.5|71.12.6|73.20|77.12|77.31|77.32|78.10|81.21|81.22|81.29.2|81.29.9|81.30|84.11.8;Москва;108828, г. Москва, Краснопахорский район, с. Красная Пахра, д. 24;Действующая компания;;1200000000.0;1,2 млрд руб.;5;24;Промышленные компрессоры от 200 000 ₽ | Фотосепараторы | Генераторы кислорода | МКС — мобильные компрессорные станции;;;0;;;;;;;;;;;checko,etp;1;;;
7725823886;"ОБЩЕСТВО С ОГРАНИЧЕННОЙ ОТВЕТСТВЕННОСТЬЮ ""СТРОЙТРАНС""";"ООО ""СТРОЙТРАНС""";kc;;37.00;37.00|16.23|25.11|41.20|42.11|42.21|42.91|43.11|46.69|46.90|47.52.7|49.39.13|52.29|71.11.2|77.11|77.12|77.29|77.31|77.32|77.39.11|77.39.2|81.22|81.29.2|81.30|82.99;;117105, г. Москва, вн. тер. г. муниципальный округ Донской, Варшавское шоссе, д. 9, стр. 1;Действующая компания;;1200000000.0;1,2 млрд руб.;5;37;Промышленные компрессоры от 200 000 ₽ | Генераторы кислорода | МКС — мобильные компрессорные станции | МКС — модульные или блочно-компрессорные станции;;;0;;;;;;;;;;;checko,etp;1;;;
2124014112;"ГОСУДАРСТВЕННОЕ УНИТАРНОЕ ПРЕДПРИЯТИЕ ЧУВАШСКОЙ РЕСПУБЛИКИ ""БИОЛОГИЧЕСКИЕ ОЧИСТНЫЕ СООРУЖЕНИЯ"" МИНИСТЕРСТВА СТРОИТЕЛЬСТВА, АРХИТЕКТУРЫ И ЖИЛИЩНО-КОММУНАЛЬНОГО ХОЗЯЙСТВА ЧУВАШСКОЙ РЕСПУБЛИКИ";"ГУП ЧУВАШСКОЙ РЕСПУБЛИКИ ""БОС"" МИНСТРОЯ ЧУВАШИИ";kc;;37.00;37.00|36.00.1|36.00.2|38.21.13|41.10|49.41.1|68.20.29|71.12.62|71.20.1|86.90.9|16.10.1|16.10.3|16.23|16.29|16.29.14|25.11|25.12|25.21|25.61|25.62|33.11|33.12|33.13|33.14|33.15|33.20|35.11|35.11.1|35.11.2|35.11.3|35.11.4|35.12|35.12.1|35.13|35.14|35.30|35.30.1|35.30.11|35.30.12|35.30.13|35.30.14|35.30.15|35.30.2|35.30.3|35.30.4|35.30.5|35.30.6|36.00|38.11|38.12|38.21|38.22|41.20|42.11|42.21|42.22|42.22.1|42.22.2|42.91|42.91.2|42.91.4|42.99|43.11|43.12|43.12.1|43.12.3|43.21|43.22|43.29|43.31|43.32|43.33|43.34|43.34.1|43.34.2|43.91|43.99|43.99.2|43.99.4|43.99.5|43.99.7|45.20|45.31|49.3|49.31|49.41.2|49.41.3|49.42|50.30|50.30.2|50.40.2|52.10.2|52.21|52.22.2|52.24|55.20|68.20|68.20.1|68.20.2|68.31.1|68.31.11|68.31.12|68.31.2|68.31.21|68.31.22|68.31.3|68.31.31|68.31.32|68.31.4|68.31.41|68.31.42|68.31.5|68.31.51|68.31.52|68.32|68.32.1|68.32.2|71.11|71.11.1|71.11.2|71.11.3|71.12|71.12.1|71.12.11|71.12.13|71.12.2|71.12.4|71.12.41|71.12.45|71.12.5|71.12.53|71.20|72.19|73.20.1|91.04.4|95.11|95.12|95.21|95.22;;429965, Чувашская Республика - Чувашия, г. о. город Новочебоксарск, г. Новочебоксарск, ул. Промышленная, влд. 1;Действующая компания;Николаев Сергей Георгиевич;1100000000.0;1,1 млрд руб.;5;83;Промышленные компрессоры от 200 000 ₽ | Фотосепараторы | Генераторы азота | Генераторы кислорода | МКС — мобильные компрессорные станции | МКС — модульные или блочно-компрессорные станции;;;0;;bospc29@mail.ru;"rcz17@rchuv.ru|снабжение/закупки| ; bospc29@mail.ru|снабжение/закупки|Андреева Т. ; rcz19@rchuv.ru|снабжение/закупки|";3;;;;;;;best_email_v2,checko,etp;1;;;
3801006828;"МУНИЦИПАЛЬНОЕ УНИТАРНОЕ ПРЕДПРИЯТИЕ АНГАРСКОГО ГОРОДСКОГО ОКРУГА ""АНГАРСКИЙ ВОДОКАНАЛ""";"МУП АГО ""АНГАРСКИЙ ВОДОКАНАЛ""";kc;;37.00;37.00|35.30.14|35.30.2|36.00.2|42.21|49.41.1|08.12|08.92.1|35.12|36.00|36.00.1|38.11|41.20|42.11|42.12|42.22.1|42.22.2|42.99|43.12.3|43.22|43.31|43.99|43.99.3|49.41.2|70.22|71.12|71.12.62|71.2|71.20.1|71.20.9|77.11|81.29|81.29.9;;665830, Иркутская область, г. о. Ангарский, г. Ангарск, квартал 79, стр. 2;Действующая компания;Алексеев Александр Лаврентьевич;1100000000.0;1,1 млрд руб.;4;55;Промышленные компрессоры от 200 000 ₽ | Генераторы азота | Генераторы кислорода | МКС — мобильные компрессорные станции | МКС — модульные или блочно-компрессорные станции;;;0;;kotelnikova@avk.irtel.ru;"kotelnikova@avk.irtel.ru|снабжение/закупки|Котельникова Ю. ; mytnikova@avk.irtel.ru|снабжение/закупки|Мытникова И.";2;;;;;;;best_email_v2,checko,etp;1;;;
7724806704;"ОБЩЕСТВО С ОГРАНИЧЕННОЙ ОТВЕТСТВЕННОСТЬЮ ""УК ПРОСПЕКТ""";"ООО ""УК ПРОСПЕКТ""";;;37.00 Сбор и обработка сточных вод;37.00|37.0|42.21|42.99|43.21|43.99|68.3|71.12|71.12.1|80.20|81.22|81.29.9|95.12;Москва;117105, г. Москва, Варшавское шоссе, д. 1, стр. 6, помещ. 1, ком. 29;Действующая компания;;1000000000.0;1 млрд руб.;4;24;Промышленные компрессоры от 200 000 ₽ | Генераторы кислорода | МКС — мобильные компрессорные станции | МКС — модульные или блочно-компрессорные станции;;;0;;;;;;;;;;;;1;;;
5040109194;"АКЦИОНЕРНОЕ ОБЩЕСТВО ""РАМЕНСКИЙ ВОДОКАНАЛ""";"АО ""РАМЕНСКИЙ ВОДОКАНАЛ""";kc;;37.00;37.00|36.00.1|08.99|35.30.2|35.30.3|36.00.2|42.21|42.22.1|42.22.2|43.99|43.99.3|43.99.4|43.99.7|49.41.1|49.41.2|49.41.3|49.50.3|68.10.22|68.10.23|68.20.2|68.32.2|71.12.43|71.12.45|71.20.1|71.20.9|77.11|77.39|77.39.1|77.39.21;;140108, Московская область, г. Раменское, Железнодорожный проезд, д. 7;Действующая компания;;1000000000.0;1 млрд руб.;5;55;Промышленные компрессоры от 200 000 ₽ | Генераторы азота | Генераторы кислорода | МКС — мобильные компрессорные станции | МКС — модульные или блочно-компрессорные станции;;;0;;;;;;;;;;;checko,etp;1;;;
8601001099;МУНИЦИПАЛЬНОЕ ВОДОКАНАЛИЗАЦИОННОЕ ПРЕДПРИЯТИЕ МУНИЦИПАЛЬНОГО ОБРАЗОВАНИЯ ГОРОД ХАНТЫ-МАНСИЙСК;"МП ""ВОДОКАНАЛ""";kc;;37.00;37.00|36.00.2|42.21|45.20.1|68.32.1|25.62|36.00.1|43.12.3|43.22|43.99.3|45.20.2|49.41.1;;628011, Ханты-Мансийский автономный округ - Югра, г. Ханты-Мансийск, ул. Сирина, зд. 59;Действующая компания;Молчанов Николай Николаевич;1000000000.0;1 млрд руб.;5;49;Промышленные компрессоры от 200 000 ₽ | Генераторы азота | Генераторы кислорода | МКС — мобильные компрессорные станции | МКС — модульные или блочно-компрессорные станции;;;0;;;;;;;;;;;checko,etp;1;;;
1215020390;;"МУП ""ВОДОКАНАЛ""";;;;37.00|36.00.2|42.21|46.72|55.20|56.29.2|33.12|36.00|49.41|71.12|71.20.1;;424039, Республика Марий Эл, г. Йошкар-Ола, ул. Дружбы, д. 2;Действующая компания;Ерешкин Андрей Владимирович;1000000000.0;1 млрд руб.;4;24;Промышленные компрессоры от 200 000 ₽ | Генераторы азота | Генераторы кислорода | МКС — мобильные компрессорные станции | МКС — модульные или блочно-компрессорные станции;;;;;;;;;;;;;;;1;;;
2450019630;"ОБЩЕСТВО С ОГРАНИЧЕННОЙ ОТВЕТСТВЕННОСТЬЮ ""ВОДОКАНАЛ-СЕРВИС""";"ООО ""ВОДОКАНАЛ-СЕРВИС""";kc;;42.21;42.21|36.00.1|37.00|26.20|33.12|36.00|41.20|42.11|42.22.1|42.22.2|42.99|43.11|43.12.3|43.31|43.33|43.99.1|43.99.6|45.1|46.14.1|46.51|46.52|46.71|47.30|47.41|47.7|49.41.1|49.41.2|49.41.3|49.42|62.02|62.09|68.20|71.11.1|71.12.53|71.20.1|77.11|77.12|77.32|77.39|81.29|81.29.1|81.29.9|82.11|82.19|86.90|95.11;;660079, Красноярский край, г. Красноярск, пер. Афонтовский, зд. 2, помещ. 7;Действующая компания;;982800000.0;982,8 млн руб.;5;45;Промышленные компрессоры от 200 000 ₽ | Генераторы азота | Генераторы кислорода | МКС — мобильные компрессорные станции | МКС — модульные или блочно-компрессорные станции;;;0;;v.torg@ws124.ru;v.torg@ws124.ru|снабжение/закупки|Козлова Н. Адрес;1;;;;;;;best_email_v2,checko,etp;1;;;
5009034660;;"МУП ""ДОМОДЕДОВСКИЙ ВОДОКАНАЛ""";;;;37.00|36.00.2|16.10|16.10.9|16.23.1|16.23.2|36.00|41.20|43.12.3|43.22|47.19|49.4|70.22;;142000, Московская область, г. Домодедово, ул. Заводская (Северный мкр.), д. 8;Действующая компания;Куприков Дмитрий Алексеевич;981600000.0;981,6 млн руб.;4;14;Промышленные компрессоры от 200 000 ₽ | Генераторы кислорода;;;;;;;;;;;;;;;1;;;
5260425364;"ОБЩЕСТВО С ОГРАНИЧЕННОЙ ОТВЕТСТВЕННОСТЬЮ ""СТРОИТЕЛЬНЫЕ ТЕХНОЛОГИИ""";"ООО ""СТРОИТЕЛЬНЫЕ ТЕХНОЛОГИИ""";kc;;37.00;37.00|25.61|25.99.2|29.20.1|29.20.2|29.20.3|41.20|43.11|43.12.3|43.21|43.22|43.29|43.31|43.32|43.33|43.34|43.39|43.91|43.99|43.99.1|68.10|68.10.1|68.20|70.22|71.11.1|71.12.3|73.11|77.32|81.22|81.29.9;;603093, Нижегородская область, г. Нижний Новгород, ул. Деловая, д. 19, офис 10;Действующая компания;Казаков Олег Иванович;979000000.0;979 млн руб.;5;51;Промышленные компрессоры от 200 000 ₽ | Генераторы азота | Генераторы кислорода | МКС — мобильные компрессорные станции;;;0;;;;;;;;;;;checko,etp;1;;;
4707049093;"ОБЩЕСТВО С ОГРАНИЧЕННОЙ ОТВЕТСТВЕННОСТЬЮ ""РЕСУРСОСНАБЖАЮЩАЯ ОРГАНИЗАЦИЯ-ЮГ""";"ООО ""РСО-ЮГ""";;;36.00 Забор, очистка и распределение воды;36.00|37.00|42.21|41.20|68.20;Ленинградская область;188517, Ленинградская область, м. р-н Ломоносовский, с. п. Лаголовское, д. Лаголово, ул. Садовая, д. 12, помещ. 35;Действующая компания;;977200000.0;977,2 млн руб.;4;22;Промышленные компрессоры от 200 000 ₽ | Генераторы кислорода | МКС — мобильные компрессорные станции | МКС — модульные или блочно-компрессорные станции;rso-south.ru;;0;;rso.yug@mail.ru;rso.yug@mail.ru|общий|;1;[];;;;;;email,site;1;;;
4909036682;;"МУП Г. МАГАДАНА ""ВОДОКАНАЛ""";;;;37.00|36.00.1|36.00|36.00.2|41.2|43.12.3|43.2|43.22|43.3|45.20|52.10.23|71.12|71.20.1;;685000, Магаданская область, г. Магадан, ул. Портовая, д. 4-А;Действующая компания;Шакиров Дамир Мунавирович;910700000.0;910,7 млн руб.;4;20;Промышленные компрессоры от 200 000 ₽ | Фотосепараторы | Генераторы азота | Генераторы кислорода;;;;;;;;;;;;;;;1;;;
2706027738;"ОБЩЕСТВО С ОГРАНИЧЕННОЙ ОТВЕТСТВЕННОСТЬЮ ""ВОДОКАНАЛ""";"ООО ""ВОДОКАНАЛ""";;;36.00 Забор, очистка и распределение воды;36.00|35.12|35.13|37.00|43.2|43.3|46.73.3|46.74.2|46.77|46.90|49.3|52.10|52.24|69.10|69.20.2|70.22|71.12.62|71.2;Хабаровский край;682644, Хабаровский край, г. Амурск, пр-кт Комсомольский, д. 28А, кабинет 3;Действующая компания;;882700000.0;882,7 млн руб.;4;23;Промышленные компрессоры от 200 000 ₽ | Фотосепараторы | Генераторы азота | Генераторы кислорода | МКС — мобильные компрессорные станции;;;0;;;;;;;;;;;;1;;;
6513000783;"МУНИЦИПАЛЬНОЕ УНИТАРНОЕ ПРЕДПРИЯТИЕ ""НОГЛИКСКИЙ ВОДОКАНАЛ""";"МУП ""НОГЛИКСКИЙ ВДК""";kc;;37.00;37.00|35.11.1|35.30.14|36.00.1|42.99|86.90.9|96.04|96.09.9|08.1|08.11|08.9|16.1|16.23|16.24|35.1|35.2|35.3|35.30|36.00|41.2|43.12|43.2|43.22|45.1|45.2|52.10|52.24|71.20|86.21|96.01|96.02;;694450, Сахалинская область, Ногликский район, пгт Ноглики, ул. Физкультурная, д. 10;Действующая компания;Белозеров Александр Вячеславович;878700000.0;878,7 млн руб.;5;43;Промышленные компрессоры от 200 000 ₽ | Фотосепараторы | Генераторы азота | Генераторы кислорода | МКС — мобильные компрессорные станции | МКС — модульные или блочно-компрессорные станции;;;0;;vdk010507@mail.ru;vdk010507@mail.ru|снабжение/закупки|Ткачева Н.;1;;;;;;;best_email_v2,checko,etp;1;;;
6439053289;"МУНИЦИПАЛЬНОЕ УНИТАРНОЕ ПРЕДПРИЯТИЕ БАЛАКОВСКОГО МУНИЦИПАЛЬНОГО РАЙОНА ""БАЛАКОВО-ВОДОКАНАЛ""";"МУП ""БАЛАКОВО-ВОДОКАНАЛ""";kc;;37.00;37.00|35.30.14|36.00.1|96.09.9|35.30.2|35.30.3|35.30.4|35.30.5|36.00|36.00.2|42.21|43.12.3|43.99.1|49.41|71.20.1|86|86.90.9;;413853, Саратовская область, г. Балаково, ул. Радищева, д. 55;Действующая компания;Грищенко Константин Владимирович;869600000.0;869,6 млн руб.;4;39;Промышленные компрессоры от 200 000 ₽ | Генераторы азота | Генераторы кислорода | МКС — мобильные компрессорные станции | МКС — модульные или блочно-компрессорные станции;;;0;;;;;;;;;;;checko,etp;1;;;
5017046933;"МУНИЦИПАЛЬНОЕ УНИТАРНОЕ ПРЕДПРИЯТИЕ МУНИЦИПАЛЬНОГО ОКРУГА ИСТРА МОСКОВСКОЙ ОБЛАСТИ ""ИСТРИНСКИЙ ВОДОКАНАЛ""";"МУП ""ИСТРИНСКИЙ ВОДОКАНАЛ""";kc;;37.00;37.00|36.00.1|35.30|35.30.5|36.00|36.00.2|41.20|42.21|42.22.2|43.12.3|46.90|49.41.3|49.50|68.32|68.32.2|70.22|71.12|71.20|71.20.1|74.90|77.11|77.33|77.39.1;;143502, Московская область, г. Истра, ул. Шоссейная, д. 2А;Действующая компания;Головин Павел Владимирович;867800000.0;867,8 млн руб.;5;51;Промышленные компрессоры от 200 000 ₽ | Генераторы азота | Генераторы кислорода | МКС — мобильные компрессорные станции | МКС — модульные или блочно-компрессорные станции;;;0;;;;;;;;;;;checko,etp;1;;;
4230006156;"ОБЩЕСТВО С ОГРАНИЧЕННОЙ ОТВЕТСТВЕННОСТЬЮ ""ТОПКИНСКИЙ ВОДОКАНАЛ""";"ООО ""ТВК""";;;42.21 Строительство инженерных коммуникаций для водоснабжения и водоотведения, газоснабжения;42.21|11.07.1|25.11|25.21|25.29|35.30.11|35.30.13|35.30.14|35.30.2|35.30.3|35.30.4|35.30.5|35.30.6|36.00.1|36.00.2|41.20|42.11|42.22|42.22.1|42.91|43.11|43.12|43.12.3|43.13|43.21|43.22|43.29|43.31|43.32|43.33|43.34|43.39|43.91|43.99|43.99.7|45.11|45.19|49.41|49.42|64.92.3|68.20|68.32.1|68.32.2|71.20.1|81.30;Кемеровская область - Кузбасс;652300, Кемеровская область - Кузбасс, Топкинский район, г. Топки, ул. Советская, д. 58;Действующая компания;Корчебный Александр Геннадьевич;846800000.0;846,8 млн руб.;4;62;Промышленные компрессоры от 200 000 ₽ | Рентген-детекторы и рентген-инспекционные системы | Генераторы азота | Генераторы кислорода | МКС — мобильные компрессорные станции | МКС — модульные или блочно-компрессорные станции;;;0;;;;;[];;;;;;;1;;;
5025017750;"ОБЩЕСТВО С ОГРАНИЧЕННОЙ ОТВЕТСТВЕННОСТЬЮ ""ЧАЙКА""";"ООО ""ЧАЙКА""";kc;;37.00;37.00|36.00.1|36.00.2|37.0|38.12|38.22|42.21|42.22.1|42.22.2|42.99|43.11|43.12|43.12.1|43.12.3|43.2|43.21|43.22|43.29|43.32|43.33|43.34|43.39|43.99.4|43.99.6|68.1|68.32.1|71.11.1|71.20.1|71.20.2|77.32;;141732, Московская область, г. Лобня, ул. Дачная, д. 2А;Действующая компания;;800300000.0;800,3 млн руб.;5;41;Промышленные компрессоры от 200 000 ₽ | Генераторы азота | Генераторы кислорода | МКС — мобильные компрессорные станции | МКС — модульные или блочно-компрессорные станции;;;0;;;;;;;;;;;checko,etp;1;;;
5043019742;;"МУП ""ВОДОКАНАЛ-СЕРВИС""";;;;37.00|36.00.1|36.00.2|01.19|01.30|36.00|43.22|47.99|49.3|49.4|71.11.1|77.39.2;;142203, Московская область, г. о. Серпухов, г. Серпухов, ул. Подольская, д. 4;Действующая компания;Назаров Анатолий Николаевич;792600000.0;792,6 млн руб.;5;15;Промышленные компрессоры от 200 000 ₽ | Генераторы кислорода;;;;;;;;;;;;;;;1;;;
4703131332;"ОБЩЕСТВО С ОГРАНИЧЕННОЙ ОТВЕТСТВЕННОСТЬЮ ""СЕВЕРО-ЗАПАД ИНЖИНИРИНГ""";"ООО ""СЕВЕРО-ЗАПАД ИНЖИНИРИНГ""";kc;;36.00;36.00|36.00.1|37.00|41.10|41.20|42.21|43.11|43.12|43.22|43.99|43.99.3|49.41|71.20|71.20.1|71.20.9;;188643, Ленинградская область, м. р-н Всеволожский, г. п. Всеволожское, г. Всеволожск, ул. Дорожная, д. 18;Действующая компания;;777200000.0;777,2 млн руб.;4;36;Промышленные компрессоры от 200 000 ₽ | Генераторы азота | Генераторы кислорода | МКС — мобильные компрессорные станции | МКС — модульные или блочно-компрессорные станции;;;0;;shkolnikov.aa@sze-lo.ru;shkolnikov.aa@sze-lo.ru|снабжение/закупки|Школьников А.;1;;;;;;;best_email_v2,checko,etp;1;;;
7802897652;"ОБЩЕСТВО С ОГРАНИЧЕННОЙ ОТВЕТСТВЕННОСТЬЮ ""ЭНЕРГИЯ""";"ООО ""ЭНЕРГИЯ""";;;36.00 Забор, очистка и распределение воды;36.00|43.21|41.20|42.21|42.91|37.00|71.12|43.12|42.22;Ленинградская область;193149, Ленинградская область, м. р-н Всеволожский, г. п. Свердловское, д. Новосаратовка, ул. Полевая, д. 19А, офис 47;Действующая компания;;772500000.0;772,5 млн руб.;4;26;Промышленные компрессоры от 200 000 ₽ | Генераторы кислорода | МКС — мобильные компрессорные станции | МКС — модульные или блочно-компрессорные станции;;;0;;;;;;;;;;;;1;;;
7415060560;;"ОАО ""МИАССВОДОКАНАЛ""";;;;37.00|36.00.1|35.30|36.0|36.00|36.00.2|41.20|42.91|43.11|43.12.3|43.21|43.29|43.31|43.34|43.39|43.91|43.99|43.99.1|73.11;;456320, Челябинская область, г. Миасс, ул. Ильмен-Тау, д. 22;Действующая компания;;770700000.0;770,7 млн руб.;4;25;Промышленные компрессоры от 200 000 ₽ | Генераторы кислорода | МКС — мобильные компрессорные станции | МКС — модульные или блочно-компрессорные станции;;;;;;;;;;;;;;;1;;;
6449939975;;"МУП ""ЭНГЕЛЬС-ВОДОКАНАЛ""";;;;37.00|36.00.1|36.00|42.21|42.22.2|43.12.3|49.4|52.24.2|52.29|71.11;;413100, Саратовская область, г. Энгельс, ул. Телеграфная, д. 18;Действующая компания;Шихалиев Роман Меликович;762900000.0;762,9 млн руб.;4;29;Промышленные компрессоры от 200 000 ₽ | Генераторы кислорода | МКС — мобильные компрессорные станции | МКС — модульные или блочно-компрессорные станции;;;;;;;;;;;;;;;1;;;
7453192705;"ОБЩЕСТВО С ОГРАНИЧЕННОЙ ОТВЕТСТВЕННОСТЬЮ ""ЮЖУРАЛВОДОКАНАЛ""";"ООО ""ЮУВК""";;;36.00 Забор, очистка и распределение воды;36.00|37.00|68.20|42.21;Челябинская область;456512, Челябинская область, Сосновский район, п. Красное Поле, ул. Цветочная, д. 3, кабинет 45;Действующая компания;;757900000.0;757,9 млн руб.;4;22;Промышленные компрессоры от 200 000 ₽ | Генераторы кислорода | МКС — мобильные компрессорные станции | МКС — модульные или блочно-компрессорные станции;;;0;;;;;;;;;;;;1;;;
7730263559;"ОБЩЕСТВО С ОГРАНИЧЕННОЙ ОТВЕТСТВЕННОСТЬЮ ""РВК-ТИХОРЕЦК""";"ООО ""РВК-ТИХОРЕЦК""";kc;;37.00;37.00|36.00.1|36.00.2|46.74|08.99|33.12|35.11|35.11.4|35.12|35.13|35.14|35.30|35.30.1|35.30.2|35.30.3|36.00|38.12|38.22|41.10|41.20|42.11|42.21|42.22.1|42.22.2|42.91|42.99|43.12|43.12.3|43.13|43.21|43.22|43.29|43.99.4|43.99.5|43.99.7|43.99.9|46.74.2|46.90|49.10|49.20|52.10.2|70.22|71.12|71.12.1|71.12.11|71.12.12|71.12.3|71.12.4|71.12.41|71.12.45|71.12.9|72.19|74.20|80.10|80.20|84.22|86.90.9|94.11;Краснодарский край;352120, Краснодарский край, м. р-н Тихорецкий, г. п. Тихорецкое, г. Тихорецк, ул. Пионерская, д. 28;Действующая компания;;756400000.0;756,4 млн руб.;4;53;Промышленные компрессоры от 200 000 ₽ | Фотосепараторы | Генераторы азота | Генераторы кислорода | МКС — мобильные компрессорные станции | МКС — модульные или блочно-компрессорные станции;;;0;;;"km.kulikova@rosvodokanal.ru|снабжение/закупки|Куликова К. ; a.romashko@rosvodokanal.ru|снабжение/закупки|Ромашко А.";2;;;;;;;checko,etp;1;;;
7116128838;"ОБЩЕСТВО С ОГРАНИЧЕННОЙ ОТВЕТСТВЕННОСТЬЮ ""ОРГСИНТЕЗ""";"ООО ""ОРГСИНТЕЗ""";kc;;37.00;37.00|20.14|35.12|38.12|38.22|38.22.9|46.12.3|52.10|52.24|68.20.2|71.20.1|73.11|81.29;;301661, Тульская область, Новомосковский район, г. Новомосковск, Комсомольское шоссе, д. 72, офис 20;Действующая компания;;745200000.0;745,2 млн руб.;5;35;Промышленные компрессоры от 200 000 ₽ | Фотосепараторы | Генераторы азота | Генераторы кислорода | МКС — мобильные компрессорные станции;;;0;;;;;;;;;;;checko,etp;1;;;
6615015316;"МУНИЦИПАЛЬНОЕ УНИТАРНОЕ ПРЕДПРИЯТИЕ КАЧКАНАРСКОГО МУНИЦИПАЛЬНОГО ОКРУГА ""ГОРОДСКИЕ ЭНЕРГОСИСТЕМЫ""";"МУП ""ГОРЭНЕРГО""";;;37.00 Сбор и обработка сточных вод;37.00|35.30.2|36.00.1|43.21|46.90|35.30.3|35.30.5|36.0|49.4|71.20.1;Свердловская область;624350, Свердловская область, г. Качканар, ул. Октябрьская, д. 5Б;Действующая компания;Давыдов Денис Юрьевич;731400000.0;731,4 млн руб.;4;15;Промышленные компрессоры от 200 000 ₽ | Генераторы азота | Генераторы кислорода | МКС — модульные или блочно-компрессорные станции;smm.gor-energo.ru;;0;;;;;;;;;;;site;1;;;
8608053709;"ОБЩЕСТВО С ОГРАНИЧЕННОЙ ОТВЕТСТВЕННОСТЬЮ ""ГОРВОДОКАНАЛ""";"ООО ""ГОРВОДОКАНАЛ""";;;37.00 Сбор и обработка сточных вод;37.00|35.30.11|36.00.2|11.07.1|23.99|33.12|35.11.1|35.30.14|35.30.3|35.30.4|35.30.5|36.00.1|42.21|42.22.2|42.99|43.11|43.11.1|43.11.2|43.11.9|43.12|43.12.1|43.12.3|43.21|43.22|43.29|43.31|43.32|43.32.1|43.32.2|43.32.3|43.33|43.34|43.34.1|43.34.2|43.39|43.91|43.99|43.99.1|43.99.3|43.99.4|43.99.5|43.99.6|43.99.7|43.99.9|47.19|49.32|49.39|49.39.11|49.39.12|49.39.13|49.39.3|49.39.31|49.39.39|49.41|49.41.1|49.41.2|49.41.3|49.42|49.50|49.50.9|52.21.24|52.24|52.24.1|52.24.2|52.29|71.20.1|71.20.3|71.20.9;Ханты-Мансийский автономный округ - Югра;628486, Ханты-Мансийский автономный округ - Югра, г. Когалым, ул. Дружбы Народов, д. 41;Действующая компания;;716700000.0;716,7 млн руб.;5;72;Промышленные компрессоры от 200 000 ₽ | Рентген-детекторы и рентген-инспекционные системы | Генераторы азота | Генераторы кислорода | МКС — мобильные компрессорные станции | МКС — модульные или блочно-компрессорные станции;gvk86.ru;;0;;hr@gvk86.ru;"hr@gvk86.ru|общий| ; info@gvk86.ru|общий| ; sale.department@gvk86.ru|общий|";3;[];;;;;;email,site;1;;;
6604017216;"МУНИЦИПАЛЬНОЕ УНИТАРНОЕ ПРЕДПРИЯТИЕ БЕРЕЗОВСКОЕ ВОДО-КАНАЛИЗАЦИОННОЕ ХОЗЯЙСТВО ""ВОДОКАНАЛ""";"МУП БВКХ ""ВОДОКАНАЛ""";kc;;37.00;37.00|36.00.1|36.00|41.20|43.22|43.29|43.99|43.99.1|49.4|49.41.3|49.50|68.32.1|71.1|71.12.5|71.12.6|71.20|73.11|77.32|77.39.11|77.39.2|82.99|96.09;;623700, Свердловская область, г. Березовский, ул. Ленина, д. 52;Действующая компания;Алешина Анастасия Алексеевна;713800000.0;713,8 млн руб.;5;40;Промышленные компрессоры от 200 000 ₽ | Генераторы азота | Генераторы кислорода | МКС — мобильные компрессорные станции | МКС — модульные или блочно-компрессорные станции;;;0;;zakup@bervodokanal.ru;zakup@bervodokanal.ru|снабжение/закупки|Нохрина Е.;1;;;;;;;best_email_v2,checko,etp;1;;;
2204000549;;"МУП Г. БИЙСКА ""ВОДОКАНАЛ""";;;;37.00|35.30.14|36.00.2|33.13|35.30.2|35.30.3|35.30.4|35.30.5|35.30.6|43.22;;659342, Алтайский край, г. Бийск, п. Нагорный, ул. Волочаевская, зд. 1/1;Действующая компания;Чуй Анатолий Николаевич;712900000.0;712,9 млн руб.;4;13;Промышленные компрессоры от 200 000 ₽ | Генераторы кислорода | МКС — модульные или блочно-компрессорные станции;;;;;;;;;;;;;;;1;;;
5020051845;;"ЗАО ""ВОДОКАНАЛ""";;;;37.00|36.00.1|42.21|08.1|11.07.1|33.12|36.00|41.20|42.22.1|42.22.2|43.13|43.22|43.99.3|68.32.1|71.12.3|71.20.1;;141603, Московская область, г. Клин, Ленинградское шоссе, д. 53А;Действующая компания;;705900000.0;705,9 млн руб.;4;55;Промышленные компрессоры от 200 000 ₽ | Рентген-детекторы и рентген-инспекционные системы | Генераторы азота | Генераторы кислорода | МКС — мобильные компрессорные станции | МКС — модульные или блочно-компрессорные станции;;;;;;;;;;;;;;;1;;;
8401011170;"АКЦИОНЕРНОЕ ОБЩЕСТВО ""ТАЙМЫРБЫТ""";"АО ""ТАЙМЫРБЫТ""";kc;;37.00;37.00|35.12.1|35.30.2|36.00.2|49.41.3|66.19.61|68.20.29|03.1|03.2|16.1|16.10.9|16.2|16.23|16.24|16.29|33.20|35.1|35.3|36.0|37.0|38.11|38.21|41.2|43.12|43.2|43.3|45.1|45.2|45.3|46.3|46.4|46.7|46.9|47.1|47.2|47.3|47.5|47.9|49.3|49.5|50.30|50.40|52.10|52.2|52.24|52.29|53.20.3|55.1|55.2|56.1|56.29|56.3|62.0|62.02|62.09|63.1|63.11.1|68.1|68.10|68.2|71.1|71.12.5|71.12.6|71.2|74.20|74.30|77.11|77.3|77.39|79.1|81.22|81.29.9|82.92|95.1|95.2|96.0;;647000, Красноярский край, Таймырский Долгано-Ненецкий район, г. Дудинка, ул. Матросова, зд. 14;Действующая компания;;678000000.0;678 млн руб.;5;53;Промышленные компрессоры от 200 000 ₽ | Фотосепараторы | Генераторы азота | Генераторы кислорода | МКС — мобильные компрессорные станции | МКС — модульные или блочно-компрессорные станции;;;0;;taymirbit@mail.ru;taymirbit@mail.ru|снабжение/закупки|Муринец Е.;1;;;;;;;best_email_v2,checko,etp;1;;;
5031114871;"ОБЩЕСТВО С ОГРАНИЧЕННОЙ ОТВЕТСТВЕННОСТЬЮ ""БОГОРОДСКИЕ КОММУНАЛЬНЫЕ СИСТЕМЫ""";"ООО ""БКС""";kc;;37.00;37.00|35.12|35.13|35.22|35.30|36.00|42.21|42.22.1|42.22.2|43.29|43.99|49.41.2|77.39.29;;142402, Московская область, г. Ногинск, тер. Промплощадка N 1, пром-ка 1, стр. 2, офис 132;Действующая компания;;635900000.0;635,9 млн руб.;5;47;Промышленные компрессоры от 200 000 ₽ | Генераторы кислорода | МКС — мобильные компрессорные станции | МКС — модульные или блочно-компрессорные станции;;;0;;;a.sautkina2012@yandex.ru|снабжение/закупки|;1;;;;;;;checko,etp;1;;;
6658310073;"ОБЩЕСТВО С ОГРАНИЧЕННОЙ ОТВЕТСТВЕННОСТЬЮ ""КИВ""";"ООО ""КИВ""";;;37.0 Сбор и обработка сточных вод;37.0|36.0|37.00|38.1|38.2|43.2|43.22|45.20|46.3|46.4|46.6|46.7|46.9|47.1|47.2|47.5|47.73|47.74|47.75|47.79|47.9|49.4|52.10|52.29|77.11|77.3|81.29.9|85.42;Свердловская область;620131, Свердловская область, г. Екатеринбург, ул. Крауля, д. 50, кв. 12;Действующая компания;Конин Станислав Сергеевич;632200000.0;632,2 млн руб.;4;4;Генераторы кислорода;;Сервис поиска и мониторинга государственных и коммерческих тендеров;0;mismatch;;;;[];;;;;;activity;1;;;
5078018370;;"ООО ""ВОДОКАНАЛ""";;;;37.00|36.00.1|41.20.9|02.20|02.40|03.22.5|10.92|16.23|16.23.1|16.23.2|33.12|36.00.2|38.1|38.12|38.2|38.32.2|38.32.3|38.32.4|38.32.5|38.32.51|38.32.52|38.32.53|38.32.54|38.32.55|38.32.59|41.10|41.20|42.11|42.21|42.22|42.22.2|42.91|42.99|43.11|43.12|43.12.1|43.12.3|43.21|43.22|43.29|43.31|43.32|43.32.1|43.32.2|43.32.3|43.33|43.34|43.34.2|43.39|43.91|43.99.1|43.99.2|43.99.3|43.99.4|43.99.5|43.99.6|43.99.7|43.99.9|46.32.3|46.77|47.52.7|47.52.74|49.41.1|68.1|68.10|68.10.1|68.10.11|68.10.12|68.10.21|68.10.22|68.10.23|71.11|71.11.2|71.12|71.12.11|71.12.13|71.12.2|71.20|72.19|74.90.1|81.29.9|81.30;;141281, Московская область, г. о. Пушкинский, г. Ивантеевка, ул. Железнодорожная, д. 24, стр. 1;Действующая компания;;602500000.0;602,5 млн руб.;4;49;Промышленные компрессоры от 200 000 ₽ | Фотосепараторы | Генераторы азота | Генераторы кислорода | МКС — мобильные компрессорные станции | МКС — модульные или блочно-компрессорные станции;;;;;;;;;;;;;;;1;;;
2209034485;;"МУП ""РУБЦОВСКИЙ ВОДОКАНАЛ""";;;;37.00|36.00.1|42.21|43.99.9|68.20.29|71.12.11|82.99|36.00|36.00.2|43.99|68.20.2|71.20.1|72.19|77.39.29|86.90.9;;658200, Алтайский край, г. Рубцовск, ул. Пролетарская, д. 103;Действующая компания;Зазнобин Евгений Викторович;590600000.0;590,6 млн руб.;5;39;Промышленные компрессоры от 200 000 ₽ | Генераторы азота | Генераторы кислорода | МКС — мобильные компрессорные станции | МКС — модульные или блочно-компрессорные станции;;;;;;;;;;;;;;;1;;;
7203050747;;"ЗАО ""ВОДОКАНАЛ-2""";;;;42.21|43.11|43.12.1|43.12.3|43.22|43.39|43.99.1|43.99.4|43.99.5|46.73.6|71.11|71.12|71.12.41;;625015, Тюменская область, г. Тюмень, ул. Маршала Захарова, д. 11, корп. 2;Действующая компания;;584100000.0;584,1 млн руб.;4;24;Промышленные компрессоры от 200 000 ₽ | МКС — мобильные компрессорные станции | МКС — модульные или блочно-компрессорные станции;;;;;;;;;;;;;;;1;;;
7817309159;"АКЦИОНЕРНОЕ ОБЩЕСТВО ""ГСР ВОДОКАНАЛ""";"АО ""ГСР ВОДОКАНАЛ""";;;37.00 Сбор и обработка сточных вод;37.00|46.9|36.00.2|36.00.1;Санкт-Петербург;196653, г. Санкт-Петербург, вн. тер. г. город Колпино, ул. Финляндская, д. 5, литера А, помещ. 8-Н, ком. 12;Действующая компания;;576600000.0;576,6 млн руб.;4;10;Промышленные компрессоры от 200 000 ₽ | Генераторы кислорода;lk.vodokanal.spb.ru;;0;;;;;;;;;;;site;1;;;
4705014708;;"МУП ""ВОДОКАНАЛ"" Г.ГАТЧИНА";;;;37.00|36.00.2|36.00.1|41.20|42.21|42.22.1|42.22.2|43.12.3|43.22|43.29|45.20.1|45.20.2|49.41.1|49.41.2;;188300, Ленинградская область, м. о. Гатчинский, г. Гатчина, Пушкинское шоссе, д. 7;Действующая компания;Солоп Станислав Петрович;554100000.0;554,1 млн руб.;4;26;Промышленные компрессоры от 200 000 ₽ | Генераторы кислорода | МКС — мобильные компрессорные станции | МКС — модульные или блочно-компрессорные станции;;;;;;;;;;;;;;;1;;;
5260130850;"ОБЩЕСТВО С ОГРАНИЧЕННОЙ ОТВЕТСТВЕННОСТЬЮ ""ЭКСПРЕСС""";"ООО ""ЭКСПРЕСС""";;;37.00 Сбор и обработка сточных вод;37.00|33.20|36.00|36.00.1|36.00.2|38.21|39.00|41.20|42.21|42.22|42.91.2|43.12.3|43.91|43.99|43.99.1|46.11|46.90|64.99;Нижегородская область;606024, Нижегородская область, г. о. город Дзержинск, г. Дзержинск, ул. Чапаева, д. 31А, офис 2;Действующая компания;Калинин Сергей Юрьевич;551500000.0;551,5 млн руб.;4;34;Промышленные компрессоры от 200 000 ₽ | Генераторы кислорода | МКС — мобильные компрессорные станции | МКС — модульные или блочно-компрессорные станции;dvk-dzr.ru;;0;;secretar@istok.sinn.ru;secretar@istok.sinn.ru|общий|;1;[];;;;;;email,site;1;;;
7203547049;"ОБЩЕСТВО С ОГРАНИЧЕННОЙ ОТВЕТСТВЕННОСТЬЮ ""АРМАТА""";"ООО ""АРМАТА""";;;37.00 Сбор и обработка сточных вод;37.00|45.20|45.31|45.32|46.12.1|46.71|49.41|49.42|50.30|50.40.1|52.10|52.24|52.29|68.20|77.12|77.39.11|77.39.22;Тюменская область;625042, Тюменская область, г. о. город Тюмень, г. Тюмень, ул. Федюнинского, д. 60, помещ. 10;Действующая компания;Скурлатов Анатолий Иванович;541200000.0;541,2 млн руб.;5;16;Промышленные компрессоры от 200 000 ₽ | Фотосепараторы | Генераторы кислорода | МКС — мобильные компрессорные станции;;;0;;;;;;;;;;;;1;;;
5247055210;;"АО ""ВЫКСУНСКИЙ ВОДОКАНАЛ""";;;;37.00|36.00.1|35.30.14|36.00.2|38.11|38.12|38.21|38.22|42.21|42.22.1|69.20.2|71.20.1|71.20.9;;607033, Нижегородская область, г. Выкса, рп. Досчатое, тер. Проммикрорайон N8, зд. 1;Действующая компания;Томашов Дмитрий Владимирович;529100000.0;529,1 млн руб.;4;27;Промышленные компрессоры от 200 000 ₽ | Генераторы азота | Генераторы кислорода | МКС — мобильные компрессорные станции | МКС — модульные или блочно-компрессорные станции;;;;;;;;;;;;;;;1;;;
5244031860;"ОБЩЕСТВО С ОГРАНИЧЕННОЙ ОТВЕТСТВЕННОСТЬЮ ""БИОТЕХСЕРВИС""";"ООО ""БИОТЕХСЕРВИС""";;;37.00 Сбор и обработка сточных вод;37.00|36.00|43.99|42.21|71.20.1;Нижегородская область;606400, Нижегородская область, Балахнинский район, г. Балахна, ул. Карла Либкнехта, д. 37, кабинет 3;Действующая компания;Матвеев Владимир Анатольевич;525800000.0;525,8 млн руб.;4;32;Промышленные компрессоры от 200 000 ₽ | Генераторы азота | Генераторы кислорода | МКС — мобильные компрессорные станции | МКС — модульные или блочно-компрессорные станции;;;0;;;;;;;;;;;;1;;;
1701061444;"ОБЩЕСТВО С ОГРАНИЧЕННОЙ ОТВЕТСТВЕННОСТЬЮ ""ВОДОКАНАЛ-СЕРВИС""";"ООО ""ВОДОКАНАЛ-СЕРВИС""";;;37.00 Сбор и обработка сточных вод;37.00|36.00.1|08.99|36.00.2|38.11|38.12|38.21|38.22|42.21|42.22.2|47.19|49.41.1;Республика Тыва;667003, Республика Тыва, г. Кызыл, ул. Баянкольская, зд. 5А;Действующая компания;;525400000.0;525,4 млн руб.;4;22;Промышленные компрессоры от 200 000 ₽ | Генераторы кислорода | МКС — мобильные компрессорные станции | МКС — модульные или блочно-компрессорные станции;;;0;;;;;;;;;;;;1;;;
6025001060;;"МП ""ВОДОКАНАЛ"" Г. ВЕЛИКИЕ ЛУКИ";;;;37.00|36.00.2|42.21|49.41.3|71.20.1|20.13|33.13|35.30.2|42.22.2|46.77|47.9|49.3|49.41|61.10.1|71.12.13|71.20.9;;182113, Псковская область, г. Великие Луки, пер. Водопроводный, д. 10;Действующая компания;Шумайлов Евгений Владимирович;509600000.0;509,6 млн руб.;5;45;Промышленные компрессоры от 200 000 ₽ | Генераторы азота | Генераторы кислорода | МКС — мобильные компрессорные станции | МКС — модульные или блочно-компрессорные станции;;;;;;;;;;;;;;;1;;;
7017374014;"ОБЩЕСТВО С ОГРАНИЧЕННОЙ ОТВЕТСТВЕННОСТЬЮ ""ГОРОДСКИЕ ОЧИСТНЫЕ СООРУЖЕНИЯ""";"ООО ""ГОС""";;;37.00 Сбор и обработка сточных вод;37.00|56.29.2|68.20.29|36.00.1|38.1|46.31|46.49|47.11|47.29|49.4;Томская область;634067, Томская область, г. Томск, Кузовлевский тракт, д. 2/5;Действующая компания;;492100000.0;492,1 млн руб.;4;10;Промышленные компрессоры от 200 000 ₽ | Генераторы кислорода;;;0;;;;;;;;;;;;1;;;
7731047695;"АКЦИОНЕРНОЕ ОБЩЕСТВО ""ДОРОЖНОЕ РЕМОНТНО-СТРОИТЕЛЬНОЕ УПРАВЛЕНИЕ""";"АО ""ДРСУ""";;;37.00 Сбор и обработка сточных вод;37.00|16.23|38.1|38.2|41.2|41.20|42.11|42.91|42.99|43.11|43.12.3|43.2|43.29|43.32|43.33|43.34|43.91|43.99|49.4|52.29|74.20|74.30|81.29.9|82.92;Московская область;143402, Московская область, г. Красногорск, ул. Жуковского, д. 17, помещ. III, ком. 12-4;Действующая компания;Кириллов Александр Евгеньевич;491500000.0;491,5 млн руб.;4;23;Промышленные компрессоры от 200 000 ₽ | Генераторы кислорода | МКС — мобильные компрессорные станции;;;0;;;;;;;;;;;;1;;;
7728778215;;"ООО ""УЛЬЯНОВСКОБЛВОДОКАНАЛ""";;;;37.00|36.00.1|36.00.2|43.22|36.00|41.2|42.21|43.12.3|43.2|64.99.11|71.20.1;;433508, Ульяновская область, г. Димитровград, ул. Куйбышева, зд. 150, этаж 2;Действующая компания;;476100000.0;476,1 млн руб.;4;28;Промышленные компрессоры от 200 000 ₽ | Генераторы азота | Генераторы кислорода | МКС — мобильные компрессорные станции | МКС — модульные или блочно-компрессорные станции;;;;;;;;;;;;;;;1;;;
4401095293;;"ООО ""ВОДОКАНАЛСЕРВИС""";;;;37.00|36.00.1|36.00.2|42.21|42.22.1|42.91|42.91.2|42.91.4|42.91.5|43.13|43.22|43.29|43.99|43.99.2|43.99.3|84.25.9;;156013, Костромская область, г. Кострома, пр-кт Мира, д. 37-39/28;Действующая компания;;466100000.0;466,1 млн руб.;4;36;Промышленные компрессоры от 200 000 ₽ | Генераторы кислорода | МКС — мобильные компрессорные станции | МКС — модульные или блочно-компрессорные станции;;;;;;;;;;;;;;;1;;;
4726003577;"ОБЩЕСТВО С ОГРАНИЧЕННОЙ ОТВЕТСТВЕННОСТЬЮ ""ВОДОКАНАЛ""";"ООО ""ВОДОКАНАЛ""";;;37.00 Сбор и обработка сточных вод;37.00|36.00.2|43.29|35.13|36.00|42.21|42.22|43.22|43.99.1|49.41|71.12.4|71.20.1;Ленинградская область;188544, Ленинградская область, г. Сосновый Бор, ул. Петра Великого, д. 9, офис 214;Действующая компания;;463900000.0;463,9 млн руб.;4;36;Промышленные компрессоры от 200 000 ₽ | Генераторы азота | Генераторы кислорода | МКС — мобильные компрессорные станции | МКС — модульные или блочно-компрессорные станции;;;0;;;;;;;;;;;;1;;;
5053060958;"ОБЩЕСТВО С ОГРАНИЧЕННОЙ ОТВЕТСТВЕННОСТЬЮ ""НАДЕЖНЫЙ ПАРТНЕР""";"ООО ""НАДЕЖНЫЙ ПАРТНЕР""";;;37.00 Сбор и обработка сточных вод;37.00|33.12|36.00|38.11|41.20|42.11|42.21|43.11|43.12|43.12.3|43.99.4|45.20|46.63|46.73|46.73.6|46.74|47.52.5|47.52.7|49.41.2|52.29|68.32.1|68.32.2|71.12|77.12|77.39|77.39.1;Москва;117545, г. Москва, вн. тер. г. муниципальный округ Чертаново Центральное, ул. Дорожная, д. 3, к. 5Б;Действующая компания;;463300000.0;463,3 млн руб.;5;46;Промышленные компрессоры от 200 000 ₽ | Генераторы кислорода | МКС — мобильные компрессорные станции | МКС — модульные или блочно-компрессорные станции;;;0;;;;;;;;;;;;1;;;
1900012160;;"ГУП РХ ""ХАКАСРЕСВОДОКАНАЛ""";;;;37.00|23.99|36.00|36.00.2|36.00.1;;655100, Республика Хакасия, м. р-н Усть-Абаканский, г. п. Усть-Абаканский Поссовет, рп. Усть-Абакан, ул. Коммунальная, зд. 1;Действующая компания;Войткин Максим Геннадьевич;462700000.0;462,7 млн руб.;4;10;Промышленные компрессоры от 200 000 ₽ | Генераторы кислорода;;;;;;;;;;;;;;;1;;;
5920005217;;"ПКГУП ""ЧАЙКОВСКИЙ ВОДОКАНАЛ""";;;;37.00|42.21|46.18|36.00.1|36.00.2|36.00;;617762, Пермский край, г. Чайковский, ул. Советская, двлд. 2/15;Действующая компания;Киселев Николай Павлович;462300000.0;462,3 млн руб.;4;22;Промышленные компрессоры от 200 000 ₽ | Генераторы кислорода | МКС — мобильные компрессорные станции | МКС — модульные или блочно-компрессорные станции;;;;;;;;;;;;;;;1;;;
1661051905;"ОБЩЕСТВО С ОГРАНИЧЕННОЙ ОТВЕТСТВЕННОСТЬЮ ""ПАРАМЕТР ПЛЮС""";"ООО ""ПАРАМЕТР ПЛЮС""";;;37.00 Сбор и обработка сточных вод;37.00|36.00|36.00.1|36.00.2|41.20|42.91|43.12.3|43.21|43.22|43.29|43.32|43.33|43.34|43.39|46.69|46.73|46.74|46.90|49.41.1|69.10|69.20|70.10|70.22|71.11|71.12|73.20;Республика Татарстан;420036, Республика Татарстан, г. Казань, ул. Восход, д. 45А, ком. 17;Действующая компания;Чупраков Павел Алексеевич;461800000.0;461,8 млн руб.;4;14;Промышленные компрессоры от 200 000 ₽ | Генераторы кислорода;;;0;;;;;;;;;;;;1;;;
5246035757;;"АО ""БОРСКИЙ ВОДОКАНАЛ""";;;;37.00|36.00.1|36.00.2|96.09.9|41.20|42.21|42.22.1|42.22.2|43.12.3|43.21|43.22|43.3|43.32|43.33|43.34|43.91|43.99.1|43.99.2|43.99.3|43.99.4|43.99.5|43.99.6|71.20.1|71.20.9;;606440, Нижегородская область, г. Бор, ул. Республиканская, д. 37А;Действующая компания;Везломцев Алексей Владимирович;460400000.0;460,4 млн руб.;4;36;Промышленные компрессоры от 200 000 ₽ | Генераторы азота | Генераторы кислорода | МКС — мобильные компрессорные станции | МКС — модульные или блочно-компрессорные станции;;;;;;;;;;;;;;;1;;;
3821005886;;"МУП ""ВОДОКАНАЛ""";;;;37.00|36.00.2|66.19.61|42.11|42.21|42.22.1|43.11|43.12|43.12.1|43.12.3|43.29|43.31|43.32|43.33|43.34|49.41.1|49.41.3|52.21.22|64.99.11|68.32.1|69.20.2|71.12|81.29.9|84.25|96.04;;666031, Иркутская область, г. Шелехов, ул. Култукский Тракт, д. 3;Действующая компания;Баймашев Юрий Николаевич;421600000.0;421,6 млн руб.;4;35;Промышленные компрессоры от 200 000 ₽ | Генераторы кислорода | МКС — мобильные компрессорные станции | МКС — модульные или блочно-компрессорные станции;;;;;;;;;;;;;;;1;;;
5254005971;;"МУП ""ГОРВОДОКАНАЛ""";;;;37.00|36.00.2|38.12|41.2|38.11;;607188, Нижегородская область, г. Саров, ул. Димитрова, д. 6;Действующая компания;Ваганова Наталия Николаевна;418600000.0;418,6 млн руб.;4;10;Промышленные компрессоры от 200 000 ₽ | Генераторы кислорода;;;;;;;;;;;;;;;1;;;
2337044070;"ОБЩЕСТВО С ОГРАНИЧЕННОЙ ОТВЕТСТВЕННОСТЬЮ ПМК-4 ""ЮЖВОДОПРОВОД""";"ООО ПМК-4 ""ЮЖВОДОПРОВОД""";;;42.21 Строительство инженерных коммуникаций для водоснабжения и водоотведения, газоснабжения;42.21|41.20|42.11|42.91|42.99|43.12|43.2|43.3|43.91|43.99|43.99.7|46.73.6|68.20.2|71.1;Краснодарский край;353389, Краснодарский край, Крымский район, г. Крымск, ул. Маршала Жукова, д. 46;Действующая компания;;415700000.0;415,7 млн руб.;4;28;Промышленные компрессоры от 200 000 ₽ | МКС — мобильные компрессорные станции | МКС — модульные или блочно-компрессорные станции;;;0;;;;;;;;;;;;1;;;
6501281770;;"МКП ""ГОРОДСКОЙ ВОДОКАНАЛ""";;;;37.00|36.00.1|36.00.2|42.21|42.22.1|42.22.2|42.91|42.91.2|42.91.5|52.21.22|70.22|71.12|71.20.9|82.99|93.29.9|96.09;;693006, Сахалинская область, г. о. город Южно-Сахалинск, г. Южно-Сахалинск, ул. Ленина, д. 304В, кв. 1, помещ. 1;Действующая компания;Стёпин Андрей Николаевич;398500000.0;398,5 млн руб.;4;27;Промышленные компрессоры от 200 000 ₽ | Генераторы азота | Генераторы кислорода | МКС — мобильные компрессорные станции | МКС — модульные или блочно-компрессорные станции;;;;;;;;;;;;;;;1;;;
4712023326;"ОБЩЕСТВО С ОГРАНИЧЕННОЙ ОТВЕТСТВЕННОСТЬЮ ""ЛЕНСЕРВИССТРОЙ""";"ООО ""ЛСС""";;;36.00 Забор, очистка и распределение воды;36.00|35.11.1|35.12|35.13|35.3|35.30.1|35.30.11|35.30.14|35.30.2|35.30.3|35.30.4|35.30.5|36.00.1|36.00.2|37.0|37.00|38.1|38.2|41.20|42.21|42.22.1|42.22.2|42.99|43.11|43.12|43.12.1|43.12.3|43.13|43.2|43.21|43.22|43.29|43.3|43.31|43.34.1|43.34.2|43.91|43.99.2|43.99.3|43.99.4|43.99.5|43.99.7|43.99.9|69|69.10|71.2|77.11|77.3|77.39|81.29.9;Ленинградская область;188730, Ленинградская область, Приозерский район, п. Сосново, ул. Механизаторов, д. 11, офис 3, 5;Действующая компания;;374000000.0;374 млн руб.;5;48;Промышленные компрессоры от 200 000 ₽ | Генераторы азота | Генераторы кислорода | МКС — мобильные компрессорные станции | МКС — модульные или блочно-компрессорные станции;;;0;;;;;;;;;;;;1;;;
1106021884;;"ООО ""ВОДОКАНАЛ-СЕРВИС""";;;;37.00|36.00.1|43.22|35.12|36.00|42.21|42.22.2|42.99|50.40;;169710, Республика Коми, г. Усинск, ул. Транспортная, д. 2;Действующая компания;;372300000.0;372,3 млн руб.;4;26;Промышленные компрессоры от 200 000 ₽ | Генераторы кислорода | МКС — мобильные компрессорные станции | МКС — модульные или блочно-компрессорные станции;;;;;;;;;;;;;;;1;;;
5800004902;"ОБЩЕСТВО С ОГРАНИЧЕННОЙ ОТВЕТСТВЕННОСТЬЮ ""ВВП""";"ООО ""ВВП""";;;37.00 Сбор и обработка сточных вод;37.00;Пензенская область;440007, Пензенская область, г. о. город Пенза, г. Пенза, ул. Бумажников, зд. 2А;Действующая компания;Бирюков Петр Иванович;367000000.0;367 млн руб.;4;4;Генераторы кислорода;;;0;;;;;[];;;;;;;1;;;
2455029945;;"МУП МИНУСИНСКОГО МУНИЦИПАЛЬНОГО ОКРУГА ""ГОРВОДОКАНАЛ""";;;;37.00|23.69|35.30.14|36.00.2|16.10|23.61|35.30.3|35.30.4|35.30.5|36.00|36.00.1|41.20|42.21|42.22.2|43.29|49.41|49.41.1|49.42;;662607, Красноярский край, Минусинский район, г. Минусинск, ул. Суворова, д. 3;Действующая компания;Петровский Вячеслав Алексеевич;363700000.0;363,7 млн руб.;4;25;Промышленные компрессоры от 200 000 ₽ | Генераторы кислорода | МКС — мобильные компрессорные станции | МКС — модульные или блочно-компрессорные станции;;;;;;;;;;;;;;;1;;;
7727686480;"ОБЩЕСТВО С ОГРАНИЧЕННОЙ ОТВЕТСТВЕННОСТЬЮ ""ЭСТ""";"ООО ""ЭСТ""";;;37.00 Сбор и обработка сточных вод;37.00|38.32.2|38.32.3|38.32.4|38.32.5|49.4|52.10|52.21.2|52.24|52.29|77.39.1;Калужская область;249855, Калужская область, м. о. Дзержинский, п. Товарково, ул. Ленина, зд. 4А, к. 6, ком. 17;Действующая компания;;361900000.0;361,9 млн руб.;5;20;Промышленные компрессоры от 200 000 ₽ | Фотосепараторы | Генераторы кислорода | МКС — мобильные компрессорные станции;;;0;;;;;;;;;;;;1;;;
2428002817;"ОБЩЕСТВО С ОГРАНИЧЕННОЙ ОТВЕТСТВЕННОСТЬЮ ГК ""ВОДОКАНАЛ""";"ООО ГК ""ВОДОКАНАЛ""";;;42.21 Строительство инженерных коммуникаций для водоснабжения и водоотведения, газоснабжения;42.21|16.21|16.23|16.29|23.61|23.62|23.69|23.70|25.11|33.12|33.14|35.30.1|35.30.2|35.30.3|35.30.4|35.30.5|35.30.6|36.00|37.00|38.11|38.21|39.00|41.10|41.20|42.11|42.22|42.91|42.99|43.11|43.12|43.21|43.22|43.29|43.31|43.32|43.33|43.34|43.39|43.91|43.99|45.20|46.18|46.34|46.69|46.71|46.73|46.74|46.90|47.24|47.25|47.26|47.29.3|47.75.1|47.75.2|47.8|49.41.1|49.41.2|49.41.3|49.42|52.21.2|62.02|62.09|68.20|68.20.2|69.10|69.20|69.20.2|71.11.1|77.12|77.32|77.39|81.10|81.22|81.29|82.99|95.11;Красноярский край;660079, Красноярский край, г. Красноярск, пер. Афонтовский, зд. 2, помещение 84, офис 6-05;Действующая компания;Гайчук Максим Александрович;356900000.0;356,9 млн руб.;5;54;Промышленные компрессоры от 200 000 ₽ | Генераторы кислорода | МКС — мобильные компрессорные станции | МКС — модульные или блочно-компрессорные станции;;;0;;;;;;;;;;;;1;;;
6681010060;"ОБЩЕСТВО С ОГРАНИЧЕННОЙ ОТВЕТСТВЕННОСТЬЮ ""ИНФРАСТРУКТУРНЫЕ РЕШЕНИЯ - ГОРОД ЛЕСНОЙ""";"ООО ""РИР - ЛЕСНОЙ""";;;37.00 Сбор и обработка сточных вод;37.00|36.00.1|36.00|46.18.99|46.76|46.90|62.09|63.11|68.20|69.10|69.20|70.22|71.12|77.39|78.30|82.99;Свердловская область;624203, Свердловская область, г. Лесной, ул. Мамина-Сибиряка, д. 18, помещ. 59;Действующая компания;;345800000.0;345,8 млн руб.;5;15;Промышленные компрессоры от 200 000 ₽ | Генераторы кислорода;;;0;;;;;;;;;;;;1;;;
7725782615;"ОБЩЕСТВО С ОГРАНИЧЕННОЙ ОТВЕТСТВЕННОСТЬЮ ""ЭКО САПЛАЙ""";"ООО ""ЭКО САПЛАЙ""";;;37.00 Сбор и обработка сточных вод;37.00|33.12|41.2|42.91|42.91.4|42.91.5|42.99|43.11|43.12|43.12.3|43.2|43.21|43.29|43.39|43.99|43.99.1|46.6|46.69|52.10|52.2|52.24|52.29|66.1|68.1|68.10|68.10.1|68.2|68.20|68.3|71.1|71.2|77.3|77.32|77.39|77.39.11|77.39.2;Москва;115280, г. Москва, ул. Ленинская Слобода, д. 9, эт. 1, пом. 33 34;Действующая компания;;344700000.0;344,7 млн руб.;5;30;Промышленные компрессоры от 200 000 ₽ | Фотосепараторы | Генераторы азота | Генераторы кислорода | МКС — мобильные компрессорные станции;;;0;;;;;;;;;;;;1;;;
5610237031;"ОБЩЕСТВО С ОГРАНИЧЕННОЙ ОТВЕТСТВЕННОСТЬЮ ""ЖИВАЯ ВОДА""";"ООО ""ЖИВАЯ ВОДА""";;;"11.07 Производство безалкогольных напитков; производство упакованных питьевых вод, включая минеральные воды.";11.07|45.20|45.32|46.90|47.99|49.41|49.42|52.10|52.29|68.20|68.32|69.10|69.20|82.99;Оренбургская область;460055, Оренбургская область, г. Оренбург, ул. Нахимова, д. 35;Действующая компания;;344100000.0;344,1 млн руб.;4;18;Фотосепараторы | Рентген-детекторы и рентген-инспекционные системы | МКС — мобильные компрессорные станции;;;0;;;;;;;;;;;;1;;;
3665824941;"ОБЩЕСТВО С ОГРАНИЧЕННОЙ ОТВЕТСТВЕННОСТЬЮ ""РВК.ПРОМЫШЛЕННЫЕ ТЕХНОЛОГИИ""";"ООО ""РВК.ПРОМТЕХНОЛОГИИ""";;;37.00 Сбор и обработка сточных вод;37.00|38.11|42.99|42.21|71.20;Воронежская область;394030, Воронежская область, г. о. город Воронеж, г. Воронеж, ул. Донбасская, д. 23, офис 77;Действующая компания;;343900000.0;343,9 млн руб.;4;18;Промышленные компрессоры от 200 000 ₽ | Генераторы азота | Генераторы кислорода | МКС — мобильные компрессорные станции | МКС — модульные или блочно-компрессорные станции;;;0;;;;;;;;;;;;1;;;
1651067776;"ОБЩЕСТВО С ОГРАНИЧЕННОЙ ОТВЕТСТВЕННОСТЬЮ ""ТАТТРАНСЛОГИСТИК""";"ООО ""ТТЛ""";;;37.00 Сбор и обработка сточных вод;37.00|23.69|46.12|46.71|49.4|49.41.1|49.41.2|52.10|52.10.1|52.10.2|52.10.21|52.10.3|52.10.9|52.2|52.21|52.21.2|52.21.24|52.24|52.24.1|52.24.2|52.29|68.20|77.11|77.12|77.31|77.32|77.39;Республика Татарстан;423570, Республика Татарстан, м. р-н Нижнекамский, г. п. город Нижнекамск, г. Нижнекамск, ул. Чистопольская, зд. 29, к. 3;Действующая компания;Гайфутдинов Альберт Хусаинович;338300000.0;338,3 млн руб.;5;16;Промышленные компрессоры от 200 000 ₽ | Фотосепараторы | Генераторы кислорода | МКС — мобильные компрессорные станции;ttl-kzn.ru;;0;;;;;[];;;;;;site;1;;;
9717058096;"ОБЩЕСТВО С ОГРАНИЧЕННОЙ ОТВЕТСТВЕННОСТЬЮ ""НЕЗАВИСИМЫЕ ВОДОКАНАЛЫ""";"ООО ""НЕВОД""";;;37.00 Сбор и обработка сточных вод;37.00|36.00.2|71.12.11|36.00|42.21|42.22|42.99|43.11|43.12|43.13|43.21|43.22|43.29|43.31|43.32.3|43.33|43.34|64.20|69.10|69.20|70.10.2|70.22|71.11|71.12|71.20.1|81.10;Москва;129515, г. Москва, ул. Академика Королева, д. 13, стр. 1, пом/эт/ком II/2/44;Действующая компания;;338100000.0;338,1 млн руб.;4;28;Промышленные компрессоры от 200 000 ₽ | Генераторы азота | Генераторы кислорода | МКС — мобильные компрессорные станции | МКС — модульные или блочно-компрессорные станции;;;0;;;;;[];;;;;;;1;;;
7202233515;"ОБЩЕСТВО С ОГРАНИЧЕННОЙ ОТВЕТСТВЕННОСТЬЮ ""ТЕПЛОТЕХНИК""";"ООО ""ТЕПЛОТЕХНИК""";kc;;37.00 Сбор и обработка сточных вод;37.00|16.1|16.10.9|16.23|33.12|33.13|33.14|33.2|33.20|35.11.1|35.11.4|35.12|35.13|36.0|38.32.2|38.32.3|38.32.4|38.32.5|41.2|43.12|43.2|43.3|45.2|49.3|49.5|52.10|52.2|52.24|52.29|68.1|69|71.1|71.12.5|71.12.6|71.2|74.20|74.30|80|81.22|81.29.9|82.92|95.22.1|96.0|97.0;Тюмень;625022, Тюменская область, г. Тюмень, ул. Газовиков, д. 20, корп. 1;Действующая компания;;321400000.0;321,4 млн руб.;5;46;Промышленные компрессоры от 200 000 ₽ | Фотосепараторы | Генераторы азота | Генераторы кислорода | МКС — мобильные компрессорные станции | МКС — модульные или блочно-компрессорные станции;;Обслуживание и ремонт котельных, водоочистных сооружений, инженерного оборудования;0;mismatch;;;;"[""+73463291062""]";;;;;;activity,phone;1;;;
9718233706;"ОБЩЕСТВО С ОГРАНИЧЕННОЙ ОТВЕТСТВЕННОСТЬЮ ""АНТЕЙ""";"ООО ""АНТЕЙ""";kc;;37.00 Сбор и обработка сточных вод;37.00|41.20|42.21|42.91|42.99|43.12|43.21|43.22|43.29|49.41|71.12;Москва;119571, г. Москва, вн. тер. г. муниципальный округ Тропарево-Никулино, пр-кт Вернадского, д. 92, помещ. 9/6/2;Действующая компания;Букатов Павел Сергеевич;321100000.0;321,1 млн руб.;4;20;Промышленные компрессоры от 200 000 ₽ | Генераторы кислорода | МКС — мобильные компрессорные станции | МКС — модульные или блочно-компрессорные станции;;Проектирование и монтаж инженерных систем;0;mismatch;;;;"[""+7 (495) 638-0587""]";;;;;;activity,phone;1;;;
5948065110;"МУНИЦИПАЛЬНОЕ УНИТАРНОЕ ПРЕДПРИЯТИЕ ""ЭНЕРГОСНАБЖЕНИЕ ПЕРМСКОГО МУНИЦИПАЛЬНОГО ОКРУГА""";"МУП ""ЭНЕРГОСНАБЖЕНИЕ""";kc;;37.00 Сбор и обработка сточных вод;37.00|35.30.14|36.00.1|42.21|35.30.3|36.00|36.00.2|38.11|38.21;Фролы;614530, Пермский край, м. о. Пермский, с. Фролы, ул. Садовая, д. 7;Действующая компания;Онорин Дмитрий Геннадьевич;317700000.0;317,7 млн руб.;4;25;Промышленные компрессоры от 200 000 ₽ | Генераторы кислорода | МКС — мобильные компрессорные станции | МКС — модульные или блочно-компрессорные станции;;;0;;;;;[];;;;;;site_cand;1;;;
4703165123;"АКЦИОНЕРНОЕ ОБЩЕСТВО ""ВОДНО-КОММУНАЛЬНОЕ ХОЗЯЙСТВО""";"АО ""ВКХ""";kc;;37.00 Сбор и обработка сточных вод;37.00|36.00.1|35.11|36.00|38.11|41.20|42.11|42.99|43.12.3|43.99|45.20|49.41|49.41.1|63.11|63.11.1|68.10|68.10.23|68.20|68.32|71.12.53|73.11|77.39|78.10|78.20|81.22|81.29.2|81.29.9|81.30|82.20|84.25.2|84.25.9|93.11|93.12|93.21|93.29;Агалатово;188653, Ленинградская область, Всеволожский район, д. Агалатово, д. 161, офис 1;Действующая компания;Сергеев Валентин Станиславович;311800000.0;311,8 млн руб.;5;37;Промышленные компрессоры от 200 000 ₽ | Генераторы кислорода | МКС — мобильные компрессорные станции;vkh-site.smart-uk.ru;Управление водоснабжением и коммунальным хозяйством жилых домов;0;inn;ooov-kh@mail.ru;ooov-kh@mail.ru|приёмная|;1;"[""8(813)7010212""]";;;;;;activity,email,phone,site,verify;1;;;
8606013108;;"АО ""ВОДОКАНАЛ""";;;;37.00|36.00.2|42.21|43.22|47.99|49.41.1|71.12.8|71.20.1|33.13|35.12|35.30.14|35.30.4|35.30.5|36.00|41.20|42.22.1|42.22.2|42.91.2|43.11|43.12.1|43.12.3|43.21|43.29|43.91|43.99.1|43.99.2|43.99.3|43.99.4|43.99.5|43.99.6|43.99.7|43.99.9|46.90|47.9|49.3|68.32.1|68.32.2|71.11|71.12;;628285, Ханты-Мансийский автономный округ - Югра, г. Урай, мкр. 2-й, д. 44;Действующая компания;;310800000.0;310,8 млн руб.;4;43;Промышленные компрессоры от 200 000 ₽ | Генераторы азота | Генераторы кислорода | МКС — мобильные компрессорные станции | МКС — модульные или блочно-компрессорные станции;;;;;;;;;;;;;;;1;;;
5911073161;"ОБЩЕСТВО С ОГРАНИЧЕННОЙ ОТВЕТСТВЕННОСТЬЮ ""СТОК""";"ООО ""СТОК""";kc;;37.00 Сбор и обработка сточных вод;37.00|42.91.5|68.20|42.91.4|71.12.55|77.39.29|71.12.53;Березники;618419, Пермский край, г. Березники, ул. Ермака, д. 64;Действующая компания;Зоров Валерий Григорьевич;302300000.0;302,3 млн руб.;5;9;Промышленные компрессоры от 200 000 ₽ | Генераторы кислорода;;Государственный портал правовой информации;0;mismatch;;;;[];;;;;;activity;1;;;
2320201172;"МУНИЦИПАЛЬНОЕ УНИТАРНОЕ ПРЕДПРИЯТИЕ МУНИЦИПАЛЬНОГО ОБРАЗОВАНИЯ ГОРОДСКОЙ ОКРУГ ГОРОД-КУРОРТ СОЧИ КРАСНОДАРСКОГО КРАЯ ""ВОДОСТОК""";"МУП Г.СОЧИ ""ВОДОСТОК""";kc;;37.00 Сбор и обработка сточных вод;37.00|42.21|42.22.2|42.91|43.13|43.2|43.99|71.1|71.12|71.12.41|71.12.45|71.12.5|71.12.6;Сочи;354000, Краснодарский край, г. Сочи, ул. Советская, д. 38, помещ. 14;Действующая компания;Пинчук Сергей Иванович;292900000.0;292,9 млн руб.;4;28;Промышленные компрессоры от 200 000 ₽ | Генераторы кислорода | МКС — мобильные компрессорные станции | МКС — модульные или блочно-компрессорные станции;;;0;;;;;;;;;;;;1;;;
7816659760;"ОБЩЕСТВО С ОГРАНИЧЕННОЙ ОТВЕТСТВЕННОСТЬЮ ""СТРОИТЕЛЬСТВО ВОДОПРОВОДНЫХ СИСТЕМ""";"ООО ""СВС""";kc;;42.21 Строительство инженерных коммуникаций для водоснабжения и водоотведения, газоснабжения;42.21|41.20|42.11|42.22.2|42.99|43.12|43.21|43.22|43.31|43.34.2|43.91|43.99|49.41.3|71.12|71.12.1|71.12.11|71.12.12|71.12.13|71.12.2|81.30;Санкт-Петербург;192102, г. Санкт-Петербург, вн. тер. г. муниципальный округ Волковское, ул. Салова, д. 61, стр. 1, помещ. 4032Н;Действующая компания;;292600000.0;292,6 млн руб.;4;28;Промышленные компрессоры от 200 000 ₽ | МКС — мобильные компрессорные станции | МКС — модульные или блочно-компрессорные станции;;;0;;;;;;;;;;;;1;;;
5026000090;;"МУП ""ВОДОКАНАЛ""";;;;37.00|71.20|36.00.1|36.00|43.22;;140083, Московская область, г. Лыткарино, ул. Спортивная, д. 29;Действующая компания;Дерябин Роман Викторович;291600000.0;291,6 млн руб.;4;12;Промышленные компрессоры от 200 000 ₽ | Генераторы азота | Генераторы кислорода;;;;;;;;;;;;;;;1;;;
2322021295;"ФИРМА ""РУСТЕМ"" ОБЩЕСТВО С ОГРАНИЧЕННОЙ ОТВЕТСТВЕННОСТЬЮ";"ФИРМА ООО ""РУСТЕМ""";kc;;37.00 Сбор и обработка сточных вод;37.00|16.10|16.10.9|16.23|41.20|42.11|42.12|42.13|42.21|42.22.2|42.99|43.11|43.12.3|43.21|43.22|43.29|43.3|43.91|43.99|43.99.1|43.99.7;Туапсе;352800, Краснодарский край, Туапсинский район, г. Туапсе, пл. Привокзальная, д. 1;Действующая компания;Осадчих Валерий Стефанович;286200000.0;286,2 млн руб.;4;32;Промышленные компрессоры от 200 000 ₽ | Генераторы кислорода | МКС — мобильные компрессорные станции | МКС — модульные или блочно-компрессорные станции;;;0;;;;;[];;;;;;site_cand;1;;;
7203258470;"ОБЩЕСТВО С ОГРАНИЧЕННОЙ ОТВЕТСТВЕННОСТЬЮ ""ВОДОКАНАЛ-СЕРВИС""";"ООО ""ВОДОКАНАЛ-СЕРВИС""";kc;;37.00 Сбор и обработка сточных вод;37.00|35.30|41.20|42.11|42.12|42.21|42.22.1|42.22.2|43.12.3|43.29|43.99|49.41.1|49.41.2|49.41.3|49.50|52.29|63.91|68.32|71.12|71.12.1|71.12.11|77.32|81.29.9;Тюмень;625059, Тюменская область, г. Тюмень, ул. Тимофея Чаркова, д. 11, офис 15;Действующая компания;;285900000.0;285,9 млн руб.;5;58;Промышленные компрессоры от 200 000 ₽ | Генераторы кислорода | МКС — мобильные компрессорные станции | МКС — модульные или блочно-компрессорные станции;vodokanalservis72.nethouse.ru;Комплексное обслуживание канализационных сетей: прочистка, илососные работы, гидродинамическая промывка;0;provider;vodokanalsevis72@gmail.com;vodokanalsevis72@gmail.com|приёмная|;1;"[""+7 (3452) 902800"", ""+7 (3452) 593200"", ""+7 908 875 48 00""]";;;;;;activity,email,phone,site,verify;1;;;
0263017332;;"ООО ""ВОДОКАНАЛ""";;;;37.00|36.00.2|43.29|41.20|43.21|46.73.6|46.74.2|71.20.1|86.90.9;;453856, Республика Башкортостан, м. р-н Мелеузовский, г. п. город Мелеуз, г. Мелеуз, ул. Ленина, д. 10;Действующая компания;;275500000.0;275,5 млн руб.;4;12;Промышленные компрессоры от 200 000 ₽ | Генераторы азота | Генераторы кислорода;;;;;;;;;;;;;;;1;;;
5322015508;"ОБЩЕСТВО С ОГРАНИЧЕННОЙ ОТВЕТСТВЕННОСТЬЮ СТАРОРУССКОГО РАЙОНА ""ЖИЛИЩНОЕ КОММУНАЛЬНОЕ ХОЗЯЙСТВО""";"ООО СТАРОРУССКОЕ ""ЖКХ""";kc;;37.00 Сбор и обработка сточных вод;37.00|36.00.2|36.00.1;Дубовицы;175210, Новгородская область, Старорусский район, д. Дубовицы, ул. Дружбы, зд. 12А;Действующая компания;;271500000.0;271,5 млн руб.;4;10;Промышленные компрессоры от 200 000 ₽ | Генераторы кислорода;;Не определено;0;mismatch;;;;[];;;;;;activity;1;;;
3304000103;МУНИЦИПАЛЬНОЕ УНИТАРНОЕ ВОДОПРОВОДНО-КАНАЛИЗАЦИОННОЕ ПРЕДПРИЯТИЕ Г.ГУСЬ-ХРУСТАЛЬНЫЙ;МУВКП;kc;;37.00 Сбор и обработка сточных вод;37.00|36.00.2|42.21|43.22|71.12.53|96.02.1|96.04|33.12|35.30.14|35.30.2|35.30.3|35.30.4|35.30.5|49.4|68.20.2|96.02;Гусь-Хрустальный;601501, Владимирская область, г. Гусь-Хрустальный, ул. Первомайская, д. 3А;Действующая компания;Хахалина Наталья Ярославовна;259500000.0;259,5 млн руб.;4;25;Промышленные компрессоры от 200 000 ₽ | Генераторы кислорода | МКС — мобильные компрессорные станции | МКС — модульные или блочно-компрессорные станции;;;0;;priem@gusadmin.ru;priem@gusadmin.ru|общий|;1;[];;;;;;email,site_cand;1;;;
4027068324;"ОБЩЕСТВО С ОГРАНИЧЕННОЙ ОТВЕТСТВЕННОСТЬЮ ""ИНДУСТРИАЛЬНЫЙ ПАРК ""ВОРСИНО""";"ООО ""ИНДУСТРИАЛЬНЫЙ ПАРК ""ВОРСИНО""";kc;;37.00 Сбор и обработка сточных вод;37.00|36.00.1|43.12.1|68.10.23|68.20.29|77.39.11|81.29.9|36.0|37.0|41.10|41.2|42.11|42.12|42.13|42.21|42.22|42.99|43.12.2|43.12.3|43.2|43.3|43.99|46.4|52.21.22|52.21.29|68.10|68.2|68.3|71.11|71.12|71.12.45|71.12.5|71.12.9|73.11|77.11|77.12|77.31|77.39|81.10|81.21|81.29|82.11|82.30|82.99;Ворсино;249020, Калужская область, Боровский район, с. Ворсино, тер. Северная Промышленная Зона, влд. 6, стр. 1;Действующая компания;;255700000.0;255,7 млн руб.;5;46;Промышленные компрессоры от 200 000 ₽ | Генераторы кислорода | МКС — мобильные компрессорные станции | МКС — модульные или блочно-компрессорные станции;indpark.vorsino.com;;0;phone;info@indpark.kaluga.ru;info@indpark.kaluga.ru|общий|;1;[];;;;;;email,site,verify;1;;;
9723066137;"ОБЩЕСТВО С ОГРАНИЧЕННОЙ ОТВЕТСТВЕННОСТЬЮ ""ВОДОКАНАЛСТРОЙ""";"ООО ""ВКС""";kc;;42.21 Строительство инженерных коммуникаций для водоснабжения и водоотведения, газоснабжения;42.21|37.00|38.11|38.12|38.21|38.22.9|42.22.2|42.91.2|42.91.4|43.12.1|43.12.2|43.12.3|43.21|43.31|43.99.1|43.99.4|43.99.6|43.99.9|49.41|71.12;Москва;109382, г. Москва, ул. Нижние Поля, д. 27, стр. 13, ком. 3;Действующая компания;;253800000.0;253,8 млн руб.;4;28;Промышленные компрессоры от 200 000 ₽ | Генераторы кислорода | МКС — мобильные компрессорные станции | МКС — модульные или блочно-компрессорные станции;;;0;;;;;[];;;;;;site_cand;1;;;
7105050499;"ОБЩЕСТВО С ОГРАНИЧЕННОЙ ОТВЕТСТВЕННОСТЬЮ ""ОПЫТНО-ПРОИЗВОДСТВЕННЫЙ ЦЕНТР ТУЛЬСКОГО ЗАВОДА МЕХАНИЧЕСКИХ СИСТЕМ""";"ООО ""ОПЦ ТЗМС""";kc;;25.62 Обработка металлических изделий механическая;25.62|25.99|46.18|25.73|46.74.3|46.90|46.76|46.62;Тула;300002, Тульская область, г. Тула, Веневское шоссе, д. 4, корп. 6;Действующая компания;;247700000.0;247,7 млн руб.;5;33;Промышленные компрессоры от 200 000 ₽ | Генераторы азота;;;0;;;;;;;;;;;;1;;;
7536177115;"ОБЩЕСТВО С ОГРАНИЧЕННОЙ ОТВЕТСТВЕННОСТЬЮ ""НИКА БИЗНЕС ИНЖИНИРИНГ""";"ООО ""НИКА БИЗНЕС ИНЖИНИРИНГ""";kc;;37.00 Сбор и обработка сточных вод;37.00|49.41|45.20|52.21.2|52.29|41.20|42.13|81.29.1|08.12.1|77.39;Новая;674159, Забайкальский край, м. о. Каларский, пгт Новая Чара, ул. Молдованова, зд. 4А;Действующая компания;;242900000.0;242,9 млн руб.;5;24;Промышленные компрессоры от 200 000 ₽ | Генераторы кислорода | МКС — мобильные компрессорные станции;;;0;;;;;[];;;;;;site_cand;1;;;
6155041000;;"ООО ""ОЧИСТНЫЕ СООРУЖЕНИЯ""";;;;37.00|49.41.3|49.41.1|49.4|49.41.2;;346527, Ростовская область, г. о. город Шахты, г. Шахты, ул. Текстильная, д. 16;Действующая компания;Слабко Екатерина Ивановна;242700000.0;242,7 млн руб.;4;4;Генераторы кислорода;;;;;;;;;;;;;;;1;;;
7802623806;"ОБЩЕСТВО С ОГРАНИЧЕННОЙ ОТВЕТСТВЕННОСТЬЮ ""ТОРГОВЫЙ ДОМ ""БИОЭКОЛОГИЯ""";"ООО ""ТД ""БИОЭКОЛОГИЯ""";kc;;37.00 Сбор и обработка сточных вод;37.00|46.13.2|46.73.3|46.73.6|46.90|47.91|49.41|49.41.1|49.41.2|49.41.3|49.42|52.10|52.24|52.29|77.11|77.12|77.29|77.39|81.10|81.29.9|82.99|96.09;Санкт-Петербург;195197, г. Санкт-Петербург, пр-кт Полюстровский, д. 66, литер В, помещ. 10;Действующая компания;Инькова Лилия Захаровна;240500000.0;240,5 млн руб.;5;16;Промышленные компрессоры от 200 000 ₽ | Фотосепараторы | Генераторы кислорода | МКС — мобильные компрессорные станции;;;0;;;;;[];;;;;;site_cand;1;;;
2309157473;"ОБЩЕСТВО С ОГРАНИЧЕННОЙ ОТВЕТСТВЕННОСТЬЮ ""СЕРВИС ИННОВАЦИЙ И ТЕХНОЛОГИЙ""";"ООО ""СИТ""";kc;;36.00 Забор, очистка и распределение воды;36.00|33.20|36.00.1|36.00.2|37.00|46.51|47.41|62.02|62.03|62.09|63.11|63.12|63.91|63.99|70.22|71.12|72.11|72.19.1|72.19.3|82.20;Краснодар;350915, Краснодарский край, г. Краснодар, ул. Октябрьская, д. 8, офис 41;Действующая компания;Сапрыкин Даниил Геннадьевич;240000000.0;240 млн руб.;4;12;Промышленные компрессоры от 200 000 ₽ | Генераторы азота | Генераторы кислорода;;;0;;;;;[];;;;;;site_cand;1;;;
2309136385;;"ООО ""КУБАНЬВОДА""";;;;11.07|22.22|36.00.1|36.00.2|43.2|43.3|46.3|46.4|47.1|47.9|52.10|85.42|95.2;;350001, Краснодарский край, г. Краснодар, ул. им. Фурманова, д. 1/2;Действующая компания;Чинёнов Илья Владимирович;232400000.0;232,4 млн руб.;4;21;Промышленные компрессоры от 200 000 ₽ | Фотосепараторы | Рентген-детекторы и рентген-инспекционные системы | Генераторы кислорода;;;;;;;;;;;;;;;1;;;
7806299244;"ОБЩЕСТВО С ОГРАНИЧЕННОЙ ОТВЕТСТВЕННОСТЬЮ ""РТБ""";"ООО ""РТБ""";kc;;37.00 Сбор и обработка сточных вод;37.00|41.10|41.20|43.11|43.12|43.21|43.31|43.32|43.33|43.34|43.34.1|43.39|43.91|43.99|45.20|45.32|46.11|46.13|46.16|46.17|46.18|46.19|46.21|46.22|46.31.1|46.31.11|46.31.12|46.31.13|46.31.2|46.32|46.36|46.37|46.38|46.39|46.61|46.62|46.63|46.64|46.65|46.66|46.69|46.71|46.73|46.74|46.90|47.29|47.52|47.71|49.31.21|49.39.11|49.39.13|49.39.3|49.41|50.30|52.24|52.29|56.10|56.10.1|56.10.3|56.29|68.20|68.32|69.10|70.22|74.30|77.11|77.12|77.32|77.39|82.11|82.99|85.42.9|96.01|96.09;Санкт-Петербург;195112, г. Санкт-Петербург, пр-кт Заневский, д. 32, корп. 3, кв. 143;Действующая компания;Петров Константин Сергеевич;229200000.0;229,2 млн руб.;5;24;Промышленные компрессоры от 200 000 ₽ | Генераторы кислорода | МКС — мобильные компрессорные станции;;производство и продажа конвейерных и транспортерных лент;0;mismatch;rustexbelt@bk.ru;rustexbelt@bk.ru|общий|;1;"[""8 (800) 234-86-06"", ""8 (980) 326-01-36""]";;;;;;activity,email,phone,site_cand;1;;;
6682012952;"ОБЩЕСТВО С ОГРАНИЧЕННОЙ ОТВЕТСТВЕННОСТЬЮ ""ЭКОЛОГИСТИКА""";"ООО ""ЭКОЛОГИСТИКА""";kc+meyer;;37.00 Сбор и обработка сточных вод;37.00|36.00|38.32.2|38.32.3|38.32.4|38.32.5|38.32.51|38.32.52|38.32.53|38.32.54|38.32.55|38.32.59|43.21|43.99|46.72.2|46.72.21|46.72.22|46.72.23|46.73.3|46.73.4|46.73.5|46.73.6|46.75|46.75.1|46.75.2|46.76.3|46.77|47.52|47.52.7|49.41|49.41.1|49.41.2|49.41.3|52.10|52.10.2|52.10.21|52.10.22|52.10.23|52.10.4|52.24.2|70.22|74.90.5;Новоуральск;624135, Свердловская область, г. о. Новоуральский, г. Новоуральск, мкр 15, зд. 3Б, офис 322;Действующая компания;Изюмов Георгий Михайлович;228700000.0;228,7 млн руб.;4;29;Промышленные компрессоры от 200 000 ₽ | Фотосепараторы | Генераторы кислорода | МКС — мобильные компрессорные станции;;;0;;info@sro-expert.su;info@sro-expert.su|общий|;1;[];;;;;;email,site_cand;1;;;
2521005114;"ОБЩЕСТВО С ОГРАНИЧЕННОЙ ОТВЕТСТВЕННОСТЬЮ ""РОДНИКОВАЯ ВОДА""";"ООО ""РОДНИКОВАЯ ВОДА""";meyer;;10.20 Переработка и консервирование рыбы, ракообразных и моллюсков;10.20|10.13.1|10.13.3|11.07.1|46.32|46.32.3|46.38.1|47.23|47.23.1|47.23.2|47.29.3|47.29.39|52.10.1;Артем;692759, Приморский край, г. Артем, ул. Герцена, д. 82, офис 1;Действующая компания;;226100000.0;226,1 млн руб.;5;25;Фотосепараторы | Рентген-детекторы и рентген-инспекционные системы;;;0;;;;;[];;;;;;site_cand;1;;;
7113502283;"АКЦИОНЕРНОЕ ОБЩЕСТВО ""ЕЗСК СЕРВИС""";"АО ""ЕЗСК СЕРВИС""";kc;;37.00 Сбор и обработка сточных вод;37.00|55.90|68.20.29|86.90.4|33.11|33.12|33.13|33.14|33.19|33.20|35.11|35.12|35.13|35.30|36.00|41.20|42.11|42.21|42.22|42.99|43.11|43.12|43.21|43.22|43.29|43.31|43.32|43.33|43.34|43.39|43.91|43.99|47.11|47.82|55.1|55.30|56.10|56.21|56.29|56.30|59.14|61.10|61.20|61.90|68.10|68.20|71.20.1|77.11|77.12|77.21|77.32|77.33|77.34|77.39|81.29.1|81.30|85.41.91|86|86.10|86.21|86.90|87.10|87.30|93.11|93.12|93.13|93.19|93.21|93.29;Ефремов;301845, Тульская область, Ефремовский район, г. Ефремов, ул. Строителей, д. 2;Действующая компания;Митусов Андрей Анатольевич;224200000.0;224,2 млн руб.;5;57;Промышленные компрессоры от 200 000 ₽ | Генераторы азота | Генераторы кислорода | МКС — мобильные компрессорные станции | МКС — модульные или блочно-компрессорные станции;ezsksanatorii.ru;Санаторно-профилактическое учреждение с лечением и оздоровлением;0;provider;san-prof.ezsk@yandex.ru;san-prof.ezsk@yandex.ru|приёмная|;1;"[""+7 (48741) 6-58-13"", ""+7 (48741) 6-58-52"", ""+7-906-539-81-50""]";;;;;;activity,email,phone,site,verify;1;;;
4704103391;;"ООО ""ВЫБОРГСКИЙ ВОДОКАНАЛ""";;;;42.21|36.00|37.00|38.11|38.12|41.10|41.20|42.99|43.11|43.12|43.12.1|43.12.3|43.21|43.22|43.31|43.32|43.33|43.34|43.39|43.91|43.99|43.99.7|43.99.9|49.41.1|49.41.2|68.20|71.12.13|74.90|77.11|77.29|77.32|77.39.11|81.29|96.09;;188800, Ленинградская область, Выборгский район, г. Выборг, ул. Куйбышева, д. 10, помещ. 34;Действующая компания;;223600000.0;223,6 млн руб.;5;39;Промышленные компрессоры от 200 000 ₽ | Генераторы кислорода | МКС — мобильные компрессорные станции | МКС — модульные или блочно-компрессорные станции;;;;;;;;;;;;;;;1;;;
7604391776;"ОБЩЕСТВО С ОГРАНИЧЕННОЙ ОТВЕТСТВЕННОСТЬЮ ""РОНМИ""";"ООО ""РОНМИ""";kc;;37.00 Сбор и обработка сточных вод;37.00|26.11.3|26.51.7|27.12|27.90|33.14|33.20|38.11|38.12|43.21|43.29|45.20|45.31|46.90|62.01|62.02|81.29;Ярославль;150001, Ярославская область, г. о. город Ярославль, г. Ярославль, ул. Малая Пролетарская, д. 38А, помещ. 7;Действующая компания;Захряпина Анна Васильевна;211700000.0;211,7 млн руб.;4;4;Генераторы кислорода;;;0;;;;;[];;;;;;site_cand;1;;;
1902025326;"ОБЩЕСТВО С ОГРАНИЧЕННОЙ ОТВЕТСТВЕННОСТЬЮ ""САЯНОГОРСКИЕ КОММУНАЛЬНЫЕ СИСТЕМЫ""";"ООО ""СКС""";kc;;37.00 Сбор и обработка сточных вод;37.00|35.30.3|35.30.5|36.00.1|35.30.4|43.22|96.09.9|35.3|42.21;Саяногорск;655603, Республика Хакасия, г. Саяногорск, ул. Индустриальная, д. 1В, стр. 1, кабинет 202;Действующая компания;Машуков Максим Викторович;211700000.0;211,7 млн руб.;4;25;Промышленные компрессоры от 200 000 ₽ | Генераторы кислорода | МКС — мобильные компрессорные станции | МКС — модульные или блочно-компрессорные станции;sksooo.ru;Забор и очистка воды для питьевых и промышленных нужд;0;inn;trade@eurosib-td.ru;trade@eurosib-td.ru|снабжение/закупки|;1;"[""8 (39042) 28241"", ""8 (39042) 23763"", ""8 (39042) 28468"", ""8 (39042) 28181""]";;;;;;activity,email,phone,site,verify;1;;;
4803010370;;"МУП ""ДАНКОВСКИЙ ВОДОКАНАЛ""";;;;37.00|36.00.2|36.00|35.30;;399853, Липецкая область, м. о. Данковский, г. Данков, ул. Коммунальная, д. 21А;Действующая компания;;206000000.0;206 млн руб.;4;13;Промышленные компрессоры от 200 000 ₽ | Генераторы кислорода | МКС — модульные или блочно-компрессорные станции;;;;;;;;;;;;;;;1;;;
2208052474;;"ООО ""НОВОАЛТАЙСКВОДОКАНАЛ""";;;;37.00|36.00.2|42.21|43.99.9|35.30.14|35.30.2|42.22.1|42.22.2|43.99;;658084, Алтайский край, г. Новоалтайск, ул. Вагоностроительная, д. 5, кабинет 6;Действующая компания;Бастрыкин Валерий Васильевич;203300000.0;203,3 млн руб.;4;33;Промышленные компрессоры от 200 000 ₽ | Генераторы кислорода | МКС — мобильные компрессорные станции | МКС — модульные или блочно-компрессорные станции;;;;;;;;;;;;;;;1;;;
9001012968;"МУНИЦИПАЛЬНОЕ УНИТАРНОЕ ПРЕДПРИЯТИЕ ""ВОДОКАНАЛ-МЕЛИТОПОЛЬ""";"МУП ""ВОДОКАНАЛ-МЕЛИТОПОЛЬ""";kc;;36.00 Забор, очистка и распределение воды;36.00|33.14|37.00|38.11|38.21|42.21|42.91|43.12.3|43.21|43.22|43.99.1|46.49|46.73.3|46.73.6|46.74|46.74.2|46.76|46.90|47.52.5|47.59.9|47.91|49.41|49.50|71.12|71.12.11|71.12.5|71.12.53|71.12.6|71.20|71.20.1|71.20.3|77.39.11;Мелитополь;272312, Запорожская область, г. о. Мелитополь, г. Мелитополь, ул. Луначарского, д. 100;;;202900000.0;202,9 млн руб.;5;56;Промышленные компрессоры от 200 000 ₽ | Генераторы азота | Генераторы кислорода | МКС — мобильные компрессорные станции | МКС — модульные или блочно-компрессорные станции;;неизвестно;0;mismatch;;;;[];;;;;;activity;1;;;
3526000898;;"МУП ""ВОДОКАНАЛ"" Г. ВЕЛИКИЙ УСТЮГ";;;;37.00|36.00.2|36.00|41.2|41.20|42.21|42.22.2|42.99|43.11|43.12|43.12.1|43.12.3|43.2|43.21|43.22|43.29|43.3|43.31|43.32|43.33|43.34|43.34.1|43.34.2|43.39|43.91|43.99|43.99.1|43.99.3|43.99.4|43.99.5|43.99.6|43.99.7|43.99.9|49.41|49.41.1|71.11.1|71.12|71.20;;162394, Вологодская область, м. о. Великоустюгский, г. Великий Устюг, ул. Кирова, д. 106;Действующая компания;Машутинский Александр Савватиевич;201600000.0;201,6 млн руб.;4;36;Промышленные компрессоры от 200 000 ₽ | Генераторы азота | Генераторы кислорода | МКС — мобильные компрессорные станции | МКС — модульные или блочно-компрессорные станции;;;;;;;;;;;;;;;1;;;
6676001656;"МУНИЦИПАЛЬНОЕ УНИТАРНОЕ ПРЕДПРИЯТИЕ ГОРОДСКОГО ОКРУГА ""ГОРОД ИРБИТ"" СВЕРДЛОВСКОЙ ОБЛАСТИ ""ВОДОКАНАЛ-СЕРВИС""";"МУП ГО ГОРОД ИРБИТ ""ВОДОКАНАЛ-СЕРВИС""";kc;;37.00 Сбор и обработка сточных вод;37.00|36.00|36.00.1|43.22|96.09|49.4|41.20;Ирбит;623850, Свердловская область, г. Ирбит, ул. Орджоникидзе, д. 59;Действующая компания;;196400000.0;196,4 млн руб.;4;10;Промышленные компрессоры от 200 000 ₽ | Генераторы кислорода;;;0;;;;;;;;;;;site_cand;1;;;
6915000208;;"ГУП ""ВОДОКАНАЛ""";;;;37.00|71.12.53|68.20.29|35.30|36.00.1|43.22|43.99.9|36.00.2;;172008, Тверская область, г. Торжок, ул. Водопойная, д. 10;Действующая компания;;194200000.0;194,2 млн руб.;4;21;Промышленные компрессоры от 200 000 ₽ | Генераторы кислорода | МКС — мобильные компрессорные станции | МКС — модульные или блочно-компрессорные станции;;;;;;;;;;;;;;;1;;;
1216020386;;"АО ""ВОДОКАНАЛ""";;;;37.00|36.00.1|42.21|49.41.1|64.19|36.00|36.00.2|41.2|41.20|42.22.1|42.22.2|43.22;;425000, Республика Марий Эл, г. Волжск, ул. Строительная, д. 11;Действующая компания;Кучеров Андрей Викторович;193200000.0;193,2 млн руб.;4;22;Промышленные компрессоры от 200 000 ₽ | Генераторы кислорода | МКС — мобильные компрессорные станции | МКС — модульные или блочно-компрессорные станции;;;;;;;;;;;;;;;1;;;
4502000763;;"МП ""ВОДОКАНАЛ""";;;;37.00|42.21|41.20|42.22.2|43.29|36.00.2|82.99|71.20.1;;641882, Курганская область, г. Шадринск, ул. Луначарского, д. 42;Действующая компания;Савин Александр Юрьевич;180100000.0;180,1 млн руб.;4;24;Промышленные компрессоры от 200 000 ₽ | Генераторы азота | Генераторы кислорода | МКС — мобильные компрессорные станции | МКС — модульные или блочно-компрессорные станции;;;;;;;;;;;;;;;1;;;
0917035935;;"ООО ""ВОДОКАНАЛ""";;;;42.21|36.00.2|37.00|43.22|46.12.1|46.71|47.30|47.30.11|66.19|71.12.45|71.12.53|71.20|71.20.1|71.20.3|77.11|77.32|77.39.11|82.99;;369000, Карачаево-Черкесская Республика, г. Черкесск, ул. Пятигорское Шоссе, зд. 13Д;Действующая компания;;179400000.0;179,4 млн руб.;5;29;Промышленные компрессоры от 200 000 ₽ | Генераторы азота | Генераторы кислорода | МКС — мобильные компрессорные станции | МКС — модульные или блочно-компрессорные станции;;;;;;;;;;;;;;;1;;;
2420008126;;"ООО ""ВОДООТВЕДЕНИЕ""";;;;37.00|16.10|36.00|42.21|42.99|43.11|43.12|43.12.3|43.21|43.22|43.29|43.31|43.32|43.33|43.34|43.39|43.91|43.99|43.99.1|43.99.4|43.99.6|43.99.7|47.99.3|68.32.1;;663491, Красноярский край, м. о. Кежемский, г. Кодинск, ул. 4-я Коммунальная, зд. 10;Действующая компания;Токунов Юрий Николаевич;174400000.0;174,4 млн руб.;4;34;Промышленные компрессоры от 200 000 ₽ | Генераторы кислорода | МКС — мобильные компрессорные станции | МКС — модульные или блочно-компрессорные станции;;;;;;;;;;;;;;;1;;;
3651006819;;"МУП ""АКВАСЕРВИС""";;;;37.00|36.00.2|45.20.3|96.04|38.1|38.2|41.20|42.11|42.12|42.21|42.22.2|43.12.3|43.2|43.22|43.29|43.91|43.99.3|43.99.4|43.99.5|43.99.7|45.20.1|52.21.23|52.21.24|71.1|71.12.5|71.12.6;;396070, Воронежская область, г. Нововоронеж, ул. Вокзальная, д. 14;Действующая компания;Попов Сергей Николаевич;169200000.0;169,2 млн руб.;4;41;Промышленные компрессоры от 200 000 ₽ | Генераторы кислорода | МКС — мобильные компрессорные станции | МКС — модульные или блочно-компрессорные станции;;;;;;;;;;;;;;;1;;;
7610137707;;"ООО ""ВОДОСНАБЖЕНИЕ""";;;;36.00|02.20|36.00.1|36.00.2|37.00|38.11|39.00|41.20|42.11|42.21|42.99|43.11|43.12.1|43.12.3|43.34.1;;152300, Ярославская область, м. о. Тутаевский, г. Тутаев, ул. Моторостроителей, зд. 57А, помещ. 35;;Галактионова Елена Анатольевна;167700000.0;167,7 млн руб.;4;30;Промышленные компрессоры от 200 000 ₽ | Генераторы кислорода | МКС — мобильные компрессорные станции | МКС — модульные или блочно-компрессорные станции;;;;;;;;;;;;;;;1;;;
6633022877;;"МУП ""ВОДОКАНАЛ""";;;;36.00|16.23|33.12|35.30.4|35.30.5|37.00|41.20|42.21|42.22.2|43.22|43.99.1|43.99.9|45.20.2|49.4|52.29|71.20;;623530, Свердловская область, Богдановичский район, г. Богданович, ул. Мира, д. 11;Действующая компания;;158500000.0;158,5 млн руб.;4;38;Промышленные компрессоры от 200 000 ₽ | Генераторы азота | Генераторы кислорода | МКС — мобильные компрессорные станции | МКС — модульные или блочно-компрессорные станции;;;;;;;;;;;;;;;1;;;
4811026470;;"МУП ""ЛЕБЕДЯНСКИЙ ВОДОКАНАЛ""";;;;37.00|36.00.1|43.29|11.07.1|33.11|33.12|33.14|36.00|41.20|42.21|43.99|46.69.2|46.69.5|46.74.2|47.59.9|49.20.1|49.41|52.10|52.29|66.19|71.20;;399610, Липецкая область, м. о. Лебедянский, г. Лебедянь, ул. Воронежская, д. 18;Действующая компания;Тушев Владимир Алексеевич;158500000.0;158,5 млн руб.;4;50;Промышленные компрессоры от 200 000 ₽ | Фотосепараторы | Рентген-детекторы и рентген-инспекционные системы | Генераторы азота | Генераторы кислорода | МКС — мобильные компрессорные станции | МКС — модульные или блочно-компрессорные станции;;;;;;;;;;;;;;;1;;;
6670290930;;"АО ""ВОДОКАНАЛ СВЕРДЛОВСКОЙ ОБЛАСТИ""";;;;37.00|36.00.1|71.12.2|20.59.5|35.30|36.00|41.2|43.2|46.12.31|46.75.2|47.78.9|49.3|49.4|64.99|70.22|71.1|71.12|71.12.5|71.12.6|72.19|73.11|80.10|80.20|80.30;;620026, Свердловская область, г. Екатеринбург, ул. Белинского, д. 76, оф. 310;Действующая компания;;156900000.0;156,9 млн руб.;4;15;Промышленные компрессоры от 200 000 ₽ | Генераторы азота | Генераторы кислорода | МКС — модульные или блочно-компрессорные станции;;;;;;;;;;;;;;;1;;;
7224052287;;"ООО ""ВОДОПРОВОД""";;;;42.21|09.10|33.12|33.13|33.14|33.20|35.30.4|35.30.5|41.20|42.11|42.22.2|42.91|42.99|43.11|43.12.3|43.13|43.21|43.22|43.29|43.31|43.32|43.33|43.91|43.99|43.99.1|45.1|45.20|45.3|45.40|46.61|46.69.1|46.69.2|46.69.3|47.30|49.3|49.31|49.32|49.4|52.10|52.21.2|52.21.21|52.21.23|52.21.24|52.24|52.29|53.20.3|71.1|71.12.5|71.12.6|71.20.3|71.20.4|71.20.5|77.11|77.31|77.32|77.33|77.39.11|77.39.21|77.39.23|77.39.24|77.39.25|77.39.29|85.42.1;;625025, Тюменская область, г. Тюмень, ул. Анатолия Секисова, д. 1А;Действующая компания;Микаелян Вардан Володяевич;156400000.0;156,4 млн руб.;5;55;Промышленные компрессоры от 200 000 ₽ | Фотосепараторы | Генераторы азота | МКС — мобильные компрессорные станции | МКС — модульные или блочно-компрессорные станции;;;;;;;;;;;;;;;1;;;
3602007640;;"ООО ""ВОДОКАНАЛ""";;;;36.00|37.00|71.12.6|42.21|96.09;;397700, Воронежская область, Бобровский район, г. Бобров, ул. Авдеева, д. 58;Действующая компания;;152000000.0;152 млн руб.;4;22;Промышленные компрессоры от 200 000 ₽ | Генераторы кислорода | МКС — мобильные компрессорные станции | МКС — модульные или блочно-компрессорные станции;;;;;;;;;;;;;;;1;;;
3911000145;;"МП ПУ ""ВОДОКАНАЛ""";;;;37.00|36.00.2;;238758, Калининградская область, г. Советск, ул. Некрасова, д. 4;Действующая компания;Демидов Дмитрий Владимирович;151600000.0;151,6 млн руб.;4;10;Промышленные компрессоры от 200 000 ₽ | Генераторы кислорода;;;;;;;;;;;;;;;1;;;
2901105838;;"ООО ""ЧИСТАЯ ВОДА""";;;;20.13|52.29|68.32.2;;163045, Архангельская область, г. Архангельск, Талажское шоссе, д. 23;Действующая компания;;147000000.0;147 млн руб.;5;21;Генераторы азота | Генераторы кислорода | МКС — мобильные компрессорные станции;;;;;;;;;;;;;;;1;;;
3902801741;;"ОАО ""ГУСЕВ-ВОДОКАНАЛ""";;;;37.00|41.20|36.00.2|43.22|36.00.1;;238050, Калининградская область, Гусевский район, г. Гусев, ул. Железнодорожная, д. 46;Действующая компания;;135600000.0;135,6 млн руб.;4;10;Промышленные компрессоры от 200 000 ₽ | Генераторы кислорода;;;;;;;;;;;;;;;1;;;
2801185879;;"ООО ""АМУРСКАЯ ВОДА""";;;;11.07|47.19|47.11|49.41|52.29|46.39|46.4|77.12|46.34.1|68.20;;675002, Амурская область, г. Благовещенск, ул. Амурская, д. 17;Действующая компания;Царевский Константин Викторович;135100000.0;135,1 млн руб.;4;14;Рентген-детекторы и рентген-инспекционные системы | МКС — мобильные компрессорные станции;;;;;;;;;;;;;;;1;;;
9002008481;;"МУП ""БЕРДЯНСКВОДОКАНАЛ""";;;;36.00|37.00|38.21|42.21|43.13|43.22|43.99.4|46.69.7|46.90|47.19|47.59.9|49.41|49.42|68.20|71.11|71.12|71.20|74.90|82.99;;271112, Запорожская область, г. о. Бердянск, г. Бердянск, пр-кт Пролетарский, д. 97;Действующая компания;;131100000.0;131,1 млн руб.;4;36;Промышленные компрессоры от 200 000 ₽ | Генераторы азота | Генераторы кислорода | МКС — мобильные компрессорные станции | МКС — модульные или блочно-компрессорные станции;;;;;;;;;;;;;;;1;;;
3818018814;;"ООО ""УК ВОДОКАНАЛ-СЕРВИС""";;;;36.00|37.00|38.1|38.2|42.21|42.22.1|42.22.2|43.12.3|43.21|43.22|49.5|68.3|68.31.11|68.31.12|68.31.21|68.31.22|68.31.31|68.31.32|68.31.41|68.31.42|68.32|68.32.1|68.32.2|81.29.9|82.99;;666788, Иркутская область, м. р-н Усть-Кутский, г. п. Усть-Кутское, г. Усть-Кут, ул. Луговая, стр. 23Б/3;Действующая компания;;129500000.0;129,5 млн руб.;5;41;Промышленные компрессоры от 200 000 ₽ | Генераторы кислорода | МКС — мобильные компрессорные станции | МКС — модульные или блочно-компрессорные станции;;;;;;;;;;;;;;;1;;;
2502067683;;"ООО ""ВОДОКАНАЛ АРСЕНЬЕВ""";;;;36.00|36.00.2;;692337, Приморский край, г. о. Арсеньевский, г. Арсеньев, ул. Таежная, д. 1, офис 1;Действующая компания;Епишев Алексей Юрьевич;126400000.0;126,4 млн руб.;3;6;Промышленные компрессоры от 200 000 ₽ | Генераторы кислорода;;;;;;;;;;;;;;;1;;;
4205065493;;"ООО ""ЧИСТАЯ ВОДА""";;;;11.07|28.93|43.31|43.32|43.33|43.34.1|43.39|43.99|43.99.6|46.34.1|46.66|47.25.2|47.91.2|47.91.3|47.91.4|58.13|68.10.22|68.10.23|68.20.2|68.31.1|68.31.11|68.31.21|68.31.31|68.31.41|68.32;;650070, Кемеровская область - Кузбасс, г. Кемерово, ул. Тухачевского, д. 27А;Действующая компания;Федотов Сергей Сергеевич;126100000.0;126,1 млн руб.;4;19;Промышленные компрессоры от 200 000 ₽ | Рентген-детекторы и рентген-инспекционные системы | МКС — мобильные компрессорные станции;;;;;;;;;;;;;;;1;;;
4307017925;;"ООО ""ВОДООТВЕДЕНИЕ""";;;;37.00|38.1|38.2|43.99|49.41.3|68.20|68.20.2|68.31.1|68.31.2|68.31.3|68.31.4|68.31.5|71.12.13|71.12.53|71.12.55|71.20.1;;612961, Кировская область, г. о. город Вятские Поляны, г. Вятские Поляны, ул. Ленина, д. 76, офис 203;Действующая компания;Гладышев Сергей Михайлович;123900000.0;123,9 млн руб.;4;14;Промышленные компрессоры от 200 000 ₽ | Генераторы азота | Генераторы кислорода | МКС — мобильные компрессорные станции;;;;;;;;;;;;;;;1;;;
3446002106;;"МУП ""ГОРВОДОКАНАЛ Г. ВОЛГОГРАДА""";;;;37.00|36.00.2|68.20.29|35.13|36.0|37.0|42.21|42.22.1|42.22.2|43.22;;400012, Волгоградская область, г. о. Город-Герой Волгоград, г. Волгоград, ул. Днестровская, д. 75;Действующая компания;Мороз Богдан Андреевич;115200000.0;115,2 млн руб.;4;26;Промышленные компрессоры от 200 000 ₽ | Генераторы кислорода | МКС — мобильные компрессорные станции | МКС — модульные или блочно-компрессорные станции;;;;;;;;;;;;;;;1;;;
7810447343;;"ООО ""СПБ ВОДА""";;;;36.00|35.11|35.30|35.13|71.11.1;;196240, г. Санкт-Петербург, 4-й Предпортовый проезд, д. 5, литер А, помещ. 2-Н, офис 208, 210;Действующая компания;Красавин Максим Владимирович;114600000.0;114,6 млн руб.;4;13;Промышленные компрессоры от 200 000 ₽ | Генераторы кислорода | МКС — модульные или блочно-компрессорные станции;;;;;;;;;;;;;;;1;;;
9001004798;;"МУП ГОЭ ""ТЕПЛОВОДОКАНАЛ""";;;;35.30|36.00.1|37.00;;271502, Запорожская область, г. о. Энергодар, г. Энергодар, ул. Курчатова, д. 1;Действующая компания;Будков Виталий Владимирович;113200000.0;113,2 млн руб.;4;13;Промышленные компрессоры от 200 000 ₽ | Генераторы кислорода | МКС — модульные или блочно-компрессорные станции;;;;;;;;;;;;;;;1;;;
2347001036;;"МУП ""ВОДОКАНАЛ""";;;;37.00|36.00.1|36.00.2|42.21|42.22.1;;353865, Краснодарский край, Приморско-Ахтарский район, г. Приморско-Ахтарск, ул. 4-Го Ахтарского Полка, д. 96;Действующая компания;;112900000.0;112,9 млн руб.;4;22;Промышленные компрессоры от 200 000 ₽ | Генераторы кислорода | МКС — мобильные компрессорные станции | МКС — модульные или блочно-компрессорные станции;;;;;;;;;;;;;;;1;;;
4706033654;;"ООО ""ВОДОКАНАЛ ОТРАДНЕНСКОГО Г.П.""";;;;36.0|37.0;;187332, Ленинградская область, Кировский район, г. Отрадное, Ленинградское шоссе, д. 1, стр. 3;Действующая компания;;112400000.0;112,4 млн руб.;4;10;Промышленные компрессоры от 200 000 ₽ | Генераторы кислорода;;;;;;;;;;;;;;;1;;;
6682001206;;"МУП ""НЕВЬЯНСКИЙ ВОДОКАНАЛ"" НМО";;;;37.00|43.22|37.0|36.00.2|36.00|42.21;;624192, Свердловская область, Невьянский район, г. Невьянск, ул. Крылова, д. 5;Действующая компания;Воробьев Сергей Александрович;110900000.0;110,9 млн руб.;4;22;Промышленные компрессоры от 200 000 ₽ | Генераторы кислорода | МКС — мобильные компрессорные станции | МКС — модульные или блочно-компрессорные станции;;;;;;;;;;;;;;;1;;;
3321014709;;"ООО ""ВОДОКАНАЛ ГОРОДА ПОКРОВ""";;;;37.00|43.22|42.21|36.00|43.12.3;;601120, Владимирская область, Петушинский район, г. Покров, ул. 3 Интернационала, д. 35, кв.;Действующая компания;;106400000.0;106,4 млн руб.;4;26;Промышленные компрессоры от 200 000 ₽ | Генераторы кислорода | МКС — мобильные компрессорные станции | МКС — модульные или блочно-компрессорные станции;;;;;;;;;;;;;;;1;;;
2311303033;;"ООО ""ВОДОКАНАЛ ЮГ""";;;;36.00;;350087, Краснодарский край, г. о. город Краснодар, г. Краснодар, ул. им. Петра Метальникова, д. 42, помещ. 124;Действующая компания;Григорьев Максим Георгиевич;106000000.0;106 млн руб.;3;6;Промышленные компрессоры от 200 000 ₽ | Генераторы кислорода;;;;;;;;;;;;;;;1;;;
4703137398;;"ООО ""ВОДОКАНАЛ""";;;;36.00|35.30.1|35.30.14|35.30.2|35.30.4|35.30.5|36.00.1|36.00.2|37.0|37.00|42.21|42.22.2;;188684, Ленинградская область, м. р-н Всеволожский, г. п. Дубровское, гп. Невская Дубровка, ул. Советская, д. 6;Действующая компания;Кашин Сергей Владимирович;103400000.0;103,4 млн руб.;4;25;Промышленные компрессоры от 200 000 ₽ | Генераторы кислорода | МКС — мобильные компрессорные станции | МКС — модульные или блочно-компрессорные станции;;;;;;;;;;;;;;;1;;;
5606005084;;"ООО ""ВОДОСНАБЖЕНИЕ""";;;;36.00|37.00|68.32.1|41.20|81.29.9;;462281, Оренбургская область, г. о. город Медногорск, г. Медногорск, ул. Кирова, д. 2;Действующая компания;Карташов Виктор Евгеньевич;103300000.0;103,3 млн руб.;4;10;Промышленные компрессоры от 200 000 ₽ | Генераторы кислорода;;;;;;;;;;;;;;;1;;;
6679127872;;"ООО ""ЧИСТАЯ ВОДА""";;;;36.00|36.00.1|37.00|36.00.2;;620902, Свердловская область, г. Екатеринбург, с. Горный Щит, ул. Садовая, д. 2;Действующая компания;Дороничев Александр Михайлович;102800000.0;102,8 млн руб.;4;10;Промышленные компрессоры от 200 000 ₽ | Генераторы кислорода;;;;;;;;;;;;;;;1;;;
2348031315;;"ООО ""ТРАНС-ВОДОКАНАЛ""";;;;36.00|36.00.1|36.00.2|33.13|42.21|43.99.3|37.00;;353236, Краснодарский край, Северский район, пгт Афипский, ул. Пушкина, д. 140;Действующая компания;;102500000.0;102,5 млн руб.;4;30;Промышленные компрессоры от 200 000 ₽ | Генераторы кислорода | МКС — мобильные компрессорные станции | МКС — модульные или блочно-компрессорные станции;;;;;;;;;;;;;;;1;;;
0706002881;;"ООО ""ЖИВАЯ ВОДА""";;;;11.07|11.07.1|11.07.2|13.1|13.20.3|13.20.4|13.3|13.9|13.92|13.99.9|14.19|46.34.1|46.4|46.41|46.41.2|46.64|46.76.2|47.25.2|47.51|47.53.2;;361810, Кабардино-Балкарская Республика, Черекский район, с. Бабугент, ул. Мечиева, д. 48;Действующая компания;;101900000.0;101,9 млн руб.;4;11;Рентген-детекторы и рентген-инспекционные системы;;;;;;;;;;;;;;;1;;;
7816727192;;"ООО ""ПК ТВОЯ ВОДА""";;;;11.07|20.59.4|22.29.2|22.29.9|45.31|45.32|46.33|46.34.1|46.39|47.25.2|47.30.2|49.41.1|49.41.2|49.41.3|52.29;;192102, г. Санкт-Петербург, вн. тер. г. муниципальный округ Волковское, ул. Салова, д. 56, литера О, помещ. 5-Н (комн. 23);Действующая компания;;100400000.0;100,4 млн руб.;4;14;Рентген-детекторы и рентген-инспекционные системы | МКС — мобильные компрессорные станции;;;;;;;;;;;;;;;1;;;
0318034587;;"ООО ""ГОРВОДОКАНАЛ""";;;;36.00|71.12|43.12.3|37.00|43.11|43.21;;671160, Республика Бурятия, Селенгинский район, г. Гусиноозерск, мкр 2-й, зд. 6А, помещ. 2-17;Действующая компания;Вяткин Вячеслав Витальевич;99800000.0;99,8 млн руб.;4;14;Промышленные компрессоры от 200 000 ₽ | Генераторы кислорода;;;;;;;;;;;;;;;1;;;
7610144006;;"ООО ""ЭКОВОДА""";;;;36.00|36.00.1|36.00.2|02.20|38.11|43.34.1|39.00|37.00;;152303, Ярославская область, м. о. Тутаевский, г. Тутаев, пр-кт 50-Летия Победы, зд. 14А;Действующая компания;Галактионова Елена Анатольевна;99500000.0;99,5 млн руб.;4;10;Промышленные компрессоры от 200 000 ₽ | Генераторы кислорода;;;;;;;;;;;;;;;1;;;
3913502398;;"АО ""СВЕТЛОВСКИЙ ВОДОКАНАЛ""";;;;37.00|36.00.2|23.61|42.21|42.22.1|42.22.2|46.77|49.41.1|52.29|68.20.2|71.11.1;;238340, Калининградская область, г. Светлый, ул. Советская, д. 47;Действующая компания;;98900000.0;98,9 млн руб.;4;25;Промышленные компрессоры от 200 000 ₽ | Генераторы кислорода | МКС — мобильные компрессорные станции | МКС — модульные или блочно-компрессорные станции;;;;;;;;;;;;;;;1;;;
2531012777;;"МУП ""СЛАВЯНКА-ВОДОКАНАЛ""";;;;37.00|36.00.1|81.29.9|35.30|36.00|41.20|43.12|43.21|43.22|43.31|43.32|43.34|49.31|49.39|49.41|52.21|55.20|56.29|63.11.1|68.20|81.21|81.22|81.29|93.21|93.29|96.03|96.04;;692701, Приморский край, м. о. Хасанский, пгт Славянка, ул. Дружбы, д. 24, помещ. 10-22;Действующая компания;Терёшкина Евгения Владимировна;98000000.0;98 млн руб.;4;20;Промышленные компрессоры от 200 000 ₽ | Генераторы кислорода | МКС — мобильные компрессорные станции | МКС — модульные или блочно-компрессорные станции;;;;;;;;;;;;;;;1;;;
2303026146;;"ООО ""ВОДООТВЕДЕНИЕ""";;;;37.00|23.31|23.61|23.63|23.69|25.11|33.12|33.14|33.20|36.00.2|38.32.5|42.21|42.22.1|42.22.2|42.99|43.12.3|43.21|43.22|43.29|43.31|43.33|43.34|43.39|43.99.1|43.99.5|43.99.6|43.99.7|46.90|47.9|71.12.45|71.20.1|81.29.9|82.99|85.42.9;;352636, Краснодарский край, Белореченский район, г. Белореченск, ул. Пролетарская, д. 220;Действующая компания;Муратов Сергей Феликсович;97500000.0;97,5 млн руб.;4;45;Промышленные компрессоры от 200 000 ₽ | Фотосепараторы | Генераторы азота | Генераторы кислорода | МКС — мобильные компрессорные станции | МКС — модульные или блочно-компрессорные станции;;;;;;;;;;;;;;;1;;;
3309011050;;"МУМП ""ВОДОСНАБЖЕНИЕ"" Г.СОБИНКА";;;;37.00|36.00.2|42.21|36.00.1|38.1|38.2|43.22|77.3;;601204, Владимирская область, м. о. Собинский, г. Собинка, пр-кт Рабочий, д. 9;;Двуглазов Андрей Владимирович;97300000.0;97,3 млн руб.;5;27;Промышленные компрессоры от 200 000 ₽ | Генераторы кислорода | МКС — мобильные компрессорные станции | МКС — модульные или блочно-компрессорные станции;;;;;;;;;;;;;;;1;;;
2420008140;;"ООО ""ВОДОСНАБЖЕНИЕ""";;;;36.00|36.00.2|37.00|38.1|42.21|42.99|43.12|43.12.3|43.21|43.22|43.29|43.31|43.32|43.33|43.34|43.99.4|43.99.6|43.99.7|62.02|63.11|68.32.1|68.32.2|69.10|69.20|70.22|78.30|81.29.9|82.11|82.99;;663491, Красноярский край, м. о. Кежемский, г. Кодинск, ул. 4-я Коммунальная, зд. 10;Действующая компания;Машковская Оксана Сергеевна;96600000.0;96,6 млн руб.;4;34;Промышленные компрессоры от 200 000 ₽ | Генераторы кислорода | МКС — мобильные компрессорные станции | МКС — модульные или блочно-компрессорные станции;;;;;;;;;;;;;;;1;;;
5015011318;;"ООО ""ЗВЕНИГОРОДСКИЙ ГОРОДСКОЙ ВОДОКАНАЛ""";;;;36.00|36.00.1|37.00|36.00.2;;143185, Московская область, г. Одинцово, г. Звенигород, мкр Супонево, корп. 11, офис 4;Действующая компания;;96600000.0;96,6 млн руб.;4;10;Промышленные компрессоры от 200 000 ₽ | Генераторы кислорода;;;;;;;;;;;;;;;1;;;
2333011443;;"ООО ""ВОДОКАНАЛ""";;;;36.00|23.41|23.65|35.30.14|35.30.2|35.30.3|35.30.4|35.30.5|37.00|38.1|38.2|41.20|42.21|42.22.1|42.22.2|42.99|43.11|43.12.1|43.12.3|43.21|43.22|43.29|43.3|43.91|43.99|43.99.1|43.99.7|47.1|47.9|68.32.1|68.32.2|81.29.9|82.99;;353780, Краснодарский край, Калининский район, ст-ца Калининская, ул. Заречная, д. 15А;Действующая компания;Полторацкий Владимир Александрович;95600000.0;95,6 млн руб.;4;37;Промышленные компрессоры от 200 000 ₽ | Генераторы кислорода | МКС — мобильные компрессорные станции | МКС — модульные или блочно-компрессорные станции;;;;;;;;;;;;;;;1;;;
0245015565;;"ООО ""ЧИСТАЯ ВОДА ""КРИСТАЛЬНАЯ""";;;;11.07|46.34.1|46.90|46.12|47.59.9|78.20|47.25.2;;450520, Республика Башкортостан, м. р-н Уфимский, с. п. Зубовский Сельсовет, тер. Кузнецовский Родник, зд. 17;Действующая компания;Хажиахметова Олеся Владимировна;95000000.0;95 млн руб.;4;11;Рентген-детекторы и рентген-инспекционные системы;;;;;;;;;;;;;;;1;;;
1006012011;;"ООО ""ПКХ ""ВОДООТВЕДЕНИЕ""";;;;37.00|43.22|42.22.2|41.20|42.21|43.12.3;;186420, Республика Карелия, Сегежский район, г. Сегежа, ул. Мира, д. 14;Действующая компания;Тихомирова Наталья Владимировна;92000000.0;92 млн руб.;4;20;Промышленные компрессоры от 200 000 ₽ | Генераторы кислорода | МКС — мобильные компрессорные станции | МКС — модульные или блочно-компрессорные станции;;;;;;;;;;;;;;;1;;;
6633029600;;"МУП ""ВОДОСНАБЖАЮЩАЯ КОМПАНИЯ""";;;;37.00|36.00.1|36.00.2;;624866, Свердловская область, г. о. Камышловский, г. Камышлов, ул. Заводская, зд. 15;Действующая компания;Лопатин Роман Олегович;90800000.0;90,8 млн руб.;4;10;Промышленные компрессоры от 200 000 ₽ | Генераторы кислорода;;;;;;;;;;;;;;;1;;;
3851997853;;"ООО УК ""ВОДОКАНАЛ""";;;;36.00|37.00;;665420, Иркутская область, г. Свирск, ул. Лермонтова, д. 1, кв. 2;Действующая компания;;90700000.0;90,7 млн руб.;4;10;Промышленные компрессоры от 200 000 ₽ | Генераторы кислорода;;;;;;;;;;;;;;;1;;;
5239010720;;"МУП ""ВОДОКАНАЛ""";;;;37.00|36.00.1|49.41.1|35.30.14|35.22;;606910, Нижегородская область, г. Шахунья, ул. Советская, д. 100;Действующая компания;Черных Сергей Васильевич;89700000.0;89,7 млн руб.;5;18;Промышленные компрессоры от 200 000 ₽ | Генераторы кислорода | МКС — модульные или блочно-компрессорные станции;;;;;;;;;;;;;;;1;;;
6686140730;;"МУП ""СРЕДНЕУРАЛЬСКОЕ ВОДОПРОВОДНО-КАНАЛИЗАЦИОННОЕ ХОЗЯЙСТВО""";;;;37.00|36.00.1|36.00|36.00.2;;624071, Свердловская область, м. о. Среднеуральск, г. Среднеуральск, ул. Бахтеева, д. 10А;Действующая компания;Вострецов Владислав Александрович;89600000.0;89,6 млн руб.;4;10;Промышленные компрессоры от 200 000 ₽ | Генераторы кислорода;;;;;;;;;;;;;;;1;;;
7116148930;;"ООО СК ""ВОДОКАНАЛ""";;;;43.99|17.22|17.29|41.20|42.11|42.91|42.99|43.11|43.12.3|43.13|43.21|43.22|43.29|43.31|43.32|43.33|43.34|43.39|43.91|43.99.1|46.73|46.74|47.52|49.41|49.41.1|49.41.2|49.41.3;;301651, Тульская область, Новомосковский район, г. Новомосковск, ул. Связи, д. 1;Действующая компания;Петросян Карен Спартакович;89000000.0;89 млн руб.;4;16;Промышленные компрессоры от 200 000 ₽ | МКС — мобильные компрессорные станции;;;;;;;;;;;;;;;1;;;
2303026121;;"ООО ""ВОДОПРОВОД""";;;;36.00|23.31|23.61|23.63|23.69|25.11|33.12|33.14|33.20|42.21|42.22.1|42.22.2|42.99|43.12.3|43.12.4|43.21|43.22|43.29|43.31|43.32|43.33|43.34.1|43.34.2|43.39|43.99.1|43.99.5|43.99.6|43.99.7|46.90|47.19|71.12.45|71.20.1|82.99|85.42.9;;352636, Краснодарский край, Белореченский район, г. Белореченск, ул. Пролетарская, д. 220;Действующая компания;Мартыненко Виктор Петрович;88600000.0;88,6 млн руб.;4;37;Промышленные компрессоры от 200 000 ₽ | Генераторы азота | Генераторы кислорода | МКС — мобильные компрессорные станции | МКС — модульные или блочно-компрессорные станции;;;;;;;;;;;;;;;1;;;
2458017056;;"МУП ""ВОДОКАНАЛ СНК""";;;;37.00|36.00.2|68.20.1|38.12|38.21|42.21|42.99|43.12.3|43.22|43.99|43.99.1|43.99.4|43.99.9|68.20.2;;662500, Красноярский край, м. о. Сосновоборский, г. Сосновоборск, ул. Солнечная, д. 2;Действующая компания;Федотова Ирина Викторовна;88400000.0;88,4 млн руб.;4;34;Промышленные компрессоры от 200 000 ₽ | Генераторы кислорода | МКС — мобильные компрессорные станции | МКС — модульные или блочно-компрессорные станции;;;;;;;;;;;;;;;1;;;
0271009046;;"ООО ""ЯНАУЛВОДОКАНАЛ"" РБ";;;;36.00|28.14|33.12|36.00.1|36.00.2|37.00|41.20|43.11|43.12.3|43.22|43.99|45.20.2|47.52.5|47.52.7|47.9|49.41.1|49.41.2|49.41.3|68.10.1|68.32|71.11.1|71.20.1|77.32|77.39.2|96.09;;452800, Республика Башкортостан, Янаульский район, г. Янаул, ул. Объездная, д. 17;Действующая компания;Хафизов Ильдар Рамвилевич;85600000.0;85,6 млн руб.;5;29;Промышленные компрессоры от 200 000 ₽ | Генераторы азота | Генераторы кислорода | МКС — мобильные компрессорные станции;;;;;;;;;;;;;;;1;;;
2447013170;;"ООО ""ЕНИСЕЙВОДОКАНАЛ""";;;;36.00|37.00|42.99|42.21;;663148, Красноярский край, м. о. Енисейский, с. Верхнепашино, ул. Обручева, стр. 2;Действующая компания;;83900000.0;83,9 млн руб.;4;22;Промышленные компрессоры от 200 000 ₽ | Генераторы кислорода | МКС — мобильные компрессорные станции | МКС — модульные или блочно-компрессорные станции;;;;;;;;;;;;;;;1;;;
5406737355;;"ООО ""ГОРВОДОКАНАЛ""";;;;36.00|37.00|96.09|82.99;;630083, Новосибирская область, г. Новосибирск, ул. Большевистская, д. 122, кв. 17;Действующая компания;;82800000.0;82,8 млн руб.;4;10;Промышленные компрессоры от 200 000 ₽ | Генераторы кислорода;;;;;;;;;;;;;;;1;;;
1006012029;;"ООО ""ПКХ ""ВОДОСНАБЖЕНИЕ""";;;;36.00|43.22|42.22.2|41.20|42.21|43.12.3;;186420, Республика Карелия, Сегежский район, г. Сегежа, ул. Мира, д. 14;Действующая компания;Тихомирова Наталья Владимировна;82700000.0;82,7 млн руб.;4;22;Промышленные компрессоры от 200 000 ₽ | Генераторы кислорода | МКС — мобильные компрессорные станции | МКС — модульные или блочно-компрессорные станции;;;;;;;;;;;;;;;1;;;
7709961550;;"ООО ""ТД ""ЗАВОДА ЭМАЛИРОВАННЫХ ТРУБ""";;;;25.61|20.30.2|24.10.6|24.20|25.62|25.93|25.94|38.32.2|38.32.3|38.32.4|46.71|46.72|46.77|46.90|52.10|52.24|52.29|68.10|68.20|70.22|71.1|71.12.5|71.12.6|71.20|72.19;;119607, г. Москва, пр-кт Мичуринский, д. 51, эт/пом/ком 1/II/12;Действующая компания;;82000000.0;82 млн руб.;5;55;Промышленные компрессоры от 200 000 ₽ | Фотосепараторы | Генераторы азота | Генераторы кислорода | МКС — мобильные компрессорные станции;;;;;;;;;;;;;;;1;;;
7719456194;;"ООО ""ГОСТВОДА СЕРВИС""";;;;36.00|11.07|28.12|28.13|28.14|33.12|33.20|41.10|41.20|42.22|42.91|42.99|43.99.1|46.17.21|46.18.99|46.34.1|46.49.49|46.69.4|46.69.9|46.90|47.11|47.19|47.25.2|47.78.9|47.81|47.91|47.99.2|71.11|71.12.1|71.12.11|71.12.12|71.12.13|71.12.2|71.12.3|71.12.43|71.12.45;;143900, Московская область, г. о. Балашиха, г. Балашиха, Энтузиастов шоссе, д. 54А, помещ. VI/9;Действующая компания;;81800000.0;81,8 млн руб.;4;37;Промышленные компрессоры от 200 000 ₽ | Рентген-детекторы и рентген-инспекционные системы | Генераторы кислорода | МКС — мобильные компрессорные станции | МКС — модульные или блочно-компрессорные станции;;;;;;;;;;;;;;;1;;;
1609010800;;"ООО ""ВОДОКАНАЛ-СЕРВИС""";;;;36.00|37.00|41.20|43.12.3|43.22|43.3|43.31|43.33|43.34|43.99.1|43.99.6|49.3|96.01|96.02|96.04;;422000, Республика Татарстан, Арский район, г. Арск, ул. Почтовая, д. 9;Действующая компания;Миндубаев Талгат Джавдатович;80100000.0;80,1 млн руб.;4;22;Промышленные компрессоры от 200 000 ₽ | Генераторы кислорода | МКС — мобильные компрессорные станции;;;;;;;;;;;;;;;1;;;
1223000528;;"МУП ""ВОДОКАНАЛ""";;;;37.00|36.00.1|43.99.9|33.12|36.00|42.21|43.22|43.99|49.41|52.21.24|68.20.2|71.20.1|71.20.5;;425354, Республика Марий Эл, г. Козьмодемьянск, ул. Советская, д. 145;Действующая компания;Кудря Валерий Владимирович;79800000.0;79,8 млн руб.;4;35;Промышленные компрессоры от 200 000 ₽ | Генераторы азота | Генераторы кислорода | МКС — мобильные компрессорные станции | МКС — модульные или блочно-компрессорные станции;;;;;;;;;;;;;;;1;;;
7424004330;;"ООО ""ВОДОСНАБЖЕНИЕ ПЛЮС""";;;;36.00|01.50|11.07|11.07.1|36.00.1|36.00.2|37.00|42.21|42.22.1|49.41|70.22;;457040, Челябинская область, г. Южноуральск, ул. Заводская, д. 5, корп. а, офис 1;Действующая компания;Рабинович Александр Эмильевич;78100000.0;78,1 млн руб.;4;33;Промышленные компрессоры от 200 000 ₽ | Рентген-детекторы и рентген-инспекционные системы | Генераторы кислорода | МКС — мобильные компрессорные станции | МКС — модульные или блочно-компрессорные станции;;;;;;;;;;;;;;;1;;;
6211004809;;"МП ""НОВОМИЧУРИНСКИЙ ВОДОКАНАЛ""";;;;37.00|36.00.2|36.00|42.21;;391160, Рязанская область, м. о. Пронский, г. Новомичуринск, пр-кт Смирягина, д. 23, помещ. Н1;Действующая компания;Живоложнов Валерий Иванович;74500000.0;74,5 млн руб.;4;22;Промышленные компрессоры от 200 000 ₽ | Генераторы кислорода | МКС — мобильные компрессорные станции | МКС — модульные или блочно-компрессорные станции;;;;;;;;;;;;;;;1;;;
3439009284;;"ООО ""ВОДОКАНАЛ""";;;;37.00|43.12.3|43.22|36.00.2|52.21.24|96.09|45.20;;403540, Волгоградская область, г. о. город Фролово, г. Фролово, ул. Ленина, двлд. 58, ком. 2, 7-А, 8-А, 8-Б;Действующая компания;Слугин Андрей Викторович;74400000.0;74,4 млн руб.;4;17;Промышленные компрессоры от 200 000 ₽ | Генераторы кислорода | МКС — мобильные компрессорные станции;;;;;;;;;;;;;;;1;;;
7424004266;;"ООО ""ВОДООТВЕДЕНИЕ ПЛЮС""";;;;37.00|42.22.1|11.07|11.07.1|36.00.2|01.50|70.22|42.21|36.00.1;;457041, Челябинская область, г. Южноуральск, ул. Красногвардейская, д. 151, офис 1;Действующая компания;Васильев Игорь Викторович;74400000.0;74,4 млн руб.;4;33;Промышленные компрессоры от 200 000 ₽ | Рентген-детекторы и рентген-инспекционные системы | Генераторы кислорода | МКС — мобильные компрессорные станции | МКС — модульные или блочно-компрессорные станции;;;;;;;;;;;;;;;1;;;
3604015982;;"МУП ""ОЧИСТНЫЕ СООРУЖЕНИЯ"" БОРИСОГЛЕБСКОГО ГОРОДСКОГО ОКРУГА ВОРОНЕЖСКОЙ ОБЛАСТИ";;;;37.00|42.21|71.20.1;;397166, Воронежская область, г. о. Борисоглебский, г. Борисоглебск, ул. Привольная, зд. 2А;Действующая компания;Андреев Сергей Александрович;74300000.0;74,3 млн руб.;4;18;Промышленные компрессоры от 200 000 ₽ | Генераторы азота | Генераторы кислорода | МКС — мобильные компрессорные станции | МКС — модульные или блочно-компрессорные станции;;;;;;;;;;;;;;;1;;;
4007017890;;"УМП ""ВОДОКАНАЛ""";;;;37.00|36.00.2|36.00|38.1|38.2|41.2|43.12|43.2|43.22|43.29|43.32|46.73|47.52.7|49.3|49.4|52.21.2|68.32|81.10|81.21|81.29|81.29.9|81.30|82.99;;249185, Калужская область, Жуковский район, г. Кременки, ул. Лесная, д. 4;Действующая компания;;73200000.0;73,2 млн руб.;4;17;Промышленные компрессоры от 200 000 ₽ | Генераторы кислорода | МКС — мобильные компрессорные станции;;;;;;;;;;;;;;;1;;;
3816997787;;"ООО ""ВОДОКАНАЛ""";;;;36.00|37.00|41.20|42.21|42.22.1|42.22.2|42.91|42.91.2|42.91.5|43.11|43.12.3|43.21|43.22|43.31|43.32|43.33|43.34|43.39|43.91|43.99.1|43.99.7|49.41.1|49.41.2|49.41.3|49.50.3|68.20|69.20.2|77.39.11;;665008, Иркутская область, г. Тайшет, ул. Транспортная, д. 50А;Действующая компания;Фещенков Александр Сергеевич;69500000.0;69,5 млн руб.;5;54;Промышленные компрессоры от 200 000 ₽ | Генераторы кислорода | МКС — мобильные компрессорные станции | МКС — модульные или блочно-компрессорные станции;;;;;;;;;;;;;;;1;;;
3812073181;;"ООО ""ВОДА БАЙКАЛА""";;;;11.07|23.99|41.20|46.18|46.90|47.7|49.3|49.4|56.10|56.10.1|56.10.3|58.11|63.11.1|66.11.2|68.31|72.19|73.11|73.20.1|85.21;;664033, Иркутская область, г. о. город Иркутск, г. Иркутск, ул. Старо-Кузьмихинская, стр. 41/4;Действующая компания;Широбокова Наталья Петровна;68300000.0;68,3 млн руб.;4;13;Рентген-детекторы и рентген-инспекционные системы | Генераторы азота;;;;;;;;;;;;;;;1;;;
2823007848;;"МУП""ВОДОКАНАЛ""";;;;37.00|42.21|96.09.9|36.00|36.00.2|42.99|36.00.1;;676470, Амурская область, г. о. Зато Циолковский, г. Циолковский, ул. Красногвардейская, д. 8/2;Действующая компания;;67600000.0;67,6 млн руб.;4;22;Промышленные компрессоры от 200 000 ₽ | Генераторы кислорода | МКС — мобильные компрессорные станции | МКС — модульные или блочно-компрессорные станции;;;;;;;;;;;;;;;1;;;
8613009529;;"МУП ""ЕДИНЫЙ ВОДОКАНАЛ"" БЕРЕЗОВСКОГО РАЙОНА";;;;37.00|43.22|36.00.2|35.30.2|68.20|36.00.1;;628146, Ханты-Мансийский автономный округ - Югра, м. р-н Березовский, г. п. Игрим, пгт Игрим, ул. Ленина, д. 10;Действующая компания;;65200000.0;65,2 млн руб.;4;13;Промышленные компрессоры от 200 000 ₽ | Генераторы кислорода | МКС — модульные или блочно-компрессорные станции;;;;;;;;;;;;;;;1;;;
2511126800;;"ООО ""ГОРНОКЛЮЧЕВСКОЙ ВОДОКАНАЛ""";;;;36.00|02.20|02.40|16.10|16.10.9|35.30.14|35.30.2|37.00|38.11|38.32|41.20|42.21|42.22.1|42.91|42.99|43.11|43.12.3|43.13|43.21|43.22|43.29|43.31|43.32|43.33|43.34|43.39|43.91|43.99.1|45.20|46.71|46.90|47.11|49.31|49.41|49.41.1|49.41.2|49.41.3|49.42|52.10|52.10.4|52.21.24|52.21.29|52.29|63.11|68.20|68.20.1|68.20.2|68.31.3|68.31.31|68.31.32|68.31.4|68.31.41|68.31.42|68.32|68.32.1|68.32.2|69.10|81.10|81.21|81.22|81.29|81.29.1|81.29.2|81.29.9|81.30|82.91|82.99|84.25|96.03;;692086, Приморский край, м. о. Кировский, кп. Горные Ключи, пр-кт Лазурный, д. 2, офис 3;Действующая компания;Боярчук Виктор Данилович;64100000.0;64,1 млн руб.;4;50;Промышленные компрессоры от 200 000 ₽ | Фотосепараторы | Генераторы кислорода | МКС — мобильные компрессорные станции | МКС — модульные или блочно-компрессорные станции;;;;;;;;;;;;;;;1;;;
1205003413;;"МП ""КУЖЕНЕРВОДОКАНАЛ""";;;;37.00|96.04|81.29.9|35.30.14|36.00.1|36.00.2|43.99.9;;425550, Республика Марий Эл, Куженерский район, пгт Куженер, ул. Строителей, д. 15;Действующая компания;Лебедев Игорь Алексеевич;64000000.0;64 млн руб.;4;21;Промышленные компрессоры от 200 000 ₽ | Генераторы кислорода | МКС — мобильные компрессорные станции | МКС — модульные или блочно-компрессорные станции;;;;;;;;;;;;;;;1;;;
7731286333;;"ООО ""ПАВЛОВСКИЙ ВОДОКАНАЛ""";;;;36.00|35.11|35.13|35.2|35.30.1|35.30.2|35.30.3|35.30.4|35.30.5|36.00.1|36.00.2|37.00|41.20|42.11|42.91|42.99|43.11|43.12.3|43.13|43.21|43.22|43.29|43.91|43.99|43.99.1|68.10.1|68.20|68.32|96.09;;142029, Московская область, г. Домодедово, с. Домодедово, ул. Просторная, стр. 6А, ком. 10;;;63600000.0;63,6 млн руб.;5;38;Промышленные компрессоры от 200 000 ₽ | Генераторы кислорода | МКС — мобильные компрессорные станции | МКС — модульные или блочно-компрессорные станции;;;;;;;;;;;;;;;1;;;
6432017348;;"ООО ""ЧИСТАЯ ВОДА 64""";;;;11.07|33.12|46.17.21|46.34.1|46.43.1|46.44.1|46.49.49|47.25.2|47.54|47.59.9|49.41.2|52.29|58.11.1|58.19|68.20.2|70.22|73.11|73.20.1|77.39.2|95.29;;410511, Саратовская область, г. Саратов, п. Рейник, ул. Совхозная, д. 9А;Действующая компания;;62500000.0;62,5 млн руб.;5;19;Промышленные компрессоры от 200 000 ₽ | Рентген-детекторы и рентген-инспекционные системы | МКС — мобильные компрессорные станции;;;;;;;;;;;;;;;1;;;
5243037996;;"ООО ""РАЙВОДОКАНАЛ""";;;;36.00|37.00|38.11|41.20|42.21|42.22|43.11|43.12|43.13|43.21|43.22|43.29|43.34|43.91|43.99|49.50|52.10|77.11|77.32|82.11;;607221, Нижегородская область, г. о. город Арзамас, г. Арзамас, ул. Складская, д. 2;Действующая компания;;61700000.0;61,7 млн руб.;5;58;Промышленные компрессоры от 200 000 ₽ | Фотосепараторы | Генераторы кислорода | МКС — мобильные компрессорные станции | МКС — модульные или блочно-компрессорные станции;;;;;;;;;;;;;;;1;;;
6213010082;;"ООО ""ВОДОКАНАЛ ПЛЮС""";;;;37.00|35.30.2|36.00.2|46.49|47.19|68.32.1|69.10|69.20|78.10;;391112, Рязанская область, м. о. Рыбновский, г. Рыбное, ул. Большая, д. 2А, помещ. Н-7;Действующая компания;;61600000.0;61,6 млн руб.;4;13;Промышленные компрессоры от 200 000 ₽ | Генераторы кислорода | МКС — модульные или блочно-компрессорные станции;;;;;;;;;;;;;;;1;;;
1831161344;;"ООО ""ВОДОКАНАЛ""";;;;36.00|16.29.1|33.12|35.11|35.30.14|35.30.2|35.30.3|35.30.4|36.00.1|36.00.2|37.00|38.1|38.2|38.32.5|41.20|42.21|42.22.2|43.11|43.12.3|43.21|43.22|43.29|43.91|43.99|43.99.1|46.49|46.69|46.73|46.74|46.77|49.4|49.41.1|49.41.2|49.41.3|66.19|66.19.6|68.10.22|68.32.1|77.11|77.32|77.33|77.39.2|81.29.9;;427145, Удмуртская Республика, Игринский район, п. Игра, пер. Победы, д. 5;Действующая компания;Мозгин Сергей Михайлович;60600000.0;60,6 млн руб.;5;50;Промышленные компрессоры от 200 000 ₽ | Фотосепараторы | Генераторы кислорода | МКС — мобильные компрессорные станции | МКС — модульные или блочно-компрессорные станции;;;;;;;;;;;;;;;1;;;
5604033079;;"МУП ""ОЧИСТНЫЕ СООРУЖЕНИЯ""";;;;37.00;;462631, Оренбургская область, г. Гай, ул. Ленина, д. 44;Действующая компания;Попов Александр Александрович;60300000.0;60,3 млн руб.;4;4;Генераторы кислорода;;;;;;;;;;;;;;;1;;;
7325078757;;"ООО ""ВОДА КРИСТАЛЬНАЯ-УЛЬЯНОВСК""";;;;11.07|01.49.11|10.32|10.39|10.86.2|10.86.7|10.89.6|10.89.8|11.07.1|11.07.2|46.34.1|47.25.2;;432028, Ульяновская область, г. Ульяновск, ул. Октябрьская, д. 22И;Действующая компания;;59700000.0;59,7 млн руб.;5;33;Фотосепараторы | Рентген-детекторы и рентген-инспекционные системы | Генераторы азота;;;;;;;;;;;;;;;1;;;
4437000263;;"ООО ""ВОДОКАНАЛСЕРВИС""";;;;36.00|35.30|35.30.14|35.30.2|35.30.3|35.30.4|35.30.5|35.30.6|36.00.1|36.00.2|37.00|42.21|42.22.1|42.91|42.91.2|42.91.4|42.91.5|43.13|43.22|43.29|43.99|43.99.2|43.99.3|84.25.9;;157940, Костромская область, Красносельский район, пгт Красное-На-Волге, ул. Ракетная, д. 1П, неж.пом. 1;Действующая компания;;59600000.0;59,6 млн руб.;4;39;Промышленные компрессоры от 200 000 ₽ | Генераторы кислорода | МКС — мобильные компрессорные станции | МКС — модульные или блочно-компрессорные станции;;;;;;;;;;;;;;;1;;;
1225000918;;"МУП ""ВОДОКАНАЛ"" Г.ЗВЕНИГОВО""";;;;37.00|68.32.1|36.00|36.00.2|42.21|36.00.1|81.30|42.22.2;;425060, Республика Марий Эл, Звениговский район, г. Звенигово, ул. Школьная, д. 26А;Действующая компания;Коуркин Алексей Леонидович;59500000.0;59,5 млн руб.;4;22;Промышленные компрессоры от 200 000 ₽ | Генераторы кислорода | МКС — мобильные компрессорные станции | МКС — модульные или блочно-компрессорные станции;;;;;;;;;;;;;;;1;;;
5017046411;;"ООО ""ВОДА В УДОВОЛЬСТВИЕ""";;;;11.07|46.34.1|46.38|46.90|47.1|47.11|47.2|47.25|47.25.1|47.29|47.5|47.73|47.74|47.75|47.9|47.91|47.99|52.10|53.20.31|62.09|82.92;;Московская область, м. о. Истра, д. Корсаково, квартал 0060230, зд. 206;Действующая компания;Попокин Сергей Леонтьевич;59500000.0;59,5 млн руб.;4;15;Фотосепараторы | Рентген-детекторы и рентген-инспекционные системы;;;;;;;;;;;;;;;1;;;
3711032742;;"МП ""ВОДОКАНАЛ"" ЛЕЖНЕВСКОГО МУНИЦИПАЛЬНОГО РАЙОНА ИВАНОВСКОЙ ОБЛАСТИ";;;;37.00|42.21|42.22.1|42.22.2|36.00|81.29.9|36.00.2|42.99;;155120, Ивановская область, Лежневский район, п. Лежнево, ул. Октябрьская, д. 32;Действующая компания;Иванов Юрий Иванович;58600000.0;58,6 млн руб.;4;22;Промышленные компрессоры от 200 000 ₽ | Генераторы кислорода | МКС — мобильные компрессорные станции | МКС — модульные или блочно-компрессорные станции;;;;;;;;;;;;;;;1;;;
1212003615;;"МУП ""СЕРНУРВОДОКАНАЛ""";;;;37.00|36.00.2|43.99.9|43.22|68.32.1;;425450, Республика Марий Эл, Сернурский район, пгт Сернур, ул. Зеленая, д. 1;Действующая компания;;57700000.0;57,7 млн руб.;4;18;Промышленные компрессоры от 200 000 ₽ | Генераторы кислорода | МКС — мобильные компрессорные станции;;;;;;;;;;;;;;;1;;;
4715030240;;"МУП ""ВОДОКАНАЛ""";;;;37.00|36.00.1|36.00|41.20|42.91|43.99|52.21|52.29|77.39.11|82.99;;187650, Ленинградская область, Бокситогорский район, г. Бокситогорск, ул. Заводская, д. 3;Действующая компания;Зыков Антон Владимирович;57300000.0;57,3 млн руб.;5;26;Промышленные компрессоры от 200 000 ₽ | Генераторы кислорода | МКС — мобильные компрессорные станции;;;;;;;;;;;;;;;1;;;
6824006026;;"ООО ""ВОДОКАНАЛ""";;;;36.00|35.12|35.13|35.30|35.30.14|35.30.2|35.30.4|35.30.5|36.00.2|37.00|38.11|38.12|38.21|38.22|43.22|43.31|43.32|43.91|47.41|47.52|47.54|47.59|49.39|49.41|49.42|71.11|81.22|81.29.9|95.11|95.12;;393360, Тамбовская область, г. Кирсанов, ул. Пушкинская, д. 56;Действующая компания;Черников Сергей Викторович;57200000.0;57,2 млн руб.;4;25;Промышленные компрессоры от 200 000 ₽ | Генераторы кислорода | МКС — мобильные компрессорные станции | МКС — модульные или блочно-компрессорные станции;;;;;;;;;;;;;;;1;;;
5042145582;;"ООО ""РЕГИОН ВОДОКАНАЛ""";;;;36.00|35.12|35.13|35.30.1|35.30.2|36.00.1|36.00.2|37.00|41.20|42.22.1|42.22.2|42.91|43.99|46.74.2|46.90;;141310, Московская область, г. Сергиев Посад, ул. Бероунская, д. 1, помещение 97, ком. 26;Действующая компания;Фадеев Алексей Владимирович;56700000.0;56,7 млн руб.;4;37;Промышленные компрессоры от 200 000 ₽ | Генераторы кислорода | МКС — мобильные компрессорные станции | МКС — модульные или блочно-компрессорные станции;;;;;;;;;;;;;;;1;;;
5259025996;;"МЧУ ""МСЧ ЗАВОДА ""СОКОЛ""";;;;86.10;;603035, Нижегородская область, г. Нижний Новгород, ул. Чаадаева, д. 1, корп. 103;Действующая организация;;56500000.0;56,5 млн руб.;5;5;Генераторы кислорода;;;;;;;;;;;;;;;1;;;
2315087915;;"ООО ""АКВАСЕРВИС""";;;;43.99|33.12|43.21|43.22|43.39|46.73.6|46.74|46.75.2|46.90|71.11.1|81.29.9;;353902, Краснодарский край, г. Новороссийск, Сухумское шоссе, д. 5А;Действующая компания;;55400000.0;55,4 млн руб.;4;8;Промышленные компрессоры от 200 000 ₽ | МКС — мобильные компрессорные станции;;;;;;;;;;;;;;;1;;;
5918218225;;"ООО ""ВОДА""";;;;36.00|37.00;;618820, Пермский край, м. о. Горнозаводский, г. Горнозаводск, ул. Ленина, д. 3, помещ. 11;Действующая компания;Шемелин Александр Валерьевич;54400000.0;54,4 млн руб.;4;10;Промышленные компрессоры от 200 000 ₽ | Генераторы кислорода;;;;;;;;;;;;;;;1;;;
3245008789;;"МУП Г. ФОКИНО ""ВОДОКАНАЛ""";;;;37.00|36.00|36.00.1|36.00.2|42.21;;242610, Брянская область, г. Фокино, ул. Ленина, д. 13;Действующая компания;Хорошев Геннадий Анатольевич;52200000.0;52,2 млн руб.;4;22;Промышленные компрессоры от 200 000 ₽ | Генераторы кислорода | МКС — мобильные компрессорные станции | МКС — модульные или блочно-компрессорные станции;;;;;;;;;;;;;;;1;;;
2918012010;;"ООО ""НЯНДОМСКАЯ ВОДА""";;;;36.00|49.41.2|43.12.3|36.00.1|37.00|43.22;;164200, Архангельская область, м. о. Няндомский, г. Няндома, ул. Ленина, д. 53, этаж 3, помещ. 3;Действующая компания;Новрузова Анна Магеррамовна;52100000.0;52,1 млн руб.;4;14;Промышленные компрессоры от 200 000 ₽ | Генераторы кислорода;;;;;;;;;;;;;;;1;;;
5228009994;;"МП ""ГОРВОДОКАНАЛ""";;;;37.00|43.99|42.22.2|42.21|43.2;;606650, Нижегородская область, г. Семенов, ул. Советская, д. 6;Действующая компания;Сазанов Александр Викторович;51500000.0;51,5 млн руб.;4;24;Промышленные компрессоры от 200 000 ₽ | Генераторы кислорода | МКС — мобильные компрессорные станции | МКС — модульные или блочно-компрессорные станции;;;;;;;;;;;;;;;1;;;
7816508909;;"ООО ""ПРОЕКТНАЯ КОМПАНИЯ ""НЕВСКАЯ ВОДА""";;;;42.21|41.20|42.11|42.12|42.13|42.22.2|42.99|43.12.3|43.21|43.22|43.31|43.34.2|43.99.7|64.99.3|71.12|71.12.1|71.12.11|71.12.12|71.12.13|71.12.2|81.30;;192007, г. санкт-Петербург, ул. Днепропетровская, д. 14, литер Б, помещ. 3-Н кабинет 40;Действующая компания;;51100000.0;51,1 млн руб.;4;28;Промышленные компрессоры от 200 000 ₽ | МКС — мобильные компрессорные станции | МКС — модульные или блочно-компрессорные станции;;;;;;;;;;;;;;;1;;;
1616034062;;"ООО ""ВОДОКАНАЛ-СТРОЙСЕРВИС""";;;;42.21|37.00|41.20|42.22.2|43.11|43.12|43.22|43.31|43.32.1|43.32.2|43.32.3|43.33|43.34|43.34.1|43.34.2|43.39|43.99.1|43.99.2|43.99.3|43.99.4|43.99.5|43.99.6|43.99.7|43.99.9|46.73|46.73.6|77.39.1|77.39.2;;420098, Республика Татарстан, г. о. город Казань, г. Казань, ул. Большая Заречная, д. 45;Действующая компания;Гилемханов Алмаз Ильгизарович;50700000.0;50,7 млн руб.;5;33;Промышленные компрессоры от 200 000 ₽ | Генераторы кислорода | МКС — мобильные компрессорные станции | МКС — модульные или блочно-компрессорные станции;;;;;;;;;;;;;;;1;;;
6925010847;;"КМКП ""ВОДОКАНАЛ""";;;;37.00|36.00.1|96.03|36.00|36.00.2|42.21|47.11|47.75|49.41.1|49.50|56.30|68.20.2|77.11|81.30|82.99|93.29.9|96.04|96.09;;171573, Тверская область, Калязинский район, г. Калязин, Володарского проезд, д. 11, офис 21;Действующая компания;Одинцов Алексей Александрович;50300000.0;50,3 млн руб.;5;37;Промышленные компрессоры от 200 000 ₽ | Генераторы кислорода | МКС — мобильные компрессорные станции | МКС — модульные или блочно-компрессорные станции;;;;;;;;;;;;;;;1;;;
5540014624;;"ООО ""ЦЕНТР ВОДОПРОВОДНЫХ СИСТЕМ""";;;;42.21|41.20|43.22|47.21|47.22|47.23|47.24|47.25|47.26|49.41|49.42|68.10|71.11.1|71.12.1;;646715, Омская область, Шербакульский район, с. Александровское, ул. Калинина, д. 18, кв. 1;Действующая компания;Садвокасов Жанат Сарсембаевич;50100000.0;50,1 млн руб.;4;12;Промышленные компрессоры от 200 000 ₽ | МКС — мобильные компрессорные станции | МКС — модульные или блочно-компрессорные станции;;;;;;;;;;;;;;;1;;;
7840088155;;"ООО ""ГОРОДСКОЙ ВОДОПРОВОД""";;;;25.11|28.14|35.30.5|41.20|42.11|42.22.1|42.22.2|42.91|43.12|43.21|43.22|43.29|43.31|43.32|43.33|43.34|43.39|43.91|43.99|71.11|71.12|81.30;;191023, г. Санкт-Петербург, ул. Садовая, д. 32/1, литер А, помещ. 16Н секция №4;Действующая компания;;49100000.0;49,1 млн руб.;4;36;Промышленные компрессоры от 200 000 ₽ | МКС — мобильные компрессорные станции | МКС — модульные или блочно-компрессорные станции;;;;;;;;;;;;;;;1;;;
6372009815;;"ООО ""ВОДОКАНАЛ СЕРВИС""";;;;36.00|16.23.1|35.30.1|35.30.2|35.30.3|35.30.4|37.00|41.20|42.21|42.22.1|42.22.2|43.11|43.12.1|43.12.3|43.21|43.22|43.31|43.32|43.33|43.34|43.91|43.99.1|43.99.2|43.99.6|43.99.7|46.3|47.2|47.9|56.29|68.10.21|68.32.1|68.32.2|71.20.5|71.20.9|87|88|96.09;;446354, Самарская область, Кинель-Черкасский район, с. Кинель-Черкассы, ул. Казакова, д. 39Б;Действующая компания;Самородов Сергей Федорович;48700000.0;48,7 млн руб.;4;39;Промышленные компрессоры от 200 000 ₽ | Генераторы азота | Генераторы кислорода | МКС — мобильные компрессорные станции | МКС — модульные или блочно-компрессорные станции;;;;;;;;;;;;;;;1;;;
7727477208;;"ООО ""СТРОЙВОДОКАНАЛ""";;;;42.21|41.20|42.22|42.91|42.99|43.11|43.12.3|43.21|43.22|43.29|43.39|43.99|45.20|45.20.1|45.20.2|45.20.3|45.20.4|45.31|45.31.1|45.31.2|45.32|45.32.1|45.32.2|45.32.21|45.32.22|45.32.29|46.69.9|46.73|49.41|52.10|52.24|52.29|68.20|69.10|69.20|69.20.2|69.20.3;;117452, г. Москва, вн. тер. г. муниципальный округ Зюзино, бульвар Черноморский, д. 17, к. 1, помещ. 4/2/5, оф. 97;Действующая компания;;48100000.0;48,1 млн руб.;4;31;Промышленные компрессоры от 200 000 ₽ | Фотосепараторы | МКС — мобильные компрессорные станции | МКС — модульные или блочно-компрессорные станции;;;;;;;;;;;;;;;1;;;
2311335846;;"ООО ""ВОДОКАНАЛ СЕРВИС""";;;;36.00;;350087, Краснодарский край, г. о. город Краснодар, г. Краснодар, ул. им. Евгении Жигуленко, д. 15, стр. 3, помещ. 2;Действующая компания;Прокопенко Сергей Сергеевич;47900000.0;47,9 млн руб.;3;6;Промышленные компрессоры от 200 000 ₽ | Генераторы кислорода;;;;;;;;;;;;;;;1;;;
9701176619;;"ООО ""ВОДООТВЕДЕНИЕ";;;;37.00|35.30|35.30.1|35.30.14|35.30.2|35.30.3|35.30.4|35.30.5|35.30.6|36.00|41.10|41.20|42.11|42.21|42.22|42.91|42.99|43.11|43.12|43.13|43.21|43.22|43.29|43.31|43.32|43.33|43.34|43.39|43.91|43.99;;105082, г. Москва, вн. тер. г. муниципальный округ Басманный, ул. Большая Почтовая, д. 40, стр. 1;Действующая компания;Скрябин Олег Анатольевич;47200000.0;47,2 млн руб.;4;41;Промышленные компрессоры от 200 000 ₽ | Генераторы кислорода | МКС — мобильные компрессорные станции | МКС — модульные или блочно-компрессорные станции;;;;;;;;;;;;;;;1;;;
0543017705;;"МУП ""БУЙНАКСКВОДОКАНАЛ""";;;;36.00|35.30.4|42.21|36.00.2|43.29;;368220, Республика Дагестан, г. Буйнакск, ул. Ломоносова, д. 184;Действующая компания;;46900000.0;46,9 млн руб.;4;21;Промышленные компрессоры от 200 000 ₽ | Генераторы кислорода | МКС — мобильные компрессорные станции | МКС — модульные или блочно-компрессорные станции;;;;;;;;;;;;;;;1;;;
7453355653;;"ООО ""КРАСНОПОЛЬСКИЙ ВОДОКАНАЛ""";;;;36.00|37.00|68.20|42.21;;454004, Челябинская область, г. о. Челябинский, г. Челябинск, ул. Академика Сахарова, д. 34, кв. 1;Действующая компания;Густов Дмитрий Игоревич;46600000.0;46,6 млн руб.;4;22;Промышленные компрессоры от 200 000 ₽ | Генераторы кислорода | МКС — мобильные компрессорные станции | МКС — модульные или блочно-компрессорные станции;;;;;;;;;;;;;;;1;;;
5919032760;;"МУП ""ЯЙВА-ВОДОКАНАЛ""";;;;37.00|43.12.3|71.12.11|36.00.1|36.00|42.21|35.30;;618340, Пермский край, м. о. Александровский, рп. Яйва, ул. Заводская, зд. 37, помещ. 302;;;46500000.0;46,5 млн руб.;4;29;Промышленные компрессоры от 200 000 ₽ | Генераторы кислорода | МКС — мобильные компрессорные станции | МКС — модульные или блочно-компрессорные станции;;;;;;;;;;;;;;;1;;;
7451432581;;"ООО ""СТОП ВОДА ПЛЮС""";;;;43.99|41.10|41.20|42.21|43.11|43.12|43.21|43.22|43.29|43.31|43.32|43.33|43.34|43.39|43.91|46.13|46.73|47.52|47.59|47.89|52.29|77.32;;454048, Челябинская область, г. о. Челябинский, г. Челябинск, ул. Сулимова, д. 48А;Действующая компания;Корниенко Татьяна Сергеевна;46100000.0;46,1 млн руб.;5;32;Промышленные компрессоры от 200 000 ₽ | МКС — мобильные компрессорные станции | МКС — модульные или блочно-компрессорные станции;;;;;;;;;;;;;;;1;;;
3430009836;;"ООО ""СУРОВИКИНСКИЙ ВОДОКАНАЛ""";;;;37.00|36.00.2;;404411, Волгоградская область, Суровикинский район, г. Суровикино, ул. Шоссейная, д. 28;Действующая компания;Гульцев Александр Владимирович;45100000.0;45,1 млн руб.;4;10;Промышленные компрессоры от 200 000 ₽ | Генераторы кислорода;;;;;;;;;;;;;;;1;;;
2711003796;;"ООО ""ВОДОКАНАЛ""";;;;36.00|36.00.1|37.00|42.21|42.22.2|43.12.3|43.22|43.29|43.34|43.99|43.99.1|45.20|46.49|46.71.1|46.73|46.90|49.41.2|49.41.3|74.90|82.99;;682950, Хабаровский край, Вяземский район, г. Вяземский, ул. Коваля, д. 71;Действующая компания;;43600000.0;43,6 млн руб.;4;34;Промышленные компрессоры от 200 000 ₽ | Генераторы кислорода | МКС — мобильные компрессорные станции | МКС — модульные или блочно-компрессорные станции;;;;;;;;;;;;;;;1;;;
5009126159;;"ООО ""ВОДОКАНАЛ""";;;;36.00|37.00|38.11|41.20|42.21|42.91|42.99|43.12|43.13|43.22|43.29|43.99|49.41|49.50|68.20|68.32|71.12|81.10|81.21|81.22|81.29|81.30|82.11|82.91;;142032, Московская область, г. о. Домодедово, д. Заболотье, ул. Абрикосовая, д. 72;Действующая компания;;43200000.0;43,2 млн руб.;5;49;Промышленные компрессоры от 200 000 ₽ | Генераторы кислорода | МКС — мобильные компрессорные станции | МКС — модульные или блочно-компрессорные станции;;;;;;;;;;;;;;;1;;;
7733371802;;"ООО ""КУТУЗОВСКИЙ ВОДОКАНАЛ""";;;;36.00|36.00.1|36.00.2|37.00|42.91|42.99|43.12.3|43.13|43.21|43.22|43.29|43.99|43.99.1|68.10.1|68.20|68.32|96.09;;125373, г. Москва, вн. тер. г. муниципальный округ Южное Тушино, Походный проезд, д. 4, к. 1, этаж/помещение 7/XII, часть комнаты/офис 19/704-4;Действующая компания;;43100000.0;43,1 млн руб.;4;22;Промышленные компрессоры от 200 000 ₽ | Генераторы кислорода | МКС — мобильные компрессорные станции;;;;;;;;;;;;;;;1;;;
5981012998;;"ООО ""ВОДОКАНАЛ""";;;;37.00|36.00.2|33.14|33.20|42.21|42.22.2|43.22|45.20.1|45.20.2|49.31.2|49.31.21|68.20|68.32|71.11|71.12.5|71.12.6|71.20.1|77.33.1|77.39.1|77.39.29|84.25;;617062, Пермский край, м. о. Краснокамский, г. Краснокамск, ул. Промышленная, зд. 5;Действующая компания;Калегин Виктор Александрович;42600000.0;42,6 млн руб.;5;31;Промышленные компрессоры от 200 000 ₽ | Генераторы азота | Генераторы кислорода | МКС — мобильные компрессорные станции | МКС — модульные или блочно-компрессорные станции;;;;;;;;;;;;;;;1;;;
2801162014;;"ООО ""КРИСТАЛЬНО-ЧИСТАЯ ВОДА""";;;;11.07|46.17.21|47.19|46.34.1;;675014, Амурская область, г. о. город Благовещенск, г. Благовещенск, ул. Пионерская, д. 200;Действующая компания;Алекминская Ольга Владимировна;42000000.0;42 млн руб.;4;11;Рентген-детекторы и рентген-инспекционные системы;;;;;;;;;;;;;;;1;;;
7413018877;;"ООО ""ВОДОКАНАЛ""";;;;36.00|08.11|08.12|16.10|16.10.9|16.23|23.32|23.61|23.63|23.69|35.11|35.13|35.22|35.30|37.00|41.20|42.11|42.91|42.99|43.11|43.12.3|43.21|43.22|43.29|43.31|43.32|43.33|43.34|43.39|43.91|43.99|43.99.1|45.20|46.49|46.73|46.74|47.52.7|52.29|62.01|62.02|63.11|63.11.1|68.32.1|68.32.2|69.10|69.20|71.1|71.12.5|71.12.6|71.20|77.32|77.39.11|77.39.2|78.10|81.22|81.29.9|96.09;;456143, Челябинская область, г. о. Карабашский, г. Карабаш, ул. Горняк, д. 16А;Действующая компания;Власов Иван Максимович;40500000.0;40,5 млн руб.;5;56;Промышленные компрессоры от 200 000 ₽ | Генераторы азота | Генераторы кислорода | МКС — мобильные компрессорные станции | МКС — модульные или блочно-компрессорные станции;;;;;;;;;;;;;;;1;;;
2311158509;;"ООО ""ВСВ-ВОДОКАНАЛ""";;;;36.00|36.0|35.3|36.00.1|36.00.2|35.1|35.2|68.32|11.07.2|37.0;;350022, Краснодарский край, г. о. город Краснодар, г. Краснодар, ул. Восточно-Кругликовская, д. 92, помещ. 9;Действующая компания;Георгиева Елена Олеговна;40200000.0;40,2 млн руб.;5;33;Промышленные компрессоры от 200 000 ₽ | Рентген-детекторы и рентген-инспекционные системы | Генераторы кислорода | МКС — модульные или блочно-компрессорные станции;;;;;;;;;;;;;;;1;;;
9721114811;;"ООО ""АКВАСЕРВИС""";;;;36.00|42.99|43.21|42.91|43.29|95.22|46.49|43.22;;109428, г. Москва, вн. тер. г. муниципальный округ Рязанский, пр-кт Рязанский, д. 8А, стр. 1, помещ. 1/1;Действующая компания;;39400000.0;39,4 млн руб.;3;6;Промышленные компрессоры от 200 000 ₽ | Генераторы кислорода;;;;;;;;;;;;;;;1;;;
4500012763;;"МКП ""АКВАСЕРВИС""";;;;37.00|36.00.1|43.22|33.14|35.30.14|36.00|36.00.2|38.21|41.20|42.11|42.21|43.12|43.21|43.29|43.99|49.41|68.10.22|68.10.23|68.20.29|68.32|71.12.53|71.12.9|71.20|82.99;;641700, Курганская область, м. о. Катайский, г. Катайск, ул. Ленина, д. 200;Действующая компания;Щербаков Олег Владимирович;39200000.0;39,2 млн руб.;4;43;Промышленные компрессоры от 200 000 ₽ | Генераторы азота | Генераторы кислорода | МКС — мобильные компрессорные станции | МКС — модульные или блочно-компрессорные станции;;;;;;;;;;;;;;;1;;;
4415008413;;"ООО ""ВОДОКАНАЛСЕРВИС""";;;;36.00|35.30|35.30.14|35.30.2|35.30.3|35.30.4|35.30.5|35.30.6|36.00.1|36.00.2|37.00|42.21|42.22.1|42.91|42.91.2|42.91.4|42.91.5|43.13|43.22|43.29|43.99|43.99.2|43.99.3|84.25.9;;157049, Костромская область, Буйский район, пгт Чистые Боры, бульвар Строителей, д. 2, офис 6;Действующая компания;Горохов Сергей Жоржевич;39000000.0;39 млн руб.;4;39;Промышленные компрессоры от 200 000 ₽ | Генераторы кислорода | МКС — мобильные компрессорные станции | МКС — модульные или блочно-компрессорные станции;;;;;;;;;;;;;;;1;;;
1624014630;;"ООО ""ВОДА""";;;;11.07|11.07.1|11.07.2|46.17.21|46.34|46.37|46.38|46.38.29|46.43|46.49|46.66|46.90|47.19|47.25|47.25.2|47.29|47.29.39|47.91|47.99|49.4|49.41|49.42|52.10|52.21|52.29|56.10|56.21|56.29|56.30|82.11|82.19|82.20|82.30|82.92|82.99;;420087, Республика Татарстан, г. о. город Казань, г. Казань, ул. Аделя Кутуя, д. 151, помещ. 2;Действующая компания;;38900000.0;38,9 млн руб.;4;18;Фотосепараторы | Рентген-детекторы и рентген-инспекционные системы | МКС — мобильные компрессорные станции;;;;;;;;;;;;;;;1;;;
0277958347;;"ООО ""ВОДОКАНАЛПРОЕКТ""";;;;42.21|33.12|33.20|41.20|43.11|43.12.3|43.21|43.22|43.31|43.32|43.33|43.34|43.39|43.91|43.99|46.14.9|68.20.2|71.12|72.19;;450075, Республика Башкортостан, г. о. город Уфа, г. Уфа, пр-кт Октября, д. 133, кв. 32;Действующая компания;Баглай Евгений Борисович;38300000.0;38,3 млн руб.;4;26;Промышленные компрессоры от 200 000 ₽ | Генераторы азота | МКС — мобильные компрессорные станции | МКС — модульные или блочно-компрессорные станции;;;;;;;;;;;;;;;1;;;
5406734820;;"ООО ""ВОДОКОМПЛЕКС""";;;;36.00|37.00|96.09|82.99;;630083, Новосибирская область, г. Новосибирск, ул. Большевистская, д. 122, кв. 17;Действующая компания;;36800000.0;36,8 млн руб.;4;10;Промышленные компрессоры от 200 000 ₽ | Генераторы кислорода;;;;;;;;;;;;;;;1;;;
3245514841;;"ООО ""ВОДОКАНАЛ ДУБРОВСКИЙ""";;;;43.99|08.12|28.14|33.12|33.14|33.20|35.30.3|36.00.1|36.00.2|37.00|38.1|38.2|42.21|42.22.1|42.22.2|43.22|43.29|43.99.2|43.99.4|43.99.5|45.20|46.74.2|49.41.3|63.11|68.32|68.32.1|69.20;;241035, Брянская область, г. Брянск, ул. Вокзальная, д. 128, офис 201-203;;Марин Любомир Александрович;36400000.0;36,4 млн руб.;4;41;Промышленные компрессоры от 200 000 ₽ | Генераторы кислорода | МКС — мобильные компрессорные станции | МКС — модульные или блочно-компрессорные станции;;;;;;;;;;;;;;;1;;;
3525148041;;"ООО ""ЧИСТАЯ ВОДА 100%""";;;;11.07|36.00.1|46.34.1|46.69.2|46.90|47.25.2|47.9|49.41.1|49.41.2|52.10.9|52.24.2;;160012, Вологодская область, г. Вологда, ул. Промышленная, д. 4;Действующая компания;Никольский Константин Николаевич;35700000.0;35,7 млн руб.;4;24;Промышленные компрессоры от 200 000 ₽ | Фотосепараторы | Рентген-детекторы и рентген-инспекционные системы | Генераторы кислорода | МКС — мобильные компрессорные станции;;;;;;;;;;;;;;;1;;;
0229010697;;"ООО ""ВОДОКАНАЛ""";;;;37.0|68.32|36.00.2|37.00|42.22.2|36.00.1|68.32.1|43.22|42.21;;453020, Республика Башкортостан, Кармаскалинский район, с. Кармаскалы, ул. Аксакова, зд. 58;Действующая компания;Газизов Фанис Мазгарович;35500000.0;35,5 млн руб.;4;14;Генераторы кислорода | Промышленные компрессоры от 200 000 ₽;;;;;;;;;;;;;;;1;;;
2311253569;;"ООО ""АКВАСЕРВИС +""";;;;37.00|36.00|38.11|38.12|38.21|38.22|38.31|38.32|39.00|42.11|43.21|43.22|43.29|43.91|43.99|68.20;;350010, Краснодарский край, г. о. город Краснодар, г. Краснодар, ул. Ростовское Шоссе, д. 22/1;Действующая компания;Беднов Роман Владимирович;35500000.0;35,5 млн руб.;4;26;Промышленные компрессоры от 200 000 ₽ | Фотосепараторы | Генераторы кислорода | МКС — мобильные компрессорные станции;;;;;;;;;;;;;;;1;;;
6330082676;;"ООО ""ВОДОСНАБЖЕНИЕ""";;;;36.00|42.21|42.22.2|42.91|42.99|43.21|43.22|47.52|47.99|77.11|77.12|77.32|77.33|77.39;;446100, Самарская область, г. Чапаевск, ул. Крестьянская, зд. 2;;Пешков Евгений Анатольевич;34900000.0;34,9 млн руб.;5;23;Промышленные компрессоры от 200 000 ₽ | Генераторы кислорода | МКС — мобильные компрессорные станции | МКС — модульные или блочно-компрессорные станции;;;;;;;;;;;;;;;1;;;
6022007226;;"МУП ""РАЙВОДОКАНАЛ""";;;;37.00|36.00.2|38.11|43.22|49.41.1|36.00.1|38.1|38.2|43.2|43.21|49.41.2|81.22|81.29.9;;182250, Псковская область, Себежский район, г. Себеж, ул. Ленинская, д. 51;Действующая компания;;34900000.0;34,9 млн руб.;4;10;Промышленные компрессоры от 200 000 ₽ | Генераторы кислорода;;;;;;;;;;;;;;;1;;;
1213005220;;"ООО ""ВОДОКАНАЛСЕРВИС""";;;;36.0|35.30|37.0|41.2|42.21|43.12|43.2|49.41|52.21.22|64.19|64.9|68.1|68.2|68.3|71.1|71.12.5|71.12.6|77.11|77.3|77.39;;425400, Республика Марий Эл, Советский район, пгт Советский, ул. Садовая, д. 12;Действующая компания;Вахрушев Виктор Александрович;34800000.0;34,8 млн руб.;4;7;Промышленные компрессоры от 200 000 ₽ | МКС — модульные или блочно-компрессорные станции;;;;;;;;;;;;;;;1;;;
6725031462;;"МУП ""ВОДОКАНАЛ""";;;;37.00|35.30.4|36.00.1|96.04|35.30.15|35.30.5|36.00|36.00.2|41.20|43.91|68.32.1;;216330, Смоленская область, Ельнинский район, г. Ельня, мкр Кутузовский, д. 24;Действующая компания;Суторьма Александр Михайлович;34700000.0;34,7 млн руб.;4;21;Промышленные компрессоры от 200 000 ₽ | Генераторы кислорода | МКС — мобильные компрессорные станции | МКС — модульные или блочно-компрессорные станции;;;;;;;;;;;;;;;1;;;
5240003928;;"МП ""ВОДОКАНАЛ""";;;;37.00|36.00.1|96.04|96.09.9|01.61|36.00.2|38.1|38.2|42.21|42.22.1|42.22.2|43.21|43.22|43.29|43.31|43.32|43.33|43.34|43.91|45.20.2|49.41.1|52.21.22|81.22|81.29.9|96.01|96.03;;606670, Нижегородская область, Сокольский район, рп. Сокольское, ул. Парковая, д. 5;Действующая компания;Лучков Сергей Юрьевич;34600000.0;34,6 млн руб.;4;41;Промышленные компрессоры от 200 000 ₽ | Фотосепараторы | Генераторы кислорода | МКС — мобильные компрессорные станции | МКС — модульные или блочно-компрессорные станции;;;;;;;;;;;;;;;1;;;
3625014186;;"ООО ""ВОДОСНАБЖЕНИЕ""";;;;36.00|35.30|37.00|42.21|42.22.2|43.22|43.99|49.50|71.11.2|71.11.3|74.10|77.32;;396005, Воронежская область, Рамонский район, с. Ямное, ул. Дружбы, д. 1А, офис 7;Действующая компания;Эдилашвили Спартак Зурабович;33800000.0;33,8 млн руб.;5;53;Промышленные компрессоры от 200 000 ₽ | Генераторы кислорода | МКС — мобильные компрессорные станции | МКС — модульные или блочно-компрессорные станции;;;;;;;;;;;;;;;1;;;
5421110199;;"ООО ""ВОДОКАНАЛ""";;;;37.0|68.32.1|36.00.2|37.00|38.2|36.00.1|81.29.9|43.99.1|38.1;;632951, Новосибирская область, Здвинский район, с. Здвинск, ул. Здвинского, д. 1;Действующая компания;;33800000.0;33,8 млн руб.;4;14;Генераторы кислорода | Промышленные компрессоры от 200 000 ₽;;;;;;;;;;;;;;;1;;;
0608061455;;"ООО ""ЧИСТАЯ ВОДА""";;;;42.21|41.10|41.20|42.11|42.22|42.91|42.99|46.71|46.73|47.30|49.41;;386101, Республика Ингушетия, г. Назрань, пр-кт И. Базоркина (Центральный Административный Округ тер.), д. 1, кв. 4;Действующая компания;;33300000.0;33,3 млн руб.;4;16;Промышленные компрессоры от 200 000 ₽ | МКС — мобильные компрессорные станции | МКС — модульные или блочно-компрессорные станции;;;;;;;;;;;;;;;1;;;
6646014619;;"МУП ""ВОДОКАНАЛ Г. МИХАЙЛОВСК""";;;;37.00|36.00.2|36.0|36.00.1|37.0|38.1|38.2|49.41|49.41.1|49.41.3;;623080, Свердловская область, м. р-н Нижнесергинский, г. п. Михайловское, г. Михайловск, ул. Песочная, д. 2;Действующая компания;Ананьин Сергей Владимирович;33300000.0;33,3 млн руб.;4;10;Промышленные компрессоры от 200 000 ₽ | Генераторы кислорода;;;;;;;;;;;;;;;1;;;
0232006965;;"ООО ""ВОДОКАНАЛ+СЕРВИС";;;;36.00|01.49.1|10.89|10.89.1|10.89.5|10.89.6|10.89.7|10.89.8|10.89.9|25.62|35.30.14|35.30.2|35.30.3|35.30.4|35.30.5|35.30.6|36.00.2|37.00|38.1|38.2|41.20|42.21|42.22.1|42.22.2|42.99|43.12.3|43.21|43.22|43.29|43.91|43.99.4|43.99.5|43.99.6|47.19|47.29.39|47.51|49.41.1|49.41.2|49.41.3|52.10.22|52.10.23|52.10.9|68.32.1|71.20.1|77.11|77.32|77.39.1|81.29.1|81.29.9;;453336, Республика Башкортостан, Кугарчинский район, с. Юмагузино, ул. Школьная, д. 13, корп. б;Действующая компания;Назаров Олег Александрович;33100000.0;33,1 млн руб.;5;78;Промышленные компрессоры от 200 000 ₽ | Фотосепараторы | Рентген-детекторы и рентген-инспекционные системы | Генераторы азота | Генераторы кислорода | МКС — мобильные компрессорные станции | МКС — модульные или блочно-компрессорные станции;;;;;;;;;;;;;;;1;;;
5537009102;;"ООО ""ВОДОКАНАЛ""";;;;36.0|36.00.1|36.00.2|37.0|37.00|38.1|38.2|42.21|42.22.2|43.12.3|43.22|43.29|47.11|47.24.2|47.24.22|47.24.3|47.25.12|47.25.2|47.52.5|47.75.1|47.75.2|49.41.1|49.41.2|52.21.2|96.04;;646330, Омская область, Тюкалинский район, г. Тюкалинск, ул. Кирова, д. 9;Действующая компания;Доронин Сергей Иванович;32500000.0;32,5 млн руб.;4;14;Генераторы кислорода | Промышленные компрессоры от 200 000 ₽;;;;;;;;;;;;;;;1;;;
6912008287;;"МУП ""ГОРВОДОКАНАЛ""";;;;35.30|02.20|02.40.2|33.11|33.12|33.14|35.11|35.12|35.13|35.30.4|35.30.5|36.00.1|36.00.2|37.00|41.20|42.21|42.22.1|42.22.2|42.99|43.21|43.22|43.29|43.31|43.32|43.33|43.34.1|43.34.2|43.39|43.91|43.99.1|43.99.4|43.99.5|43.99.6|43.99.7|46.73.1|46.73.2|46.73.3|46.73.6|46.74.2|47.52.5|47.52.7|47.52.71|47.54|71.12|71.12.1;;172527, Тверская область, м. о. Нелидовский, г. Нелидово, ул. Чайковского, зд. 1;Действующая компания;;32400000.0;32,4 млн руб.;4;37;Промышленные компрессоры от 200 000 ₽ | Генераторы кислорода | МКС — мобильные компрессорные станции | МКС — модульные или блочно-компрессорные станции;;;;;;;;;;;;;;;1;;;
7604249177;;"ООО ""ЯРАКВАСЕРВИС""";;;;11.07|46.34.1|46.73;;150014, Ярославская область, г. Ярославль, ул. Володарского, д. 19, кв. 52;Действующая компания;Писмарев Евгений Станиславович;32100000.0;32,1 млн руб.;4;11;Рентген-детекторы и рентген-инспекционные системы;;;;;;;;;;;;;;;1;;;
1218003379;;"МУП ""ВОДОКАНАЛ ОРШАНКА""";;;;37.00|42.11|43.11.1|36.00.1|36.00|81.30;;425250, Республика Марий Эл, м. р-н Оршанский, г. п. Оршанка, пгт Оршанка, ул. Пушкина, д. 1А;Действующая компания;;31900000.0;31,9 млн руб.;4;18;Промышленные компрессоры от 200 000 ₽ | Генераторы кислорода;;;;;;;;;;;;;;;1;;;
1609037577;;"ООО ""ВОДА СЕРВИС""";;;;42.21|09.10.2|30.12|33.15|41.20|42.11|42.91|43.12|43.13|43.21|43.29|43.39|43.99|46.12|46.13|46.14|46.19|47.19|47.52.5|47.54|47.89|47.91|71.12|73.11|73.12|73.20|74.90;;420083, Республика Татарстан, г. Казань, ул. Мамадышский Тракт, д. 43Б, этаж 2, офис 207;Действующая компания;Альметов Эдвард Федорович;31600000.0;31,6 млн руб.;5;38;Промышленные компрессоры от 200 000 ₽ | МКС — мобильные компрессорные станции | МКС — модульные или блочно-компрессорные станции;;;;;;;;;;;;;;;1;;;
8620024380;;"ООО ""ЧИСТАЯ ВОДА""";;;;42.21|41.10|41.20|42.99|43.11|43.12|43.13|43.21|43.29|47.52.79|58.11.1|95.29;;628634, Ханты-Мансийский автономный округ - Югра, м. р-н Нижневартовский, г. п. Излучинск, пгт Излучинск, пер. Строителей, д. 2, кв. 116;Действующая компания;;31600000.0;31,6 млн руб.;4;16;Промышленные компрессоры от 200 000 ₽ | МКС — мобильные компрессорные станции | МКС — модульные или блочно-компрессорные станции;;;;;;;;;;;;;;;1;;;
7705997612;;"ООО ""АКВАСЕРВИС""";;;;36.0|47.25|11.01.1|11.05|46.34.1|11.0|69|46.34.2|11.07;;115054, г. Москва, ул. Большая Пионерская, д. 15, стр. 1, эт. 1, пом. II, офис 1Г;Действующая компания;;31100000.0;31,1 млн руб.;4;11;Рентген-детекторы и рентген-инспекционные системы;;;;;;;;;;;;;;;1;;;
4508007902;;"ООО ""КОСОБРОДСКИЙ ТЕПЛОВОДОКАНАЛ""";;;;35.30|35.11|35.13|36.00|41.2|42.21|42.22.1|43.2|43.21|43.22|43.99.1|68.32.1;;641941, Курганская область, Каргапольский район, рп. Красный Октябрь, ул. Гагарина, д. 1;Действующая компания;Дмитриев Владимир Валентинович;30800000.0;30,8 млн руб.;4;33;Промышленные компрессоры от 200 000 ₽ | Генераторы кислорода | МКС — мобильные компрессорные станции | МКС — модульные или блочно-компрессорные станции;;;;;;;;;;;;;;;1;;;
3808284528;;"ООО ""АКВАСЕРВИС""";;;;36.00|42.21|41.20|42.99|49.41|35.30.5|38.11|78.10|35.30.2|49.42;;666130, Иркутская область, м. р-н Ольхонский, с. п. Еланцынское, с. Еланцы, ул. Кирова, д. 18;Действующая компания;Ламожапов Алексей Баирович;30500000.0;30,5 млн руб.;4;21;Промышленные компрессоры от 200 000 ₽ | Генераторы кислорода | МКС — мобильные компрессорные станции | МКС — модульные или блочно-компрессорные станции;;;;;;;;;;;;;;;1;;;
6683023883;;"МУП ТМО ""ВОДООТВЕДЕНИЕ""";;;;37.00|36.00|38.21|39.00;;623644, Свердловская область, м. о. Талицкий, г. Талица, ул. Ленина, д. 159;Действующая компания;;30400000.0;30,4 млн руб.;4;10;Промышленные компрессоры от 200 000 ₽ | Генераторы кислорода;;;;;;;;;;;;;;;1;;;
7114022770;;"ООО ""СЕВЕРО-ЗАДОНСКИЙ ВОДОКАНАЛ""";;;;36.00|35.30|41.20|37.00;;301792, Тульская область, г. Донской, мкр. Северо-Задонск, ул. Школьная, д. 45;Действующая компания;Богданов Сергей Владимирович;30300000.0;30,3 млн руб.;4;13;Промышленные компрессоры от 200 000 ₽ | Генераторы кислорода | МКС — модульные или блочно-компрессорные станции;;;;;;;;;;;;;;;1;;;
7449034488;;"ООО ""КОМПАНИЯ ЧИСТАЯ ВОДА""";;;;11.07|11.07.2|46.90|47.19|47.25.2|47.29.39|47.59.9|74.20|74.30|82.92|95.21|95.22.1|95.22.2;;454020, Челябинская область, г. Челябинск, ул. Энгельса, д. 95, помещ. 51;Действующая компания;Гартман Дмитрий Сергеевич;29200000.0;29,2 млн руб.;4;11;Рентген-детекторы и рентген-инспекционные системы;;;;;;;;;;;;;;;1;;;
5250050331;;"ООО ""ЧИСТАЯ ВОДА""";;;;11.07|82.92|47.25.2|36.00|46.34.1|47.9;;607662, Нижегородская область, г. Нижний Новгород, г. Кстово, пер. Шохина, д. 5;Действующая компания;Клюев Алексей Владимирович;28200000.0;28,2 млн руб.;4;17;Промышленные компрессоры от 200 000 ₽ | Рентген-детекторы и рентген-инспекционные системы | Генераторы кислорода;;;;;;;;;;;;;;;1;;;
6649004009;;"МУП ПМО СО ""ВОДОКАНАЛСЕРВИС""";;;;37.00|36.00.2|42.99|96.04|36.00|42.21|42.91|43.29|43.91|45.20|49.31|84.25;;623552, Свердловская область, Пышминский район, пгт Пышма, пер. Больничный, зд. 15;Действующая компания;;27500000.0;27,5 млн руб.;4;32;Промышленные компрессоры от 200 000 ₽ | Генераторы кислорода | МКС — мобильные компрессорные станции | МКС — модульные или блочно-компрессорные станции;;;;;;;;;;;;;;;1;;;
7806219087;;"ООО ""ПКФ ""ИНЖЕНЕРНЫЕ ОЧИСТНЫЕ СООРУЖЕНИЯ""";;;;36.00|23.19.9|25.11|28.12|28.13|33.12|41.20|42.11|42.91|42.99|43.11|43.12.3|43.13|43.21|43.22|43.29|43.31|43.32|43.33|43.34|43.91|43.99|43.99.1|46.43|46.49|46.61|46.62|46.63|46.66|46.69|46.71|46.72|46.73|46.74|46.75|46.90|47.43|47.52|47.54|47.59|47.9|47.99|64.99.12|71.1|71.12.5|71.12.6|95.29;;187330, Ленинградская область, м. р-н Кировский, г. п. Отрадненское, г. Отрадное, ул. Заводская, д. 1А, помещ. 44;Действующая компания;Голубятников Сергей Викторович;26000000.0;26 млн руб.;4;31;Промышленные компрессоры от 200 000 ₽ | Генераторы кислорода | МКС — мобильные компрессорные станции;;;;;;;;;;;;;;;1;;;
4500001112;;"ООО ""ВОДОКАНАЛ""";;;;36.00|37.00|43.21|35.30|47.19|68.32.1|49.41|43.22;;641642, Курганская область, м. о. Петуховский, г. Петухово, ул. Первомайская, д. 7;Действующая компания;Рудаков Алексей Олегович;26000000.0;26 млн руб.;4;13;Промышленные компрессоры от 200 000 ₽ | Генераторы кислорода | МКС — модульные или блочно-компрессорные станции;;;;;;;;;;;;;;;1;;;
5531009787;;"ООО ""ЧИСТАЯ ВОДА""";;;;36.00|11.07|11.07.1|11.07.2|33.12|36.00.1|36.00.2|37.00|38.11|39.00|42.21|43.12.3|43.22|47.99.1|71.12.1|71.12.11|71.20.9;;646780, Омская область, Русско-Полянский район, рп. Русская Поляна, ул. Северная, д. 78, офис 1;Действующая компания;Воробьева Олеся Александровна;25700000.0;25,7 млн руб.;4;39;Промышленные компрессоры от 200 000 ₽ | Рентген-детекторы и рентген-инспекционные системы | Генераторы азота | Генераторы кислорода | МКС — мобильные компрессорные станции | МКС — модульные или блочно-компрессорные станции;;;;;;;;;;;;;;;1;;;
6683018241;;"МУП ""ВОДООТВЕДЕНИЕ"" БГО";;;;37.00;;624030, Свердловская область, м. о. Белоярский, пгт Белоярский, ул. Ленина, стр. 263, помещ. 110;Действующая компания;;25500000.0;25,5 млн руб.;4;4;Генераторы кислорода;;;;;;;;;;;;;;;1;;;
5836683711;;"ООО ""ЖИВАЯ ВОДА-ПЕНЗА""";;;;36.00|47.99.2|46.34|36.00.1|36.00.2|46.34.1;;440008, Пензенская область, г. о. город Пенза, г. Пенза, ул. Дзержинского, д. 4, помещ. 3;Действующая компания;;25400000.0;25,4 млн руб.;3;6;Промышленные компрессоры от 200 000 ₽ | Генераторы кислорода;;;;;;;;;;;;;;;1;;;
7107043680;;"ООО ЭП ""ОЧИСТНЫЕ СООРУЖЕНИЯ""";;;;37.00|71.12.13|42.21|42.22.1|71.11|85.42.9|71.11.1|42.22.2;;300000, Тульская область, г. Тула, ул. Колетвинова, д. 6, кв. 302;Действующая компания;Кузин Алексей Алексеевич;25300000.0;25,3 млн руб.;4;16;Промышленные компрессоры от 200 000 ₽ | Генераторы кислорода | МКС — мобильные компрессорные станции | МКС — модульные или блочно-компрессорные станции;;;;;;;;;;;;;;;1;;;
5201030090;;"ООО ""РАЙВОДОКАНАЛ""";;;;36.00|46.74.2|38.2|37.00|38.1|43.12.3;;607130, Нижегородская область, Ардатовский район, рп. Ардатов, ул. Зуева, д. 70;Действующая компания;Машкова Елена Леонидовна;25300000.0;25,3 млн руб.;4;14;Промышленные компрессоры от 200 000 ₽ | Генераторы кислорода;;;;;;;;;;;;;;;1;;;
4307008247;;"ООО ""СОСНОВСКИЙ ВОДОКАНАЛ""";;;;37.00|36.00.2|45.20.2|36.00.1|47.19|49.4|46.19;;612990, Кировская область, Вятскополянский район, г. Сосновка, ул. Трудовые Резервы, д. 2;Действующая компания;Сухих Екатерина Геннадьевна;25300000.0;25,3 млн руб.;4;10;Промышленные компрессоры от 200 000 ₽ | Генераторы кислорода;;;;;;;;;;;;;;;1;;;
4524097854;;"ООО ""ВОДОКАНАЛ РЕСУРС""";;;;36.00|36.00.1|36.00.2|37.00|42.21|43.11|66.19.6|66.19.61|66.19.62|68.20|68.20.1|68.20.2;;641100, Курганская область, м. о. Шумихинский, г. Шумиха, ул. Советская, д. 103, офис 1;Действующая компания;;25200000.0;25,2 млн руб.;4;26;Промышленные компрессоры от 200 000 ₽ | Генераторы кислорода | МКС — мобильные компрессорные станции | МКС — модульные или блочно-компрессорные станции;;;;;;;;;;;;;;;1;;;
2348036144;;"ООО ""СЕВЕРСКИЙ ВОДОКАНАЛ""";;;;36.00|41.20|43.3|37.00|68.32|68.32.2|49.3;;353240, Краснодарский край, м. р-н Северский, с. п. Северское, ст-ца Северская, пер. Солнечный, д. 5;Действующая компания;Хазарова Оксана Станиславовна;25200000.0;25,2 млн руб.;4;10;Промышленные компрессоры от 200 000 ₽ | Генераторы кислорода;;;;;;;;;;;;;;;1;;;
3623007391;;"ООО ""ПОВОРИНОВОДОКАНАЛ""";;;;36.00|36.00.2|37.0|36.00.1|42.21|43.2|43.12.3;;397350, Воронежская область, м. р-н Поворинский, г. п. город Поворино, г. Поворино, пер. Никитинский, зд. 3А;Действующая компания;Казельский Андрей Викторович;24500000.0;24,5 млн руб.;4;26;Промышленные компрессоры от 200 000 ₽ | Генераторы кислорода | МКС — мобильные компрессорные станции | МКС — модульные или блочно-компрессорные станции;;;;;;;;;;;;;;;1;;;
5802008155;;"ОДО ""СЕТИ ВОДООТВЕДЕНИЯ Г. КАМЕНКИ""";;;;42.21|68.20|49.41.1|37.00|42.22.2|49.41.2;;442240, Пензенская область, Каменский район, г. Каменка, ул. Гражданская, д. 10А;Действующая компания;Качурин Юрий Петрович;24400000.0;24,4 млн руб.;4;16;Промышленные компрессоры от 200 000 ₽ | Генераторы кислорода | МКС — мобильные компрессорные станции | МКС — модульные или блочно-компрессорные станции;;;;;;;;;;;;;;;1;;;
2919007609;;"ООО ""ЧИСТАЯ ВОДА""";;;;36.00|16.23.1|16.23.2|35.30.3|35.30.4|35.30.5|37.00|41.20|42.21|42.22.2|42.99|43.11|43.12.1|43.12.3|43.21|43.22|43.29|43.31|43.32|43.34|43.91|43.99.1|43.99.4|43.99.5|43.99.6|43.99.7|68.32.1|69.10|93.19|93.29.9|96.04;;164650, Архангельская область, м. о. Пинежский, п. Междуреченский, ул. Строителей, д. 14, офис 1;Действующая компания;Чабиев Зураб Вахович;23300000.0;23,3 млн руб.;4;37;Промышленные компрессоры от 200 000 ₽ | Генераторы кислорода | МКС — мобильные компрессорные станции | МКС — модульные или блочно-компрессорные станции;;;;;;;;;;;;;;;1;;;
9701134320;;"ООО ""ХОРОШАЯ ВОДА""";;;;36.00|37.00|38.11|38.12|38.21|38.22|39.00|42.21|46.77|49.50|52.10|64.20|64.92|68.10|68.10.1|68.20.2|68.31.12|70.22|71.20.1|77.39|82.99;;105005, г. Москва, ул. Бауманская, д. 20, стр. 7, эт. 2, пом. II часть, комн. 20А;Действующая компания;;23200000.0;23,2 млн руб.;5;48;Промышленные компрессоры от 200 000 ₽ | Фотосепараторы | Генераторы азота | Генераторы кислорода | МКС — мобильные компрессорные станции | МКС — модульные или блочно-компрессорные станции;;;;;;;;;;;;;;;1;;;
5635021475;;"ООО ""НОВООРСКИЙ ВОДОКАНАЛ""";;;;36.0|42.21|42.22.2|37.00|69.10|70.22|43.22;;462800, Оренбургская область, Новоорский район, п. Новоорск, ул. Ленина, д. 12;Действующая компания;Алистратов Павел Анатольевич;22700000.0;22,7 млн руб.;4;8;Генераторы кислорода | Промышленные компрессоры от 200 000 ₽;;;;;;;;;;;;;;;1;;;
4345142370;;"ООО ""ВОДОСНАБЖЕНИЕ""";;;;36.00|11.07|37.00|41.2|43.12|43.2|43.3|43.99|47.19|77.11|77.3;;610040, Кировская область, г. о. город Киров, г. Киров, ул. Павла Корчагина, зд. 222;Действующая компания;Зыкин Денис Борисович;22600000.0;22,6 млн руб.;5;38;Промышленные компрессоры от 200 000 ₽ | Рентген-детекторы и рентген-инспекционные системы | Генераторы кислорода | МКС — мобильные компрессорные станции;;;;;;;;;;;;;;;1;;;
7424024431;;"ООО ""ВОДООТВЕДЕНИЕ""";;;;36.00|35.30|37.00|42.21|43.12.3|43.2|43.99.3|49.4|49.50.3|71.20.1|82.99;;457020, Челябинская область, Пластовский район, г. Пласт, ул. Розы Люксембург, д. 52;Действующая компания;Рабинович Никита Александрович;22000000.0;22 млн руб.;5;54;Промышленные компрессоры от 200 000 ₽ | Генераторы азота | Генераторы кислорода | МКС — мобильные компрессорные станции | МКС — модульные или блочно-компрессорные станции;;;;;;;;;;;;;;;1;;;
0817001876;;"ООО ""ТРОИЦКИЙ ГРУППОВОЙ ВОДОПРОВОД""";;;;37.00|36.00.1|36.00.2|41.20|42.21|43.12.3|43.21|43.22|43.29|43.31|43.32|43.33|43.34|43.39|43.91|43.99.2|43.99.4|43.99.5|43.99.6|68.32.1|68.32.2|71.12.4|78.20;;359180, Республика Калмыкия, Целинный район, с. Троицкое, ул. А. П. Чехова, д. 15, кабинет 1;Действующая компания;;21200000.0;21,2 млн руб.;4;34;Промышленные компрессоры от 200 000 ₽ | Генераторы кислорода | МКС — мобильные компрессорные станции | МКС — модульные или блочно-компрессорные станции;;;;;;;;;;;;;;;1;;;
7706737102;;"ООО ""ЖКХ ""ВОДОКАНАЛ""";;;;36.0|42.22.2|42.22.1|43.22|64.9|41.20|42.21|68.32|37.0|68.1;;143902, Московская область, г. Балашиха, ул. Зеленая, д. 32, корп. 2, эт/ком цокольный/89;Действующая компания;;20800000.0;20,8 млн руб.;4;4;Промышленные компрессоры от 200 000 ₽;;;;;;;;;;;;;;;1;;;
1685023230;;"ООО ""ВОДОКАНАЛ АМР""";;;;36.00|49.41|41.20|43.12.3|43.99.1|37.00|96.01|43.99.6|43.22;;422000, Республика Татарстан, м. р-н Арский, г. п. город Арск, г. Арск, ул. Маяковского, д. 56;Действующая компания;Сагитзянов Рамис Минлеханович;20400000.0;20,4 млн руб.;4;22;Промышленные компрессоры от 200 000 ₽ | Генераторы кислорода | МКС — мобильные компрессорные станции;;;;;;;;;;;;;;;1;;;
2816009971;;"ООО ""ВОДОКАНАЛ""";;;;36.00|43.29|38.11|38.12|43.21|37.00|68.32|43.22|42.21;;676910, Амурская область, Ивановский район, с. Полевое, ул. Заводская, д. 7, кв. 2;Действующая компания;;20200000.0;20,2 млн руб.;4;22;Промышленные компрессоры от 200 000 ₽ | Генераторы кислорода | МКС — мобильные компрессорные станции | МКС — модульные или блочно-компрессорные станции;;;;;;;;;;;;;;;1;;;
5404152760;;"ООО ""АКВАСЕРВИС""";;;;42.21|27.52|27.90.9|29.31|30.99|33.11|33.12|33.14|33.17|33.19|33.20|36.00|43.12|43.12.1|43.12.4|43.13|43.21|43.22|43.32|43.39|43.99.1|43.99.3|43.99.4|43.99.5|47.89|47.91|47.99.1|47.99.5|77.11|77.12|77.31|77.32|77.39;;630096, Новосибирская область, г. о. город Новосибирск, г. Новосибирск, ул. Невельского, д. 9, кв. 47;Действующая компания;Захаров Андрей Александрович;19700000.0;19,7 млн руб.;5;35;Промышленные компрессоры от 200 000 ₽ | Генераторы кислорода | МКС — мобильные компрессорные станции | МКС — модульные или блочно-компрессорные станции;;;;;;;;;;;;;;;1;;;
2209028883;;"ООО ""ВОДОКАНАЛСЕРВИС""";;;;42.21|16.10|16.10.9|16.23|16.24|16.29.1|25.1|25.99|32.99.9|35.30.4|35.30.5|36.00|37.00|41.10|41.20|42.11|42.22|42.99|43.11|43.12.3|43.2|43.3|43.39|45.20|49.41.1|82.92|82.99|96.0|96.09;;658200, Алтайский край, г. Рубцовск, ул. Пролетарская, д. 105;Действующая компания;Наумова Наталья Петровна;19600000.0;19,6 млн руб.;4;53;Промышленные компрессоры от 200 000 ₽ | Генераторы азота | Генераторы кислорода | МКС — мобильные компрессорные станции | МКС — модульные или блочно-компрессорные станции;;;;;;;;;;;;;;;1;;;
5045047343;;"ООО ""ВОДА - СТ""";;;;43.13|38.11|38.12|42.21|43.21|43.22|43.3|43.31|43.99|43.99.3|82.99;;142800, Московская область, г. о. Ступино, г. Ступино, ул. Транспортная, влд. 20А;Действующая компания;;19400000.0;19,4 млн руб.;4;24;Промышленные компрессоры от 200 000 ₽ | МКС — мобильные компрессорные станции | МКС — модульные или блочно-компрессорные станции;;;;;;;;;;;;;;;1;;;
7448177187;;"ООО ПК ""АРТЕЗИАНСКАЯ ВОДА""";;;;11.07|41.20|43.31|43.32|43.33|43.34.1|43.34.2|43.39|43.91|43.99|43.99.2|43.99.5|43.99.7|46.31.12|46.31.13|46.32|46.32.3|46.33|46.38|46.62|46.66|46.73.3|46.73.4|46.73.5|46.73.6|46.90|47.11|47.11.1|47.19|47.21|47.22.3|47.29.3|47.29.39|47.64|47.65|47.77|47.78|47.9|47.99|64.91|64.92.1|64.92.2|64.92.3|64.99|64.99.3|66.19.5|69.20|69.20.2|70.10.1|70.10.2|73.20|77.11|77.35|77.39.1|78.10|78.20|78.30|82.92|82.99;;454020, Челябинская область, г. Челябинск, ул. Энтузиастов, д. 30, офис 501/1;Действующая компания;Каплан Денис Алексеевич;19300000.0;19,3 млн руб.;5;24;Промышленные компрессоры от 200 000 ₽ | Рентген-детекторы и рентген-инспекционные системы | МКС — мобильные компрессорные станции;;;;;;;;;;;;;;;1;;;
0500014121;;"МУП ""ОЧИСТНЫЕ СООРУЖЕНИЯ -1""";;;;37.00|36.00.2;;368830, Республика Дагестан, г. о. город Кизляр, г. Кизляр, ул. К. Маркса, д. 13;Действующая компания;Гойлубиев Ибрагим Зайнудинович;19100000.0;19,1 млн руб.;4;10;Промышленные компрессоры от 200 000 ₽ | Генераторы кислорода;;;;;;;;;;;;;;;1;;;
3711024205;;"АО ""САВИНСКИЙ ВОДОКАНАЛ""";;;;37.00|36.00.2|16.1|16.10.9|16.23|16.24|33.14|33.20|35.3|36.0|37.0|41.2|43.12|43.2|43.3|43.99|47.5|49.4|49.50.3|62.0|62.02|63.1|63.11.1|68.1|68.2|68.3|69|71.1|71.12.5|71.12.6|77.11|77.33|77.39.1|77.39.2;;155710, Ивановская область, Савинский район, п. Савино, ул. Советская, д. 24;Действующая компания;;19000000.0;19 млн руб.;5;45;Промышленные компрессоры от 200 000 ₽ | Генераторы кислорода | МКС — мобильные компрессорные станции | МКС — модульные или блочно-компрессорные станции;;;;;;;;;;;;;;;1;;;
5431209045;;"ООО ""ВОДОКАНАЛ""";;;;36.0|43.22|43.12.3|47.5|47.9|42.21|42.22.2|95.2|37.00|49.4;;633564, Новосибирская область, Маслянинский район, рп. Маслянино, ул. Пролетарская, д. 22;Действующая компания;Клячин Владислав Николаевич;18700000.0;18,7 млн руб.;4;8;Генераторы кислорода | Промышленные компрессоры от 200 000 ₽;;;;;;;;;;;;;;;1;;;
1016043682;;"ООО ""ВОДОКАНАЛ""";;;;36.00|35.30|37.00|55.1|55.90|68.10.1|68.20|68.31.1|68.31.2|68.31.3|68.31.4|68.32|81.30|96.04;;186870, Республика Карелия, м. о. Суоярвский, г. Суоярви, ул. Мира, зд. 14А, помещ. 1;Действующая компания;Корчагин Сергей Александрович;18400000.0;18,4 млн руб.;4;13;Промышленные компрессоры от 200 000 ₽ | Генераторы кислорода | МКС — модульные или блочно-компрессорные станции;;;;;;;;;;;;;;;1;;;
6330084909;;"ООО ""ПРОИЗВОДСТВЕННАЯ КОМПАНИЯ ""ВОДА ЧЕМПИОНОВ""";;;;11.07|46.34.1|52.21.1|47.11|52.29;;443528, Самарская область, м. р-н Волжский, г. п. Смышляевка, пгт Стройкерамика, ул. Школьная, д. 10;Действующая компания;Мазмишвили Натэлла Важевна;18400000.0;18,4 млн руб.;4;14;Рентген-детекторы и рентген-инспекционные системы | МКС — мобильные компрессорные станции;;;;;;;;;;;;;;;1;;;
3662163450;;"ООО ""ВОДОКАНАЛ ПОДГОРНОЕ 1""";;;;36.0|01.1|01.2|01.4|01.6|02.1|37.0|41.20|42.21|42.91|42.99|43.11|43.12|43.21|43.22|43.29|46.2|46.3|46.4|46.7|46.9|47.1|47.2|47.5|47.73|47.74|47.75|59.1|60.10|60.20|86|93.2;;394075, Воронежская область, г. Воронеж, ул. Дачный Поселок, д. 3/1;Действующая компания;Акулова Ирина Юрьевна;18300000.0;18,3 млн руб.;4;8;Промышленные компрессоры от 200 000 ₽;;;;;;;;;;;;;;;1;;;
6234163611;;"ООО ""АКВАСЕРВИС""";;;;43.99|22.21|22.22|22.23|22.29|41.20|42.91.2|43.21|43.22|43.31|43.32|43.33|43.34|43.91|46.90|47.78.9;;390023, Рязанская область, г. о. город Рязань, г. Рязань, ул. Горького, д. 22, помещ. Н2 офис 1;Действующая компания;Коновалов Алексей Юрьевич;18300000.0;18,3 млн руб.;4;8;Промышленные компрессоры от 200 000 ₽ | МКС — мобильные компрессорные станции;;;;;;;;;;;;;;;1;;;
2924005702;;"МУП ""ЧИСТАЯ ВОДА""";;;;37.00|36.00.1|42.11|42.99|52.21.29|81.29.2|81.30|96.03|96.04|02.10|02.20|02.40|16.10|16.23|36.00|38.11|38.12|38.21|38.22.9|39.00|42.13|42.21|42.22.2|43.11|43.12|43.21|43.22|43.31|43.32|43.33|43.34|43.91|43.99|47.78.4|47.99|49.41|49.42|52.21.2|52.24|52.29|68.20|68.32.1|81.10|81.21|81.22|81.29|82.11|96.01;;165160, Архангельская область, Шенкурский район, г. Шенкурск, ул. Кудрявцева, д. 38, кабинет 19;Действующая компания;Истомин Николай Владимирович;17600000.0;17,6 млн руб.;4;41;Промышленные компрессоры от 200 000 ₽ | Генераторы кислорода | МКС — мобильные компрессорные станции | МКС — модульные или блочно-компрессорные станции;;;;;;;;;;;;;;;1;;;
3517803842;;"ООО ""ВОДОКАНАЛ-ТАРНОГА""";;;;36.00|37.00|41.2|43.12|43.2|43.99|46.6|46.9|47.5|82.99|96.03;;161560, Вологодская область, Тарногский район, с. Тарногский Городок, ул. Пионерская, д. 1;Действующая компания;Ступников Алексей Павлович;17600000.0;17,6 млн руб.;4;22;Промышленные компрессоры от 200 000 ₽ | Генераторы кислорода | МКС — мобильные компрессорные станции;;;;;;;;;;;;;;;1;;;
3439008668;;"ООО ""ВОДООТВЕДЕНИЕ""";;;;37.00|01.11.2|01.13.1|01.19|01.19.1|01.29|01.41|01.47|01.49|01.61|01.62|23.6|23.61|36.00.2|42.99|43.12.3|43.22|43.29|43.39|56.10|56.10.1|56.10.3|71.12|96.09;;403540, Волгоградская область, г. о. город Фролово, г. Фролово, ул. Ленина, двлд. 58, ком. 18, 19, 20, 21, 25;Действующая компания;Будаев Андрей Иванович;17600000.0;17,6 млн руб.;4;22;Промышленные компрессоры от 200 000 ₽ | Фотосепараторы | Генераторы кислорода;;;;;;;;;;;;;;;1;;;
3300015966;;"ООО ""ВОДОКАНАЛ СЕРВИС""";;;;36.00|37.00|39.00|41.10|41.20|42.21|42.91|43.11|43.12|43.13|43.21|43.22|43.29|43.31|43.32|43.33|43.34|43.39|43.99;;601144, Владимирская область, м. о. Петушинский, г. Петушки, ул. Ленина, д. 11, помещ. 9;Действующая компания;Усманов Ринат Махмудович;17500000.0;17,5 млн руб.;4;34;Промышленные компрессоры от 200 000 ₽ | Генераторы кислорода | МКС — мобильные компрессорные станции | МКС — модульные или блочно-компрессорные станции;;;;;;;;;;;;;;;1;;;
0107021564;"ОБЩЕСТВО С ОГРАНИЧЕННОЙ ОТВЕТСТВЕННОСТЬЮ ""ЖИЛКОМСЕРВИС""";"ООО ""ЖИЛКОМСЕРВИС""";kc;;37.0;37.0|36.0|36.00.1|37.00|38.1|38.2|42.21|42.22.1|42.22.2|43.22|81.29.9;;385112, Республика Адыгея (Адыгея), Тахтамукайский район, аул Старобжегокай, ул. Ленина, д. 35/1;Действующая компания;Мамий Адгем Байзетович;17400000.0;17,4 млн руб.;4;11;Генераторы кислорода | Промышленные компрессоры от 200 000 ₽;;;0;;;;;;;;;;;checko;1;;;
5823901120;;"ООО ""ОЧИСТНЫЕ СООРУЖЕНИЯ""";;;;37.00;;442370, Пензенская область, м. р-н Мокшанский, г. п. Рабочий поселок Мокшан, рп. Мокшан, ул. Садовая, д. 26;Действующая компания;Соболев Василий Васильевич;17400000.0;17,4 млн руб.;4;4;Генераторы кислорода;;;;;;;;;;;;;;;1;;;
1624018025;;"ООО ""ЖИВАЯ ВОДА""";;;;11.07|27.52|27.90|33.12|33.14|33.20|36.00|46.34.1|46.43.1|46.44.1|46.49|46.90|47.43|47.54|52.29|62.09|63.11.1|70.22|73.20|74.30|82.92|95.22.1;;422616, Республика Татарстан, Лаишевский район, с. Усады, ул. Дорожная, д. 67, офис 1;Действующая компания;Казаков Роман Ильдарович;16900000.0;16,9 млн руб.;4;20;Промышленные компрессоры от 200 000 ₽ | Рентген-детекторы и рентген-инспекционные системы | Генераторы кислорода | МКС — мобильные компрессорные станции;;;;;;;;;;;;;;;1;;;
3808288184;;"ООО ""ВОДА ОЛЬХОНА""";;;;36.00|08.11|08.12|35.30.5|38.11|41.20|42.21|42.99|46.71|49.41|49.42|78.10;;664009, Иркутская область, г. о. город Иркутск, г. Иркутск, ул. Андреева, д. 41А;Действующая компания;Батуев Аркадий Валерьевич;16700000.0;16,7 млн руб.;4;29;Промышленные компрессоры от 200 000 ₽ | Генераторы кислорода | МКС — мобильные компрессорные станции | МКС — модульные или блочно-компрессорные станции;;;;;;;;;;;;;;;1;;;
6450052264;;"ООО ""КУМЫСНАЯ ВОДА""";;;;42.21|43.13|46.1|46.17.21|46.34|46.90|47.25.2|47.9|49.41.2|52.10|52.10.9|52.21.2;;410002, Саратовская область, г. Саратов, ул. им. Лермонтова М. Ю., д. 22;Действующая компания;Морозов Алексей Владимирович;16400000.0;16,4 млн руб.;4;23;Промышленные компрессоры от 200 000 ₽ | Фотосепараторы | МКС — мобильные компрессорные станции | МКС — модульные или блочно-компрессорные станции;;;;;;;;;;;;;;;1;;;
6671276262;;"ООО ""ВОДОКАНАЛЭКСПЕРТ""";;;;37.00|38.11|38.12|39.00|49.41.1|49.41.3|52.10|52.21|52.24|52.29|68.10|70.22|77.11|77.32|77.39|81.29.9|82.99;;620146, Свердловская область, г. о. город Екатеринбург, г. Екатеринбург, ул. Громова, д. 30, кв. 305;Действующая компания;Савватеев Александр Викторович;16300000.0;16,3 млн руб.;5;16;Промышленные компрессоры от 200 000 ₽ | Фотосепараторы | Генераторы кислорода | МКС — мобильные компрессорные станции;;;;;;;;;;;;;;;1;;;
2460090230;;"ООО ""ВОДА АКВА""";;;;11.07|46.34|47.25;;660058, Красноярский край, г. Красноярск, ул. Ломоносова, зд. 24, стр. 2;Действующая компания;;16100000.0;16,1 млн руб.;4;11;Рентген-детекторы и рентген-инспекционные системы;;;;;;;;;;;;;;;1;;;
4501222700;;"ООО ""ЧИСТАЯ ВОДА""";;;;42.21|36.00|36.00.2|37.00|41.10|41.20|42.11|42.22|42.22.1|42.22.2|42.91|42.91.2|42.91.3|42.91.4|42.91.5|42.99|43.11|43.12|43.12.1|43.12.2|43.12.3|43.21|43.22|43.29|43.31|43.32|43.32.2|43.32.3|43.33|43.34|43.39|43.91|43.99.1|43.99.2|43.99.3|43.99.4|43.99.5|43.99.6|43.99.7|43.99.9|46.73.3|46.73.6|46.74.2|47.52.2|68.10|68.10.1|69.10|71.11.1|71.12.1;;640027, Курганская область, г. о. город Курган, г. Курган, ул. Бурова-Петрова, стр. 99С, помещ. 1;Действующая компания;Сапелкин Константин Владимирович;16000000.0;16 млн руб.;4;38;Промышленные компрессоры от 200 000 ₽ | Генераторы кислорода | МКС — мобильные компрессорные станции | МКС — модульные или блочно-компрессорные станции;;;;;;;;;;;;;;;1;;;
5531008303;;"ООО ""РУСВОДОКАНАЛ""";;;;36.00|35.30|37.00|41.20|43.21|43.22|43.29|43.99.1|49.4|68.20|68.31.1|68.31.2|68.31.3|68.31.4|77.31|96.09;;646780, Омская область, Русско-Полянский район, рп. Русская Поляна, ул. Северная, д. 78;Действующая компания;Антонян Артак Гургенович;15800000.0;15,8 млн руб.;5;26;Промышленные компрессоры от 200 000 ₽ | Генераторы кислорода | МКС — мобильные компрессорные станции | МКС — модульные или блочно-компрессорные станции;;;;;;;;;;;;;;;1;;;
2535004287;;"ООО ""ВОДОКАНАЛ - СЕРВИС""";;;;36.00|08.1|16.23|33.12|36.00.2|37.0|41.2|43.11|43.12|43.12.1|43.12.3|43.13|43.2|43.3|46.12.22|46.13|47.1|47.19|47.52|47.79|47.9|52.10|52.29|68.3|77.3;;692361, Приморский край, Яковлевский район, с. Яковлевка, ул. Советская, д. 64;Действующая компания;;15700000.0;15,7 млн руб.;5;34;Промышленные компрессоры от 200 000 ₽ | Фотосепараторы | Генераторы кислорода | МКС — мобильные компрессорные станции;;;;;;;;;;;;;;;1;;;
3816034338;;"ООО ""ВОДООТВЕДЕНИЕ""";;;;37.00|47.19|43.99|47.30.2|49.41|42.22|43.12.3|77.12|42.21|68.20;;665386, Иркутская область, г. о. Зиминский, г. Зима, ул. Бугровая, д. 47;Действующая компания;Каменский Сергей Владимирович;15500000.0;15,5 млн руб.;4;28;Промышленные компрессоры от 200 000 ₽ | Генераторы кислорода | МКС — мобильные компрессорные станции | МКС — модульные или блочно-компрессорные станции;;;;;;;;;;;;;;;1;;;
4816025416;;"ООО ""АКВАСЕРВИС""";;;;42.21|03.22|16.10|16.23|33.12|41.20|42.11|43.12|43.21|43.22|43.29|43.31|43.32|43.39|43.99|45.20|45.20.3|45.31|45.32|47.11|47.25|47.52.79|47.78|47.91.2|47.99|49.41|52.24|55.10|55.20|56.21|56.29|68.10.23|69.20.2|70.22|81.30|93.21|93.29|96.04;;399200, Липецкая область, м. о. Задонский, г. Задонск, ул. Степанищева, д. 21;Действующая компания;;15400000.0;15,4 млн руб.;4;34;Промышленные компрессоры от 200 000 ₽ | Генераторы кислорода | МКС — мобильные компрессорные станции | МКС — модульные или блочно-компрессорные станции;;;;;;;;;;;;;;;1;;;
6661060264;;"ООО ""ПИТЬЕВАЯ ВОДА""";;;;11.07|10.89|10.89.1|10.89.5|10.89.6|10.89.7|10.89.8|10.89.9|36.00|46.34.1|46.38.29|46.43.1|46.49.5|47.25.2|47.54|47.9|47.99;;620144, Свердловская область, г. Екатеринбург, ул. Фурманова, д. 123, кв. 189;Действующая компания;Мороков Андрей Владимирович;15400000.0;15,4 млн руб.;5;32;Промышленные компрессоры от 200 000 ₽ | Рентген-детекторы и рентген-инспекционные системы | Генераторы азота | Генераторы кислорода;;;;;;;;;;;;;;;1;;;
5009136260;;"ООО ""ЯГОДАВОДА""";;;;11.07|46.34.1|46.17.21|46.38.29|46.90|10.86.7|11.07.2|47.25.2|10.32|47.11;;142007, Московская область, г. о. Домодедово, г. Домодедово, мкр. Авиационный, ул. Ильюшина, д. 2;Действующая компания;;14400000.0;14,4 млн руб.;5;33;Фотосепараторы | Рентген-детекторы и рентген-инспекционные системы | Генераторы азота;;;;;;;;;;;;;;;1;;;
7100060373;;"МКП АРСЕНЬЕВСКОГО РАЙОНА ""ВОДОКАНАЛ""";;;;36.00|36.00.1|37.00|36.00.2;;301510, Тульская область, м. р-н Арсеньевский, г. п. Рабочий поселок Арсеньево, рп. Арсеньево, ул. Папанина, д. 4;Действующая компания;;14000000.0;14 млн руб.;4;10;Промышленные компрессоры от 200 000 ₽ | Генераторы кислорода;;;;;;;;;;;;;;;1;;;
5009123422;;"ООО ""ВОДА-НАРОДУ""";;;;42.21|28.12|28.13|33.11|33.14|33.19|36.00|42.99|43.12|43.13|43.22|43.99|45.20|45.31|46.49.4|46.52.2|46.61.2|46.63|46.69|46.73.1|46.73.2|46.73.6|46.73.8|46.74|46.90|47.52|71.11|71.12.45|81.30;;142004, Московская область, г. Домодедово, ул. Корнеева (Центральный мкр.), д. 27, этаж 2, комната 13;Действующая компания;Нездатный Евгений Олегович;12800000.0;12,8 млн руб.;4;30;Промышленные компрессоры от 200 000 ₽ | Генераторы кислорода | МКС — мобильные компрессорные станции | МКС — модульные или блочно-компрессорные станции;;;;;;;;;;;;;;;1;;;
4252007604;;"ООО ""ШЕРЕГЕШСКАЯ ВОДА""";;;;36.00|22.22|46.34|11.07|46.49|47.9|47.25|46.38;;652971, Кемеровская область - Кузбасс, Таштагольский район, пгт Шерегеш, ул. Вокзальная, д. 1, корп. а;Действующая компания;;12600000.0;12,6 млн руб.;4;17;Промышленные компрессоры от 200 000 ₽ | Рентген-детекторы и рентген-инспекционные системы | Генераторы кислорода;;;;;;;;;;;;;;;1;;;
2102421361;;"ООО ""ТЕПЛОВОДОКАНАЛ""";;;;42.21|16.10|16.10.9|35.13|35.30.1|35.30.2|35.30.4|35.30.5|36.00.1|36.00.2|37.00|38.1|38.2|41.20|42.22.2|43.11|43.12.3|43.22|43.31|43.32|43.33|43.34.1|43.99.6|81.29.9|96.04;;429250, Чувашская Республика - Чувашия, Аликовский район, с. Аликово, ул. Гагарина, д. 24;Действующая компания;Никифоров Александр Николаевич;11900000.0;11,9 млн руб.;4;41;Промышленные компрессоры от 200 000 ₽ | Генераторы кислорода | МКС — мобильные компрессорные станции | МКС — модульные или блочно-компрессорные станции;;;;;;;;;;;;;;;1;;;
0268058854;;"ООО ПКФ ""ЭЛЕМЕНТЫ ТРУБОПРОВОДА""";;;;25.62|25.93.1|25.9|25.94|25.99|25.11|25.61|47.9|25.1|28.14;;453102, Республика Башкортостан, г. Стерлитамак, ул. Павлова, зд. 10;Действующая компания;Набикаев Булат Эдуардович;11800000.0;11,8 млн руб.;5;35;Промышленные компрессоры от 200 000 ₽ | Генераторы азота;;;;;;;;;;;;;;;1;;;
0241004555;;"ООО ""СТЕРЛИБАШЕВОВОДОКАНАЛ""";;;;36.00|36.00.1|36.00.2|37.00|42.21|43.99.9|52.21|52.21.2|80.20|82.99|84.25.1;;453180, Республика Башкортостан, Стерлибашевский район, с. Стерлибашево, ул. Комсомольская, д. 13;Действующая компания;Зиганшин Тимур Рахимович;11700000.0;11,7 млн руб.;4;35;Промышленные компрессоры от 200 000 ₽ | Генераторы кислорода | МКС — мобильные компрессорные станции | МКС — модульные или блочно-компрессорные станции;;;;;;;;;;;;;;;1;;;
7455043949;;"ООО ""ДОБРАЯ ВОДА""";;;;11.07|47.99|47.25|10.86.7|46.34|47.91;;455021, Челябинская область, г. о. Магнитогорский, г. Магнитогорск, пр-кт Ленина, д. 156А, офис 12 этаж 1;Действующая компания;Миронов Виталий Александрович;11400000.0;11,4 млн руб.;5;26;Рентген-детекторы и рентген-инспекционные системы | Генераторы азота;;;;;;;;;;;;;;;1;;;
3721005610;;"ООО ""ЖИВАЯ ВОДА""";;;;11.07|36.00.1|46.34.1|36.00.2|82.92;;153025, Ивановская область, г. о. Иваново, г. Иваново, ул. Войкова, д. 22, кв. 42;Действующая компания;Корчагин Артемий Николаевич;10500000.0;10,5 млн руб.;4;17;Промышленные компрессоры от 200 000 ₽ | Рентген-детекторы и рентген-инспекционные системы | Генераторы кислорода;;;;;;;;;;;;;;;1;;;
6671357419;;"ООО ""АКВАСЕРВИС""";;;;42.21|41.20|42.11|42.91|42.99|43.12|43.13|43.2|43.3|43.91|43.99|43.99.3|47.52.7|71.12.3|71.12.4;;620144, Свердловская область, г. Екатеринбург, ул. 8 Марта, д. 194, кв. 30;Действующая компания;;10400000.0;10,4 млн руб.;4;28;Промышленные компрессоры от 200 000 ₽ | МКС — мобильные компрессорные станции | МКС — модульные или блочно-компрессорные станции;;;;;;;;;;;;;;;1;;;
5260344852;;"ООО ""ВОДОКАНАЛПРОЕКТ""";;;;42.21|33.12|36.0|37.0|42.22.2|42.99|43.2|43.22|43.29|47.52.5|49.41|71.1|71.11.1|71.20|82.99;;603159, Нижегородская область, г. о. город Нижний Новгород, г. Нижний Новгород, ул. Пролетарская, д. 12, кв. 33;Действующая компания;;10300000.0;10,3 млн руб.;4;24;Промышленные компрессоры от 200 000 ₽ | Генераторы азота | Генераторы кислорода | МКС — мобильные компрессорные станции | МКС — модульные или блочно-компрессорные станции;;;;;;;;;;;;;;;1;;;
4327005678;;"ООО ""ВОДОКАНАЛ-САНЧУРСК""";;;;36.00|35.30|35.30.4|37.00|41.20|42.11|42.21|42.99|43.11|43.12.3|43.21|43.22|43.29|43.31|43.32|43.33|43.34|43.39|43.91|43.99|43.99.1|45.20|45.20.1|45.20.2|45.20.3|45.32|46.72|49.20.9|49.31|49.32|49.41|49.42|52.29|68.20|68.32|77.11|81.29;;612370, Кировская область, м. о. Санчурский, пгт Санчурск, ул. Свердлова, д. 13, помещ. 11;Действующая компания;;10000000.0;10 млн руб.;4;44;Промышленные компрессоры от 200 000 ₽ | Генераторы кислорода | МКС — мобильные компрессорные станции | МКС — модульные или блочно-компрессорные станции;;;;;;;;;;;;;;;1;;;
6725033332;;"МУП ""ВОДОКАНАЛ""";;;;36.00|35.30.5|37.00|38.11|43.11|43.12.3|43.22|43.29|49.20.9|68.20|68.32.1|81.10|81.29.1|81.29.9|96.09;;216450, Смоленская область, Починковский район, г. Починок, ул. Твардовского, зд. 10А;;Щедров Александр Николаевич;10000000.0;10 млн руб.;4;17;Промышленные компрессоры от 200 000 ₽ | Генераторы кислорода | МКС — модульные или блочно-компрессорные станции;;;;;;;;;;;;;;;1;;;
2706030480;;"ООО ""РМС ВОДОКАНАЛ""";;;;25.61|25.12|25.62|25.72|25.73|25.93|25.93.1|25.94|25.99.29|28.14|28.15.2|28.24|33.12|38.32.3|38.32.4|45.20;;682644, Хабаровский край, г. Амурск, пр-кт Комсомольский, д. 28А;Действующая компания;;10000000.0;10 млн руб.;5;42;Промышленные компрессоры от 200 000 ₽ | Фотосепараторы | Генераторы азота;;;;;;;;;;;;;;;1;;;
0212006460;;"ООО ""БИЖБУЛЯКВОДОКАНАЛСЕРВИС""";;;;36.00|02.20|16.10|25.9|37.00|42.22.2|42.99|43.2|47.52.5|71.12|77.39.11|82.99;;452040, Республика Башкортостан, Бижбулякский район, с. Бижбуляк, ул. Центральная, д. 31;Действующая компания;Михайлов Андрей Валериевич;9900000.0;9,9 млн руб.;5;42;Промышленные компрессоры от 200 000 ₽ | Генераторы азота | Генераторы кислорода | МКС — мобильные компрессорные станции | МКС — модульные или блочно-компрессорные станции;;;;;;;;;;;;;;;1;;;
4310004203;;"ООО ""КИЛЬМЕЗЬВОДОКАНАЛ""";;;;36.00|43.12.3|42.21|43.22|47.52.5|37.00|41.20|81.29.2|35.30|49.41;;613570, Кировская область, Кильмезский район, пгт Кильмезь, ул. Зеленая, д. 17Г;Действующая компания;Владимиров Андрей Николаевич;9900000.0;9,9 млн руб.;4;29;Промышленные компрессоры от 200 000 ₽ | Генераторы кислорода | МКС — мобильные компрессорные станции | МКС — модульные или блочно-компрессорные станции;;;;;;;;;;;;;;;1;;;
2723173023;;"ООО ""СВОЯ ВОДА""";;;;42.21|47.21|47.2|47.25|47.73|43.99.3|47.1|47.75|43.22|47.74;;680006, Хабаровский край, г. Хабаровск, ул. Иртышская, д. 15, кв. 89;Действующая компания;Бабков Михаил Владимирович;9800000.0;9,8 млн руб.;4;20;Промышленные компрессоры от 200 000 ₽ | МКС — мобильные компрессорные станции | МКС — модульные или блочно-компрессорные станции;;;;;;;;;;;;;;;1;;;
2827010619;;"ООО ""ОКТЯБРЬСКИЙ ВОДОКАНАЛ""";;;;36.00|37.00;;676885, Амурская область, м. р-н Октябрьский, с. п. Варваровский Сельсовет, с. Варваровка, ул. Молодежная, д. 11, офис 13;Действующая компания;;9800000.0;9,8 млн руб.;4;10;Промышленные компрессоры от 200 000 ₽ | Генераторы кислорода;;;;;;;;;;;;;;;1;;;
3317011550;;"ООО ""ВОДА СТАРОДУБСКАЯ""";;;;11.07|10.86.7|18.12|18.13|20.20|41.2|43.3|45.2|46.34.1|47.25.2|47.59|49.4|73.1|82.99|95.22;;601952, Владимирская область, Ковровский район, с. Клязьминский Городок, ул. Клязьминская Пмк, д. 7В;Действующая компания;Мохов Вадим Анатольевич;9800000.0;9,8 млн руб.;5;26;Рентген-детекторы и рентген-инспекционные системы | Генераторы азота;;;;;;;;;;;;;;;1;;;
3257067612;;"ООО ""Я-ВОДА""";;;;11.07|46.34.1|47.19|10.86.7|49.41.2|77.29.2|52.10.9|47.25.2;;214558, Смоленская область, м. о. Смоленский, д. Кореневщина, ул. Ветеранов, д. 20А;Действующая компания;;9700000.0;9,7 млн руб.;5;30;Фотосепараторы | Рентген-детекторы и рентген-инспекционные системы | Генераторы азота;;;;;;;;;;;;;;;1;;;
4501188537;;"ООО ""ВОДОПРОВОДСТРОЙ""";;;;42.21|02.10|02.20|02.40|16.10|16.10.9|16.21|16.23|16.24|16.29.1|16.29.2|31.01|31.02|41.20|42.22.1|42.22.2|43.11|43.12.3|43.21|43.22|43.29|43.31|43.32|43.33|43.34|43.39|43.91|43.99|43.99.1|45.20|46.19|46.90|47.79|49.4|52.29|55.10|56.29|64.19|64.92|64.99|68.20|69.20|73.20|79.11|82.99;;640027, Курганская область, г. Курган, ул. Омская, стр. 148;Действующая компания;Андрюшенко Александр Александррович;9600000.0;9,6 млн руб.;4;27;Промышленные компрессоры от 200 000 ₽ | МКС — мобильные компрессорные станции | МКС — модульные или блочно-компрессорные станции;;;;;;;;;;;;;;;1;;;
7811600266;;"ООО ""ВОДА""";;;;42.21|41.20|42.11|42.91|42.99|43.12.3|43.13|43.29|43.31|43.32|43.33|43.34|43.39|43.91|43.99|43.99.1|43.99.3|46.73|46.90|47.9|47.99|71.1|71.12.5|71.12.6;;196006, г. Санкт-Петербург, вн. тер. г. муниципальный округ Московская Застава, ул. Коли Томчака, д. 28, литера Ц, офис 615, помещ. 1-Н;Действующая компания;;9400000.0;9,4 млн руб.;4;28;Промышленные компрессоры от 200 000 ₽ | МКС — мобильные компрессорные станции | МКС — модульные или блочно-компрессорные станции;;;;;;;;;;;;;;;1;;;
5402569678;;"ООО СЦ ""ЧИСТАЯ ВОДА""";;;;42.21|35.11.1|35.30.4|35.30.5|42.22.1|42.22.2|42.91|43.21|43.22|43.29|43.99.1|46.90;;630049, Новосибирская область, г. о. город Новосибирск, г. Новосибирск, ул. Дуси Ковальчук, д. 185;Действующая компания;Курбатский Петр Михайлович;9300000.0;9,3 млн руб.;4;27;Промышленные компрессоры от 200 000 ₽ | МКС — мобильные компрессорные станции | МКС — модульные или блочно-компрессорные станции;;;;;;;;;;;;;;;1;;;
4504010051;;"ООО ""АКВАСЕРВИС""";;;;36.00|35.30.14|35.30.2|35.30.3|35.30.4|35.30.5|37.00|41.20|43.21|43.22|43.29|43.31|43.32|43.33|43.34|43.39|43.91|43.99|47.52|49.4;;641360, Курганская область, м. о. Белозерский, с. Белозерское, ул. Советская, д. 30;Действующая компания;Косенков Юрий Иванович;9100000.0;9,1 млн руб.;4;21;Промышленные компрессоры от 200 000 ₽ | Генераторы кислорода | МКС — мобильные компрессорные станции | МКС — модульные или блочно-компрессорные станции;;;;;;;;;;;;;;;1;;;
4335004011;;"ООО ""ФАЛЕНСКИЙ ВОДОКАНАЛ""";;;;36.00|42.21|68.32.1|42.22.2|68.32.2;;612500, Кировская область, Фаленский район, пгт Фаленки, ул. Коминтерна, д. 11Б, кв. 1;Действующая компания;;9100000.0;9,1 млн руб.;4;18;Промышленные компрессоры от 200 000 ₽ | Генераторы кислорода | МКС — мобильные компрессорные станции | МКС — модульные или блочно-компрессорные станции;;;;;;;;;;;;;;;1;;;
1841057014;;"ООО ""ВОДОКАНАЛ-СЕРВИС""";;;;42.21|43.12.3|43.21|43.22|43.29|43.99|68.32.1|68.32.2|78.10|81.21|81.22|81.30;;427000, Удмуртская Республика, м. о. Завьяловский Район, с. Завьялово, ул. Чкалова, д. 22, помещ. 5;Действующая компания;Васильев Николай Федорович;8900000.0;8,9 млн руб.;4;24;Промышленные компрессоры от 200 000 ₽ | МКС — мобильные компрессорные станции | МКС — модульные или блочно-компрессорные станции;;;;;;;;;;;;;;;1;;;
4406008449;;"ООО ""ВОДОКАНАЛ ГОРОД НЕЯ""";;;;36.00|25.21|28.21|33.12|33.14|35.12.1|35.13|35.30|37.00|38.11|42.11|42.21|42.99|43.11|43.12|43.12.3|43.21|43.22|43.29|43.39|49.20.9|49.41|68.20|68.32|68.32.1|68.32.2|78.10|81.29;;157330, Костромская область, Нейский район, г. Нея, ул. Любимова, д. 4;;;8800000.0;8,8 млн руб.;4;44;Промышленные компрессоры от 200 000 ₽ | Генераторы кислорода | МКС — мобильные компрессорные станции | МКС — модульные или блочно-компрессорные станции;;;;;;;;;;;;;;;1;;;
2536294892;;"ООО ""ЖИВАЯ ВОДА""";;;;11.07|11.07.2|36.00|11.07.1|46.34.1|47.25.2|36.00.1;;690014, Приморский край, г. Владивосток, ул. Крылова, д. 10;Действующая компания;;8700000.0;8,7 млн руб.;4;17;Промышленные компрессоры от 200 000 ₽ | Рентген-детекторы и рентген-инспекционные системы | Генераторы кислорода;;;;;;;;;;;;;;;1;;;
0400015918;;"ООО ""ЖИВАЯ ВОДА""";;;;11.07|11.07.2|22.22|22.29|36.00|45.20.3|46.34.1|46.49|46.90|47.19|47.25.2|47.29|47.78.9|47.89|47.99|47.99.1|52.10|52.29|53.20.31|56.10|56.10.2|56.10.24|95.22|96.01;;Республика Алтай, м. р-н Майминский, с. п. Майминское, с. Майма, ул. Нагорная, зд. 6Б;Действующая компания;;8600000.0;8,6 млн руб.;4;24;Промышленные компрессоры от 200 000 ₽ | Фотосепараторы | Рентген-детекторы и рентген-инспекционные системы | Генераторы кислорода | МКС — мобильные компрессорные станции;;;;;;;;;;;;;;;1;;;
2342019696;;"ООО ""ОЧИСТНЫЕ СООРУЖЕНИЯ""";;;;37.00|36.00.1|36.00.2;;352571, Краснодарский край, Мостовский район, пгт Мостовской, ул. Заводская, д. 1;Действующая компания;Урумов Андрей Аликович;8100000.0;8,1 млн руб.;4;10;Промышленные компрессоры от 200 000 ₽ | Генераторы кислорода;;;;;;;;;;;;;;;1;;;
6409005143;;"ООО ""ВОДОКОМПЛЕКС""";;;;36.00|37.00|38.11|38.12|42.21|43.12|43.21|43.22|43.32|43.33|43.34|43.91|43.99|47.11|47.21|47.22|47.23|47.29|47.52|47.64|47.81|49.32|49.41;;413030, Саратовская область, Воскресенский район, с. Воскресенское, ул. Докучаева, д. 2б/1;Действующая компания;Полуцыган Олег Александрович;7900000.0;7,9 млн руб.;4;34;Промышленные компрессоры от 200 000 ₽ | Генераторы кислорода | МКС — мобильные компрессорные станции | МКС — модульные или блочно-компрессорные станции;;;;;;;;;;;;;;;1;;;
7838114633;;"ООО ""ЦИФРОВИЗАЦИЯ ПРОМЫШЛЕННОГО ГИДРОПРИВОДА""";;;;72.19|46.42|62.09|46.69.8|71.12;;198035, г. Санкт-Петербург, вн. тер. г. муниципальный округ Екатерингофский, ул. Курляндская, д. 49, литера А, помещ./офис 4-Н/2-040;Действующая компания;;7600000.0;7,6 млн руб.;2;2;Генераторы азота;;;;;;;;;;;;;;;1;;;
4324009120;;"ООО ""ВОДОКАНАЛ""";;;;36.00|02.10|02.10.2|02.20|02.40|33.11|33.12|33.14|33.17|36.00.1|36.00.2|37.00|38.11|38.12|38.21|38.22|41.10|41.20|42.11|42.12|42.13|42.21|42.91|42.91.4|42.91.5|42.99|43.11|43.12.3|43.29|43.34|47.11|47.30.2|49.20.1|49.20.9|49.39|49.39.31|49.39.39|49.41|49.41.1|49.41.2|49.41.3|49.42|49.50|69.10|77.11|77.12|77.29|77.29.9|77.31|77.32|77.33|77.39|77.39.25|81.10|81.21|81.21.9;;612080, Кировская область, м. о. Оричевский, пгт Оричи, ул. Конева, д. 2;Действующая компания;Конышев Иван Сергеевич;7300000.0;7,3 млн руб.;5;50;Промышленные компрессоры от 200 000 ₽ | Генераторы кислорода | МКС — мобильные компрессорные станции | МКС — модульные или блочно-компрессорные станции;;;;;;;;;;;;;;;1;;;
6453154641;;"ООО ""ЖИВАЯ ВОДА ЭКО""";;;;36.00|46.21|46.17.21|47.11|47.99|11.07|46.14.1|74.90.4|10.86.7|49.42;;410003, Саратовская область, г. о. город Саратов, г. Саратов, ул. им. Гоголя Н. В., д. 1, кв. 79;;Шафеева Галина Ивановна;7300000.0;7,3 млн руб.;5;32;Промышленные компрессоры от 200 000 ₽ | Рентген-детекторы и рентген-инспекционные системы | Генераторы азота | Генераторы кислорода;;;;;;;;;;;;;;;1;;;
1326255006;;"ООО ""ВОДА ТУТ""";;;;11.07|46.34.1|46.37|46.17.21|47.29.35|77.29.2|47.78.9|47.25.2;;430003, Республика Мордовия, г. Саранск, пр-кт Ленина, д. 27А, помещ. 2;Действующая компания;;7200000.0;7,2 млн руб.;4;11;Рентген-детекторы и рентген-инспекционные системы;;;;;;;;;;;;;;;1;;;
3625008390;;"ООО ""РАМОНЬ-ВОДОКАНАЛ""";;;;37.00|42.22.1|42.21|42.22.2|43.22|36.00.2|43.99|36.00.1|43.3;;396020, Воронежская область, Рамонский район, рп. Рамонь, ул. Юбилейная, д. 6А, офис 11;Действующая компания;Быстрянцев Евгений Николаевич;7100000.0;7,1 млн руб.;4;30;Промышленные компрессоры от 200 000 ₽ | Генераторы кислорода | МКС — мобильные компрессорные станции | МКС — модульные или блочно-компрессорные станции;;;;;;;;;;;;;;;1;;;
4324006803;;"ООО ""ВОДОКАНАЛ ПЛЮС""";;;;37.00|36.00.2|41.20|36.00.1|43.12.3|43.22|42.21;;612080, Кировская область, Оричевский район, пгт Оричи, ул. Колхозная, д. 49;Действующая компания;Исупова Оксана Александровна;7000000.0;7 млн руб.;4;26;Промышленные компрессоры от 200 000 ₽ | Генераторы кислорода | МКС — мобильные компрессорные станции | МКС — модульные или блочно-компрессорные станции;;;;;;;;;;;;;;;1;;;
5605022746;;"ООО ""ВОДОКАНАЛСТРОЙСЕРВИС""";;;;36.00|35.30|35.30.1|35.30.2|35.30.4|35.30.5|36.00.1|36.00.2|37.00|38.11|38.21|38.31|38.32|38.32.52|41.20|42.11|42.21|42.22|42.91|43.12|43.21|43.22|43.32|43.33|66.19|68.32|69.10|81.21|81.22|81.29|81.29.9|96.04|96.09;;460540, Оренбургская область, м. р-н Оренбургский, с. п. Первомайский Поссовет, п. Первомайский, ул. Пролетарская, д. 32;Действующая компания;Уричук Владимир Михайлович;6700000.0;6,7 млн руб.;4;37;Промышленные компрессоры от 200 000 ₽ | Фотосепараторы | Генераторы кислорода | МКС — мобильные компрессорные станции | МКС — модульные или блочно-компрессорные станции;;;;;;;;;;;;;;;1;;;
2373001297;;"ООО ""ВОДООТВЕДЕНИЕ""";;;;37.00|82.99|42.22.2|42.21|42.22.1|43.22;;353204, Краснодарский край, Динской район, ст-ца Динская, ул. Шевченко, д. 5;Действующая компания;Рудинский Александр Александрович;6400000.0;6,4 млн руб.;4;16;Промышленные компрессоры от 200 000 ₽ | Генераторы кислорода | МКС — мобильные компрессорные станции | МКС — модульные или блочно-компрессорные станции;;;;;;;;;;;;;;;1;;;
7724440129;;"ООО ""КРИСТАЛЬНАЯ ВОДА""";;;;36.00|28.29.12|46.74.2|36.00.1;;115230, г. Москва, вн. тер. г. муниципальный округ Нагатино-Садовники, Хлебозаводский проезд, д. 7, стр. 9, этаж/помещ./ком./офис 10/XXI/1/А1Б;Действующая компания;;6200000.0;6,2 млн руб.;3;6;Промышленные компрессоры от 200 000 ₽ | Генераторы кислорода;;;;;;;;;;;;;;;1;;;
5190069014;;"ООО ""ВОДА СЕВЕРА""";;;;11.07|46.17.21|47.25.2|46.34.1;;183008, Мурманская область, г. Мурманск, пр-кт Кольский, д. 110, корп. 2;Действующая компания;Ермолаев Алексей Александрович;6100000.0;6,1 млн руб.;4;11;Рентген-детекторы и рентген-инспекционные системы;;;;;;;;;;;;;;;1;;;
4623005710;;"МУП ""ВОДОПРОВОДНОГО И ЖИЛИЩНО-КОММУНАЛЬНОГО ХОЗЯЙСТВА"" СЕЛО ЗАМОСТЬЕ ПРИ М.О. ""ЗАМОСТЯНСКИЙ СЕЛЬСОВЕТ""";;;;36.00|37.00|38.1|36.00.2|81.29.9|96.03|38.2;;307820, Курская область, Суджанский район, с. Замостье, ул. Ленина;Действующая компания;Болотин Сергей Владимирович;6000000.0;6 млн руб.;4;10;Промышленные компрессоры от 200 000 ₽ | Генераторы кислорода;;;;;;;;;;;;;;;1;;;
0268103634;;"ООО ""АКВАСЕРВИС""";;;;36.00|37.00|38.11|41.20|42.11|42.21|42.22|42.91|42.99|43.11|43.12|43.21|43.22|43.29|43.31|43.32|43.33|43.34|43.91|43.99|68.20|71.12|77.12|77.32|80.20|81.29|81.30;;453800, Республика Башкортостан, м. р-н Хайбуллинский, с. п. Акъярский Сельсовет, с. Акъяр, ул. 50-Летия Целины, д. 24Б;Действующая компания;Галлямов Рамиль Рафаилович;5900000.0;5,9 млн руб.;5;43;Промышленные компрессоры от 200 000 ₽ | Генераторы кислорода | МКС — мобильные компрессорные станции | МКС — модульные или блочно-компрессорные станции;;;;;;;;;;;;;;;1;;;
6658537236;;"ООО ""СКВАЖИНА-ВОДА""";;;;42.21|45.11|45.19|45.20|45.31|45.32|46.13|46.15|46.73|46.77|49.41;;620144, Свердловская область, г. о. город Екатеринбург, г. Екатеринбург, ул. Московская, д. 249, кв. 124;Действующая компания;Ожегин Лев Николаевич;5700000.0;5,7 млн руб.;4;12;Промышленные компрессоры от 200 000 ₽ | МКС — мобильные компрессорные станции | МКС — модульные или блочно-компрессорные станции;;;;;;;;;;;;;;;1;;;
0546026465;;"ООО ""АКВАСЕРВИС""";;;;36.00|81.29;;368101, Республика Дагестан, г. о. город Кизилюрт, пгт Бавтугай, ул. Окружная, д. 32А, кв. 71, помещ. 1;Действующая компания;Рамазанов Алиасхаб Алисултанович;5700000.0;5,7 млн руб.;3;6;Промышленные компрессоры от 200 000 ₽ | Генераторы кислорода;;;;;;;;;;;;;;;1;;;
6449084134;;"ООО ""ГАЗ ВОДА ЭЛЕКТРИЧЕСТВО""";;;;42.21|41.20|42.99|43.11|43.12.1|43.12.3|43.21|43.22|43.91|43.99.1|43.99.2|43.99.3|43.99.6|46.69.9|46.74.2|47.19.1|47.91.2|62.01|65.11|65.12.2|65.12.3|65.12.4|65.12.5|65.12.6|65.30;;413102, Саратовская область, Энгельсский район, рп. Приволжский, ул. Мясокомбинат, д. 18Б;Действующая компания;Любименко Никита Андреевич;5600000.0;5,6 млн руб.;4;24;Промышленные компрессоры от 200 000 ₽ | МКС — мобильные компрессорные станции | МКС — модульные или блочно-компрессорные станции;;;;;;;;;;;;;;;1;;;
0502005884;;"ООО ""ЭКСПЛУАТАЦИЯ И СТРОИТЕЛЬСТВО ВОДОПРОВОДОВ""";;;;42.21|42.22.2|47.11|46.38;;368124, Республика Дагестан, г. Кизилюрт, ул. Малагусейнова, д. 99, корп. а;Действующая компания;;5600000.0;5,6 млн руб.;4;12;Промышленные компрессоры от 200 000 ₽ | МКС — мобильные компрессорные станции | МКС — модульные или блочно-компрессорные станции;;;;;;;;;;;;;;;1;;;
5254495363;;"ООО ""ВОДООТВЕДЕНИЕ""";;;;37.00;;607130, Нижегородская область, м. о. Ардатовский, рп. Ардатов, ул. Тургенева, д. 16;Действующая компания;Рыбакова Кристина Михайловна;5400000.0;5,4 млн руб.;4;4;Генераторы кислорода;;;;;;;;;;;;;;;1;;;
9204012459;;"ООО ""ЭКОВОДА""";;;;11.07|41.20|46.39|36.00|47.19|47.25|47.11;;299040, г. Севастополь, ул. Генерала Коломийца, д. 52;Действующая компания;Овсянникова Татьяна Сергеевна;5400000.0;5,4 млн руб.;4;17;Промышленные компрессоры от 200 000 ₽ | Рентген-детекторы и рентген-инспекционные системы | Генераторы кислорода;;;;;;;;;;;;;;;1;;;
0608020642;;"ООО МИНВОДА ""АЧАЛУКИ""";;;;11.07|46.34.1|47.25.2;;386103, Республика Ингушетия, г. о. город Назрань, г. Назрань, тер. Центральный Административный Округ, пр-кт И. Базоркина, д. 102, этаж 3/помещ. 5;Действующая компания;;5400000.0;5,4 млн руб.;4;11;Рентген-детекторы и рентген-инспекционные системы;;;;;;;;;;;;;;;1;;;
2348028993;;"ООО ""ЛЬВОВСКИЙ ВОДОКАНАЛ""";;;;36.00|43.2|42.21|43.3|43.99.3|35.30|41.2|70.10.2|35.1|68.32.1;;353240, Краснодарский край, Северский район, ст-ца Северская, ул. Фрунзе, д. 57, офис 1;Действующая компания;Видяшкин Борис Викторович;5300000.0;5,3 млн руб.;4;33;Промышленные компрессоры от 200 000 ₽ | Генераторы кислорода | МКС — мобильные компрессорные станции | МКС — модульные или блочно-компрессорные станции;;;;;;;;;;;;;;;1;;;
6382064220;;"ООО ""ВОДОКАНАЛ""";;;;36.0|60.10|36.00.2|37.00|47.52|36.00.1|60.20|47.52.7|46.73.6;;366501, Чеченская Республика, Урус-Мартановский район, с. Алхан-Юрт, ул. Ломоносова, двлд. 3, стр. 3;Действующая компания;Исраилова Зара;4900000.0;4,9 млн руб.;4;10;Генераторы кислорода | Промышленные компрессоры от 200 000 ₽;;;;;;;;;;;;;;;1;;;
6317148945;;"ООО ""ЖИВАЯ ВОДА""";;;;36.00|35.30.4|36.00.1|37.00|46.14.9|46.74.2|46.90|52.10|68.20.2|82.99|96.09;;443071, Самарская область, г. Самара, пр-кт Волжский, д. 39, помещ. 2;Действующая компания;;4800000.0;4,8 млн руб.;4;17;Промышленные компрессоры от 200 000 ₽ | Фотосепараторы | Генераторы кислорода | МКС — модульные или блочно-компрессорные станции;;;;;;;;;;;;;;;1;;;
4345420518;;"ООО ""ОБЛАСТНОЙ ВОДОКАНАЛ""";;;;37.00|36.00|68.32.2|68.32.1;;610016, Кировская область, г. Киров, ул. Слобода Большое Скопино, д. 1;Действующая компания;Тарасов Алексей Николаевич;4800000.0;4,8 млн руб.;4;10;Промышленные компрессоры от 200 000 ₽ | Генераторы кислорода;;;;;;;;;;;;;;;1;;;
6319206631;;"ООО ""ЖИВАЯ ВОДА""";;;;36.00|11.05|11.06|11.07|18.12|28.29.1|28.93|35.30.4|36.00.1|37.00|41.20|46.14.9|46.74.2|46.90|49.4|52.10|52.29|55.10|55.90|56.10|56.10.1|56.10.3|68.20.2|74.20|82.99|88.10|90.01|93.29|93.29.9|96.09;;443029, Самарская область, г. Самара, ул. Ново-Садовая, д. 230, кв. 44;Действующая компания;;4800000.0;4,8 млн руб.;4;31;Промышленные компрессоры от 200 000 ₽ | Фотосепараторы | Рентген-детекторы и рентген-инспекционные системы | Генераторы кислорода | МКС — мобильные компрессорные станции | МКС — модульные или блочно-компрессорные станции;;;;;;;;;;;;;;;1;;;
0300035170;;"МУП ""КАМЕНСК-ВОДОКАНАЛ""";;;;37.00|36.00.2|33.12|33.14|33.20|36.00|36.00.1|42.21|42.99|43.11|43.12.1|43.12.3|43.21|43.22|43.32|43.91|49.41|68.20|68.32.1|81.29|81.29.9|81.30;;671205, Республика Бурятия, м. р-н Кабанский, г. п. Каменское, пгт Каменск, ул. Прибайкальская, зд. 1;Действующая компания;Саплин Юрий Александрович;4700000.0;4,7 млн руб.;4;34;Промышленные компрессоры от 200 000 ₽ | Генераторы кислорода | МКС — мобильные компрессорные станции | МКС — модульные или блочно-компрессорные станции;;;;;;;;;;;;;;;1;;;
3817049295;;"ООО ""ВОДА ПЛЮС""";;;;36.00|35.30.1|35.30.11|35.30.14|35.30.2|35.30.3|35.30.4|35.30.5|35.30.6|36.00.1|36.00.2|37.00|43.11|43.12|43.12.3|43.21|43.22|43.29|43.32;;666659, Иркутская область, м. о. Усть-Илимский, п. Невон, ул. Кеульская, зд. 9;Действующая компания;Сусленкова Ирина Викторовна;4600000.0;4,6 млн руб.;4;17;Промышленные компрессоры от 200 000 ₽ | Генераторы кислорода | МКС — модульные или блочно-компрессорные станции;;;;;;;;;;;;;;;1;;;
6330085518;;"ООО ""ВОДООТВЕДЕНИЕ""";;;;37.00|38.11|38.21|38.32|42.21|42.22|42.91|42.99|43.21|43.22|47.52|47.99|81.30;;446116, Самарская область, г. Чапаевск, ул. Орджоникидзе, зд. 1, корп. б;Действующая компания;;4600000.0;4,6 млн руб.;4;20;Промышленные компрессоры от 200 000 ₽ | Фотосепараторы | Генераторы кислорода | МКС — мобильные компрессорные станции | МКС — модульные или блочно-компрессорные станции;;;;;;;;;;;;;;;1;;;
7124500746;;"ООО ""ВОДОКАНАЛ""";;;;36.00|36.00.1|36.00.2|37.00|41.20|42.21|42.22.1|43.22|43.29|43.99|46.19|46.49|46.73|46.74|46.90|47.52|52.29|81.29.9|82.99;;301570, Тульская область, Воловский район, рп. Волово, ул. Хрунова, д. 37;Действующая компания;;4300000.0;4,3 млн руб.;4;33;Промышленные компрессоры от 200 000 ₽ | Генераторы кислорода | МКС — мобильные компрессорные станции | МКС — модульные или блочно-компрессорные станции;;;;;;;;;;;;;;;1;;;
1032000132;;"ООО ""ВОДОКАНАЛ""";;;;36.00|37.00;;186960, Республика Карелия, Муезерский район, пгт Муезерский, ул. Октябрьская, д. 37, кв. 8;Действующая компания;Лисовский Владимир Брониславович;4300000.0;4,3 млн руб.;4;10;Промышленные компрессоры от 200 000 ₽ | Генераторы кислорода;;;;;;;;;;;;;;;1;;;
3025036597;;"МУП""ВОДОКАНАЛ-ИЛЬИНКА""";;;;37.00|36.00.1|66.19.61|36.00.2;;416357, Астраханская область, Икрянинский район, рп. Ильинка, ул. Лермонтова, д. 8, помещ. 004;Действующая компания;Морева Светлана Валерьевна;4300000.0;4,3 млн руб.;4;10;Промышленные компрессоры от 200 000 ₽ | Генераторы кислорода;;;;;;;;;;;;;;;1;;;
4300000055;;"ООО ""АКВАСЕРВИС""";;;;36.00|68.32.1;;613750, Кировская область, м. о. Мурашинский, п. Безбожник, ул. Зеленая, д. 16;Действующая компания;Колотова Елена Дмитриевна;4100000.0;4,1 млн руб.;3;6;Промышленные компрессоры от 200 000 ₽ | Генераторы кислорода;;;;;;;;;;;;;;;1;;;
3519004845;;"ООО ""ВОДОПРОВОДУСТЬЕ""";;;;36.00|36.00.1|42.21|36.00.2|43.12.3;;161140, Вологодская область, Усть-Кубинский район, с. Устье, ул. Октябрьская, д. 67, кабинет 7;Действующая компания;Голованцев Дмитрий Александрович;3900000.0;3,9 млн руб.;4;22;Промышленные компрессоры от 200 000 ₽ | Генераторы кислорода | МКС — мобильные компрессорные станции | МКС — модульные или блочно-компрессорные станции;;;;;;;;;;;;;;;1;;;
2809000174;;"ООО ""ВОДОКАНАЛ""";;;;36.00|02.20|02.40.2|16.10|16.10.1|16.10.2|35.30|37.00|42.11|43.22|96.09;;676307, Амурская область, г. о. город Шимановск, г. Шимановск, мкр. 2-Й, д. 49, кв. 46;Действующая компания;Примак Максим Александрович;3700000.0;3,7 млн руб.;4;17;Промышленные компрессоры от 200 000 ₽ | Генераторы кислорода | МКС — модульные или блочно-компрессорные станции;;;;;;;;;;;;;;;1;;;
5433163935;;"ООО ""МОЧИЩЕНСКИЙ ВОДОКАНАЛ""";;;;36.00|82.99;;630040, Новосибирская область, Новосибирский район, дп Мочище, ул. Радужная, д. 50, помещ. 1;Действующая компания;Шаталов Аркадий Валентинович;3700000.0;3,7 млн руб.;3;6;Промышленные компрессоры от 200 000 ₽ | Генераторы кислорода;;;;;;;;;;;;;;;1;;;
6167096050;;"ООО ""ДОНВОДОПРОВОДСТРОЙ""";;;;42.21|46.74.2|42.22.2|43.2|46.13.2|41.2|46.90|46.73|43.3;;344022, Ростовская область, г. Ростов-На-Дону, ул. Большая Садовая, зд. 150, офис 12В;Действующая компания;Богучарский Олег Александрович;3600000.0;3,6 млн руб.;4;12;Промышленные компрессоры от 200 000 ₽ | МКС — мобильные компрессорные станции | МКС — модульные или блочно-компрессорные станции;;;;;;;;;;;;;;;1;;;
5501286960;;"МУП ""УСТЬ-ВОДА""";;;;36.00|36.00.1|36.00.2;;646580, Омская область, м. о. Усть-Ишимский Район, с. Усть-Ишим, ул. Советская, д. 33;Действующая компания;Алиев Рустам Анатольевич;3500000.0;3,5 млн руб.;3;6;Промышленные компрессоры от 200 000 ₽ | Генераторы кислорода;;;;;;;;;;;;;;;1;;;
0600001831;;"ООО ""ВОДОСНАБЖЕНИЕ-ВОТООТВЕДЕНИЕ Г. НАЗРАНЬ""";;;;42.21|36.00|36.00.1|36.00.2|37.00|38.11|38.21|41.10|41.20|42.99|43.12|43.12.1|43.12.2|43.12.3|43.21|43.22|43.29|43.31|43.32|43.33|43.34|43.39|43.99|43.99.1|43.99.5|43.99.6|43.99.7|43.99.9;;386128, Республика Ингушетия, м. р-н Назрановский, с. п. Барсуки, с. Барсуки, ул. Э. Дзортова, д. 11;Действующая компания;Мальсагов Магомед Рашидович;3400000.0;3,4 млн руб.;4;34;Промышленные компрессоры от 200 000 ₽ | Генераторы кислорода | МКС — мобильные компрессорные станции | МКС — модульные или блочно-компрессорные станции;;;;;;;;;;;;;;;1;;;
5603046780;;"ООО ""ЧИСТАЯ ВОДА""";;;;37.00|11.07|36.00|42.21|43.11|43.12|43.21|43.29|43.39|43.99|45.20|45.32|46.34|47.25|77.11|77.12;;461040, Оренбургская область, г. Бузулук, ул. Ленина, двлд. 55;Действующая компания;Михайлов Олег Анатольевич;3400000.0;3,4 млн руб.;4;45;Промышленные компрессоры от 200 000 ₽ | Рентген-детекторы и рентген-инспекционные системы | Генераторы кислорода | МКС — мобильные компрессорные станции | МКС — модульные или блочно-компрессорные станции;;;;;;;;;;;;;;;1;;;
3711030463;;"ООО ""ЖИВАЯ ВОДА""";;;;11.07|41.20|42.21|42.22|43.11|43.12|43.21|43.22|43.29|43.31|43.32|43.33|43.39|43.91|46.34.1|46.9;;153535, Ивановская область, Ивановский район, д. Ломы;Действующая компания;Гаджиев Шамиль Магомедович;3300000.0;3,3 млн руб.;4;35;Промышленные компрессоры от 200 000 ₽ | Рентген-детекторы и рентген-инспекционные системы | МКС — мобильные компрессорные станции | МКС — модульные или блочно-компрессорные станции;;;;;;;;;;;;;;;1;;;
4707047674;;"ООО ""ВОДА В ЧАСТНЫЙ ДОМ""";;;;42.21|37.00|41.10|41.20|42.91|42.99|43.12|43.21|43.22|43.31|43.32|43.33|43.34|43.39|43.91|43.99|46.73|46.74|46.90|47.91|47.99;;188502, Ленинградская область, м. р-н Ломоносовский, с. п. Горбунковское, д. Горбунки, д. 40, кв. 125;Действующая компания;;3000000.0;3 млн руб.;4;28;Промышленные компрессоры от 200 000 ₽ | Генераторы кислорода | МКС — мобильные компрессорные станции | МКС — модульные или блочно-компрессорные станции;;;;;;;;;;;;;;;1;;;
1832161700;;"ООО ""КРЕПОСТЬ ВОДА""";;;;43.13|43.22|43.29|41.10|43.39|81.30|43.99|43.32;;426006, Удмуртская Республика, г. о. город Ижевск, г. Ижевск, ул. Оружейника Драгунова, д. 78, кв. 11;Действующая компания;Берестов Роман Андреевич;3000000.0;3 млн руб.;4;12;Промышленные компрессоры от 200 000 ₽ | МКС — мобильные компрессорные станции;;;;;;;;;;;;;;;1;;;
5249185824;;"ООО ""ИЛЬИНОГОРСКИЙ ВОДОКАНАЛ""";;;;36.00|38.12|37.00|36.00.1|36.00.2|38.11;;606058, Нижегородская область, м. о. Володарский, рп. Ильиногорск, ул. Больничная, д. 2;Действующая компания;Сулейманов Ринат Мавлютович;3000000.0;3 млн руб.;4;10;Промышленные компрессоры от 200 000 ₽ | Генераторы кислорода;;;;;;;;;;;;;;;1;;;
6121007322;;"ООО ""ВОДОКАНАЛ""";;;;42.21|36.00|42.91|42.99|43.12|43.22|43.99|45.20|46.73.6|49.41|68.10|68.20.2|77.11|77.12|77.32|77.39;;347210, Ростовская область, Морозовский район, г. Морозовск, ул. Луначарского, д. 122;Действующая компания;;2900000.0;2,9 млн руб.;5;35;Промышленные компрессоры от 200 000 ₽ | Генераторы кислорода | МКС — мобильные компрессорные станции | МКС — модульные или блочно-компрессорные станции;;;;;;;;;;;;;;;1;;;
7733866989;;"ООО ""ВОДОКАНАЛСЕРВИС""";;;;37.00|73.11|43.22|77.39.1|78.10|42.22.1|42.22.2|82.99|42.21|81.22;;119571, г. Москва, вн. тер. г. муниципальный округ Тропарево-Никулино, пр-кт Вернадского, д. 92, помещ. 9/6/2;Действующая компания;;2900000.0;2,9 млн руб.;5;21;Промышленные компрессоры от 200 000 ₽ | Генераторы кислорода | МКС — мобильные компрессорные станции | МКС — модульные или блочно-компрессорные станции;;;;;;;;;;;;;;;1;;;
5635021027;;"ООО ""ВОДОКАНАЛ`""";;;;36.0|35.30|35.30.5|35.30.4|37.00;;462800, Оренбургская область, м. р-н Новоорский, с. п. Новоорский Поссовет, п. Новоорск, ул. Шоссейная, д. 1Б;Действующая компания;Карымов Сергей Ягфарович;2900000.0;2,9 млн руб.;4;13;Генераторы кислорода | МКС — модульные или блочно-компрессорные станции;;;;;;;;;;;;;;;1;;;
2308096891;;"ООО ""ТК ""ЮЖВОДОПРОВОД""";;;;37.00|43.22;;350020, Краснодарский край, г. Краснодар, ул. Красных Партизан, д. 567;Действующая компания;Абакумова Наталья Николаевна;2800000.0;2,8 млн руб.;4;4;Генераторы кислорода;;;;;;;;;;;;;;;1;;;
2241002390;;"ООО ""ЧИСТАЯ ВОДА""";;;;11.07|10.89.9|11.07.1|11.07.11|11.07.12|11.07.13|11.07.14|11.07.15|11.07.2|43.99|43.99.1|47.11|47.25.2|47.99.2|56.10|56.30;;658620, Алтайский край, м. р-н Завьяловский, с. п. Завьяловский Сельсовет, с. Завьялово, ул. 30 лет Победы, влд. 10, помещ. 2;Действующая компания;Бунин Андрей Викторович;2800000.0;2,8 млн руб.;5;34;Промышленные компрессоры от 200 000 ₽ | Рентген-детекторы и рентген-инспекционные системы | Генераторы азота | МКС — мобильные компрессорные станции;;;;;;;;;;;;;;;1;;;
2813010880;;"ООО ""ВОДОКАНАЛ""";;;;36.00|36.00.1|37.00|36.00.2;;676700, Амурская область, Бурейский район, пгт Бурея, ул. Октябрьская, д. 60;Действующая компания;Петухов Егор Александрович;2600000.0;2,6 млн руб.;4;10;Промышленные компрессоры от 200 000 ₽ | Генераторы кислорода;;;;;;;;;;;;;;;1;;;
0273919386;;"ООО ""ВОДОСБЫТ""";;;;36.00|35.30.2|35.30.3|35.30.1|36.00.2|82.99|36.00.1;;450043, Республика Башкортостан, г. Уфа, ул. им. Фронтовых Бригад, д. 10, этаж 1;Действующая компания;Хамидуллин Эльвир Вахитович;2600000.0;2,6 млн руб.;3;9;Промышленные компрессоры от 200 000 ₽ | Генераторы кислорода | МКС — модульные или блочно-компрессорные станции;;;;;;;;;;;;;;;1;;;
1835033400;;"ООО ""ЧУРОВСКАЯ ВОДА""";;;;11.07|46.3|11.0|46.9|47.1|10.86|10.89|47.9|10.83|47.2;;427110, Удмуртская Республика, Якшур-Бодьинский район, с. Чур, Заводской проезд, зд. 3, офис 1;Действующая компания;Рязанцев Игорь Юрьевич;2600000.0;2,6 млн руб.;5;26;Рентген-детекторы и рентген-инспекционные системы | Генераторы азота;;;;;;;;;;;;;;;1;;;
5433191509;;"МУП ""РАЗДОЛЬНЕНСКОЕ ВОДОСНАБЖЕНИЕ""";;;;37.00|36.00.1|36.00.2|42.21|42.22.2;;630550, Новосибирская область, Новосибирский район, с. Раздольное, ул. Советская, д. 1А;Действующая компания;Емельяненко Юлия Александровна;2500000.0;2,5 млн руб.;4;22;Промышленные компрессоры от 200 000 ₽ | Генераторы кислорода | МКС — мобильные компрессорные станции | МКС — модульные или блочно-компрессорные станции;;;;;;;;;;;;;;;1;;;
7737122116;;"ООО ""ВОДА-ФИЛЬТР""";;;;36.00|37.00|42.21|43.13|43.22|43.29|43.99.3|46.49|46.90|47.19|71.12.12;;115582, г. Москва, Шипиловский проезд, д. 59, корп. 2, кв. 375;Действующая компания;;2400000.0;2,4 млн руб.;4;34;Промышленные компрессоры от 200 000 ₽ | Генераторы кислорода | МКС — мобильные компрессорные станции | МКС — модульные или блочно-компрессорные станции;;;;;;;;;;;;;;;1;;;
3108007159;;"ООО ""ВОДА""";;;;42.21|77.39.1;;309370, Белгородская область, Грайворонский район, г. Грайворон, ул. Кузнецова, зд. 2;Действующая компания;;2400000.0;2,4 млн руб.;5;17;Промышленные компрессоры от 200 000 ₽ | МКС — мобильные компрессорные станции | МКС — модульные или блочно-компрессорные станции;;;;;;;;;;;;;;;1;;;
3611009323;;"ООО ""ЧИСТАЯ ВОДА""";;;;37.00|35.30|35.30.14|35.30.15|35.30.2|35.30.3|35.30.4|35.30.5|35.30.6|36.00|39.00|46.90;;396510, Воронежская область, Каменский район, пгт Каменка, ул. Северная, д. 26;Действующая компания;;2300000.0;2,3 млн руб.;4;13;Промышленные компрессоры от 200 000 ₽ | Генераторы кислорода | МКС — модульные или блочно-компрессорные станции;;;;;;;;;;;;;;;1;;;
2910005269;;"ООО ""ВОДОСНАБЖЕНИЕ""";;;;36.00|37.00;;164570, Архангельская область, Виноградовский район, п. Березник, ул. Дружбы, д. 9, кабинет 12;Действующая компания;Шишманов Олег Анатольевич;2300000.0;2,3 млн руб.;4;10;Промышленные компрессоры от 200 000 ₽ | Генераторы кислорода;;;;;;;;;;;;;;;1;;;
9110008457;;"ООО ""ФИРМА"" ТАЛАЯ ВОДА-КРЫМ""";;;;11.07|10.71|10.72|11.07.2|45.1|45.20|45.3|45.40|46.34|46.34.1|46.90|47.11|47.19|47.30|47.7|47.9|47.99.2|49.4|52.21|52.24|52.29|55.90|56.10|56.10.1|56.10.3|56.29|56.30|68.20|68.31|68.32|70.22|77.11|77.32|77.39.11|82.99|93.29.9;;297420, Республика Крым, г. Евпатория, пр-кт Победы, д. 73А;Действующая компания;Маркарян Наталия Маликовна;2300000.0;2,3 млн руб.;5;23;Промышленные компрессоры от 200 000 ₽ | Рентген-детекторы и рентген-инспекционные системы | МКС — мобильные компрессорные станции;;;;;;;;;;;;;;;1;;;
7838106135;;"ООО ""ВОДА ИЗ СОСНОВО""";;;;11.07|47.91|46.34.1|46.17.2|46.17.21|47.25.2;;188730, Ленинградская область, м. р-н Приозерский, с. п. Сосновское, п. Платформа 69-й Км, ул. Заводская, д. 1, помещ. 4;Действующая компания;;2300000.0;2,3 млн руб.;4;11;Рентген-детекторы и рентген-инспекционные системы;;;;;;;;;;;;;;;1;;;
0100011334;;"ООО ""КОЗЕТ-ВОДОКАНАЛ""";;;;36.00|35.30.5|37.00|41.20|42.21|42.99|43.11|43.12|43.12.3|43.21|43.22|43.29|43.31|43.32|43.33|43.34|43.39|43.91|43.99|43.99.1|68.32.2|81.29.9|81.30;;385123, Республика Адыгея (Адыгея), м. р-н Тахтамукайский, с. п. Афипсипское, аул. Афипсип, ул. Кубанская, двлд. 27;;;2100000.0;2,1 млн руб.;4;37;Промышленные компрессоры от 200 000 ₽ | Генераторы кислорода | МКС — мобильные компрессорные станции | МКС — модульные или блочно-компрессорные станции;;;;;;;;;;;;;;;1;;;
9002008499;;"МУП ""РОЗОВСКИЙ ЦЕХ ВОДОСНАБЖЕНИЯ""";;;;36.00|82.99|71.12|43.22|43.99|77.12;;270301, Запорожская область, м. о. Куйбышевский, пгт Розовка, ул. Заводская, д. 5;Действующая компания;Цыганчук Сергей Викторович;2100000.0;2,1 млн руб.;4;14;Промышленные компрессоры от 200 000 ₽ | Генераторы кислорода | МКС — мобильные компрессорные станции;;;;;;;;;;;;;;;1;;;
1215154919;;"ООО ""ОБРАЗЦОВАЯ ВОДА""";;;;11.07|46.34.1|47.25.2;;424038, Республика Марий Эл, г. о. город Йошкар-Ола, г. Йошкар-Ола, ул. Кирова, д. 11, кв. 130;Действующая компания;Лоскутов Андрей Анатольевич;2100000.0;2,1 млн руб.;4;11;Рентген-детекторы и рентген-инспекционные системы;;;;;;;;;;;;;;;1;;;
0912004669;;"ООО ""ХАБЕЗСКИЙ ВОДОКАНАЛ""";;;;37.00|36.00|36.00.2|36.00.1;;369400, Карачаево-Черкесская Республика, Хабезский район, аул Хабез, ул. С. Сидакова, д. 60;Действующая компания;;2000000.0;2 млн руб.;4;10;Промышленные компрессоры от 200 000 ₽ | Генераторы кислорода;;;;;;;;;;;;;;;1;;;
2720061265;;"ООО ""АКВАСЕРВИС ДВ""";;;;36.00|16.10|16.24|16.23|36.00.2;;682362, Хабаровский край, Нанайский район, п. Джонка, ул. Ленина, д. 18;Действующая компания;;2000000.0;2 млн руб.;3;6;Промышленные компрессоры от 200 000 ₽ | Генераторы кислорода;;;;;;;;;;;;;;;1;;;
1684008494;;"ООО ""ВОДОПРОВОДНЫЕ СИСТЕМЫ""";;;;42.21|41.10|42.11|42.22|42.22.2|42.22.3|42.91|42.91.2|42.91.3|42.91.4|42.91.5|42.99|43.11|43.12|43.12.1|43.12.2|43.12.3|43.12.4|43.13|43.21|43.22|43.29|43.31|43.32|43.32.2|43.32.3|43.33|43.34|43.34.2|43.39|43.91|43.99.2|43.99.3|43.99.4|43.99.5|43.99.6|43.99.7|43.99.9|96.02|96.02.2;;420064, Республика Татарстан, г. о. город Казань, г. Казань, ул. Баки Урманче, д. 6, помещ. 1008;Действующая компания;Гончаров Андрей Викторович;1900000.0;1,9 млн руб.;4;28;Промышленные компрессоры от 200 000 ₽ | МКС — мобильные компрессорные станции | МКС — модульные или блочно-компрессорные станции;;;;;;;;;;;;;;;1;;;
7002017027;;"ООО ""АСИНОВСКИЙ ВОДОКАНАЛ""";;;;36.0|43.3|35.30|37.0|43.12|16.10.9|68.32|43.2|41.2;;636840, Томская область, Асиновский район, г. Асино, ул. Ивана Буева, д. 15А;Действующая компания;Казначеев Борис Анатольевич;1900000.0;1,9 млн руб.;3;3;МКС — модульные или блочно-компрессорные станции;;;;;;;;;;;;;;;1;;;
6436003547;;"ПК ""ЧИСТАЯ ВОДА""";;;;36.00|96.09|82.92|74.20|74.30|96.03;;413401, Саратовская область, Федоровский район, с. Калуга, ул. Колхозная, зд. 2;Действующая компания;;1900000.0;1,9 млн руб.;3;6;Промышленные компрессоры от 200 000 ₽ | Генераторы кислорода;;;;;;;;;;;;;;;1;;;
3321023189;;"ООО ""ЧИСТАЯ ВОДА""";;;;11.07|10.32|11.01.1|11.02|11.03|11.04|11.05|11.07.1|11.07.2|22.22|32.99.9|46.34.1|46.34.2|46.34.21|46.34.23|47.25|47.25.1|47.25.12|47.25.2|47.78.3|47.78.4|82.92;;601120, Владимирская область, Петушинский район, г. Покров, ул. Советская, д. 65;Действующая компания;;1900000.0;1,9 млн руб.;4;18;Фотосепараторы | Рентген-детекторы и рентген-инспекционные системы;;;;;;;;;;;;;;;1;;;
6423235269;;"""КООПЕРАТИВ ВОДА""";;;;36.00|43.99;;413602, Саратовская область, Озинский район, с. Старые Озинки, ул. Набережная, д. 51;Действующая организация;;1800000.0;1,8 млн руб.;4;14;Промышленные компрессоры от 200 000 ₽ | Генераторы кислорода | МКС — мобильные компрессорные станции;;;;;;;;;;;;;;;1;;;
3662296002;;"ООО ""РУССКАЯ ВОДА""";;;;11.07|95.22.1|52.10|47.99|49.41|77.29;;394019, Воронежская область, г. о. город Воронеж, г. Воронеж, ул. Солнечная, д. 15;Действующая компания;;1800000.0;1,8 млн руб.;4;15;Фотосепараторы | Рентген-детекторы и рентген-инспекционные системы;;;;;;;;;;;;;;;1;;;
5078017993;;"ООО ""АКВАСЕРВИС""";;;;37.0|16.10.9|16.23.1|16.23.2|25.1|35.1|35.2|35.3|36.0|41.2|43.12|43.2|43.3|43.99|49.3|49.50|53.20.3|68.32|69|73.11|74.20|74.30|77.11|77.3|77.39|78.10|81.22|81.29.9|82.92|94.1|96.0|97.0;;141960, Московская область, г. Талдом, рп. Запрудня, ул. Ленина, д. 18;Действующая компания;;1600000.0;1,6 млн руб.;5;9;Промышленные компрессоры от 200 000 ₽;;;;;;;;;;;;;;;1;;;
0806000550;;"ООО ""ВОДОКАНАЛ""";;;;10.71|36.00.2|37.00|38.11|41.20|42.11|42.12|42.21|42.22.1|42.91.4|42.99|43.21|43.22|43.29|45.20|47.24.1|56.10|56.10.1|56.10.3;;359450, Республика Калмыкия, Октябрьский район, п. Большой Царын, ул. Восточная, д. 6;Действующая компания;;1600000.0;1,6 млн руб.;4;30;Промышленные компрессоры от 200 000 ₽ | Рентген-детекторы и рентген-инспекционные системы | Генераторы кислорода | МКС — мобильные компрессорные станции | МКС — модульные или блочно-компрессорные станции;;;;;;;;;;;;;;;1;;;
9729120662;;"ООО ""ВВСВОДА""";;;;36.00|33.12|33.14|33.20|38.21|38.22|41.20|42.91|43.21|46.69|46.74|58.11.2|71.12|73.11|73.20|73.20.1|73.20.2|82.30;;109544, г. Москва, вн. тер. г. муниципальный округ Таганский, ул. Большая Андроньевская, д. 20, кв. 551;Действующая компания;;1500000.0;1,5 млн руб.;3;6;Промышленные компрессоры от 200 000 ₽ | Генераторы кислорода;;;;;;;;;;;;;;;1;;;
2626038879;;"ООО ""СТАВРОПОЛЬСКИЕ ОЧИСТНЫЕ СООРУЖЕНИЯ""";;;;37.00|36.00|36.00.1|42.21|42.22.2|68.10.22|68.10.23|68.20.2|77.3|81.29.9;;357601, Ставропольский край, г. Ессентуки, ул. Гагарина, д. 13;Действующая компания;;1400000.0;1,4 млн руб.;5;27;Промышленные компрессоры от 200 000 ₽ | Генераторы кислорода | МКС — мобильные компрессорные станции | МКС — модульные или блочно-компрессорные станции;;;;;;;;;;;;;;;1;;;
1905012290;;"ООО ""ВОДОКАНАЛ""";;;;37.00|35.30.1|35.30.2|35.30.3|35.30.4|35.30.5|36.00.1|36.00.2|38.1|38.2|41.20|42.21|42.22.1|46.71.1|49.41.1|49.41.2|68.32.1|81.29.9|96.03|96.04;;655700, Республика Хакасия, Аскизский район, с. Аскиз, ул. Щетинкина, зд. 22;Действующая компания;Славский Евгений Валериевич;1400000.0;1,4 млн руб.;4;25;Промышленные компрессоры от 200 000 ₽ | Генераторы кислорода | МКС — мобильные компрессорные станции | МКС — модульные или блочно-компрессорные станции;;;;;;;;;;;;;;;1;;;
3525323078;;"ООО ""СВОЯ ВОДА""";;;;42.21|43.33|43.32|43.34|43.39|43.22|43.31|43.99.3|41.20|43.99;;160009, Вологодская область, г. Вологда, ул. Мира, д. 76, офис 1;Действующая компания;Рябов Виктор Викторович;1400000.0;1,4 млн руб.;4;20;Промышленные компрессоры от 200 000 ₽ | МКС — мобильные компрессорные станции | МКС — модульные или блочно-компрессорные станции;;;;;;;;;;;;;;;1;;;
1001216798;;"ООО ""РК ""ВОДА И ЭКОЛОГИЯ""";;;;37.00|08.92|16.23|22.23|25.11|28.29.12|33.12|36.00.1|38.11|38.12|41.20|46.13.2|46.69.2|46.69.5|58.14|71.11.1|71.12|71.12.1|71.12.12|81.29;;185035, Республика Карелия, г. Петрозаводск, ул. Коммунальная (Центр р-н), д. 1, кв. 2;Действующая компания;Графова Елена Олеговна;1300000.0;1,3 млн руб.;4;15;Промышленные компрессоры от 200 000 ₽ | Генераторы кислорода;;;;;;;;;;;;;;;1;;;
6317129075;;"ООО ""ЧИСТАВОДА""";;;;36.00|36.00.1|46.34|36.00.2|46.34.1;;443099, Самарская область, г. Самара, ул. Алексея Толстого, д. 116В, офис 201;Действующая компания;Юнусов Рустам Наильевич;1200000.0;1,2 млн руб.;3;6;Промышленные компрессоры от 200 000 ₽ | Генераторы кислорода;;;;;;;;;;;;;;;1;;;
1434046994;;"ООО ""ЖИВАЯ ВОДА""";;;;86.10|86.90.9|96.04|96.02;;678960, Республика Саха (Якутия), Нерюнгринский район, г. Нерюнгри, пр-кт Ленина, д. 21, корп. 1, кв. 190;Действующая компания;Юрков Иван Петрович;1200000.0;1,2 млн руб.;5;5;Генераторы кислорода;;;;;;;;;;;;;;;1;;;
7457006340;;"ООО ПО ""ГОРВОДОКАНАЛ""";;;;42.21|01.61|25.11|33.12|35.12|35.30.14|35.30.2|35.30.3|35.30.4|35.30.5|43.22|43.39|43.99.1|45.11.2|45.11.3|45.19.2|45.19.3|46.12.1|52.21.2|68.20.2|73.11|81.29.9|81.30|82.99;;456900, Челябинская область, Саткинский район, г. Бакал, ул. Кирова, д. 5А;Действующая компания;Вилков Константин Александрович;1100000.0;1,1 млн руб.;4;43;Промышленные компрессоры от 200 000 ₽ | Фотосепараторы | МКС — мобильные компрессорные станции | МКС — модульные или блочно-компрессорные станции;;;;;;;;;;;;;;;1;;;
4714017631;;"СМУП ""ВОДОКАНАЛ""";;;;37.00|35.12|36.00|42.21|42.22.1|43.22|43.99.1|49.41.1|71.12.4|71.20.1;;188540, Ленинградская область, г. Сосновый Бор, ул. Устьинская, д. 6;Действующая компания;Кузьмин Илья Николаевич;1100000.0;1,1 млн руб.;4;36;Промышленные компрессоры от 200 000 ₽ | Генераторы азота | Генераторы кислорода | МКС — мобильные компрессорные станции | МКС — модульные или блочно-компрессорные станции;;;;;;;;;;;;;;;1;;;
6950048731;;"ООО ""НОВАЯ ВОДА""";;;;11.07|46.17|46.34.1|46.37|46.38|47.11|47.19|47.25.2|47.8|47.9|47.91.2|47.91.3|47.91.4;;170043, Тверская область, г. о. город Тверь, г. Тверь, ул. Железнодорожников, д. 25А, офис 3;Действующая компания;Курначенков Владимир Ильич;1100000.0;1,1 млн руб.;4;11;Рентген-детекторы и рентген-инспекционные системы;;;;;;;;;;;;;;;1;;;
6025027809;;"ООО ""ППТК ""ВОДОКАНАЛСТРОЙ""";;;;77.32;;192007, г. Санкт-Петербург, ул. Днепропетровская, д. 14, литер Б, кабинет 20;Действующая компания;;1000000.0;1 млн руб.;5;5;Промышленные компрессоры от 200 000 ₽;;;;;;;;;;;;;;;1;;;
6684045632;;"ООО ""АКВАСЕРВИС""";;;;42.21|43.22|37.00|36.00|36.00.2|43.12;;623104, Свердловская область, м. о. Первоуральск, г. Первоуральск, Московское шоссе, стр. 11А, офис 209;Действующая компания;Павельев Андрей Юрьевич;993000.0;993 тыс. руб.;4;26;Промышленные компрессоры от 200 000 ₽ | Генераторы кислорода | МКС — мобильные компрессорные станции | МКС — модульные или блочно-компрессорные станции;;;;;;;;;;;;;;;1;;;
7203498708;;"ООО ""ВОДА ОЧИЩЕННАЯ И ИНЖЕНЕРНЫЕ СЕТИ""";;;;36.00|43.21|43.22|46.34.1|47.99.2|63.11.1|69.20|70.22|82.19|90.01|90.02|93.29;;625016, Тюменская область, г. о. город Тюмень, г. Тюмень, ул. Широтная, д. 51, кв. 84;Действующая компания;Ангел Наталья Ивановна;949000.0;949 тыс. руб.;3;6;Промышленные компрессоры от 200 000 ₽ | Генераторы кислорода;;;;;;;;;;;;;;;1;;;
1718002334;;"ООО ""ЖИВАЯ ВОДА""";;;;36.0|35.11|35.12|35.30|37.00|38.1|38.2|41.20|42.21|42.22.1|42.22.2|42.91|43.11|43.12.1|43.12.3|43.2|43.21|43.3|43.31|43.32|43.33|43.34|43.91|43.99|43.99.1|43.99.2|43.99.4|43.99.6|43.99.7|68.1|68.32.1|68.32.2;;668050, Республика Тыва, г. Ак-Довурак, ул. Данзырык Калдар-Оола, д. 94;Действующая компания;Шагаалан Олег Бал-Доржуевич;935000.0;935 тыс. руб.;4;43;Промышленные компрессоры от 200 000 ₽ | Генераторы кислорода | МКС — модульные или блочно-компрессорные станции;;;;;;;;;;;;;;;1;;;
9404005829;;"ПК ""ВОДА БОРОВОЙ""";;;;36.00|81.10;;292240, Луганская Народная Республика, м. о. Белокуракинский, с. Демьяновка, ул. Молодежная, д. 2А;Действующая организация;;934000.0;934 тыс. руб.;3;6;Промышленные компрессоры от 200 000 ₽ | Генераторы кислорода;;;;;;;;;;;;;;;1;;;
6950048925;;"ООО ""ПРОСТО ВОДА""";;;;11.07|46.17|46.34.1|46.37|46.38|47.11|47.19|47.25.2|47.8|47.9|47.91.2|47.91.3|47.91.4;;170043, Тверская область, г. о. город Тверь, г. Тверь, ул. Железнодорожников, д. 25А, офис 11;Действующая компания;Курначенков Владимир Ильич;845000.0;845 тыс. руб.;4;11;Рентген-детекторы и рентген-инспекционные системы;;;;;;;;;;;;;;;1;;;
3917514362;;"ООО ""ВОДОКАНАЛ СЕРВИС""";;;;36.00|43.29|43.22|43.99|68.32|41.20|42.91|82.91|37.00|69.10;;238741, Калининградская область, г. о. Светловский, г. Светлый, ул. Пионерская, д. 5, кв. 66;Действующая компания;Левч Сергей Михайлович;736000.0;736 тыс. руб.;4;18;Промышленные компрессоры от 200 000 ₽ | Генераторы кислорода | МКС — мобильные компрессорные станции;;;;;;;;;;;;;;;1;;;
1601005326;;"ООО ""ВОДОКАНАЛСЕРВИС""";;;;37.00|42.21|38.2|43.99.3|77.39.11|77.11|42.22.2;;422231, Республика Татарстан, Агрызский район, г. Агрыз, ул. Ленина, зд. 16;Действующая компания;Шаймухаметова Эндже Зульфировна;730000.0;730 тыс. руб.;5;29;Промышленные компрессоры от 200 000 ₽ | Генераторы кислорода | МКС — мобильные компрессорные станции | МКС — модульные или блочно-компрессорные станции;;;;;;;;;;;;;;;1;;;
3614010430;;"ПК ПО ВОДОСНАБЖЕНИЮ ""ПЕТРОПАВЛОВСКИЙ""";;;;36.00;;397924, Воронежская область, Лискинский район, с. Петропавловка, ул. Административная, д. 2, помещ. 1;Действующая организация;;694000.0;694 тыс. руб.;3;6;Промышленные компрессоры от 200 000 ₽ | Генераторы кислорода;;;;;;;;;;;;;;;1;;;
0100013099;;"МУП ""ВОДОКАНАЛ"" ТЕУЧЕЖСКОГО РАЙОНА";;;;36.00|37.00|36.00.1|35.30.14|35.30.2|36.00.2;;385228, Республика Адыгея (Адыгея), м. р-н Теучежский, г. п. Тлюстенхабльское, пгт Тлюстенхабль, ул. Кубанская, д. 10;Действующая компания;;671000.0;671 тыс. руб.;4;13;Промышленные компрессоры от 200 000 ₽ | Генераторы кислорода | МКС — модульные или блочно-компрессорные станции;;;;;;;;;;;;;;;1;;;
3801163813;;"ООО ""ВОДОКАНАЛ""";;;;42.21|43.99.3;;665466, Иркутская область, г. о. город Усолье-Сибирское, г. Усолье-Сибирское, пр-кт Красных Партизан, д. 71, кв. 19;Действующая компания;;652000.0;652 тыс. руб.;4;20;Промышленные компрессоры от 200 000 ₽ | МКС — мобильные компрессорные станции | МКС — модульные или блочно-компрессорные станции;;;;;;;;;;;;;;;1;;;
3706029670;;"ООО ""ВОДОКАНАЛСБЫТ""";;;;36.00|43.21|41.10|42.21|42.99|36.00.2|43.22|43.12.3|42.91;;155927, Ивановская область, м. р-н Шуйский, с. п. Китовское, с. Китово, ул. Северная, д. 6;;Титов Максим Михайлович;641000.0;641 тыс. руб.;4;22;Промышленные компрессоры от 200 000 ₽ | Генераторы кислорода | МКС — мобильные компрессорные станции | МКС — модульные или блочно-компрессорные станции;;;;;;;;;;;;;;;1;;;
2237002260;;"ООО ""ВОДОПРОВОД""";;;;36.00|43.99|42.21|42.22.2|43.21|41.20|43.99.1|43.22|43.13;;659571, Алтайский край, Быстроистокский район, с. Верх-Ануйское, ул. Ленина, влд. 33;Действующая компания;Коробов Сергей Иванович;592000.0;592 тыс. руб.;4;30;Промышленные компрессоры от 200 000 ₽ | Генераторы кислорода | МКС — мобильные компрессорные станции | МКС — модульные или блочно-компрессорные станции;;;;;;;;;;;;;;;1;;;
1200005985;;"ООО ""ЖИВАЯ ВОДА""";;;;36.00|02.10|02.40|02.40.1|16.10|16.10.1|16.10.2|16.10.3|16.21|16.21.12|35.12|35.30|36.00.1|36.00.2|37.00|38.11|38.12|38.21|38.22|41.20|42.11|42.91.4|42.99|43.11|43.12|43.12.1|43.12.3|43.13|43.21|43.29|46.73|47.52|47.52.71|68.32.1|68.32.2;;425120, Республика Марий Эл, м. р-н Моркинский, г. п. Морки, пгт Морки, ул. Механизаторов, д. 9, помещ. 21;Действующая компания;Иванов Олег Викторович;525000.0;525 тыс. руб.;4;25;Промышленные компрессоры от 200 000 ₽ | Генераторы кислорода | МКС — модульные или блочно-компрессорные станции;;;;;;;;;;;;;;;1;;;
9002009132;;"МУП ""КУЙБЫШЕВСКИЙ ВОДОКАНАЛ""";;;;36.00|77.32|43.22|43.99|71.12|37.00|82.99|77.12|49.41.3;;271001, Запорожская область, м. о. Куйбышевский, пгт Куйбышево, ул. Запорожская, д. 16;;;500000.0;500 тыс. руб.;5;23;Промышленные компрессоры от 200 000 ₽ | Генераторы кислорода | МКС — мобильные компрессорные станции;;;;;;;;;;;;;;;1;;;
9729286442;;"ООО ""СИЛВОДА""";;;;72.19|20.13|20.14|20.15|20.20|20.41.2|20.42|20.59|21.10|21.20|46.45|46.46|46.49|46.75|46.90|75.00;;119361, г. Москва, ул. Пржевальского, д. 2, кв. 32;Действующая компания;Кудринский Алексей Александрович;484000.0;484 тыс. руб.;5;32;Промышленные компрессоры от 200 000 ₽ | Генераторы азота | Генераторы кислорода;;;;;;;;;;;;;;;1;;;
6443022269;;"ООО ""ЖИВАЯ ВОДА ЭКО""";;;;11.07|36.00|49.42|49.41|52.29;;413092, Саратовская область, м. р-н Марксовский, г. п. город Маркс, г. Маркс, ул. 5-я Линия, зд. 65, стр. 3;;Амангалиев Ерлан Ермекович;478000.0;478 тыс. руб.;4;20;Промышленные компрессоры от 200 000 ₽ | Рентген-детекторы и рентген-инспекционные системы | Генераторы кислорода | МКС — мобильные компрессорные станции;;;;;;;;;;;;;;;1;;;
9103102201;;"ООО ""ТД ""КРЫМ-ВОДА""";;;;11.07|47.19|46.90|47.25|47.99|46.34|46.49|82.99|22.22|82.92;;298676, Республика Крым, м. о. город-курорт Ялта, г. Алупка, Севастопольское шоссе, д. 64;Действующая компания;;445000.0;445 тыс. руб.;4;11;Рентген-детекторы и рентген-инспекционные системы;;;;;;;;;;;;;;;1;;;
7420009440;;"ООО ""ВОДА""";;;;36.00|36.00.1|36.00.2;;456485, Челябинская область, Уйский район, с. Кумляк, ул. Нагорная, д. 33;Действующая компания;Мальцева Тамара Петровна;428000.0;428 тыс. руб.;3;6;Промышленные компрессоры от 200 000 ₽ | Генераторы кислорода;;;;;;;;;;;;;;;1;;;
5262395034;;"ООО ""ЖИВАЯ ВОДА 52""";;;;36.00|36.00.2|46.34|36.00.1|46.69|47.51|46.73|46.34.1;;603105, Нижегородская область, г. о. город Нижний Новгород, г. Нижний Новгород, ул. Чачиной, д. 39, помещ. 1;Действующая компания;Серова Мария Дмитриевна;415000.0;415 тыс. руб.;3;6;Промышленные компрессоры от 200 000 ₽ | Генераторы кислорода;;;;;;;;;;;;;;;1;;;
6330092191;;"МУП ""ВОДА""";;;;36.00|36.00.2|37.00;;445594, Самарская область, Хворостянский район, с. Липовка, ул. Лесная, д. 15, кв. 1;Действующая компания;Татаринов Геннадий Николаевич;403000.0;403 тыс. руб.;4;10;Промышленные компрессоры от 200 000 ₽ | Генераторы кислорода;;;;;;;;;;;;;;;1;;;
2812170151;;"ООО ""АКВАСЕРВИС""";;;;36.0|37.0|49.50;;675520, Амурская область, м. о. Благовещенский, с. Чигири, ул. Чигиринская, зд. 23;Действующая компания;Пивоваров Геннадий Николаевич;323000.0;323 тыс. руб.;5;5;Промышленные компрессоры от 200 000 ₽;;;;;;;;;;;;;;;1;;;
3526016841;;"ООО ""ЖИВАЯ ВОДА - СКВАЖИНА""";;;;11.07|46.34.1;;162390, Вологодская область, Великоустюгский район, г. Великий Устюг, ул. Железнодорожная, д. 1А;Действующая компания;Окуловский Александр Евгеньевич;317000.0;317 тыс. руб.;4;11;Рентген-детекторы и рентген-инспекционные системы;;;;;;;;;;;;;;;1;;;
0707018556;;"ООО ""ЧИСТАЯ ВОДА""";;;;36.00|42.11|81.29.9|42.12;;361309, Кабардино-Балкарская Республика, Урванский район, с. Шитхала, ул. Мира, д. 76;Действующая компания;;306000.0;306 тыс. руб.;4;10;Промышленные компрессоры от 200 000 ₽ | Генераторы кислорода;;;;;;;;;;;;;;;1;;;
0912006560;;"ООО ""КУБАНСКИЙ ВОДОКАНАЛ""";;;;36.00|37.00|41.10;;369146, Карачаево-Черкесская Республика, м. р-н Зеленчукский, с. п. Зеленчукское, ст-ца Зеленчукская, ул. Карбышева, д. 22, кв. 7;Действующая компания;;305000.0;305 тыс. руб.;4;10;Промышленные компрессоры от 200 000 ₽ | Генераторы кислорода;;;;;;;;;;;;;;;1;;;
2807008114;;"ООО ""ВОДОКАНАЛ""";;;;36.00|36.00.1|42.21|37.00|43.13;;676454, Амурская область, г. Свободный, ул. Карла Маркса, д. 16, офис 212;Действующая компания;;300000.0;300 тыс. руб.;4;26;Промышленные компрессоры от 200 000 ₽ | Генераторы кислорода | МКС — мобильные компрессорные станции | МКС — модульные или блочно-компрессорные станции;;;;;;;;;;;;;;;1;;;
4725011279;;"ПОТРЕБИТЕЛЬСКИЙ КООПЕРАТИВ ПО ГАЗИФИКАЦИИ И ВОДОСНАБЖЕНИЮ ""КРАСНОГОРСКОЕ""";;;;35.22|36.00.2;;Ленинградская область, м. р-н Ломоносовский, г. п. Виллозское, тер. снт. Красногорское, лн. 7-Я, д. 65А;Действующая организация;;299000.0;299 тыс. руб.;5;11;Промышленные компрессоры от 200 000 ₽ | Генераторы кислорода | МКС — модульные или блочно-компрессорные станции;;;;;;;;;;;;;;;1;;;
1686034669;;"ООО ""ВОДОКАНАЛ""";;;;36.00|36.00.2|37.00|36.00.1|42.21|43.22|38.21;;422773, Республика Татарстан, м. р-н Пестречинский, с. п. Богородское, д. Куюки, ул. Ясная Поляна, соор. 16/1, помещ. 1;Действующая компания;Бандорин Вячеслав Иванович;295000.0;295 тыс. руб.;4;22;Промышленные компрессоры от 200 000 ₽ | Генераторы кислорода | МКС — мобильные компрессорные станции | МКС — модульные или блочно-компрессорные станции;;;;;;;;;;;;;;;1;;;
5407974052;;"ООО ""АВТОВОДОКАНАЛ-НОВОСИБИРСК""";;;;36.00|47.81|47.99|47.19|77.11|77.39|52.29;;630110, Новосибирская область, г. о. город Новосибирск, г. Новосибирск, ул. Писемского, зд. 24/2, помещ. 1;Действующая компания;Прохоров Анатолий Юрьевич;270000.0;270 тыс. руб.;5;14;Промышленные компрессоры от 200 000 ₽ | Генераторы кислорода | МКС — мобильные компрессорные станции;;;;;;;;;;;;;;;1;;;
4703151360;;"ООО ""МОРОЗОВСКИЙ ВОДОКАНАЛ""";;;;36.00|35.30|37.00|41.20|42.21|42.91|43.21|68.20|70.22|71.11|71.12|85.23;;188679, Ленинградская область, Всеволожский район, гп. Имени Морозова, ул. Чекалова, д. 3, офис 2;Действующая компания;;260000.0;260 тыс. руб.;4;25;Промышленные компрессоры от 200 000 ₽ | Генераторы кислорода | МКС — мобильные компрессорные станции | МКС — модульные или блочно-компрессорные станции;;;;;;;;;;;;;;;1;;;
8610007072;;"ООО ""ЧИСТАЯ ВОДА ЮГРЫ""";;;;11.07|46.17.21|46.49.49;;628187, Ханты-Мансийский автономный округ - Югра, г. о. Нягань, г. Нягань, ул. Пионерская, д. 100/2, стр. 1;Действующая компания;Андреев Алексей Владимирович;252000.0;252 тыс. руб.;4;11;Рентген-детекторы и рентген-инспекционные системы;;;;;;;;;;;;;;;1;;;
0900008316;;"ООО ""ВОДОКАНАЛ""";;;;36.00|36.00.1|36.00.2|41.10|41.20|42.11|42.21|42.91|43.11|43.12|43.21|43.22|43.29|43.31|43.32|43.33|43.34|43.39|43.91|43.99;;369222, Карачаево-Черкесская Республика, м. р-н Карачаевский, с. п. Кумышское, аул. Кумыш, ул. Прикубанская, д. 12;Действующая компания;;211000.0;211 тыс. руб.;4;34;Промышленные компрессоры от 200 000 ₽ | Генераторы кислорода | МКС — мобильные компрессорные станции | МКС — модульные или блочно-компрессорные станции;;;;;;;;;;;;;;;1;;;
6450114746;;"ООО ""АКВАСЕРВИС""";;;;36.00|42.21;;410002, Саратовская область, г. о. город Саратов, г. Саратов, ул. им. Некрасова Н. А., д. 24, помещ. 1;Действующая компания;Орлов Дмитрий Александрович;162000.0;162 тыс. руб.;4;18;Промышленные компрессоры от 200 000 ₽ | Генераторы кислорода | МКС — мобильные компрессорные станции | МКС — модульные или блочно-компрессорные станции;;;;;;;;;;;;;;;1;;;
2315231929;;"ООО ""ЧИСТАЯ ВОДА""";;;;36.00|47.30.2|46.38.2|68.10|68.20|45.32.1|45.32.2|68.32|45.32|68.31;;353906, Краснодарский край, г. о. город Новороссийск, г. Новороссийск, ул. Воронежская, д. 23, кв. 1;Действующая компания;Медведева Татьяна Евгеньевна;124000.0;124 тыс. руб.;3;6;Промышленные компрессоры от 200 000 ₽ | Генераторы кислорода;;;;;;;;;;;;;;;1;;;
3526013720;;"ООО ФИРМА ""ЖИВАЯ ВОДА""";;;;11.07|02.20|41.2|46.34.1|46.34.23|47.11|47.8|49.41.2|49.41.3|56.30|68.20;;162390, Вологодская область, Великоустюгский район, г. Великий Устюг, ул. Железнодорожная, д. 1, к.а;Действующая компания;Елфимов Михаил Васильевич;72000.0;72 тыс. руб.;4;11;Рентген-детекторы и рентген-инспекционные системы;;;;;;;;;;;;;;;1;;;
4029065696;;"ООО ""ВОДА ТАРУСЫ""";;;;11.07|22.22|47.11|46.34.1;;249100, Калужская область, м. о. Тарусский, г. Таруса, Серпуховское шоссе, д. 22, стр. 2;Действующая компания;;57000.0;57 тыс. руб.;4;11;Рентген-детекторы и рентген-инспекционные системы;;;;;;;;;;;;;;;1;;;
0531011762;;"ООО ""ЧИСТАЯ ВОДА""";;;;36.0|36.00|36.00.1|36.00.2|37.00|38.1|38.2|74.20|74.30|78.20|81.22|81.29.9|82.92|82.99;;368870, Республика Дагестан, Тарумовский район, с. Тарумовка, ул. Шамиля Магомедова, д. 23;Действующая компания;Хачатуров Геннадий Гаврилович;56000.0;56 тыс. руб.;4;13;Генераторы кислорода | Промышленные компрессоры от 200 000 ₽;;;;;;;;;;;;;;;1;;;
1201005804;;"ООО ""ВОДОКАНАЛ-КИТУНЬКИНО""";;;;36.00;;425016, Республика Марий Эл, Волжский район, с. Новые Параты, ул. Центральная, д. 4;Действующая компания;;42000.0;42 тыс. руб.;3;6;Промышленные компрессоры от 200 000 ₽ | Генераторы кислорода;;;;;;;;;;;;;;;1;;;
7325048047;;"ООО ""СЭУ ""СИМБИРСКВОДА""";;;;42.21|01.61|23.61|36.00|41.20|42.22.2|42.91.2|43.11|43.12.1|43.12.3|43.99|43.99.3|46.31.11|49.41.3|70.22|71.12|71.12.45;;432027, Ульяновская область, г. о. город Ульяновск, г. Ульяновск, ул. Бакинская, д. 44, офис 28-30;Действующая компания;;30000.0;30 тыс. руб.;4;38;Промышленные компрессоры от 200 000 ₽ | Фотосепараторы | Генераторы кислорода | МКС — мобильные компрессорные станции | МКС — модульные или блочно-компрессорные станции;;;;;;;;;;;;;;;1;;;
1821017535;;"ООО ""ЧИСТАЯ ВОДА""";;;;11.07|11.07.1|14.13|35.30.14|35.30.2|46.21.19|46.32|46.32.3|46.33|46.34.1|46.41|46.41.2|46.42|46.43|46.44|46.45|46.49|46.73.3|46.73.4|46.73.5|46.73.6|46.74|46.75|47.22|47.23|47.24|47.25.2|47.29|47.42|47.43|47.51|47.52.1|47.52.2|47.52.3|47.52.6|47.53.3|47.54|47.59|47.59.1|47.61|47.62.2|47.64|47.71|47.72|47.73|47.74|47.75|47.76.1|47.76.2|47.77|47.77.2|47.78|47.78.3|47.78.4|47.78.9|47.79.3|49.41|68.10|68.20|69.10|69.20|77.11|96.01|96.02;;427260, Удмуртская Республика, м. о. Увинский Район, п. Ува, ул. Энгельса, д. 10, пом. 3, каб. 1;Действующая компания;Соловьев Григорий Иванович;25000.0;25 тыс. руб.;4;14;Рентген-детекторы и рентген-инспекционные системы | МКС — модульные или блочно-компрессорные станции;;;;;;;;;;;;;;;1;;;
0255016350;;"ООО ""ЧИСТАЯ ВОДА""";;;;03.22|01.11|01.13.3|01.41|01.42|01.43.1|01.45.1|01.49.1|01.49.5|01.50|02.20|02.40|03.11|03.12|41.20|43.32|47.22.2|47.23|47.25.12|47.26|52.21.24|55.20|55.30|56.30|77.34;;452027, Республика Башкортостан, м. р-н Белебеевский, с. п. Анновский Сельсовет, с. Анновка, ул. Лесная, соор. 16;Действующая компания;Гончар Сергей Витальевич;24000.0;24 тыс. руб.;5;11;Промышленные компрессоры от 200 000 ₽ | Генераторы кислорода | МКС — мобильные компрессорные станции;;;;;;;;;;;;;;;1;;;
5001128549;;"ООО ""ВОДОКАНАЛ СЕРВИС""";;;;37.00|36.00.1|36.00.2|36.00|43.21|43.29|43.22|43.12.3;;143907, Московская область, г. о. Балашиха, г. Балашиха, пр-кт Ленина, д. 22, помещ. III-1;Действующая компания;;23000.0;23 тыс. руб.;4;14;Промышленные компрессоры от 200 000 ₽ | Генераторы кислорода;;;;;;;;;;;;;;;1;;;
1632008197;;"ООО ""ЧИСТАЯ ВОДА""";;;;42.21|33.14|33.20|42.22.1|42.22.2|42.99|43.99.3|46.73.1|46.73.2|46.73.6|47.52.7|49.41|49.41.1;;423040, Республика Татарстан, м. р-н Нурлатский, г. п. город Нурлат, г. Нурлат, ул. Куйбышева, д. 57А;Действующая компания;Каримов Рамис Риязович;20000.0;20 тыс. руб.;4;20;Промышленные компрессоры от 200 000 ₽ | МКС — мобильные компрессорные станции | МКС — модульные или блочно-компрессорные станции;;;;;;;;;;;;;;;1;;;
3334017383;;"ООО ""СТРОЙВОДОКАНАЛ""";;;;42.21|42.22.2|42.22.1;;602213, Владимирская область, г. о. Округ Муром, с. Молотицы, ул. Молодежная, д. 1, кв. 1;Действующая компания;;20000.0;20 тыс. руб.;4;12;Промышленные компрессоры от 200 000 ₽ | МКС — мобильные компрессорные станции | МКС — модульные или блочно-компрессорные станции;;;;;;;;;;;;;;;1;;;
1101045049;;"ООО ""РВС ВОДОКАНАЛ""";;;;43.11|06.20|19.20|20.11|20.14|35.21|41.2|41.20|42.21|42.99|43.12|43.2|43.3|46.71|46.73|46.77|47.19|52.10|68.20;;167016, Республика Коми, г. о. Сыктывкар, г. Сыктывкар, ул. Морозова, стр. 55/1;Действующая компания;;19000.0;19 тыс. руб.;5;52;Промышленные компрессоры от 200 000 ₽ | Фотосепараторы | Генераторы азота | Генераторы кислорода | МКС — мобильные компрессорные станции | МКС — модульные или блочно-компрессорные станции;;;;;;;;;;;;;;;1;;;
7133028047;;"ООО ""СУВОРОВСКОЕ ВОДОПРОВОДНО-КАНАЛИЗАЦИОННОЕ ХОЗЯЙСТВО""";;;;36.00|33.12|33.14|33.17|37.00|38.11|38.12|42.21|42.22|43.11|43.12|43.13|43.21|43.22|43.29|43.31|43.32|43.32.1|43.33|43.34|43.39|43.91|43.99|45.20|47.19|47.52.7|49.41|52.10|52.29|63.11|68.20|68.32|70.22|77.33|81.10|81.22|81.29|81.30|82.92|96.09|99.00;;301433, Тульская область, Суворовский район, г. Суворов, ул. Мусоргского, д. 11;Действующая компания;Кошелев Даниил Геннадьевич;12000.0;12 тыс. руб.;5;46;Промышленные компрессоры от 200 000 ₽ | Фотосепараторы | Генераторы кислорода | МКС — мобильные компрессорные станции | МКС — модульные или блочно-компрессорные станции;;;;;;;;;;;;;;;1;;;
5904416139;;"ООО ""ЗВЕЗДНАЯ ВОДА""";;;;11.07|68.20|46.49.49|10.89|36.00|47.99;;614105, Пермский край, г. о. Пермский, г. Пермь, мкр. Новые Ляды, ул. Мира, д. 8, кв. 37;Действующая компания;;11000.0;11 тыс. руб.;5;32;Промышленные компрессоры от 200 000 ₽ | Рентген-детекторы и рентген-инспекционные системы | Генераторы азота | Генераторы кислорода;;;;;;;;;;;;;;;1;;;
7204095194;"ООО ""ТЮМЕНЬ ВОДОКАНАЛ""";;kc;новостные;36.00.1;;Тюменская;;;;;;;;;tyumen.rosvodokanal.ru;водоснабжение и водоотведение города Тюмени и районов области;0;inn;m.baidalova@rosvodokanal.ru;"tmn@rosvodokanal.ru|общий|Ширшова Анна Юрьевна ; etika@rosvodokanal.ru|общий| ; i.aidanova@rosvodokanal.ru|общий|Айданова Ирина Алексеевна ; ish@rosvodokanal.ru|общий| ; yal@rosvodokanal.ru|общий| ; webhelp@rosvodokanal.ru|общий| ; m.baidalova@rosvodokanal.ru|снабжение/закупки|Байдалова М. ; a.litvinenkova@rosvodokanal.ru|снабжение/закупки|Литвиненкова А.";8;"[""8 (3452) 540-940 (круглосуточно, главный)"", ""8-800-250-17-47 (сообщения о нарушениях)"", ""8 800 600 85 50 (центры обслуживания абонентов)""]";1;3;модернизация;модернизация водоподготовки;https://vk.com/wall-217054933_3296;activity,best_email_v2,checko,crawl,email,etp,okved_v2,phone,site,verify;;1;;
1650033502;"ПРОФСОЮЗНАЯ ОРГАНИЗАЦИЯ РАБОТНИКОВ ""ЗАВОДА ДВИГАТЕЛЕЙ"" ПЕРВИЧНАЯ ПРОФСОЮЗНАЯ ОРГАНИЗАЦИЯ ОТКРЫТОГО АКЦИОНЕРНОГО ОБЩЕСТВА КАМАЗ, ПРОФЕССИОНАЛЬНОГО СОЮЗА РАБОТНИКОВ АВТОМОБИЛЬНОГО И СЕЛЬСКОХОЗЯЙСТВЕННОГО МАШИНОСТРОЕНИЯ РОССИЙСКОЙ ФЕДЕРАЦИИ (НА ПРАВАХ ПЕРВИЧНОЙ ОРГАНИЗАЦИИ)";;kc;новостные;91.2;;Татарстан;;;;;;;;;profkamaz.ru;профсоюзная организация ПАО КАМАЗ, защита прав работников завода;0;provider;prprofkom@kamaz.ru;"adiyatullinir@kamaz.ru|приёмная|Адиятуллин Ильшат Рафисович ; aleshkov@kamaz.ru|общий|Алешков Владимир Николаевич ; davidovala@kamaz.ru|общий|Давыдова Лина Анатольевна ; gabitovrv@kamaz.ru|общий|Габитов Радик Венерович ; galyamovasv@kamaz.ru|общий| ; ganinaov@kamaz.ru|общий| ; gavrilovva2@kamaz.ru|приёмная|Гаврилов Владислав Анатольевич ; islamovazf@kamaz.ru|общий| ; prprofkom@kamaz.ru|приёмная|Шамилов Ильдар Асхатович ; shuralev.an@kamaz.ru|приёмная|Шуралев Александр Николаевич";12;"[""+7 8552 37-45-81 (председатель ОППО)"", ""+7 8552 37-45-88 (заместитель председателя)"", ""+7 8552 37-45-27 (заместитель председателя)"", ""+7 8552 37-45-71 (заместитель председателя)"", ""+7 8552 37-45-78 (отдел охраны труда)"", ""+7 8552 37-45-98 (бухгалтерия)"", ""+7 8552 37-45-65 (юридическая служба)"", ""+7 8552 37-45-85 (организационно-кадровый отдел)""]";1;4;запуск линии;запуск нового оборудования на заводе двигателей;https://yarkamp-kamaz.ru/news/na-zavode-dvigatelej-zapushcheno-novoe-oborudovanie-dlya-pravki-valov;activity,checko,email,okved_v2,phone,site,verify;;1;;
2310228270;;"ООО ""ВОДОКАНАЛ ЗНАМЕНСКИЙ""";;;;36.00|33.12|33.14|33.19|33.20|35.12|35.13|35.30|37.00|39.00|41.20|42.21|42.22|42.91|42.99|43.11|43.21|43.22|43.29|43.99.1|43.99.4|43.99.5|43.99.7|46.69|46.73|46.74|49.41|49.42|49.50|52.10|52.29|63.99.1|64.20|64.91|68.10|68.20|68.32|69.10|69.20|70.10|70.22|77.11|77.12|77.32;;350005, Краснодарский край, г. о. город Краснодар, г. Краснодар, ул. им. Дзержинского, д. 161, офис 14;Действующая компания;;0.0;0 руб.;5;68;Промышленные компрессоры от 200 000 ₽ | Фотосепараторы | Генераторы кислорода | МКС — мобильные компрессорные станции | МКС — модульные или блочно-компрессорные станции;;;;;;;;;;;;;;;1;;;
7512006103;;"ООО ""ТЕПЛОВОДОКАНАЛ""";;;;35.30|16.10|16.10.1|16.23.1|16.23.2|16.24|16.29.1|35.30.1|35.30.11|35.30.13|35.30.14|35.30.2|35.30.3|35.30.4|35.30.5|35.30.6|36.00|36.00.1|36.00.2|37.00|38.11|38.21|38.31|42.21|42.22|42.91|42.91.2|42.91.4|42.99|43.11|43.12|43.12.1|43.12.3|43.21|43.22|43.31|43.32|43.33|43.34|43.39|43.99.2|43.99.3|49.32|49.41|49.41.1|49.41.2|49.41.3|49.42|49.50|77.11|77.12|77.31|77.32|96.04;;673732, Забайкальский край, Могочинский район, г. Могоча, ул. Нижненабережная, д. 20, кв. 19;Действующая компания;;0.0;;5;61;Промышленные компрессоры от 200 000 ₽ | Фотосепараторы | Генераторы кислорода | МКС — мобильные компрессорные станции | МКС — модульные или блочно-компрессорные станции;;;;;;;;;;;;;;;1;;;
4705069714;;"ООО ""РЕГИОНАЛЬНЫЕ КУРОРТЫ ""ВОДОКАНАЛ""";;;;36.00|01.13|01.25|01.30|01.50|01.61|02.10|02.20|35.11|35.13|35.2|35.30|37.00|41.20|42.11|42.91|42.99|43.11|43.12.3|43.21|43.22|43.29|43.31|43.32|43.33|43.34|43.39|43.91|43.99|43.99.1|46.18|52.21|55.10|55.20|55.30|55.90|56.10|56.10.1|56.10.3|56.29|56.30|61.10|64.99.3|68.10|68.10.1|68.20|68.31|68.32|70.22|71.1|71.12.5|71.12.6|73.11|75.00|77.29|77.31|77.32|77.39.2|78.10|79.11|80.10|80.20|80.30|81.22|81.29.9|82.99|85.11|85.12|85.13|85.14|85.21|85.22|85.42.9|86.10|86.21|86.23|87.90|88.10|91.04|93.11|93.19|93.29.9|96.01|96.02|96.04|96.09|97.00;;188365, Ленинградская область, Гатчинский район, п. Сусанино, лн. 6-я, д. 112, помещ. 12;Действующая компания;;0.0;;5;59;Промышленные компрессоры от 200 000 ₽ | Фотосепараторы | Генераторы кислорода | МКС — мобильные компрессорные станции | МКС — модульные или блочно-компрессорные станции;;;;;;;;;;;;;;;1;;;
9310009017;;"ООО ПК ""СТРОЙВОДОКАНАЛ""";;;;42.21|41.10|41.20|42.13|42.91|42.99|43.11|43.12|43.22|43.29|43.99|46.72|46.74|46.90|49.41|49.50|52.10|52.21|52.24|52.29|71.11|71.12|71.20|77.11|77.12|77.32|77.39;;287513, Донецкая Народная Республика, г. о. Мариуполь, г. Мариуполь, квартал 25, д. 2, помещ. 1;Действующая компания;Мирная Людмила Викторовна;0.0;;5;57;Промышленные компрессоры от 200 000 ₽ | Фотосепараторы | Генераторы азота | МКС — мобильные компрессорные станции | МКС — модульные или блочно-компрессорные станции;;;;;;;;;;;;;;;1;;;
4324009138;;"ООО ""ВОДОКАНАЛСЕРВИС""";;;;36.00|02.10|02.10.2|02.20|02.40|33.11|33.12|33.14|33.17|36.00.1|36.00.2|37.00|38.11|38.12|38.21|38.22|41.10|41.20|42.11|42.12|42.13|42.21|42.91|42.91.4|42.91.5|42.99|43.11|43.12.3|43.29|43.34|47.11|47.30.2|49.20.1|49.20.9|49.39|49.39.31|49.39.39|49.41|49.41.1|49.41.2|49.41.3|49.42|49.50|69.10|77.11|77.12|77.29|77.29.9|77.31|77.32|77.33|77.39|77.39.25|81.10|81.21|81.21.9;;612080, Кировская область, м. о. Оричевский, пгт Оричи, ул. Конева, д. 2;Действующая компания;Конышев Иван Сергеевич;0.0;0 руб.;5;50;Промышленные компрессоры от 200 000 ₽ | Генераторы кислорода | МКС — мобильные компрессорные станции | МКС — модульные или блочно-компрессорные станции;;;;;;;;;;;;;;;1;;;
6101005817;;"ООО ""ВОДОКАНАЛ""";;;;36.00|35.30|36.00.1|36.00.2|37.00|42.21|42.91.5|43.22|43.29|43.99|49.50|68.10|68.20|71.12.5|71.12.6|71.20.1;;346750, Ростовская область, м. р-н Азовский, с. п. Обильненское, п. Овощной, ул. Тихая, д. 8, ком. 5;Действующая компания;Бабаева Ольга Игоревна;0.0;;5;50;Промышленные компрессоры от 200 000 ₽ | Генераторы азота | Генераторы кислорода | МКС — мобильные компрессорные станции | МКС — модульные или блочно-компрессорные станции;;;;;;;;;;;;;;;1;;;
1837013416;;"ООО ""ЯРСКИЙ ВОДОКАНАЛ""";;;;36.00|01.61|16.10.1|25.11|36.00.2|37.00|41.20|42.11|42.12|42.21|42.22.2|43.22|43.31|43.32|43.33|43.39|43.99|47.52.2|47.52.3|47.52.7;;427500, Удмуртская Республика, Ярский район, п. Яр, ул. Гагарина, стр. 13А;Действующая компания;Булатов Антон Викторович;0.0;;4;47;Промышленные компрессоры от 200 000 ₽ | Фотосепараторы | Генераторы кислорода | МКС — мобильные компрессорные станции | МКС — модульные или блочно-компрессорные станции;;;;;;;;;;;;;;;1;;;
6165240710;;"ООО ""АКСАЙСКИЙ ВОДОКАНАЛ""";;;;36.00|03.12|03.22|23.61|37.00|38.11|41.20|42.21|42.22|42.91|42.99|43.11|43.12|43.21|43.22|43.29|43.31|43.32|43.33|43.34|43.39|43.99|45.20|52.29|68.32|77.12|77.32|82.19;;344064, Ростовская область, г. о. город Ростов-На-Дону, г. Ростов-На-Дону, пер. Радиаторный, д. 6, ком. 15;Действующая компания;Бухаянц Артур Викторович;0.0;;5;45;Промышленные компрессоры от 200 000 ₽ | Генераторы кислорода | МКС — мобильные компрессорные станции | МКС — модульные или блочно-компрессорные станции;;;;;;;;;;;;;;;1;;;
3912004978;;"ООО ""ЯНТАРНЫЙ ВОДОКАНАЛ""";;;;42.21|21.20.2|32.50|36.00|41.20|42.22.1|42.22.2|42.99|43.12|43.2|43.22|43.3|43.99|43.99.3|43.99.6|45.20|46.11|46.12|46.13|46.14|46.15|46.16|46.17|46.18|46.18.1|46.19|46.21|46.22|46.23|46.24|46.31|46.32|46.33|46.34|46.35|46.36|46.37|46.38|46.39|46.42|46.43|46.44|46.46.2|46.47|46.48|46.49|46.51|46.52|46.61|46.62|46.71|46.73|46.74|46.77|46.90|47.11|47.19|47.21|47.22|47.23|47.24|47.25|47.26|47.29|47.74|47.81|47.89|47.91|47.91.2|47.99|47.99.2|49.4|53.20.31|53.20.39;;238581, Калининградская область, пгт. Янтарный, ул. Вишнёвая (Садовник тер. Снт), д. 25;Действующая компания;;0.0;;4;42;Промышленные компрессоры от 200 000 ₽ | Генераторы азота | Генераторы кислорода | МКС — мобильные компрессорные станции | МКС — модульные или блочно-компрессорные станции;;;;;;;;;;;;;;;1;;;
4252012548;;"ООО ""ВОДОКАНАЛ""";;;;36.00|35.13|35.30.14|35.30.2|35.30.3|35.30.4|35.30.5|35.30.6|36.00.1|36.00.2|37.00|38.11|38.21|39.00|41.20|42.21|42.99|43.11|43.12.3|43.99|43.99.7|49.41.1|49.41.2|68.32.1|68.32.2|69.20.2|70.22|71.12.9|81.29.9;;652815, Кемеровская область - Кузбасс, г. Осинники, ул. Чайковского, д. 1А;;;0.0;0 руб.;4;41;Промышленные компрессоры от 200 000 ₽ | Генераторы кислорода | МКС — мобильные компрессорные станции | МКС — модульные или блочно-компрессорные станции;;;;;;;;;;;;;;;1;;;
6140012134;;"ООО ""ВОДОПРОВОДНЫЕ СЕТИ""";;;;42.21|35.11|35.13|35.30|36.00|37.00|42.22.2|43.12.3|43.21|43.22|43.29|43.31|43.32|43.33|43.34|43.39|43.91|68.10|68.10.1|68.10.2|68.31|68.32|68.32.1|94.11;;346787, Ростовская область, г. о. город Азов, г. Азов, пер. Красноармейский, д. 51/53, офис 4;Действующая компания;Морозов Александр Сергеевич;0.0;;4;41;Промышленные компрессоры от 200 000 ₽ | Генераторы кислорода | МКС — мобильные компрессорные станции | МКС — модульные или блочно-компрессорные станции;;;;;;;;;;;;;;;1;;;
4429003599;;"ООО ""ЧУХЛОМАВОДОКАНАЛ""";;;;36.00|02.20|25.1|33.12|33.14|33.20|35.30|37.00|41.20|42.91|43.11|43.12.3|43.13|43.21|43.22|43.29|43.31|43.32|43.33|43.34|43.39|43.91|43.99|43.99.1|46.73|46.74|46.90|47.11|47.19|47.25|47.52.71|47.8|52.21|52.29|68.20|68.31.1|68.31.2|68.31.3|68.31.4|68.32.1|68.32.2|71.1|71.12.5|71.12.6|71.20|77.11|77.32|77.33|77.39.1|93.29.9|96.04;;157130, Костромская область, м. о. Чухломский, г. Чухлома, ул. Семеновская, д. 15;Действующая компания;;0.0;0 руб.;5;40;Промышленные компрессоры от 200 000 ₽ | Генераторы азота | Генераторы кислорода | МКС — мобильные компрессорные станции | МКС — модульные или блочно-компрессорные станции;;;;;;;;;;;;;;;1;;;
2309188697;;"ООО ""СЕРВИС ВОДА""";;;;36.00|36.00.1|36.00.2|37.00|41.20|42.11|42.12|42.13|42.21|42.22.1|42.22.2|42.22.3|42.91|42.91.1|42.91.2|42.91.4|42.91.5|42.99|43.11|43.12.1|43.12.3|43.12.4|43.13|43.21|43.22|43.29|43.31|43.32|43.33|43.34|43.34.1|43.34.2|43.39|43.91|43.99|43.99.1|43.99.2|43.99.3|43.99.4|43.99.5|43.99.6|43.99.7|43.99.9|68.10.21|68.10.22|68.10.23|68.20|68.20.1|68.20.2|71.20;;350011, Краснодарский край, г. о. город Краснодар, г. Краснодар, ул. Воронежская, д. 47;Действующая компания;Караханян Енок Юрикович;0.0;;4;40;Промышленные компрессоры от 200 000 ₽ | Генераторы азота | Генераторы кислорода | МКС — мобильные компрессорные станции | МКС — модульные или блочно-компрессорные станции;;;;;;;;;;;;;;;1;;;
9731063997;;"ООО ""ЧИСТАЯ ВОДА""";;;;37.00|20.13|20.14|36.00|38.11|38.12|39.00|42.21|68.20|70.22|71.12;;119049, г. Москва, пр-кт Ленинский, д. 3, эт. 1, пом. I, ком. 2;Действующая компания;;0.0;0 руб.;5;40;Промышленные компрессоры от 200 000 ₽ | Генераторы азота | Генераторы кислорода | МКС — мобильные компрессорные станции | МКС — модульные или блочно-компрессорные станции;;;;;;;;;;;;;;;1;;;
4826154467;;"ООО ""ЛЕБЕДЯНСКИЙ ВОДОКАНАЛ""";;;;36.00|35.30|37.00|41.20|43.12|43.21|43.22|43.29|43.31|43.32|43.33|43.34|43.39|43.99|45.20|47.11|47.19|47.30|49.41|49.42|52.10|52.21|52.22|52.23|52.24|52.29|56.29|68.20|68.32|70.10.2|70.22|73.11|80.20|81.29|84.25.1|86.10|86.21|86.22|86.23|86.90|96.01|96.02|96.03|96.04|96.09;;398050, Липецкая область, г. о. город Липецк, г. Липецк, пер. Кузнечный, д. 22, помещ. 14А;Действующая компания;;0.0;;5;39;Промышленные компрессоры от 200 000 ₽ | Фотосепараторы | Генераторы кислорода | МКС — мобильные компрессорные станции | МКС — модульные или блочно-компрессорные станции;;;;;;;;;;;;;;;1;;;
4826154474;;"ООО ""ДАНКОВСКИЙ ВОДОКАНАЛ""";;;;36.00|35.30|37.00|41.20|43.12|43.21|43.22|43.29|43.31|43.32|43.33|43.34|43.39|43.99|45.20|47.11|47.19|47.30|49.41|49.42|52.10|52.21|52.22|52.23|52.24|52.29|56.29|68.20|68.32|70.10.2|70.22|73.11|80.20|81.29|84.25.1|86.10|86.21|86.22|86.23|86.90|96.01|96.02|96.03|96.04|96.09;;398050, Липецкая область, г. о. город Липецк, г. Липецк, пер. Кузнечный, д. 22, помещ. 10;Действующая компания;;0.0;;5;39;Промышленные компрессоры от 200 000 ₽ | Фотосепараторы | Генераторы кислорода | МКС — мобильные компрессорные станции | МКС — модульные или блочно-компрессорные станции;;;;;;;;;;;;;;;1;;;
6949012410;;"ООО ""ЗАВИДОВО ВОДОКАНАЛ""";;;;37.00|36.00|36.00.1|36.00.2|41.20|42.21|42.91|42.91.4|43.11|43.22|43.29|43.99|68.10|68.10.22|68.10.23|68.20|68.32|68.32.1|68.32.2|71.11.1|71.12|71.12.1|71.12.45|73.11|77.39.1|77.39.29|82.99|96.09;;171266, Тверская область, Конаковский район, д. Мокшино, ул. Школьная, д. 4А, офис 9;Действующая компания;Горчаков Сергей Геннадиевич;0.0;;5;39;Промышленные компрессоры от 200 000 ₽ | Генераторы кислорода | МКС — мобильные компрессорные станции | МКС — модульные или блочно-компрессорные станции;;;;;;;;;;;;;;;1;;;
7500025976;;"ООО ""ВОДОПРОВОД КРАСНОКАМЕНСКА""";;;;36.00|35.12.1|35.13|37.00|42.21|42.91|43.11|43.12|43.21|43.22|43.29|43.31|43.32|43.33|43.34|43.39|43.91|43.99|68.20|71.11|71.12;;674673, Забайкальский край, м. о. Краснокаменский, г. Краснокаменск, пр-кт Строителей, д. 3, помещ. 9;Действующая компания;;0.0;;4;38;Промышленные компрессоры от 200 000 ₽ | Генераторы кислорода | МКС — мобильные компрессорные станции | МКС — модульные или блочно-компрессорные станции;;;;;;;;;;;;;;;1;;;
1308083146;;"ООО ""ВОДОКАНАЛ""";;;;42.21|36.00|36.00.1|36.00.2|37.00|41.20|42.11|42.12|42.13|42.22.1|42.22.2|42.91|42.91.2|42.99|43.13|43.22|43.29|43.99.3|43.99.4;;431160, Республика Мордовия, Зубово-Полянский район, рп. Явас, ул. Тактаева, д. 2;Действующая компания;;0.0;0 руб.;4;38;Промышленные компрессоры от 200 000 ₽ | Генераторы кислорода | МКС — мобильные компрессорные станции | МКС — модульные или блочно-компрессорные станции;;;;;;;;;;;;;;;1;;;
4401140901;;"ООО ""КФК ВОДОКАНАЛ""";;;;36.00|35.3|35.30.4|35.30.5|36.00.1|36.00.2|37.00|41.2|41.20|42.21|42.22.1|42.22.2|43.11|43.12|43.12.1|43.12.3|43.2|43.99|45.1|45.2|46.9|71.12.9|74.20|74.30|82.92;;156010, Костромская область, г. Кострома, ул. Самоковская, д. 10А;Действующая компания;;0.0;0 руб.;4;37;Промышленные компрессоры от 200 000 ₽ | Генераторы кислорода | МКС — мобильные компрессорные станции | МКС — модульные или блочно-компрессорные станции;;;;;;;;;;;;;;;1;;;
4401189488;;"ООО ""ВОДОКАНАЛ ТС""";;;;36.00|35.30|35.30.4|35.30.5|36.00.1|36.00.2|37.00|41.20|42.21|42.22.1|42.22.2|43.11|43.12|43.12.1|43.12.3|43.21|43.99|45.11|45.20|46.90|71.12.9|74.20|74.30|82.92;;156010, Костромская область, г. Кострома, ул. Самоковская, д. 10А, офис 6;Действующая компания;Гревцев Иван Анатольевич;0.0;;4;37;Промышленные компрессоры от 200 000 ₽ | Генераторы кислорода | МКС — мобильные компрессорные станции | МКС — модульные или блочно-компрессорные станции;;;;;;;;;;;;;;;1;;;
3019024875;;"ООО ""АКВАСЕРВИС""";;;;36.00|43.12.3|43.11|43.21|43.22|42.21|42.22.1|43.99|37.00|43.29;;416150, Астраханская область, м. о. Красноярский, с. Красный Яр, ул. Кленовая, д. 4;Действующая компания;Досмухамедов Салават Азатович;0.0;0 руб.;4;34;Промышленные компрессоры от 200 000 ₽ | Генераторы кислорода | МКС — мобильные компрессорные станции | МКС — модульные или блочно-компрессорные станции;;;;;;;;;;;;;;;1;;;
6726024524;;"ООО ""ВОДОКАНАЛ""";;;;36.00|37.00|38.11|38.12|38.21|38.22|41.10|41.20|42.11|42.21|42.91|42.99|43.31|43.32|43.33|43.34|43.91|43.99|47.52|47.59.9|68.10|68.20|68.31|68.32;;215750, Смоленская область, Дорогобужский район, пгт Верхнеднепровский, ул. Юбилейная, д. 5А;Действующая компания;Шпакова Татьяна Станиславовна;0.0;;4;34;Промышленные компрессоры от 200 000 ₽ | Генераторы кислорода | МКС — мобильные компрессорные станции | МКС — модульные или блочно-компрессорные станции;;;;;;;;;;;;;;;1;;;
2460114498;;"ООО ""КРАЙВОДОКАНАЛ""";;;;36.00|43.21|43.12|43.99.1|43.99.7|41.20|42.21|71.12.1|37.00|68.32;;660075, Красноярский край, г. Красноярск, ул. Северо-Енисейская, д. 33, офис 3-03;Действующая компания;Татарчук Кирилл Андреевич;0.0;;4;34;Промышленные компрессоры от 200 000 ₽ | Генераторы кислорода | МКС — мобильные компрессорные станции | МКС — модульные или блочно-компрессорные станции;;;;;;;;;;;;;;;1;;;
6125033620;;"ООО ""ВОДОСНАБЖЕНИЕ""";;;;36.00|37.00|41.20|42.21|42.99|43.12|43.21|43.22|43.29|43.99|43.99.3|45.20|46.73|49.41|49.42|71.12;;346480, Ростовская область, м. р-н Октябрьский, г. п. Каменоломненское, рп. Каменоломни, ул. 40 лет Октября, зд. 84, офис 1;Действующая компания;;0.0;0 руб.;4;34;Промышленные компрессоры от 200 000 ₽ | Генераторы кислорода | МКС — мобильные компрессорные станции | МКС — модульные или блочно-компрессорные станции;;;;;;;;;;;;;;;1;;;
7457006780;;"ООО ""ВОДООТВЕДЕНИЕ""";;;;37.00|35.12|36.00.2|41.20|42.21|42.22.1|42.22.2|43.21|43.39|43.99|43.99.7|49.4|68.32.1;;456900, Челябинская область, м. о. Саткинский, г. Бакал, ул. 50 лет Влксм, д. 2, этаж 1, ком. 15;Действующая компания;;0.0;0 руб.;4;34;Промышленные компрессоры от 200 000 ₽ | Генераторы кислорода | МКС — мобильные компрессорные станции | МКС — модульные или блочно-компрессорные станции;;;;;;;;;;;;;;;1;;;
5803031598;;"ООО ""ВОДОКАНАЛ""";;;;36.00|37.00|41.20|42.21|42.22.2|43.11|43.12.3|43.22|43.29|45.11.2|45.19.4|45.20|68.10.22|68.20.2|68.32.2|71.12|77.32|96.09;;442530, Пензенская область, г. о. город Кузнецк, г. Кузнецк, ул. Алексеевское Шоссе, зд. 4А, офис 3;Действующая компания;;0.0;;5;31;Промышленные компрессоры от 200 000 ₽ | Генераторы кислорода | МКС — мобильные компрессорные станции | МКС — модульные или блочно-компрессорные станции;;;;;;;;;;;;;;;1;;;
2311336952;;"ООО ""ВОДОКАНАЛ ВОСТОК""";;;;36.00|42.21|42.91|42.99|43.21|43.22|43.29|43.99|63.99.1|68.20|71.12|77.39|81.30|82.19;;350073, Краснодарский край, г. о. город Краснодар, г. Краснодар, ул. им. Кирилла Россинского, д. 59А, стр. 7, помещ. 2;Действующая компания;Прокопенко Сергей Сергеевич;0.0;;5;31;Промышленные компрессоры от 200 000 ₽ | Генераторы кислорода | МКС — мобильные компрессорные станции | МКС — модульные или блочно-компрессорные станции;;;;;;;;;;;;;;;1;;;
0703007578;;"ООО ""ВОДОКАНАЛ""";;;;36.00|36.00.1|36.00.2|41.2|41.20|42.21|42.22.2|43.29|43.3|43.31|43.32|43.33|43.34|43.99.3|43.99.4|43.99.6|52.10;;361103, Кабардино-Балкарская Республика, Майский район, ст-ца Котляревская, ул. Лебедевых, зд. 85;Действующая компания;Киселев Андрей Юрьевич;0.0;0 руб.;4;30;Промышленные компрессоры от 200 000 ₽ | Фотосепараторы | Генераторы кислорода | МКС — мобильные компрессорные станции | МКС — модульные или блочно-компрессорные станции;;;;;;;;;;;;;;;1;;;
6432019183;;"МАУ ""УСТЬ-КУРДЮМ ВОДОКАНАЛ"" УКМО";;;;36.00|37.00|41.20|42.21|42.22.2|42.91|43.22|43.29|43.99|43.99.1|46.74;;410540, Саратовская область, г. Саратов, с. Усть-Курдюм, ул. Большая Советская, зд. 77А;Действующая организация;Бондарь Тарас Георгиевич;0.0;;4;30;Промышленные компрессоры от 200 000 ₽ | Генераторы кислорода | МКС — мобильные компрессорные станции | МКС — модульные или блочно-компрессорные станции;;;;;;;;;;;;;;;1;;;
7447271236;;"ООО ""ВОДОКАНАЛ""";;;;36.00|01.11.1|01.41|36.00.1|36.00.2|42.21|42.22|42.99|43.11|43.12.2|43.13|43.32|43.91|45.20|45.20.3;;454018, Челябинская область, г. о. Челябинский, г. Челябинск, ул. Ижевская, д. 108, офис 8;Действующая компания;Давыдов Денис Сергеевич;0.0;0 руб.;4;30;Промышленные компрессоры от 200 000 ₽ | Генераторы кислорода | МКС — мобильные компрессорные станции | МКС — модульные или блочно-компрессорные станции;;;;;;;;;;;;;;;1;;;
6678113186;;"ООО ""ВОДА ИСТОКА""";;;;42.21|35.12|35.13|36.00|36.00.1|36.00.2|37.00|41.20|42.22|42.22.1|43.12.3|43.29;;620041, Свердловская область, г. о. город Екатеринбург, г. Екатеринбург, пер. Трамвайный, д. 2, к. 3, кв. 9;Действующая компания;Кобыш Игорь Александрович;0.0;;4;30;Промышленные компрессоры от 200 000 ₽ | Генераторы кислорода | МКС — мобильные компрессорные станции | МКС — модульные или блочно-компрессорные станции;;;;;;;;;;;;;;;1;;;
0800022490;;"ООО ""ИКС ВОДОСНАБЖЕНИЕ КАЛМЫКИЯ""";;;;36.00|35.30|37.00|41.20|42.11|42.91|42.99|43.11|43.12|43.13|43.21|43.22|43.29|43.31|43.32|43.33|43.34|43.39|43.91|43.99;;358000, Республика Калмыкия, г. о. город Элиста, г. Элиста, ул. им. Г. Д. Эрдниева, д. 21;Действующая компания;;0.0;;4;29;Промышленные компрессоры от 200 000 ₽ | Генераторы кислорода | МКС — мобильные компрессорные станции | МКС — модульные или блочно-компрессорные станции;;;;;;;;;;;;;;;1;;;
1841010810;;"ООО ""ЗАВЬЯЛОВО-ВОДОКАНАЛ""";;;;36.00|43.12.3|37.00|42.21|42.22.1|35.3|68.32.1|42.22.2;;427000, Удмуртская Республика, Завьяловский район, с. Завьялово, ул. Садовая, д. 1;Действующая компания;Половинка Александр Григорьевич;0.0;0 руб.;4;29;Промышленные компрессоры от 200 000 ₽ | Генераторы кислорода | МКС — мобильные компрессорные станции | МКС — модульные или блочно-компрессорные станции;;;;;;;;;;;;;;;1;;;
7455025499;;"ООО ""КИЗИЛ ВОДОКАНАЛ""";;;;36.00|49.50|33.14|33.20|43.22|33.12|52.10.23|43.29|37.00;;457610, Челябинская область, Кизильский район, с. Кизильское, ул. Советская, д. 71, кабинет 5;Действующая компания;Марков Александр Геннадьевич;0.0;;5;29;Промышленные компрессоры от 200 000 ₽ | Фотосепараторы | Генераторы кислорода | МКС — мобильные компрессорные станции | МКС — модульные или блочно-компрессорные станции;;;;;;;;;;;;;;;1;;;
2700031054;;"ООО ""ИКС ВОДОСНАБЖЕНИЕ ХАБАРОВСК""";;;;36.00|35.30|37.00|41.20|42.11|42.91|42.99|43.11|43.12|43.13|43.21|43.22|43.29|43.31|43.32|43.33|43.34|43.39|43.91|43.99|62.01|62.02|63.11|64.99|71.11;;680000, Хабаровский край, г. о. город Хабаровск, г. Хабаровск, ул. Ленина, д. 4, пом. 5;Действующая компания;;0.0;;4;29;Промышленные компрессоры от 200 000 ₽ | Генераторы кислорода | МКС — мобильные компрессорные станции | МКС — модульные или блочно-компрессорные станции;;;;;;;;;;;;;;;1;;;
5004026295;;"ООО ""АКВАСЕРВИС""";;;;43.11|41.20|42.11|42.12|42.13|42.21|42.22.1|42.22.2|42.22.3|42.91|42.99|43.12.1|43.12.3|43.12.4|43.13|43.21|43.22|43.29|43.31|43.32|43.33|43.34|43.39|43.91|43.99|43.99.1|43.99.7|68.10|68.10.1|68.10.11|68.10.12|68.10.21|68.10.22|96.09;;143602, Московская область, г. Волоколамск, ул. Свободы, д. 11, кв. 35;;;0.0;;4;28;Промышленные компрессоры от 200 000 ₽ | МКС — мобильные компрессорные станции | МКС — модульные или блочно-компрессорные станции;;;;;;;;;;;;;;;1;;;
7447272511;;"ООО ""ВОДОКАНАЛСТРОЙ-2""";;;;42.21|42.99|43.11|43.12|43.12.3|43.22|43.31|43.32|43.33|43.34|43.91|43.99|46.44|46.73|46.74|47.19|47.51|47.52|47.53|49.32|49.41|52.10|68.20.2|70.22;;454087, Челябинская область, г. Челябинск, ул. Братская, д. 2Д, офис 1;Действующая компания;Слабженинов Александр Николаевич;0.0;;4;28;Промышленные компрессоры от 200 000 ₽ | Фотосепараторы | МКС — мобильные компрессорные станции | МКС — модульные или блочно-компрессорные станции;;;;;;;;;;;;;;;1;;;
7411020623;;"ООО ""ВОДОСБЫТ ""ВОСТОЧНЫЙ""";;;;36.0|28.1|37.0|41.2|43.2|46.7|49.5|71.1|71.12.5|71.12.6|71.2|74.20|74.30|82.92;;456618, Челябинская область, г. Копейск, пр-кт Коммунистический, д. 25-А, кв. 165;Действующая компания;Завражный Алексей Анатольевич;0.0;0 руб.;5;27;Промышленные компрессоры от 200 000 ₽ | Генераторы азота | Генераторы кислорода | МКС — мобильные компрессорные станции | МКС — модульные или блочно-компрессорные станции;;;;;;;;;;;;;;;1;;;
0500046684;;"МУП ""ВОДОКАНАЛ""";;;;36.00|42.21|49.41|37.00|52.10|68.20|66.19.6|49.42;;368089, Республика Дагестан, м. р-н Кумторкалинский, с. п. Село Учкент, с. Учкент, ул. Ю. Акаева, д. 28;Действующая компания;Гаджиев Али Камильевич;0.0;;4;26;Промышленные компрессоры от 200 000 ₽ | Фотосепараторы | Генераторы кислорода | МКС — мобильные компрессорные станции | МКС — модульные или блочно-компрессорные станции;;;;;;;;;;;;;;;1;;;
7743033584;;"ООО ""АКВАСЕРВИС 21 ВЕК""";;;;36.0|33.12|41.20|42.21|42.91|43.2|43.3|43.99|43.99.3|46.73|46.9|47.52.5|47.59.9|47.78.9|47.9|56.10.1|56.10.3|74.20|74.30|82.92|96.09;;107392, г. Москва, ул. Халтуринская, д. 9, корп. 3, кв. 37;Действующая компания;;0.0;0 руб.;4;12;Промышленные компрессоры от 200 000 ₽;;;;;;;;;;;;;;;1;;;
6682003242;;"ПО ""ЛЕТНИЙ ВОДОПРОВОД П. ТАВАТУЙ""";;;;36.00|42.21|43.22|42.22.2|43.99.5;;624194, Свердловская область, г. Невьянск, ул. Космонавтов, д. 66, кв. 40;Действующая организация;;0.0;0 руб.;4;26;Промышленные компрессоры от 200 000 ₽ | Генераторы кислорода | МКС — мобильные компрессорные станции | МКС — модульные или блочно-компрессорные станции;;;;;;;;;;;;;;;1;;;
3507312517;;"ООО ""ВОДОКАНАЛ-35""";;;;36.00|36.00.2|37.00|36.00.1|42.91|43.11|42.21;;160032, Вологодская область, Вологодский район, с.п. Подлесное, д. Маурино Подлесного Сельсовета, ул. Архангельская, д. 23, офис 15;Действующая компания;Юшин Олег Александрович;0.0;0 руб.;4;26;Промышленные компрессоры от 200 000 ₽ | Генераторы кислорода | МКС — мобильные компрессорные станции | МКС — модульные или блочно-компрессорные станции;;;;;;;;;;;;;;;1;;;
5917003587;;"ООО ""ВОДОКАНАЛ""";;;;36.00|37.00|42.21|42.13|42.91;;617470, Пермский край, г. Кунгур, ул. 9 Января, д. 40, кв.;Действующая компания;Солохина Мария Александровна;0.0;;4;26;Промышленные компрессоры от 200 000 ₽ | Генераторы кислорода | МКС — мобильные компрессорные станции | МКС — модульные или блочно-компрессорные станции;;;;;;;;;;;;;;;1;;;
2009004268;;"ООО ""ВОДОСНАБЖЕНИЕ""";;;;36.00|43.13|38.11|38.12|38.22|37.00|43.22|42.21|38.21;;366222, Чеченская Республика, Ножай-Юртовский район, с. Галайты, ул. А. А. Кадырова, д. 60;Действующая компания;;0.0;;4;26;Промышленные компрессоры от 200 000 ₽ | Генераторы кислорода | МКС — мобильные компрессорные станции | МКС — модульные или блочно-компрессорные станции;;;;;;;;;;;;;;;1;;;
2813011281;;"ООО ""ЧИСТАЯ ВОДА""";;;;36.00|42.99|42.11|43.12.3|43.22|37.00|41.20|43.91|36.00.2|43.29;;676790, Амурская область, г. о. Рабочий поселок (поселок Городского Типа) Прогресс, пгт Прогресс, ул. Ленинградская, д. 50, ком. 2;Действующая компания;Чухачев Игорь Анатольевич;0.0;;4;26;Промышленные компрессоры от 200 000 ₽ | Генераторы кислорода | МКС — мобильные компрессорные станции;;;;;;;;;;;;;;;1;;;
7100031580;;"ООО ""ВОДОКАНАЛ""";;;;36.00|37.00|41.10|42.11|42.21|45.11|45.32|47.30.2|47.52|66.19.6|68.32;;301760, Тульская область, г. о. город Донской, мкр. Центральный, ул. Октябрьская, д. 78/15, офис 1, этаж 1;Действующая компания;Андреев Михаил Анатольевич;0.0;;4;26;Промышленные компрессоры от 200 000 ₽ | Генераторы кислорода | МКС — мобильные компрессорные станции | МКС — модульные или блочно-компрессорные станции;;;;;;;;;;;;;;;1;;;
4711008759;;"ООО ""ВОДОКАНАЛ""";;;;37.00|43.22|42.21|36.00|42.11|42.22.2;;187731, Ленинградская область, Лодейнопольский район, г. Лодейное Поле, тер. Урочище Мирошкиничи, д. 2, корп. 1;Действующая компания;;0.0;0 руб.;4;26;Промышленные компрессоры от 200 000 ₽ | Генераторы кислорода | МКС — мобильные компрессорные станции | МКС — модульные или блочно-компрессорные станции;;;;;;;;;;;;;;;1;;;
6165240728;;"ООО ""ПРОЛЕТАРСКИЙ ВОДОКАНАЛ""";;;;36.00|03.12|03.22|36.00.1|36.00.2|37.00|38.11|42.21|42.22.2|42.91|43.22|45.20|82.19;;344064, Ростовская область, г. о. город Ростов-На-Дону, г. Ростов-На-Дону, пер. Радиаторный, д. 6, ком. 16;Действующая компания;Аханов Геннадий Евгеньевич;0.0;;4;25;Промышленные компрессоры от 200 000 ₽ | Генераторы кислорода | МКС — мобильные компрессорные станции | МКС — модульные или блочно-компрессорные станции;;;;;;;;;;;;;;;1;;;
1300019149;;"МУП ЗУБОВО-ПОЛЯНСКОГО МУНИЦИПАЛЬНОГО РАЙОНА ""МУНИЦИПАЛЬНЫЙ ВОДОКАНАЛ""";;;;36.00|42.21|36.00.2|35.30|36.00.1|37.00;;431110, Республика Мордовия, м. р-н Зубово-Полянский, г. п. Зубово-Полянское, рп. Зубова Поляна, пер. Новикова-Прибоя, д. 4;Действующая компания;Абдрашитов Ринат Хафизович;0.0;;4;25;Промышленные компрессоры от 200 000 ₽ | Генераторы кислорода | МКС — мобильные компрессорные станции | МКС — модульные или блочно-компрессорные станции;;;;;;;;;;;;;;;1;;;
3906325684;;"ООО ""ГЕО-ВОДА""";;;;43.13|71.12.45|49.41.1|42.21|43.99.3|71.12.3;;236001, Калининградская область, г. Калининград, ул. Билибина, д. 13;Действующая компания;Сорокин Егор Владимирович;0.0;;4;24;Промышленные компрессоры от 200 000 ₽ | МКС — мобильные компрессорные станции | МКС — модульные или блочно-компрессорные станции;;;;;;;;;;;;;;;1;;;
7720531939;;"ООО ""ВОДОКАНАЛ-СЕРВИС""";;;;37.00|46.74|43.22|42.21|42.91.2|43.99.3;;111622, г. москва, ул. Большая Косинская, д. 139, стр. 7;Действующая компания;;0.0;;4;24;Промышленные компрессоры от 200 000 ₽ | Генераторы кислорода | МКС — мобильные компрессорные станции | МКС — модульные или блочно-компрессорные станции;;;;;;;;;;;;;;;1;;;
7106055242;;"ООО ""СВОЯ ВОДА""";;;;42.21|43.39|43.29|43.99.3|47.78|43.13|43.21|47.91.2|43.12.3|47.91.1;;300034, Тульская область, г. Тула, пр-кт Красноармейский, д. 25, офис 121;Действующая компания;;0.0;;4;24;Промышленные компрессоры от 200 000 ₽ | МКС — мобильные компрессорные станции | МКС — модульные или блочно-компрессорные станции;;;;;;;;;;;;;;;1;;;
5038161126;;"ООО ""МЕЖРЕГИОНВОДОКАНАЛ""";;;;42.21|41.20|42.99|41.10|43.99|46.73|43.11;;141202, Московская область, г. о. Пушкинский, г. Пушкино, ул. Просвещения, д. 13, к. 2, помещ. 079, офис 4;Действующая компания;;0.0;;4;24;Промышленные компрессоры от 200 000 ₽ | МКС — мобильные компрессорные станции | МКС — модульные или блочно-компрессорные станции;;;;;;;;;;;;;;;1;;;
6234202444;;"ООО ""ВОДОКАНАЛ +""";;;;42.21|41.10|41.20|43.21|43.22|43.29|43.31|43.32|43.33|43.34|43.39|43.99|47.52|47.52.71|47.52.72|47.52.73|47.52.74|47.52.79|49.32|49.41|49.41.1|49.41.2|49.41.3|52.21|52.24|52.29|53.20.31|53.20.32|53.20.39|93.29|93.29.1|93.29.2|93.29.9|96.09;;390000, Рязанская область, г. о. город Рязань, г. Рязань, ул. Нижне-Трубежная, д. 1, кв. 38;Действующая компания;Лагуткин Андрей Викторович;0.0;;4;23;Промышленные компрессоры от 200 000 ₽ | МКС — мобильные компрессорные станции | МКС — модульные или блочно-компрессорные станции;;;;;;;;;;;;;;;1;;;
0701017997;;"ООО ""ЧИСТАЯ ВОДА""";;;;36.00|66.19|36.00.2|37.00|43.29|36.00.1|66.19.61|43.99|43.13;;361520, Кабардино-Балкарская Республика, м. р-н Баксанский, с. п. Исламей, с. Исламей, ул. Евгажукова, д. 176;Действующая компания;Чеченов Ахмед Андзорович;0.0;;4;22;Промышленные компрессоры от 200 000 ₽ | Генераторы кислорода | МКС — мобильные компрессорные станции;;;;;;;;;;;;;;;1;;;
3917512397;;"ООО ""ВОДОКАНАЛ СТРОЙ""";;;;36.00|42.22.2|42.22.1|42.91|46.73.3|41.2|42.21|49.4|37.00|46.74.2;;238300, Калининградская область, Гурьевский район, г. Гурьевск, ул. Лесная, д. 13;Действующая компания;;0.0;;4;22;Промышленные компрессоры от 200 000 ₽ | Генераторы кислорода | МКС — мобильные компрессорные станции | МКС — модульные или блочно-компрессорные станции;;;;;;;;;;;;;;;1;;;
6434014744;;"МАУ ""ВОДОКАНАЛ""";;;;36.00|42.22.2|42.21|37.00|42.22.1;;412170, Саратовская область, Татищевский район, рп. Татищево, ул. Советская, д. 4;Действующая организация;Попов Юрий Николаевич;0.0;;4;22;Промышленные компрессоры от 200 000 ₽ | Генераторы кислорода | МКС — мобильные компрессорные станции | МКС — модульные или блочно-компрессорные станции;;;;;;;;;;;;;;;1;;;
5020090989;;"ПК ""ВОДОКАНАЛ""";;;;36.00|43.22|37.00|36.00.1|36.00.2|42.21;;Московская область, г. о. Клин, г. Клин, тер. Ленинградское Шоссе, 88-Й километр, стр. 4Б, этаж 1, ком. 132Б;Действующая организация;Гадецкий Юрий Алексеевич;0.0;;4;22;Промышленные компрессоры от 200 000 ₽ | Генераторы кислорода | МКС — мобильные компрессорные станции | МКС — модульные или блочно-компрессорные станции;;;;;;;;;;;;;;;1;;;
2628063655;;"ООО ""ВОДА ГОР""";;;;36.00|68.32|42.21|37.00|39.00|68.20;;357700, Ставропольский край, г. о. город-курорт Кисловодск, п. Левоберезовский, 7-й Березовый проезд, зд. 1, стр. 2;Действующая компания;;0.0;;4;22;Промышленные компрессоры от 200 000 ₽ | Генераторы кислорода | МКС — мобильные компрессорные станции | МКС — модульные или блочно-компрессорные станции;;;;;;;;;;;;;;;1;;;
3652905960;;"МКП ""БОБРОВСКИЙ ВОДОКАНАЛ""";;;;36.00|37.00|71.12.6|42.21|96.09;;397700, Воронежская область, м. р-н Бобровский, г. п. город Бобров, г. Бобров, ул. Авдеева, д. 21А;Действующая компания;Муравлев Александр Александрович;0.0;;4;22;Промышленные компрессоры от 200 000 ₽ | Генераторы кислорода | МКС — мобильные компрессорные станции | МКС — модульные или блочно-компрессорные станции;;;;;;;;;;;;;;;1;;;
2014046746;;"ООО ""ВОДОКАНАЛ Г. ГРОЗНОГО""";;;;36.00|71.12|42.22.1|37.00|42.21|43.22;;366020, Чеченская Республика, г. о. город Грозный, г. Грозный, р-н Ахматовский, ул. А. А. Айдамирова, зд. 287;Действующая компания;Гезихаджиев Арсан Асланович;0.0;;4;22;Промышленные компрессоры от 200 000 ₽ | Генераторы кислорода | МКС — мобильные компрессорные станции | МКС — модульные или блочно-компрессорные станции;;;;;;;;;;;;;;;1;;;
6445036387;;"МАУ ""ВОДОСНАБЖЕНИЕ""";;;;36.00|36.00.2|42.21|37.00;;413752, Саратовская область, м. р-н Перелюбский, с. п. Смородинское, с. Смородинка, ул. Новая, д. 16;Действующая организация;Авакян Гаяне Сергеевна;0.0;;4;22;Промышленные компрессоры от 200 000 ₽ | Генераторы кислорода | МКС — мобильные компрессорные станции | МКС — модульные или блочно-компрессорные станции;;;;;;;;;;;;;;;1;;;
9718289628;;"ООО ""МОСОБЛВОДА""";;;;36.00|37.00|42.21;;107564, г. Москва, вн. тер. г. муниципальный округ Богородское, ул. Краснобогатырская, д. 38, стр. 2, помещ. 5М;Действующая компания;;0.0;;4;22;Промышленные компрессоры от 200 000 ₽ | Генераторы кислорода | МКС — мобильные компрессорные станции | МКС — модульные или блочно-компрессорные станции;;;;;;;;;;;;;;;1;;;
9718289593;;"ООО ""МОСОБЛВОДА""";;;;36.00|37.00|42.21;;107076, г. Москва, вн. тер. г. муниципальный округ Сокольники, ул. Короленко, д. 5А, помещ. 7А;Действующая компания;;0.0;;4;22;Промышленные компрессоры от 200 000 ₽ | Генераторы кислорода | МКС — мобильные компрессорные станции | МКС — модульные или блочно-компрессорные станции;;;;;;;;;;;;;;;1;;;
2530008023;;"ООО ""ВОДОКАНАЛ""";;;;36.00|35.30|41.20|43.11|43.12.3|43.21|43.22|43.29|43.99|68.32|82.99;;692684, Приморский край, Ханкайский район, с. Камень-Рыболов, ул. Кирпичная, д. 2;Действующая компания;;0.0;;4;21;Промышленные компрессоры от 200 000 ₽ | Генераторы кислорода | МКС — мобильные компрессорные станции | МКС — модульные или блочно-компрессорные станции;;;;;;;;;;;;;;;1;;;
0267017076;;"ООО ""ВОДОКАНАЛ""";;;;36.00|16.23|26.51|33.14|33.20|37.00|43.2|43.3|45.20|46.7|46.90|47.1|49.4|52.2|52.29|64.1|68.32|71.12.5|71.20|77.3|77.32|95.2;;453838, Республика Башкортостан, г. Сибай, ул. Белова, зд. 11;;Жидков Денис Иванович;0.0;;5;20;Промышленные компрессоры от 200 000 ₽ | Генераторы азота | Генераторы кислорода | МКС — мобильные компрессорные станции;;;;;;;;;;;;;;;1;;;
0100001657;;"ПК ""ДРУЖБА"" САДОВОДЧЕСКОГО НЕКОММЕРЧЕСКОГО ТОВАРИЩЕСТВА ""ДРУЖБА"" ПО СТРОИТЕЛЬСТВУ УЛИЧНОГО ГАЗОПРОВОДА ВЫСОКОГО И НИЗКОГО ДАВЛЕНИЯ";;;;42.21|43.99|68.32.1;;385000, Республика Адыгея (Адыгея), г. о. город Майкоп, г. Майкоп, ул. Пушкина, двлд. 238, кв. 2;Действующая организация;;0.0;;4;20;Промышленные компрессоры от 200 000 ₽ | МКС — мобильные компрессорные станции | МКС — модульные или блочно-компрессорные станции;;;;;;;;;;;;;;;1;;;
0100007063;;"ПК ""ВОДОЛЕЙ"" ПО СТРОИТЕЛЬСТВУ УЛИЧНОГО ВОДОПРОВОДА СНТ ""ДРУЖБА""";;;;42.21|43.99|68.32.1;;385008, Республика Адыгея (Адыгея), г. о. город Майкоп, г. Майкоп, тер. снт. Дружба, ул. Речная, д. 60;Действующая организация;;0.0;;4;20;Промышленные компрессоры от 200 000 ₽ | МКС — мобильные компрессорные станции | МКС — модульные или блочно-компрессорные станции;;;;;;;;;;;;;;;1;;;
0700029407;;"МУП ""ВОДОСНАБЖЕНИЕ С.П.АНЗОРЕЙ""";;;;36.00|42.21|43.29;;361350, Кабардино-Балкарская Республика, м. р-н Лескенский, с. п. Анзорей, с. Анзорей, ул. Шинахова, д. 118;Действующая компания;Макоев Мартин Хасанбиевич;0.0;;4;18;Промышленные компрессоры от 200 000 ₽ | Генераторы кислорода | МКС — мобильные компрессорные станции | МКС — модульные или блочно-компрессорные станции;;;;;;;;;;;;;;;1;;;
5521009587;;"ООО ""МОСКАЛЕНСКИЙ ВОДОКАНАЛ""";;;;36.00|41.20|42.22.1|42.21|42.22.2;;386001, Республика Ингушетия, г. о. город Магас, г. Магас, ул. Д. Мальсагова, д. 50, кв. 27;Действующая компания;Дахкильгов Рустам Магомедович;0.0;;4;18;Промышленные компрессоры от 200 000 ₽ | Генераторы кислорода | МКС — мобильные компрессорные станции | МКС — модульные или блочно-компрессорные станции;;;;;;;;;;;;;;;1;;;
5834063092;;"ООО ""ИЛЬИНСКАЯ ВОДА""";;;;36.00|02.10|16.10|16.24|42.99|43.12.3|43.21|43.22|43.29|43.39|43.99|46.73|46.73.2|68.32|81.21|81.22|81.29|81.29.2;;442448, Пензенская область, м. р-н Шемышейский, с. п. Стародемкинский Сельсовет, с. Старое Демкино, ул. Полевая, стр. 7Б;Действующая компания;;0.0;0 руб.;4;18;Промышленные компрессоры от 200 000 ₽ | Генераторы кислорода | МКС — мобильные компрессорные станции;;;;;;;;;;;;;;;1;;;
2466181388;;"ООО ""ВОДОКАНАЛТРАНЗИТ""";;;;36.00|41.20|43.11|43.12|43.21|43.22|43.29|43.31|43.32|43.33|43.34|43.39|43.99;;660125, Красноярский край, г. Красноярск, ул. Урванцева, д. 26, кв. 42;Действующая компания;;0.0;0 руб.;4;18;Промышленные компрессоры от 200 000 ₽ | Генераторы кислорода | МКС — мобильные компрессорные станции;;;;;;;;;;;;;;;1;;;
5321203925;;"ООО ""ВОДОКАНАЛ РЕГИОНСПЕЦСЕРВИС""";;;;36.00|47.99|43.22|42.21|42.99|47.59.9;;173008, Новгородская область, г. о. Великий Новгород, г. Великий Новгород, ул. Большая Санкт-Петербургская, д. 97/2, помещ. 2;Действующая компания;;0.0;;4;18;Промышленные компрессоры от 200 000 ₽ | Генераторы кислорода | МКС — мобильные компрессорные станции | МКС — модульные или блочно-компрессорные станции;;;;;;;;;;;;;;;1;;;
5300003996;;"ООО ""ВОДОКАНАЛ СТРОЙИНВЕСТСЕРВИС""";;;;36.00|42.21|42.99|13.92|47.59|47.99|43.22;;173009, Новгородская область, г. о. Великий Новгород, г. Великий Новгород, ул. Волотовская, д. 10, офис 1;Действующая компания;;0.0;;4;18;Промышленные компрессоры от 200 000 ₽ | Генераторы кислорода | МКС — мобильные компрессорные станции | МКС — модульные или блочно-компрессорные станции;;;;;;;;;;;;;;;1;;;
4704116305;;"ПОТРЕБИТЕЛЬСКИЙ КООПЕРАТИВ ПО ВОДОСНАБЖЕНИЮ ""ФИНСКИЙ БРИЗ ВОДА""";;;;36.00|82.11|81.29.2|42.21|81.22|81.29.9;;188828, Ленинградская область, м. р-н Выборгский, с. п. Полянское, п. Пески, ул. Парадная, д. 4;Действующая организация;;0.0;;4;18;Промышленные компрессоры от 200 000 ₽ | Генераторы кислорода | МКС — мобильные компрессорные станции | МКС — модульные или блочно-компрессорные станции;;;;;;;;;;;;;;;1;;;
3528219300;;"ООО ""АКВАСЕРВИС""";;;;37.00|36.00.2|41.20|36.00.1|43.22|43.91|43.29|42.91;;162602, Вологодская область, г. о. город Череповец, г. Череповец, пр-кт Советский, д. 51, офис 3;Действующая компания;Одинцов Эдуард Вадимович;0.0;0 руб.;4;18;Промышленные компрессоры от 200 000 ₽ | Генераторы кислорода | МКС — мобильные компрессорные станции;;;;;;;;;;;;;;;1;;;
6633027392;;"ООО ""ТАЛВОДОКАНАЛ""";;;;37.00|42.21|49.41|43.22|71.20.1;;623640, Свердловская область, Талицкий район, г. Талица, ул. Заводская, д. 13;Действующая компания;Микуша Сергей Яковлевич;0.0;0 руб.;4;18;Промышленные компрессоры от 200 000 ₽ | Генераторы азота | Генераторы кислорода | МКС — мобильные компрессорные станции | МКС — модульные или блочно-компрессорные станции;;;;;;;;;;;;;;;1;;;
5202012350;;"ООО ""РАЙВОДОКАНАЛСЕРВИС""";;;;36.00|45.20|43.12.3|71.1|71.12.5|41.20|43.11|71.20|37.00|71.12.6;;607247, Нижегородская область, г. Арзамас, рп. Выездное, ул. Пушкарка, д. 93А;Действующая компания;;0.0;;4;16;Промышленные компрессоры от 200 000 ₽ | Генераторы азота | Генераторы кислорода;;;;;;;;;;;;;;;1;;;
0529000178;;"ООО ""ВОДОКАНАЛ ""ЧИСТАЯ ВОДА""";;;;36.00|36.00.2|37.00|36.00.1|43.12.2|43.22|43.12.3|43.12.1;;368772, Республика Дагестан, Сулейман-Стальский район, с. Алкадар, ул. Гасанэфенди Алкадарского, д. 6;Действующая компания;Габибов Нурмет Агадулаевич;0.0;;4;14;Промышленные компрессоры от 200 000 ₽ | Генераторы кислорода;;;;;;;;;;;;;;;1;;;
4634009762;;"ООО ""ВОДОКАНАЛ""П.ИМ.К.ЛИБКНЕХТА";;;;36.00|43.91|43.2|43.99|49.41.2|36.00.2|41.20|81.29.9|16.23|68.32.1;;307240, Курская область, Курчатовский район, рп. Им. Карла Либкнехта, ул. Коммунальная, зд. 1;Действующая компания;Павлов Юрий Григорьевич;0.0;0 руб.;4;14;Промышленные компрессоры от 200 000 ₽ | Генераторы кислорода | МКС — мобильные компрессорные станции;;;;;;;;;;;;;;;1;;;
7840093116;;"АНО ""ТВОЯ ВОДА""";;;;36.00|43.99|46.69|28.29|62.01|63.11|47.91.2;;191186, г. Санкт-Петербург, ул. Большая Морская, д. 19, литер А, кабинет 1 а;Действующая организация;Зонтова Вероника Александровна;0.0;;4;14;Промышленные компрессоры от 200 000 ₽ | Генераторы кислорода | МКС — мобильные компрессорные станции;;;;;;;;;;;;;;;1;;;
7309904300;;"МУП ""ЖИВАЯ ВОДА""";;;;36.00|38.2|38.1|43.11|43.12.3|02.20|16.23|96.03|02.10|52.29;;433231, Ульяновская область, Карсунский район, с. Вальдиватское, ул. Новая, стр. 2;Действующая компания;Данилин Юрий Николаевич;0.0;0 руб.;4;13;Промышленные компрессоры от 200 000 ₽ | Генераторы кислорода | МКС — мобильные компрессорные станции;;;;;;;;;;;;;;;1;;;
5702011563;;"ООО ""АКВАСЕРВИС""";;;;36.00|35.30|68.32.1|37.00;;303844, Орловская область, Ливенский район, с. Коротыш, ул. Заводская, д. 18;Действующая компания;Коломыцев Олег Вячеславович;0.0;0 руб.;4;13;Промышленные компрессоры от 200 000 ₽ | Генераторы кислорода | МКС — модульные или блочно-компрессорные станции;;;;;;;;;;;;;;;1;;;
6449104060;;"ООО ""ВОДОКАНАЛ-М ПЛЮС""";;;;36.00|35.30|36.00.2|36.00.1|37.00;;413093, Саратовская область, м. р-н Марксовский, г. п. город Маркс, г. Маркс, пр-кт Ленина, д. 101А;Действующая компания;Торин Игорь Александрович;0.0;0 руб.;4;13;Промышленные компрессоры от 200 000 ₽ | Генераторы кислорода | МКС — модульные или блочно-компрессорные станции;;;;;;;;;;;;;;;1;;;
5501291039;;"МУП ""ТЕПЛОВОДОКАНАЛ""";;;;36.00|43.22|36.00.2|35.30.1|36.00.1|37.00;;646350, Омская область, м. о. Колосовский Район, с. Колосовка, ул. Кирова, д. 109Б;Действующая компания;Сорокин Алексей Александрович;0.0;;4;13;Промышленные компрессоры от 200 000 ₽ | Генераторы кислорода | МКС — модульные или блочно-компрессорные станции;;;;;;;;;;;;;;;1;;;
6200020252;;"МКП ""СТАРОЖИЛОВО-ВОДОКАНАЛ""";;;;36.00|35.30.1|37.00;;391170, Рязанская область, м. о. Старожиловский, рп. Старожилово, ул. Головнина, д. 6;Действующая компания;Стрекалов Виталий Михайлович;0.0;;4;13;Промышленные компрессоры от 200 000 ₽ | Генераторы кислорода | МКС — модульные или блочно-компрессорные станции;;;;;;;;;;;;;;;1;;;
2801076485;;"ООО ""СМУ ЗАВОДА ЖБИ-12""";;;;43.12|41.2|41.20|43.11|43.12.3|43.3|43.31|43.33|43.34.1|43.34.2|43.39|43.91|43.99|43.99.1|43.99.7;;675029, Амурская область, г. Благовещенск, ул. Мухина, д. 110;Действующая компания;Канцуров Василий Александрович;0.0;;4;12;Промышленные компрессоры от 200 000 ₽ | МКС — мобильные компрессорные станции;;;;;;;;;;;;;;;1;;;
6101032916;;"ПОТРЕБИТЕЛЬСКИЙ КООПЕРАТИВ ""УЛ.БУДЕННОГО"" ПО СТРОИТЕЛЬСТВУ ГАЗОПРОВОДА УЛ.БУДЕННОГО СЕЛА ГОЛОВАТОВКА АЗОВСКОГО РАЙОНА";;;;42.21|42.22.2;;346771, Ростовская область, Азовский район, с. Головатовка, ул. Буденного;Действующая организация;;0.0;;4;12;Промышленные компрессоры от 200 000 ₽ | МКС — мобильные компрессорные станции | МКС — модульные или блочно-компрессорные станции;;;;;;;;;;;;;;;1;;;
6150063280;;"НПК ""ПИТЬЕВАЯ ВОДА""";;;;42.21|42.22.2|42.22.1;;346400, Ростовская область, г. Новочеркасск, ул. Комитетская, д. 23;Действующая организация;;0.0;;4;12;Промышленные компрессоры от 200 000 ₽ | МКС — мобильные компрессорные станции | МКС — модульные или блочно-компрессорные станции;;;;;;;;;;;;;;;1;;;
4500011030;;"ООО ""ВОДОКАНАЛСТРОЙСЕРВИС""";;;;42.21|71.12;;640016, Курганская область, г. о. город Курган, г. Курган, тер. Увал Поселок, ул. Миронова, д. 32;Действующая компания;;0.0;;4;12;Промышленные компрессоры от 200 000 ₽ | МКС — мобильные компрессорные станции | МКС — модульные или блочно-компрессорные станции;;;;;;;;;;;;;;;1;;;
1800047070;;"ООО ""ИЖ-ВОДА""";;;;42.21|43.29;;Удмуртская Республика, м. о. Завьяловский Район, с. Первомайский, ул. Строителя Николая Шишкина, д. 8/1, кв. 318;Действующая компания;;0.0;;4;12;Промышленные компрессоры от 200 000 ₽ | МКС — мобильные компрессорные станции | МКС — модульные или блочно-компрессорные станции;;;;;;;;;;;;;;;1;;;
0900009246;;"АО ""ЕДИНЫЙ ОПЕРАТОР ПО ВОДОСНАБЖЕНИЮ И ВОДООТВЕДЕНИЮ КЧР""";;;;36.00|37.00;;369004, Карачаево-Черкесская Республика, г. о. Черкесский, г. Черкесск, ул. Кавказская, д. 19, каб. 1;;;0.0;0 руб.;4;10;Промышленные компрессоры от 200 000 ₽ | Генераторы кислорода;;;;;;;;;;;;;;;1;;;
0700015884;;"МУП ""ЛЕСКЕНСКИЙ ВОДОКАНАЛ"" ЛЕСКЕНСКОГО МУНИЦИПАЛЬНОГО РАЙОНА";;;;36.00|36.00.1|37.00|36.00.2;;361350, Кабардино-Балкарская Республика, м. р-н Лескенский, с. п. Анзорей, с. Анзорей, ул. Шинахова, д. 118;Действующая компания;Барсоков Амурбек Залимханович;0.0;;4;10;Промышленные компрессоры от 200 000 ₽ | Генераторы кислорода;;;;;;;;;;;;;;;1;;;
6214007276;;"ООО ""РЯЖСКИЙ ВОДОКАНАЛ""";;;;36.0|36.00.2|37.0;;391964, Рязанская область, Ряжский район, г. Ряжск, пл. Советская, д. 14;Действующая компания;Михайлин Вячеслав Викторович;0.0;0 руб.;3;3;Промышленные компрессоры от 200 000 ₽;;;;;;;;;;;;;;;1;;;
5820004989;;"СОПК ""ЖИВАЯ ВОДА""";;;;36.00|37.00|81.29.9;;442564, Пензенская область, Лопатинский район, с. Даниловка, ул. Молодежная, двлд. 11;Действующая организация;;0.0;0 руб.;4;10;Промышленные компрессоры от 200 000 ₽ | Генераторы кислорода;;;;;;;;;;;;;;;1;;;
2901297015;;"ООО ""ВОДОКАНАЛ ХОЛМОГОРЫ""";;;;36.00|37.00;;163060, Архангельская область, г. Архангельск, ул. Урицкого, д. 70, офис 5;Действующая компания;;0.0;0 руб.;4;10;Промышленные компрессоры от 200 000 ₽ | Генераторы кислорода;;;;;;;;;;;;;;;1;;;
5904373044;;"ООО ""ЭКО ВОДА""";;;;36.00|71.12.45|46.34.1|71.12.53|71.20.6|36.00.2|46.34|74.90.5|36.00.1|72.19;;614090, Пермский край, г. Пермь, ул. Лодыгина, д. 5Г, офис 20;Действующая компания;;0.0;0 руб.;3;10;Промышленные компрессоры от 200 000 ₽ | Генераторы азота | Генераторы кислорода;;;;;;;;;;;;;;;1;;;
3435143899;;"ПО ""ВОДОПРОВОД-МИЧУРИНЕЦ""";;;;36.00|38.22|38.12|37.00|38.11|38.21;;404110, Волгоградская область, г. о. город Волжский, г. Волжский, пр-кт им. Ленина, д. 52, офис 221;Действующая организация;;0.0;;4;10;Промышленные компрессоры от 200 000 ₽ | Генераторы кислорода;;;;;;;;;;;;;;;1;;;
5700001640;;"ООО ""ВОДОКАНАЛ ХОТЫНЕЦ""";;;;36.00|36.00.2|37.00;;303930, Орловская область, м. р-н Хотынецкий, г. п. Хотынец, пгт Хотынец, ул. им. Сергея Поматилова, д. 30, помещ. 1;Действующая компания;Шахина Нина Васильевна;0.0;;4;10;Промышленные компрессоры от 200 000 ₽ | Генераторы кислорода;;;;;;;;;;;;;;;1;;;
2201011091;;"МУП ""ГОРВОДОКАНАЛ"" Г. АЛЕЙСКА";;;;36.00|37.00;;658133, Алтайский край, г. о. город Алейск, г. Алейск, ул. Советская, д. 7А, помещ. 1;Действующая компания;Черных Ольга Леонидовна;0.0;;4;10;Промышленные компрессоры от 200 000 ₽ | Генераторы кислорода;;;;;;;;;;;;;;;1;;;
5246060898;;"ООО ""ВОДА НИЖНЕГО НОВГОРОДА""";;;;36.00|37.00|84.11;;606440, Нижегородская область, м. о. город Бор, г. Бор, Стеклозаводское шоссе, д. 1;Действующая компания;;0.0;0 руб.;4;10;Промышленные компрессоры от 200 000 ₽ | Генераторы кислорода;;;;;;;;;;;;;;;1;;;
2452051325;;"МУП ""ГОРВОДОКАНАЛ""";;;;36.00|37.00;;662970, Красноярский край, г. о. Зато город Железногорск, г. Железногорск, ул. Восточная, д. 12;Действующая компания;Манаков Александр Сергеевич;0.0;;4;10;Промышленные компрессоры от 200 000 ₽ | Генераторы кислорода;;;;;;;;;;;;;;;1;;;
2502084174;;"МУП ""АРСВОДОКАНАЛ"" АГО";;;;36.00|36.00.2|49.41|37.00;;692337, Приморский край, г. о. Арсеньевский, г. Арсеньев, ул. Таежная, д. 1;Действующая компания;Фролов Александр Юрьевич;0.0;;4;10;Промышленные компрессоры от 200 000 ₽ | Генераторы кислорода;;;;;;;;;;;;;;;1;;;
2511136076;;"МКП ""КИРОВСКИЙ ВОДОКАНАЛ""";;;;36.00|37.00;;692091, Приморский край, м. о. Кировский, пгт Кировский, ул. Колхозная, д. 57;Действующая компания;Акишин Анатолий Николаевич;0.0;;4;10;Промышленные компрессоры от 200 000 ₽ | Генераторы кислорода;;;;;;;;;;;;;;;1;;;
5981014794;;"МКУ ""ВОДОКАНАЛ""";;;;36.00|68.32.1|37.00|36.00.1|36.00.2|49.41.2;;617210, Пермский край, м. о. Карагайский, с. Карагай, ул. Кирова, зд. 11;Действующая организация;Субботин Сергей Иванович;0.0;;4;10;Промышленные компрессоры от 200 000 ₽ | Генераторы кислорода;;;;;;;;;;;;;;;1;;;
6623150630;;"МУП ""ВОДОКАНАЛ"" ИВДЕЛЬСКОГО МУНИЦИПАЛЬНОГО ОКРУГА";;;;36.00|37.00;;624590, Свердловская область, м. о. Ивдельский, г. Ивдель, ул. Гидролизная, д. 10;Действующая компания;Миллер Валерий Викторович;0.0;;4;10;Промышленные компрессоры от 200 000 ₽ | Генераторы кислорода;;;;;;;;;;;;;;;1;;;
5223035126;;"ООО ""ВОДОКАНАЛ""";;;;37.00|02.20|16.10|02.10|36.00.1|36.00.2|16.10.9;;607102, Нижегородская область, г. Навашино, пр-кт Корабелов, зд. 10кс;Действующая компания;;0.0;;4;10;Промышленные компрессоры от 200 000 ₽ | Генераторы кислорода;;;;;;;;;;;;;;;1;;;
2465353549;;"ООО ""ВОДА СЕРВИС""";;;;37.00|82.11|39.00|36.00|38.11|81.10;;660111, Красноярский край, г. о. город Красноярск, г. Красноярск, ул. Пограничников, зд. 28, стр. 23, помещ. 6, ком. 3;Действующая компания;Ратькин Сергей Викторович;0.0;;4;10;Промышленные компрессоры от 200 000 ₽ | Генераторы кислорода;;;;;;;;;;;;;;;1;;;
4027147248;;"ООО ""ПИТЬЕВАЯ АРТЕЗИАНСКАЯ ВОДА № 1""";;;;36.00|46.34.1|46.69|46.90|47.25|47.29.3|47.99|49.41.1|49.41.2|52.29|68.20|68.31.12|68.31.22;;248001, Калужская область, г. о. город Калуга, г. Калуга, ул. Кирова, д. 44, помещ. 11;Действующая компания;;0.0;;3;9;Промышленные компрессоры от 200 000 ₽ | Генераторы кислорода | МКС — мобильные компрессорные станции;;;;;;;;;;;;;;;1;;;
6617029480;;"МУП ""СЕВЕРОУРАЛЬСКИЙ ВОДОКАНАЛ""";;;;36.00|38.11|38.12|38.21|38.22|42.91|45.20|49.31|49.32|49.39|49.41|49.42|52.29|71.12;;624480, Свердловская область, м. о. Североуральский, г. Североуральск, ул. Молодежная, д. 13;Действующая организация;Харитонов Степан Михайлович;0.0;;3;9;Промышленные компрессоры от 200 000 ₽ | Генераторы кислорода | МКС — мобильные компрессорные станции;;;;;;;;;;;;;;;1;;;
7813607637;;"ООО ""ВОДОКАНАЛ ТЕХСЕРВИС""";;;;43.99|33.12|33.14|33.17|33.19|33.20|43.21|43.22|43.29|43.99.1|46.62|46.69|46.73|46.74|46.76|47.78|47.89|47.99|71.12;;190005, г. Санкт-Петербург, вн. тер. г. муниципальный округ Измайловское, пр-кт Измайловский, д. 7, литера А, помещ. 8Н, р.м. №3;Действующая компания;;0.0;0 руб.;4;8;Промышленные компрессоры от 200 000 ₽ | МКС — мобильные компрессорные станции;;;;;;;;;;;;;;;1;;;
0544013781;;"МУП ""ГОРВОДОСНАБ Г. ХАСАВЮРТ""";;;;36.00;;368003, Республика Дагестан, г. Хасавюрт, Махачкалинское шоссе, д. 10;Действующая компания;Шираев Магомед Нухаевич;0.0;;3;6;Промышленные компрессоры от 200 000 ₽ | Генераторы кислорода;;;;;;;;;;;;;;;1;;;
0500054283;;"МУП ""БУЙНАКСКИЙ РАЙОННЫЙ ВОДОКАНАЛ""";;;;36.00|36.00.1|68.32.1|36.00.2|68.32.2;;368211, Республика Дагестан, м. р-н Буйнакский, с. п. Сельсовет Карамахинский, с. Карамахи, ул. Школьная, зд. 3;Действующая компания;;0.0;;3;6;Промышленные компрессоры от 200 000 ₽ | Генераторы кислорода;;;;;;;;;;;;;;;1;;;
1201005836;;"ООО ""ВОДОКАНАЛ-МАЛОЕ ИВАНОВО""";;;;36.00;;425020, Республика Марий Эл, Волжский район, д. Петъял, ул. Школьная, д. 5;Действующая компания;Муромцев Николай Николаевич;0.0;0 руб.;3;6;Промышленные компрессоры от 200 000 ₽ | Генераторы кислорода;;;;;;;;;;;;;;;1;;;
4345474721;;"ООО ""ЖИВАЯ ВОДА ВЯТКИ""";;;;36.00|36.00.1|46.34|36.00.2|46.34.1;;610020, Кировская область, г. Киров, ул. Московская, д. 25Г, офис 1/5;Действующая компания;Пентин Дмитрий Владимирович;0.0;;3;6;Промышленные компрессоры от 200 000 ₽ | Генераторы кислорода;;;;;;;;;;;;;;;1;;;
2311315455;;"ПКВ ""НИВА-ВОДА""";;;;36.00;;350915, Краснодарский край, г. о. город Краснодар, ст-ца Елизаветинская, тер. снт. Нива, ул. Ягодная, д. 158, помещ. 1;Действующая организация;;0.0;;3;6;Промышленные компрессоры от 200 000 ₽ | Генераторы кислорода;;;;;;;;;;;;;;;1;;;
2352058140;;"ООО ""ТАМАНЬВОДА""";;;;36.00|46.34|46.90|46.39;;353543, Краснодарский край, м. р-н Темрюкский, с. п. Новотаманское, п. Прогресс, ул. Гаражная, д. 30;Действующая компания;;0.0;;3;6;Промышленные компрессоры от 200 000 ₽ | Генераторы кислорода;;;;;;;;;;;;;;;1;;;
9404005353;;"ПК ""НАША ВОДА""";;;;36.00|81.10;;292220, Луганская Народная Республика, м. о. Белокуракинский, с. Александрополь, ул. Шевченко, д. 41;;;0.0;;3;6;Промышленные компрессоры от 200 000 ₽ | Генераторы кислорода;;;;;;;;;;;;;;;1;;;
7743429755;;"ООО ""ВОДА С ЛЮБОВЬЮ""";;;;36.00|46.39|46.90|46.34|47.19|47.81|47.11;;125252, г. Москва, вн. тер. г. муниципальный округ Сокол, ул. Новопесчаная, д. 19, к. 4, кв. 178;Действующая компания;;0.0;0 руб.;3;6;Промышленные компрессоры от 200 000 ₽ | Генераторы кислорода;;;;;;;;;;;;;;;1;;;
2800001896;;"ООО ""ВОДОКАНАЛ""";;;;36.00|36.00.1|36.00.2;;676306, Амурская область, г. о. город Шимановск, г. Шимановск, ул. Пограничная, зд. 20;Действующая компания;Будагаев Олег Аюрзанович;0.0;;3;6;Промышленные компрессоры от 200 000 ₽ | Генераторы кислорода;;;;;;;;;;;;;;;1;;;
9714089459;;"ООО ""УЛЬЯНКИ-ВОДОПРОВОД""";;;;36.00;;127083, г. Москва, вн. тер. г. муниципальный округ Савеловский, ул. Юннатов, д. 15, к. 1, кв. 44;Действующая компания;Дубровин Матвей Вячеславович;0.0;;3;6;Промышленные компрессоры от 200 000 ₽ | Генераторы кислорода;;;;;;;;;;;;;;;1;;;
6229018746;;"ГБУ РО ""ПОЛИКЛИНИКА ЗАВОДА ""КРАСНОЕ ЗНАМЯ""";;;;86.10|86.21;;390010, Рязанская область, г. Рязань, ул. Октябрьская, д. 63А;Действующая организация;;0.0;;5;5;Генераторы кислорода;;;;;;;;;;;;;;;1;;;
5916996195;;"НП ПО ГАЗИФИКАЦИИ И ТЕХНИЧЕСКОМУ ОБСЛУЖИВАНИЮ ГАЗОПРОВОДА ЖИЛЫХ ДОМОВ ПО ЧЕТНОЙ СТОРОНЕ УЛИЦЫ НЕФТЯНАЯ ГОРОДА КРАСНОКАМСКА ""НЕФТЯНАЯ""";;;;35.22|68.32.1;;617067, Пермский край, г. Краснокамск, ул. Коммунистическая, зд. 42;Действующая организация;;0.0;;5;5;МКС — модульные или блочно-компрессорные станции;;;;;;;;;;;;;;;1;;;
0542021402;;"МУП ""ДЕРБЕНТСКИЕ ОЧИСТНЫЕ СООРУЖЕНИЯ""";;;;37.00;;368602, Республика Дагестан, г. о. город Дербент, г. Дербент, пл. Свободы, двлд. 2, ком. 302;;;0.0;0 руб.;4;4;Генераторы кислорода;;;;;;;;;;;;;;;1;;;
7814856516;;"ООО ""ВОДОКАНАЛ""";;;;37.00|41.20|43.22|42.99|49.20.1;;197343, г. Санкт-Петербург, вн. тер. г. муниципальный округ Ланское, Ланское шоссе, д. 12, к. 1, литера А, кв. 44;Действующая компания;;0.0;;4;4;Генераторы кислорода;;;;;;;;;;;;;;;1;;;
5800021129;;"МАУ ""ВОДООТВЕДЕНИЕ""";;;;37.00;;442310, Пензенская область, м. р-н Городищенский, г. п. город Городище, г. Городище, ул. Советская, д. 48;Действующая организация;Асташкина Елена Николаевна;0.0;;4;4;Генераторы кислорода;;;;;;;;;;;;;;;1;;;
1400054387;;"ООО ""ДОМ РЫБОВОДА""";;;;03.22|03.12.2|03.22.1|03.12|03.22.5|03.22.9|03.22.2;;677008, Республика Саха (Якутия), г. о. город Якутск, г. Якутск, Вилюйский 5 Км тракт, д. 3/17;Действующая компания;Жирохов Егор Дмитриевич;0.0;;3;3;Генераторы кислорода;;;;;;;;;;;;;;;1;;;
7729133410;;"АО ""АКВАСЕРВИС""";;;;72.19;;115230, г. Москва, Хлебозаводский проезд, д. 7, стр. 10, помещ. 417 этаж 4;Действующая компания;;0.0;0 руб.;2;2;Генераторы азота;;;;;;;;;;;;;;;1;;;
9102272610;;"ООО ""ВОДА КРЫМА""";;;;36.00|02.10|02.20|02.40|03.11|03.21|03.22|18.11|20.13|35.11|35.12|35.13|35.30|37.00|38.11|38.12|38.21|38.22|38.32|41.20|42.21|42.91|43.11|43.12.3|43.21|43.22|43.29|43.39|43.99|43.99.3|45.20|49.41|49.42|49.50|52.10|52.21|52.21.24|52.24|52.29|55.10|55.20|55.90|56.29|56.30|58.11|58.12|58.13|58.14|61.10|62.01|62.02|68.20|68.31|70.22|71.12|71.20|73.11|73.20|74.20|74.30|77.11|77.31|77.32|77.33|77.39|77.39.11|78.10|80.10|80.20|80.30|81.22|81.29.9|82.92|82.99|85.42|91.01|91.02|91.03|95.11|96.04|96.09;;295000, Республика Крым, г. о. Симферополь, г. Симферополь, ул. Большевистская, д. 28/9, помещ. 42;Действующая компания;;0.0;;5;95;Промышленные компрессоры от 200 000 ₽ | Фотосепараторы | Генераторы азота | Генераторы кислорода | МКС — мобильные компрессорные станции | МКС — модульные или блочно-компрессорные станции;;;;;;;;;;;;;;;1;;;
6500023350;;"ООО ""ВОДА КЛЮЧЕВСКАЯ""";;;;43.13|11.07|25.11|25.62|41.10|41.20|42.21|42.22|42.99|43.21|43.22|43.29|43.99|45.20|47.81|47.99.2|68.20|68.32;;693021, Сахалинская область, г. о. город Южно-Сахалинск, г. Южно-Сахалинск, ул. 2-я Пионерская, д. 35, кв. 17;Действующая компания;Мородецкая Нонна Антоновна;0.0;;5;55;Промышленные компрессоры от 200 000 ₽ | Рентген-детекторы и рентген-инспекционные системы | Генераторы азота | МКС — мобильные компрессорные станции | МКС — модульные или блочно-компрессорные станции;;;;;;;;;;;;;;;1;;;
5042164850;;"ООО ""ВОДОКАНАЛ""";;;;36.00|08.11|08.12|11.07.1|33.12|37.00|41.20|42.21|42.22.1|42.22.2|43.13|43.22|43.99.3|68.32.1|71.12.3|71.20.1;;141307, Московская область, г. о. Сергиево-Посадский, г. Сергиев Посад, ул. Фестивальная, д. 10, этаж 3, пом. 13;Действующая компания;;0.0;;4;55;Промышленные компрессоры от 200 000 ₽ | Рентген-детекторы и рентген-инспекционные системы | Генераторы азота | Генераторы кислорода | МКС — мобильные компрессорные станции | МКС — модульные или блочно-компрессорные станции;;;;;;;;;;;;;;;1;;;
0542017332;;"ООО ""ЧИСТАЯ ВОДА""";;;;11.07|25.11|25.99|33.12|38.32.2|38.32.3|38.32.4|42.11|43.21|43.31|43.32|43.99|46.12|46.13|46.17|46.17.2|46.18|46.19|46.31|46.31.11|46.33|46.34|46.34.1|46.34.23|46.35|46.36|46.37|46.38|46.39|46.42|46.49|46.61|46.62|46.64|46.66|46.69.5|46.71|46.72|46.75|46.77|46.90|47.11|47.21|47.25.12|47.25.2|47.29.35|49.41.1|49.41.2|52.10|52.24|52.29|56.10|56.10.1|56.10.3|56.29|56.30|68.20.2|70.22|82.92;;368604, Республика Дагестан, г. Дербент, ул. У. Буйнакского, д. 8/11, корп. 3, пом. 2;Действующая компания;;0.0;;4;54;Промышленные компрессоры от 200 000 ₽ | Фотосепараторы | Рентген-детекторы и рентген-инспекционные системы | Генераторы азота | МКС — мобильные компрессорные станции;;;;;;;;;;;;;;;1;;;
7448195570;;"ООО ""НОВАЯ ВОДА""";;;;36.00|42.21|35.30|11.07|20.13|37.00;;454100, Челябинская область, г. Челябинск, пр-кт Комсомольский, д. 107А, помещ. 4;Действующая компания;Малахов Иван Павлович;0.0;;5;54;Промышленные компрессоры от 200 000 ₽ | Рентген-детекторы и рентген-инспекционные системы | Генераторы азота | Генераторы кислорода | МКС — мобильные компрессорные станции | МКС — модульные или блочно-компрессорные станции;;;;;;;;;;;;;;;1;;;
4828997328;;"МБУ ""ИЗМАЛКОВСКИЙ ВОДОКАНАЛ""";;;;36.00|11.07.1|33.11|33.12|33.14|37.00|41.20|42.21|43.12|43.21|43.22|43.29|43.31|43.32|43.33|43.34|43.39|43.99|45.20|46.69.2|46.69.5|46.74.2|47.19|47.59.9|49.41|49.42|52.10|52.21|52.24|52.29|66.19|68.20|68.32|71.20;;399000, Липецкая область, м. о. Измалковский, с. Измалково, ул. Октябрьская, д. 1А;Действующая организация;Рудыкин Юрий Анатольевич;0.0;;4;54;Промышленные компрессоры от 200 000 ₽ | Фотосепараторы | Рентген-детекторы и рентген-инспекционные системы | Генераторы азота | Генераторы кислорода | МКС — мобильные компрессорные станции | МКС — модульные или блочно-компрессорные станции;;;;;;;;;;;;;;;1;;;
2511135989;;"ООО ""ЕДИНЫЙ ВОДОКАНАЛ""";;;;36.00|02.20|02.40|16.10|16.10.9|35.30.14|35.30.2|37.00|38.11|38.32|41.20|42.21|42.22.1|42.91|42.99|43.11|43.12|43.12.3|43.21|43.22|43.29|43.31|43.32|43.33|43.34|43.39|43.91|43.99.1|45.20|46.71|46.90|47.11|49.31|49.41|49.41.1|49.41.2|49.41.3|49.42|52.10|52.10.4|52.21.24|52.21.29|52.29|63.11|68.20|68.20.1|68.20.2|68.31.3|68.31.31|68.31.32|68.31.4|68.31.41|68.31.42|68.32|68.32.1|68.32.2|69.10|81.10|81.21|81.22|81.29|81.29.1|81.29.2|81.29.9|81.30|82.91|82.99|84.25|96.03;;692085, Приморский край, м. о. Кировский, кп. Горные Ключи, ул. 60 лет Ссср, д. 5, кв. 4;Действующая компания;Боярчук Виктор Данилович;0.0;;4;50;Промышленные компрессоры от 200 000 ₽ | Фотосепараторы | Генераторы кислорода | МКС — мобильные компрессорные станции | МКС — модульные или блочно-компрессорные станции;;;;;;;;;;;;;;;1;;;
6900020770;;"ООО ""ВОДА ВОЛГА""";;;;11.07|10.86.7|22.22|36.00.1|46.17.21|46.34.1|46.90|47.25.2|47.78.9|47.91.2|49.41|52.10|52.24|52.29|68.20|68.32|77.12|77.39.2|77.39.27|82.92;;171252, Тверская область, м. о. Конаковский, г. Конаково, ул. Баскакова, д. 14, кв. 93;Действующая компания;Иваненко Оксана Ивановна;0.0;;5;44;Промышленные компрессоры от 200 000 ₽ | Фотосепараторы | Рентген-детекторы и рентген-инспекционные системы | Генераторы азота | Генераторы кислорода | МКС — мобильные компрессорные станции;;;;;;;;;;;;;;;1;;;
3812166830;;"ООО ""БАЙКАЛЬСКАЯ ЖИВАЯ ВОДА""";;;;11.07|10.86.7|17.21|36.00|41.20|46.17|46.31|46.32|46.34|46.38|46.90|47.25.2|47.29|52.10|52.21|52.29|55.10|56.10|68.10|69.20|82.92;;665910, Иркутская область, м. р-н Слюдянский, г. п. Култукское, рп. Култук, ул. Матросова, зд. 23А;Действующая компания;;0.0;;5;39;Промышленные компрессоры от 200 000 ₽ | Фотосепараторы | Рентген-детекторы и рентген-инспекционные системы | Генераторы азота | Генераторы кислорода | МКС — мобильные компрессорные станции;;;;;;;;;;;;;;;1;;;
2311365209;;"ООО ""КРЫМВОДОКАНАЛ""";;;;37.00|01.11|01.19|01.50|01.63|35.30|41.20|42.21|42.91|42.99|43.11|43.12|43.21|43.22|43.29|43.31|43.32|43.33|43.34|43.39|43.91|43.99;;350010, Краснодарский край, г. о. город Краснодар, г. Краснодар, ул. им. Петра Метальникова, д. 1, офис 11;Действующая компания;Саркисов Юрий Александрович;0.0;;4;39;Промышленные компрессоры от 200 000 ₽ | Фотосепараторы | Генераторы кислорода | МКС — мобильные компрессорные станции | МКС — модульные или блочно-компрессорные станции;;;;;;;;;;;;;;;1;;;
0522022454;;"ООО ""БЕКЕНЕЗ ВОДОКАНАЛ""";;;;36.00|25.11|37.00|38.11|38.21|38.32.1|38.32.11|38.32.12|41.20|42.13|42.21;;368530, Республика Дагестан, Карабудахкентский район, с. Карабудахкент, ул. Дахадаева, зд. 22;Действующая компания;Гайдаров Магомедмахсум Парзилавович;0.0;;4;35;Промышленные компрессоры от 200 000 ₽ | Фотосепараторы | Генераторы кислорода | МКС — мобильные компрессорные станции | МКС — модульные или блочно-компрессорные станции;;;;;;;;;;;;;;;1;;;
6382098564;;"ООО ""АКВАСЕРВИС""";;;;37.00|36.00|38.11|38.32|41.20|42.11|42.21|42.22|42.99|43.12|43.21|43.22|43.29|81.10|81.21|81.22|81.29|81.30|82.11;;445161, Самарская область, м. р-н Ставропольский, с. п. Александровка, с. Александровка, ул. Фабричная, д. 33, офис 3;Действующая компания;Космачев Алексей Владимирович;0.0;;4;34;Промышленные компрессоры от 200 000 ₽ | Фотосепараторы | Генераторы кислорода | МКС — мобильные компрессорные станции | МКС — модульные или блочно-компрессорные станции;;;;;;;;;;;;;;;1;;;
5009132480;;"ООО ""ВОДА И ЯГОДЫ""";;;;11.07|46.34.1|11.07.2|46.52|46.62|10.39|10.86.7|47.25.2|10.32|46.69;;142005, Московская область, г. о. Домодедово, г. Домодедово, мкр. Центральный, ул. Кирова, д. 13, к. 1, помещ. 57, ком. 2;Действующая компания;;0.0;;5;33;Фотосепараторы | Рентген-детекторы и рентген-инспекционные системы | Генераторы азота;;;;;;;;;;;;;;;1;;;
4024017787;;"ООО ""ЧИСТАЯ ВОДА 24""";;;;43.99|10.86.7|46.17.2|46.17.21|46.19|46.34.1|46.90|47.11.3|47.25.2|47.29.3|47.29.39|47.91.2|47.99.1|47.99.2|49.41.1|49.41.2|49.42|52.10|52.29|53.20.3|53.20.31|81.22|81.29;;249311, Калужская область, м. о. Думиничский, д. Верхнее Гульцово, д. 27;Действующая компания;;0.0;0 руб.;5;30;Промышленные компрессоры от 200 000 ₽ | Фотосепараторы | Рентген-детекторы и рентген-инспекционные системы | Генераторы азота | МКС — мобильные компрессорные станции;;;;;;;;;;;;;;;1;;;
7329022138;;"ООО ""АКВАСЕРВИС""";;;;36.00|01.11|01.19|01.41|01.42|01.43|01.45|01.46|01.47|01.49|01.61|01.62|01.63|01.64|37.00|41.20|42.91|43.11|43.12.3|43.21|43.22|43.29|43.31|43.32|43.33|43.34|43.39|43.91|43.99|43.99.1|49.4|68.32.1;;433421, Ульяновская область, Чердаклинский район, с. Татарский Калмаюр, ул. Советская, двлд. 59;Действующая компания;Ахсянов Рамиль Амирович;0.0;;4;30;Промышленные компрессоры от 200 000 ₽ | Фотосепараторы | Генераторы кислорода | МКС — мобильные компрессорные станции;;;;;;;;;;;;;;;1;;;
5918218049;;"ООО ""ЛЕСНАЯ ВОДА""";;;;11.07|52.29|46.17.21|46.34.1|47.25.2|10.86.7|70.22|49.41|46.90;;618902, Пермский край, г. Лысьва, ул. Ленина, д. 44, кв. 136;Действующая компания;Сердитых Ирина Александровна;0.0;;5;29;Рентген-детекторы и рентген-инспекционные системы | Генераторы азота | МКС — мобильные компрессорные станции;;;;;;;;;;;;;;;1;;;
5837083072;;"ООО ""ВОДА""";;;;11.07|46.17|46.13|46.34|46.73|08.12|36.00|52.10|08.11|46.90;;440513, Пензенская область, м. р-н Пензенский, с. п. Засечный Сельсовет, с. Засечное, ул. Центральная, д. 23, помещ. 17А;Действующая компания;;0.0;;4;29;Промышленные компрессоры от 200 000 ₽ | Фотосепараторы | Рентген-детекторы и рентген-инспекционные системы | Генераторы кислорода;;;;;;;;;;;;;;;1;;;
0400017640;;"ООО ""ТЕЛЕЦКАЯ ВОДА""";;;;11.07|10.86.7|46.90|46.34.1;;649000, Республика Алтай, г. о. город Горно-Алтайск, г. Горно-Алтайск, ул. Проточная, д. 10/1, к. 4, кв. 16;Действующая компания;Зильбер Наталья Евгеньевна;0.0;;5;26;Рентген-детекторы и рентген-инспекционные системы | Генераторы азота;;;;;;;;;;;;;;;1;;;
5233003589;;"ООО ""ЖИВАЯ ВОДА""";;;;11.07|09.90|18.12|22.22|42.21|46.34.1|47.25.2|49.41|52.29|74.10|82.92;;606970, Нижегородская область, Тонкинский район, рп. Тонкино, ул. Нагорная, д. 2, кв. 1;Действующая компания;Любимов Юрий Владимирович;0.0;;4;26;Промышленные компрессоры от 200 000 ₽ | Рентген-детекторы и рентген-инспекционные системы | МКС — мобильные компрессорные станции | МКС — модульные или блочно-компрессорные станции;;;;;;;;;;;;;;;1;;;
2465343420;;"ООО ""СИБАКВАСЕРВИС""";;;;11.07|47.99.1|11.07.1|46.34.1|47.81|10.86.7|47.99.2|47.91|46.39;;660077, Красноярский край, г. о. город Красноярск, г. Красноярск, ул. Молокова, д. 1, к. 4, помещ. 155, ком. 2;Действующая компания;;0.0;;5;26;Рентген-детекторы и рентген-инспекционные системы | Генераторы азота;;;;;;;;;;;;;;;1;;;
5948071266;;"ООО ""ВОДА САССИ""";;;;11.07|10.86.61|10.86.62|10.86.5|10.86.69|10.89.1|10.86.63;;614055, Пермский край, г. о. Пермский, г. Пермь, ул. Промышленная, зд. 96;Действующая компания;Галкина Ксения Алексеевна;0.0;;5;26;Рентген-детекторы и рентген-инспекционные системы | Генераторы азота;;;;;;;;;;;;;;;1;;;
5506170221;;"ООО ""ТАВОДА""";;;;11.07|36.00.1|46.17|46.34|46.38.29|46.39|46.90|47.11|47.19|47.25.2|47.29.39|47.81|47.99|49.41|52.29|70.22|77.11|77.39;;644010, Омская область, г. Омск, ул. Маяковского, д. 83, кв. 11;Действующая компания;Вольф Роман Александрович;0.0;;5;25;Промышленные компрессоры от 200 000 ₽ | Рентген-детекторы и рентген-инспекционные системы | Генераторы кислорода | МКС — мобильные компрессорные станции;;;;;;;;;;;;;;;1;;;
4100050725;;"ООО ""ВОДА КАМЧАТКИ""";;;;11.07|09.90|36.00|46.34|46.90|52.10|52.29|55.20|55.30|56.10|56.30|68.32|77.21|79.11|79.12;;683001, Камчатский край, г. о. Петропавловск-Камчатский, г. Петропавловск-Камчатский, ул. Ленинская, д. 59, офис 1303;Действующая компания;;0.0;;4;24;Промышленные компрессоры от 200 000 ₽ | Фотосепараторы | Рентген-детекторы и рентген-инспекционные системы | Генераторы кислорода | МКС — мобильные компрессорные станции;;;;;;;;;;;;;;;1;;;
4100053518;;"ООО ""КАМЧАТСКАЯ ВОДА""";;;;11.07|08.99|09.90|36.00|46.15|46.17|46.34|46.90|52.10|52.29|55.20|55.30|56.10|56.30;;683024, Камчатский край, г. о. Петропавловск-Камчатский, г. Петропавловск-Камчатский, ул. Лукашевского, д. 27Б, офис 4;Действующая компания;Журавлев Петр Владимирович;0.0;;4;24;Промышленные компрессоры от 200 000 ₽ | Фотосепараторы | Рентген-детекторы и рентген-инспекционные системы | Генераторы кислорода | МКС — мобильные компрессорные станции;;;;;;;;;;;;;;;1;;;
6135008735;;"ООО ""ДОНПРИРОДВОДА""";;;;11.07|03.2|36.00|46.34.1|47.25.2|52.21.2|79.11|79.90.1|79.90.2|79.90.3|82.92;;346550, Ростовская область, м. р-н Усть-Донецкий, г. п. Усть-Донецкое, рп. Усть-Донецкий, ул. Ленина, д. 15/2, помещ. 1, 2, 3;Действующая компания;Касьянов Алексей Николаевич;0.0;0 руб.;4;23;Промышленные компрессоры от 200 000 ₽ | Рентген-детекторы и рентген-инспекционные системы | Генераторы кислорода | МКС — мобильные компрессорные станции;;;;;;;;;;;;;;;1;;;
9717086618;;"ООО ""ВОДА ПРЕМИУМ""";;;;11.07|46.34|46.90|47.99|52.10|52.24|52.29|68.10|68.20|69.10|69.20|70.22|73.20|73.20.1|77.11|77.12|77.31|77.32|77.39;;676930, Амурская область, м. о. Ивановский, с. Ивановка, ул. Торговая, д. 5, офис 1;Действующая компания;;0.0;;5;23;Промышленные компрессоры от 200 000 ₽ | Фотосепараторы | Рентген-детекторы и рентген-инспекционные системы | МКС — мобильные компрессорные станции;;;;;;;;;;;;;;;1;;;
4407007110;;"ООО ""ШАРЬИНСКАЯ ВОДА""";;;;36.00|11.07|11.07.1|11.07.2|46.17|46.34.1|47.1|47.2|47.9|68.1|68.2|69|77.3;;157501, Костромская область, г. о. город Шарья, г. Шарья, ул. им. Адмирала Виноградова, зд. 28;Действующая компания;Майоров Андрей Олегович;0.0;;5;22;Промышленные компрессоры от 200 000 ₽ | Рентген-детекторы и рентген-инспекционные системы | Генераторы кислорода;;;;;;;;;;;;;;;1;;;
5040199222;;"ООО ""КРАТОВСКАЯ ВОДА""";;;;11.07|46.34|47.25|10.32|52.24|68.20|52.29|49.41.2;;Московская область, м. о. Раменский, пгт Кратово, ул. Мира, стр. 14/4;Действующая компания;;0.0;;4;21;Фотосепараторы | Рентген-детекторы и рентген-инспекционные системы | МКС — мобильные компрессорные станции;;;;;;;;;;;;;;;1;;;
2311348468;;"ПК ""АРТЕЗИАНСКАЯ ВОДА""";;;;36.00|10.72|38.11|11.07;;350005, Краснодарский край, г. о. город Краснодар, г. Краснодар, ул. им. 60-Летия Победы, д. 39;Действующая организация;Васильев Сергей Германович;0.0;;4;21;Промышленные компрессоры от 200 000 ₽ | Рентген-детекторы и рентген-инспекционные системы | Генераторы кислорода;;;;;;;;;;;;;;;1;;;
7734581520;;"ООО ""ХОЛДИНГ ""РУССКАЯ ВОДА""";;;;11.07|11.07.1|46.19|46.3|47.2|47.9|52.10|64.91|64.99|68.10|68.20|69|77.11|77.3|77.39|78.10|94.11;;433341, Ульяновская область, Ульяновский район, с. Ундоры, ул. Санаторий им. В. И. Ленина, д. 1, офис 303;Действующая компания;Дунаев Андрей Федорович;0.0;;5;20;Промышленные компрессоры от 200 000 ₽ | Фотосепараторы | Рентген-детекторы и рентген-инспекционные системы;;;;;;;;;;;;;;;1;;;
6686165389;;"ООО ""ВОДА-ИСТОЧНИК ЖИЗНИ""";;;;11.07|10.11|10.13|46.12|46.31|46.32|46.38|46.71|46.90|47.23|47.29|52.29;;624090, Свердловская область, г. о. Верхняя Пышма, г. Верхняя Пышма, ул. Осипенко, зд. 5А;Действующая компания;Булан Виктория Сергеевна;0.0;;5;19;Рентген-детекторы и рентген-инспекционные системы | МКС — мобильные компрессорные станции;;;;;;;;;;;;;;;1;;;
0548014352;;"ООО ""ЖИВАЯ ВОДА""";;;;36.00|46.34.1|36.00.2|11.07|36.00.1|46.34;;368501, Республика Дагестан, г. о. город Избербаш, г. Избербаш, ул. Р. Нурова, д. 20А;Действующая компания;Омаршаев Тимур Алибулатович;0.0;;4;17;Промышленные компрессоры от 200 000 ₽ | Рентген-детекторы и рентген-инспекционные системы | Генераторы кислорода;;;;;;;;;;;;;;;1;;;
6825008410;;"ООО ""ЛЁГКАЯ ВОДА""";;;;11.07|11.07.1|20.42|28.29|32.99|36.00|46.17|46.34|46.38|46.90|47.19|47.99;;393190, Тамбовская область, г. о. город Котовск, г. Котовск, ул. Свободы, д. 1;Действующая компания;;0.0;;4;17;Промышленные компрессоры от 200 000 ₽ | Рентген-детекторы и рентген-инспекционные системы | Генераторы кислорода;;;;;;;;;;;;;;;1;;;
2540288644;;"ООО ""ЖИВАЯ ВОДА""";;;;11.07|36.00|46.34.1;;690021, Приморский край, г. о. Владивостокский, г. Владивосток, ул. Калинина, д. 279А, кв. 109;Действующая компания;;0.0;;4;17;Промышленные компрессоры от 200 000 ₽ | Рентген-детекторы и рентген-инспекционные системы | Генераторы кислорода;;;;;;;;;;;;;;;1;;;
0210028669;;"ООО ""ТОРГОВЫЙ ДОМ ""НЕ ВОДА""";;;;11.07|11.07.2|16.10|16.21.2|16.23|16.23.1|16.24|25.11|41.10|43.32|46.34|46.34.1|47.11|47.19;;452580, Республика Башкортостан, м. р-н Белокатайский, с. п. Новобелокатайский Сельсовет, с. Новобелокатай, ул. им. Мустая Карима, д. 7;;Гарипов Радис Рафисович;0.0;;4;16;Промышленные компрессоры от 200 000 ₽ | Рентген-детекторы и рентген-инспекционные системы;;;;;;;;;;;;;;;1;;;
5047202114;;"ООО ""ВОДА ЧЕМПИОНСКАЯ КЛУБНАЯ ПРО""";;;;11.07|46.17.21|77.39|46.34.1|77.40;;141410, Московская область, г. Химки, пр-кт Мельникова, д. 2Б, помещ. III;Действующая компания;;0.0;;5;16;Промышленные компрессоры от 200 000 ₽ | Рентген-детекторы и рентген-инспекционные системы;;;;;;;;;;;;;;;1;;;
9500035569;;"ООО ""ЧИСТАЯ ВОДА""";;;;11.07|46.34.1|46.90|41.20|68.20|77.39|68.10;;275800, Херсонская область, м. о. Каланчакский, пгт Каланчак, ул. Херсонская, д. 98;Действующая компания;;0.0;;5;16;Промышленные компрессоры от 200 000 ₽ | Рентген-детекторы и рентген-инспекционные системы;;;;;;;;;;;;;;;1;;;
5047172815;;"ООО ""ВОДА ЧЕМПИОНСКАЯ КЛУБНАЯ""";;;;11.07|11.07.1|18.12|18.13|22.22|22.29|22.29.2|46.18|46.34.1|46.38.21|46.49.49|46.90|47.11|47.25.2|47.29|47.29.39|47.9|49.4|49.41.3|52.10|82.99|96.09;;141410, Московская область, г. Химки, пр-кт Мельникова, д. 2Б, помещ. III;Действующая компания;;0.0;;4;15;Фотосепараторы | Рентген-детекторы и рентген-инспекционные системы;;;;;;;;;;;;;;;1;;;
2364024795;;"ООО ""ХАРЬКОВСКИЙ ВОДОКАНАЛ""";;;;36.00|38.11|38.21|37.00|68.20|96.03|68.32|38.32;;352525, Краснодарский край, м. р-н Лабинский, с. п. Харьковское, х. Харьковский, ул. Мира, д. 45;Действующая компания;;0.0;;4;14;Промышленные компрессоры от 200 000 ₽ | Фотосепараторы | Генераторы кислорода;;;;;;;;;;;;;;;1;;;
7007007801;;"ООО ""КОЛПАШЕВСКАЯ МИНЕРАЛЬНАЯ ВОДА""";;;;11.07|46.90|72.19;;636462, Томская область, Колпашевский район, г. Колпашево, ул. Победы, д. 113;Действующая компания;Буланов Андрей Федорович;0.0;;4;13;Рентген-детекторы и рентген-инспекционные системы | Генераторы азота;;;;;;;;;;;;;;;1;;;
8706006584;;"ООО ""ЭКОВОДА""";;;;11.07|11.07.1|11.07.2;;689400, Чукотский автономный округ, м. о. Певек, г. Певек, ул. Советская, зд. 36;Действующая компания;Лалаев Гурбет Алиага Оглы;0.0;0 руб.;4;11;Рентген-детекторы и рентген-инспекционные системы;;;;;;;;;;;;;;;1;;;
0700018606;;"ООО ""ВОДА ЖИЗНИ""";;;;11.07|46.34|47.25.2|47.11.3;;360022, Кабардино-Балкарская Республика, г. о. Нальчик, г. Нальчик, пр-кт Шогенцукова, д. 25, помещ. 2;Действующая компания;;0.0;;4;11;Рентген-детекторы и рентген-инспекционные системы;;;;;;;;;;;;;;;1;;;
4401017979;;"ООО ""ЖИВАЯ ВОДА""";;;;11.07|02.20|16.10.1|41.20|45.20|45.20.1|46.34.1|46.37|47.25.2|47.29.35|49.41.2|56.30|68.20.2|73.11|73.20.1|79.11|93.19|96.09;;156543, Костромская область, г. о. город Кострома, г. Кострома, ул. Красная Байдарка, д. 46;Действующая компания;Шумкин Владимир Николаевич;0.0;0 руб.;4;11;Рентген-детекторы и рентген-инспекционные системы;;;;;;;;;;;;;;;1;;;
4204007763;;"ООО ""ЖИВАЯ ВОДА""";;;;11.07|46.3|47.11;;652780, Кемеровская область - Кузбасс, Гурьевский район, г. Гурьевск, ул. Кирова, д. 40, кв. 10;Действующая компания;Цечоев Ибрагим Хаматханович;0.0;;4;11;Рентген-детекторы и рентген-инспекционные системы;;;;;;;;;;;;;;;1;;;
7610101612;;"ООО ""ГАЗПРОМВОДА""";;;;11.07|46.13.2|46.74|46.34.1|47.52;;152900, Ярославская область, Рыбинский район, г. Рыбинск, ул. Рабочая, д. 48;Действующая компания;Леонов Григорий Александрович;0.0;;4;11;Рентген-детекторы и рентген-инспекционные системы;;;;;;;;;;;;;;;1;;;
9103078693;;"ООО ""ЯЛТИНСКАЯ ВОДА""";;;;11.07|46.34.1|46.36|46.37|46.38|46.39|47.11|47.19|47.24|47.25.2|47.29|47.81|47.89|47.91|47.99|56.10|56.21|56.29|56.30|68.10|68.20;;298676, Республика Крым, г. Ялта, г. Алупка, ул. Ленина, д. 35;Действующая компания;Щербина Владимир Леонидович;0.0;;4;11;Рентген-детекторы и рентген-инспекционные системы;;;;;;;;;;;;;;;1;;;
2626048620;;"ООО ""ВОДА""";;;;11.07|11.07.2|22.22|11.07.1|46.34.1|47.25.2|22.29;;357633, Ставропольский край, г. Ессентуки, ул. Партизанская, зд. 4, литера Б, помещ. 31;Действующая компания;Арутюнян Самвел Гайкович;0.0;;4;11;Рентген-детекторы и рентген-инспекционные системы;;;;;;;;;;;;;;;1;;;
6234182967;;"ООО ""ЖИВАЯ ВОДА""";;;;11.07|46.34.1|47.25.2;;390023, Рязанская область, г. Рязань, ул. Есенина, д. 64/32, помещ. н2, оф. 415;Действующая компания;Сурова Светлана Валентиновна;0.0;;4;11;Рентген-детекторы и рентген-инспекционные системы;;;;;;;;;;;;;;;1;;;
7206058913;;"ООО ""ЖИВАЯ ВОДА""";;;;11.07|47.99.2;;626157, Тюменская область, г. о. город Тобольск, г. Тобольск, мкр. 7а, д. 35В, помещ. 1, офис 1;Действующая компания;;0.0;;4;11;Рентген-детекторы и рентген-инспекционные системы;;;;;;;;;;;;;;;1;;;
5118006126;;"ООО ""ЗАПОЛЯРНАЯ ВОДА""";;;;11.07|22.22|47.99|46.34.1;;184250, Мурманская область, м. о. город Кировск, г. Кировск, Апатитовое шоссе, д. 16, офис 1;Действующая компания;Соложенников Денис Владимирович;0.0;0 руб.;4;11;Рентген-детекторы и рентген-инспекционные системы;;;;;;;;;;;;;;;1;;;
2469005510;;"ООО ""ВОДА И СОЛОД""";;;;11.07|47.99|46.17.2|46.34.1|47.24.2|11.05|53.20.3|47.25.1|46.34.23;;647000, Красноярский край, м. о. Таймырский Долгано-Ненецкий, г. Дудинка, ул. Дальняя, зд. 5/1;Действующая компания;;0.0;0 руб.;4;11;Рентген-детекторы и рентген-инспекционные системы;;;;;;;;;;;;;;;1;;;
3602011929;;"ООО ""ЧИСТАЯ ВОДА""";;;;37.00|71.20.1|10.13|46.23|46.32.1|10.11|71.20.2|46.32.3|46.32;;397704, Воронежская область, м. р-н Бобровский, г. п. город Бобров, г. Бобров, ул. 60 лет Октября, д. 118;Действующая компания;Попович Сергей Иванович;0.0;0 руб.;5;11;Рентген-детекторы и рентген-инспекционные системы | Генераторы азота | Генераторы кислорода;;;;;;;;;;;;;;;1;;;
2352057676;;"ООО ""СЛУЖБА ВОДОСНАБЖЕНИЯ""";;;;42.21|01.11|01.12|01.13|01.14|01.15|01.16|01.19|01.21|01.22|01.23|01.24|01.25|01.26|01.27|01.28|01.29|01.30|01.41|01.41.1|01.41.2|01.42|01.43|01.44|01.45|01.46|01.47|01.49|01.50|01.61|01.62|01.63|01.64|01.70|02.10|02.20|02.30|02.40|03.11|03.12|03.21|03.22|05.10|05.20|06.10|06.20|07.10|07.21|07.29|08.11|08.12|09.10|09.90|10.11|10.12|10.13|10.20|10.31|10.32|10.39|10.39.1|10.39.2|10.39.9|11.01|11.02|11.03|11.04|11.05|11.06|11.07|12.00|14.11|14.12|14.13|14.14|14.19|14.20|14.31|14.39|16.10|16.21|16.22|16.23|16.24|16.29|16.29.1|16.29.2|16.29.3|17.11|17.12|17.21|17.22|17.23|17.24|17.29|18.11|18.12|18.13|18.14|19.10|19.20|19.31|19.32|19.33|19.34|20.11|20.12|20.13|20.14|20.15|20.16|20.17|20.20|20.30|20.41|20.42|20.51|20.52|20.53|20.59|20.60|21.10|21.20|22.11|22.19|22.21|22.22|22.23|22.29|23.11|23.12|23.13|23.14|23.19|23.20|23.31|23.32|23.41|23.42|23.43|23.44|23.49|23.51|23.52|23.61|23.62|23.63|23.64|23.65|23.69|23.70|23.91|23.99|25.11|25.12|25.21|25.29|25.30|25.40|25.50|25.61|25.62|25.71|25.72|25.73|25.91|25.92|25.93|25.94|25.99|26.11|26.12|26.20|26.30|26.40|26.51|26.52|26.60|26.70|26.80|27.11|27.12|27.20|27.31|27.32|27.33|27.40|27.51|27.52|27.90|28.11|28.12|28.13|28.14|28.15|28.21|28.22|28.23|28.24|28.25|28.29|28.30|28.41|28.49|28.91|28.92|28.93|28.94|28.95|28.96|28.99|29.10|29.20|29.31|29.32|30.11|30.12|30.20|30.30|30.40|30.91|30.92|30.92.1|30.92.2|30.92.3|30.92.4|30.99|31.01|31.02|31.02.1|31.02.2|31.03|31.09|31.09.1|31.09.2|32.13|32.30|32.40|32.50|32.91|32.99|32.99.1|32.99.2|32.99.3|32.99.4|32.99.5|32.99.6|32.99.7|32.99.8|32.99.9|33.11|33.12|33.13|33.14|33.15|33.16|33.17|33.19|33.20|35.11|35.11.1|35.11.2|35.11.3|35.11.4|35.12|35.12.1|35.12.2|35.13|35.14|35.21|35.21.1|35.21.11|35.21.12|35.21.13|35.21.2|35.21.21|35.21.22|35.21.23|35.22|35.22.1|35.22.2|35.23|35.23.1|35.23.2|35.30|35.30.1|35.30.2|35.30.3|35.30.4|35.30.5|35.30.6|36.00|36.00.1|36.00.2|37.00|38.12|38.22|38.22.1|38.22.9|38.31|39.00|41.10|41.20|42.11|42.12|42.13|42.22|42.22.1|42.22.2|42.22.3|42.91|42.91.1|42.91.2|42.91.3|42.91.4|42.91.5|42.99|43.11|43.12|43.12.1|43.12.2|43.12.3|43.12.4|43.13|43.21|43.22|43.29|43.31|43.32|43.33|43.34|43.34.1|43.34.2|43.39|43.91|43.99|43.99.1|43.99.2|43.99.3|43.99.4|43.99.5|43.99.6|43.99.7|43.99.9|45.20|45.40|47.11|47.21|47.22|47.23|47.24|47.25|47.26|47.29|47.41|47.42|47.51|47.52|47.54|47.59|47.61|47.65|47.71|47.72|47.76|47.78|47.91|49.41|49.42|52.10|52.21|52.22|52.23|52.24|52.29|53.10|53.20|55.10|55.20|55.30|55.90|56.10|56.21|56.29|56.30|58.12|58.13|58.14|58.19|58.21|58.29|59.11|59.12|59.13|59.14|59.20|60.10|60.20|61.10|61.20|61.30|61.90|62.01|62.02|62.03|62.09|63.11|63.12|63.91|63.99|64.11|64.19|64.20|64.30|64.91|64.92|64.99|65.11|65.12|65.20|65.30|66.11|66.12|66.19|66.21|66.22|66.29|66.30|68.10|68.20|68.31|68.32|69.10|69.20|70.10|70.21|70.22|71.11|72.11|72.19|72.20|73.11|73.12|73.20|74.10|74.20|74.30|74.90|75.00|77.11|77.12|77.21|77.22|77.29|77.31|77.32|77.33|77.34|77.35|77.39|77.40|78.10|78.20|78.30|79.11|79.12|79.90|80.10|80.20|80.30|81.10|81.21|81.22|81.29|81.30|82.11|82.19|82.20|82.30|82.91|82.92|82.99|85.41|85.41.1|86.90|87.90|88.10|88.91|88.99|90.01|90.02|90.03|90.04|91.01|91.02|91.03|91.04|92.11|92.12|92.13|92.21|92.22|92.23|93.11|93.12|93.13|93.19|93.21|93.29|94.11|94.12|94.20|94.91|94.92;;353507, Краснодарский край, м. р-н Темрюкский, г. п. Темрюкское, г. Темрюк, ул. Бувина, д. 151/1;Действующая компания;;;;0;0;;;;;;;;;;;;;;;;1;;;
