slug;url;h1;category;brand;знаков;файл_без_разметки;файл_с_разметкой
adsorbtsionnye__enger_2__goryachey-regeneratsii-s-vozdukhoduvkoy;https://prokompressor.ru/catalog/osushiteli/adsorbtsionnye/enger_2/goryachey-regeneratsii-s-vozdukhoduvkoy/;Адсорбционные осушители горячей регенерации, с воздуходувкой;ads_dryer;goryachey_regeneratsii_s_vozdukhoduvkoy;4701;plain/adsorbtsionnye__enger_2__goryachey-regeneratsii-s-vozdukhoduvkoy.html;schema/adsorbtsionnye__enger_2__goryachey-regeneratsii-s-vozdukhoduvkoy.html
adsorbtsionnye__enger_2__goryachey-regeneratsii;https://prokompressor.ru/catalog/osushiteli/adsorbtsionnye/enger_2/goryachey-regeneratsii/;Адсорбционные осушители горячей регенерации ENGER;ads_dryer;goryachey_regeneratsii;4157;plain/adsorbtsionnye__enger_2__goryachey-regeneratsii.html;schema/adsorbtsionnye__enger_2__goryachey-regeneratsii.html
adsorbtsionnye__enger_2__kholodnoy-regeneratsii;https://prokompressor.ru/catalog/osushiteli/adsorbtsionnye/enger_2/kholodnoy-regeneratsii/;Адсорбционные осушители ENGER холодной регенерации;ads_dryer;kholodnoy_regeneratsii;4900;plain/adsorbtsionnye__enger_2__kholodnoy-regeneratsii.html;schema/adsorbtsionnye__enger_2__kholodnoy-regeneratsii.html
bezmaslyanye_1__porshnevye__atlas-copco;https://prokompressor.ru/catalog/vozdushnye-kompressory/po-tipu-smazki/bezmaslyanye_1/porshnevye/atlas-copco/;Поршневые безмасляные компрессоры Atlas Copco;compressor;atlas_copco;4781;plain/bezmaslyanye_1__porshnevye__atlas-copco.html;schema/bezmaslyanye_1__porshnevye__atlas-copco.html
bezmaslyanye_1__porshnevye__ekomak;https://prokompressor.ru/catalog/vozdushnye-kompressory/po-tipu-smazki/bezmaslyanye_1/porshnevye/ekomak/;Поршневые безмасляные компрессоры Ekomak;compressor;ekomak;4308;plain/bezmaslyanye_1__porshnevye__ekomak.html;schema/bezmaslyanye_1__porshnevye__ekomak.html
bezmaslyanye_1__porshnevye__fiac;https://prokompressor.ru/catalog/vozdushnye-kompressory/po-tipu-smazki/bezmaslyanye_1/porshnevye/fiac/;Поршневые безмасляные компрессоры FIAC;compressor;fiac;4458;plain/bezmaslyanye_1__porshnevye__fiac.html;schema/bezmaslyanye_1__porshnevye__fiac.html
bezmaslyanye_1__porshnevye__remeza;https://prokompressor.ru/catalog/vozdushnye-kompressory/po-tipu-smazki/bezmaslyanye_1/porshnevye/remeza/;Поршневые безмасляные компрессоры Remeza;compressor;remeza;4661;plain/bezmaslyanye_1__porshnevye__remeza.html;schema/bezmaslyanye_1__porshnevye__remeza.html
bezmaslyanye_1__spiralnye_1__airpol;https://prokompressor.ru/catalog/vozdushnye-kompressory/po-tipu-smazki/bezmaslyanye_1/spiralnye_1/airpol/;Спиральные безмасляные компрессоры Airpol;compressor;airpol;4955;plain/bezmaslyanye_1__spiralnye_1__airpol.html;schema/bezmaslyanye_1__spiralnye_1__airpol.html
bezmaslyanye_1__spiralnye_1__atlas-copco;https://prokompressor.ru/catalog/vozdushnye-kompressory/po-tipu-smazki/bezmaslyanye_1/spiralnye_1/atlas-copco/;Спиральные безмасляные компрессоры Atlas Copco SF;compressor;atlas_copco;4545;plain/bezmaslyanye_1__spiralnye_1__atlas-copco.html;schema/bezmaslyanye_1__spiralnye_1__atlas-copco.html
bezmaslyanye_1__spiralnye_1__dalgakiran;https://prokompressor.ru/catalog/vozdushnye-kompressory/po-tipu-smazki/bezmaslyanye_1/spiralnye_1/dalgakiran/;Спиральные безмасляные компрессоры DALGAKIRAN;compressor;dalgakiran;4807;plain/bezmaslyanye_1__spiralnye_1__dalgakiran.html;schema/bezmaslyanye_1__spiralnye_1__dalgakiran.html
bezmaslyanye_1__spiralnye_1__das;https://prokompressor.ru/catalog/vozdushnye-kompressory/po-tipu-smazki/bezmaslyanye_1/spiralnye_1/das/;Спиральные безмасляные компрессоры DAS;compressor;das;4488;plain/bezmaslyanye_1__spiralnye_1__das.html;schema/bezmaslyanye_1__spiralnye_1__das.html
bezmaslyanye_1__spiralnye_1__ekomak;https://prokompressor.ru/catalog/vozdushnye-kompressory/po-tipu-smazki/bezmaslyanye_1/spiralnye_1/ekomak/;Спиральные безмасляные компрессоры Ekomak;compressor;ekomak;4804;plain/bezmaslyanye_1__spiralnye_1__ekomak.html;schema/bezmaslyanye_1__spiralnye_1__ekomak.html
bezmaslyanye_1__spiralnye_1__enger;https://prokompressor.ru/catalog/vozdushnye-kompressory/po-tipu-smazki/bezmaslyanye_1/spiralnye_1/enger/;Спиральные безмасляные компрессоры Enger;compressor;enger;4854;plain/bezmaslyanye_1__spiralnye_1__enger.html;schema/bezmaslyanye_1__spiralnye_1__enger.html
bezmaslyanye_1__spiralnye_1__fini;https://prokompressor.ru/catalog/vozdushnye-kompressory/po-tipu-smazki/bezmaslyanye_1/spiralnye_1/fini/;Спиральные безмасляные компрессоры Fini;compressor;fini;4629;plain/bezmaslyanye_1__spiralnye_1__fini.html;schema/bezmaslyanye_1__spiralnye_1__fini.html
bezmaslyanye_1__spiralnye_1__kraftmachine;https://prokompressor.ru/catalog/vozdushnye-kompressory/po-tipu-smazki/bezmaslyanye_1/spiralnye_1/kraftmachine/;Спиральные безмасляные компрессоры KRAFTMACHINE;compressor;kraftmachine;4552;plain/bezmaslyanye_1__spiralnye_1__kraftmachine.html;schema/bezmaslyanye_1__spiralnye_1__kraftmachine.html
bezmaslyanye_1__spiralnye_1__lupamat;https://prokompressor.ru/catalog/vozdushnye-kompressory/po-tipu-smazki/bezmaslyanye_1/spiralnye_1/lupamat/;Спиральные безмасляные компрессоры LUPAMAT;compressor;lupamat;4676;plain/bezmaslyanye_1__spiralnye_1__lupamat.html;schema/bezmaslyanye_1__spiralnye_1__lupamat.html
bezmaslyanye_1__spiralnye_1__remeza;https://prokompressor.ru/catalog/vozdushnye-kompressory/po-tipu-smazki/bezmaslyanye_1/spiralnye_1/remeza/;Спиральные безмасляные компрессоры Remeza;compressor;remeza;4211;plain/bezmaslyanye_1__spiralnye_1__remeza.html;schema/bezmaslyanye_1__spiralnye_1__remeza.html
catalog__osushiteli__adsorbtsionnye;https://prokompressor.ru/catalog/osushiteli/adsorbtsionnye/;Адсорбционные осушители сжатого воздуха;ads_dryer;;4946;plain/catalog__osushiteli__adsorbtsionnye.html;schema/catalog__osushiteli__adsorbtsionnye.html
catalog__osushiteli__refrizheratornye;https://prokompressor.ru/catalog/osushiteli/refrizheratornye/;Рефрижераторные осушители сжатого воздуха;ref_dryer;;4853;plain/catalog__osushiteli__refrizheratornye.html;schema/catalog__osushiteli__refrizheratornye.html
catalog__podgotovka-vozdukha__dookhladiteli;https://prokompressor.ru/catalog/podgotovka-vozdukha/dookhladiteli/;Доохладители;air_prep;dookhladiteli;4524;plain/catalog__podgotovka-vozdukha__dookhladiteli.html;schema/catalog__podgotovka-vozdukha__dookhladiteli.html
catalog__podgotovka-vozdukha__filtry-magistralnye;https://prokompressor.ru/catalog/podgotovka-vozdukha/filtry-magistralnye/;Фильтры магистральные;filter;;4395;plain/catalog__podgotovka-vozdukha__filtry-magistralnye.html;schema/catalog__podgotovka-vozdukha__filtry-magistralnye.html
catalog__podgotovka-vozdukha__kondensatootvodchiki;https://prokompressor.ru/catalog/podgotovka-vozdukha/kondensatootvodchiki/;Конденсатоотводчики для сжатого воздуха;air_prep;kondensatootvodchiki;4748;plain/catalog__podgotovka-vozdukha__kondensatootvodchiki.html;schema/catalog__podgotovka-vozdukha__kondensatootvodchiki.html
catalog__podgotovka-vozdukha__maslovlagorazdeliteli;https://prokompressor.ru/catalog/podgotovka-vozdukha/maslovlagorazdeliteli/;Масловлагоотделители для компрессоров;separator;maslovlagorazdeliteli;4814;plain/catalog__podgotovka-vozdukha__maslovlagorazdeliteli.html;schema/catalog__podgotovka-vozdukha__maslovlagorazdeliteli.html
catalog__podgotovka-vozdukha__separatory-tsentrobezhnye-tsiklonnye;https://prokompressor.ru/catalog/podgotovka-vozdukha/separatory-tsentrobezhnye-tsiklonnye/;Циклонные и центробежные сепараторы сжатого воздуха;separator;separatory_tsentrobezhnye_tsiklonnye;4509;plain/catalog__podgotovka-vozdukha__separatory-tsentrobezhnye-tsiklonnye.html;schema/catalog__podgotovka-vozdukha__separatory-tsentrobezhnye-tsiklonnye.html
catalog__podgotovka-vozdukha__ugolnye-kolonny;https://prokompressor.ru/catalog/podgotovka-vozdukha/ugolnye-kolonny/;Угольные колонны для очистки сжатого воздуха;filter;ugolnye_kolonny;4320;plain/catalog__podgotovka-vozdukha__ugolnye-kolonny.html;schema/catalog__podgotovka-vozdukha__ugolnye-kolonny.html
catalog__raskhodomery-i-datchiki__datchiki;https://prokompressor.ru/catalog/raskhodomery-i-datchiki/datchiki/;Датчики;flowmeter;datchiki;4528;plain/catalog__raskhodomery-i-datchiki__datchiki.html;schema/catalog__raskhodomery-i-datchiki__datchiki.html
catalog__raskhodomery-i-datchiki__raskhodomery;https://prokompressor.ru/catalog/raskhodomery-i-datchiki/raskhodomery/;Расходомеры;flowmeter;;4533;plain/catalog__raskhodomery-i-datchiki__raskhodomery.html;schema/catalog__raskhodomery-i-datchiki__raskhodomery.html
catalog__resivery__airpol_resiver;https://prokompressor.ru/catalog/resivery/airpol_resiver/;Воздушные ресиверы Airpol;receiver;airpol;4725;plain/catalog__resivery__airpol_resiver.html;schema/catalog__resivery__airpol_resiver.html
catalog__resivery__ariacom_resiver;https://prokompressor.ru/catalog/resivery/ariacom_resiver/;Воздушные ресиверы ARIACOM;receiver;ariacom;4945;plain/catalog__resivery__ariacom_resiver.html;schema/catalog__resivery__ariacom_resiver.html
catalog__resivery__bezhetsk_resiver;https://prokompressor.ru/catalog/resivery/bezhetsk_resiver/;Воздушные ресиверы Бежецк;receiver;bezhetsk;4485;plain/catalog__resivery__bezhetsk_resiver.html;schema/catalog__resivery__bezhetsk_resiver.html
catalog__resivery__comprag_resiver;https://prokompressor.ru/catalog/resivery/comprag_resiver/;Воздушные ресиверы Comprag;receiver;comprag;3975;plain/catalog__resivery__comprag_resiver.html;schema/catalog__resivery__comprag_resiver.html
catalog__resivery__dalgakiran_resiver;https://prokompressor.ru/catalog/resivery/dalgakiran_resiver/;Воздушные ресиверы DALGAKIRAN;receiver;dalgakiran;4208;plain/catalog__resivery__dalgakiran_resiver.html;schema/catalog__resivery__dalgakiran_resiver.html
catalog__resivery__dnt;https://prokompressor.ru/catalog/resivery/dnt/;Воздушные ресиверы DNT;receiver;dnt;4480;plain/catalog__resivery__dnt.html;schema/catalog__resivery__dnt.html
catalog__resivery__ekomak_resiver;https://prokompressor.ru/catalog/resivery/ekomak_resiver/;Воздушные ресиверы Ekomak;receiver;ekomak;4202;plain/catalog__resivery__ekomak_resiver.html;schema/catalog__resivery__ekomak_resiver.html
catalog__resivery__enger;https://prokompressor.ru/catalog/resivery/enger/;Воздушные ресиверы Enger;receiver;enger;4915;plain/catalog__resivery__enger.html;schema/catalog__resivery__enger.html
catalog__resivery__fiac_resiver;https://prokompressor.ru/catalog/resivery/fiac_resiver/;Воздушные ресиверы FIAC;receiver;fiac;4203;plain/catalog__resivery__fiac_resiver.html;schema/catalog__resivery__fiac_resiver.html
catalog__resivery__pneumatech_resiver;https://prokompressor.ru/catalog/resivery/pneumatech_resiver/;Воздушные ресиверы Pneumatech;receiver;pneumatech;4341;plain/catalog__resivery__pneumatech_resiver.html;schema/catalog__resivery__pneumatech_resiver.html
catalog__resivery__remeza_resiver;https://prokompressor.ru/catalog/resivery/remeza_resiver/;Воздушные ресиверы Remeza;receiver;remeza;4938;plain/catalog__resivery__remeza_resiver.html;schema/catalog__resivery__remeza_resiver.html
catalog__resivery__rkz-airrus;https://prokompressor.ru/catalog/resivery/rkz-airrus/;Воздушные ресиверы РКЗ;receiver;rkz_airrus;4353;plain/catalog__resivery__rkz-airrus.html;schema/catalog__resivery__rkz-airrus.html
catalog__vozdushnye-kompressory__225-to-225;https://prokompressor.ru/catalog/vozdushnye-kompressory/225-to-225/;Воздушные компрессоры 225 кВт;compressor;;4106;plain/catalog__vozdushnye-kompressory__225-to-225.html;schema/catalog__vozdushnye-kompressory__225-to-225.html
catalog__vozdushnye-kompressory__50-to-55;https://prokompressor.ru/catalog/vozdushnye-kompressory/50-to-55/;Воздушные компрессоры 50 кВт;compressor;;4981;plain/catalog__vozdushnye-kompressory__50-to-55.html;schema/catalog__vozdushnye-kompressory__50-to-55.html
catalog__vozdushnye-kompressory__abac;https://prokompressor.ru/catalog/vozdushnye-kompressory/abac/;Воздушные компрессоры ABAC;compressor;abac;4557;plain/catalog__vozdushnye-kompressory__abac.html;schema/catalog__vozdushnye-kompressory__abac.html
catalog__vozdushnye-kompressory__airbox;https://prokompressor.ru/catalog/vozdushnye-kompressory/airbox/;Воздушные компрессоры Airbox;compressor;;4674;plain/catalog__vozdushnye-kompressory__airbox.html;schema/catalog__vozdushnye-kompressory__airbox.html
catalog__vozdushnye-kompressory__airman;https://prokompressor.ru/catalog/vozdushnye-kompressory/airman/;Компрессоры Airman;compressor;airman;4921;plain/catalog__vozdushnye-kompressory__airman.html;schema/catalog__vozdushnye-kompressory__airman.html
catalog__vozdushnye-kompressory__airpol;https://prokompressor.ru/catalog/vozdushnye-kompressory/airpol/;Воздушные компрессоры Airpol;compressor;airpol;4257;plain/catalog__vozdushnye-kompressory__airpol.html;schema/catalog__vozdushnye-kompressory__airpol.html
catalog__vozdushnye-kompressory__almig;https://prokompressor.ru/catalog/vozdushnye-kompressory/almig/;Компрессоры ALMiG;compressor;almig;4744;plain/catalog__vozdushnye-kompressory__almig.html;schema/catalog__vozdushnye-kompressory__almig.html
catalog__vozdushnye-kompressory__ariacom;https://prokompressor.ru/catalog/vozdushnye-kompressory/ariacom/;Воздушные компрессоры Ariacom;compressor;ariacom;4682;plain/catalog__vozdushnye-kompressory__ariacom.html;schema/catalog__vozdushnye-kompressory__ariacom.html
catalog__vozdushnye-kompressory__atlas-copco;https://prokompressor.ru/catalog/vozdushnye-kompressory/atlas-copco/;Компрессоры Atlas Copco (Атлас Копко);compressor;atlas_copco;4012;plain/catalog__vozdushnye-kompressory__atlas-copco.html;schema/catalog__vozdushnye-kompressory__atlas-copco.html
catalog__vozdushnye-kompressory__atmos;https://prokompressor.ru/catalog/vozdushnye-kompressory/atmos/;Воздушные компрессоры Atmos (Атмос);compressor;atmos;4643;plain/catalog__vozdushnye-kompressory__atmos.html;schema/catalog__vozdushnye-kompressory__atmos.html
catalog__vozdushnye-kompressory__atom;https://prokompressor.ru/catalog/vozdushnye-kompressory/atom/;Воздушные компрессоры Atom (Атом);compressor;atom;4661;plain/catalog__vozdushnye-kompressory__atom.html;schema/catalog__vozdushnye-kompressory__atom.html
catalog__vozdushnye-kompressory__aztec;https://prokompressor.ru/catalog/vozdushnye-kompressory/aztec/;Воздушные компрессоры AZTEC;compressor;;4813;plain/catalog__vozdushnye-kompressory__aztec.html;schema/catalog__vozdushnye-kompressory__aztec.html
catalog__vozdushnye-kompressory__baysar;https://prokompressor.ru/catalog/vozdushnye-kompressory/baysar/;Воздушные компрессоры Baysar (Байсар);compressor;baysar;4256;plain/catalog__vozdushnye-kompressory__baysar.html;schema/catalog__vozdushnye-kompressory__baysar.html
catalog__vozdushnye-kompressory__berg;https://prokompressor.ru/catalog/vozdushnye-kompressory/berg/;Воздушные компрессоры BERG;compressor;berg;4713;plain/catalog__vozdushnye-kompressory__berg.html;schema/catalog__vozdushnye-kompressory__berg.html
catalog__vozdushnye-kompressory__bez-resivera;https://prokompressor.ru/catalog/vozdushnye-kompressory/bez-resivera/;Воздушные компрессоры без ресивера;compressor;;4303;plain/catalog__vozdushnye-kompressory__bez-resivera.html;schema/catalog__vozdushnye-kompressory__bez-resivera.html
catalog__vozdushnye-kompressory__bezhetsk;https://prokompressor.ru/catalog/vozdushnye-kompressory/bezhetsk/;Воздушные компрессоры Бежецк АСО;compressor;bezhetsk;4311;plain/catalog__vozdushnye-kompressory__bezhetsk.html;schema/catalog__vozdushnye-kompressory__bezhetsk.html
catalog__vozdushnye-kompressory__boge;https://prokompressor.ru/catalog/vozdushnye-kompressory/boge/;Воздушные компрессоры Boge;compressor;boge;4291;plain/catalog__vozdushnye-kompressory__boge.html;schema/catalog__vozdushnye-kompressory__boge.html
catalog__vozdushnye-kompressory__ceccato;https://prokompressor.ru/catalog/vozdushnye-kompressory/ceccato/;Воздушные компрессоры Ceccato (Чеккато);compressor;;3821;plain/catalog__vozdushnye-kompressory__ceccato.html;schema/catalog__vozdushnye-kompressory__ceccato.html
catalog__vozdushnye-kompressory__chekhiya;https://prokompressor.ru/catalog/vozdushnye-kompressory/chekhiya/;Воздушные компрессоры Чехия;compressor;;4541;plain/catalog__vozdushnye-kompressory__chekhiya.html;schema/catalog__vozdushnye-kompressory__chekhiya.html
catalog__vozdushnye-kompressory__chicago-pneumatic;https://prokompressor.ru/catalog/vozdushnye-kompressory/chicago-pneumatic/;Винтовые компрессоры Chicago Pneumatic;compressor;;4707;plain/catalog__vozdushnye-kompressory__chicago-pneumatic.html;schema/catalog__vozdushnye-kompressory__chicago-pneumatic.html
catalog__vozdushnye-kompressory__chkz;https://prokompressor.ru/catalog/vozdushnye-kompressory/chkz/;Воздушные компрессоры ЧКЗ (CHKZ);compressor;;4896;plain/catalog__vozdushnye-kompressory__chkz.html;schema/catalog__vozdushnye-kompressory__chkz.html
catalog__vozdushnye-kompressory__coaire;https://prokompressor.ru/catalog/vozdushnye-kompressory/coaire/;Воздушные компрессоры Coaire;compressor;coaire;3886;plain/catalog__vozdushnye-kompressory__coaire.html;schema/catalog__vozdushnye-kompressory__coaire.html
catalog__vozdushnye-kompressory__comaro;https://prokompressor.ru/catalog/vozdushnye-kompressory/comaro/;Воздушные компрессоры Comaro;compressor;comaro;4396;plain/catalog__vozdushnye-kompressory__comaro.html;schema/catalog__vozdushnye-kompressory__comaro.html
catalog__vozdushnye-kompressory__comprag;https://prokompressor.ru/catalog/vozdushnye-kompressory/comprag/;Винтовые компрессоры Comprag;compressor;comprag;4996;plain/catalog__vozdushnye-kompressory__comprag.html;schema/catalog__vozdushnye-kompressory__comprag.html
catalog__vozdushnye-kompressory__cross-air;https://prokompressor.ru/catalog/vozdushnye-kompressory/cross-air/;Винтовые компрессоры Cross Air;compressor;cross_air;4429;plain/catalog__vozdushnye-kompressory__cross-air.html;schema/catalog__vozdushnye-kompressory__cross-air.html
catalog__vozdushnye-kompressory__dalgakiran;https://prokompressor.ru/catalog/vozdushnye-kompressory/dalgakiran/;Компрессоры Dalgakiran (Далгакиран);compressor;dalgakiran;4536;plain/catalog__vozdushnye-kompressory__dalgakiran.html;schema/catalog__vozdushnye-kompressory__dalgakiran.html
catalog__vozdushnye-kompressory__dali;https://prokompressor.ru/catalog/vozdushnye-kompressory/dali/;Винтовые компрессоры DALI (Дали);compressor;dali;4628;plain/catalog__vozdushnye-kompressory__dali.html;schema/catalog__vozdushnye-kompressory__dali.html
catalog__vozdushnye-kompressory__das;https://prokompressor.ru/catalog/vozdushnye-kompressory/das/;Воздушные компрессоры Das;compressor;das;4957;plain/catalog__vozdushnye-kompressory__das.html;schema/catalog__vozdushnye-kompressory__das.html
catalog__vozdushnye-kompressory__dlya-proizvodstva;https://prokompressor.ru/catalog/vozdushnye-kompressory/dlya-proizvodstva/;Компрессоры для производства;compressor;;4632;plain/catalog__vozdushnye-kompressory__dlya-proizvodstva.html;schema/catalog__vozdushnye-kompressory__dlya-proizvodstva.html
catalog__vozdushnye-kompressory__ekomak;https://prokompressor.ru/catalog/vozdushnye-kompressory/ekomak/;Винтовые компрессоры Ekomak (Экомак);compressor;ekomak;4894;plain/catalog__vozdushnye-kompressory__ekomak.html;schema/catalog__vozdushnye-kompressory__ekomak.html
catalog__vozdushnye-kompressory__enger;https://prokompressor.ru/catalog/vozdushnye-kompressory/enger/;Воздушные компрессоры ENGER;compressor;enger;4623;plain/catalog__vozdushnye-kompressory__enger.html;schema/catalog__vozdushnye-kompressory__enger.html
catalog__vozdushnye-kompressory__et-compressors;https://prokompressor.ru/catalog/vozdushnye-kompressory/et-compressors/;Воздушные компрессоры ET compressors;compressor;et_compressors;4972;plain/catalog__vozdushnye-kompressory__et-compressors.html;schema/catalog__vozdushnye-kompressory__et-compressors.html
catalog__vozdushnye-kompressory__fiac;https://prokompressor.ru/catalog/vozdushnye-kompressory/fiac/;Воздушные компрессоры FIAC (Фиак);compressor;fiac;4378;plain/catalog__vozdushnye-kompressory__fiac.html;schema/catalog__vozdushnye-kompressory__fiac.html
catalog__vozdushnye-kompressory__fini;https://prokompressor.ru/catalog/vozdushnye-kompressory/fini/;Воздушные компрессоры Fini;compressor;fini;4776;plain/catalog__vozdushnye-kompressory__fini.html;schema/catalog__vozdushnye-kompressory__fini.html
catalog__vozdushnye-kompressory__fubag;https://prokompressor.ru/catalog/vozdushnye-kompressory/fubag/;Воздушные компрессоры Fubag;compressor;fubag;4731;plain/catalog__vozdushnye-kompressory__fubag.html;schema/catalog__vozdushnye-kompressory__fubag.html
catalog__vozdushnye-kompressory__germaniya-rossiya;https://prokompressor.ru/catalog/vozdushnye-kompressory/germaniya-rossiya/;Воздушные компрессоры Германия-Россия;compressor;;4357;plain/catalog__vozdushnye-kompressory__germaniya-rossiya.html;schema/catalog__vozdushnye-kompressory__germaniya-rossiya.html
catalog__vozdushnye-kompressory__germaniya;https://prokompressor.ru/catalog/vozdushnye-kompressory/germaniya/;Воздушные компрессоры Германия;compressor;;4775;plain/catalog__vozdushnye-kompressory__germaniya.html;schema/catalog__vozdushnye-kompressory__germaniya.html
catalog__vozdushnye-kompressory__global;https://prokompressor.ru/catalog/vozdushnye-kompressory/global/;Воздушные компрессоры Global;compressor;global;3896;plain/catalog__vozdushnye-kompressory__global.html;schema/catalog__vozdushnye-kompressory__global.html
catalog__vozdushnye-kompressory__gretsiya;https://prokompressor.ru/catalog/vozdushnye-kompressory/gretsiya/;Воздушные компрессоры Греция;compressor;;3998;plain/catalog__vozdushnye-kompressory__gretsiya.html;schema/catalog__vozdushnye-kompressory__gretsiya.html
catalog__vozdushnye-kompressory__habe;https://prokompressor.ru/catalog/vozdushnye-kompressory/habe/;Воздушные компрессоры Habe;compressor;habe;4469;plain/catalog__vozdushnye-kompressory__habe.html;schema/catalog__vozdushnye-kompressory__habe.html
catalog__vozdushnye-kompressory__hansmann;https://prokompressor.ru/catalog/vozdushnye-kompressory/hansmann/;Винтовые компрессоры Hansmann;compressor;hansmann;4468;plain/catalog__vozdushnye-kompressory__hansmann.html;schema/catalog__vozdushnye-kompressory__hansmann.html
catalog__vozdushnye-kompressory__harrison;https://prokompressor.ru/catalog/vozdushnye-kompressory/harrison/;Воздушные компрессоры Harrison;compressor;harrison;4584;plain/catalog__vozdushnye-kompressory__harrison.html;schema/catalog__vozdushnye-kompressory__harrison.html
catalog__vozdushnye-kompressory__hori;https://prokompressor.ru/catalog/vozdushnye-kompressory/hori/;Воздушные компрессоры Hori Wing;compressor;hori;4653;plain/catalog__vozdushnye-kompressory__hori.html;schema/catalog__vozdushnye-kompressory__hori.html
catalog__vozdushnye-kompressory__ingersoll-rand;https://prokompressor.ru/catalog/vozdushnye-kompressory/ingersoll-rand/;Воздушные компрессоры Ingersoll Rand;compressor;ingersoll_rand;4877;plain/catalog__vozdushnye-kompressory__ingersoll-rand.html;schema/catalog__vozdushnye-kompressory__ingersoll-rand.html
catalog__vozdushnye-kompressory__ingro;https://prokompressor.ru/catalog/vozdushnye-kompressory/ingro/;Винтовые компрессоры INGRO;compressor;ingro;4554;plain/catalog__vozdushnye-kompressory__ingro.html;schema/catalog__vozdushnye-kompressory__ingro.html
catalog__vozdushnye-kompressory__ironmac;https://prokompressor.ru/catalog/vozdushnye-kompressory/ironmac/;Воздушные компрессоры Ironmac (Айронмак);compressor;ironmac;4625;plain/catalog__vozdushnye-kompressory__ironmac.html;schema/catalog__vozdushnye-kompressory__ironmac.html
catalog__vozdushnye-kompressory__italiya-kitay;https://prokompressor.ru/catalog/vozdushnye-kompressory/italiya-kitay/;Воздушные компрессоры Италия-Китай;compressor;;4859;plain/catalog__vozdushnye-kompressory__italiya-kitay.html;schema/catalog__vozdushnye-kompressory__italiya-kitay.html
catalog__vozdushnye-kompressory__italiya;https://prokompressor.ru/catalog/vozdushnye-kompressory/italiya/;Итальянские воздушные компрессоры;compressor;;4047;plain/catalog__vozdushnye-kompressory__italiya.html;schema/catalog__vozdushnye-kompressory__italiya.html
catalog__vozdushnye-kompressory__kaeser;https://prokompressor.ru/catalog/vozdushnye-kompressory/kaeser/;Воздушные компрессоры Кайзер (Kaeser);compressor;kaeser;4827;plain/catalog__vozdushnye-kompressory__kaeser.html;schema/catalog__vozdushnye-kompressory__kaeser.html
catalog__vozdushnye-kompressory__kitay;https://prokompressor.ru/catalog/vozdushnye-kompressory/kitay/;Китайские воздушные компрессоры;compressor;;4540;plain/catalog__vozdushnye-kompressory__kitay.html;schema/catalog__vozdushnye-kompressory__kitay.html
catalog__vozdushnye-kompressory__kompressory-10-bar;https://prokompressor.ru/catalog/vozdushnye-kompressory/kompressory-10-bar/;Воздушные компрессоры 10 бар;compressor;;4846;plain/catalog__vozdushnye-kompressory__kompressory-10-bar.html;schema/catalog__vozdushnye-kompressory__kompressory-10-bar.html
catalog__vozdushnye-kompressory__kompressory-1000-l-min;https://prokompressor.ru/catalog/vozdushnye-kompressory/kompressory-1000-l-min/;Воздушные компрессоры 1000 л/мин (1 м3/мин);compressor;;4543;plain/catalog__vozdushnye-kompressory__kompressory-1000-l-min.html;schema/catalog__vozdushnye-kompressory__kompressory-1000-l-min.html
catalog__vozdushnye-kompressory__kompressory-10000-l-min;https://prokompressor.ru/catalog/vozdushnye-kompressory/kompressory-10000-l-min/;Воздушные компрессоры 10 м³/мин (10000 л/мин);compressor;;4624;plain/catalog__vozdushnye-kompressory__kompressory-10000-l-min.html;schema/catalog__vozdushnye-kompressory__kompressory-10000-l-min.html
catalog__vozdushnye-kompressory__kompressory-12-bar;https://prokompressor.ru/catalog/vozdushnye-kompressory/kompressory-12-bar/;Воздушные компрессоры 12 бар;compressor;;4796;plain/catalog__vozdushnye-kompressory__kompressory-12-bar.html;schema/catalog__vozdushnye-kompressory__kompressory-12-bar.html
catalog__vozdushnye-kompressory__kompressory-12000-l-min;https://prokompressor.ru/catalog/vozdushnye-kompressory/kompressory-12000-l-min/;Воздушные компрессоры 12000 л/мин (12 м³/мин);compressor;;4731;plain/catalog__vozdushnye-kompressory__kompressory-12000-l-min.html;schema/catalog__vozdushnye-kompressory__kompressory-12000-l-min.html
catalog__vozdushnye-kompressory__kompressory-13-bar;https://prokompressor.ru/catalog/vozdushnye-kompressory/kompressory-13-bar/;Компрессоры с рабочим давлением 13 бар;compressor;;4443;plain/catalog__vozdushnye-kompressory__kompressory-13-bar.html;schema/catalog__vozdushnye-kompressory__kompressory-13-bar.html
catalog__vozdushnye-kompressory__kompressory-15-bar;https://prokompressor.ru/catalog/vozdushnye-kompressory/kompressory-15-bar/;Компрессоры с рабочим давлением 15 бар;compressor;;4586;plain/catalog__vozdushnye-kompressory__kompressory-15-bar.html;schema/catalog__vozdushnye-kompressory__kompressory-15-bar.html
catalog__vozdushnye-kompressory__kompressory-1500-l-min;https://prokompressor.ru/catalog/vozdushnye-kompressory/kompressory-1500-l-min/;Воздушные компрессоры 1,5 м³/мин (1500 л/мин);compressor;;4242;plain/catalog__vozdushnye-kompressory__kompressory-1500-l-min.html;schema/catalog__vozdushnye-kompressory__kompressory-1500-l-min.html
catalog__vozdushnye-kompressory__kompressory-15000-l-min;https://prokompressor.ru/catalog/vozdushnye-kompressory/kompressory-15000-l-min/;Воздушные компрессоры 15 м³/мин (15000 л/мин);compressor;;4375;plain/catalog__vozdushnye-kompressory__kompressory-15000-l-min.html;schema/catalog__vozdushnye-kompressory__kompressory-15000-l-min.html
catalog__vozdushnye-kompressory__kompressory-16-bar;https://prokompressor.ru/catalog/vozdushnye-kompressory/kompressory-16-bar/;Компрессоры 16 бар;compressor;;4849;plain/catalog__vozdushnye-kompressory__kompressory-16-bar.html;schema/catalog__vozdushnye-kompressory__kompressory-16-bar.html
catalog__vozdushnye-kompressory__kompressory-20-bar;https://prokompressor.ru/catalog/vozdushnye-kompressory/kompressory-20-bar/;Воздушные компрессоры 20 бар;compressor;;4774;plain/catalog__vozdushnye-kompressory__kompressory-20-bar.html;schema/catalog__vozdushnye-kompressory__kompressory-20-bar.html
catalog__vozdushnye-kompressory__kompressory-200-bar;https://prokompressor.ru/catalog/vozdushnye-kompressory/kompressory-200-bar/;Компрессоры с рабочим давлением 200 бар;compressor;;4886;plain/catalog__vozdushnye-kompressory__kompressory-200-bar.html;schema/catalog__vozdushnye-kompressory__kompressory-200-bar.html
catalog__vozdushnye-kompressory__kompressory-2000-l-min;https://prokompressor.ru/catalog/vozdushnye-kompressory/kompressory-2000-l-min/;Винтовые компрессоры 2 м3/мин (2000 л/мин);compressor;;4266;plain/catalog__vozdushnye-kompressory__kompressory-2000-l-min.html;schema/catalog__vozdushnye-kompressory__kompressory-2000-l-min.html
catalog__vozdushnye-kompressory__kompressory-20000-l-min;https://prokompressor.ru/catalog/vozdushnye-kompressory/kompressory-20000-l-min/;Компрессоры 20 м3/мин (20000 л/мин);compressor;;4768;plain/catalog__vozdushnye-kompressory__kompressory-20000-l-min.html;schema/catalog__vozdushnye-kompressory__kompressory-20000-l-min.html
catalog__vozdushnye-kompressory__kompressory-23000-l-min;https://prokompressor.ru/catalog/vozdushnye-kompressory/kompressory-23000-l-min/;Воздушные компрессоры 23 м³/мин (23000 л/мин);compressor;;4645;plain/catalog__vozdushnye-kompressory__kompressory-23000-l-min.html;schema/catalog__vozdushnye-kompressory__kompressory-23000-l-min.html
catalog__vozdushnye-kompressory__kompressory-25-bar;https://prokompressor.ru/catalog/vozdushnye-kompressory/kompressory-25-bar/;Компрессоры с рабочим давлением 25 бар;compressor;;4361;plain/catalog__vozdushnye-kompressory__kompressory-25-bar.html;schema/catalog__vozdushnye-kompressory__kompressory-25-bar.html
catalog__vozdushnye-kompressory__kompressory-25000-l-min;https://prokompressor.ru/catalog/vozdushnye-kompressory/kompressory-25000-l-min/;Воздушные компрессоры 25 м³/мин (25000 л/мин);compressor;;4734;plain/catalog__vozdushnye-kompressory__kompressory-25000-l-min.html;schema/catalog__vozdushnye-kompressory__kompressory-25000-l-min.html
catalog__vozdushnye-kompressory__kompressory-30-bar;https://prokompressor.ru/catalog/vozdushnye-kompressory/kompressory-30-bar/;Компрессоры с рабочим давлением 30 бар;compressor;;4801;plain/catalog__vozdushnye-kompressory__kompressory-30-bar.html;schema/catalog__vozdushnye-kompressory__kompressory-30-bar.html
catalog__vozdushnye-kompressory__kompressory-300-bar;https://prokompressor.ru/catalog/vozdushnye-kompressory/kompressory-300-bar/;Компрессоры высокого давления 300 бар;compressor;;3840;plain/catalog__vozdushnye-kompressory__kompressory-300-bar.html;schema/catalog__vozdushnye-kompressory__kompressory-300-bar.html
catalog__vozdushnye-kompressory__kompressory-3000-l-min;https://prokompressor.ru/catalog/vozdushnye-kompressory/kompressory-3000-l-min/;Компрессоры 3 м3/мин (3000 л/мин);compressor;;4466;plain/catalog__vozdushnye-kompressory__kompressory-3000-l-min.html;schema/catalog__vozdushnye-kompressory__kompressory-3000-l-min.html
catalog__vozdushnye-kompressory__kompressory-30000-l-min;https://prokompressor.ru/catalog/vozdushnye-kompressory/kompressory-30000-l-min/;Воздушные компрессоры 30 м3/мин (30000 л/мин);compressor;;4959;plain/catalog__vozdushnye-kompressory__kompressory-30000-l-min.html;schema/catalog__vozdushnye-kompressory__kompressory-30000-l-min.html
catalog__vozdushnye-kompressory__kompressory-3500-l-min;https://prokompressor.ru/catalog/vozdushnye-kompressory/kompressory-3500-l-min/;Компрессоры 3500 л/мин (3,5 м3/мин);compressor;;4000;plain/catalog__vozdushnye-kompressory__kompressory-3500-l-min.html;schema/catalog__vozdushnye-kompressory__kompressory-3500-l-min.html
catalog__vozdushnye-kompressory__kompressory-40-bar;https://prokompressor.ru/catalog/vozdushnye-kompressory/kompressory-40-bar/;Компрессоры 40 бар;compressor;;4024;plain/catalog__vozdushnye-kompressory__kompressory-40-bar.html;schema/catalog__vozdushnye-kompressory__kompressory-40-bar.html
catalog__vozdushnye-kompressory__kompressory-45000-l-min;https://prokompressor.ru/catalog/vozdushnye-kompressory/kompressory-45000-l-min/;Компрессоры производительностью 45 м³/мин (45000 л/мин);compressor;;4782;plain/catalog__vozdushnye-kompressory__kompressory-45000-l-min.html;schema/catalog__vozdushnye-kompressory__kompressory-45000-l-min.html
catalog__vozdushnye-kompressory__kompressory-5-bar;https://prokompressor.ru/catalog/vozdushnye-kompressory/kompressory-5-bar/;Воздушные компрессоры 5 бар;compressor;;4548;plain/catalog__vozdushnye-kompressory__kompressory-5-bar.html;schema/catalog__vozdushnye-kompressory__kompressory-5-bar.html
catalog__vozdushnye-kompressory__kompressory-500-l-min;https://prokompressor.ru/catalog/vozdushnye-kompressory/kompressory-500-l-min/;Воздушные компрессоры 500 л/мин (0,5 м³/мин);compressor;;4326;plain/catalog__vozdushnye-kompressory__kompressory-500-l-min.html;schema/catalog__vozdushnye-kompressory__kompressory-500-l-min.html
catalog__vozdushnye-kompressory__kompressory-5000-l-min;https://prokompressor.ru/catalog/vozdushnye-kompressory/kompressory-5000-l-min/;Компрессоры 5 м³/мин (5000 л/мин);compressor;;4990;plain/catalog__vozdushnye-kompressory__kompressory-5000-l-min.html;schema/catalog__vozdushnye-kompressory__kompressory-5000-l-min.html
catalog__vozdushnye-kompressory__kompressory-50000-l-min;https://prokompressor.ru/catalog/vozdushnye-kompressory/kompressory-50000-l-min/;Воздушные компрессоры 50000 л/мин (50 м3/мин);compressor;;4999;plain/catalog__vozdushnye-kompressory__kompressory-50000-l-min.html;schema/catalog__vozdushnye-kompressory__kompressory-50000-l-min.html
catalog__vozdushnye-kompressory__kompressory-6-bar;https://prokompressor.ru/catalog/vozdushnye-kompressory/kompressory-6-bar/;Воздушные компрессоры 6 бар;compressor;;4530;plain/catalog__vozdushnye-kompressory__kompressory-6-bar.html;schema/catalog__vozdushnye-kompressory__kompressory-6-bar.html
catalog__vozdushnye-kompressory__kompressory-600-l-min;https://prokompressor.ru/catalog/vozdushnye-kompressory/kompressory-600-l-min/;Воздушные компрессоры 600 л/мин (0,6 м3/мин);compressor;;4588;plain/catalog__vozdushnye-kompressory__kompressory-600-l-min.html;schema/catalog__vozdushnye-kompressory__kompressory-600-l-min.html
catalog__vozdushnye-kompressory__kompressory-6000-l-min;https://prokompressor.ru/catalog/vozdushnye-kompressory/kompressory-6000-l-min/;Купить компрессоры 6000 л/мин (6 м³/мин) - цены и доставка по РФ;compressor;;4603;plain/catalog__vozdushnye-kompressory__kompressory-6000-l-min.html;schema/catalog__vozdushnye-kompressory__kompressory-6000-l-min.html
catalog__vozdushnye-kompressory__kompressory-7-bar;https://prokompressor.ru/catalog/vozdushnye-kompressory/kompressory-7-bar/;Компрессоры с рабочим давлением 7 бар;compressor;;4840;plain/catalog__vozdushnye-kompressory__kompressory-7-bar.html;schema/catalog__vozdushnye-kompressory__kompressory-7-bar.html
catalog__vozdushnye-kompressory__kompressory-700-l-min;https://prokompressor.ru/catalog/vozdushnye-kompressory/kompressory-700-l-min/;Воздушные компрессоры 700 л/мин 0,7 м³/мин;compressor;;4788;plain/catalog__vozdushnye-kompressory__kompressory-700-l-min.html;schema/catalog__vozdushnye-kompressory__kompressory-700-l-min.html
catalog__vozdushnye-kompressory__kompressory-7000-l-min;https://prokompressor.ru/catalog/vozdushnye-kompressory/kompressory-7000-l-min/;Воздушные компрессоры 7 м3/мин (7000 л/мин);compressor;;4917;plain/catalog__vozdushnye-kompressory__kompressory-7000-l-min.html;schema/catalog__vozdushnye-kompressory__kompressory-7000-l-min.html
catalog__vozdushnye-kompressory__kompressory-8-bar;https://prokompressor.ru/catalog/vozdushnye-kompressory/kompressory-8-bar/;Воздушные компрессоры 8 бар;compressor;;4156;plain/catalog__vozdushnye-kompressory__kompressory-8-bar.html;schema/catalog__vozdushnye-kompressory__kompressory-8-bar.html
catalog__vozdushnye-kompressory__kompressory-800-l-min;https://prokompressor.ru/catalog/vozdushnye-kompressory/kompressory-800-l-min/;Воздушные компрессоры 800 л/мин (0,8 м³/мин);compressor;;4301;plain/catalog__vozdushnye-kompressory__kompressory-800-l-min.html;schema/catalog__vozdushnye-kompressory__kompressory-800-l-min.html
catalog__vozdushnye-kompressory__kompressory-900-l-min;https://prokompressor.ru/catalog/vozdushnye-kompressory/kompressory-900-l-min/;Воздушные компрессоры 900 л/мин (0,9 м3/мин);compressor;;4772;plain/catalog__vozdushnye-kompressory__kompressory-900-l-min.html;schema/catalog__vozdushnye-kompressory__kompressory-900-l-min.html
catalog__vozdushnye-kompressory__kompressory-bazovoe-ispolnenie;https://prokompressor.ru/catalog/vozdushnye-kompressory/kompressory-bazovoe-ispolnenie/;Воздушные компрессоры базового исполнения;compressor;;3999;plain/catalog__vozdushnye-kompressory__kompressory-bazovoe-ispolnenie.html;schema/catalog__vozdushnye-kompressory__kompressory-bazovoe-ispolnenie.html
catalog__vozdushnye-kompressory__kompressory-bezmaslyanye;https://prokompressor.ru/catalog/vozdushnye-kompressory/kompressory-bezmaslyanye/;Безмасляные воздушные компрессоры;compressor;;4693;plain/catalog__vozdushnye-kompressory__kompressory-bezmaslyanye.html;schema/catalog__vozdushnye-kompressory__kompressory-bezmaslyanye.html
catalog__vozdushnye-kompressory__kompressory-maslyanye;https://prokompressor.ru/catalog/vozdushnye-kompressory/kompressory-maslyanye/;Воздушные масляные компрессоры;compressor;;4887;plain/catalog__vozdushnye-kompressory__kompressory-maslyanye.html;schema/catalog__vozdushnye-kompressory__kompressory-maslyanye.html
catalog__vozdushnye-kompressory__kompressory-na-resivere-s-osushitelem;https://prokompressor.ru/catalog/vozdushnye-kompressory/kompressory-na-resivere-s-osushitelem/;Воздушные компрессоры на ресивере с осушителем;compressor;;4986;plain/catalog__vozdushnye-kompressory__kompressory-na-resivere-s-osushitelem.html;schema/catalog__vozdushnye-kompressory__kompressory-na-resivere-s-osushitelem.html
catalog__vozdushnye-kompressory__kompressory-na-resivere;https://prokompressor.ru/catalog/vozdushnye-kompressory/kompressory-na-resivere/;Воздушные компрессоры на ресивере;compressor;;4403;plain/catalog__vozdushnye-kompressory__kompressory-na-resivere.html;schema/catalog__vozdushnye-kompressory__kompressory-na-resivere.html
catalog__vozdushnye-kompressory__kompressory-s-resiverom-200-l;https://prokompressor.ru/catalog/vozdushnye-kompressory/kompressory-s-resiverom-200-l/;Компрессоры с ресивером 200 л;compressor;;4741;plain/catalog__vozdushnye-kompressory__kompressory-s-resiverom-200-l.html;schema/catalog__vozdushnye-kompressory__kompressory-s-resiverom-200-l.html
catalog__vozdushnye-kompressory__kompressory-s-resiverom-250-l;https://prokompressor.ru/catalog/vozdushnye-kompressory/kompressory-s-resiverom-250-l/;Компрессоры с ресивером 250 л;compressor;;4794;plain/catalog__vozdushnye-kompressory__kompressory-s-resiverom-250-l.html;schema/catalog__vozdushnye-kompressory__kompressory-s-resiverom-250-l.html
catalog__vozdushnye-kompressory__kompressory-s-resiverom-400-l;https://prokompressor.ru/catalog/vozdushnye-kompressory/kompressory-s-resiverom-400-l/;Компрессоры с ресивером 400 л;compressor;;4712;plain/catalog__vozdushnye-kompressory__kompressory-s-resiverom-400-l.html;schema/catalog__vozdushnye-kompressory__kompressory-s-resiverom-400-l.html
catalog__vozdushnye-kompressory__kompressory-s-resiverom-450-l;https://prokompressor.ru/catalog/vozdushnye-kompressory/kompressory-s-resiverom-450-l/;Компрессоры с ресивером 450 л;compressor;;4413;plain/catalog__vozdushnye-kompressory__kompressory-s-resiverom-450-l.html;schema/catalog__vozdushnye-kompressory__kompressory-s-resiverom-450-l.html
catalog__vozdushnye-kompressory__kompressory-s-resiverom-500-l;https://prokompressor.ru/catalog/vozdushnye-kompressory/kompressory-s-resiverom-500-l/;Компрессоры с ресивером 500 л;compressor;;4695;plain/catalog__vozdushnye-kompressory__kompressory-s-resiverom-500-l.html;schema/catalog__vozdushnye-kompressory__kompressory-s-resiverom-500-l.html
catalog__vozdushnye-kompressory__koreya;https://prokompressor.ru/catalog/vozdushnye-kompressory/koreya/;Воздушные компрессоры Корея;compressor;;4700;plain/catalog__vozdushnye-kompressory__koreya.html;schema/catalog__vozdushnye-kompressory__koreya.html
catalog__vozdushnye-kompressory__kraftmachine;https://prokompressor.ru/catalog/vozdushnye-kompressory/kraftmachine/;Воздушные компрессоры KraftMachine;compressor;kraftmachine;4851;plain/catalog__vozdushnye-kompressory__kraftmachine.html;schema/catalog__vozdushnye-kompressory__kraftmachine.html
catalog__vozdushnye-kompressory__kraftmann;https://prokompressor.ru/catalog/vozdushnye-kompressory/kraftmann/;Компрессоры KRAFTMANN для предприятий;compressor;kraftmann;4770;plain/catalog__vozdushnye-kompressory__kraftmann.html;schema/catalog__vozdushnye-kompressory__kraftmann.html
catalog__vozdushnye-kompressory__lupamat;https://prokompressor.ru/catalog/vozdushnye-kompressory/lupamat/;Винтовые компрессоры LUPAMAT;compressor;lupamat;4502;plain/catalog__vozdushnye-kompressory__lupamat.html;schema/catalog__vozdushnye-kompressory__lupamat.html
catalog__vozdushnye-kompressory__magnus;https://prokompressor.ru/catalog/vozdushnye-kompressory/magnus/;Воздушные компрессоры MAGNUS;compressor;magnus;4895;plain/catalog__vozdushnye-kompressory__magnus.html;schema/catalog__vozdushnye-kompressory__magnus.html
catalog__vozdushnye-kompressory__mark;https://prokompressor.ru/catalog/vozdushnye-kompressory/mark/;Винтовые компрессоры MARK;compressor;mark;4743;plain/catalog__vozdushnye-kompressory__mark.html;schema/catalog__vozdushnye-kompressory__mark.html
catalog__vozdushnye-kompressory__master-blast-;https://prokompressor.ru/catalog/vozdushnye-kompressory/master-blast-/;Воздушные компрессоры Master Blast;compressor;master_blast;4516;plain/catalog__vozdushnye-kompressory__master-blast-.html;schema/catalog__vozdushnye-kompressory__master-blast-.html
catalog__vozdushnye-kompressory__minskiy-motornyy-zavod;https://prokompressor.ru/catalog/vozdushnye-kompressory/minskiy-motornyy-zavod/;Воздушные компрессоры ММЗ;compressor;;4300;plain/catalog__vozdushnye-kompressory__minskiy-motornyy-zavod.html;schema/catalog__vozdushnye-kompressory__minskiy-motornyy-zavod.html
catalog__vozdushnye-kompressory__ozen;https://prokompressor.ru/catalog/vozdushnye-kompressory/ozen/;Воздушные компрессоры OZEN;compressor;ozen;4305;plain/catalog__vozdushnye-kompressory__ozen.html;schema/catalog__vozdushnye-kompressory__ozen.html
catalog__vozdushnye-kompressory__paramina;https://prokompressor.ru/catalog/vozdushnye-kompressory/paramina/;Воздушные компрессоры Paramina;compressor;paramina;4878;plain/catalog__vozdushnye-kompressory__paramina.html;schema/catalog__vozdushnye-kompressory__paramina.html
catalog__vozdushnye-kompressory__po-komplektatsii;https://prokompressor.ru/catalog/vozdushnye-kompressory/po-komplektatsii/;Компрессоры по комплектации;compressor;;4848;plain/catalog__vozdushnye-kompressory__po-komplektatsii.html;schema/catalog__vozdushnye-kompressory__po-komplektatsii.html
catalog__vozdushnye-kompressory__po-naznacheniyu;https://prokompressor.ru/catalog/vozdushnye-kompressory/po-naznacheniyu/;Компрессоры по назначению;compressor;;4430;plain/catalog__vozdushnye-kompressory__po-naznacheniyu.html;schema/catalog__vozdushnye-kompressory__po-naznacheniyu.html
catalog__vozdushnye-kompressory__po-obemu-resivera;https://prokompressor.ru/catalog/vozdushnye-kompressory/po-obemu-resivera/;Воздушные компрессоры;compressor;;4438;plain/catalog__vozdushnye-kompressory__po-obemu-resivera.html;schema/catalog__vozdushnye-kompressory__po-obemu-resivera.html
catalog__vozdushnye-kompressory__po-tipu-privoda;https://prokompressor.ru/catalog/vozdushnye-kompressory/po-tipu-privoda/;Воздушные компрессоры;compressor;;4378;plain/catalog__vozdushnye-kompressory__po-tipu-privoda.html;schema/catalog__vozdushnye-kompressory__po-tipu-privoda.html
catalog__vozdushnye-kompressory__po-tipu-smazki;https://prokompressor.ru/catalog/vozdushnye-kompressory/po-tipu-smazki/;Воздушные компрессоры;compressor;;4297;plain/catalog__vozdushnye-kompressory__po-tipu-smazki.html;schema/catalog__vozdushnye-kompressory__po-tipu-smazki.html
catalog__vozdushnye-kompressory__po-tipu;https://prokompressor.ru/catalog/vozdushnye-kompressory/po-tipu/;Воздушные компрессоры по типу;compressor;;4674;plain/catalog__vozdushnye-kompressory__po-tipu.html;schema/catalog__vozdushnye-kompressory__po-tipu.html
catalog__vozdushnye-kompressory__polsha;https://prokompressor.ru/catalog/vozdushnye-kompressory/polsha/;Воздушные компрессоры Польша;compressor;;4070;plain/catalog__vozdushnye-kompressory__polsha.html;schema/catalog__vozdushnye-kompressory__polsha.html
catalog__vozdushnye-kompressory__promyshlennye;https://prokompressor.ru/catalog/vozdushnye-kompressory/promyshlennye/;Компрессоры промышленные;compressor;;4184;plain/catalog__vozdushnye-kompressory__promyshlennye.html;schema/catalog__vozdushnye-kompressory__promyshlennye.html
catalog__vozdushnye-kompressory__remeza;https://prokompressor.ru/catalog/vozdushnye-kompressory/remeza/;Воздушные компрессоры Remeza (Ремеза);compressor;remeza;4380;plain/catalog__vozdushnye-kompressory__remeza.html;schema/catalog__vozdushnye-kompressory__remeza.html
catalog__vozdushnye-kompressory__renner;https://prokompressor.ru/catalog/vozdushnye-kompressory/renner/;Воздушные компрессоры Renner (Реннер);compressor;renner;4679;plain/catalog__vozdushnye-kompressory__renner.html;schema/catalog__vozdushnye-kompressory__renner.html
catalog__vozdushnye-kompressory__rkz;https://prokompressor.ru/catalog/vozdushnye-kompressory/rkz/;Воздушные компрессоры РКЗ;compressor;rkz;4791;plain/catalog__vozdushnye-kompressory__rkz.html;schema/catalog__vozdushnye-kompressory__rkz.html
catalog__vozdushnye-kompressory__robuschi;https://prokompressor.ru/catalog/vozdushnye-kompressory/robuschi/;Воздушные компрессоры Robuschi (Робуши);compressor;robuschi;4126;plain/catalog__vozdushnye-kompressory__robuschi.html;schema/catalog__vozdushnye-kompressory__robuschi.html
catalog__vozdushnye-kompressory__rossiya;https://prokompressor.ru/catalog/vozdushnye-kompressory/rossiya/;Воздушные компрессоры Россия;compressor;;4942;plain/catalog__vozdushnye-kompressory__rossiya.html;schema/catalog__vozdushnye-kompressory__rossiya.html
catalog__vozdushnye-kompressory__sas;https://prokompressor.ru/catalog/vozdushnye-kompressory/sas/;Воздушные компрессоры СаС;compressor;;4947;plain/catalog__vozdushnye-kompressory__sas.html;schema/catalog__vozdushnye-kompressory__sas.html
catalog__vozdushnye-kompressory__shvetsiya;https://prokompressor.ru/catalog/vozdushnye-kompressory/shvetsiya/;Воздушные компрессоры Швеция;compressor;;3615;plain/catalog__vozdushnye-kompressory__shvetsiya.html;schema/catalog__vozdushnye-kompressory__shvetsiya.html
catalog__vozdushnye-kompressory__souair;https://prokompressor.ru/catalog/vozdushnye-kompressory/souair/;Воздушные компрессоры SOUAIR;compressor;souair;4223;plain/catalog__vozdushnye-kompressory__souair.html;schema/catalog__vozdushnye-kompressory__souair.html
catalog__vozdushnye-kompressory__spitzenreiter;https://prokompressor.ru/catalog/vozdushnye-kompressory/spitzenreiter/;Воздушные компрессоры Шпиценрайтер (SPITZENREITER);compressor;spitzenreiter;4420;plain/catalog__vozdushnye-kompressory__spitzenreiter.html;schema/catalog__vozdushnye-kompressory__spitzenreiter.html
catalog__vozdushnye-kompressory__ssha;https://prokompressor.ru/catalog/vozdushnye-kompressory/ssha/;Воздушные компрессоры США;compressor;;4746;plain/catalog__vozdushnye-kompressory__ssha.html;schema/catalog__vozdushnye-kompressory__ssha.html
catalog__vozdushnye-kompressory__sullair;https://prokompressor.ru/catalog/vozdushnye-kompressory/sullair/;Воздушные компрессоры Sullair;compressor;sullair;4132;plain/catalog__vozdushnye-kompressory__sullair.html;schema/catalog__vozdushnye-kompressory__sullair.html
catalog__vozdushnye-kompressory__tamsan;https://prokompressor.ru/catalog/vozdushnye-kompressory/tamsan/;Воздушные компрессоры Tamsan;compressor;tamsan;3858;plain/catalog__vozdushnye-kompressory__tamsan.html;schema/catalog__vozdushnye-kompressory__tamsan.html
catalog__vozdushnye-kompressory__turtsiya-belgiya;https://prokompressor.ru/catalog/vozdushnye-kompressory/turtsiya-belgiya/;Воздушные компрессоры Турция-Бельгия;compressor;;4663;plain/catalog__vozdushnye-kompressory__turtsiya-belgiya.html;schema/catalog__vozdushnye-kompressory__turtsiya-belgiya.html
catalog__vozdushnye-kompressory__turtsiya;https://prokompressor.ru/catalog/vozdushnye-kompressory/turtsiya/;Воздушные компрессоры из Турции;compressor;;3920;plain/catalog__vozdushnye-kompressory__turtsiya.html;schema/catalog__vozdushnye-kompressory__turtsiya.html
catalog__vozdushnye-kompressory__ultratech;https://prokompressor.ru/catalog/vozdushnye-kompressory/ultratech/;Воздушные компрессоры ULTRATECH (Ультратех);compressor;ultratech;4464;plain/catalog__vozdushnye-kompressory__ultratech.html;schema/catalog__vozdushnye-kompressory__ultratech.html
catalog__vozdushnye-kompressory__versus-kompressoren;https://prokompressor.ru/catalog/vozdushnye-kompressory/versus-kompressoren/;Воздушные компрессоры Versus Kompressoren;compressor;;3998;plain/catalog__vozdushnye-kompressory__versus-kompressoren.html;schema/catalog__vozdushnye-kompressory__versus-kompressoren.html
catalog__vozdushnye-kompressory__yaponiya;https://prokompressor.ru/catalog/vozdushnye-kompressory/yaponiya/;Японские винтовые компрессоры;compressor;;4547;plain/catalog__vozdushnye-kompressory__yaponiya.html;schema/catalog__vozdushnye-kompressory__yaponiya.html
catalog__vozdushnye-kompressory__zammer;https://prokompressor.ru/catalog/vozdushnye-kompressory/zammer/;Воздушные компрессоры Zammer;compressor;zammer;4638;plain/catalog__vozdushnye-kompressory__zammer.html;schema/catalog__vozdushnye-kompressory__zammer.html
catalog__vozdushnye-kompressory__zega;https://prokompressor.ru/catalog/vozdushnye-kompressory/zega/;Воздушные компрессоры Zega;compressor;zega;3995;plain/catalog__vozdushnye-kompressory__zega.html;schema/catalog__vozdushnye-kompressory__zega.html
catalog__vozdushnye-kompressory__zif;https://prokompressor.ru/catalog/vozdushnye-kompressory/zif/;Компрессоры ЗИФ;compressor;zif;4903;plain/catalog__vozdushnye-kompressory__zif.html;schema/catalog__vozdushnye-kompressory__zif.html
catalog__zapasnye-chasti-i-raskhodniki__klapany;https://prokompressor.ru/catalog/zapasnye-chasti-i-raskhodniki/klapany/;Воздушные фильтры для компрессоров;spare_parts;klapany;4799;plain/catalog__zapasnye-chasti-i-raskhodniki__klapany.html;schema/catalog__zapasnye-chasti-i-raskhodniki__klapany.html
catalog__zapasnye-chasti-i-raskhodniki__komplekty-dlya-to;https://prokompressor.ru/catalog/zapasnye-chasti-i-raskhodniki/komplekty-dlya-to/;Воздушные фильтры для компрессоров;spare_parts;komplekty_dlya_to;3909;plain/catalog__zapasnye-chasti-i-raskhodniki__komplekty-dlya-to.html;schema/catalog__zapasnye-chasti-i-raskhodniki__komplekty-dlya-to.html
catalog__zapasnye-chasti-i-raskhodniki__kompressornoe-maslo;https://prokompressor.ru/catalog/zapasnye-chasti-i-raskhodniki/kompressornoe-maslo/;Воздушные фильтры для компрессоров;spare_parts;kompressornoe_maslo;4869;plain/catalog__zapasnye-chasti-i-raskhodniki__kompressornoe-maslo.html;schema/catalog__zapasnye-chasti-i-raskhodniki__kompressornoe-maslo.html
catalog__zapasnye-chasti-i-raskhodniki__kontrollery;https://prokompressor.ru/catalog/zapasnye-chasti-i-raskhodniki/kontrollery/;Воздушные фильтры для компрессоров;spare_parts;kontrollery;4950;plain/catalog__zapasnye-chasti-i-raskhodniki__kontrollery.html;schema/catalog__zapasnye-chasti-i-raskhodniki__kontrollery.html
catalog__zapasnye-chasti-i-raskhodniki__maslyanye-filtry;https://prokompressor.ru/catalog/zapasnye-chasti-i-raskhodniki/maslyanye-filtry/;Воздушные фильтры для компрессоров;spare_parts;maslyanye_filtry;4715;plain/catalog__zapasnye-chasti-i-raskhodniki__maslyanye-filtry.html;schema/catalog__zapasnye-chasti-i-raskhodniki__maslyanye-filtry.html
catalog__zapasnye-chasti-i-raskhodniki__mufty;https://prokompressor.ru/catalog/zapasnye-chasti-i-raskhodniki/mufty/;Воздушные фильтры для компрессоров;spare_parts;mufty;4585;plain/catalog__zapasnye-chasti-i-raskhodniki__mufty.html;schema/catalog__zapasnye-chasti-i-raskhodniki__mufty.html
catalog__zapasnye-chasti-i-raskhodniki__remkomplekty;https://prokompressor.ru/catalog/zapasnye-chasti-i-raskhodniki/remkomplekty/;Воздушные фильтры для компрессоров;spare_parts;remkomplekty;4736;plain/catalog__zapasnye-chasti-i-raskhodniki__remkomplekty.html;schema/catalog__zapasnye-chasti-i-raskhodniki__remkomplekty.html
catalog__zapasnye-chasti-i-raskhodniki__remni-dlya-kompressorov;https://prokompressor.ru/catalog/zapasnye-chasti-i-raskhodniki/remni-dlya-kompressorov/;Ремни для компрессоров;spare_parts;remni_dlya_kompressorov;4573;plain/catalog__zapasnye-chasti-i-raskhodniki__remni-dlya-kompressorov.html;schema/catalog__zapasnye-chasti-i-raskhodniki__remni-dlya-kompressorov.html
catalog__zapasnye-chasti-i-raskhodniki__separatory-maslootdeliteli;https://prokompressor.ru/catalog/zapasnye-chasti-i-raskhodniki/separatory-maslootdeliteli/;Воздушные фильтры для компрессоров;spare_parts;separatory_maslootdeliteli;4747;plain/catalog__zapasnye-chasti-i-raskhodniki__separatory-maslootdeliteli.html;schema/catalog__zapasnye-chasti-i-raskhodniki__separatory-maslootdeliteli.html
catalog__zapasnye-chasti-i-raskhodniki__shkivy;https://prokompressor.ru/catalog/zapasnye-chasti-i-raskhodniki/shkivy/;Воздушные фильтры для компрессоров;spare_parts;shkivy;4949;plain/catalog__zapasnye-chasti-i-raskhodniki__shkivy.html;schema/catalog__zapasnye-chasti-i-raskhodniki__shkivy.html
catalog__zapasnye-chasti-i-raskhodniki__vintovye-bloki;https://prokompressor.ru/catalog/zapasnye-chasti-i-raskhodniki/vintovye-bloki/;Винтовые блоки для компрессоров;spare_parts;vintovye_bloki;4347;plain/catalog__zapasnye-chasti-i-raskhodniki__vintovye-bloki.html;schema/catalog__zapasnye-chasti-i-raskhodniki__vintovye-bloki.html
catalog__zapasnye-chasti-i-raskhodniki__vozdushnye-filtry;https://prokompressor.ru/catalog/zapasnye-chasti-i-raskhodniki/vozdushnye-filtry/;Воздушные фильтры для компрессоров;spare_parts;vozdushnye_filtry;4456;plain/catalog__zapasnye-chasti-i-raskhodniki__vozdushnye-filtry.html;schema/catalog__zapasnye-chasti-i-raskhodniki__vozdushnye-filtry.html
enger_2__goryachey-regeneratsii-s-vozdukhoduvkoy__bez-okhlazhdeniya;https://prokompressor.ru/catalog/osushiteli/adsorbtsionnye/enger_2/goryachey-regeneratsii-s-vozdukhoduvkoy/bez-okhlazhdeniya/;Адсорбционные осушители горячей регенерации без дополнительного охлаждения;ads_dryer;bez_okhlazhdeniya;4954;plain/enger_2__goryachey-regeneratsii-s-vozdukhoduvkoy__bez-okhlazhdeniya.html;schema/enger_2__goryachey-regeneratsii-s-vozdukhoduvkoy__bez-okhlazhdeniya.html
enger_2__goryachey-regeneratsii-s-vozdukhoduvkoy__s-vodyanym-okhlazhdeniem;https://prokompressor.ru/catalog/osushiteli/adsorbtsionnye/enger_2/goryachey-regeneratsii-s-vozdukhoduvkoy/s-vodyanym-okhlazhdeniem/;Адсорбционные осушители горячей регенерации с водяным охлаждением;ads_dryer;s_vodyanym_okhlazhdeniem;4606;plain/enger_2__goryachey-regeneratsii-s-vozdukhoduvkoy__s-vodyanym-okhlazhdeniem.html;schema/enger_2__goryachey-regeneratsii-s-vozdukhoduvkoy__s-vodyanym-okhlazhdeniem.html
enger_2__goryachey-regeneratsii-s-vozdukhoduvkoy__s-vozdushnym-okhlazhdeniem;https://prokompressor.ru/catalog/osushiteli/adsorbtsionnye/enger_2/goryachey-regeneratsii-s-vozdukhoduvkoy/s-vozdushnym-okhlazhdeniem/;Адсорбционные осушители ENGER горячей регенерации с воздушным охлаждением;ads_dryer;s_vozdushnym_okhlazhdeniem;4589;plain/enger_2__goryachey-regeneratsii-s-vozdukhoduvkoy__s-vozdushnym-okhlazhdeniem.html;schema/enger_2__goryachey-regeneratsii-s-vozdukhoduvkoy__s-vozdushnym-okhlazhdeniem.html
enger_2__goryachey-regeneratsii__kolonnogo-tipa;https://prokompressor.ru/catalog/osushiteli/adsorbtsionnye/enger_2/goryachey-regeneratsii/kolonnogo-tipa/;Адсорбционные осушители горячей регенерации колонного типа;ads_dryer;kolonnogo_tipa;4330;plain/enger_2__goryachey-regeneratsii__kolonnogo-tipa.html;schema/enger_2__goryachey-regeneratsii__kolonnogo-tipa.html
enger_2__goryachey-regeneratsii__modulnogo-tipa;https://prokompressor.ru/catalog/osushiteli/adsorbtsionnye/enger_2/goryachey-regeneratsii/modulnogo-tipa/;Адсорбционные осушители ENGER горячей регенерации модульного типа;ads_dryer;modulnogo_tipa;4442;plain/enger_2__goryachey-regeneratsii__modulnogo-tipa.html;schema/enger_2__goryachey-regeneratsii__modulnogo-tipa.html
enger_2__kholodnoy-regeneratsii__kolonnogo-tipa_1;https://prokompressor.ru/catalog/osushiteli/adsorbtsionnye/enger_2/kholodnoy-regeneratsii/kolonnogo-tipa_1/;Адсорбционные осушители Enger холодной регенерации колонного типа;ads_dryer;kolonnogo_tipa;4983;plain/enger_2__kholodnoy-regeneratsii__kolonnogo-tipa_1.html;schema/enger_2__kholodnoy-regeneratsii__kolonnogo-tipa_1.html
enger_2__kholodnoy-regeneratsii__modulnogo-tipa_1;https://prokompressor.ru/catalog/osushiteli/adsorbtsionnye/enger_2/kholodnoy-regeneratsii/modulnogo-tipa_1/;Адсорбционные осушители холодной регенерации модульного типа;ads_dryer;modulnogo_tipa;4921;plain/enger_2__kholodnoy-regeneratsii__modulnogo-tipa_1.html;schema/enger_2__kholodnoy-regeneratsii__modulnogo-tipa_1.html
osushiteli__adsorbtsionnye__almig_osush;https://prokompressor.ru/catalog/osushiteli/adsorbtsionnye/almig_osush/;Адсорбционные осушители ALMiG;ads_dryer;almig;3372;plain/osushiteli__adsorbtsionnye__almig_osush.html;schema/osushiteli__adsorbtsionnye__almig_osush.html
osushiteli__adsorbtsionnye__ariacom_osush;https://prokompressor.ru/catalog/osushiteli/adsorbtsionnye/ariacom_osush/;Адсорбционные осушители ARIACOM;ads_dryer;ariacom;4736;plain/osushiteli__adsorbtsionnye__ariacom_osush.html;schema/osushiteli__adsorbtsionnye__ariacom_osush.html
osushiteli__adsorbtsionnye__atlas_copco_osush;https://prokompressor.ru/catalog/osushiteli/adsorbtsionnye/atlas_copco_osush/;Адсорбционные осушители Atlas Copco;ads_dryer;atlas_copco;4579;plain/osushiteli__adsorbtsionnye__atlas_copco_osush.html;schema/osushiteli__adsorbtsionnye__atlas_copco_osush.html
osushiteli__adsorbtsionnye__atmos_osush;https://prokompressor.ru/catalog/osushiteli/adsorbtsionnye/atmos_osush/;Адсорбционные осушители Atmos;ads_dryer;atmos;4426;plain/osushiteli__adsorbtsionnye__atmos_osush.html;schema/osushiteli__adsorbtsionnye__atmos_osush.html
osushiteli__adsorbtsionnye__ats;https://prokompressor.ru/catalog/osushiteli/adsorbtsionnye/ats/;Адсорбционные осушители ATS для сжатого воздуха;ads_dryer;ats;4480;plain/osushiteli__adsorbtsionnye__ats.html;schema/osushiteli__adsorbtsionnye__ats.html
osushiteli__adsorbtsionnye__berg_osush;https://prokompressor.ru/catalog/osushiteli/adsorbtsionnye/berg_osush/;Адсорбционные осушители BERG;ads_dryer;berg;4691;plain/osushiteli__adsorbtsionnye__berg_osush.html;schema/osushiteli__adsorbtsionnye__berg_osush.html
osushiteli__adsorbtsionnye__comaro_osush;https://prokompressor.ru/catalog/osushiteli/adsorbtsionnye/comaro_osush/;Адсорбционные осушители COMARO;ads_dryer;comaro;4887;plain/osushiteli__adsorbtsionnye__comaro_osush.html;schema/osushiteli__adsorbtsionnye__comaro_osush.html
osushiteli__adsorbtsionnye__comprag_osush;https://prokompressor.ru/catalog/osushiteli/adsorbtsionnye/comprag_osush/;Адсорбционные осушители Comprag;ads_dryer;comprag;4835;plain/osushiteli__adsorbtsionnye__comprag_osush.html;schema/osushiteli__adsorbtsionnye__comprag_osush.html
osushiteli__adsorbtsionnye__dalgakiran_osush;https://prokompressor.ru/catalog/osushiteli/adsorbtsionnye/dalgakiran_osush/;Адсорбционные осушители DALGAKIRAN;ads_dryer;dalgakiran;4448;plain/osushiteli__adsorbtsionnye__dalgakiran_osush.html;schema/osushiteli__adsorbtsionnye__dalgakiran_osush.html
osushiteli__adsorbtsionnye__dali_osush;https://prokompressor.ru/catalog/osushiteli/adsorbtsionnye/dali_osush/;Адсорбционные осушители DALI;ads_dryer;dali;4504;plain/osushiteli__adsorbtsionnye__dali_osush.html;schema/osushiteli__adsorbtsionnye__dali_osush.html
osushiteli__adsorbtsionnye__das_osush;https://prokompressor.ru/catalog/osushiteli/adsorbtsionnye/das_osush/;Адсорбционные осушители сжатого воздуха DAS;ads_dryer;das;4587;plain/osushiteli__adsorbtsionnye__das_osush.html;schema/osushiteli__adsorbtsionnye__das_osush.html
osushiteli__adsorbtsionnye__ekomak_osush;https://prokompressor.ru/catalog/osushiteli/adsorbtsionnye/ekomak_osush/;Адсорбционные осушители Ekomak;ads_dryer;ekomak;4844;plain/osushiteli__adsorbtsionnye__ekomak_osush.html;schema/osushiteli__adsorbtsionnye__ekomak_osush.html
osushiteli__adsorbtsionnye__enger_2;https://prokompressor.ru/catalog/osushiteli/adsorbtsionnye/enger_2/;Адсорбционные осушители Enger;ads_dryer;enger;4987;plain/osushiteli__adsorbtsionnye__enger_2.html;schema/osushiteli__adsorbtsionnye__enger_2.html
osushiteli__adsorbtsionnye__et_compressors_osush;https://prokompressor.ru/catalog/osushiteli/adsorbtsionnye/et_compressors_osush/;Адсорбционные осушители ET Compressors;ads_dryer;et_compressors;4912;plain/osushiteli__adsorbtsionnye__et_compressors_osush.html;schema/osushiteli__adsorbtsionnye__et_compressors_osush.html
osushiteli__adsorbtsionnye__evrazkompressor;https://prokompressor.ru/catalog/osushiteli/adsorbtsionnye/evrazkompressor/;Адсорбционные осушители ЕвразКомпрессор;ads_dryer;evrazkompressor;4552;plain/osushiteli__adsorbtsionnye__evrazkompressor.html;schema/osushiteli__adsorbtsionnye__evrazkompressor.html
osushiteli__adsorbtsionnye__kraftmachine_osush;https://prokompressor.ru/catalog/osushiteli/adsorbtsionnye/kraftmachine_osush/;Адсорбционные осушители KRAFTMACHINE для сжатого воздуха;ads_dryer;kraftmachine;4701;plain/osushiteli__adsorbtsionnye__kraftmachine_osush.html;schema/osushiteli__adsorbtsionnye__kraftmachine_osush.html
osushiteli__adsorbtsionnye__kraftmann_osush;https://prokompressor.ru/catalog/osushiteli/adsorbtsionnye/kraftmann_osush/;Адсорбционные осушители KRAFTMANN;ads_dryer;kraftmann;6048;plain/osushiteli__adsorbtsionnye__kraftmann_osush.html;schema/osushiteli__adsorbtsionnye__kraftmann_osush.html
osushiteli__adsorbtsionnye__ozen_osush;https://prokompressor.ru/catalog/osushiteli/adsorbtsionnye/ozen_osush/;Адсорбционные осушители OZEN;ads_dryer;ozen;4745;plain/osushiteli__adsorbtsionnye__ozen_osush.html;schema/osushiteli__adsorbtsionnye__ozen_osush.html
osushiteli__adsorbtsionnye__pneumatech_osush;https://prokompressor.ru/catalog/osushiteli/adsorbtsionnye/pneumatech_osush/;Адсорбционные осушители Pneumatech;ads_dryer;pneumatech;4851;plain/osushiteli__adsorbtsionnye__pneumatech_osush.html;schema/osushiteli__adsorbtsionnye__pneumatech_osush.html
osushiteli__adsorbtsionnye__remeza_osush;https://prokompressor.ru/catalog/osushiteli/adsorbtsionnye/remeza_osush/;Адсорбционные осушители Remeza;ads_dryer;remeza;4812;plain/osushiteli__adsorbtsionnye__remeza_osush.html;schema/osushiteli__adsorbtsionnye__remeza_osush.html
osushiteli__adsorbtsionnye__rkz;https://prokompressor.ru/catalog/osushiteli/adsorbtsionnye/rkz/;Адсорбционные осушители РКЗ;ads_dryer;rkz;4842;plain/osushiteli__adsorbtsionnye__rkz.html;schema/osushiteli__adsorbtsionnye__rkz.html
osushiteli__adsorbtsionnye__xeleron;https://prokompressor.ru/catalog/osushiteli/adsorbtsionnye/xeleron/;Адсорбционные осушители Xeleron;ads_dryer;xeleron;4832;plain/osushiteli__adsorbtsionnye__xeleron.html;schema/osushiteli__adsorbtsionnye__xeleron.html
osushiteli__adsorbtsionnye__zif_osush;https://prokompressor.ru/catalog/osushiteli/adsorbtsionnye/zif_osush/;Адсорбционные осушители ЗИФ;ads_dryer;zif;4651;plain/osushiteli__adsorbtsionnye__zif_osush.html;schema/osushiteli__adsorbtsionnye__zif_osush.html
osushiteli__refrizheratornye__abac;https://prokompressor.ru/catalog/osushiteli/refrizheratornye/abac/;Рефрижераторные осушители ABAC;ref_dryer;abac;4600;plain/osushiteli__refrizheratornye__abac.html;schema/osushiteli__refrizheratornye__abac.html
osushiteli__refrizheratornye__airpol;https://prokompressor.ru/catalog/osushiteli/refrizheratornye/airpol/;Рефрижераторные осушители сжатого воздуха Airpol;ref_dryer;airpol;4588;plain/osushiteli__refrizheratornye__airpol.html;schema/osushiteli__refrizheratornye__airpol.html
osushiteli__refrizheratornye__almig;https://prokompressor.ru/catalog/osushiteli/refrizheratornye/almig/;Рефрижераторные осушители сжатого воздуха ALMiG;ref_dryer;almig;4527;plain/osushiteli__refrizheratornye__almig.html;schema/osushiteli__refrizheratornye__almig.html
osushiteli__refrizheratornye__ariacom;https://prokompressor.ru/catalog/osushiteli/refrizheratornye/ariacom/;Рефрижераторные осушители ARIACOM;ref_dryer;ariacom;4310;plain/osushiteli__refrizheratornye__ariacom.html;schema/osushiteli__refrizheratornye__ariacom.html
osushiteli__refrizheratornye__atlas-copco;https://prokompressor.ru/catalog/osushiteli/refrizheratornye/atlas-copco/;Рефрижераторные осушители Atlas Copco;ref_dryer;atlas_copco;4512;plain/osushiteli__refrizheratornye__atlas-copco.html;schema/osushiteli__refrizheratornye__atlas-copco.html
osushiteli__refrizheratornye__atmos;https://prokompressor.ru/catalog/osushiteli/refrizheratornye/atmos/;Рефрижераторные осушители сжатого воздуха Atmos;ref_dryer;atmos;4840;plain/osushiteli__refrizheratornye__atmos.html;schema/osushiteli__refrizheratornye__atmos.html
osushiteli__refrizheratornye__ats;https://prokompressor.ru/catalog/osushiteli/refrizheratornye/ats/;Рефрижераторные осушители ATS;ref_dryer;ats;4767;plain/osushiteli__refrizheratornye__ats.html;schema/osushiteli__refrizheratornye__ats.html
osushiteli__refrizheratornye__berg;https://prokompressor.ru/catalog/osushiteli/refrizheratornye/berg/;Рефрижераторные осушители BERG;ref_dryer;berg;4704;plain/osushiteli__refrizheratornye__berg.html;schema/osushiteli__refrizheratornye__berg.html
osushiteli__refrizheratornye__comaro;https://prokompressor.ru/catalog/osushiteli/refrizheratornye/comaro/;Рефрижераторные осушители COMARO;ref_dryer;comaro;4936;plain/osushiteli__refrizheratornye__comaro.html;schema/osushiteli__refrizheratornye__comaro.html
osushiteli__refrizheratornye__comprag;https://prokompressor.ru/catalog/osushiteli/refrizheratornye/comprag/;Рефрижераторные осушители Comprag RDX;ref_dryer;comprag;4404;plain/osushiteli__refrizheratornye__comprag.html;schema/osushiteli__refrizheratornye__comprag.html
osushiteli__refrizheratornye__cross-air;https://prokompressor.ru/catalog/osushiteli/refrizheratornye/cross-air/;Рефрижераторные осушители Cross Air;ref_dryer;cross_air;4783;plain/osushiteli__refrizheratornye__cross-air.html;schema/osushiteli__refrizheratornye__cross-air.html
osushiteli__refrizheratornye__dalgakiran;https://prokompressor.ru/catalog/osushiteli/refrizheratornye/dalgakiran/;Рефрижераторные осушители DALGAKIRAN;ref_dryer;dalgakiran;4589;plain/osushiteli__refrizheratornye__dalgakiran.html;schema/osushiteli__refrizheratornye__dalgakiran.html
osushiteli__refrizheratornye__dali;https://prokompressor.ru/catalog/osushiteli/refrizheratornye/dali/;Рефрижераторные осушители DALI;ref_dryer;dali;4235;plain/osushiteli__refrizheratornye__dali.html;schema/osushiteli__refrizheratornye__dali.html
osushiteli__refrizheratornye__das;https://prokompressor.ru/catalog/osushiteli/refrizheratornye/das/;Рефрижераторные осушители DAS;ref_dryer;das;4760;plain/osushiteli__refrizheratornye__das.html;schema/osushiteli__refrizheratornye__das.html
osushiteli__refrizheratornye__ekomak;https://prokompressor.ru/catalog/osushiteli/refrizheratornye/ekomak/;Рефрижераторные осушители Ekomak;ref_dryer;ekomak;4960;plain/osushiteli__refrizheratornye__ekomak.html;schema/osushiteli__refrizheratornye__ekomak.html
osushiteli__refrizheratornye__enger;https://prokompressor.ru/catalog/osushiteli/refrizheratornye/enger/;Рефрижераторные осушители Enger;ref_dryer;enger;4980;plain/osushiteli__refrizheratornye__enger.html;schema/osushiteli__refrizheratornye__enger.html
osushiteli__refrizheratornye__et-compressors;https://prokompressor.ru/catalog/osushiteli/refrizheratornye/et-compressors/;Рефрижераторные осушители ET Compressors;ref_dryer;et_compressors;4705;plain/osushiteli__refrizheratornye__et-compressors.html;schema/osushiteli__refrizheratornye__et-compressors.html
osushiteli__refrizheratornye__evrazkompressor;https://prokompressor.ru/catalog/osushiteli/refrizheratornye/evrazkompressor/;Рефрижераторные осушители ЕвразКомпрессор;ref_dryer;evrazkompressor;4735;plain/osushiteli__refrizheratornye__evrazkompressor.html;schema/osushiteli__refrizheratornye__evrazkompressor.html
osushiteli__refrizheratornye__fiac;https://prokompressor.ru/catalog/osushiteli/refrizheratornye/fiac/;Рефрижераторные осушители FIAC;ref_dryer;fiac;4903;plain/osushiteli__refrizheratornye__fiac.html;schema/osushiteli__refrizheratornye__fiac.html
osushiteli__refrizheratornye__hansmann;https://prokompressor.ru/catalog/osushiteli/refrizheratornye/hansmann/;Рефрижераторные осушители Hansmann;ref_dryer;hansmann;4410;plain/osushiteli__refrizheratornye__hansmann.html;schema/osushiteli__refrizheratornye__hansmann.html
osushiteli__refrizheratornye__ironmac;https://prokompressor.ru/catalog/osushiteli/refrizheratornye/ironmac/;Рефрижераторные осушители IRONMAC;ref_dryer;ironmac;4772;plain/osushiteli__refrizheratornye__ironmac.html;schema/osushiteli__refrizheratornye__ironmac.html
osushiteli__refrizheratornye__kraftmachine;https://prokompressor.ru/catalog/osushiteli/refrizheratornye/kraftmachine/;Рефрижераторные осушители KRAFTMACHINE;ref_dryer;kraftmachine;4701;plain/osushiteli__refrizheratornye__kraftmachine.html;schema/osushiteli__refrizheratornye__kraftmachine.html
osushiteli__refrizheratornye__kraftmann;https://prokompressor.ru/catalog/osushiteli/refrizheratornye/kraftmann/;Рефрижераторные осушители сжатого воздуха KRAFTMANN;ref_dryer;kraftmann;4355;plain/osushiteli__refrizheratornye__kraftmann.html;schema/osushiteli__refrizheratornye__kraftmann.html
osushiteli__refrizheratornye__mark;https://prokompressor.ru/catalog/osushiteli/refrizheratornye/mark/;Рефрижераторные осушители MARK;ref_dryer;mark;4127;plain/osushiteli__refrizheratornye__mark.html;schema/osushiteli__refrizheratornye__mark.html
osushiteli__refrizheratornye__ozen;https://prokompressor.ru/catalog/osushiteli/refrizheratornye/ozen/;Рефрижераторные осушители OZEN;ref_dryer;ozen;4998;plain/osushiteli__refrizheratornye__ozen.html;schema/osushiteli__refrizheratornye__ozen.html
osushiteli__refrizheratornye__pneumatech;https://prokompressor.ru/catalog/osushiteli/refrizheratornye/pneumatech/;Рефрижераторные осушители Pneumatech;ref_dryer;pneumatech;4765;plain/osushiteli__refrizheratornye__pneumatech.html;schema/osushiteli__refrizheratornye__pneumatech.html
osushiteli__refrizheratornye__remeza;https://prokompressor.ru/catalog/osushiteli/refrizheratornye/remeza/;Рефрижераторные осушители Remeza;ref_dryer;remeza;4858;plain/osushiteli__refrizheratornye__remeza.html;schema/osushiteli__refrizheratornye__remeza.html
osushiteli__refrizheratornye__rkz;https://prokompressor.ru/catalog/osushiteli/refrizheratornye/rkz/;Рефрижераторные осушители РКЗ;ref_dryer;rkz;4510;plain/osushiteli__refrizheratornye__rkz.html;schema/osushiteli__refrizheratornye__rkz.html
osushiteli__refrizheratornye__xeleron;https://prokompressor.ru/catalog/osushiteli/refrizheratornye/xeleron/;Рефрижераторные осушители Xeleron;ref_dryer;xeleron;4316;plain/osushiteli__refrizheratornye__xeleron.html;schema/osushiteli__refrizheratornye__xeleron.html
osushiteli__refrizheratornye__zif;https://prokompressor.ru/catalog/osushiteli/refrizheratornye/zif/;Рефрижераторные осушители ЗИФ;ref_dryer;zif;3903;plain/osushiteli__refrizheratornye__zif.html;schema/osushiteli__refrizheratornye__zif.html
peredvizhnye__elektricheskie__bezhetsk_elektro;https://prokompressor.ru/catalog/vozdushnye-kompressory/po-tipu/vintovye/peredvizhnye/elektricheskie/bezhetsk_elektro/;Передвижные электрические компрессоры Бежецк;compressor;;4094;plain/peredvizhnye__elektricheskie__bezhetsk_elektro.html;schema/peredvizhnye__elektricheskie__bezhetsk_elektro.html
peredvizhnye__elektricheskie__zega_2;https://prokompressor.ru/catalog/vozdushnye-kompressory/po-tipu/vintovye/peredvizhnye/elektricheskie/zega_2/;Передвижные электрические компрессоры ZEGA;compressor;;4944;plain/peredvizhnye__elektricheskie__zega_2.html;schema/peredvizhnye__elektricheskie__zega_2.html
peredvizhnye__elektricheskie__zif-arsenal_1;https://prokompressor.ru/catalog/vozdushnye-kompressory/po-tipu/vintovye/peredvizhnye/elektricheskie/zif-arsenal_1/;Передвижные электрические компрессоры ЗИФ Арсенал;compressor;;4023;plain/peredvizhnye__elektricheskie__zif-arsenal_1.html;schema/peredvizhnye__elektricheskie__zif-arsenal_1.html
po-naznacheniyu__dlya-vyduva-pet__16-bar-1;https://prokompressor.ru/catalog/vozdushnye-kompressory/po-naznacheniyu/dlya-vyduva-pet/16-bar-1/;Компрессоры для выдува ПЭТ 16 бар;compressor;;4725;plain/po-naznacheniyu__dlya-vyduva-pet__16-bar-1.html;schema/po-naznacheniyu__dlya-vyduva-pet__16-bar-1.html
po-naznacheniyu__dlya-vyduva-pet__30-bar-1;https://prokompressor.ru/catalog/vozdushnye-kompressory/po-naznacheniyu/dlya-vyduva-pet/30-bar-1/;Компрессоры для выдува ПЭТ 30 бар;compressor;;4455;plain/po-naznacheniyu__dlya-vyduva-pet__30-bar-1.html;schema/po-naznacheniyu__dlya-vyduva-pet__30-bar-1.html
po-naznacheniyu__dlya-vyduva-pet__40-bar-1;https://prokompressor.ru/catalog/vozdushnye-kompressory/po-naznacheniyu/dlya-vyduva-pet/40-bar-1/;Компрессоры для выдува ПЭТ 40 бар;compressor;;4903;plain/po-naznacheniyu__dlya-vyduva-pet__40-bar-1.html;schema/po-naznacheniyu__dlya-vyduva-pet__40-bar-1.html
po-naznacheniyu__dlya-vyduva-pet__vd-vyshe-40-bar;https://prokompressor.ru/catalog/vozdushnye-kompressory/po-naznacheniyu/dlya-vyduva-pet/vd-vyshe-40-bar/;Компрессоры для выдува ПЭТ выше 40 бар;compressor;;4729;plain/po-naznacheniyu__dlya-vyduva-pet__vd-vyshe-40-bar.html;schema/po-naznacheniyu__dlya-vyduva-pet__vd-vyshe-40-bar.html
po-tipu-smazki__bezmaslyanye_1__porshnevye;https://prokompressor.ru/catalog/vozdushnye-kompressory/po-tipu-smazki/bezmaslyanye_1/porshnevye/;Поршневые безмасляные компрессоры;compressor;;4830;plain/po-tipu-smazki__bezmaslyanye_1__porshnevye.html;schema/po-tipu-smazki__bezmaslyanye_1__porshnevye.html
po-tipu-smazki__bezmaslyanye_1__spiralnye_1;https://prokompressor.ru/catalog/vozdushnye-kompressory/po-tipu-smazki/bezmaslyanye_1/spiralnye_1/;Безмасляные спиральные компрессоры;compressor;;4453;plain/po-tipu-smazki__bezmaslyanye_1__spiralnye_1.html;schema/po-tipu-smazki__bezmaslyanye_1__spiralnye_1.html
po-tipu-smazki__bezmaslyanye_1__vintovye_1;https://prokompressor.ru/catalog/vozdushnye-kompressory/po-tipu-smazki/bezmaslyanye_1/vintovye_1/;Безмасляные винтовые компрессоры;compressor;;4496;plain/po-tipu-smazki__bezmaslyanye_1__vintovye_1.html;schema/po-tipu-smazki__bezmaslyanye_1__vintovye_1.html
po-tipu__bustery__airpol;https://prokompressor.ru/catalog/vozdushnye-kompressory/po-tipu/bustery/airpol/;Дожимные компрессоры (бустеры) Airpol;compressor;airpol;4922;plain/po-tipu__bustery__airpol.html;schema/po-tipu__bustery__airpol.html
po-tipu__bustery__dalgakiran;https://prokompressor.ru/catalog/vozdushnye-kompressory/po-tipu/bustery/dalgakiran/;Дожимные компрессоры-бустеры Dalgakiran;compressor;dalgakiran;4262;plain/po-tipu__bustery__dalgakiran.html;schema/po-tipu__bustery__dalgakiran.html
po-tipu__bustery__ekomak;https://prokompressor.ru/catalog/vozdushnye-kompressory/po-tipu/bustery/ekomak/;Дожимные компрессоры (бустеры) Ekomak;compressor;ekomak;4455;plain/po-tipu__bustery__ekomak.html;schema/po-tipu__bustery__ekomak.html
po-tipu__bustery__enger;https://prokompressor.ru/catalog/vozdushnye-kompressory/po-tipu/bustery/enger/;Дожимающие компрессоры (бустеры) Enger;compressor;enger;4408;plain/po-tipu__bustery__enger.html;schema/po-tipu__bustery__enger.html
po-tipu__bustery__et-compressors;https://prokompressor.ru/catalog/vozdushnye-kompressory/po-tipu/bustery/et-compressors/;Дожимающие компрессоры (бустеры) ET Compressors;compressor;et_compressors;5011;plain/po-tipu__bustery__et-compressors.html;schema/po-tipu__bustery__et-compressors.html
po-tipu__bustery__kraftmachine;https://prokompressor.ru/catalog/vozdushnye-kompressory/po-tipu/bustery/kraftmachine/;Дожимающие компрессоры (бустеры) KRAFTMACHINE;compressor;kraftmachine;4813;plain/po-tipu__bustery__kraftmachine.html;schema/po-tipu__bustery__kraftmachine.html
po-tipu__bustery__kraftmann;https://prokompressor.ru/catalog/vozdushnye-kompressory/po-tipu/bustery/kraftmann/;Дожимающие компрессоры (бустеры) KRAFTMANN;compressor;kraftmann;4894;plain/po-tipu__bustery__kraftmann.html;schema/po-tipu__bustery__kraftmann.html
po-tipu__bustery__lupamat;https://prokompressor.ru/catalog/vozdushnye-kompressory/po-tipu/bustery/lupamat/;Дожимающие компрессоры (бустеры) LUPAMAT;compressor;lupamat;4792;plain/po-tipu__bustery__lupamat.html;schema/po-tipu__bustery__lupamat.html
po-tipu__bustery__ozen;https://prokompressor.ru/catalog/vozdushnye-kompressory/po-tipu/bustery/ozen/;Дожимающие компрессоры (бустеры) OZEN;compressor;ozen;4472;plain/po-tipu__bustery__ozen.html;schema/po-tipu__bustery__ozen.html
po-tipu__bustery__remeza;https://prokompressor.ru/catalog/vozdushnye-kompressory/po-tipu/bustery/remeza/;Дожимающие компрессоры (бустеры) Remeza;compressor;remeza;4322;plain/po-tipu__bustery__remeza.html;schema/po-tipu__bustery__remeza.html
po-tipu__bustery__rkz;https://prokompressor.ru/catalog/vozdushnye-kompressory/po-tipu/bustery/rkz/;Дожимающие компрессоры (бустеры) РКЗ;compressor;rkz;4072;plain/po-tipu__bustery__rkz.html;schema/po-tipu__bustery__rkz.html
po-tipu__nizkogo-davleniya__airpol;https://prokompressor.ru/catalog/vozdushnye-kompressory/po-tipu/nizkogo-davleniya/airpol/;Компрессоры низкого давления Airpol;compressor;airpol;4679;plain/po-tipu__nizkogo-davleniya__airpol.html;schema/po-tipu__nizkogo-davleniya__airpol.html
po-tipu__nizkogo-davleniya__dalgakiran;https://prokompressor.ru/catalog/vozdushnye-kompressory/po-tipu/nizkogo-davleniya/dalgakiran/;Компрессоры низкого давления DALGAKIRAN;compressor;dalgakiran;4469;plain/po-tipu__nizkogo-davleniya__dalgakiran.html;schema/po-tipu__nizkogo-davleniya__dalgakiran.html
po-tipu__nizkogo-davleniya__dali;https://prokompressor.ru/catalog/vozdushnye-kompressory/po-tipu/nizkogo-davleniya/dali/;Компрессоры низкого давления DALI;compressor;dali;5271;plain/po-tipu__nizkogo-davleniya__dali.html;schema/po-tipu__nizkogo-davleniya__dali.html
po-tipu__nizkogo-davleniya__enger;https://prokompressor.ru/catalog/vozdushnye-kompressory/po-tipu/nizkogo-davleniya/enger/;Компрессоры низкого давления Enger;compressor;enger;4666;plain/po-tipu__nizkogo-davleniya__enger.html;schema/po-tipu__nizkogo-davleniya__enger.html
po-tipu__nizkogo-davleniya__remeza;https://prokompressor.ru/catalog/vozdushnye-kompressory/po-tipu/nizkogo-davleniya/remeza/;Компрессоры низкого давления Remeza;compressor;remeza;4708;plain/po-tipu__nizkogo-davleniya__remeza.html;schema/po-tipu__nizkogo-davleniya__remeza.html
po-tipu__nizkogo-davleniya__sas;https://prokompressor.ru/catalog/vozdushnye-kompressory/po-tipu/nizkogo-davleniya/sas/;Компрессоры низкого давления САС;compressor;;4447;plain/po-tipu__nizkogo-davleniya__sas.html;schema/po-tipu__nizkogo-davleniya__sas.html
po-tipu__nizkogo-davleniya__zega;https://prokompressor.ru/catalog/vozdushnye-kompressory/po-tipu/nizkogo-davleniya/zega/;Компрессоры низкого давления ZEGA;compressor;zega;4837;plain/po-tipu__nizkogo-davleniya__zega.html;schema/po-tipu__nizkogo-davleniya__zega.html
po-tipu__vintovye__100-to-132;https://prokompressor.ru/catalog/vozdushnye-kompressory/po-tipu/vintovye/100-to-132/;Винтовые компрессоры 100 кВт;compressor;;4635;plain/po-tipu__vintovye__100-to-132.html;schema/po-tipu__vintovye__100-to-132.html
po-tipu__vintovye__10000-to-10000;https://prokompressor.ru/catalog/vozdushnye-kompressory/po-tipu/vintovye/10000-to-10000/;Винтовые компрессоры производительностью 10000 л/мин;compressor;;4824;plain/po-tipu__vintovye__10000-to-10000.html;schema/po-tipu__vintovye__10000-to-10000.html
po-tipu__vintovye__11-to-11;https://prokompressor.ru/catalog/vozdushnye-kompressory/po-tipu/vintovye/11-to-11/;Винтовые компрессоры 11 кВт;compressor;;3910;plain/po-tipu__vintovye__11-to-11.html;schema/po-tipu__vintovye__11-to-11.html
po-tipu__vintovye__110-to-110;https://prokompressor.ru/catalog/vozdushnye-kompressory/po-tipu/vintovye/110-to-110/;Винтовые компрессоры 110 кВт;compressor;;4142;plain/po-tipu__vintovye__110-to-110.html;schema/po-tipu__vintovye__110-to-110.html
po-tipu__vintovye__12000-to-12000;https://prokompressor.ru/catalog/vozdushnye-kompressory/po-tipu/vintovye/12000-to-12000/;Винтовые компрессоры производительностью 12 м3/мин (12000 л/мин);compressor;;4345;plain/po-tipu__vintovye__12000-to-12000.html;schema/po-tipu__vintovye__12000-to-12000.html
po-tipu__vintovye__132-to-132;https://prokompressor.ru/catalog/vozdushnye-kompressory/po-tipu/vintovye/132-to-132/;Винтовые компрессоры 132 кВт;compressor;;4837;plain/po-tipu__vintovye__132-to-132.html;schema/po-tipu__vintovye__132-to-132.html
po-tipu__vintovye__15-to-15;https://prokompressor.ru/catalog/vozdushnye-kompressory/po-tipu/vintovye/15-to-15/;Винтовые компрессоры 15 кВт;compressor;;4861;plain/po-tipu__vintovye__15-to-15.html;schema/po-tipu__vintovye__15-to-15.html
po-tipu__vintovye__1500-to-1500;https://prokompressor.ru/catalog/vozdushnye-kompressory/po-tipu/vintovye/1500-to-1500/;Винтовые компрессоры производительностью 1,5 м3/мин (1500 л/мин);compressor;;4925;plain/po-tipu__vintovye__1500-to-1500.html;schema/po-tipu__vintovye__1500-to-1500.html
po-tipu__vintovye__15000-to-15000;https://prokompressor.ru/catalog/vozdushnye-kompressory/po-tipu/vintovye/15000-to-15000/;Винтовые компрессоры производительностью 15 м3/мин (15000 л/мин);compressor;;4840;plain/po-tipu__vintovye__15000-to-15000.html;schema/po-tipu__vintovye__15000-to-15000.html
po-tipu__vintovye__160-to-160;https://prokompressor.ru/catalog/vozdushnye-kompressory/po-tipu/vintovye/160-to-160/;Винтовые компрессоры 160 кВт;compressor;;4918;plain/po-tipu__vintovye__160-to-160.html;schema/po-tipu__vintovye__160-to-160.html
po-tipu__vintovye__18.5-to-18.5;https://prokompressor.ru/catalog/vozdushnye-kompressory/po-tipu/vintovye/18.5-to-18.5/;Винтовые компрессоры 18,5 кВт;compressor;;3886;plain/po-tipu__vintovye__18.5-to-18.5.html;schema/po-tipu__vintovye__18.5-to-18.5.html
po-tipu__vintovye__185-to-185;https://prokompressor.ru/catalog/vozdushnye-kompressory/po-tipu/vintovye/185-to-185/;Винтовые компрессоры 185 кВт;compressor;;4769;plain/po-tipu__vintovye__185-to-185.html;schema/po-tipu__vintovye__185-to-185.html
po-tipu__vintovye__200-to-200;https://prokompressor.ru/catalog/vozdushnye-kompressory/po-tipu/vintovye/200-to-200/;Винтовые компрессоры с ресивером 200 л;compressor;;4916;plain/po-tipu__vintovye__200-to-200.html;schema/po-tipu__vintovye__200-to-200.html
po-tipu__vintovye__2000-to-2000;https://prokompressor.ru/catalog/vozdushnye-kompressory/po-tipu/vintovye/2000-to-2000/;Винтовые компрессоры производительностью 2000 л/мин;compressor;;4736;plain/po-tipu__vintovye__2000-to-2000.html;schema/po-tipu__vintovye__2000-to-2000.html
po-tipu__vintovye__20000-to-20000;https://prokompressor.ru/catalog/vozdushnye-kompressory/po-tipu/vintovye/20000-to-20000/;Винтовые компрессоры производительностью 20000 л/мин;compressor;;4268;plain/po-tipu__vintovye__20000-to-20000.html;schema/po-tipu__vintovye__20000-to-20000.html
po-tipu__vintovye__22-to-22;https://prokompressor.ru/catalog/vozdushnye-kompressory/po-tipu/vintovye/22-to-22/;Винтовые компрессоры 22 кВт;compressor;;4776;plain/po-tipu__vintovye__22-to-22.html;schema/po-tipu__vintovye__22-to-22.html
po-tipu__vintovye__220-230;https://prokompressor.ru/catalog/vozdushnye-kompressory/po-tipu/vintovye/220-230/;Винтовые компрессоры 220/230 В;compressor;;3901;plain/po-tipu__vintovye__220-230.html;schema/po-tipu__vintovye__220-230.html
po-tipu__vintovye__220-to-220;https://prokompressor.ru/catalog/vozdushnye-kompressory/po-tipu/vintovye/220-to-220/;Винтовые компрессоры 220 кВт;compressor;;4031;plain/po-tipu__vintovye__220-to-220.html;schema/po-tipu__vintovye__220-to-220.html
po-tipu__vintovye__225-to-225;https://prokompressor.ru/catalog/vozdushnye-kompressory/po-tipu/vintovye/225-to-225/;Винтовые компрессоры 225 кВт;compressor;;4815;plain/po-tipu__vintovye__225-to-225.html;schema/po-tipu__vintovye__225-to-225.html
po-tipu__vintovye__23000-to-23000;https://prokompressor.ru/catalog/vozdushnye-kompressory/po-tipu/vintovye/23000-to-23000/;Винтовые компрессоры производительностью 23000 л/мин;compressor;;4828;plain/po-tipu__vintovye__23000-to-23000.html;schema/po-tipu__vintovye__23000-to-23000.html
po-tipu__vintovye__250-to-250;https://prokompressor.ru/catalog/vozdushnye-kompressory/po-tipu/vintovye/250-to-250/;Винтовые компрессоры с ресивером 250 л;compressor;;4470;plain/po-tipu__vintovye__250-to-250.html;schema/po-tipu__vintovye__250-to-250.html
po-tipu__vintovye__25000-to-25000;https://prokompressor.ru/catalog/vozdushnye-kompressory/po-tipu/vintovye/25000-to-25000/;Винтовые компрессоры производительностью 25 м3/мин (25000 л/мин);compressor;;4376;plain/po-tipu__vintovye__25000-to-25000.html;schema/po-tipu__vintovye__25000-to-25000.html
po-tipu__vintovye__30-to-30;https://prokompressor.ru/catalog/vozdushnye-kompressory/po-tipu/vintovye/30-to-30/;Винтовые компрессоры 30 кВт;compressor;;3794;plain/po-tipu__vintovye__30-to-30.html;schema/po-tipu__vintovye__30-to-30.html
po-tipu__vintovye__3000-to-3000;https://prokompressor.ru/catalog/vozdushnye-kompressory/po-tipu/vintovye/3000-to-3000/;Винтовые компрессоры производительностью 3000 л/мин;compressor;;4159;plain/po-tipu__vintovye__3000-to-3000.html;schema/po-tipu__vintovye__3000-to-3000.html
po-tipu__vintovye__30000-to-30000;https://prokompressor.ru/catalog/vozdushnye-kompressory/po-tipu/vintovye/30000-to-30000/;Винтовые компрессоры производительностью 30 м3/мин (30000 л/мин);compressor;;4447;plain/po-tipu__vintovye__30000-to-30000.html;schema/po-tipu__vintovye__30000-to-30000.html
po-tipu__vintovye__315-to-315;https://prokompressor.ru/catalog/vozdushnye-kompressory/po-tipu/vintovye/315-to-315/;Винтовые компрессоры 315 кВт;compressor;;4954;plain/po-tipu__vintovye__315-to-315.html;schema/po-tipu__vintovye__315-to-315.html
po-tipu__vintovye__3500-to-3500;https://prokompressor.ru/catalog/vozdushnye-kompressory/po-tipu/vintovye/3500-to-3500/;Винтовые компрессоры производительностью 3500 л/мин;compressor;;4654;plain/po-tipu__vintovye__3500-to-3500.html;schema/po-tipu__vintovye__3500-to-3500.html
po-tipu__vintovye__355-to-355;https://prokompressor.ru/catalog/vozdushnye-kompressory/po-tipu/vintovye/355-to-355/;Винтовые компрессоры 355 кВт;compressor;;4548;plain/po-tipu__vintovye__355-to-355.html;schema/po-tipu__vintovye__355-to-355.html
po-tipu__vintovye__37-to-37;https://prokompressor.ru/catalog/vozdushnye-kompressory/po-tipu/vintovye/37-to-37/;Винтовые компрессоры 37 кВт;compressor;;3923;plain/po-tipu__vintovye__37-to-37.html;schema/po-tipu__vintovye__37-to-37.html
po-tipu__vintovye__380-380-660-400;https://prokompressor.ru/catalog/vozdushnye-kompressory/po-tipu/vintovye/380-380-660-400/;Винтовые компрессоры 380 В;compressor;;4844;plain/po-tipu__vintovye__380-380-660-400.html;schema/po-tipu__vintovye__380-380-660-400.html
po-tipu__vintovye__400-to-400;https://prokompressor.ru/catalog/vozdushnye-kompressory/po-tipu/vintovye/400-to-400/;Винтовые компрессоры с ресивером 400 л;compressor;;4830;plain/po-tipu__vintovye__400-to-400.html;schema/po-tipu__vintovye__400-to-400.html
po-tipu__vintovye__45-to-45;https://prokompressor.ru/catalog/vozdushnye-kompressory/po-tipu/vintovye/45-to-45/;Винтовые компрессоры 45 кВт;compressor;;4995;plain/po-tipu__vintovye__45-to-45.html;schema/po-tipu__vintovye__45-to-45.html
po-tipu__vintovye__450-to-450;https://prokompressor.ru/catalog/vozdushnye-kompressory/po-tipu/vintovye/450-to-450/;Винтовые компрессоры с ресивером 450 л;compressor;;4978;plain/po-tipu__vintovye__450-to-450.html;schema/po-tipu__vintovye__450-to-450.html
po-tipu__vintovye__45000-to-45000;https://prokompressor.ru/catalog/vozdushnye-kompressory/po-tipu/vintovye/45000-to-45000/;Винтовые компрессоры производительностью 45 м3/мин (45000 л/мин);compressor;;4628;plain/po-tipu__vintovye__45000-to-45000.html;schema/po-tipu__vintovye__45000-to-45000.html
po-tipu__vintovye__5.5-to-5.5;https://prokompressor.ru/catalog/vozdushnye-kompressory/po-tipu/vintovye/5.5-to-5.5/;Винтовые компрессоры 5,5 кВт;compressor;;4648;plain/po-tipu__vintovye__5.5-to-5.5.html;schema/po-tipu__vintovye__5.5-to-5.5.html
po-tipu__vintovye__50-to-55;https://prokompressor.ru/catalog/vozdushnye-kompressory/po-tipu/vintovye/50-to-55/;Винтовые компрессоры 50 кВт;compressor;;4528;plain/po-tipu__vintovye__50-to-55.html;schema/po-tipu__vintovye__50-to-55.html
po-tipu__vintovye__500-to-500;https://prokompressor.ru/catalog/vozdushnye-kompressory/po-tipu/vintovye/500-to-500/;Винтовые компрессоры с ресивером 500 л;compressor;;4722;plain/po-tipu__vintovye__500-to-500.html;schema/po-tipu__vintovye__500-to-500.html
po-tipu__vintovye__5000-to-5000;https://prokompressor.ru/catalog/vozdushnye-kompressory/po-tipu/vintovye/5000-to-5000/;Винтовые компрессоры производительностью 5000 л/мин;compressor;;4426;plain/po-tipu__vintovye__5000-to-5000.html;schema/po-tipu__vintovye__5000-to-5000.html
po-tipu__vintovye__50000-to-50000;https://prokompressor.ru/catalog/vozdushnye-kompressory/po-tipu/vintovye/50000-to-50000/;Винтовые компрессоры производительностью 50 м3/мин (50000 л/мин);compressor;;4935;plain/po-tipu__vintovye__50000-to-50000.html;schema/po-tipu__vintovye__50000-to-50000.html
po-tipu__vintovye__55-to-55;https://prokompressor.ru/catalog/vozdushnye-kompressory/po-tipu/vintovye/55-to-55/;Винтовые компрессоры 55 кВт;compressor;;4340;plain/po-tipu__vintovye__55-to-55.html;schema/po-tipu__vintovye__55-to-55.html
po-tipu__vintovye__600-to-600;https://prokompressor.ru/catalog/vozdushnye-kompressory/po-tipu/vintovye/600-to-600/;Винтовые компрессоры производительностью 600 л/мин;compressor;;4731;plain/po-tipu__vintovye__600-to-600.html;schema/po-tipu__vintovye__600-to-600.html
po-tipu__vintovye__6000-to-6000;https://prokompressor.ru/catalog/vozdushnye-kompressory/po-tipu/vintovye/6000-to-6000/;Винтовые компрессоры производительностью 6 м3/мин (6000 л/мин);compressor;;4592;plain/po-tipu__vintovye__6000-to-6000.html;schema/po-tipu__vintovye__6000-to-6000.html
po-tipu__vintovye__7-to-7;https://prokompressor.ru/catalog/vozdushnye-kompressory/po-tipu/vintovye/7-to-7/;Винтовые компрессоры 7 кВт;compressor;;4956;plain/po-tipu__vintovye__7-to-7.html;schema/po-tipu__vintovye__7-to-7.html
po-tipu__vintovye__7.5-to-7.5;https://prokompressor.ru/catalog/vozdushnye-kompressory/po-tipu/vintovye/7.5-to-7.5/;Винтовые компрессоры 7,5 кВт;compressor;;4591;plain/po-tipu__vintovye__7.5-to-7.5.html;schema/po-tipu__vintovye__7.5-to-7.5.html
po-tipu__vintovye__700-to-700;https://prokompressor.ru/catalog/vozdushnye-kompressory/po-tipu/vintovye/700-to-700/;Винтовые компрессоры производительностью 700 л/мин;compressor;;4981;plain/po-tipu__vintovye__700-to-700.html;schema/po-tipu__vintovye__700-to-700.html
po-tipu__vintovye__7000-to-7000;https://prokompressor.ru/catalog/vozdushnye-kompressory/po-tipu/vintovye/7000-to-7000/;Винтовые компрессоры производительностью 7 м3/мин (7000 л/мин);compressor;;3977;plain/po-tipu__vintovye__7000-to-7000.html;schema/po-tipu__vintovye__7000-to-7000.html
po-tipu__vintovye__75-to-75;https://prokompressor.ru/catalog/vozdushnye-kompressory/po-tipu/vintovye/75-to-75/;Винтовые компрессоры 75 кВт;compressor;;4956;plain/po-tipu__vintovye__75-to-75.html;schema/po-tipu__vintovye__75-to-75.html
po-tipu__vintovye__800-to-800;https://prokompressor.ru/catalog/vozdushnye-kompressory/po-tipu/vintovye/800-to-800/;Винтовые компрессоры производительностью 800 л/мин;compressor;;4687;plain/po-tipu__vintovye__800-to-800.html;schema/po-tipu__vintovye__800-to-800.html
po-tipu__vintovye__90-to-90;https://prokompressor.ru/catalog/vozdushnye-kompressory/po-tipu/vintovye/90-to-90/;Винтовые компрессоры 90 кВт;compressor;;4668;plain/po-tipu__vintovye__90-to-90.html;schema/po-tipu__vintovye__90-to-90.html
po-tipu__vintovye__abac;https://prokompressor.ru/catalog/vozdushnye-kompressory/po-tipu/vintovye/abac/;Винтовые компрессоры ABAC;compressor;abac;4540;plain/po-tipu__vintovye__abac.html;schema/po-tipu__vintovye__abac.html
po-tipu__vintovye__airbox;https://prokompressor.ru/catalog/vozdushnye-kompressory/po-tipu/vintovye/airbox/;Винтовые компрессоры Airbox;compressor;;3779;plain/po-tipu__vintovye__airbox.html;schema/po-tipu__vintovye__airbox.html
po-tipu__vintovye__airman;https://prokompressor.ru/catalog/vozdushnye-kompressory/po-tipu/vintovye/airman/;Винтовые компрессоры Airman;compressor;airman;4050;plain/po-tipu__vintovye__airman.html;schema/po-tipu__vintovye__airman.html
po-tipu__vintovye__airpol;https://prokompressor.ru/catalog/vozdushnye-kompressory/po-tipu/vintovye/airpol/;Винтовые компрессоры Airpol;compressor;airpol;4890;plain/po-tipu__vintovye__airpol.html;schema/po-tipu__vintovye__airpol.html
po-tipu__vintovye__almig;https://prokompressor.ru/catalog/vozdushnye-kompressory/po-tipu/vintovye/almig/;Винтовые компрессоры ALMiG;compressor;almig;4339;plain/po-tipu__vintovye__almig.html;schema/po-tipu__vintovye__almig.html
po-tipu__vintovye__ariacom;https://prokompressor.ru/catalog/vozdushnye-kompressory/po-tipu/vintovye/ariacom/;Винтовые компрессоры ARIACOM;compressor;ariacom;4960;plain/po-tipu__vintovye__ariacom.html;schema/po-tipu__vintovye__ariacom.html
po-tipu__vintovye__atlas-copco;https://prokompressor.ru/catalog/vozdushnye-kompressory/po-tipu/vintovye/atlas-copco/;Винтовые компрессоры Atlas Copco;compressor;atlas_copco;4439;plain/po-tipu__vintovye__atlas-copco.html;schema/po-tipu__vintovye__atlas-copco.html
po-tipu__vintovye__atmos;https://prokompressor.ru/catalog/vozdushnye-kompressory/po-tipu/vintovye/atmos/;Винтовые компрессоры Atmos;compressor;atmos;4739;plain/po-tipu__vintovye__atmos.html;schema/po-tipu__vintovye__atmos.html
po-tipu__vintovye__atom;https://prokompressor.ru/catalog/vozdushnye-kompressory/po-tipu/vintovye/atom/;Винтовые компрессоры ATOM;compressor;atom;4863;plain/po-tipu__vintovye__atom.html;schema/po-tipu__vintovye__atom.html
po-tipu__vintovye__aztec;https://prokompressor.ru/catalog/vozdushnye-kompressory/po-tipu/vintovye/aztec/;Винтовые компрессоры AZTEC;compressor;;4717;plain/po-tipu__vintovye__aztec.html;schema/po-tipu__vintovye__aztec.html
po-tipu__vintovye__belarus;https://prokompressor.ru/catalog/vozdushnye-kompressory/po-tipu/vintovye/belarus/;Белорусские винтовые компрессоры;compressor;;4947;plain/po-tipu__vintovye__belarus.html;schema/po-tipu__vintovye__belarus.html
po-tipu__vintovye__berg;https://prokompressor.ru/catalog/vozdushnye-kompressory/po-tipu/vintovye/berg/;Винтовые компрессоры BERG;compressor;berg;5064;plain/po-tipu__vintovye__berg.html;schema/po-tipu__vintovye__berg.html
po-tipu__vintovye__bez-osushitelya-na-resivere-bez-chastotnogo-preobrazovatelya;https://prokompressor.ru/catalog/vozdushnye-kompressory/po-tipu/vintovye/bez-osushitelya-na-resivere-bez-chastotnogo-preobrazovatelya/;Винтовые компрессоры базового исполнения;compressor;;4022;plain/po-tipu__vintovye__bez-osushitelya-na-resivere-bez-chastotnogo-preobrazovatelya.html;schema/po-tipu__vintovye__bez-osushitelya-na-resivere-bez-chastotnogo-preobrazovatelya.html
po-tipu__vintovye__bez-osushitelya-na-resivere;https://prokompressor.ru/catalog/vozdushnye-kompressory/po-tipu/vintovye/bez-osushitelya-na-resivere/;Винтовые компрессоры без осушителя на ресивере;compressor;;4889;plain/po-tipu__vintovye__bez-osushitelya-na-resivere.html;schema/po-tipu__vintovye__bez-osushitelya-na-resivere.html
po-tipu__vintovye__bez-resivera;https://prokompressor.ru/catalog/vozdushnye-kompressory/po-tipu/vintovye/bez-resivera/;Винтовые компрессоры без ресивера;compressor;;4208;plain/po-tipu__vintovye__bez-resivera.html;schema/po-tipu__vintovye__bez-resivera.html
po-tipu__vintovye__bezhetsk;https://prokompressor.ru/catalog/vozdushnye-kompressory/po-tipu/vintovye/bezhetsk/;Винтовые компрессоры Бежецк;compressor;bezhetsk;4702;plain/po-tipu__vintovye__bezhetsk.html;schema/po-tipu__vintovye__bezhetsk.html
po-tipu__vintovye__chekhiya;https://prokompressor.ru/catalog/vozdushnye-kompressory/po-tipu/vintovye/chekhiya/;Чешские винтовые компрессоры;compressor;;4660;plain/po-tipu__vintovye__chekhiya.html;schema/po-tipu__vintovye__chekhiya.html
po-tipu__vintovye__comaro;https://prokompressor.ru/catalog/vozdushnye-kompressory/po-tipu/vintovye/comaro/;Винтовые компрессоры COMARO;compressor;comaro;4341;plain/po-tipu__vintovye__comaro.html;schema/po-tipu__vintovye__comaro.html
po-tipu__vintovye__comprag;https://prokompressor.ru/catalog/vozdushnye-kompressory/po-tipu/vintovye/comprag/;Винтовые компрессоры Comprag;compressor;comprag;4623;plain/po-tipu__vintovye__comprag.html;schema/po-tipu__vintovye__comprag.html
po-tipu__vintovye__cross-air;https://prokompressor.ru/catalog/vozdushnye-kompressory/po-tipu/vintovye/cross-air/;Винтовые компрессоры Cross Air;compressor;cross_air;4238;plain/po-tipu__vintovye__cross-air.html;schema/po-tipu__vintovye__cross-air.html
po-tipu__vintovye__dalgakiran;https://prokompressor.ru/catalog/vozdushnye-kompressory/po-tipu/vintovye/dalgakiran/;Винтовые компрессоры Dalgakiran;compressor;dalgakiran;4381;plain/po-tipu__vintovye__dalgakiran.html;schema/po-tipu__vintovye__dalgakiran.html
po-tipu__vintovye__dali;https://prokompressor.ru/catalog/vozdushnye-kompressory/po-tipu/vintovye/dali/;Винтовые компрессоры DALI;compressor;dali;4145;plain/po-tipu__vintovye__dali.html;schema/po-tipu__vintovye__dali.html
po-tipu__vintovye__das;https://prokompressor.ru/catalog/vozdushnye-kompressory/po-tipu/vintovye/das/;Винтовые компрессоры DAS;compressor;das;4624;plain/po-tipu__vintovye__das.html;schema/po-tipu__vintovye__das.html
po-tipu__vintovye__dizelnye;https://prokompressor.ru/catalog/vozdushnye-kompressory/po-tipu/vintovye/dizelnye/;Дизельные винтовые компрессоры;compressor;;4730;plain/po-tipu__vintovye__dizelnye.html;schema/po-tipu__vintovye__dizelnye.html
po-tipu__vintovye__dvukhstupenchatye;https://prokompressor.ru/catalog/vozdushnye-kompressory/po-tipu/vintovye/dvukhstupenchatye/;Двухступенчатые винтовые компрессоры;compressor;;4526;plain/po-tipu__vintovye__dvukhstupenchatye.html;schema/po-tipu__vintovye__dvukhstupenchatye.html
po-tipu__vintovye__ekomak;https://prokompressor.ru/catalog/vozdushnye-kompressory/po-tipu/vintovye/ekomak/;Винтовые компрессоры Ekomak;compressor;ekomak;4279;plain/po-tipu__vintovye__ekomak.html;schema/po-tipu__vintovye__ekomak.html
po-tipu__vintovye__elektricheskie_1;https://prokompressor.ru/catalog/vozdushnye-kompressory/po-tipu/vintovye/elektricheskie_1/;Электрические винтовые компрессоры;compressor;;4732;plain/po-tipu__vintovye__elektricheskie_1.html;schema/po-tipu__vintovye__elektricheskie_1.html
po-tipu__vintovye__enger;https://prokompressor.ru/catalog/vozdushnye-kompressory/po-tipu/vintovye/enger/;Винтовые компрессоры Enger;compressor;enger;5010;plain/po-tipu__vintovye__enger.html;schema/po-tipu__vintovye__enger.html
po-tipu__vintovye__et-compressors;https://prokompressor.ru/catalog/vozdushnye-kompressory/po-tipu/vintovye/et-compressors/;Винтовые компрессоры ET Compressors;compressor;et_compressors;3886;plain/po-tipu__vintovye__et-compressors.html;schema/po-tipu__vintovye__et-compressors.html
po-tipu__vintovye__fiac;https://prokompressor.ru/catalog/vozdushnye-kompressory/po-tipu/vintovye/fiac/;Винтовые компрессоры FIAC;compressor;fiac;3764;plain/po-tipu__vintovye__fiac.html;schema/po-tipu__vintovye__fiac.html
po-tipu__vintovye__fini;https://prokompressor.ru/catalog/vozdushnye-kompressory/po-tipu/vintovye/fini/;Винтовые компрессоры Fini;compressor;fini;4340;plain/po-tipu__vintovye__fini.html;schema/po-tipu__vintovye__fini.html
po-tipu__vintovye__fubag;https://prokompressor.ru/catalog/vozdushnye-kompressory/po-tipu/vintovye/fubag/;Винтовые компрессоры Fubag;compressor;fubag;4528;plain/po-tipu__vintovye__fubag.html;schema/po-tipu__vintovye__fubag.html
po-tipu__vintovye__germaniya-rossiya;https://prokompressor.ru/catalog/vozdushnye-kompressory/po-tipu/vintovye/germaniya-rossiya/;Немецкие и российские винтовые компрессоры;compressor;;4632;plain/po-tipu__vintovye__germaniya-rossiya.html;schema/po-tipu__vintovye__germaniya-rossiya.html
po-tipu__vintovye__germaniya;https://prokompressor.ru/catalog/vozdushnye-kompressory/po-tipu/vintovye/germaniya/;Немецкие винтовые компрессоры;compressor;;4943;plain/po-tipu__vintovye__germaniya.html;schema/po-tipu__vintovye__germaniya.html
po-tipu__vintovye__hansmann;https://prokompressor.ru/catalog/vozdushnye-kompressory/po-tipu/vintovye/hansmann/;Винтовые компрессоры Hansmann;compressor;hansmann;4762;plain/po-tipu__vintovye__hansmann.html;schema/po-tipu__vintovye__hansmann.html
po-tipu__vintovye__ingro;https://prokompressor.ru/catalog/vozdushnye-kompressory/po-tipu/vintovye/ingro/;Винтовые компрессоры INGRO;compressor;ingro;4266;plain/po-tipu__vintovye__ingro.html;schema/po-tipu__vintovye__ingro.html
po-tipu__vintovye__ironmac;https://prokompressor.ru/catalog/vozdushnye-kompressory/po-tipu/vintovye/ironmac/;Винтовые компрессоры IRONMAC;compressor;ironmac;4762;plain/po-tipu__vintovye__ironmac.html;schema/po-tipu__vintovye__ironmac.html
po-tipu__vintovye__italiya-kitay;https://prokompressor.ru/catalog/vozdushnye-kompressory/po-tipu/vintovye/italiya-kitay/;Итальянские и китайские винтовые компрессоры;compressor;;4670;plain/po-tipu__vintovye__italiya-kitay.html;schema/po-tipu__vintovye__italiya-kitay.html
po-tipu__vintovye__italiya;https://prokompressor.ru/catalog/vozdushnye-kompressory/po-tipu/vintovye/italiya/;Итальянские винтовые компрессоры;compressor;;4666;plain/po-tipu__vintovye__italiya.html;schema/po-tipu__vintovye__italiya.html
po-tipu__vintovye__kitay;https://prokompressor.ru/catalog/vozdushnye-kompressory/po-tipu/vintovye/kitay/;Китайские винтовые компрессоры;compressor;;4857;plain/po-tipu__vintovye__kitay.html;schema/po-tipu__vintovye__kitay.html
po-tipu__vintovye__kompressory-10-bar;https://prokompressor.ru/catalog/vozdushnye-kompressory/po-tipu/vintovye/kompressory-10-bar/;Винтовые компрессоры 10 бар;compressor;;4991;plain/po-tipu__vintovye__kompressory-10-bar.html;schema/po-tipu__vintovye__kompressory-10-bar.html
po-tipu__vintovye__kompressory-12-bar;https://prokompressor.ru/catalog/vozdushnye-kompressory/po-tipu/vintovye/kompressory-12-bar/;Винтовые компрессоры 12 бар;compressor;;4985;plain/po-tipu__vintovye__kompressory-12-bar.html;schema/po-tipu__vintovye__kompressory-12-bar.html
po-tipu__vintovye__kompressory-13-bar;https://prokompressor.ru/catalog/vozdushnye-kompressory/po-tipu/vintovye/kompressory-13-bar/;Винтовые компрессоры 13 бар;compressor;;4810;plain/po-tipu__vintovye__kompressory-13-bar.html;schema/po-tipu__vintovye__kompressory-13-bar.html
po-tipu__vintovye__kompressory-15-bar;https://prokompressor.ru/catalog/vozdushnye-kompressory/po-tipu/vintovye/kompressory-15-bar/;Винтовые компрессоры 15 бар;compressor;;4860;plain/po-tipu__vintovye__kompressory-15-bar.html;schema/po-tipu__vintovye__kompressory-15-bar.html
po-tipu__vintovye__kompressory-16-bar;https://prokompressor.ru/catalog/vozdushnye-kompressory/po-tipu/vintovye/kompressory-16-bar/;Винтовые компрессоры 16 бар;compressor;;4529;plain/po-tipu__vintovye__kompressory-16-bar.html;schema/po-tipu__vintovye__kompressory-16-bar.html
po-tipu__vintovye__kompressory-20-bar;https://prokompressor.ru/catalog/vozdushnye-kompressory/po-tipu/vintovye/kompressory-20-bar/;Винтовые компрессоры 20 бар;compressor;;4613;plain/po-tipu__vintovye__kompressory-20-bar.html;schema/po-tipu__vintovye__kompressory-20-bar.html
po-tipu__vintovye__kompressory-25-bar;https://prokompressor.ru/catalog/vozdushnye-kompressory/po-tipu/vintovye/kompressory-25-bar/;Винтовые компрессоры 25 бар;compressor;;4524;plain/po-tipu__vintovye__kompressory-25-bar.html;schema/po-tipu__vintovye__kompressory-25-bar.html
po-tipu__vintovye__kompressory-30-bar;https://prokompressor.ru/catalog/vozdushnye-kompressory/po-tipu/vintovye/kompressory-30-bar/;Винтовые компрессоры 30 бар;compressor;;4321;plain/po-tipu__vintovye__kompressory-30-bar.html;schema/po-tipu__vintovye__kompressory-30-bar.html
po-tipu__vintovye__kompressory-40-bar;https://prokompressor.ru/catalog/vozdushnye-kompressory/po-tipu/vintovye/kompressory-40-bar/;Винтовые компрессоры 40 бар;compressor;;4831;plain/po-tipu__vintovye__kompressory-40-bar.html;schema/po-tipu__vintovye__kompressory-40-bar.html
po-tipu__vintovye__kompressory-5-bar;https://prokompressor.ru/catalog/vozdushnye-kompressory/po-tipu/vintovye/kompressory-5-bar/;Винтовые компрессоры 5 бар;compressor;;4687;plain/po-tipu__vintovye__kompressory-5-bar.html;schema/po-tipu__vintovye__kompressory-5-bar.html
po-tipu__vintovye__kompressory-6-bar;https://prokompressor.ru/catalog/vozdushnye-kompressory/po-tipu/vintovye/kompressory-6-bar/;Винтовые компрессоры 6 бар;compressor;;4268;plain/po-tipu__vintovye__kompressory-6-bar.html;schema/po-tipu__vintovye__kompressory-6-bar.html
po-tipu__vintovye__kompressory-7-bar;https://prokompressor.ru/catalog/vozdushnye-kompressory/po-tipu/vintovye/kompressory-7-bar/;Винтовые компрессоры 7 бар;compressor;;4304;plain/po-tipu__vintovye__kompressory-7-bar.html;schema/po-tipu__vintovye__kompressory-7-bar.html
po-tipu__vintovye__kompressory-8-bar;https://prokompressor.ru/catalog/vozdushnye-kompressory/po-tipu/vintovye/kompressory-8-bar/;Винтовые компрессоры 8 бар;compressor;;4561;plain/po-tipu__vintovye__kompressory-8-bar.html;schema/po-tipu__vintovye__kompressory-8-bar.html
po-tipu__vintovye__kompressory-900-l-min;https://prokompressor.ru/catalog/vozdushnye-kompressory/po-tipu/vintovye/kompressory-900-l-min/;Винтовые компрессоры производительностью 900 л/мин;compressor;;4625;plain/po-tipu__vintovye__kompressory-900-l-min.html;schema/po-tipu__vintovye__kompressory-900-l-min.html
po-tipu__vintovye__kraftmachine;https://prokompressor.ru/catalog/vozdushnye-kompressory/po-tipu/vintovye/kraftmachine/;Винтовые компрессоры KraftMachine;compressor;kraftmachine;4845;plain/po-tipu__vintovye__kraftmachine.html;schema/po-tipu__vintovye__kraftmachine.html
po-tipu__vintovye__kraftmann;https://prokompressor.ru/catalog/vozdushnye-kompressory/po-tipu/vintovye/kraftmann/;Винтовые компрессоры KRAFTMANN;compressor;kraftmann;4707;plain/po-tipu__vintovye__kraftmann.html;schema/po-tipu__vintovye__kraftmann.html
po-tipu__vintovye__lupamat;https://prokompressor.ru/catalog/vozdushnye-kompressory/po-tipu/vintovye/lupamat/;Винтовые компрессоры LUPAMAT;compressor;lupamat;4825;plain/po-tipu__vintovye__lupamat.html;schema/po-tipu__vintovye__lupamat.html
po-tipu__vintovye__magnus;https://prokompressor.ru/catalog/vozdushnye-kompressory/po-tipu/vintovye/magnus/;Винтовые компрессоры MAGNUS;compressor;magnus;3739;plain/po-tipu__vintovye__magnus.html;schema/po-tipu__vintovye__magnus.html
po-tipu__vintovye__mark;https://prokompressor.ru/catalog/vozdushnye-kompressory/po-tipu/vintovye/mark/;Винтовые компрессоры MARK;compressor;mark;4203;plain/po-tipu__vintovye__mark.html;schema/po-tipu__vintovye__mark.html
po-tipu__vintovye__maslyanyy;https://prokompressor.ru/catalog/vozdushnye-kompressory/po-tipu/vintovye/maslyanyy/;Масляные винтовые компрессоры;compressor;;4985;plain/po-tipu__vintovye__maslyanyy.html;schema/po-tipu__vintovye__maslyanyy.html
po-tipu__vintovye__master-blast-;https://prokompressor.ru/catalog/vozdushnye-kompressory/po-tipu/vintovye/master-blast-/;Винтовые компрессоры MASTER BLAST;compressor;master_blast;4319;plain/po-tipu__vintovye__master-blast-.html;schema/po-tipu__vintovye__master-blast-.html
po-tipu__vintovye__minskiy-motornyy-zavod;https://prokompressor.ru/catalog/vozdushnye-kompressory/po-tipu/vintovye/minskiy-motornyy-zavod/;Винтовые компрессоры Минский моторный завод;compressor;;4784;plain/po-tipu__vintovye__minskiy-motornyy-zavod.html;schema/po-tipu__vintovye__minskiy-motornyy-zavod.html
po-tipu__vintovye__na-resivere-s-osushitelem;https://prokompressor.ru/catalog/vozdushnye-kompressory/po-tipu/vintovye/na-resivere-s-osushitelem/;Винтовые компрессоры на ресивере с осушителем;compressor;;4910;plain/po-tipu__vintovye__na-resivere-s-osushitelem.html;schema/po-tipu__vintovye__na-resivere-s-osushitelem.html
po-tipu__vintovye__na-resivere;https://prokompressor.ru/catalog/vozdushnye-kompressory/po-tipu/vintovye/na-resivere/;Винтовые компрессоры на ресивере;compressor;;4811;plain/po-tipu__vintovye__na-resivere.html;schema/po-tipu__vintovye__na-resivere.html
po-tipu__vintovye__ozen;https://prokompressor.ru/catalog/vozdushnye-kompressory/po-tipu/vintovye/ozen/;Винтовые компрессоры OZEN;compressor;ozen;5013;plain/po-tipu__vintovye__ozen.html;schema/po-tipu__vintovye__ozen.html
po-tipu__vintovye__peredvizhnye;https://prokompressor.ru/catalog/vozdushnye-kompressory/po-tipu/vintovye/peredvizhnye/;Передвижные винтовые компрессоры;compressor;;4573;plain/po-tipu__vintovye__peredvizhnye.html;schema/po-tipu__vintovye__peredvizhnye.html
po-tipu__vintovye__polsha;https://prokompressor.ru/catalog/vozdushnye-kompressory/po-tipu/vintovye/polsha/;Польские винтовые компрессоры;compressor;;4153;plain/po-tipu__vintovye__polsha.html;schema/po-tipu__vintovye__polsha.html
po-tipu__vintovye__pryamoy;https://prokompressor.ru/catalog/vozdushnye-kompressory/po-tipu/vintovye/pryamoy/;Винтовые компрессоры с прямым приводом;compressor;;4736;plain/po-tipu__vintovye__pryamoy.html;schema/po-tipu__vintovye__pryamoy.html
po-tipu__vintovye__remennyy;https://prokompressor.ru/catalog/vozdushnye-kompressory/po-tipu/vintovye/remennyy/;Винтовые компрессоры с ременным приводом;compressor;;4289;plain/po-tipu__vintovye__remennyy.html;schema/po-tipu__vintovye__remennyy.html
po-tipu__vintovye__remeza;https://prokompressor.ru/catalog/vozdushnye-kompressory/po-tipu/vintovye/remeza/;Винтовые компрессоры Remeza;compressor;remeza;4559;plain/po-tipu__vintovye__remeza.html;schema/po-tipu__vintovye__remeza.html
po-tipu__vintovye__rkz;https://prokompressor.ru/catalog/vozdushnye-kompressory/po-tipu/vintovye/rkz/;Винтовые компрессоры РКЗ (Airrus);compressor;rkz;4484;plain/po-tipu__vintovye__rkz.html;schema/po-tipu__vintovye__rkz.html
po-tipu__vintovye__rossiya;https://prokompressor.ru/catalog/vozdushnye-kompressory/po-tipu/vintovye/rossiya/;Российские винтовые компрессоры;compressor;;4764;plain/po-tipu__vintovye__rossiya.html;schema/po-tipu__vintovye__rossiya.html
po-tipu__vintovye__s-chastotnym-preobrazovatelem;https://prokompressor.ru/catalog/vozdushnye-kompressory/po-tipu/vintovye/s-chastotnym-preobrazovatelem/;Винтовые компрессоры с частотным преобразователем;compressor;;4726;plain/po-tipu__vintovye__s-chastotnym-preobrazovatelem.html;schema/po-tipu__vintovye__s-chastotnym-preobrazovatelem.html
po-tipu__vintovye__s-osushitelem;https://prokompressor.ru/catalog/vozdushnye-kompressory/po-tipu/vintovye/s-osushitelem/;Винтовые компрессоры с осушителем;compressor;;4896;plain/po-tipu__vintovye__s-osushitelem.html;schema/po-tipu__vintovye__s-osushitelem.html
po-tipu__vintovye__shvetsiya;https://prokompressor.ru/catalog/vozdushnye-kompressory/po-tipu/vintovye/shvetsiya/;Шведские винтовые компрессоры;compressor;;4373;plain/po-tipu__vintovye__shvetsiya.html;schema/po-tipu__vintovye__shvetsiya.html
po-tipu__vintovye__turtsiya-belgiya;https://prokompressor.ru/catalog/vozdushnye-kompressory/po-tipu/vintovye/turtsiya-belgiya/;Турецкие и бельгийские винтовые компрессоры;compressor;;4725;plain/po-tipu__vintovye__turtsiya-belgiya.html;schema/po-tipu__vintovye__turtsiya-belgiya.html
po-tipu__vintovye__turtsiya;https://prokompressor.ru/catalog/vozdushnye-kompressory/po-tipu/vintovye/turtsiya/;Турецкие винтовые компрессоры;compressor;;4555;plain/po-tipu__vintovye__turtsiya.html;schema/po-tipu__vintovye__turtsiya.html
po-tipu__vintovye__ultratech;https://prokompressor.ru/catalog/vozdushnye-kompressory/po-tipu/vintovye/ultratech/;Винтовые компрессоры ULTRATECH;compressor;ultratech;4598;plain/po-tipu__vintovye__ultratech.html;schema/po-tipu__vintovye__ultratech.html
po-tipu__vintovye__yaponiya;https://prokompressor.ru/catalog/vozdushnye-kompressory/po-tipu/vintovye/yaponiya/;Японские винтовые компрессоры;compressor;;4407;plain/po-tipu__vintovye__yaponiya.html;schema/po-tipu__vintovye__yaponiya.html
po-tipu__vintovye__zega;https://prokompressor.ru/catalog/vozdushnye-kompressory/po-tipu/vintovye/zega/;Винтовые компрессоры ZEGA;compressor;zega;4851;plain/po-tipu__vintovye__zega.html;schema/po-tipu__vintovye__zega.html
po-tipu__vintovye__zif;https://prokompressor.ru/catalog/vozdushnye-kompressory/po-tipu/vintovye/zif/;Винтовые компрессоры ЗИФ;compressor;zif;4769;plain/po-tipu__vintovye__zif.html;schema/po-tipu__vintovye__zif.html
po-tipu__vozdukhoduvki__airpol;https://prokompressor.ru/catalog/vozdushnye-kompressory/po-tipu/vozdukhoduvki/airpol/;Воздуходувки Airpol;compressor;airpol;4988;plain/po-tipu__vozdukhoduvki__airpol.html;schema/po-tipu__vozdukhoduvki__airpol.html
po-tipu__vozdukhoduvki__dalgakiran;https://prokompressor.ru/catalog/vozdushnye-kompressory/po-tipu/vozdukhoduvki/dalgakiran/;Воздуходувки DALGAKIRAN;compressor;dalgakiran;4972;plain/po-tipu__vozdukhoduvki__dalgakiran.html;schema/po-tipu__vozdukhoduvki__dalgakiran.html
po-tipu__vozdukhoduvki__dali;https://prokompressor.ru/catalog/vozdushnye-kompressory/po-tipu/vozdukhoduvki/dali/;Воздуходувки DALI;compressor;dali;4954;plain/po-tipu__vozdukhoduvki__dali.html;schema/po-tipu__vozdukhoduvki__dali.html
po-tipu__vozdukhoduvki__enger;https://prokompressor.ru/catalog/vozdushnye-kompressory/po-tipu/vozdukhoduvki/enger/;Воздуходувки Enger;compressor;enger;3906;plain/po-tipu__vozdukhoduvki__enger.html;schema/po-tipu__vozdukhoduvki__enger.html
po-tipu__vozdukhoduvki__remeza;https://prokompressor.ru/catalog/vozdushnye-kompressory/po-tipu/vozdukhoduvki/remeza/;Промышленные воздуходувки Remeza;compressor;remeza;4594;plain/po-tipu__vozdukhoduvki__remeza.html;schema/po-tipu__vozdukhoduvki__remeza.html
po-tipu__vozdukhoduvki__sas;https://prokompressor.ru/catalog/vozdushnye-kompressory/po-tipu/vozdukhoduvki/sas/;Промышленные воздуходувки САС;compressor;;4419;plain/po-tipu__vozdukhoduvki__sas.html;schema/po-tipu__vozdukhoduvki__sas.html
po-tipu__vozdukhoduvki__zega;https://prokompressor.ru/catalog/vozdushnye-kompressory/po-tipu/vozdukhoduvki/zega/;Воздуходувки ZEGA;compressor;zega;4711;plain/po-tipu__vozdukhoduvki__zega.html;schema/po-tipu__vozdukhoduvki__zega.html
po-tipu__vysokogo-davleniya__airman;https://prokompressor.ru/catalog/vozdushnye-kompressory/po-tipu/vysokogo-davleniya/airman/;Компрессоры высокого давления AIRMAN;compressor;airman;4276;plain/po-tipu__vysokogo-davleniya__airman.html;schema/po-tipu__vysokogo-davleniya__airman.html
po-tipu__vysokogo-davleniya__atmos;https://prokompressor.ru/catalog/vozdushnye-kompressory/po-tipu/vysokogo-davleniya/atmos/;Компрессоры высокого давления Atmos;compressor;atmos;4868;plain/po-tipu__vysokogo-davleniya__atmos.html;schema/po-tipu__vysokogo-davleniya__atmos.html
po-tipu__vysokogo-davleniya__dalgakiran;https://prokompressor.ru/catalog/vozdushnye-kompressory/po-tipu/vysokogo-davleniya/dalgakiran/;Компрессоры высокого давления DALGAKIRAN;compressor;dalgakiran;4817;plain/po-tipu__vysokogo-davleniya__dalgakiran.html;schema/po-tipu__vysokogo-davleniya__dalgakiran.html
po-tipu__vysokogo-davleniya__dali;https://prokompressor.ru/catalog/vozdushnye-kompressory/po-tipu/vysokogo-davleniya/dali/;Компрессоры высокого давления DALI;compressor;dali;5004;plain/po-tipu__vysokogo-davleniya__dali.html;schema/po-tipu__vysokogo-davleniya__dali.html
po-tipu__vysokogo-davleniya__enger;https://prokompressor.ru/catalog/vozdushnye-kompressory/po-tipu/vysokogo-davleniya/enger/;Компрессоры высокого давления Enger;compressor;enger;4679;plain/po-tipu__vysokogo-davleniya__enger.html;schema/po-tipu__vysokogo-davleniya__enger.html
po-tipu__vysokogo-davleniya__et-compressors;https://prokompressor.ru/catalog/vozdushnye-kompressory/po-tipu/vysokogo-davleniya/et-compressors/;Компрессоры высокого давления ET Compressors;compressor;et_compressors;4015;plain/po-tipu__vysokogo-davleniya__et-compressors.html;schema/po-tipu__vysokogo-davleniya__et-compressors.html
po-tipu__vysokogo-davleniya__paramina;https://prokompressor.ru/catalog/vozdushnye-kompressory/po-tipu/vysokogo-davleniya/paramina/;Компрессоры высокого давления Paramina;compressor;paramina;4933;plain/po-tipu__vysokogo-davleniya__paramina.html;schema/po-tipu__vysokogo-davleniya__paramina.html
po-tipu__vysokogo-davleniya__remeza;https://prokompressor.ru/catalog/vozdushnye-kompressory/po-tipu/vysokogo-davleniya/remeza/;Компрессоры высокого давления Remeza;compressor;remeza;4546;plain/po-tipu__vysokogo-davleniya__remeza.html;schema/po-tipu__vysokogo-davleniya__remeza.html
po-tipu__vysokogo-davleniya__spitzenreiter;https://prokompressor.ru/catalog/vozdushnye-kompressory/po-tipu/vysokogo-davleniya/spitzenreiter/;Компрессоры высокого давления SPITZENREITER;compressor;spitzenreiter;4914;plain/po-tipu__vysokogo-davleniya__spitzenreiter.html;schema/po-tipu__vysokogo-davleniya__spitzenreiter.html
podgotovka-vozdukha__dookhladiteli__ats;https://prokompressor.ru/catalog/podgotovka-vozdukha/dookhladiteli/ats/;Доохладители ATS;air_prep;ats;4020;plain/podgotovka-vozdukha__dookhladiteli__ats.html;schema/podgotovka-vozdukha__dookhladiteli__ats.html
podgotovka-vozdukha__dookhladiteli__enger;https://prokompressor.ru/catalog/podgotovka-vozdukha/dookhladiteli/enger/;Доохладители Enger;air_prep;enger;4508;plain/podgotovka-vozdukha__dookhladiteli__enger.html;schema/podgotovka-vozdukha__dookhladiteli__enger.html
podgotovka-vozdukha__dookhladiteli__pneumatech;https://prokompressor.ru/catalog/podgotovka-vozdukha/dookhladiteli/pneumatech/;Доохладители Pneumatech;air_prep;pneumatech;4593;plain/podgotovka-vozdukha__dookhladiteli__pneumatech.html;schema/podgotovka-vozdukha__dookhladiteli__pneumatech.html
podgotovka-vozdukha__filtry-magistralnye__abac;https://prokompressor.ru/catalog/podgotovka-vozdukha/filtry-magistralnye/abac/;Фильтры магистральные ABAC;filter;abac;4429;plain/podgotovka-vozdukha__filtry-magistralnye__abac.html;schema/podgotovka-vozdukha__filtry-magistralnye__abac.html
podgotovka-vozdukha__filtry-magistralnye__airpol;https://prokompressor.ru/catalog/podgotovka-vozdukha/filtry-magistralnye/airpol/;Фильтры магистральные Airpol;filter;airpol;4480;plain/podgotovka-vozdukha__filtry-magistralnye__airpol.html;schema/podgotovka-vozdukha__filtry-magistralnye__airpol.html
podgotovka-vozdukha__filtry-magistralnye__almig;https://prokompressor.ru/catalog/podgotovka-vozdukha/filtry-magistralnye/almig/;Фильтры магистральные ALMiG;filter;almig;4857;plain/podgotovka-vozdukha__filtry-magistralnye__almig.html;schema/podgotovka-vozdukha__filtry-magistralnye__almig.html
podgotovka-vozdukha__filtry-magistralnye__ats;https://prokompressor.ru/catalog/podgotovka-vozdukha/filtry-magistralnye/ats/;Фильтры магистральные ATS;filter;ats;4655;plain/podgotovka-vozdukha__filtry-magistralnye__ats.html;schema/podgotovka-vozdukha__filtry-magistralnye__ats.html
podgotovka-vozdukha__filtry-magistralnye__berg;https://prokompressor.ru/catalog/podgotovka-vozdukha/filtry-magistralnye/berg/;Фильтры магистральные BERG;filter;berg;4197;plain/podgotovka-vozdukha__filtry-magistralnye__berg.html;schema/podgotovka-vozdukha__filtry-magistralnye__berg.html
podgotovka-vozdukha__filtry-magistralnye__bezhetsk;https://prokompressor.ru/catalog/podgotovka-vozdukha/filtry-magistralnye/bezhetsk/;Фильтры магистральные Бежецк;filter;bezhetsk;4591;plain/podgotovka-vozdukha__filtry-magistralnye__bezhetsk.html;schema/podgotovka-vozdukha__filtry-magistralnye__bezhetsk.html
podgotovka-vozdukha__filtry-magistralnye__comprag;https://prokompressor.ru/catalog/podgotovka-vozdukha/filtry-magistralnye/comprag/;Фильтры магистральные Comprag;filter;comprag;4514;plain/podgotovka-vozdukha__filtry-magistralnye__comprag.html;schema/podgotovka-vozdukha__filtry-magistralnye__comprag.html
podgotovka-vozdukha__filtry-magistralnye__dalgakiran;https://prokompressor.ru/catalog/podgotovka-vozdukha/filtry-magistralnye/dalgakiran/;Фильтры магистральные DALGAKIRAN;filter;dalgakiran;4973;plain/podgotovka-vozdukha__filtry-magistralnye__dalgakiran.html;schema/podgotovka-vozdukha__filtry-magistralnye__dalgakiran.html
podgotovka-vozdukha__filtry-magistralnye__dali;https://prokompressor.ru/catalog/podgotovka-vozdukha/filtry-magistralnye/dali/;Фильтры магистральные DALI;filter;dali;4931;plain/podgotovka-vozdukha__filtry-magistralnye__dali.html;schema/podgotovka-vozdukha__filtry-magistralnye__dali.html
podgotovka-vozdukha__filtry-magistralnye__enger;https://prokompressor.ru/catalog/podgotovka-vozdukha/filtry-magistralnye/enger/;Фильтры магистральные Enger;filter;enger;4562;plain/podgotovka-vozdukha__filtry-magistralnye__enger.html;schema/podgotovka-vozdukha__filtry-magistralnye__enger.html
podgotovka-vozdukha__filtry-magistralnye__fiac;https://prokompressor.ru/catalog/podgotovka-vozdukha/filtry-magistralnye/fiac/;Фильтры магистральные FIAC;filter;fiac;4301;plain/podgotovka-vozdukha__filtry-magistralnye__fiac.html;schema/podgotovka-vozdukha__filtry-magistralnye__fiac.html
podgotovka-vozdukha__filtry-magistralnye__ironmac;https://prokompressor.ru/catalog/podgotovka-vozdukha/filtry-magistralnye/ironmac/;Фильтры магистральные IRONMAC;filter;ironmac;4689;plain/podgotovka-vozdukha__filtry-magistralnye__ironmac.html;schema/podgotovka-vozdukha__filtry-magistralnye__ironmac.html
podgotovka-vozdukha__filtry-magistralnye__kraftmann;https://prokompressor.ru/catalog/podgotovka-vozdukha/filtry-magistralnye/kraftmann/;Фильтры магистральные KRAFTMANN;filter;kraftmann;4800;plain/podgotovka-vozdukha__filtry-magistralnye__kraftmann.html;schema/podgotovka-vozdukha__filtry-magistralnye__kraftmann.html
podgotovka-vozdukha__filtry-magistralnye__omi;https://prokompressor.ru/catalog/podgotovka-vozdukha/filtry-magistralnye/omi/;Фильтры магистральные Omi;filter;omi;4337;plain/podgotovka-vozdukha__filtry-magistralnye__omi.html;schema/podgotovka-vozdukha__filtry-magistralnye__omi.html
podgotovka-vozdukha__filtry-magistralnye__ozen;https://prokompressor.ru/catalog/podgotovka-vozdukha/filtry-magistralnye/ozen/;Фильтры магистральные OZEN;filter;ozen;4853;plain/podgotovka-vozdukha__filtry-magistralnye__ozen.html;schema/podgotovka-vozdukha__filtry-magistralnye__ozen.html
podgotovka-vozdukha__filtry-magistralnye__pneumatech;https://prokompressor.ru/catalog/podgotovka-vozdukha/filtry-magistralnye/pneumatech/;Фильтры магистральные Pneumatech;filter;pneumatech;3980;plain/podgotovka-vozdukha__filtry-magistralnye__pneumatech.html;schema/podgotovka-vozdukha__filtry-magistralnye__pneumatech.html
podgotovka-vozdukha__filtry-magistralnye__remeza;https://prokompressor.ru/catalog/podgotovka-vozdukha/filtry-magistralnye/remeza/;Фильтры магистральные Remeza;filter;remeza;4200;plain/podgotovka-vozdukha__filtry-magistralnye__remeza.html;schema/podgotovka-vozdukha__filtry-magistralnye__remeza.html
podgotovka-vozdukha__filtry-magistralnye__rkz;https://prokompressor.ru/catalog/podgotovka-vozdukha/filtry-magistralnye/rkz/;Фильтры магистральные РКЗ;filter;rkz;4617;plain/podgotovka-vozdukha__filtry-magistralnye__rkz.html;schema/podgotovka-vozdukha__filtry-magistralnye__rkz.html
podgotovka-vozdukha__filtry-magistralnye__sotras;https://prokompressor.ru/catalog/podgotovka-vozdukha/filtry-magistralnye/sotras/;Фильтры магистральные Sotras;filter;sotras;4992;plain/podgotovka-vozdukha__filtry-magistralnye__sotras.html;schema/podgotovka-vozdukha__filtry-magistralnye__sotras.html
podgotovka-vozdukha__filtry-magistralnye__xeleron;https://prokompressor.ru/catalog/podgotovka-vozdukha/filtry-magistralnye/xeleron/;Фильтры магистральные Xeleron;filter;xeleron;4972;plain/podgotovka-vozdukha__filtry-magistralnye__xeleron.html;schema/podgotovka-vozdukha__filtry-magistralnye__xeleron.html
podgotovka-vozdukha__kondensatootvodchiki__atlas-copco;https://prokompressor.ru/catalog/podgotovka-vozdukha/kondensatootvodchiki/atlas-copco/;Конденсатоотводчики Atlas Copco;air_prep;atlas_copco;4854;plain/podgotovka-vozdukha__kondensatootvodchiki__atlas-copco.html;schema/podgotovka-vozdukha__kondensatootvodchiki__atlas-copco.html
podgotovka-vozdukha__kondensatootvodchiki__berg;https://prokompressor.ru/catalog/podgotovka-vozdukha/kondensatootvodchiki/berg/;Конденсатоотводчики BERG;air_prep;berg;4926;plain/podgotovka-vozdukha__kondensatootvodchiki__berg.html;schema/podgotovka-vozdukha__kondensatootvodchiki__berg.html
podgotovka-vozdukha__kondensatootvodchiki__comprag;https://prokompressor.ru/catalog/podgotovka-vozdukha/kondensatootvodchiki/comprag/;Конденсатоотводчики Comprag;air_prep;comprag;4785;plain/podgotovka-vozdukha__kondensatootvodchiki__comprag.html;schema/podgotovka-vozdukha__kondensatootvodchiki__comprag.html
podgotovka-vozdukha__kondensatootvodchiki__enger;https://prokompressor.ru/catalog/podgotovka-vozdukha/kondensatootvodchiki/enger/;Конденсатоотводчики Enger;air_prep;enger;4818;plain/podgotovka-vozdukha__kondensatootvodchiki__enger.html;schema/podgotovka-vozdukha__kondensatootvodchiki__enger.html
podgotovka-vozdukha__kondensatootvodchiki__pneumatech;https://prokompressor.ru/catalog/podgotovka-vozdukha/kondensatootvodchiki/pneumatech/;Конденсатоотводчики Pneumatech;air_prep;pneumatech;4412;plain/podgotovka-vozdukha__kondensatootvodchiki__pneumatech.html;schema/podgotovka-vozdukha__kondensatootvodchiki__pneumatech.html
podgotovka-vozdukha__kondensatootvodchiki__remeza;https://prokompressor.ru/catalog/podgotovka-vozdukha/kondensatootvodchiki/remeza/;Конденсатоотводчики Remeza;air_prep;remeza;4153;plain/podgotovka-vozdukha__kondensatootvodchiki__remeza.html;schema/podgotovka-vozdukha__kondensatootvodchiki__remeza.html
podgotovka-vozdukha__maslovlagorazdeliteli__abac;https://prokompressor.ru/catalog/podgotovka-vozdukha/maslovlagorazdeliteli/abac/;Масловлагоразделители ABAC;separator;abac;4801;plain/podgotovka-vozdukha__maslovlagorazdeliteli__abac.html;schema/podgotovka-vozdukha__maslovlagorazdeliteli__abac.html
podgotovka-vozdukha__maslovlagorazdeliteli__almig;https://prokompressor.ru/catalog/podgotovka-vozdukha/maslovlagorazdeliteli/almig/;Масловлагоотделители ALMiG для компрессоров;separator;almig;4456;plain/podgotovka-vozdukha__maslovlagorazdeliteli__almig.html;schema/podgotovka-vozdukha__maslovlagorazdeliteli__almig.html
podgotovka-vozdukha__maslovlagorazdeliteli__atlas-copco;https://prokompressor.ru/catalog/podgotovka-vozdukha/maslovlagorazdeliteli/atlas-copco/;Масловлагоразделители Atlas Copco;separator;atlas_copco;4896;plain/podgotovka-vozdukha__maslovlagorazdeliteli__atlas-copco.html;schema/podgotovka-vozdukha__maslovlagorazdeliteli__atlas-copco.html
podgotovka-vozdukha__maslovlagorazdeliteli__comprag;https://prokompressor.ru/catalog/podgotovka-vozdukha/maslovlagorazdeliteli/comprag/;Масловлагоразделители Comprag;separator;comprag;4888;plain/podgotovka-vozdukha__maslovlagorazdeliteli__comprag.html;schema/podgotovka-vozdukha__maslovlagorazdeliteli__comprag.html
podgotovka-vozdukha__maslovlagorazdeliteli__dalgakiran;https://prokompressor.ru/catalog/podgotovka-vozdukha/maslovlagorazdeliteli/dalgakiran/;Масловлагоразделители DALGAKIRAN;separator;dalgakiran;4811;plain/podgotovka-vozdukha__maslovlagorazdeliteli__dalgakiran.html;schema/podgotovka-vozdukha__maslovlagorazdeliteli__dalgakiran.html
podgotovka-vozdukha__maslovlagorazdeliteli__enger;https://prokompressor.ru/catalog/podgotovka-vozdukha/maslovlagorazdeliteli/enger/;Масловлагоразделители Enger;separator;enger;4426;plain/podgotovka-vozdukha__maslovlagorazdeliteli__enger.html;schema/podgotovka-vozdukha__maslovlagorazdeliteli__enger.html
podgotovka-vozdukha__maslovlagorazdeliteli__pneumatech;https://prokompressor.ru/catalog/podgotovka-vozdukha/maslovlagorazdeliteli/pneumatech/;Масловлагоразделители Pneumatech;separator;pneumatech;4505;plain/podgotovka-vozdukha__maslovlagorazdeliteli__pneumatech.html;schema/podgotovka-vozdukha__maslovlagorazdeliteli__pneumatech.html
podgotovka-vozdukha__maslovlagorazdeliteli__remeza;https://prokompressor.ru/catalog/podgotovka-vozdukha/maslovlagorazdeliteli/remeza/;Масловлагоразделители Remeza;separator;remeza;3983;plain/podgotovka-vozdukha__maslovlagorazdeliteli__remeza.html;schema/podgotovka-vozdukha__maslovlagorazdeliteli__remeza.html
podgotovka-vozdukha__maslovlagorazdeliteli__rkz;https://prokompressor.ru/catalog/podgotovka-vozdukha/maslovlagorazdeliteli/rkz/;Масловлагоразделители РКЗ;separator;rkz;4847;plain/podgotovka-vozdukha__maslovlagorazdeliteli__rkz.html;schema/podgotovka-vozdukha__maslovlagorazdeliteli__rkz.html
podgotovka-vozdukha__separatory-tsentrobezhnye-tsiklonnye__abac;https://prokompressor.ru/catalog/podgotovka-vozdukha/separatory-tsentrobezhnye-tsiklonnye/abac/;Циклонные сепараторы ABAC;separator;abac;4522;plain/podgotovka-vozdukha__separatory-tsentrobezhnye-tsiklonnye__abac.html;schema/podgotovka-vozdukha__separatory-tsentrobezhnye-tsiklonnye__abac.html
podgotovka-vozdukha__separatory-tsentrobezhnye-tsiklonnye__airpol;https://prokompressor.ru/catalog/podgotovka-vozdukha/separatory-tsentrobezhnye-tsiklonnye/airpol/;Циклонные сепараторы Airpol;separator;airpol;4896;plain/podgotovka-vozdukha__separatory-tsentrobezhnye-tsiklonnye__airpol.html;schema/podgotovka-vozdukha__separatory-tsentrobezhnye-tsiklonnye__airpol.html
podgotovka-vozdukha__separatory-tsentrobezhnye-tsiklonnye__almig;https://prokompressor.ru/catalog/podgotovka-vozdukha/separatory-tsentrobezhnye-tsiklonnye/almig/;Циклонные сепараторы ALMiG;separator;almig;4670;plain/podgotovka-vozdukha__separatory-tsentrobezhnye-tsiklonnye__almig.html;schema/podgotovka-vozdukha__separatory-tsentrobezhnye-tsiklonnye__almig.html
podgotovka-vozdukha__separatory-tsentrobezhnye-tsiklonnye__atlas-copco;https://prokompressor.ru/catalog/podgotovka-vozdukha/separatory-tsentrobezhnye-tsiklonnye/atlas-copco/;Циклонные сепараторы Atlas Copco WSD;separator;atlas_copco;4561;plain/podgotovka-vozdukha__separatory-tsentrobezhnye-tsiklonnye__atlas-copco.html;schema/podgotovka-vozdukha__separatory-tsentrobezhnye-tsiklonnye__atlas-copco.html
podgotovka-vozdukha__separatory-tsentrobezhnye-tsiklonnye__ats;https://prokompressor.ru/catalog/podgotovka-vozdukha/separatory-tsentrobezhnye-tsiklonnye/ats/;Циклонные сепараторы ATS;separator;ats;4709;plain/podgotovka-vozdukha__separatory-tsentrobezhnye-tsiklonnye__ats.html;schema/podgotovka-vozdukha__separatory-tsentrobezhnye-tsiklonnye__ats.html
podgotovka-vozdukha__separatory-tsentrobezhnye-tsiklonnye__berg;https://prokompressor.ru/catalog/podgotovka-vozdukha/separatory-tsentrobezhnye-tsiklonnye/berg/;Циклонные сепараторы BERG;separator;berg;4370;plain/podgotovka-vozdukha__separatory-tsentrobezhnye-tsiklonnye__berg.html;schema/podgotovka-vozdukha__separatory-tsentrobezhnye-tsiklonnye__berg.html
podgotovka-vozdukha__separatory-tsentrobezhnye-tsiklonnye__comprag;https://prokompressor.ru/catalog/podgotovka-vozdukha/separatory-tsentrobezhnye-tsiklonnye/comprag/;Циклонные сепараторы Comprag;separator;comprag;4798;plain/podgotovka-vozdukha__separatory-tsentrobezhnye-tsiklonnye__comprag.html;schema/podgotovka-vozdukha__separatory-tsentrobezhnye-tsiklonnye__comprag.html
podgotovka-vozdukha__separatory-tsentrobezhnye-tsiklonnye__dalgakiran;https://prokompressor.ru/catalog/podgotovka-vozdukha/separatory-tsentrobezhnye-tsiklonnye/dalgakiran/;Циклонные сепараторы Dalgakiran для сжатого воздуха;separator;dalgakiran;4671;plain/podgotovka-vozdukha__separatory-tsentrobezhnye-tsiklonnye__dalgakiran.html;schema/podgotovka-vozdukha__separatory-tsentrobezhnye-tsiklonnye__dalgakiran.html
podgotovka-vozdukha__separatory-tsentrobezhnye-tsiklonnye__dali;https://prokompressor.ru/catalog/podgotovka-vozdukha/separatory-tsentrobezhnye-tsiklonnye/dali/;Циклонные сепараторы DALI;separator;dali;4869;plain/podgotovka-vozdukha__separatory-tsentrobezhnye-tsiklonnye__dali.html;schema/podgotovka-vozdukha__separatory-tsentrobezhnye-tsiklonnye__dali.html
podgotovka-vozdukha__separatory-tsentrobezhnye-tsiklonnye__enger;https://prokompressor.ru/catalog/podgotovka-vozdukha/separatory-tsentrobezhnye-tsiklonnye/enger/;Циклонные сепараторы Enger;separator;enger;4174;plain/podgotovka-vozdukha__separatory-tsentrobezhnye-tsiklonnye__enger.html;schema/podgotovka-vozdukha__separatory-tsentrobezhnye-tsiklonnye__enger.html
podgotovka-vozdukha__separatory-tsentrobezhnye-tsiklonnye__evrazkompressor;https://prokompressor.ru/catalog/podgotovka-vozdukha/separatory-tsentrobezhnye-tsiklonnye/evrazkompressor/;Циклонные сепараторы ЕвразКомпрессор;separator;evrazkompressor;4923;plain/podgotovka-vozdukha__separatory-tsentrobezhnye-tsiklonnye__evrazkompressor.html;schema/podgotovka-vozdukha__separatory-tsentrobezhnye-tsiklonnye__evrazkompressor.html
podgotovka-vozdukha__separatory-tsentrobezhnye-tsiklonnye__kraftmann;https://prokompressor.ru/catalog/podgotovka-vozdukha/separatory-tsentrobezhnye-tsiklonnye/kraftmann/;Циклонные сепараторы KRAFTMANN;separator;kraftmann;4648;plain/podgotovka-vozdukha__separatory-tsentrobezhnye-tsiklonnye__kraftmann.html;schema/podgotovka-vozdukha__separatory-tsentrobezhnye-tsiklonnye__kraftmann.html
podgotovka-vozdukha__separatory-tsentrobezhnye-tsiklonnye__magnus;https://prokompressor.ru/catalog/podgotovka-vozdukha/separatory-tsentrobezhnye-tsiklonnye/magnus/;Циклонные сепараторы MAGNUS;separator;magnus;4384;plain/podgotovka-vozdukha__separatory-tsentrobezhnye-tsiklonnye__magnus.html;schema/podgotovka-vozdukha__separatory-tsentrobezhnye-tsiklonnye__magnus.html
podgotovka-vozdukha__separatory-tsentrobezhnye-tsiklonnye__pneumatech;https://prokompressor.ru/catalog/podgotovka-vozdukha/separatory-tsentrobezhnye-tsiklonnye/pneumatech/;Циклонные сепараторы Pneumatech;separator;pneumatech;4708;plain/podgotovka-vozdukha__separatory-tsentrobezhnye-tsiklonnye__pneumatech.html;schema/podgotovka-vozdukha__separatory-tsentrobezhnye-tsiklonnye__pneumatech.html
podgotovka-vozdukha__separatory-tsentrobezhnye-tsiklonnye__remeza;https://prokompressor.ru/catalog/podgotovka-vozdukha/separatory-tsentrobezhnye-tsiklonnye/remeza/;Циклонные сепараторы Remeza;separator;remeza;4532;plain/podgotovka-vozdukha__separatory-tsentrobezhnye-tsiklonnye__remeza.html;schema/podgotovka-vozdukha__separatory-tsentrobezhnye-tsiklonnye__remeza.html
podgotovka-vozdukha__separatory-tsentrobezhnye-tsiklonnye__rkz;https://prokompressor.ru/catalog/podgotovka-vozdukha/separatory-tsentrobezhnye-tsiklonnye/rkz/;Циклонные сепараторы РКЗ;separator;rkz;4961;plain/podgotovka-vozdukha__separatory-tsentrobezhnye-tsiklonnye__rkz.html;schema/podgotovka-vozdukha__separatory-tsentrobezhnye-tsiklonnye__rkz.html
podgotovka-vozdukha__separatory-tsentrobezhnye-tsiklonnye__xeleron;https://prokompressor.ru/catalog/podgotovka-vozdukha/separatory-tsentrobezhnye-tsiklonnye/xeleron/;Циклонные сепараторы Xeleron;separator;xeleron;4698;plain/podgotovka-vozdukha__separatory-tsentrobezhnye-tsiklonnye__xeleron.html;schema/podgotovka-vozdukha__separatory-tsentrobezhnye-tsiklonnye__xeleron.html
podgotovka-vozdukha__ugolnye-kolonny__ariacom;https://prokompressor.ru/catalog/podgotovka-vozdukha/ugolnye-kolonny/ariacom/;Угольные колонны ARIACOM;filter;ariacom;4575;plain/podgotovka-vozdukha__ugolnye-kolonny__ariacom.html;schema/podgotovka-vozdukha__ugolnye-kolonny__ariacom.html
podgotovka-vozdukha__ugolnye-kolonny__dalgakiran;https://prokompressor.ru/catalog/podgotovka-vozdukha/ugolnye-kolonny/dalgakiran/;Угольные колонны DALGAKIRAN;filter;dalgakiran;4461;plain/podgotovka-vozdukha__ugolnye-kolonny__dalgakiran.html;schema/podgotovka-vozdukha__ugolnye-kolonny__dalgakiran.html
podgotovka-vozdukha__ugolnye-kolonny__enger;https://prokompressor.ru/catalog/podgotovka-vozdukha/ugolnye-kolonny/enger/;Угольные колонны Enger;filter;enger;4692;plain/podgotovka-vozdukha__ugolnye-kolonny__enger.html;schema/podgotovka-vozdukha__ugolnye-kolonny__enger.html
podgotovka-vozdukha__ugolnye-kolonny__pneumatech;https://prokompressor.ru/catalog/podgotovka-vozdukha/ugolnye-kolonny/pneumatech/;Угольные колонны Pneumatech;filter;pneumatech;4178;plain/podgotovka-vozdukha__ugolnye-kolonny__pneumatech.html;schema/podgotovka-vozdukha__ugolnye-kolonny__pneumatech.html
prokompressor.ru__catalog__generatsiya-gazov;https://prokompressor.ru/catalog/generatsiya-gazov/;Генерация газов;gas_other;;4881;plain/prokompressor.ru__catalog__generatsiya-gazov.html;schema/prokompressor.ru__catalog__generatsiya-gazov.html
prokompressor.ru__catalog__osushiteli;https://prokompressor.ru/catalog/osushiteli/;Осушители воздуха для компрессоров;dryer_other;;4208;plain/prokompressor.ru__catalog__osushiteli.html;schema/prokompressor.ru__catalog__osushiteli.html
prokompressor.ru__catalog__podgotovka-vozdukha;https://prokompressor.ru/catalog/podgotovka-vozdukha/;Подготовка воздуха;air_prep;;4189;plain/prokompressor.ru__catalog__podgotovka-vozdukha.html;schema/prokompressor.ru__catalog__podgotovka-vozdukha.html
prokompressor.ru__catalog__raskhodomery-i-datchiki;https://prokompressor.ru/catalog/raskhodomery-i-datchiki/;Расходомеры и датчики;flowmeter;raskhodomery_i_datchiki;4785;plain/prokompressor.ru__catalog__raskhodomery-i-datchiki.html;schema/prokompressor.ru__catalog__raskhodomery-i-datchiki.html
prokompressor.ru__catalog__resivery;https://prokompressor.ru/catalog/resivery/;Воздушные ресиверы для компрессоров;receiver;;4616;plain/prokompressor.ru__catalog__resivery.html;schema/prokompressor.ru__catalog__resivery.html
prokompressor.ru__catalog__zapasnye-chasti-i-raskhodniki;https://prokompressor.ru/catalog/zapasnye-chasti-i-raskhodniki/;Воздушные фильтры для компрессоров;spare_parts;zapasnye_chasti_i_raskhodniki;4543;plain/prokompressor.ru__catalog__zapasnye-chasti-i-raskhodniki.html;schema/prokompressor.ru__catalog__zapasnye-chasti-i-raskhodniki.html
vintovye__dizelnye__100-to-132;https://prokompressor.ru/catalog/vozdushnye-kompressory/po-tipu/vintovye/dizelnye/100-to-132/;Дизельные винтовые компрессоры 100 кВт;compressor;;5288;plain/vintovye__dizelnye__100-to-132.html;schema/vintovye__dizelnye__100-to-132.html
vintovye__dizelnye__10000-to-10000;https://prokompressor.ru/catalog/vozdushnye-kompressory/po-tipu/vintovye/dizelnye/10000-to-10000/;Дизельные винтовые компрессоры производительностью 10 м3/мин (10000 л/мин);compressor;;4554;plain/vintovye__dizelnye__10000-to-10000.html;schema/vintovye__dizelnye__10000-to-10000.html
vintovye__dizelnye__110-to-110;https://prokompressor.ru/catalog/vozdushnye-kompressory/po-tipu/vintovye/dizelnye/110-to-110/;Дизельные винтовые компрессоры 110 кВт;compressor;;4841;plain/vintovye__dizelnye__110-to-110.html;schema/vintovye__dizelnye__110-to-110.html
vintovye__dizelnye__12000-to-12000;https://prokompressor.ru/catalog/vozdushnye-kompressory/po-tipu/vintovye/dizelnye/12000-to-12000/;Дизельные винтовые компрессоры производительностью 12 м3/мин (12000 л/мин);compressor;;4826;plain/vintovye__dizelnye__12000-to-12000.html;schema/vintovye__dizelnye__12000-to-12000.html
vintovye__dizelnye__132-to-132;https://prokompressor.ru/catalog/vozdushnye-kompressory/po-tipu/vintovye/dizelnye/132-to-132/;Дизельные винтовые компрессоры 132 кВт;compressor;;4595;plain/vintovye__dizelnye__132-to-132.html;schema/vintovye__dizelnye__132-to-132.html
vintovye__dizelnye__15-to-15;https://prokompressor.ru/catalog/vozdushnye-kompressory/po-tipu/vintovye/dizelnye/15-to-15/;Дизельные винтовые компрессоры 15 кВт;compressor;;4906;plain/vintovye__dizelnye__15-to-15.html;schema/vintovye__dizelnye__15-to-15.html
vintovye__dizelnye__15000-to-15000;https://prokompressor.ru/catalog/vozdushnye-kompressory/po-tipu/vintovye/dizelnye/15000-to-15000/;Дизельные винтовые компрессоры производительностью 15 м3/мин (15000 л/мин);compressor;;4965;plain/vintovye__dizelnye__15000-to-15000.html;schema/vintovye__dizelnye__15000-to-15000.html
vintovye__dizelnye__18.5-to-18.5;https://prokompressor.ru/catalog/vozdushnye-kompressory/po-tipu/vintovye/dizelnye/18.5-to-18.5/;Дизельные винтовые компрессоры 18,5 кВт;compressor;;4182;plain/vintovye__dizelnye__18.5-to-18.5.html;schema/vintovye__dizelnye__18.5-to-18.5.html
vintovye__dizelnye__2000-to-2000;https://prokompressor.ru/catalog/vozdushnye-kompressory/po-tipu/vintovye/dizelnye/2000-to-2000/;Дизельные винтовые компрессоры производительностью 2 м3/мин (2000 л/мин);compressor;;4634;plain/vintovye__dizelnye__2000-to-2000.html;schema/vintovye__dizelnye__2000-to-2000.html
vintovye__dizelnye__20000-to-20000;https://prokompressor.ru/catalog/vozdushnye-kompressory/po-tipu/vintovye/dizelnye/20000-to-20000/;Дизельные винтовые компрессоры производительностью 20 м3/мин (20000 л/мин);compressor;;5115;plain/vintovye__dizelnye__20000-to-20000.html;schema/vintovye__dizelnye__20000-to-20000.html
vintovye__dizelnye__220-to-220;https://prokompressor.ru/catalog/vozdushnye-kompressory/po-tipu/vintovye/dizelnye/220-to-220/;Дизельные винтовые компрессоры 220 кВт;compressor;;4313;plain/vintovye__dizelnye__220-to-220.html;schema/vintovye__dizelnye__220-to-220.html
vintovye__dizelnye__225-to-225;https://prokompressor.ru/catalog/vozdushnye-kompressory/po-tipu/vintovye/dizelnye/225-to-225/;Дизельные винтовые компрессоры 225 кВт;compressor;;4508;plain/vintovye__dizelnye__225-to-225.html;schema/vintovye__dizelnye__225-to-225.html
vintovye__dizelnye__23000-to-23000;https://prokompressor.ru/catalog/vozdushnye-kompressory/po-tipu/vintovye/dizelnye/23000-to-23000/;Дизельные винтовые компрессоры производительностью 23 м3/мин (23000 л/мин);compressor;;4272;plain/vintovye__dizelnye__23000-to-23000.html;schema/vintovye__dizelnye__23000-to-23000.html
vintovye__dizelnye__250-to-250;https://prokompressor.ru/catalog/vozdushnye-kompressory/po-tipu/vintovye/dizelnye/250-to-250/;Дизельные винтовые компрессоры с ресивером 250 л;compressor;;4673;plain/vintovye__dizelnye__250-to-250.html;schema/vintovye__dizelnye__250-to-250.html
vintovye__dizelnye__25000-to-25000;https://prokompressor.ru/catalog/vozdushnye-kompressory/po-tipu/vintovye/dizelnye/25000-to-25000/;Дизельные винтовые компрессоры производительностью 25 м3/мин (25000 л/мин);compressor;;4307;plain/vintovye__dizelnye__25000-to-25000.html;schema/vintovye__dizelnye__25000-to-25000.html
vintovye__dizelnye__3000-to-3000;https://prokompressor.ru/catalog/vozdushnye-kompressory/po-tipu/vintovye/dizelnye/3000-to-3000/;Дизельные винтовые компрессоры производительностью 3 м3/мин (3000 л/мин);compressor;;4752;plain/vintovye__dizelnye__3000-to-3000.html;schema/vintovye__dizelnye__3000-to-3000.html
vintovye__dizelnye__30000-to-30000;https://prokompressor.ru/catalog/vozdushnye-kompressory/po-tipu/vintovye/dizelnye/30000-to-30000/;Дизельные винтовые компрессоры производительностью 30 м3/мин (30000 л/мин);compressor;;4856;plain/vintovye__dizelnye__30000-to-30000.html;schema/vintovye__dizelnye__30000-to-30000.html
vintovye__dizelnye__315-to-315;https://prokompressor.ru/catalog/vozdushnye-kompressory/po-tipu/vintovye/dizelnye/315-to-315/;Дизельные винтовые компрессоры 315 кВт;compressor;;4820;plain/vintovye__dizelnye__315-to-315.html;schema/vintovye__dizelnye__315-to-315.html
vintovye__dizelnye__3500-to-3500;https://prokompressor.ru/catalog/vozdushnye-kompressory/po-tipu/vintovye/dizelnye/3500-to-3500/;Дизельные винтовые компрессоры производительностью 3,5 м3/мин (3500 л/мин);compressor;;4644;plain/vintovye__dizelnye__3500-to-3500.html;schema/vintovye__dizelnye__3500-to-3500.html
vintovye__dizelnye__37-to-37;https://prokompressor.ru/catalog/vozdushnye-kompressory/po-tipu/vintovye/dizelnye/37-to-37/;Дизельные винтовые компрессоры 37 кВт;compressor;;4701;plain/vintovye__dizelnye__37-to-37.html;schema/vintovye__dizelnye__37-to-37.html
vintovye__dizelnye__45-to-45;https://prokompressor.ru/catalog/vozdushnye-kompressory/po-tipu/vintovye/dizelnye/45-to-45/;Дизельные винтовые компрессоры 45 кВт;compressor;;4990;plain/vintovye__dizelnye__45-to-45.html;schema/vintovye__dizelnye__45-to-45.html
vintovye__dizelnye__45000-to-45000;https://prokompressor.ru/catalog/vozdushnye-kompressory/po-tipu/vintovye/dizelnye/45000-to-45000/;Дизельные винтовые компрессоры производительностью 45 м3/мин (45000 л/мин);compressor;;4826;plain/vintovye__dizelnye__45000-to-45000.html;schema/vintovye__dizelnye__45000-to-45000.html
vintovye__dizelnye__50-to-55;https://prokompressor.ru/catalog/vozdushnye-kompressory/po-tipu/vintovye/dizelnye/50-to-55/;Дизельные винтовые компрессоры 50 кВт;compressor;;4102;plain/vintovye__dizelnye__50-to-55.html;schema/vintovye__dizelnye__50-to-55.html
vintovye__dizelnye__5000-to-5000;https://prokompressor.ru/catalog/vozdushnye-kompressory/po-tipu/vintovye/dizelnye/5000-to-5000/;Дизельные винтовые компрессоры производительностью 5 м3/мин (5000 л/мин);compressor;;4670;plain/vintovye__dizelnye__5000-to-5000.html;schema/vintovye__dizelnye__5000-to-5000.html
vintovye__dizelnye__50000-to-50000;https://prokompressor.ru/catalog/vozdushnye-kompressory/po-tipu/vintovye/dizelnye/50000-to-50000/;Дизельные винтовые компрессоры производительностью 50 м3/мин (50000 л/мин);compressor;;4802;plain/vintovye__dizelnye__50000-to-50000.html;schema/vintovye__dizelnye__50000-to-50000.html
vintovye__dizelnye__55-to-55;https://prokompressor.ru/catalog/vozdushnye-kompressory/po-tipu/vintovye/dizelnye/55-to-55/;Дизельные винтовые компрессоры 55 кВт;compressor;;4034;plain/vintovye__dizelnye__55-to-55.html;schema/vintovye__dizelnye__55-to-55.html
vintovye__dizelnye__6000-to-6000;https://prokompressor.ru/catalog/vozdushnye-kompressory/po-tipu/vintovye/dizelnye/6000-to-6000/;Дизельные винтовые компрессоры производительностью 6 м3/мин (6000 л/мин);compressor;;4659;plain/vintovye__dizelnye__6000-to-6000.html;schema/vintovye__dizelnye__6000-to-6000.html
vintovye__dizelnye__7000-to-7000;https://prokompressor.ru/catalog/vozdushnye-kompressory/po-tipu/vintovye/dizelnye/7000-to-7000/;Дизельные винтовые компрессоры производительностью 7 м3/мин (7000 л/мин);compressor;;4553;plain/vintovye__dizelnye__7000-to-7000.html;schema/vintovye__dizelnye__7000-to-7000.html
vintovye__dizelnye__75-to-75;https://prokompressor.ru/catalog/vozdushnye-kompressory/po-tipu/vintovye/dizelnye/75-to-75/;Дизельные винтовые компрессоры 75 кВт;compressor;;4367;plain/vintovye__dizelnye__75-to-75.html;schema/vintovye__dizelnye__75-to-75.html
vintovye__dizelnye__90-to-90;https://prokompressor.ru/catalog/vozdushnye-kompressory/po-tipu/vintovye/dizelnye/90-to-90/;Дизельные винтовые компрессоры 90 кВт;compressor;;4868;plain/vintovye__dizelnye__90-to-90.html;schema/vintovye__dizelnye__90-to-90.html
vintovye__dizelnye__airbox;https://prokompressor.ru/catalog/vozdushnye-kompressory/po-tipu/vintovye/dizelnye/airbox/;Дизельные компрессоры AIRBOX;compressor;;4166;plain/vintovye__dizelnye__airbox.html;schema/vintovye__dizelnye__airbox.html
vintovye__dizelnye__ariacom;https://prokompressor.ru/catalog/vozdushnye-kompressory/po-tipu/vintovye/dizelnye/ariacom/;Дизельные винтовые компрессоры ARIACOM;compressor;ariacom;4964;plain/vintovye__dizelnye__ariacom.html;schema/vintovye__dizelnye__ariacom.html
vintovye__dizelnye__atlas-copco;https://prokompressor.ru/catalog/vozdushnye-kompressory/po-tipu/vintovye/dizelnye/atlas-copco/;Винтовые дизельные компрессоры Atlas Copco;compressor;atlas_copco;4681;plain/vintovye__dizelnye__atlas-copco.html;schema/vintovye__dizelnye__atlas-copco.html
vintovye__dizelnye__atmos;https://prokompressor.ru/catalog/vozdushnye-kompressory/po-tipu/vintovye/dizelnye/atmos/;Дизельные компрессоры Atmos;compressor;atmos;4149;plain/vintovye__dizelnye__atmos.html;schema/vintovye__dizelnye__atmos.html
vintovye__dizelnye__aztec;https://prokompressor.ru/catalog/vozdushnye-kompressory/po-tipu/vintovye/dizelnye/aztec/;Дизельные винтовые компрессоры AZTEC;compressor;;4767;plain/vintovye__dizelnye__aztec.html;schema/vintovye__dizelnye__aztec.html
vintovye__dizelnye__belarus;https://prokompressor.ru/catalog/vozdushnye-kompressory/po-tipu/vintovye/dizelnye/belarus/;Белорусские дизельные винтовые компрессоры;compressor;;4600;plain/vintovye__dizelnye__belarus.html;schema/vintovye__dizelnye__belarus.html
vintovye__dizelnye__bez-resivera;https://prokompressor.ru/catalog/vozdushnye-kompressory/po-tipu/vintovye/dizelnye/bez-resivera/;Дизельные винтовые компрессоры без ресивера;compressor;;4342;plain/vintovye__dizelnye__bez-resivera.html;schema/vintovye__dizelnye__bez-resivera.html
vintovye__dizelnye__bezhetsk;https://prokompressor.ru/catalog/vozdushnye-kompressory/po-tipu/vintovye/dizelnye/bezhetsk/;Дизельные компрессоры Бежецк;compressor;bezhetsk;4828;plain/vintovye__dizelnye__bezhetsk.html;schema/vintovye__dizelnye__bezhetsk.html
vintovye__dizelnye__chekhiya;https://prokompressor.ru/catalog/vozdushnye-kompressory/po-tipu/vintovye/dizelnye/chekhiya/;Чешские дизельные винтовые компрессоры;compressor;;4549;plain/vintovye__dizelnye__chekhiya.html;schema/vintovye__dizelnye__chekhiya.html
vintovye__dizelnye__comprag;https://prokompressor.ru/catalog/vozdushnye-kompressory/po-tipu/vintovye/dizelnye/comprag/;Дизельные компрессоры Comprag DACS;compressor;comprag;4656;plain/vintovye__dizelnye__comprag.html;schema/vintovye__dizelnye__comprag.html
vintovye__dizelnye__cross-air;https://prokompressor.ru/catalog/vozdushnye-kompressory/po-tipu/vintovye/dizelnye/cross-air/;Дизельные компрессоры Cross Air Borey;compressor;cross_air;4517;plain/vintovye__dizelnye__cross-air.html;schema/vintovye__dizelnye__cross-air.html
vintovye__dizelnye__dalgakiran;https://prokompressor.ru/catalog/vozdushnye-kompressory/po-tipu/vintovye/dizelnye/dalgakiran/;Дизельные компрессоры DALGAKIRAN;compressor;dalgakiran;4721;plain/vintovye__dizelnye__dalgakiran.html;schema/vintovye__dizelnye__dalgakiran.html
vintovye__dizelnye__dali;https://prokompressor.ru/catalog/vozdushnye-kompressory/po-tipu/vintovye/dizelnye/dali/;Дизельные винтовые компрессоры DALI;compressor;dali;4860;plain/vintovye__dizelnye__dali.html;schema/vintovye__dizelnye__dali.html
vintovye__dizelnye__das;https://prokompressor.ru/catalog/vozdushnye-kompressory/po-tipu/vintovye/dizelnye/das/;Дизельные компрессоры DAS;compressor;das;4813;plain/vintovye__dizelnye__das.html;schema/vintovye__dizelnye__das.html
vintovye__dizelnye__enger;https://prokompressor.ru/catalog/vozdushnye-kompressory/po-tipu/vintovye/dizelnye/enger/;Дизельные компрессоры Enger;compressor;enger;4738;plain/vintovye__dizelnye__enger.html;schema/vintovye__dizelnye__enger.html
vintovye__dizelnye__et-compressors;https://prokompressor.ru/catalog/vozdushnye-kompressory/po-tipu/vintovye/dizelnye/et-compressors/;Дизельные компрессоры ET Compressors;compressor;et_compressors;4768;plain/vintovye__dizelnye__et-compressors.html;schema/vintovye__dizelnye__et-compressors.html
vintovye__dizelnye__germaniya-rossiya;https://prokompressor.ru/catalog/vozdushnye-kompressory/po-tipu/vintovye/dizelnye/germaniya-rossiya/;Немецкие и российские дизельные винтовые компрессоры;compressor;;4720;plain/vintovye__dizelnye__germaniya-rossiya.html;schema/vintovye__dizelnye__germaniya-rossiya.html
vintovye__dizelnye__kitay;https://prokompressor.ru/catalog/vozdushnye-kompressory/po-tipu/vintovye/dizelnye/kitay/;Китайские дизельные винтовые компрессоры;compressor;;4411;plain/vintovye__dizelnye__kitay.html;schema/vintovye__dizelnye__kitay.html
vintovye__dizelnye__kompressory-10-bar;https://prokompressor.ru/catalog/vozdushnye-kompressory/po-tipu/vintovye/dizelnye/kompressory-10-bar/;Дизельные винтовые компрессоры 10 бар;compressor;;4641;plain/vintovye__dizelnye__kompressory-10-bar.html;schema/vintovye__dizelnye__kompressory-10-bar.html
vintovye__dizelnye__kompressory-12-bar;https://prokompressor.ru/catalog/vozdushnye-kompressory/po-tipu/vintovye/dizelnye/kompressory-12-bar/;Дизельные винтовые компрессоры 12 бар;compressor;;4251;plain/vintovye__dizelnye__kompressory-12-bar.html;schema/vintovye__dizelnye__kompressory-12-bar.html
vintovye__dizelnye__kompressory-13-bar;https://prokompressor.ru/catalog/vozdushnye-kompressory/po-tipu/vintovye/dizelnye/kompressory-13-bar/;Дизельные винтовые компрессоры 13 бар;compressor;;4848;plain/vintovye__dizelnye__kompressory-13-bar.html;schema/vintovye__dizelnye__kompressory-13-bar.html
vintovye__dizelnye__kompressory-15-bar;https://prokompressor.ru/catalog/vozdushnye-kompressory/po-tipu/vintovye/dizelnye/kompressory-15-bar/;Дизельные винтовые компрессоры 15 бар;compressor;;4591;plain/vintovye__dizelnye__kompressory-15-bar.html;schema/vintovye__dizelnye__kompressory-15-bar.html
vintovye__dizelnye__kompressory-16-bar;https://prokompressor.ru/catalog/vozdushnye-kompressory/po-tipu/vintovye/dizelnye/kompressory-16-bar/;Дизельные винтовые компрессоры 16 бар;compressor;;4005;plain/vintovye__dizelnye__kompressory-16-bar.html;schema/vintovye__dizelnye__kompressory-16-bar.html
vintovye__dizelnye__kompressory-20-bar;https://prokompressor.ru/catalog/vozdushnye-kompressory/po-tipu/vintovye/dizelnye/kompressory-20-bar/;Дизельные винтовые компрессоры 20 бар;compressor;;4630;plain/vintovye__dizelnye__kompressory-20-bar.html;schema/vintovye__dizelnye__kompressory-20-bar.html
vintovye__dizelnye__kompressory-25-bar;https://prokompressor.ru/catalog/vozdushnye-kompressory/po-tipu/vintovye/dizelnye/kompressory-25-bar/;Дизельные винтовые компрессоры 25 бар;compressor;;4792;plain/vintovye__dizelnye__kompressory-25-bar.html;schema/vintovye__dizelnye__kompressory-25-bar.html
vintovye__dizelnye__kompressory-30-bar;https://prokompressor.ru/catalog/vozdushnye-kompressory/po-tipu/vintovye/dizelnye/kompressory-30-bar/;Дизельные винтовые компрессоры 30 бар;compressor;;4509;plain/vintovye__dizelnye__kompressory-30-bar.html;schema/vintovye__dizelnye__kompressory-30-bar.html
vintovye__dizelnye__kompressory-40-bar;https://prokompressor.ru/catalog/vozdushnye-kompressory/po-tipu/vintovye/dizelnye/kompressory-40-bar/;Дизельные винтовые компрессоры 40 бар;compressor;;4295;plain/vintovye__dizelnye__kompressory-40-bar.html;schema/vintovye__dizelnye__kompressory-40-bar.html
vintovye__dizelnye__kompressory-7-bar;https://prokompressor.ru/catalog/vozdushnye-kompressory/po-tipu/vintovye/dizelnye/kompressory-7-bar/;Дизельные винтовые компрессоры 7 бар;compressor;;4867;plain/vintovye__dizelnye__kompressory-7-bar.html;schema/vintovye__dizelnye__kompressory-7-bar.html
vintovye__dizelnye__kompressory-8-bar;https://prokompressor.ru/catalog/vozdushnye-kompressory/po-tipu/vintovye/dizelnye/kompressory-8-bar/;Дизельные винтовые компрессоры 8 бар;compressor;;4804;plain/vintovye__dizelnye__kompressory-8-bar.html;schema/vintovye__dizelnye__kompressory-8-bar.html
vintovye__dizelnye__kraftmachine;https://prokompressor.ru/catalog/vozdushnye-kompressory/po-tipu/vintovye/dizelnye/kraftmachine/;Дизельные компрессоры KRAFTMACHINE;compressor;kraftmachine;4897;plain/vintovye__dizelnye__kraftmachine.html;schema/vintovye__dizelnye__kraftmachine.html
vintovye__dizelnye__magnus;https://prokompressor.ru/catalog/vozdushnye-kompressory/po-tipu/vintovye/dizelnye/magnus/;Дизельные компрессоры MAGNUS;compressor;magnus;4527;plain/vintovye__dizelnye__magnus.html;schema/vintovye__dizelnye__magnus.html
vintovye__dizelnye__master-blast-;https://prokompressor.ru/catalog/vozdushnye-kompressory/po-tipu/vintovye/dizelnye/master-blast-/;Дизельные компрессоры MASTER BLAST;compressor;master_blast;4986;plain/vintovye__dizelnye__master-blast-.html;schema/vintovye__dizelnye__master-blast-.html
vintovye__dizelnye__minskiy-motornyy-zavod;https://prokompressor.ru/catalog/vozdushnye-kompressory/po-tipu/vintovye/dizelnye/minskiy-motornyy-zavod/;Дизельные компрессоры Минский моторный завод;compressor;;4902;plain/vintovye__dizelnye__minskiy-motornyy-zavod.html;schema/vintovye__dizelnye__minskiy-motornyy-zavod.html
vintovye__dizelnye__ozen;https://prokompressor.ru/catalog/vozdushnye-kompressory/po-tipu/vintovye/dizelnye/ozen/;Дизельные компрессоры OZEN;compressor;ozen;4351;plain/vintovye__dizelnye__ozen.html;schema/vintovye__dizelnye__ozen.html
vintovye__dizelnye__polsha;https://prokompressor.ru/catalog/vozdushnye-kompressory/po-tipu/vintovye/dizelnye/polsha/;Польские дизельные винтовые компрессоры;compressor;;4858;plain/vintovye__dizelnye__polsha.html;schema/vintovye__dizelnye__polsha.html
vintovye__dizelnye__pryamoy;https://prokompressor.ru/catalog/vozdushnye-kompressory/po-tipu/vintovye/dizelnye/pryamoy/;Дизельные винтовые компрессоры с прямым приводом;compressor;;4228;plain/vintovye__dizelnye__pryamoy.html;schema/vintovye__dizelnye__pryamoy.html
vintovye__dizelnye__remennyy;https://prokompressor.ru/catalog/vozdushnye-kompressory/po-tipu/vintovye/dizelnye/remennyy/;Дизельные винтовые компрессоры с ременным приводом;compressor;;4768;plain/vintovye__dizelnye__remennyy.html;schema/vintovye__dizelnye__remennyy.html
vintovye__dizelnye__remeza;https://prokompressor.ru/catalog/vozdushnye-kompressory/po-tipu/vintovye/dizelnye/remeza/;Дизельные винтовые компрессоры Remeza;compressor;remeza;5029;plain/vintovye__dizelnye__remeza.html;schema/vintovye__dizelnye__remeza.html
vintovye__dizelnye__rossiya;https://prokompressor.ru/catalog/vozdushnye-kompressory/po-tipu/vintovye/dizelnye/rossiya/;Российские дизельные винтовые компрессоры;compressor;;4709;plain/vintovye__dizelnye__rossiya.html;schema/vintovye__dizelnye__rossiya.html
vintovye__dizelnye__s-osushitelem;https://prokompressor.ru/catalog/vozdushnye-kompressory/po-tipu/vintovye/dizelnye/s-osushitelem/;Дизельные винтовые компрессоры с осушителем;compressor;;4882;plain/vintovye__dizelnye__s-osushitelem.html;schema/vintovye__dizelnye__s-osushitelem.html
vintovye__dizelnye__shvetsiya;https://prokompressor.ru/catalog/vozdushnye-kompressory/po-tipu/vintovye/dizelnye/shvetsiya/;Шведские дизельные винтовые компрессоры;compressor;;4412;plain/vintovye__dizelnye__shvetsiya.html;schema/vintovye__dizelnye__shvetsiya.html
vintovye__dizelnye__turtsiya;https://prokompressor.ru/catalog/vozdushnye-kompressory/po-tipu/vintovye/dizelnye/turtsiya/;Турецкие дизельные винтовые компрессоры;compressor;;4496;plain/vintovye__dizelnye__turtsiya.html;schema/vintovye__dizelnye__turtsiya.html
vintovye__dizelnye__zega;https://prokompressor.ru/catalog/vozdushnye-kompressory/po-tipu/vintovye/dizelnye/zega/;Дизельные компрессоры ZEGA;compressor;zega;4644;plain/vintovye__dizelnye__zega.html;schema/vintovye__dizelnye__zega.html
vintovye__dizelnye__zif;https://prokompressor.ru/catalog/vozdushnye-kompressory/po-tipu/vintovye/dizelnye/zif/;Дизельные компрессоры ЗИФ;compressor;zif;3917;plain/vintovye__dizelnye__zif.html;schema/vintovye__dizelnye__zif.html
vintovye__dvukhstupenchatye__comaro;https://prokompressor.ru/catalog/vozdushnye-kompressory/po-tipu/vintovye/dvukhstupenchatye/comaro/;Двухступенчатые компрессоры COMARO;compressor;comaro;4789;plain/vintovye__dvukhstupenchatye__comaro.html;schema/vintovye__dvukhstupenchatye__comaro.html
vintovye__dvukhstupenchatye__dalgakiran;https://prokompressor.ru/catalog/vozdushnye-kompressory/po-tipu/vintovye/dvukhstupenchatye/dalgakiran/;Двухступенчатые компрессоры DALGAKIRAN;compressor;dalgakiran;4341;plain/vintovye__dvukhstupenchatye__dalgakiran.html;schema/vintovye__dvukhstupenchatye__dalgakiran.html
vintovye__dvukhstupenchatye__dali;https://prokompressor.ru/catalog/vozdushnye-kompressory/po-tipu/vintovye/dvukhstupenchatye/dali/;Двухступенчатые винтовые компрессоры DALI;compressor;dali;4454;plain/vintovye__dvukhstupenchatye__dali.html;schema/vintovye__dvukhstupenchatye__dali.html
vintovye__dvukhstupenchatye__enger;https://prokompressor.ru/catalog/vozdushnye-kompressory/po-tipu/vintovye/dvukhstupenchatye/enger/;Двухступенчатые винтовые компрессоры Enger;compressor;enger;4602;plain/vintovye__dvukhstupenchatye__enger.html;schema/vintovye__dvukhstupenchatye__enger.html
vintovye__elektricheskie_1__100-to-132;https://prokompressor.ru/catalog/vozdushnye-kompressory/po-tipu/vintovye/elektricheskie_1/100-to-132/;Электрические винтовые компрессоры 100 кВт;compressor;;4429;plain/vintovye__elektricheskie_1__100-to-132.html;schema/vintovye__elektricheskie_1__100-to-132.html
vintovye__elektricheskie_1__10000-to-10000;https://prokompressor.ru/catalog/vozdushnye-kompressory/po-tipu/vintovye/elektricheskie_1/10000-to-10000/;Электрические винтовые компрессоры производительностью 10 м3/мин (10000 л/мин);compressor;;4541;plain/vintovye__elektricheskie_1__10000-to-10000.html;schema/vintovye__elektricheskie_1__10000-to-10000.html
vintovye__elektricheskie_1__11-to-11;https://prokompressor.ru/catalog/vozdushnye-kompressory/po-tipu/vintovye/elektricheskie_1/11-to-11/;Электрические винтовые компрессоры 11 кВт;compressor;;4678;plain/vintovye__elektricheskie_1__11-to-11.html;schema/vintovye__elektricheskie_1__11-to-11.html
vintovye__elektricheskie_1__110-to-110;https://prokompressor.ru/catalog/vozdushnye-kompressory/po-tipu/vintovye/elektricheskie_1/110-to-110/;Электрические винтовые компрессоры 110 кВт;compressor;;4530;plain/vintovye__elektricheskie_1__110-to-110.html;schema/vintovye__elektricheskie_1__110-to-110.html
vintovye__elektricheskie_1__12000-to-12000;https://prokompressor.ru/catalog/vozdushnye-kompressory/po-tipu/vintovye/elektricheskie_1/12000-to-12000/;Электрические винтовые компрессоры производительностью 12 м3/мин (12000 л/мин);compressor;;4424;plain/vintovye__elektricheskie_1__12000-to-12000.html;schema/vintovye__elektricheskie_1__12000-to-12000.html
vintovye__elektricheskie_1__132-to-132;https://prokompressor.ru/catalog/vozdushnye-kompressory/po-tipu/vintovye/elektricheskie_1/132-to-132/;Электрические винтовые компрессоры 132 кВт;compressor;;4782;plain/vintovye__elektricheskie_1__132-to-132.html;schema/vintovye__elektricheskie_1__132-to-132.html
vintovye__elektricheskie_1__15-to-15;https://prokompressor.ru/catalog/vozdushnye-kompressory/po-tipu/vintovye/elektricheskie_1/15-to-15/;Электрические винтовые компрессоры 15 кВт;compressor;;4787;plain/vintovye__elektricheskie_1__15-to-15.html;schema/vintovye__elektricheskie_1__15-to-15.html
vintovye__elektricheskie_1__1500-to-1500;https://prokompressor.ru/catalog/vozdushnye-kompressory/po-tipu/vintovye/elektricheskie_1/1500-to-1500/;Электрические винтовые компрессоры производительностью 1500 л/мин;compressor;;4371;plain/vintovye__elektricheskie_1__1500-to-1500.html;schema/vintovye__elektricheskie_1__1500-to-1500.html
vintovye__elektricheskie_1__15000-to-15000;https://prokompressor.ru/catalog/vozdushnye-kompressory/po-tipu/vintovye/elektricheskie_1/15000-to-15000/;Электрические винтовые компрессоры производительностью 15 м3/мин (15000 л/мин);compressor;;4410;plain/vintovye__elektricheskie_1__15000-to-15000.html;schema/vintovye__elektricheskie_1__15000-to-15000.html
vintovye__elektricheskie_1__160-to-160;https://prokompressor.ru/catalog/vozdushnye-kompressory/po-tipu/vintovye/elektricheskie_1/160-to-160/;Электрические винтовые компрессоры 160 кВт;compressor;;4573;plain/vintovye__elektricheskie_1__160-to-160.html;schema/vintovye__elektricheskie_1__160-to-160.html
vintovye__elektricheskie_1__18.5-to-18.5;https://prokompressor.ru/catalog/vozdushnye-kompressory/po-tipu/vintovye/elektricheskie_1/18.5-to-18.5/;Электрические винтовые компрессоры 18,5 кВт;compressor;;4257;plain/vintovye__elektricheskie_1__18.5-to-18.5.html;schema/vintovye__elektricheskie_1__18.5-to-18.5.html
vintovye__elektricheskie_1__185-to-185;https://prokompressor.ru/catalog/vozdushnye-kompressory/po-tipu/vintovye/elektricheskie_1/185-to-185/;Электрические винтовые компрессоры 185 кВт;compressor;;3803;plain/vintovye__elektricheskie_1__185-to-185.html;schema/vintovye__elektricheskie_1__185-to-185.html
vintovye__elektricheskie_1__200-to-200;https://prokompressor.ru/catalog/vozdushnye-kompressory/po-tipu/vintovye/elektricheskie_1/200-to-200/;Электрические винтовые компрессоры с ресивером 200 л;compressor;;4586;plain/vintovye__elektricheskie_1__200-to-200.html;schema/vintovye__elektricheskie_1__200-to-200.html
vintovye__elektricheskie_1__2000-to-2000;https://prokompressor.ru/catalog/vozdushnye-kompressory/po-tipu/vintovye/elektricheskie_1/2000-to-2000/;Электрические винтовые компрессоры производительностью 2000 л/мин;compressor;;3937;plain/vintovye__elektricheskie_1__2000-to-2000.html;schema/vintovye__elektricheskie_1__2000-to-2000.html
vintovye__elektricheskie_1__20000-to-20000;https://prokompressor.ru/catalog/vozdushnye-kompressory/po-tipu/vintovye/elektricheskie_1/20000-to-20000/;Электрические винтовые компрессоры производительностью 20 м3/мин (20000 л/мин);compressor;;4567;plain/vintovye__elektricheskie_1__20000-to-20000.html;schema/vintovye__elektricheskie_1__20000-to-20000.html
vintovye__elektricheskie_1__22-to-22;https://prokompressor.ru/catalog/vozdushnye-kompressory/po-tipu/vintovye/elektricheskie_1/22-to-22/;Электрические винтовые компрессоры 22 кВт;compressor;;4632;plain/vintovye__elektricheskie_1__22-to-22.html;schema/vintovye__elektricheskie_1__22-to-22.html
vintovye__elektricheskie_1__220-230;https://prokompressor.ru/catalog/vozdushnye-kompressory/po-tipu/vintovye/elektricheskie_1/220-230/;Электрические винтовые компрессоры 220 В;compressor;;4417;plain/vintovye__elektricheskie_1__220-230.html;schema/vintovye__elektricheskie_1__220-230.html
vintovye__elektricheskie_1__220-to-220;https://prokompressor.ru/catalog/vozdushnye-kompressory/po-tipu/vintovye/elektricheskie_1/220-to-220/;Электрические винтовые компрессоры 220 кВт;compressor;;4404;plain/vintovye__elektricheskie_1__220-to-220.html;schema/vintovye__elektricheskie_1__220-to-220.html
vintovye__elektricheskie_1__225-to-225;https://prokompressor.ru/catalog/vozdushnye-kompressory/po-tipu/vintovye/elektricheskie_1/225-to-225/;Электрические винтовые компрессоры 225 кВт;compressor;;3854;plain/vintovye__elektricheskie_1__225-to-225.html;schema/vintovye__elektricheskie_1__225-to-225.html
vintovye__elektricheskie_1__23000-to-23000;https://prokompressor.ru/catalog/vozdushnye-kompressory/po-tipu/vintovye/elektricheskie_1/23000-to-23000/;Электрические винтовые компрессоры производительностью 23 м3/мин (23000 л/мин);compressor;;4470;plain/vintovye__elektricheskie_1__23000-to-23000.html;schema/vintovye__elektricheskie_1__23000-to-23000.html
vintovye__elektricheskie_1__250-to-250;https://prokompressor.ru/catalog/vozdushnye-kompressory/po-tipu/vintovye/elektricheskie_1/250-to-250/;Электрические винтовые компрессоры с ресивером 250 л;compressor;;4715;plain/vintovye__elektricheskie_1__250-to-250.html;schema/vintovye__elektricheskie_1__250-to-250.html
vintovye__elektricheskie_1__25000-to-25000;https://prokompressor.ru/catalog/vozdushnye-kompressory/po-tipu/vintovye/elektricheskie_1/25000-to-25000/;Электрические винтовые компрессоры производительностью 25 м3/мин (25000 л/мин);compressor;;4673;plain/vintovye__elektricheskie_1__25000-to-25000.html;schema/vintovye__elektricheskie_1__25000-to-25000.html
vintovye__elektricheskie_1__30-to-30;https://prokompressor.ru/catalog/vozdushnye-kompressory/po-tipu/vintovye/elektricheskie_1/30-to-30/;Электрические винтовые компрессоры 30 кВт;compressor;;4267;plain/vintovye__elektricheskie_1__30-to-30.html;schema/vintovye__elektricheskie_1__30-to-30.html
vintovye__elektricheskie_1__3000-to-3000;https://prokompressor.ru/catalog/vozdushnye-kompressory/po-tipu/vintovye/elektricheskie_1/3000-to-3000/;Электрические винтовые компрессоры производительностью 3000 л/мин;compressor;;4677;plain/vintovye__elektricheskie_1__3000-to-3000.html;schema/vintovye__elektricheskie_1__3000-to-3000.html
vintovye__elektricheskie_1__30000-to-30000;https://prokompressor.ru/catalog/vozdushnye-kompressory/po-tipu/vintovye/elektricheskie_1/30000-to-30000/;Электрические винтовые компрессоры производительностью 30 м3/мин (30000 л/мин);compressor;;4760;plain/vintovye__elektricheskie_1__30000-to-30000.html;schema/vintovye__elektricheskie_1__30000-to-30000.html
vintovye__elektricheskie_1__315-to-315;https://prokompressor.ru/catalog/vozdushnye-kompressory/po-tipu/vintovye/elektricheskie_1/315-to-315/;Электрические винтовые компрессоры 315 кВт;compressor;;4793;plain/vintovye__elektricheskie_1__315-to-315.html;schema/vintovye__elektricheskie_1__315-to-315.html
vintovye__elektricheskie_1__3500-to-3500;https://prokompressor.ru/catalog/vozdushnye-kompressory/po-tipu/vintovye/elektricheskie_1/3500-to-3500/;Электрические винтовые компрессоры производительностью 3,5 м3/мин (3500 л/мин);compressor;;4729;plain/vintovye__elektricheskie_1__3500-to-3500.html;schema/vintovye__elektricheskie_1__3500-to-3500.html
vintovye__elektricheskie_1__355-to-355;https://prokompressor.ru/catalog/vozdushnye-kompressory/po-tipu/vintovye/elektricheskie_1/355-to-355/;Электрические винтовые компрессоры 355 кВт;compressor;;4681;plain/vintovye__elektricheskie_1__355-to-355.html;schema/vintovye__elektricheskie_1__355-to-355.html
vintovye__elektricheskie_1__37-to-37;https://prokompressor.ru/catalog/vozdushnye-kompressory/po-tipu/vintovye/elektricheskie_1/37-to-37/;Электрические винтовые компрессоры 37 кВт;compressor;;4025;plain/vintovye__elektricheskie_1__37-to-37.html;schema/vintovye__elektricheskie_1__37-to-37.html
vintovye__elektricheskie_1__380-380-660-400;https://prokompressor.ru/catalog/vozdushnye-kompressory/po-tipu/vintovye/elektricheskie_1/380-380-660-400/;Электрические винтовые компрессоры 380 В;compressor;;4760;plain/vintovye__elektricheskie_1__380-380-660-400.html;schema/vintovye__elektricheskie_1__380-380-660-400.html
vintovye__elektricheskie_1__400-to-400;https://prokompressor.ru/catalog/vozdushnye-kompressory/po-tipu/vintovye/elektricheskie_1/400-to-400/;Электрические винтовые компрессоры с ресивером 400 л;compressor;;4758;plain/vintovye__elektricheskie_1__400-to-400.html;schema/vintovye__elektricheskie_1__400-to-400.html
vintovye__elektricheskie_1__45-to-45;https://prokompressor.ru/catalog/vozdushnye-kompressory/po-tipu/vintovye/elektricheskie_1/45-to-45/;Электрические винтовые компрессоры 45 кВт;compressor;;4919;plain/vintovye__elektricheskie_1__45-to-45.html;schema/vintovye__elektricheskie_1__45-to-45.html
vintovye__elektricheskie_1__450-to-450;https://prokompressor.ru/catalog/vozdushnye-kompressory/po-tipu/vintovye/elektricheskie_1/450-to-450/;Электрические винтовые компрессоры с ресивером 450 л;compressor;;4828;plain/vintovye__elektricheskie_1__450-to-450.html;schema/vintovye__elektricheskie_1__450-to-450.html
vintovye__elektricheskie_1__45000-to-45000;https://prokompressor.ru/catalog/vozdushnye-kompressory/po-tipu/vintovye/elektricheskie_1/45000-to-45000/;Электрические винтовые компрессоры производительностью 45 м3/мин (45000 л/мин);compressor;;4006;plain/vintovye__elektricheskie_1__45000-to-45000.html;schema/vintovye__elektricheskie_1__45000-to-45000.html
vintovye__elektricheskie_1__5.5-to-5.5;https://prokompressor.ru/catalog/vozdushnye-kompressory/po-tipu/vintovye/elektricheskie_1/5.5-to-5.5/;Электрические винтовые компрессоры 5,5 кВт;compressor;;4401;plain/vintovye__elektricheskie_1__5.5-to-5.5.html;schema/vintovye__elektricheskie_1__5.5-to-5.5.html
vintovye__elektricheskie_1__50-to-55;https://prokompressor.ru/catalog/vozdushnye-kompressory/po-tipu/vintovye/elektricheskie_1/50-to-55/;Электрические винтовые компрессоры 50 кВт;compressor;;4536;plain/vintovye__elektricheskie_1__50-to-55.html;schema/vintovye__elektricheskie_1__50-to-55.html
vintovye__elektricheskie_1__500-to-500;https://prokompressor.ru/catalog/vozdushnye-kompressory/po-tipu/vintovye/elektricheskie_1/500-to-500/;Электрические винтовые компрессоры с ресивером 500 л;compressor;;4634;plain/vintovye__elektricheskie_1__500-to-500.html;schema/vintovye__elektricheskie_1__500-to-500.html
vintovye__elektricheskie_1__5000-to-5000;https://prokompressor.ru/catalog/vozdushnye-kompressory/po-tipu/vintovye/elektricheskie_1/5000-to-5000/;Электрические винтовые компрессоры производительностью 5 м3/мин (5000 л/мин);compressor;;4261;plain/vintovye__elektricheskie_1__5000-to-5000.html;schema/vintovye__elektricheskie_1__5000-to-5000.html
vintovye__elektricheskie_1__50000-to-50000;https://prokompressor.ru/catalog/vozdushnye-kompressory/po-tipu/vintovye/elektricheskie_1/50000-to-50000/;Электрические винтовые компрессоры производительностью 50 м3/мин (50000 л/мин);compressor;;4382;plain/vintovye__elektricheskie_1__50000-to-50000.html;schema/vintovye__elektricheskie_1__50000-to-50000.html
vintovye__elektricheskie_1__55-to-55;https://prokompressor.ru/catalog/vozdushnye-kompressory/po-tipu/vintovye/elektricheskie_1/55-to-55/;Электрические винтовые компрессоры 55 кВт;compressor;;4962;plain/vintovye__elektricheskie_1__55-to-55.html;schema/vintovye__elektricheskie_1__55-to-55.html
vintovye__elektricheskie_1__600-to-600;https://prokompressor.ru/catalog/vozdushnye-kompressory/po-tipu/vintovye/elektricheskie_1/600-to-600/;Электрические винтовые компрессоры производительностью 600 л/мин;compressor;;4259;plain/vintovye__elektricheskie_1__600-to-600.html;schema/vintovye__elektricheskie_1__600-to-600.html
vintovye__elektricheskie_1__6000-to-6000;https://prokompressor.ru/catalog/vozdushnye-kompressory/po-tipu/vintovye/elektricheskie_1/6000-to-6000/;Электрические винтовые компрессоры производительностью 6 м3/мин (6000 л/мин);compressor;;5012;plain/vintovye__elektricheskie_1__6000-to-6000.html;schema/vintovye__elektricheskie_1__6000-to-6000.html
vintovye__elektricheskie_1__7-to-7;https://prokompressor.ru/catalog/vozdushnye-kompressory/po-tipu/vintovye/elektricheskie_1/7-to-7/;Электрические винтовые компрессоры 7 кВт;compressor;;4757;plain/vintovye__elektricheskie_1__7-to-7.html;schema/vintovye__elektricheskie_1__7-to-7.html
vintovye__elektricheskie_1__7.5-to-7.5;https://prokompressor.ru/catalog/vozdushnye-kompressory/po-tipu/vintovye/elektricheskie_1/7.5-to-7.5/;Электрические винтовые компрессоры 7,5 кВт;compressor;;4482;plain/vintovye__elektricheskie_1__7.5-to-7.5.html;schema/vintovye__elektricheskie_1__7.5-to-7.5.html
vintovye__elektricheskie_1__700-to-700;https://prokompressor.ru/catalog/vozdushnye-kompressory/po-tipu/vintovye/elektricheskie_1/700-to-700/;Электрические винтовые компрессоры производительностью 700 л/мин;compressor;;4715;plain/vintovye__elektricheskie_1__700-to-700.html;schema/vintovye__elektricheskie_1__700-to-700.html
vintovye__elektricheskie_1__7000-to-7000;https://prokompressor.ru/catalog/vozdushnye-kompressory/po-tipu/vintovye/elektricheskie_1/7000-to-7000/;Электрические винтовые компрессоры производительностью 7 м3/мин (7000 л/мин);compressor;;4882;plain/vintovye__elektricheskie_1__7000-to-7000.html;schema/vintovye__elektricheskie_1__7000-to-7000.html
vintovye__elektricheskie_1__75-to-75;https://prokompressor.ru/catalog/vozdushnye-kompressory/po-tipu/vintovye/elektricheskie_1/75-to-75/;Электрические винтовые компрессоры 75 кВт;compressor;;4206;plain/vintovye__elektricheskie_1__75-to-75.html;schema/vintovye__elektricheskie_1__75-to-75.html
vintovye__elektricheskie_1__800-to-800;https://prokompressor.ru/catalog/vozdushnye-kompressory/po-tipu/vintovye/elektricheskie_1/800-to-800/;Электрические винтовые компрессоры производительностью 800 л/мин;compressor;;4225;plain/vintovye__elektricheskie_1__800-to-800.html;schema/vintovye__elektricheskie_1__800-to-800.html
vintovye__elektricheskie_1__90-to-90;https://prokompressor.ru/catalog/vozdushnye-kompressory/po-tipu/vintovye/elektricheskie_1/90-to-90/;Электрические винтовые компрессоры 90 кВт;compressor;;4849;plain/vintovye__elektricheskie_1__90-to-90.html;schema/vintovye__elektricheskie_1__90-to-90.html
vintovye__elektricheskie_1__abac;https://prokompressor.ru/catalog/vozdushnye-kompressory/po-tipu/vintovye/elektricheskie_1/abac/;Винтовые компрессоры ABAC электрические;compressor;abac;4405;plain/vintovye__elektricheskie_1__abac.html;schema/vintovye__elektricheskie_1__abac.html
vintovye__elektricheskie_1__airman;https://prokompressor.ru/catalog/vozdushnye-kompressory/po-tipu/vintovye/elektricheskie_1/airman/;Электрические винтовые компрессоры AIRMAN;compressor;airman;4053;plain/vintovye__elektricheskie_1__airman.html;schema/vintovye__elektricheskie_1__airman.html
vintovye__elektricheskie_1__airpol;https://prokompressor.ru/catalog/vozdushnye-kompressory/po-tipu/vintovye/elektricheskie_1/airpol/;Винтовые компрессоры Airpol;compressor;airpol;4897;plain/vintovye__elektricheskie_1__airpol.html;schema/vintovye__elektricheskie_1__airpol.html
vintovye__elektricheskie_1__almig;https://prokompressor.ru/catalog/vozdushnye-kompressory/po-tipu/vintovye/elektricheskie_1/almig/;Винтовые компрессоры ALMiG;compressor;almig;4229;plain/vintovye__elektricheskie_1__almig.html;schema/vintovye__elektricheskie_1__almig.html
vintovye__elektricheskie_1__ariacom;https://prokompressor.ru/catalog/vozdushnye-kompressory/po-tipu/vintovye/elektricheskie_1/ariacom/;Электрические винтовые компрессоры ARIACOM;compressor;ariacom;4526;plain/vintovye__elektricheskie_1__ariacom.html;schema/vintovye__elektricheskie_1__ariacom.html
vintovye__elektricheskie_1__atmos;https://prokompressor.ru/catalog/vozdushnye-kompressory/po-tipu/vintovye/elektricheskie_1/atmos/;Электрические винтовые компрессоры Atmos;compressor;atmos;4747;plain/vintovye__elektricheskie_1__atmos.html;schema/vintovye__elektricheskie_1__atmos.html
vintovye__elektricheskie_1__atom;https://prokompressor.ru/catalog/vozdushnye-kompressory/po-tipu/vintovye/elektricheskie_1/atom/;Электрические винтовые компрессоры ATOM;compressor;atom;4139;plain/vintovye__elektricheskie_1__atom.html;schema/vintovye__elektricheskie_1__atom.html
vintovye__elektricheskie_1__belarus;https://prokompressor.ru/catalog/vozdushnye-kompressory/po-tipu/vintovye/elektricheskie_1/belarus/;Белорусские электрические винтовые компрессоры;compressor;;4375;plain/vintovye__elektricheskie_1__belarus.html;schema/vintovye__elektricheskie_1__belarus.html
vintovye__elektricheskie_1__berg;https://prokompressor.ru/catalog/vozdushnye-kompressory/po-tipu/vintovye/elektricheskie_1/berg/;Винтовые электрические компрессоры BERG;compressor;berg;4782;plain/vintovye__elektricheskie_1__berg.html;schema/vintovye__elektricheskie_1__berg.html
vintovye__elektricheskie_1__bez-osushitelya-na-resivere-bez-chastotnogo-preobrazovatelya;https://prokompressor.ru/catalog/vozdushnye-kompressory/po-tipu/vintovye/elektricheskie_1/bez-osushitelya-na-resivere-bez-chastotnogo-preobrazovatelya/;Электрические винтовые компрессоры базового исполнения;compressor;;4401;plain/vintovye__elektricheskie_1__bez-osushitelya-na-resivere-bez-chastotnogo-preobrazovatelya.html;schema/vintovye__elektricheskie_1__bez-osushitelya-na-resivere-bez-chastotnogo-preobrazovatelya.html
vintovye__elektricheskie_1__bez-osushitelya-na-resivere;https://prokompressor.ru/catalog/vozdushnye-kompressory/po-tipu/vintovye/elektricheskie_1/bez-osushitelya-na-resivere/;Электрические винтовые компрессоры без осушителя на ресивере;compressor;;4289;plain/vintovye__elektricheskie_1__bez-osushitelya-na-resivere.html;schema/vintovye__elektricheskie_1__bez-osushitelya-na-resivere.html
vintovye__elektricheskie_1__bez-resivera;https://prokompressor.ru/catalog/vozdushnye-kompressory/po-tipu/vintovye/elektricheskie_1/bez-resivera/;Электрические винтовые компрессоры без ресивера;compressor;;4508;plain/vintovye__elektricheskie_1__bez-resivera.html;schema/vintovye__elektricheskie_1__bez-resivera.html
vintovye__elektricheskie_1__bezhetsk;https://prokompressor.ru/catalog/vozdushnye-kompressory/po-tipu/vintovye/elektricheskie_1/bezhetsk/;Электрические винтовые компрессоры Бежецк;compressor;bezhetsk;4455;plain/vintovye__elektricheskie_1__bezhetsk.html;schema/vintovye__elektricheskie_1__bezhetsk.html
vintovye__elektricheskie_1__bezmaslyanyy;https://prokompressor.ru/catalog/vozdushnye-kompressory/po-tipu/vintovye/elektricheskie_1/bezmaslyanyy/;Безмасляные электрические винтовые компрессоры;compressor;;3732;plain/vintovye__elektricheskie_1__bezmaslyanyy.html;schema/vintovye__elektricheskie_1__bezmaslyanyy.html
vintovye__elektricheskie_1__chekhiya;https://prokompressor.ru/catalog/vozdushnye-kompressory/po-tipu/vintovye/elektricheskie_1/chekhiya/;Чешские электрические винтовые компрессоры;compressor;;4604;plain/vintovye__elektricheskie_1__chekhiya.html;schema/vintovye__elektricheskie_1__chekhiya.html
vintovye__elektricheskie_1__comaro;https://prokompressor.ru/catalog/vozdushnye-kompressory/po-tipu/vintovye/elektricheskie_1/comaro/;Винтовые компрессоры COMARO;compressor;comaro;4169;plain/vintovye__elektricheskie_1__comaro.html;schema/vintovye__elektricheskie_1__comaro.html
vintovye__elektricheskie_1__comprag;https://prokompressor.ru/catalog/vozdushnye-kompressory/po-tipu/vintovye/elektricheskie_1/comprag/;Винтовые электрические компрессоры Comprag;compressor;comprag;4796;plain/vintovye__elektricheskie_1__comprag.html;schema/vintovye__elektricheskie_1__comprag.html
vintovye__elektricheskie_1__cross-air;https://prokompressor.ru/catalog/vozdushnye-kompressory/po-tipu/vintovye/elektricheskie_1/cross-air/;Винтовые электрические компрессоры Cross Air;compressor;cross_air;4751;plain/vintovye__elektricheskie_1__cross-air.html;schema/vintovye__elektricheskie_1__cross-air.html
vintovye__elektricheskie_1__dalgakiran;https://prokompressor.ru/catalog/vozdushnye-kompressory/po-tipu/vintovye/elektricheskie_1/dalgakiran/;Электрические винтовые компрессоры DALGAKIRAN;compressor;dalgakiran;4632;plain/vintovye__elektricheskie_1__dalgakiran.html;schema/vintovye__elektricheskie_1__dalgakiran.html
vintovye__elektricheskie_1__dali;https://prokompressor.ru/catalog/vozdushnye-kompressory/po-tipu/vintovye/elektricheskie_1/dali/;Электрические винтовые компрессоры DALI;compressor;dali;4358;plain/vintovye__elektricheskie_1__dali.html;schema/vintovye__elektricheskie_1__dali.html
vintovye__elektricheskie_1__das;https://prokompressor.ru/catalog/vozdushnye-kompressory/po-tipu/vintovye/elektricheskie_1/das/;Электрические винтовые компрессоры DAS;compressor;das;4799;plain/vintovye__elektricheskie_1__das.html;schema/vintovye__elektricheskie_1__das.html
vintovye__elektricheskie_1__ekomak;https://prokompressor.ru/catalog/vozdushnye-kompressory/po-tipu/vintovye/elektricheskie_1/ekomak/;Электрические винтовые компрессоры Ekomak;compressor;ekomak;4270;plain/vintovye__elektricheskie_1__ekomak.html;schema/vintovye__elektricheskie_1__ekomak.html
vintovye__elektricheskie_1__enger;https://prokompressor.ru/catalog/vozdushnye-kompressory/po-tipu/vintovye/elektricheskie_1/enger/;Электрические винтовые компрессоры Enger;compressor;enger;4772;plain/vintovye__elektricheskie_1__enger.html;schema/vintovye__elektricheskie_1__enger.html
vintovye__elektricheskie_1__et-compressors;https://prokompressor.ru/catalog/vozdushnye-kompressory/po-tipu/vintovye/elektricheskie_1/et-compressors/;Электрические винтовые компрессоры ET Compressors;compressor;et_compressors;5103;plain/vintovye__elektricheskie_1__et-compressors.html;schema/vintovye__elektricheskie_1__et-compressors.html
vintovye__elektricheskie_1__fiac;https://prokompressor.ru/catalog/vozdushnye-kompressory/po-tipu/vintovye/elektricheskie_1/fiac/;Электрические винтовые компрессоры FIAC;compressor;fiac;4784;plain/vintovye__elektricheskie_1__fiac.html;schema/vintovye__elektricheskie_1__fiac.html
vintovye__elektricheskie_1__fini;https://prokompressor.ru/catalog/vozdushnye-kompressory/po-tipu/vintovye/elektricheskie_1/fini/;Электрические винтовые компрессоры Fini;compressor;fini;4956;plain/vintovye__elektricheskie_1__fini.html;schema/vintovye__elektricheskie_1__fini.html
vintovye__elektricheskie_1__fubag;https://prokompressor.ru/catalog/vozdushnye-kompressory/po-tipu/vintovye/elektricheskie_1/fubag/;Электрические винтовые компрессоры Fubag;compressor;fubag;4383;plain/vintovye__elektricheskie_1__fubag.html;schema/vintovye__elektricheskie_1__fubag.html
vintovye__elektricheskie_1__germaniya-rossiya;https://prokompressor.ru/catalog/vozdushnye-kompressory/po-tipu/vintovye/elektricheskie_1/germaniya-rossiya/;Немецкие и российские электрические винтовые компрессоры;compressor;;4840;plain/vintovye__elektricheskie_1__germaniya-rossiya.html;schema/vintovye__elektricheskie_1__germaniya-rossiya.html
vintovye__elektricheskie_1__germaniya;https://prokompressor.ru/catalog/vozdushnye-kompressory/po-tipu/vintovye/elektricheskie_1/germaniya/;Немецкие электрические винтовые компрессоры;compressor;;3989;plain/vintovye__elektricheskie_1__germaniya.html;schema/vintovye__elektricheskie_1__germaniya.html
vintovye__elektricheskie_1__hansmann;https://prokompressor.ru/catalog/vozdushnye-kompressory/po-tipu/vintovye/elektricheskie_1/hansmann/;Электрические винтовые компрессоры Hansmann;compressor;hansmann;4492;plain/vintovye__elektricheskie_1__hansmann.html;schema/vintovye__elektricheskie_1__hansmann.html
vintovye__elektricheskie_1__ingro;https://prokompressor.ru/catalog/vozdushnye-kompressory/po-tipu/vintovye/elektricheskie_1/ingro/;Винтовые компрессоры INGRO с прямым приводом;compressor;ingro;4220;plain/vintovye__elektricheskie_1__ingro.html;schema/vintovye__elektricheskie_1__ingro.html
vintovye__elektricheskie_1__ironmac;https://prokompressor.ru/catalog/vozdushnye-kompressory/po-tipu/vintovye/elektricheskie_1/ironmac/;Электрические винтовые компрессоры IRONMAC;compressor;ironmac;4182;plain/vintovye__elektricheskie_1__ironmac.html;schema/vintovye__elektricheskie_1__ironmac.html
vintovye__elektricheskie_1__italiya-kitay;https://prokompressor.ru/catalog/vozdushnye-kompressory/po-tipu/vintovye/elektricheskie_1/italiya-kitay/;Итальянские и китайские электрические винтовые компрессоры;compressor;;4184;plain/vintovye__elektricheskie_1__italiya-kitay.html;schema/vintovye__elektricheskie_1__italiya-kitay.html
vintovye__elektricheskie_1__italiya;https://prokompressor.ru/catalog/vozdushnye-kompressory/po-tipu/vintovye/elektricheskie_1/italiya/;Итальянские электрические винтовые компрессоры;compressor;;4905;plain/vintovye__elektricheskie_1__italiya.html;schema/vintovye__elektricheskie_1__italiya.html
vintovye__elektricheskie_1__kitay;https://prokompressor.ru/catalog/vozdushnye-kompressory/po-tipu/vintovye/elektricheskie_1/kitay/;Китайские электрические винтовые компрессоры;compressor;;4860;plain/vintovye__elektricheskie_1__kitay.html;schema/vintovye__elektricheskie_1__kitay.html
vintovye__elektricheskie_1__kompressory-10-bar;https://prokompressor.ru/catalog/vozdushnye-kompressory/po-tipu/vintovye/elektricheskie_1/kompressory-10-bar/;Электрические винтовые компрессоры 10 бар;compressor;;4801;plain/vintovye__elektricheskie_1__kompressory-10-bar.html;schema/vintovye__elektricheskie_1__kompressory-10-bar.html
vintovye__elektricheskie_1__kompressory-1000-l-min;https://prokompressor.ru/catalog/vozdushnye-kompressory/po-tipu/vintovye/elektricheskie_1/kompressory-1000-l-min/;Электрические винтовые компрессоры производительностью 1000 л/мин;compressor;;4661;plain/vintovye__elektricheskie_1__kompressory-1000-l-min.html;schema/vintovye__elektricheskie_1__kompressory-1000-l-min.html
vintovye__elektricheskie_1__kompressory-12-bar;https://prokompressor.ru/catalog/vozdushnye-kompressory/po-tipu/vintovye/elektricheskie_1/kompressory-12-bar/;Электрические винтовые компрессоры 12 бар;compressor;;4052;plain/vintovye__elektricheskie_1__kompressory-12-bar.html;schema/vintovye__elektricheskie_1__kompressory-12-bar.html
vintovye__elektricheskie_1__kompressory-13-bar;https://prokompressor.ru/catalog/vozdushnye-kompressory/po-tipu/vintovye/elektricheskie_1/kompressory-13-bar/;Электрические винтовые компрессоры 13 бар;compressor;;4742;plain/vintovye__elektricheskie_1__kompressory-13-bar.html;schema/vintovye__elektricheskie_1__kompressory-13-bar.html
vintovye__elektricheskie_1__kompressory-15-bar;https://prokompressor.ru/catalog/vozdushnye-kompressory/po-tipu/vintovye/elektricheskie_1/kompressory-15-bar/;Электрические винтовые компрессоры 15 бар;compressor;;4847;plain/vintovye__elektricheskie_1__kompressory-15-bar.html;schema/vintovye__elektricheskie_1__kompressory-15-bar.html
vintovye__elektricheskie_1__kompressory-16-bar;https://prokompressor.ru/catalog/vozdushnye-kompressory/po-tipu/vintovye/elektricheskie_1/kompressory-16-bar/;Электрические винтовые компрессоры 16 бар;compressor;;3951;plain/vintovye__elektricheskie_1__kompressory-16-bar.html;schema/vintovye__elektricheskie_1__kompressory-16-bar.html
vintovye__elektricheskie_1__kompressory-20-bar;https://prokompressor.ru/catalog/vozdushnye-kompressory/po-tipu/vintovye/elektricheskie_1/kompressory-20-bar/;Электрические винтовые компрессоры 20 бар;compressor;;4189;plain/vintovye__elektricheskie_1__kompressory-20-bar.html;schema/vintovye__elektricheskie_1__kompressory-20-bar.html
vintovye__elektricheskie_1__kompressory-25-bar;https://prokompressor.ru/catalog/vozdushnye-kompressory/po-tipu/vintovye/elektricheskie_1/kompressory-25-bar/;Электрические винтовые компрессоры 25 бар;compressor;;4985;plain/vintovye__elektricheskie_1__kompressory-25-bar.html;schema/vintovye__elektricheskie_1__kompressory-25-bar.html
vintovye__elektricheskie_1__kompressory-30-bar;https://prokompressor.ru/catalog/vozdushnye-kompressory/po-tipu/vintovye/elektricheskie_1/kompressory-30-bar/;Электрические винтовые компрессоры 30 бар;compressor;;4548;plain/vintovye__elektricheskie_1__kompressory-30-bar.html;schema/vintovye__elektricheskie_1__kompressory-30-bar.html
vintovye__elektricheskie_1__kompressory-5-bar;https://prokompressor.ru/catalog/vozdushnye-kompressory/po-tipu/vintovye/elektricheskie_1/kompressory-5-bar/;Электрические винтовые компрессоры 5 бар;compressor;;4874;plain/vintovye__elektricheskie_1__kompressory-5-bar.html;schema/vintovye__elektricheskie_1__kompressory-5-bar.html
vintovye__elektricheskie_1__kompressory-6-bar;https://prokompressor.ru/catalog/vozdushnye-kompressory/po-tipu/vintovye/elektricheskie_1/kompressory-6-bar/;Электрические винтовые компрессоры 6 бар;compressor;;4465;plain/vintovye__elektricheskie_1__kompressory-6-bar.html;schema/vintovye__elektricheskie_1__kompressory-6-bar.html
vintovye__elektricheskie_1__kompressory-7-bar;https://prokompressor.ru/catalog/vozdushnye-kompressory/po-tipu/vintovye/elektricheskie_1/kompressory-7-bar/;Электрические винтовые компрессоры 7 бар;compressor;;4417;plain/vintovye__elektricheskie_1__kompressory-7-bar.html;schema/vintovye__elektricheskie_1__kompressory-7-bar.html
vintovye__elektricheskie_1__kompressory-8-bar;https://prokompressor.ru/catalog/vozdushnye-kompressory/po-tipu/vintovye/elektricheskie_1/kompressory-8-bar/;Электрические винтовые компрессоры 8 бар;compressor;;4243;plain/vintovye__elektricheskie_1__kompressory-8-bar.html;schema/vintovye__elektricheskie_1__kompressory-8-bar.html
vintovye__elektricheskie_1__kompressory-900-l-min;https://prokompressor.ru/catalog/vozdushnye-kompressory/po-tipu/vintovye/elektricheskie_1/kompressory-900-l-min/;Электрические винтовые компрессоры производительностью 900 л/мин;compressor;;4695;plain/vintovye__elektricheskie_1__kompressory-900-l-min.html;schema/vintovye__elektricheskie_1__kompressory-900-l-min.html
vintovye__elektricheskie_1__kraftmachine;https://prokompressor.ru/catalog/vozdushnye-kompressory/po-tipu/vintovye/elektricheskie_1/kraftmachine/;Электрические винтовые компрессоры KRAFTMACHINE;compressor;kraftmachine;4847;plain/vintovye__elektricheskie_1__kraftmachine.html;schema/vintovye__elektricheskie_1__kraftmachine.html
vintovye__elektricheskie_1__kraftmann;https://prokompressor.ru/catalog/vozdushnye-kompressory/po-tipu/vintovye/elektricheskie_1/kraftmann/;Электрические винтовые компрессоры KRAFTMANN;compressor;kraftmann;4570;plain/vintovye__elektricheskie_1__kraftmann.html;schema/vintovye__elektricheskie_1__kraftmann.html
vintovye__elektricheskie_1__lupamat;https://prokompressor.ru/catalog/vozdushnye-kompressory/po-tipu/vintovye/elektricheskie_1/lupamat/;Электрические винтовые компрессоры LUPAMAT;compressor;lupamat;4176;plain/vintovye__elektricheskie_1__lupamat.html;schema/vintovye__elektricheskie_1__lupamat.html
vintovye__elektricheskie_1__magnus;https://prokompressor.ru/catalog/vozdushnye-kompressory/po-tipu/vintovye/elektricheskie_1/magnus/;Электрические винтовые компрессоры MAGNUS;compressor;magnus;4228;plain/vintovye__elektricheskie_1__magnus.html;schema/vintovye__elektricheskie_1__magnus.html
vintovye__elektricheskie_1__mark;https://prokompressor.ru/catalog/vozdushnye-kompressory/po-tipu/vintovye/elektricheskie_1/mark/;Электрические винтовые компрессоры MARK;compressor;mark;4514;plain/vintovye__elektricheskie_1__mark.html;schema/vintovye__elektricheskie_1__mark.html
vintovye__elektricheskie_1__maslyanyy;https://prokompressor.ru/catalog/vozdushnye-kompressory/po-tipu/vintovye/elektricheskie_1/maslyanyy/;Масляные электрические винтовые компрессоры;compressor;;4491;plain/vintovye__elektricheskie_1__maslyanyy.html;schema/vintovye__elektricheskie_1__maslyanyy.html
vintovye__elektricheskie_1__master-blast-;https://prokompressor.ru/catalog/vozdushnye-kompressory/po-tipu/vintovye/elektricheskie_1/master-blast-/;Электрические винтовые компрессоры MASTER BLAST;compressor;master_blast;4443;plain/vintovye__elektricheskie_1__master-blast-.html;schema/vintovye__elektricheskie_1__master-blast-.html
vintovye__elektricheskie_1__na-resivere;https://prokompressor.ru/catalog/vozdushnye-kompressory/po-tipu/vintovye/elektricheskie_1/na-resivere/;Электрические винтовые компрессоры на ресивере;compressor;;4442;plain/vintovye__elektricheskie_1__na-resivere.html;schema/vintovye__elektricheskie_1__na-resivere.html
vintovye__elektricheskie_1__ozen;https://prokompressor.ru/catalog/vozdushnye-kompressory/po-tipu/vintovye/elektricheskie_1/ozen/;Электрические винтовые компрессоры OZEN;compressor;ozen;4662;plain/vintovye__elektricheskie_1__ozen.html;schema/vintovye__elektricheskie_1__ozen.html
vintovye__elektricheskie_1__polsha;https://prokompressor.ru/catalog/vozdushnye-kompressory/po-tipu/vintovye/elektricheskie_1/polsha/;Польские электрические винтовые компрессоры;compressor;;4433;plain/vintovye__elektricheskie_1__polsha.html;schema/vintovye__elektricheskie_1__polsha.html
vintovye__elektricheskie_1__pryamoy;https://prokompressor.ru/catalog/vozdushnye-kompressory/po-tipu/vintovye/elektricheskie_1/pryamoy/;Электрические винтовые компрессоры с прямым приводом;compressor;;4406;plain/vintovye__elektricheskie_1__pryamoy.html;schema/vintovye__elektricheskie_1__pryamoy.html
vintovye__elektricheskie_1__remennyy;https://prokompressor.ru/catalog/vozdushnye-kompressory/po-tipu/vintovye/elektricheskie_1/remennyy/;Электрические винтовые компрессоры с ременным приводом;compressor;;3722;plain/vintovye__elektricheskie_1__remennyy.html;schema/vintovye__elektricheskie_1__remennyy.html
vintovye__elektricheskie_1__remeza;https://prokompressor.ru/catalog/vozdushnye-kompressory/po-tipu/vintovye/elektricheskie_1/remeza/;Электрические винтовые компрессоры Remeza;compressor;remeza;4543;plain/vintovye__elektricheskie_1__remeza.html;schema/vintovye__elektricheskie_1__remeza.html
vintovye__elektricheskie_1__rkz;https://prokompressor.ru/catalog/vozdushnye-kompressory/po-tipu/vintovye/elektricheskie_1/rkz/;Электрические винтовые компрессоры РКЗ;compressor;rkz;4537;plain/vintovye__elektricheskie_1__rkz.html;schema/vintovye__elektricheskie_1__rkz.html
vintovye__elektricheskie_1__rossiya;https://prokompressor.ru/catalog/vozdushnye-kompressory/po-tipu/vintovye/elektricheskie_1/rossiya/;Российские электрические винтовые компрессоры;compressor;;4452;plain/vintovye__elektricheskie_1__rossiya.html;schema/vintovye__elektricheskie_1__rossiya.html
vintovye__elektricheskie_1__s-chastotnym-preobrazovatelem;https://prokompressor.ru/catalog/vozdushnye-kompressory/po-tipu/vintovye/elektricheskie_1/s-chastotnym-preobrazovatelem/;Электрические винтовые компрессоры с частотным преобразователем;compressor;;4586;plain/vintovye__elektricheskie_1__s-chastotnym-preobrazovatelem.html;schema/vintovye__elektricheskie_1__s-chastotnym-preobrazovatelem.html
vintovye__elektricheskie_1__s-osushitelem-na-resivere;https://prokompressor.ru/catalog/vozdushnye-kompressory/po-tipu/vintovye/elektricheskie_1/s-osushitelem-na-resivere/;Электрические винтовые компрессоры с осушителем на ресивере;compressor;;5002;plain/vintovye__elektricheskie_1__s-osushitelem-na-resivere.html;schema/vintovye__elektricheskie_1__s-osushitelem-na-resivere.html
vintovye__elektricheskie_1__s-osushitelem;https://prokompressor.ru/catalog/vozdushnye-kompressory/po-tipu/vintovye/elektricheskie_1/s-osushitelem/;Электрические винтовые компрессоры с осушителем;compressor;;4635;plain/vintovye__elektricheskie_1__s-osushitelem.html;schema/vintovye__elektricheskie_1__s-osushitelem.html
vintovye__elektricheskie_1__turtsiya-belgiya;https://prokompressor.ru/catalog/vozdushnye-kompressory/po-tipu/vintovye/elektricheskie_1/turtsiya-belgiya/;Турецкие и бельгийские электрические винтовые компрессоры;compressor;;4289;plain/vintovye__elektricheskie_1__turtsiya-belgiya.html;schema/vintovye__elektricheskie_1__turtsiya-belgiya.html
vintovye__elektricheskie_1__turtsiya;https://prokompressor.ru/catalog/vozdushnye-kompressory/po-tipu/vintovye/elektricheskie_1/turtsiya/;Турецкие электрические винтовые компрессоры;compressor;;4792;plain/vintovye__elektricheskie_1__turtsiya.html;schema/vintovye__elektricheskie_1__turtsiya.html
vintovye__elektricheskie_1__ultratech;https://prokompressor.ru/catalog/vozdushnye-kompressory/po-tipu/vintovye/elektricheskie_1/ultratech/;Электрические винтовые компрессоры ULTRATECH;compressor;ultratech;4410;plain/vintovye__elektricheskie_1__ultratech.html;schema/vintovye__elektricheskie_1__ultratech.html
vintovye__elektricheskie_1__yaponiya;https://prokompressor.ru/catalog/vozdushnye-kompressory/po-tipu/vintovye/elektricheskie_1/yaponiya/;Японские электрические винтовые компрессоры;compressor;;4432;plain/vintovye__elektricheskie_1__yaponiya.html;schema/vintovye__elektricheskie_1__yaponiya.html
vintovye__elektricheskie_1__zega;https://prokompressor.ru/catalog/vozdushnye-kompressory/po-tipu/vintovye/elektricheskie_1/zega/;Электрические винтовые компрессоры ZEGA;compressor;zega;4864;plain/vintovye__elektricheskie_1__zega.html;schema/vintovye__elektricheskie_1__zega.html
vintovye__elektricheskie_1__zif;https://prokompressor.ru/catalog/vozdushnye-kompressory/po-tipu/vintovye/elektricheskie_1/zif/;Электрические винтовые компрессоры ЗИФ;compressor;zif;4188;plain/vintovye__elektricheskie_1__zif.html;schema/vintovye__elektricheskie_1__zif.html
vintovye__peredvizhnye__bezhetsk;https://prokompressor.ru/catalog/vozdushnye-kompressory/po-tipu/vintovye/peredvizhnye/bezhetsk/;Передвижные винтовые компрессоры Бежецк;compressor;bezhetsk;4844;plain/vintovye__peredvizhnye__bezhetsk.html;schema/vintovye__peredvizhnye__bezhetsk.html
vintovye__peredvizhnye__elektricheskie;https://prokompressor.ru/catalog/vozdushnye-kompressory/po-tipu/vintovye/peredvizhnye/elektricheskie/;Передвижные электрические компрессоры;compressor;;4716;plain/vintovye__peredvizhnye__elektricheskie.html;schema/vintovye__peredvizhnye__elektricheskie.html
vintovye__peredvizhnye__zega;https://prokompressor.ru/catalog/vozdushnye-kompressory/po-tipu/vintovye/peredvizhnye/zega/;Передвижные винтовые компрессоры ZEGA;compressor;zega;4611;plain/vintovye__peredvizhnye__zega.html;schema/vintovye__peredvizhnye__zega.html
vintovye__peredvizhnye__zif;https://prokompressor.ru/catalog/vozdushnye-kompressory/po-tipu/vintovye/peredvizhnye/zif/;Передвижные винтовые компрессоры ЗИФ;compressor;zif;4389;plain/vintovye__peredvizhnye__zif.html;schema/vintovye__peredvizhnye__zif.html
vozdushnye-kompressory__po-moshchnosti__100-kvt;https://prokompressor.ru/catalog/vozdushnye-kompressory/po-moshchnosti/100-kvt/;Компрессоры 100 кВт;compressor;;4530;plain/vozdushnye-kompressory__po-moshchnosti__100-kvt.html;schema/vozdushnye-kompressory__po-moshchnosti__100-kvt.html
vozdushnye-kompressory__po-moshchnosti__11-kvt;https://prokompressor.ru/catalog/vozdushnye-kompressory/po-moshchnosti/11-kvt/;Воздушные компрессоры 11 кВт;compressor;;3780;plain/vozdushnye-kompressory__po-moshchnosti__11-kvt.html;schema/vozdushnye-kompressory__po-moshchnosti__11-kvt.html
vozdushnye-kompressory__po-moshchnosti__110-kvt;https://prokompressor.ru/catalog/vozdushnye-kompressory/po-moshchnosti/110-kvt/;Винтовые компрессоры 110 кВт;compressor;;4822;plain/vozdushnye-kompressory__po-moshchnosti__110-kvt.html;schema/vozdushnye-kompressory__po-moshchnosti__110-kvt.html
vozdushnye-kompressory__po-moshchnosti__132-kvt;https://prokompressor.ru/catalog/vozdushnye-kompressory/po-moshchnosti/132-kvt/;Винтовые компрессоры 132 кВт;compressor;;4592;plain/vozdushnye-kompressory__po-moshchnosti__132-kvt.html;schema/vozdushnye-kompressory__po-moshchnosti__132-kvt.html
vozdushnye-kompressory__po-moshchnosti__15-kvt;https://prokompressor.ru/catalog/vozdushnye-kompressory/po-moshchnosti/15-kvt/;Компрессоры 15 кВт;compressor;;4689;plain/vozdushnye-kompressory__po-moshchnosti__15-kvt.html;schema/vozdushnye-kompressory__po-moshchnosti__15-kvt.html
vozdushnye-kompressory__po-moshchnosti__160-kvt;https://prokompressor.ru/catalog/vozdushnye-kompressory/po-moshchnosti/160-kvt/;Винтовые компрессоры 160 кВт;compressor;;4474;plain/vozdushnye-kompressory__po-moshchnosti__160-kvt.html;schema/vozdushnye-kompressory__po-moshchnosti__160-kvt.html
vozdushnye-kompressory__po-moshchnosti__18-5-kvt;https://prokompressor.ru/catalog/vozdushnye-kompressory/po-moshchnosti/18-5-kvt/;Винтовые компрессоры 18,5 кВт;compressor;;4625;plain/vozdushnye-kompressory__po-moshchnosti__18-5-kvt.html;schema/vozdushnye-kompressory__po-moshchnosti__18-5-kvt.html
vozdushnye-kompressory__po-moshchnosti__185-kvt;https://prokompressor.ru/catalog/vozdushnye-kompressory/po-moshchnosti/185-kvt/;Промышленные компрессоры 185 кВт;compressor;;4791;plain/vozdushnye-kompressory__po-moshchnosti__185-kvt.html;schema/vozdushnye-kompressory__po-moshchnosti__185-kvt.html
vozdushnye-kompressory__po-moshchnosti__200-kvt;https://prokompressor.ru/catalog/vozdushnye-kompressory/po-moshchnosti/200-kvt/;Воздушные компрессоры 200 кВт;compressor;;4474;plain/vozdushnye-kompressory__po-moshchnosti__200-kvt.html;schema/vozdushnye-kompressory__po-moshchnosti__200-kvt.html
vozdushnye-kompressory__po-moshchnosti__22-kvt;https://prokompressor.ru/catalog/vozdushnye-kompressory/po-moshchnosti/22-kvt/;Компрессоры 22 кВт;compressor;;4290;plain/vozdushnye-kompressory__po-moshchnosti__22-kvt.html;schema/vozdushnye-kompressory__po-moshchnosti__22-kvt.html
vozdushnye-kompressory__po-moshchnosti__220-kvt;https://prokompressor.ru/catalog/vozdushnye-kompressory/po-moshchnosti/220-kvt/;Компрессоры 220 кВт;compressor;;4841;plain/vozdushnye-kompressory__po-moshchnosti__220-kvt.html;schema/vozdushnye-kompressory__po-moshchnosti__220-kvt.html
vozdushnye-kompressory__po-moshchnosti__250-kvt;https://prokompressor.ru/catalog/vozdushnye-kompressory/po-moshchnosti/250-kvt/;Воздушные компрессоры 250 кВт;compressor;;4113;plain/vozdushnye-kompressory__po-moshchnosti__250-kvt.html;schema/vozdushnye-kompressory__po-moshchnosti__250-kvt.html
vozdushnye-kompressory__po-moshchnosti__30-kvt;https://prokompressor.ru/catalog/vozdushnye-kompressory/po-moshchnosti/30-kvt/;Компрессоры 30 кВт;compressor;;4614;plain/vozdushnye-kompressory__po-moshchnosti__30-kvt.html;schema/vozdushnye-kompressory__po-moshchnosti__30-kvt.html
vozdushnye-kompressory__po-moshchnosti__315-kvt;https://prokompressor.ru/catalog/vozdushnye-kompressory/po-moshchnosti/315-kvt/;Компрессоры 315 кВт;compressor;;4569;plain/vozdushnye-kompressory__po-moshchnosti__315-kvt.html;schema/vozdushnye-kompressory__po-moshchnosti__315-kvt.html
vozdushnye-kompressory__po-moshchnosti__355-kvt;https://prokompressor.ru/catalog/vozdushnye-kompressory/po-moshchnosti/355-kvt/;Винтовые компрессоры 355 кВт;compressor;;4835;plain/vozdushnye-kompressory__po-moshchnosti__355-kvt.html;schema/vozdushnye-kompressory__po-moshchnosti__355-kvt.html
vozdushnye-kompressory__po-moshchnosti__37-kvt;https://prokompressor.ru/catalog/vozdushnye-kompressory/po-moshchnosti/37-kvt/;Компрессоры 37 кВт для предприятий;compressor;;4847;plain/vozdushnye-kompressory__po-moshchnosti__37-kvt.html;schema/vozdushnye-kompressory__po-moshchnosti__37-kvt.html
vozdushnye-kompressory__po-moshchnosti__400-kvt;https://prokompressor.ru/catalog/vozdushnye-kompressory/po-moshchnosti/400-kvt/;Винтовые компрессоры 400 кВт с прямым приводом;compressor;;4571;plain/vozdushnye-kompressory__po-moshchnosti__400-kvt.html;schema/vozdushnye-kompressory__po-moshchnosti__400-kvt.html
vozdushnye-kompressory__po-moshchnosti__45-kvt;https://prokompressor.ru/catalog/vozdushnye-kompressory/po-moshchnosti/45-kvt/;Компрессоры 45 кВт для предприятий;compressor;;4520;plain/vozdushnye-kompressory__po-moshchnosti__45-kvt.html;schema/vozdushnye-kompressory__po-moshchnosti__45-kvt.html
vozdushnye-kompressory__po-moshchnosti__5-5-kvt;https://prokompressor.ru/catalog/vozdushnye-kompressory/po-moshchnosti/5-5-kvt/;Винтовые компрессоры 5,5 кВт;compressor;;4726;plain/vozdushnye-kompressory__po-moshchnosti__5-5-kvt.html;schema/vozdushnye-kompressory__po-moshchnosti__5-5-kvt.html
vozdushnye-kompressory__po-moshchnosti__500-kvt;https://prokompressor.ru/catalog/vozdushnye-kompressory/po-moshchnosti/500-kvt/;Компрессоры мощностью 500 кВт;compressor;;4585;plain/vozdushnye-kompressory__po-moshchnosti__500-kvt.html;schema/vozdushnye-kompressory__po-moshchnosti__500-kvt.html
vozdushnye-kompressory__po-moshchnosti__55-kvt;https://prokompressor.ru/catalog/vozdushnye-kompressory/po-moshchnosti/55-kvt/;Компрессоры 55 кВт для предприятий;compressor;;4655;plain/vozdushnye-kompressory__po-moshchnosti__55-kvt.html;schema/vozdushnye-kompressory__po-moshchnosti__55-kvt.html
vozdushnye-kompressory__po-moshchnosti__7-5-kvt;https://prokompressor.ru/catalog/vozdushnye-kompressory/po-moshchnosti/7-5-kvt/;Воздушные компрессоры 7,5 кВт;compressor;;4504;plain/vozdushnye-kompressory__po-moshchnosti__7-5-kvt.html;schema/vozdushnye-kompressory__po-moshchnosti__7-5-kvt.html
vozdushnye-kompressory__po-moshchnosti__7-kvt;https://prokompressor.ru/catalog/vozdushnye-kompressory/po-moshchnosti/7-kvt/;Компрессоры 7 кВт;compressor;;4242;plain/vozdushnye-kompressory__po-moshchnosti__7-kvt.html;schema/vozdushnye-kompressory__po-moshchnosti__7-kvt.html
vozdushnye-kompressory__po-moshchnosti__75-kvt;https://prokompressor.ru/catalog/vozdushnye-kompressory/po-moshchnosti/75-kvt/;Компрессоры 75 кВт;compressor;;4777;plain/vozdushnye-kompressory__po-moshchnosti__75-kvt.html;schema/vozdushnye-kompressory__po-moshchnosti__75-kvt.html
vozdushnye-kompressory__po-moshchnosti__90-kvt;https://prokompressor.ru/catalog/vozdushnye-kompressory/po-moshchnosti/90-kvt/;Промышленные компрессоры 90 кВт;compressor;;4536;plain/vozdushnye-kompressory__po-moshchnosti__90-kvt.html;schema/vozdushnye-kompressory__po-moshchnosti__90-kvt.html
vozdushnye-kompressory__po-naznacheniyu__dlya-vyduva-pet;https://prokompressor.ru/catalog/vozdushnye-kompressory/po-naznacheniyu/dlya-vyduva-pet/;Компрессоры для выдува ПЭТ-тары;compressor;;4608;plain/vozdushnye-kompressory__po-naznacheniyu__dlya-vyduva-pet.html;schema/vozdushnye-kompressory__po-naznacheniyu__dlya-vyduva-pet.html
vozdushnye-kompressory__po-obemu-resivera__250-l;https://prokompressor.ru/catalog/vozdushnye-kompressory/po-obemu-resivera/250-l/;Компрессоры с ресивером 250 л;compressor;;4016;plain/vozdushnye-kompressory__po-obemu-resivera__250-l.html;schema/vozdushnye-kompressory__po-obemu-resivera__250-l.html
vozdushnye-kompressory__po-obemu-resivera__400-l;https://prokompressor.ru/catalog/vozdushnye-kompressory/po-obemu-resivera/400-l/;Компрессоры с ресивером 400 л;compressor;;4177;plain/vozdushnye-kompressory__po-obemu-resivera__400-l.html;schema/vozdushnye-kompressory__po-obemu-resivera__400-l.html
vozdushnye-kompressory__po-obemu-resivera__450-l;https://prokompressor.ru/catalog/vozdushnye-kompressory/po-obemu-resivera/450-l/;Компрессоры с ресивером 450 л;compressor;;4648;plain/vozdushnye-kompressory__po-obemu-resivera__450-l.html;schema/vozdushnye-kompressory__po-obemu-resivera__450-l.html
vozdushnye-kompressory__po-obemu-resivera__500-l;https://prokompressor.ru/catalog/vozdushnye-kompressory/po-obemu-resivera/500-l/;Компрессоры с ресивером 500 л;compressor;;4901;plain/vozdushnye-kompressory__po-obemu-resivera__500-l.html;schema/vozdushnye-kompressory__po-obemu-resivera__500-l.html
vozdushnye-kompressory__po-tipu-smazki__bezmaslyanye_1;https://prokompressor.ru/catalog/vozdushnye-kompressory/po-tipu-smazki/bezmaslyanye_1/;Безмасляные воздушные компрессоры;compressor;;4787;plain/vozdushnye-kompressory__po-tipu-smazki__bezmaslyanye_1.html;schema/vozdushnye-kompressory__po-tipu-smazki__bezmaslyanye_1.html
vozdushnye-kompressory__po-tipu-smazki__maslyanye;https://prokompressor.ru/catalog/vozdushnye-kompressory/po-tipu-smazki/maslyanye/;Воздушные масляные компрессоры;compressor;;4712;plain/vozdushnye-kompressory__po-tipu-smazki__maslyanye.html;schema/vozdushnye-kompressory__po-tipu-smazki__maslyanye.html
vozdushnye-kompressory__po-tipu__bustery;https://prokompressor.ru/catalog/vozdushnye-kompressory/po-tipu/bustery/;Дожимные компрессоры (бустеры);compressor;;4740;plain/vozdushnye-kompressory__po-tipu__bustery.html;schema/vozdushnye-kompressory__po-tipu__bustery.html
vozdushnye-kompressory__po-tipu__nizkogo-davleniya;https://prokompressor.ru/catalog/vozdushnye-kompressory/po-tipu/nizkogo-davleniya/;Воздушные компрессоры низкого давления;compressor;;4725;plain/vozdushnye-kompressory__po-tipu__nizkogo-davleniya.html;schema/vozdushnye-kompressory__po-tipu__nizkogo-davleniya.html
vozdushnye-kompressory__po-tipu__spiralnye;https://prokompressor.ru/catalog/vozdushnye-kompressory/po-tipu/spiralnye/;Спиральные компрессоры;compressor;;4288;plain/vozdushnye-kompressory__po-tipu__spiralnye.html;schema/vozdushnye-kompressory__po-tipu__spiralnye.html
vozdushnye-kompressory__po-tipu__vintovye;https://prokompressor.ru/catalog/vozdushnye-kompressory/po-tipu/vintovye/;Винтовые воздушные компрессоры;compressor;;4400;plain/vozdushnye-kompressory__po-tipu__vintovye.html;schema/vozdushnye-kompressory__po-tipu__vintovye.html
vozdushnye-kompressory__po-tipu__vozdukhoduvki;https://prokompressor.ru/catalog/vozdushnye-kompressory/po-tipu/vozdukhoduvki/;Промышленные воздуходувки;compressor;;4672;plain/vozdushnye-kompressory__po-tipu__vozdukhoduvki.html;schema/vozdushnye-kompressory__po-tipu__vozdukhoduvki.html
vozdushnye-kompressory__po-tipu__vysokogo-davleniya;https://prokompressor.ru/catalog/vozdushnye-kompressory/po-tipu/vysokogo-davleniya/;Компрессоры высокого давления;compressor;;4464;plain/vozdushnye-kompressory__po-tipu__vysokogo-davleniya.html;schema/vozdushnye-kompressory__po-tipu__vysokogo-davleniya.html
vozdushnye-kompressory__voltage__220-v;https://prokompressor.ru/catalog/vozdushnye-kompressory/voltage/220-v/;Воздушные компрессоры 220 В;compressor;;3962;plain/vozdushnye-kompressory__voltage__220-v.html;schema/vozdushnye-kompressory__voltage__220-v.html
vozdushnye-kompressory__voltage__380-v;https://prokompressor.ru/catalog/vozdushnye-kompressory/voltage/380-v/;Воздушные компрессоры 380 В;compressor;;4817;plain/vozdushnye-kompressory__voltage__380-v.html;schema/vozdushnye-kompressory__voltage__380-v.html
zapasnye-chasti-i-raskhodniki__maslyanye-filtry__abac;https://prokompressor.ru/catalog/zapasnye-chasti-i-raskhodniki/maslyanye-filtry/abac/;Масляные фильтры ABAC;spare_parts;abac;4818;plain/zapasnye-chasti-i-raskhodniki__maslyanye-filtry__abac.html;schema/zapasnye-chasti-i-raskhodniki__maslyanye-filtry__abac.html
zapasnye-chasti-i-raskhodniki__maslyanye-filtry__almig;https://prokompressor.ru/catalog/zapasnye-chasti-i-raskhodniki/maslyanye-filtry/almig/;Масляные фильтры ALMiG;spare_parts;almig;4541;plain/zapasnye-chasti-i-raskhodniki__maslyanye-filtry__almig.html;schema/zapasnye-chasti-i-raskhodniki__maslyanye-filtry__almig.html
zapasnye-chasti-i-raskhodniki__maslyanye-filtry__atlas-copco;https://prokompressor.ru/catalog/zapasnye-chasti-i-raskhodniki/maslyanye-filtry/atlas-copco/;Масляные фильтры Atlas Copco;spare_parts;atlas_copco;4885;plain/zapasnye-chasti-i-raskhodniki__maslyanye-filtry__atlas-copco.html;schema/zapasnye-chasti-i-raskhodniki__maslyanye-filtry__atlas-copco.html
zapasnye-chasti-i-raskhodniki__maslyanye-filtry__atmos;https://prokompressor.ru/catalog/zapasnye-chasti-i-raskhodniki/maslyanye-filtry/atmos/;Масляные фильтры Atmos;spare_parts;atmos;4772;plain/zapasnye-chasti-i-raskhodniki__maslyanye-filtry__atmos.html;schema/zapasnye-chasti-i-raskhodniki__maslyanye-filtry__atmos.html
zapasnye-chasti-i-raskhodniki__maslyanye-filtry__berg;https://prokompressor.ru/catalog/zapasnye-chasti-i-raskhodniki/maslyanye-filtry/berg/;Масляные фильтры BERG;spare_parts;berg;4282;plain/zapasnye-chasti-i-raskhodniki__maslyanye-filtry__berg.html;schema/zapasnye-chasti-i-raskhodniki__maslyanye-filtry__berg.html
zapasnye-chasti-i-raskhodniki__maslyanye-filtry__comaro;https://prokompressor.ru/catalog/zapasnye-chasti-i-raskhodniki/maslyanye-filtry/comaro/;Масляные фильтры COMARO;spare_parts;comaro;4646;plain/zapasnye-chasti-i-raskhodniki__maslyanye-filtry__comaro.html;schema/zapasnye-chasti-i-raskhodniki__maslyanye-filtry__comaro.html
zapasnye-chasti-i-raskhodniki__maslyanye-filtry__comprag;https://prokompressor.ru/catalog/zapasnye-chasti-i-raskhodniki/maslyanye-filtry/comprag/;Масляные фильтры Comprag;spare_parts;comprag;4644;plain/zapasnye-chasti-i-raskhodniki__maslyanye-filtry__comprag.html;schema/zapasnye-chasti-i-raskhodniki__maslyanye-filtry__comprag.html
zapasnye-chasti-i-raskhodniki__maslyanye-filtry__dalgakiran;https://prokompressor.ru/catalog/zapasnye-chasti-i-raskhodniki/maslyanye-filtry/dalgakiran/;Масляные фильтры DALGAKIRAN;spare_parts;dalgakiran;4662;plain/zapasnye-chasti-i-raskhodniki__maslyanye-filtry__dalgakiran.html;schema/zapasnye-chasti-i-raskhodniki__maslyanye-filtry__dalgakiran.html
zapasnye-chasti-i-raskhodniki__maslyanye-filtry__dali;https://prokompressor.ru/catalog/zapasnye-chasti-i-raskhodniki/maslyanye-filtry/dali/;Масляные фильтры DALI;spare_parts;dali;4838;plain/zapasnye-chasti-i-raskhodniki__maslyanye-filtry__dali.html;schema/zapasnye-chasti-i-raskhodniki__maslyanye-filtry__dali.html
zapasnye-chasti-i-raskhodniki__maslyanye-filtry__enger;https://prokompressor.ru/catalog/zapasnye-chasti-i-raskhodniki/maslyanye-filtry/enger/;Масляные фильтры Enger;spare_parts;enger;4892;plain/zapasnye-chasti-i-raskhodniki__maslyanye-filtry__enger.html;schema/zapasnye-chasti-i-raskhodniki__maslyanye-filtry__enger.html
zapasnye-chasti-i-raskhodniki__maslyanye-filtry__sotras;https://prokompressor.ru/catalog/zapasnye-chasti-i-raskhodniki/maslyanye-filtry/sotras/;Масляные фильтры Sotras;spare_parts;sotras;4047;plain/zapasnye-chasti-i-raskhodniki__maslyanye-filtry__sotras.html;schema/zapasnye-chasti-i-raskhodniki__maslyanye-filtry__sotras.html
zapasnye-chasti-i-raskhodniki__maslyanye-filtry__spitzenreiter;https://prokompressor.ru/catalog/zapasnye-chasti-i-raskhodniki/maslyanye-filtry/spitzenreiter/;Масляные фильтры SPITZENREITER;spare_parts;spitzenreiter;4456;plain/zapasnye-chasti-i-raskhodniki__maslyanye-filtry__spitzenreiter.html;schema/zapasnye-chasti-i-raskhodniki__maslyanye-filtry__spitzenreiter.html
zapasnye-chasti-i-raskhodniki__separatory-maslootdeliteli__abac;https://prokompressor.ru/catalog/zapasnye-chasti-i-raskhodniki/separatory-maslootdeliteli/abac/;Сепараторы (маслоотделители) ABAC;spare_parts;abac;4581;plain/zapasnye-chasti-i-raskhodniki__separatory-maslootdeliteli__abac.html;schema/zapasnye-chasti-i-raskhodniki__separatory-maslootdeliteli__abac.html
zapasnye-chasti-i-raskhodniki__separatory-maslootdeliteli__atmos;https://prokompressor.ru/catalog/zapasnye-chasti-i-raskhodniki/separatory-maslootdeliteli/atmos/;Сепараторы (маслоотделители) Atmos;spare_parts;atmos;4341;plain/zapasnye-chasti-i-raskhodniki__separatory-maslootdeliteli__atmos.html;schema/zapasnye-chasti-i-raskhodniki__separatory-maslootdeliteli__atmos.html
zapasnye-chasti-i-raskhodniki__separatory-maslootdeliteli__berg;https://prokompressor.ru/catalog/zapasnye-chasti-i-raskhodniki/separatory-maslootdeliteli/berg/;Сепараторы (маслоотделители) BERG;spare_parts;berg;4836;plain/zapasnye-chasti-i-raskhodniki__separatory-maslootdeliteli__berg.html;schema/zapasnye-chasti-i-raskhodniki__separatory-maslootdeliteli__berg.html
zapasnye-chasti-i-raskhodniki__separatory-maslootdeliteli__comaro;https://prokompressor.ru/catalog/zapasnye-chasti-i-raskhodniki/separatory-maslootdeliteli/comaro/;Сепараторы (маслоотделители) COMARO;spare_parts;comaro;4912;plain/zapasnye-chasti-i-raskhodniki__separatory-maslootdeliteli__comaro.html;schema/zapasnye-chasti-i-raskhodniki__separatory-maslootdeliteli__comaro.html
zapasnye-chasti-i-raskhodniki__separatory-maslootdeliteli__comprag;https://prokompressor.ru/catalog/zapasnye-chasti-i-raskhodniki/separatory-maslootdeliteli/comprag/;Сепараторы (маслоотделители) Comprag;spare_parts;comprag;4810;plain/zapasnye-chasti-i-raskhodniki__separatory-maslootdeliteli__comprag.html;schema/zapasnye-chasti-i-raskhodniki__separatory-maslootdeliteli__comprag.html
zapasnye-chasti-i-raskhodniki__separatory-maslootdeliteli__dalgakiran;https://prokompressor.ru/catalog/zapasnye-chasti-i-raskhodniki/separatory-maslootdeliteli/dalgakiran/;Сепараторы (маслоотделители) DALGAKIRAN;spare_parts;dalgakiran;4848;plain/zapasnye-chasti-i-raskhodniki__separatory-maslootdeliteli__dalgakiran.html;schema/zapasnye-chasti-i-raskhodniki__separatory-maslootdeliteli__dalgakiran.html
zapasnye-chasti-i-raskhodniki__separatory-maslootdeliteli__enger;https://prokompressor.ru/catalog/zapasnye-chasti-i-raskhodniki/separatory-maslootdeliteli/enger/;Сепараторы (маслоотделители) Enger;spare_parts;enger;4891;plain/zapasnye-chasti-i-raskhodniki__separatory-maslootdeliteli__enger.html;schema/zapasnye-chasti-i-raskhodniki__separatory-maslootdeliteli__enger.html
zapasnye-chasti-i-raskhodniki__separatory-maslootdeliteli__sotras;https://prokompressor.ru/catalog/zapasnye-chasti-i-raskhodniki/separatory-maslootdeliteli/sotras/;Сепараторы (маслоотделители) Sotras;spare_parts;sotras;4549;plain/zapasnye-chasti-i-raskhodniki__separatory-maslootdeliteli__sotras.html;schema/zapasnye-chasti-i-raskhodniki__separatory-maslootdeliteli__sotras.html
zapasnye-chasti-i-raskhodniki__vozdushnye-filtry__abac;https://prokompressor.ru/catalog/zapasnye-chasti-i-raskhodniki/vozdushnye-filtry/abac/;Воздушные фильтры ABAC;spare_parts;abac;4907;plain/zapasnye-chasti-i-raskhodniki__vozdushnye-filtry__abac.html;schema/zapasnye-chasti-i-raskhodniki__vozdushnye-filtry__abac.html
zapasnye-chasti-i-raskhodniki__vozdushnye-filtry__atmos;https://prokompressor.ru/catalog/zapasnye-chasti-i-raskhodniki/vozdushnye-filtry/atmos/;Воздушные фильтры Atmos;spare_parts;atmos;3845;plain/zapasnye-chasti-i-raskhodniki__vozdushnye-filtry__atmos.html;schema/zapasnye-chasti-i-raskhodniki__vozdushnye-filtry__atmos.html
zapasnye-chasti-i-raskhodniki__vozdushnye-filtry__berg;https://prokompressor.ru/catalog/zapasnye-chasti-i-raskhodniki/vozdushnye-filtry/berg/;Воздушные фильтры BERG;spare_parts;berg;5013;plain/zapasnye-chasti-i-raskhodniki__vozdushnye-filtry__berg.html;schema/zapasnye-chasti-i-raskhodniki__vozdushnye-filtry__berg.html
zapasnye-chasti-i-raskhodniki__vozdushnye-filtry__comaro;https://prokompressor.ru/catalog/zapasnye-chasti-i-raskhodniki/vozdushnye-filtry/comaro/;Воздушные фильтры COMARO;spare_parts;comaro;4568;plain/zapasnye-chasti-i-raskhodniki__vozdushnye-filtry__comaro.html;schema/zapasnye-chasti-i-raskhodniki__vozdushnye-filtry__comaro.html
zapasnye-chasti-i-raskhodniki__vozdushnye-filtry__comprag;https://prokompressor.ru/catalog/zapasnye-chasti-i-raskhodniki/vozdushnye-filtry/comprag/;Воздушные фильтры Comprag;spare_parts;comprag;4719;plain/zapasnye-chasti-i-raskhodniki__vozdushnye-filtry__comprag.html;schema/zapasnye-chasti-i-raskhodniki__vozdushnye-filtry__comprag.html
zapasnye-chasti-i-raskhodniki__vozdushnye-filtry__dalgakiran;https://prokompressor.ru/catalog/zapasnye-chasti-i-raskhodniki/vozdushnye-filtry/dalgakiran/;Воздушные фильтры DALGAKIRAN;spare_parts;dalgakiran;4313;plain/zapasnye-chasti-i-raskhodniki__vozdushnye-filtry__dalgakiran.html;schema/zapasnye-chasti-i-raskhodniki__vozdushnye-filtry__dalgakiran.html
zapasnye-chasti-i-raskhodniki__vozdushnye-filtry__dali;https://prokompressor.ru/catalog/zapasnye-chasti-i-raskhodniki/vozdushnye-filtry/dali/;Воздушные фильтры DALI;spare_parts;dali;4312;plain/zapasnye-chasti-i-raskhodniki__vozdushnye-filtry__dali.html;schema/zapasnye-chasti-i-raskhodniki__vozdushnye-filtry__dali.html
zapasnye-chasti-i-raskhodniki__vozdushnye-filtry__enger;https://prokompressor.ru/catalog/zapasnye-chasti-i-raskhodniki/vozdushnye-filtry/enger/;Воздушные фильтры Enger;spare_parts;enger;4574;plain/zapasnye-chasti-i-raskhodniki__vozdushnye-filtry__enger.html;schema/zapasnye-chasti-i-raskhodniki__vozdushnye-filtry__enger.html
zapasnye-chasti-i-raskhodniki__vozdushnye-filtry__gc;https://prokompressor.ru/catalog/zapasnye-chasti-i-raskhodniki/vozdushnye-filtry/gc/;Воздушные фильтры GC;spare_parts;gc;4208;plain/zapasnye-chasti-i-raskhodniki__vozdushnye-filtry__gc.html;schema/zapasnye-chasti-i-raskhodniki__vozdushnye-filtry__gc.html
zapasnye-chasti-i-raskhodniki__vozdushnye-filtry__sotras;https://prokompressor.ru/catalog/zapasnye-chasti-i-raskhodniki/vozdushnye-filtry/sotras/;Воздушные фильтры Sotras;spare_parts;sotras;3930;plain/zapasnye-chasti-i-raskhodniki__vozdushnye-filtry__sotras.html;schema/zapasnye-chasti-i-raskhodniki__vozdushnye-filtry__sotras.html
